feature_row,record_id,original_id,member1_affinity_pred_value,member1_binary_logit,member1_binder_probability,member2_affinity_pred_value,member2_binary_logit,member2_binder_probability,affinity_pred_value,binder_probability,binary_logit,pIC50_equivalent,pEC50,fine_tuned_continuous_head_predicted_pEC50,lightgbm_predicted_pEC50,affinity_only_linear_predicted_pEC50,binder_logit_only_linear_predicted_pEC50,continuous_plus_binary_linear_predicted_pEC50,continuous_plus_binary_polynomial2_predicted_pEC50,mean_repr_384d_ridge_predicted_pEC50,mean_repr_plus_readouts_386d_ridge_predicted_pEC50,concat_repr_768d_ridge_predicted_pEC50,concat_repr_plus_member_readouts_772d_ridge_predicted_pEC50,mean_repr_384d_mlp32_fixed_predicted_pEC50,mean_repr_plus_readouts_386d_mlp32_fixed_predicted_pEC50,fine_tuned_dual_branch_activity_adapter_predicted_pEC50,direct_affinity_predicted_pEC50
0,nesso_001a415a300887efdfb3,OADMET-0006490,1.6755213737487793,-2.5057806968688965,0.0754539221525192,1.4455422163009644,-2.881176471710205,0.053091961890459,1.5605318546295166,0.064272940158844,-2.678185224533081,4.439468145370483,3.245,3.468722,3.4164313977716985,3.5912722959797385,3.7583941652136637,3.5406735971782743,3.4010679513858273,3.1048073768615723,3.104739515800902,2.7657055854797363,2.765654370223003,3.0339532,3.094624492577204,3.1629498,4.439468145370483
1,nesso_00da2b9925d8b4aa40fd,OADMET-0006287,1.2369621992111206,-1.8466545343399048,0.1362661719322204,1.1707271337509155,-1.845404267311096,0.1364133954048156,1.203844666481018,0.136339783668518,-1.846029281616211,4.796155333518982,4.055,4.3291106,4.7224498491663045,4.032535463836242,4.086409304897641,4.009887313696412,4.1539121123891665,4.025685787200928,4.025865526512387,4.196067810058594,4.196054290695966,4.030568,4.161458286378228,4.1006627,4.796155333518982
2,nesso_0300d85f4a683582004f,OADMET-0006598,0.6719702482223511,-1.483347773551941,0.1849222928285598,0.6872580647468567,-0.4836589097976684,0.3813884854316711,0.6796141862869263,0.2831553816795349,-0.928863286972046,5.320385813713074,5.905,5.1136403,5.292054909394602,4.681068997036976,4.4479332889625525,4.647933328158734,4.82690946153447,5.125736713409424,5.125083616366517,5.012564182281494,5.012508885260051,5.331373,5.201419649545854,5.052481,5.320385813713074
3,nesso_0315d6384d7bb86c18c1,OADMET-0006116,1.302466869354248,-1.5068669319152832,0.1814035773277282,1.3583613634109497,-1.820699691772461,0.1393499374389648,1.330414056777954,0.1603767573833465,-1.6554274559020996,4.669585943222046,4.485,4.1893353,4.323186741138224,3.8759545381068876,4.161539795784349,3.925304835980697,3.991363858661237,3.5974462032318115,3.5974145116045144,3.6687395572662354,3.668665053671898,3.3053007,3.233480574319372,3.9598713,4.669585943222046
4,nesso_03c7678d2f21e210de26,OADMET-0006107,1.0295138359069824,-1.7924962043762207,0.1427669525146484,1.1382148265838623,-1.2784230709075928,0.2178187519311905,1.0838643312454224,0.1802928447723388,-1.5143647193908691,4.916135668754578,2.965,4.767948,4.726647595805872,4.180964968919846,4.217143211964671,4.176443044876802,4.364211582289704,4.492584705352783,4.492758918996535,4.5618791580200195,4.561960750495759,4.648466,4.793459903173609,4.63469,4.916135668754578
5,nesso_0407e936a969abaf853f,OADMET-0006271,0.5213704705238342,0.0943731665611267,0.5235757827758789,0.9980204701423644,-0.9351898431777954,0.2818729877471924,0.7596954703330994,0.4027243852615356,-0.394126296043396,5.240304529666901,5.4,5.0263414,5.312557246095289,4.581999217526087,4.658713287911827,4.664238008371083,4.748178428024257,5.160489082336426,5.1598414478679215,5.196502685546875,5.196618756892885,5.4528255,5.1681479952114175,4.9301777,5.240304529666901
6,nesso_045110c3452a2d2f883c,OADMET-0006298,0.9557968974113464,-1.292222499847412,0.2154768854379654,1.153788447380066,-1.4446674585342407,0.1908235996961593,1.0547926425933838,0.2031502425670623,-1.3667203187942505,4.945207357406616,4.26,4.7586446,4.255610440313733,4.2169299989399205,4.275340956146491,4.228143063019916,4.41787870384819,4.556787014007568,4.556997078148896,4.555047035217285,4.555002248342359,4.557417,4.44155975900699,4.623181,4.945207357406616
7,nesso_046ef59bfb801f7b1ca3,OADMET-0006274,1.130589723587036,-1.958621621131897,0.1236163005232811,1.2112842798233032,-2.3084726333618164,0.0904236882925033,1.1709370613098145,0.1070199906826019,-2.1215484142303467,4.8290629386901855,4.5600000000000005,4.7075267,4.860527272102564,4.073245964765058,3.9778065273301895,3.993783106325296,4.111347741509131,4.18117618560791,4.1811838204345335,4.252498626708984,4.252490631602035,4.114186,4.315718196623975,4.3854175,4.8290629386901855
8,nesso_049a1179c252552f9913,OADMET-0006175,0.9235758781433104,-2.341630220413208,0.0877333506941795,0.8138100504875183,-1.5584850311279297,0.1738641411066055,0.8686929941177368,0.1307987421751022,-1.8939149379730225,5.131307005882263,2.935,3.9271138,4.067654768274469,4.447156716220153,4.067533972224198,4.3108750013797685,4.432385484810064,3.816410779953003,3.816602048950841,3.8680498600006104,3.868158483951058,3.8738594,3.571657802900911,3.7460384,5.131307005882263
9,nesso_05748b54fc50fd41c866,OADMET-0006462,1.3100626468658447,-0.9907283782958984,0.2707682251930237,0.9497617483139038,-0.5593628883361816,0.3636948764324188,1.1299121379852295,0.31723153591156,-0.7665238976478577,4.8700878620147705,5.550000000000001,4.73928,5.472609295165658,4.123998523950727,4.511923431577811,4.260059131049976,4.265159806993491,4.707818508148193,4.70807558696075,4.613080978393555,4.613244608152015,4.8708982,4.232296134708133,4.667977,4.8700878620147705
10,nesso_05d9d92a4b7dace3c9a9,OADMET-0006570,1.0067514181137085,-1.4208357334136963,0.1945306062698364,1.2222211360931396,-1.5665018558502195,0.1727156490087509,1.1144862174987793,0.1836231350898742,-1.491990566253662,4.885513782501221,4.84,4.391849,5.408739969454951,4.143082165772254,4.225962545683405,4.1519770909882245,4.328559889893679,4.225319862365723,4.22550866168788,4.410343170166016,4.4104310861551514,4.586377,4.5414179485789585,4.179882,4.885513782501221
11,nesso_064aff960d1429cf1cb1,OADMET-0006353,0.3586551547050476,-1.082910418510437,0.2529556453227997,1.0244499444961548,-0.7915933728218079,0.3118266463279724,0.6915525197982788,0.2823911309242248,-0.9326316118240356,5.308447480201721,3.29,4.6177335,3.849638733683294,4.666299902325467,4.446447909193026,4.636289065128721,4.818358746452208,4.467252254486084,4.467921813997468,4.551413059234619,4.551374312519915,4.8247924,4.373360495781636,4.520772,5.308447480201721
12,nesso_074db32cef3a76f62d6e,OADMET-0006265,0.5045590400695801,0.4619724750518799,0.6134819984436035,0.4441162347793579,-0.3872097730636596,0.4043891727924347,0.474337637424469,0.5089355707168579,0.0357461161911487,5.525662362575531,5.39,5.231027,5.473115479924887,4.935019750659186,4.828158282621778,4.9998538747255195,4.963166629492108,5.41511344909668,5.414908638068761,5.335837364196777,5.335788089310672,5.469214,5.055277105506379,5.1898494,5.525662362575531
13,nesso_08805a9c0193da3f4b4e,OADMET-0006252,0.409088522195816,-0.5471740365028381,0.3665202856063843,0.6759418845176697,-0.619615912437439,0.3498688042163849,0.542515218257904,0.3581945300102234,-0.5832090377807617,5.457484781742096,4.69,5.2210917,4.422048225741064,4.850676224188509,4.584181582081053,4.832633574241175,4.946988878627017,5.319701671600342,5.3204251705119034,5.246391773223877,5.246152421793983,5.4156013,5.076775168178094,5.1898093,5.457484781742096
14,nesso_092c1ebe34249daccff3,OADMET-0006354,0.7849489450454712,-2.0162928104400635,0.117502860724926,1.1110678911209106,-1.6296659708023071,0.1638761311769485,0.9480084180831908,0.1406894922256469,-1.809575080871582,5.051991581916809,5.705,4.778357,4.931161660033247,4.34903439391149,4.100778642581398,4.251953060091402,4.419819093074477,4.798727035522461,4.798939009337655,4.844419956207275,4.844519271512823,5.0759735,5.342876977579814,4.5981503,5.051991581916809
15,nesso_096af1b5a2b443ab0478,OADMET-0006284,0.611819326877594,-1.815774917602539,0.1399416178464889,0.967484414577484,-1.7333757877349854,0.1501562744379043,0.7896518707275391,0.1450489461421966,-1.773972988128662,5.210348129272461,6.08,4.784794,5.145004370752909,4.544939697097994,4.114812100520996,4.403984050778504,4.520433098479658,4.450940132141113,4.451530268595923,4.366705417633057,4.366720994270967,4.454587,4.5449849561281095,4.569965,5.210348129272461
16,nesso_09f018b19b4eb822a62b,OADMET-0006155,1.115125060081482,-1.5250699520111084,0.1787161529064178,0.9756274819374084,-1.2835218906402588,0.216951310634613,1.0453763008117676,0.1978337317705154,-1.3998889923095703,4.954623699188232,5.25,5.122501,5.173729534086474,4.22857909916621,4.2622666914382155,4.231234424393849,4.425834511025998,5.07885217666626,5.079302239700947,5.116692543029785,5.11654839553246,5.2722244,5.182440565725923,4.9950986,4.954623699188232
17,nesso_09f9b69314bc21bd2770,OADMET-0006593,1.0207501649856567,-1.526026964187622,0.1785757392644882,1.3015178442001345,-1.8904820680618288,0.1311895102262497,1.1611340045928955,0.1548826247453689,-1.696807861328125,4.8388659954071045,4.46,4.5435343,4.637377706266305,4.085373475943799,4.1452286709506785,4.074430409014195,4.23824669649767,4.137639999389648,4.137962544630727,4.0431599617004395,4.043013292310866,3.583362,3.9232699806207267,4.336419,4.8388659954071045
18,nesso_0a4623d7e4002962508a,OADMET-0006340,0.7896064519882202,-1.3701130151748655,0.2026015818119049,0.7382660508155823,-1.3216464519500732,0.2105444967746734,0.7639362812042236,0.2065730392932891,-1.3457075357437134,5.236063718795776,5.2,5.2198443,5.276547476831394,4.576752845630908,4.283623671695348,4.499899392890589,4.6882836827744505,5.2649006843566895,5.265008392073737,5.13751220703125,5.137461971898249,5.0912533,4.891114151812281,5.109949,5.236063718795776
19,nesso_0a579afb16a7193e99de,OADMET-0006234,0.7383410930633545,-0.985036313533783,0.2718936204910278,0.6145136952400208,-0.9834455847740172,0.2722086310386657,0.6764273643493652,0.2720511257648468,-0.9842408895492554,5.323572635650635,5.365,5.116092,4.725143334657924,4.685011463125714,4.426104817749505,4.641535902082444,4.820520964882152,5.016477584838867,5.0165653744958245,5.014573097229004,5.014562067810704,4.994173,4.82495901744115,5.0693364,5.323572635650635
20,nesso_0a661b03bc5f0dd789c7,OADMET-0006210,1.2435848712921145,-1.5586644411087036,0.1738383620977401,1.28077232837677,-1.668654441833496,0.1586036682128906,1.262178659439087,0.166221022605896,-1.6126500368118286,4.737821340560913,4.8100000000000005,4.7806582,5.006954924135432,3.9603695902594205,4.178401588598123,3.9954401256917054,4.105302438426138,4.668845176696777,4.6690443828072095,4.7159833908081055,4.715897877341121,4.6644163,4.809115822735053,4.5827775,4.737821340560913
21,nesso_0a6abdfd95a525adb3d0,OADMET-0006380,1.0572500228881836,-1.1821539402008057,0.2346651256084442,1.1839433908462524,-2.26675796508789,0.0939137265086174,1.1205966472625732,0.1642894297838211,-1.6266525983810425,4.879403352737427,4.845000000000001,4.300858,4.484040938609189,4.13552285979176,4.172882127698812,4.123639552154243,4.301409099597645,3.732349395751953,3.730884992022971,3.5943710803985596,3.5944308586331664,3.6286886,3.73681680742717,4.042369,4.879403352737427
22,nesso_0b8fba517d4efc86fcee,OADMET-0006128,0.3723914921283722,-0.2134940028190612,0.4468283057212829,0.7622266411781311,-0.6857715845108032,0.3349743783473968,0.5673090815544128,0.3909013271331787,-0.443525105714798,5.432690918445587,5.335,5.0999284,5.131507513961553,4.820003357247564,4.639241507901713,4.833319305105086,4.935258691990064,5.09113073348999,5.091226116616418,5.243597984313965,5.24366623151329,5.4560776,5.3575521890486115,5.010198,5.432690918445587
23,nesso_0c69d97793cbf5c8bcf0,OADMET-0006552,0.8663589954376221,-1.683538794517517,0.1566274464130401,0.9738784432411194,-1.6549029350280762,0.1604474037885666,0.9201186895370485,0.1585374176502227,-1.669150948524475,5.079881310462952,5.41,4.97231,5.026084806850448,4.383537203033429,4.156130336910929,4.30134585983187,4.48838344631562,4.805739402770996,4.8061383011528855,4.675944805145264,4.675881449363352,4.47979,4.590744202032327,4.7445264,5.079881310462952
24,nesso_0cabed3babfb0934282c,OADMET-0006150,1.2070527076721191,-1.958398461341858,0.1236404627561569,1.203363060951233,-1.1117157936096191,0.2475511729717254,1.2052078247070312,0.1855958104133606,-1.478885531425476,4.794792175292969,4.68,4.6234417,4.519468786849631,4.0308490799764165,4.231128223903118,4.070527372157466,4.201661403477756,4.549387454986572,4.549363233422616,4.865783214569092,4.865724070231458,5.1740084,5.2639704462275825,4.460857,4.794792175292969
25,nesso_0cbf6a6091531c1f4dd3,OADMET-0006456,0.7358471155166626,-0.4704339802265167,0.3845135271549225,0.7240431308746338,-0.5139639973640442,0.3742647171020508,0.7299451231956482,0.3793891072273254,-0.4921419024467468,5.270054876804352,5.98,5.259136,5.503230819069445,4.618803826323073,4.62007797790862,4.675147809607578,4.793759237943424,5.338192939758301,5.3381423468456894,5.437168121337891,5.437247868394685,5.794411,5.51025153859172,5.248768,5.270054876804352
26,nesso_0cc89f6304de25407552,OADMET-0006153,0.7848322987556458,-1.7814732789993286,0.144121304154396,0.7329757213592529,-1.362603783607483,0.2038174569606781,0.758903980255127,0.1739693880081176,-1.55775249004364,5.241096019744873,4.9,5.1492057,4.890291429017967,4.582978381989341,4.200040833771757,4.468791088137075,4.622206461635507,5.393218040466309,5.393599721424987,5.512514114379883,5.512593118259558,5.6846557,5.5545115524685045,5.037797,5.241096019744873
27,nesso_0e377b4afaab8bd4d425,OADMET-0006421,0.7018716335296631,0.6076492071151733,0.6474043726921082,0.7102078795433044,0.2129546403884887,0.5530384182929993,0.7060397863388062,0.6002213954925537,0.4063876867294311,5.293960213661194,4.5600000000000005,4.7817154,5.0735571683457845,4.648377483635752,4.974255955260701,4.848676080573696,4.5656063687889095,4.666926860809326,4.667262294111319,4.761743068695068,4.761687018080821,5.5891104,5.33285248424465,4.6945224,5.293960213661194
28,nesso_0f15f266d394b9932bf3,OADMET-0006202,1.1192865371704102,-0.6202936172485352,0.3497146666049957,0.9744100570678712,-0.3739525377750397,0.4075863063335418,1.0468482971191406,0.3786504864692688,-0.4952801465988159,4.953151702880859,6.0600000000000005,4.9526763,5.624489161575636,4.226758070053737,4.618840960252657,4.382385845035542,4.343885291793306,4.95945930480957,4.9596205270923335,5.016416549682617,5.016890870526068,4.8941555,4.181491075675708,4.882526,4.953151702880859
29,nesso_0f4af6892b66fe1318ba,OADMET-0006411,0.805813193321228,-0.2521748542785644,0.4372882843017578,0.438876062631607,-0.2848288714885711,0.4292702972888946,0.6223446130752563,0.433279275894165,-0.2684841156005859,5.377655386924744,6.62,4.93829,5.50569577779133,4.751918060689496,4.708238305090326,4.812078500586022,4.877586716226255,5.084353923797607,5.084194418694302,4.8543596267700195,4.854539797776001,5.261238,5.104345271392878,4.9043093,5.377655386924744
30,nesso_0f9df6821be230db4720,OADMET-0006243,0.8394548892974854,-1.4315388202667236,0.1928590387105941,0.9893394112586976,-1.1127963066101074,0.2473499327898025,0.914397120475769,0.2201044857501983,-1.2650575637817385,5.085602879524231,5.885,4.9999404,5.574666738091255,4.390615443500083,4.315413881263386,4.374748485863626,4.5865833293397795,5.065752983093262,5.066098468302062,5.324651718139648,5.32464168826492,5.8278985,5.783377438509063,4.9137673,5.085602879524231
31,nesso_106da42d808d2ed2c428,OADMET-0006306,0.6864928007125854,-0.8550848960876465,0.298367291688919,0.640246570110321,-0.4228293299674988,0.3958399295806885,0.6633696556091309,0.3471035957336426,-0.6317952275276184,5.336630344390869,5.24,4.972048,4.846435234775781,4.701165354028195,4.5650301165989156,4.712996227378835,4.861530701124046,4.9463210105896,4.946453440765755,4.956437110900879,4.956339580762954,5.402216,5.071616714747697,4.936423,5.336630344390869
32,nesso_10c163ada5549c27147e,OADMET-0006345,1.1656997203826904,-1.4760249853134155,0.1860285699367523,1.4072844982147217,-1.022472858428955,0.2645460069179535,1.286492109298706,0.2252872884273529,-1.2351157665252686,4.713507890701294,4.37,4.2323227,4.031429823714246,3.930291050118222,4.327216191747458,4.0366682747795775,4.056811961372678,3.8751401901245117,3.875406867222182,3.9775874614715576,3.9776394419713443,3.963612,3.4606892446019493,4.0636125,4.713507890701294
33,nesso_1121edf9b89298974507,OADMET-0006368,0.5262485146522522,0.8098713159561157,0.6920821070671082,0.3623110353946686,0.6847449541091919,0.6647968888282776,0.4442797899246216,0.6784394979476929,0.7466095685958862,5.555720210075378,5.79,5.105691,5.496139256970183,4.972204772850699,5.108362944526196,5.147416891446584,4.765510018701495,4.812158584594727,4.812011966978659,5.182854652404785,5.182928952052116,4.834219,4.680046478571467,5.0683684,5.555720210075378
34,nesso_11f803293dd9b6e3a583,OADMET-0006530,1.0908912420272827,-1.1706950664520264,0.2367293834686279,1.2357347011566162,-1.4316471815109253,0.1928421705961227,1.163312911987305,0.2147857844829559,-1.296315312385559,4.836687088012695,5.445,4.890921,5.309392043407279,4.082677916329467,4.303092855544877,4.139940526972838,4.270004923803764,4.77927303314209,4.779519038496255,4.8101677894592285,4.810210075382311,4.9580507,4.7702192405637955,4.7664638,4.836687088012695
35,nesso_12dbb2402da733a32948,OADMET-0006095,1.1776193380355835,-1.173281192779541,0.2362623959779739,1.2260512113571167,-2.037348747253418,0.1153369769454002,1.20183527469635,0.1757996827363968,-1.545068383216858,4.79816472530365,4.16,4.714613,4.869334365685162,4.035021313100887,4.205040592660662,4.062479548833846,4.202236285032903,4.213640213012695,4.213029750568603,4.419502258300781,4.419583067816329,3.9636526,4.046161191234597,4.51142,4.79816472530365
36,nesso_12ffbd5c289acfbf42fe,OADMET-0006588,0.8131390810012817,-0.2314529418945312,0.4423937201499939,0.4046030342578888,-0.5211448073387146,0.372584581375122,0.6088710427284241,0.407489150762558,-0.3743548691272735,5.391128957271576,6.17,5.14356,5.309518878592637,4.768586420336621,4.66650669180066,4.806654333719642,4.899983744621055,5.182236194610596,5.182026734150341,5.101413726806641,5.101603343440667,5.10332,4.972779685899865,5.106499,5.391128957271576
37,nesso_137aa157ef8e80e7c627,OADMET-0006131,-0.0987358540296554,2.0283632278442383,0.8837429881095886,0.4426167011260986,0.4289743900299072,0.6056287288665771,0.171940416097641,0.7446858882904053,1.0704679489135742,5.828059583902359,5.495,4.9484425,5.182141899258153,5.309119971433381,5.236019849174831,5.453154758456661,4.884891517387868,4.997896194458008,4.998570993341681,5.0337090492248535,5.033719628982397,4.7714224,4.299815432134855,4.9261713,5.828059583902359
38,nesso_14080ecb89a852cd00e0,OADMET-0006295,0.9148580431938172,-2.4781198501586914,0.0774063616991043,1.3634390830993652,-1.4791014194488523,0.1855631917715072,1.1391485929489136,0.1314847767353058,-1.8878941535949707,4.860851407051086,4.475,3.9688385,4.391052983687998,4.112571964454168,4.0699072154192795,4.062488888454904,4.220639212739959,3.5789692401885986,3.5786711584248727,3.615556240081787,3.6157133357366846,3.3699522,3.132533426751766,3.7622986,4.860851407051086
39,nesso_142863e104557b32d429,OADMET-0006144,1.1205530166625977,-1.7127468585968018,0.1528077870607376,0.9682106971740724,-1.4912879467010498,0.1837285012006759,1.044381856918335,0.1682681441307068,-1.5979512929916382,4.955618143081665,4.890000000000001,4.738128,4.981901446652776,4.229809340894122,4.184195467195515,4.198759950057049,4.394611965686681,4.4971022605896,4.497317235664581,4.574038982391357,4.574004143727512,4.5280886,4.630338628230798,4.5678544,4.955618143081665
40,nesso_142cf3ce9125b1523990,OADMET-0006334,1.0764926671981812,-1.9858015775680544,0.1207017451524734,1.201776146888733,-2.125730514526367,0.1066209971904754,1.139134407043457,0.1136613711714744,-2.05387544631958,4.860865592956543,4.91,4.556597,4.98753158720624,4.112589514054458,4.004481525220935,4.034519033485425,4.167959143864151,4.243521690368652,4.243429661616789,4.214956283569336,4.214953185579732,4.258232,4.210795608920367,4.2992024,4.860865592956543
41,nesso_14731e5253c5bb65f035,OADMET-0006319,0.5500971078872681,0.9756931066513062,0.7262528538703918,0.8411601185798645,-0.9944831132888794,0.2700274884700775,0.6956286430358887,0.4981401562690735,-0.0074393819086253,5.304371356964111,5.705,4.845573,5.020581865279412,4.661257268016851,4.811135635229672,4.788509256392591,4.741175041647333,4.6723175048828125,4.671990334770777,4.599148273468018,4.599007838004468,5.0218825,4.716504055143806,4.7499027,5.304371356964111
42,nesso_155c405054d64d9216c8,OADMET-0006422,1.4645171165466309,-2.12919282913208,0.1062916442751884,1.7494736909866333,-1.7381187677383425,0.149552047252655,1.6069953441619873,0.127921849489212,-1.919459581375122,4.393004655838013,4.075,3.2639112,3.46209271874642,3.5337916034794246,4.057464910235232,3.625741442551282,3.451876640535022,2.7710189819335938,2.7709650815937925,2.933173656463623,2.9331830363471485,2.3511825,3.1535703361162994,3.0659735,4.393004655838013
43,nesso_15b6dded05ec8cbc0878,OADMET-0006218,1.1325693130493164,-1.245686411857605,0.2234477400779724,1.2714887857437134,-2.2910451889038086,0.0918673127889633,1.20202898979187,0.1576575338840484,-1.675761580467224,4.79797101020813,5.165,4.527241,4.035997404260433,4.034781665197764,4.153524590501789,4.04026722953667,4.187158237634447,4.226801872253418,4.225730669996554,4.168022632598877,4.168045747944658,4.2901645,4.448646820540539,4.256414,4.79797101020813
44,nesso_15edf73b6df70d07c7a7,OADMET-0006363,1.2333383560180664,-2.348182678222656,0.087210327386856,1.61638343334198,-2.1490020751953125,0.1044245064258575,1.424860954284668,0.0958174169063568,-2.244586706161499,4.575139045715332,3.445,3.535703,3.3905986734555844,3.759112838789445,3.9293078981275777,3.738883551861137,3.7475865528004295,2.8643088340759277,2.864495972569613,3.045067071914673,3.0451197267304373,2.959476,3.168826630101632,3.260357,4.575139045715332
45,nesso_1646c9864138816ee2e4,OADMET-0004674,1.3215069770812988,-1.9344632625579836,0.1262573897838592,1.3364838361740112,-1.483121395111084,0.1849564164876938,1.3289954662322998,0.1556068956851959,-1.691285252571106,4.6710045337677,4.995,4.298797,5.066415242874598,3.877709498135915,4.147405545727904,3.9205676936127,3.991602812515064,3.950361728668213,3.9506561140790577,4.32568883895874,4.325736812732087,3.9851885,4.270375598714633,4.0948825,4.6710045337677
46,nesso_166ecde3dbe51dde690a,OADMET-0006137,0.6172058582305908,0.128753125667572,0.5321438908576965,0.5346682667732239,-0.499103844165802,0.3777512907981872,0.575937032699585,0.4549475908279419,-0.1806996911764145,5.424062967300415,5.675,5.069842,5.193526918343173,4.809329587118078,4.742840738065378,4.869672997759986,4.909205848647173,5.0236382484436035,5.023472095860952,4.935979843139648,4.936092287583888,4.8170443,4.514279564522717,5.0186524,5.424062967300415
47,nesso_174db7204ad7898f3b58,OADMET-0006568,0.9693081378936768,-1.5978556871414185,0.1682815253734588,1.084884762763977,-2.094167232513428,0.1096650287508964,1.0270965099334717,0.1389732807874679,-1.8238438367843628,4.972903490066528,5.105,5.084464,4.743660620147574,4.251193307634368,4.095154254504036,4.17661623814641,4.351551955731642,4.761743545532227,4.761579300012427,4.941021919250488,4.941076255364846,4.7365203,5.097418592382104,4.912426,4.972903490066528
48,nesso_177b14517d3f101175f3,OADMET-0006195,0.7399169206619263,-1.349141240119934,0.2060108035802841,0.2183791100978851,-1.3121813535690308,0.2121220678091049,0.4791480302810669,0.2090664356946945,-1.330561876296997,5.520851969718933,6.05,5.3723264,5.209386122871591,4.929068740191008,4.2895937132978945,4.7650708590753785,4.769046820786768,5.203965187072754,5.204166814672938,5.418706893920898,5.418619534556784,6.010886,5.4537079026618756,5.239034,5.520851969718933
49,nesso_17bce95f3fc549a89a48,OADMET-0006264,0.9218822121620178,-1.112574338912964,0.2473912537097931,1.126420259475708,-1.428753137588501,0.193293035030365,1.0241512060165403,0.220342144370079,-1.2636736631393433,4.97584879398346,4.275,4.906599,5.031892653660995,4.254836988091275,4.315959380416985,4.273771853071279,4.464533653402372,4.557310581207275,4.557377157415054,4.693153381347656,4.693191048076427,4.508267,4.4517389201404685,4.735729,4.97584879398346
50,nesso_19300a1d15e7b9d1c58f,OADMET-0006147,0.5728664994239807,-1.044533133506775,0.2602762877941131,0.9426588416099548,-1.242614984512329,0.2239811420440673,0.7577626705169678,0.2421287149190902,-1.1410441398620603,5.242237329483032,4.6,5.007709,4.9110538737329055,4.584390313696728,4.364296883200638,4.5400967874784515,4.739230384166531,4.7642693519592285,4.764580134274955,4.831037521362305,4.831001006446088,4.8392878,5.00336344125803,4.9291015,5.242237329483032
51,nesso_1a8abb89532b14dc36c8,OADMET-0006129,1.072538137435913,-1.7828692197799685,0.1439492106437683,0.950174868106842,-0.7484563589096069,0.3211577236652374,1.0113564729690552,0.2325534671545028,-1.1939486265182495,4.988643527030945,5.44,4.685859,5.507305315499675,4.270665547748037,4.343443252666424,4.297325548416128,4.484539701996235,4.6207356452941895,4.620326207019585,4.742903709411621,4.7430455800027085,4.735388,4.7966226034416515,4.545594,4.988643527030945
52,nesso_1aacf4655721711ceded,OADMET-0006346,0.6192030906677246,0.9171502590179444,0.714461088180542,0.9711337685585022,-0.9713879227638244,0.2746039628982544,0.795168399810791,0.4945325255393982,-0.0218707583844661,5.204831600189209,5.625,5.156499,5.371192677824926,4.538115114719568,4.805447146178013,4.694285475063128,4.606498661170598,5.331690788269043,5.331360654407737,5.289612293243408,5.289543212815211,5.4626327,5.273282145917764,5.0837026,5.204831600189209
53,nesso_1ab1aa1728e6bd4ef8e5,OADMET-0006517,0.4960896968841553,-2.005638599395752,0.1186121776700019,0.696435809135437,-1.2309715747833252,0.2260114401578903,0.5962627530097961,0.1723118126392364,-1.569330811500549,5.403737246990204,4.244999999999999,4.586992,4.899378476236427,4.784184328103854,4.195476947925216,4.616819016033515,4.65772251227385,4.628177165985107,4.628161879739264,4.506998538970947,4.507126090361914,5.1173925,4.827255909645906,4.415262,5.403737246990204
54,nesso_1af2b7feb10cf38aaaa7,OADMET-0006256,0.9593878984451294,-1.2936110496520996,0.2152422368526458,1.0961359739303589,-1.364714503288269,0.203475147485733,1.027761936187744,0.2093586921691894,-1.3287954330444336,4.972238063812256,3.735,4.7649517,3.841693288538459,4.250370098652685,4.290290001217443,4.259463272949213,4.454689478323926,4.651543617248535,4.651881313516388,4.780077934265137,4.780060490861039,5.1362762,5.169024338180137,4.672232,4.972238063812256
55,nesso_1b90ba20cbe83a4a50c0,OADMET-0006407,1.2782281637191772,-2.418687343597412,0.0817587524652481,1.3445745706558228,-2.73785400390625,0.0607762895524501,1.3114013671875,0.0712675228714943,-2.567379951477051,4.6885986328125,3.855,3.937145,4.198522769996371,3.899475426764832,3.8020708431591412,3.7890905275661764,3.776198976031679,3.753352403640747,3.753573643841998,3.698225498199463,3.698165598166692,3.7130902,3.678451894447727,3.6718729,4.6885986328125
56,nesso_1d09115f00dc843ea99e,OADMET-0006440,0.958505928516388,1.2141754627227783,0.7710369229316711,1.0333157777786257,-0.4665138125419616,0.3854416906833648,0.9959108829498292,0.5782393217086792,0.3155498206615448,5.004089117050171,5.165,5.081917,4.684040653710721,4.289773523048958,4.938449931665639,4.566056440544207,4.070240187250338,4.664762496948242,4.665126535039344,4.732657432556152,4.732801588449059,4.559275,3.6044238416447425,5.007875,5.004089117050171
57,nesso_1d6edb9d4ba7856d394d,OADMET-0006458,0.8371468186378479,-1.5148463249206543,0.180221676826477,0.7221342325210571,-0.7118024826049805,0.3292006850242615,0.7796405553817749,0.2547111809253692,-1.0736415386199951,5.220359444618225,1.945,4.774803,4.322427271385833,4.557324848207047,4.390865309286719,4.531285518533457,4.7337392890378895,4.525280475616455,4.5251353063192585,4.398242473602295,4.398189314693115,4.6082,4.515278990964727,4.695844,5.220359444618225
58,nesso_1df9ec1d45b44b372422,OADMET-0006589,1.155083179473877,-1.3917639255523682,0.1991263031959533,1.2946069240570068,-0.6381430625915527,0.3456664383411407,1.224845051765442,0.2723963856697082,-0.9824981689453124,4.775154948234558,3.42,4.3317733,3.849137199552834,4.006555566478801,4.426791754792013,4.1361052598005,4.134579136013848,3.908839225769043,3.9096143270735553,4.041960716247559,4.041718629289258,3.6812773,3.5121200048911825,4.245559,4.775154948234558
59,nesso_1e91f726bbb50dc9747e,OADMET-0006207,0.3217298090457916,0.0913955569267273,0.522832989692688,1.0468789339065552,-0.9854599237442015,0.2718097567558288,0.6843043565750122,0.3973213732242584,-0.4166386723518371,5.315695643424988,5.27,5.1859107,5.028222023272616,4.6752667157443675,4.6498394700627985,4.729964690289581,4.8335528403428345,5.249894618988037,5.249464654452486,5.3348541259765625,5.335046396239532,5.191032,4.939733441242813,5.145119,5.315695643424988
60,nesso_1f17fd3c81f830d978e4,OADMET-0006149,0.370494544506073,0.6461904048919678,0.6561514735221863,0.6915799975395203,-0.6529474258422852,0.3423256576061249,0.5310372710227966,0.4992385506629944,-0.0030457819811999,5.468962728977203,4.66,4.994819,5.001341171019533,4.864875768006563,4.81286748285532,4.9410282348201084,4.921319537447519,5.092377662658691,5.091826175357472,5.121273517608643,5.1213288833244235,4.725996,4.932422435102617,4.9557557,5.468962728977203
61,nesso_1f2e928b19a86cc8ccd0,OADMET-0006369,0.7556997537612915,-1.6208261251449585,0.1650909781455993,1.2928612232208252,-2.407893419265747,0.082572765648365,1.0242805480957031,0.1238318681716919,-1.95663321018219,4.975719451904297,3.47,4.7529216,3.7933282369974366,4.254676977029804,4.0428119919336805,4.156825902116997,4.306965701156383,4.496555328369141,4.496059845562845,4.288394927978516,4.288361322727064,4.0871253,4.4782154321675485,4.462759,4.975719451904297
62,nesso_1fcf248be6291cb0f390,OADMET-0006562,1.0774152278900146,-1.307427167892456,0.2129177004098892,1.198165774345398,-1.3908793926239014,0.1992674171924591,1.1377904415130615,0.2060925662517547,-1.3486413955688477,4.8622095584869385,4.88,4.653563,4.949276144100347,4.114252154337421,4.282467217248863,4.154654421545888,4.307334789482693,4.252186298370361,4.252386744985154,4.406338691711426,4.406289994667656,4.0936537,4.11744612371021,4.484826,4.8622095584869385
63,nesso_1fd2cc10cbd203124e6d,OADMET-0006501,1.2043704986572266,-1.813247561454773,0.1402460783720016,1.0796289443969729,-2.9439191818237305,0.0500246919691562,1.1419997215270996,0.0951353833079338,-2.2524843215942383,4.8580002784729,4.27,4.320238,3.664353291485006,4.109044789747089,3.926194854891643,3.9983931278636917,4.085936005953579,3.8940694332122803,3.892887467035452,3.932359457015991,3.932281771932754,4.0940156,4.263593992348956,4.0011964,4.8580002784729
64,nesso_1ff2cf2036d6050c7230,OADMET-0006392,0.2962148487567901,-1.458511233329773,0.1886951327323913,0.5668527483940125,-0.6944719552993774,0.3330390155315399,0.4315338134765625,0.2608670592308044,-1.0414668321609497,5.5684661865234375,5.15,4.967152,4.952165038867963,4.987973014973692,4.40354777694592,4.857717198183021,4.883509727322823,4.781607627868652,4.7823154887671695,4.886105060577393,4.8860092563942965,5.1942277,4.627653889403342,4.909329,5.5684661865234375
65,nesso_1ffd0d605e6e7c3e551e,OADMET-0006323,1.0364556312561035,-0.4423710107803345,0.3911761343479156,0.9114060997962952,-1.2425856590270996,0.2239862382411956,0.973930835723877,0.3075811862945556,-0.8114519119262695,5.026069164276123,5.484999999999999,4.7080083,5.046450087640404,4.316965375155856,4.494213927722559,4.396323141093378,4.523501066357057,4.329370975494385,4.329146419035823,4.545248985290527,4.54527181764349,4.781514,4.5207110616358275,4.617372,5.026069164276123
66,nesso_209bdab1cbdcc9064f02,OADMET-0006493,0.9498865008354188,-1.896917939186096,0.1304576992988586,0.6635816693305969,-1.671971559524536,0.1581614911556244,0.8067340850830078,0.1443095952272415,-1.7799477577209473,5.193265914916992,5.779999999999999,4.8964486,5.321505974755897,4.523807028835853,4.112456995208014,4.3872243613927,4.511094434705386,4.782170295715332,4.781837616411487,4.613705635070801,4.613815075138901,4.684029,4.612832368523882,4.7270617,5.193265914916992
67,nesso_20d8799e2ae6ebcb6598,OADMET-0006567,0.9085382223129272,0.0197133421897888,0.5049281716346741,1.015376329421997,-1.3014740943908691,0.2139170467853546,0.9619572758674622,0.3594226241111755,-0.5778710246086121,5.038042724132538,4.835,4.976353,5.249353727350318,4.331778048916825,4.586285693877887,4.446744196297729,4.505433641183813,4.639254093170166,4.638525365468885,4.84230375289917,4.842510734985776,4.766287,4.711851450463871,4.849417,5.038042724132538
68,nesso_20e99ce26652640fb6a4,OADMET-0006106,0.5530949831008911,-0.2654909789562225,0.4340144097805023,0.6882579922676086,-0.7566077709197998,0.3193832039833069,0.6206765174865723,0.3766987919807434,-0.5035839676856995,5.379323482513428,5.2,5.232481,5.20251319660252,4.753981687217746,4.615567800868398,4.773981041135569,4.895741643674965,5.281960964202881,5.2816519263060675,5.305902481079102,5.305960738621538,5.2868786,4.969163571885935,5.201272,5.379323482513428
69,nesso_2141cd6e1227032cd218,OADMET-0006199,0.680402398109436,-1.1221555471420288,0.2456116676330566,0.5738360285758972,-1.429197072982788,0.1932238191366195,0.6271191835403442,0.2194177508354187,-1.2690627574920654,5.372880816459656,5.630000000000001,5.369951,5.542970665835819,4.746011366648942,4.313835133691447,4.638987161215923,4.773515932718747,5.488920211791992,5.488975958064788,5.250216960906982,5.250316701772997,5.512952,4.972680497900258,5.2820835,5.372880816459656
70,nesso_21491ce754705bd51d68,OADMET-0006551,1.0518933534622192,-1.1574375629425049,0.2391331940889358,1.1955384016036987,-1.1773322820663452,0.235532209277153,1.123715877532959,0.2373327016830444,-1.1673589944839478,4.876284122467041,5.15,4.942865,5.016041295547581,4.131664012386758,4.353924223138503,4.19819587265559,4.328062149968032,4.617563247680664,4.617739125825027,4.694387435913086,4.6944241679297205,4.642658,4.691301748972185,4.8465323,4.876284122467041
71,nesso_2153e200d1aaeffa8b12,OADMET-0006329,0.7571665048599243,0.0666866898536682,0.516665518283844,0.8347199559211731,-0.4923158288002014,0.3793481588363647,0.7959432601928711,0.4480068385601043,-0.2087270766496658,5.204056739807129,5.779999999999999,4.9940295,5.060733104570687,4.5371565231070745,4.7317930410090305,4.662068660037635,4.662521207504859,4.989195823669434,4.989511890693261,5.149838447570801,5.1499669525368486,5.07552,4.831974207586547,4.942982,5.204056739807129
72,nesso_21e0c0f8908e47a8e7f3,OADMET-0006235,1.17839777469635,-1.680232286453247,0.1570647209882736,0.7929622530937195,-1.4406328201293943,0.1914473623037338,0.9856799840927124,0.1742560416460037,-1.555759072303772,5.014320015907288,5.0600000000000005,4.7990713,4.952312507672133,4.302430324273429,4.200826589379173,4.2600052222578935,4.463582929056266,4.515160083770752,4.515299633844645,4.645954608917236,4.6458870354037565,4.5310116,4.525370763005928,4.586326,5.014320015907288
73,nesso_2240069de3c62e9c8f66,OADMET-0006464,0.6533026695251465,-1.2790509462356567,0.2177118211984634,1.111916184425354,-1.26688814163208,0.2197904139757156,0.8826094269752502,0.2187511175870895,-1.2729591131210327,5.11739057302475,4.405,4.694227,3.975506844263832,4.429940484597581,4.3122992873795,4.402729440585581,4.615486329779925,4.318350315093994,4.318566726358651,4.401627063751221,4.401645850541186,4.3382654,4.36279322368459,4.5196323,5.11739057302475
74,nesso_2340a7d126778226154a,OADMET-0006497,1.2289565801620483,-2.424952745437622,0.0812896117568016,0.9435782432556152,-1.8378283977508545,0.1373083293437957,1.0862674713134766,0.1092989742755889,-2.097921848297119,4.913732528686523,3.25,4.1518416,3.745007537461241,4.177992007640421,3.987119530969478,4.075844559433985,4.1999296707909135,4.065227508544922,4.065043918299649,4.111788272857666,4.1119078117189645,4.009426,4.189446708623092,3.8612678,4.913732528686523
75,nesso_2363087086168658b4ed,OADMET-0006428,1.3359193801879885,-2.31592059135437,0.0898129791021347,1.2633239030838013,-2.7469921112060547,0.0602567493915557,1.29962158203125,0.0750348642468452,-2.511803150177002,4.70037841796875,3.79,3.9361012,3.576921756469769,3.9140483788848615,3.8239778335457317,3.809323022904853,3.8148873098084373,3.6422619819641113,3.642025677475975,3.5865964889526367,3.5865423496082616,3.656076,3.5642654445831585,3.6362543,4.70037841796875
76,nesso_236aa59f4c8016f6af2b,OADMET-0006485,0.6464730501174927,-1.5850306749343872,0.1700841933488845,0.9651315212249756,-1.968418002128601,0.122558906674385,0.8058022856712341,0.1463215500116348,-1.7637479305267334,5.194197714328766,4.675,3.9247322,5.188509102565916,4.524959772118786,4.118842563472227,4.390814765597764,4.518615907213437,3.6584455966949463,3.658161716702457,3.5348520278930664,3.534841700195183,3.6022787,3.790089019508565,3.7582703,5.194197714328766
77,nesso_243efb6aac989e186ce6,OADMET-0006489,1.2674039602279663,-1.8271050453186035,0.1385834962129593,1.1736137866973877,-1.7172884941101074,0.1522207558155059,1.2205088138580322,0.1454021334648132,-1.7711278200149536,4.779491186141968,5.385,4.659365,4.855326373322106,4.011919992617949,4.1159335949045746,4.007148142693032,4.1465877105254005,4.2858476638793945,4.286299651863375,4.459500312805176,4.459456398467969,4.136572,4.5003364790144245,4.3991303,4.779491186141968
78,nesso_24d1067b3acf54663b2e,OADMET-0006599,1.425861120223999,-2.5713114738464355,0.0710077434778213,1.418102145195007,-1.871206283569336,0.1334021985530853,1.4219815731048584,0.1022049710154533,-2.172961473464966,4.578018426895142,2.3600000000000003,4.163711,3.6290270717286255,3.762674965221472,3.9575407803269154,3.7536141417568682,3.769481204392757,3.9481613636016846,3.948360359676941,4.062282562255859,4.062237384371311,4.2430215,4.251846725746044,3.9725506,4.578018426895142
79,nesso_24e631746dfc3077a555,OADMET-0006127,0.8780537843704224,-1.3824827671051023,0.2006105482578277,1.2882879972457886,-1.863096117973328,0.1343425810337066,1.0831708908081057,0.1674765646457672,-1.603618025779724,4.916829109191895,3.835,4.751742,4.892363533159466,4.181822834675213,4.181961782316067,4.162035206546699,4.3502308648954,4.431468963623047,4.43141984577562,4.612959384918213,4.612963923498909,4.6660547,4.655471595424717,4.5861373,4.916829109191895
80,nesso_25214d797d35f74ef455,OADMET-0006171,1.0613913536071775,-1.8621519804000852,0.1344524174928665,1.2285231351852417,-1.3422293663024902,0.2071436792612075,1.1449573040008545,0.170798048377037,-1.579981803894043,4.8550426959991455,4.720000000000001,4.359549,4.850358968502851,4.105385919300017,4.191278592091237,4.109043596157608,4.277610355876812,4.028453350067139,4.028584945462122,4.121414661407471,4.121462478972396,4.18414,4.088117924465609,4.177943,4.8550426959991455
81,nesso_25776c875e84c2e95a4f,OADMET-0006170,1.0400195121765137,-1.8120825290679927,0.1403866112232208,1.4074550867080688,-1.8804620504379272,0.1323358118534088,1.2237372398376465,0.1363612115383148,-1.845847249031067,4.7762627601623535,4.74,4.3690004,3.966600268251556,4.007926057533402,4.086481057607396,3.9915740270875717,4.128014654613456,4.185985088348389,4.185681693107508,4.108996868133545,4.108980089246121,4.0536427,4.323214380814584,4.1249447,4.7762627601623535
82,nesso_25bac63fffb692c74dae,OADMET-0006379,1.2495532035827637,-1.974774718284607,0.1218769624829292,1.3703757524490356,-2.098428726196289,0.1092496290802955,1.3099644184112549,0.1155632957816124,-2.035132646560669,4.690035581588745,2.97,3.8103132,4.398433297454612,3.901253098041294,4.011869469912454,3.8801476680924294,3.968312928505601,3.338850975036621,3.338981517933323,3.5101218223571777,3.5100474030419266,3.356627,3.32205935308745,3.613631,4.690035581588745
83,nesso_2744dc0646a9694426bb,OADMET-0006339,0.5640279650688171,-1.528186559677124,0.1782591789960861,0.8820869326591492,-0.495920717716217,0.3784998059272766,0.7230574488639832,0.2783794999122619,-0.952514111995697,5.276942551136017,2.15,5.0827293,5.509509652916224,4.6273246734287135,4.4386107229942295,4.60388472410532,4.793278013623331,5.061039447784424,5.060644282328811,5.063769340515137,5.063861117143235,5.5789413,4.99383801142824,5.0582385,5.276942551136017
84,nesso_2853eb8a5d71409f2b1b,OADMET-0006600,1.257577419281006,-1.4159233570098877,0.1953014582395553,1.436236023902893,-1.5552103519439695,0.1743350028991699,1.346906661987305,0.1848182380199432,-1.484038233757019,4.653093338012695,3.99,4.0251083,3.6170435876109934,3.8555512843240387,4.229097157022665,3.938990811898792,3.963388979224707,3.710707426071167,3.710883978787203,3.7151966094970703,3.715049260097039,3.9856024,3.723476228758741,3.8502743,4.653093338012695
85,nesso_28d7b8f06a5a49faafda,OADMET-0006336,1.0130488872528076,-2.076357841491699,0.1114160418510437,1.199954867362976,-2.228279590606689,0.0972395613789558,1.106501817703247,0.1043277978897094,-2.150036573410034,4.893498182296753,1.805,4.165896,4.660349045088677,4.152959788698656,3.966577204758857,4.048399348385883,4.161032067375985,3.7687876224517822,3.768755541706974,3.732436180114746,3.7324626814518944,3.806312,3.9679049218842795,3.8417332,4.893498182296753
86,nesso_28ebb168f0fb352c0e3b,OADMET-0006503,0.3219937086105346,-0.7985070943832397,0.3103449642658233,0.7416931390762329,-0.7869123816490173,0.3128320276737213,0.5318434238433838,0.3115884959697723,-0.7927033305168152,5.468156576156616,5.6850000000000005,5.066811,5.332907376911363,4.8638784640404875,4.5016041513966725,4.8071557578231765,4.926962149393205,5.015644550323486,5.016241853229056,5.202602386474609,5.202523207287936,5.6159916,5.339204775748264,5.049937,5.468156576156616
87,nesso_291c5ace1a8c702ed723,OADMET-0006446,1.538217067718506,-2.25602650642395,0.0948309004306793,1.2589943408966064,-2.3289904594421387,0.0887502804398536,1.3986057043075562,0.0917905867099762,-2.291965246200561,4.601394295692444,4.315,4.2423177,3.4716574523568697,3.791593609511553,3.910632458071881,3.7551072912755292,3.773523122677841,4.001502990722656,4.001617404382875,3.6986117362976074,3.6985688169770556,3.6174462,3.6602605682452656,3.935339,4.601394295692444
88,nesso_2a3e086cf815e124072e,OADMET-0006373,0.9184582233428956,-1.114128828048706,0.2471019476652145,0.6916404962539673,-1.3531944751739502,0.2053486108779907,0.8050493597984314,0.2262252867221832,-1.2297494411468506,5.194950640201569,3.8,4.748355,4.504880551396676,4.525891228214864,4.32933146351061,4.481536366833597,4.687824617440806,4.363340854644775,4.36362930123857,4.083084583282471,4.083156075299897,3.780088,3.753557925350574,4.6127534,5.194950640201569
89,nesso_2aa968feda2ec3f0f829,OADMET-0006515,1.149885654449463,-1.959050178527832,0.1235698834061622,1.0418757200241089,-1.4390262365341189,0.1916961818933487,1.0958807468414309,0.1576330363750457,-1.6759459972381592,4.904119253158569,5.23,4.7127204,4.299090162247058,4.166099277668925,4.153451898005397,4.1381209495647475,4.321243813407905,4.4397501945495605,4.439537353615236,4.477208137512207,4.477185164733609,4.6589355,4.75086756620446,4.547513,4.904119253158569
90,nesso_2b2f97172d1a5cce8c05,OADMET-0006224,0.9031387567520142,-1.5040614604949951,0.1818205416202545,0.9921968579292296,0.9040597677230836,0.7117830514907837,0.9476678371429444,0.4468017816543579,-0.2136013507843017,5.052332162857056,2.6100000000000003,4.0288024,3.946349880144445,4.349455731794089,4.729871723586809,4.521333784684926,4.426649781099815,3.711881637573242,3.7109290539187816,2.9926514625549316,2.992586446111232,2.9848018,2.99103311076675,3.8449185,5.052332162857056
91,nesso_2bc53449c2db7fa1fa42,OADMET-0006183,0.3042846918106079,-1.7084169387817385,0.1533691585063934,1.3966046571731567,-1.811557054519653,0.140450045466423,0.8504446744918823,0.1469095945358276,-1.7590481042861938,5.149555325508118,3.3200000000000003,4.427012,4.065526128798421,4.4697319911212805,4.120695117880933,4.350440046904405,4.499663556677472,4.132993698120117,4.133184026355138,4.156406402587891,4.15637594805179,4.1195755,3.633505091679497,4.2279005,5.149555325508118
92,nesso_2c1077c709b90427f1d9,OADMET-0006247,0.7961532473564148,-1.2931578159332275,0.2153187841176986,0.5690953135490417,-1.170342206954956,0.2367931306362152,0.6826242804527283,0.2260559499263763,-1.2307169437408447,5.317375719547272,5.635,4.898002,5.211362676629842,4.677345163573703,4.328950098093208,4.594267782409866,4.762954654234861,4.799400329589844,4.799307997367892,4.6352996826171875,4.635269670466183,4.637492,4.2693232737645195,4.808437,5.317375719547272
93,nesso_2c9117847f9656f255ae,OADMET-0006361,0.4591009318828583,-0.974224090576172,0.2740393579006195,0.9816555380821228,-1.3556396961212158,0.2049498707056045,0.7203782200813293,0.2394946217536926,-1.1554522514343262,5.279621779918671,5.78,5.0516434,5.692851099815142,4.630639188273452,4.358617564594328,4.57214185539411,4.760914280825684,5.002633094787598,5.002981649939663,5.267154693603516,5.267077123307521,5.3002033,5.662159029919457,4.9580216,5.279621779918671
94,nesso_2c9bae8a981f19337eb8,OADMET-0006272,1.3059351444244385,-2.0792675018310547,0.1111283004283905,1.455107569694519,-2.337498664855957,0.0880645886063575,1.380521297454834,0.0995964407920837,-2.201716661453247,4.619478702545166,4.824999999999999,4.463398,4.903259942015302,3.81396610541773,3.9462062016522097,3.786998953298326,3.825249050405767,4.125412464141846,4.125189757857243,4.209616184234619,4.209652382392667,4.2300005,4.534599164331539,4.1496973,4.619478702545166
95,nesso_2ccf0d1cb33615b7dcef,OADMET-0006603,0.9069142937660216,-2.0840373039245605,0.1106580197811126,1.3232437372207642,-1.7054669857025146,0.1537525951862335,1.115079045295715,0.1322053074836731,-1.8815990686416624,4.884920954704285,2.275,4.2227707,3.3013822623107787,4.14234876945088,4.072388581066978,4.085745963241463,4.248412674564408,3.874119520187378,3.8743656562894673,3.849987268447876,3.8500168804924533,4.0728226,4.141100716970348,3.990451,4.884920954704285
96,nesso_2d9591670599eddf9692,OADMET-0006204,1.2448147535324097,-1.796067476272583,0.1423304378986358,1.2895361185073853,-2.139296770095825,0.1053356453776359,1.2671754360198977,0.1238330453634262,-1.9566223621368408,4.732824563980103,4.67,4.852386,5.403138143069083,3.9541880016395305,4.0428162679628805,3.9328417323521565,4.0456487000201315,4.809901714324951,4.809685396645639,5.023732662200928,5.02364310110252,5.236725,5.128259006833674,4.6577444,4.732824563980103
97,nesso_2e5d0e0864a479838b58,OADMET-0006119,0.8328948020935059,-1.269462823867798,0.2193492203950882,1.2301429510116575,-1.0836129188537598,0.2528229355812073,1.0315189361572266,0.2360860705375671,-1.1742587089538574,4.968481063842773,3.955,4.5505686,3.328264230896864,4.245722256612785,4.351204527599595,4.282052234372328,4.459322110560232,4.266668796539307,4.267125493166295,4.185674667358398,4.1856697750668985,4.3888016,4.123148385160373,4.4100556,4.968481063842773
98,nesso_2f77d72b10029fd83f2d,OADMET-0006543,0.9800630807876588,-1.699148178100586,0.1545765548944473,1.0671436786651611,-0.7896691560745239,0.3122397065162658,1.023603439331055,0.233408123254776,-1.1891660690307615,4.976396560668945,5.27,4.9839253,5.182100373835316,4.255514638623491,4.345328417671443,4.286838279997102,4.469167992819292,5.032826900482178,5.032479826515813,4.970965385437012,4.971036912709491,5.3599567,4.932159514903764,4.857763,4.976396560668945
99,nesso_2f85adebe7e56468aead,OADMET-0006399,1.023436427116394,-1.6717019081115725,0.1581974029541015,0.9545792937278748,-2.237718343734741,0.0964141339063644,0.989007830619812,0.1273057758808136,-1.9249933958053589,5.010992169380188,5.17,4.798727,5.1002228085740136,4.298313394511217,4.055283618460812,4.194686892888401,4.346264827651804,4.362819194793701,4.362345856945427,4.58017635345459,4.580225790980092,4.302803,4.541583328739019,4.510981,5.010992169380188
100,nesso_2ff5fb3844ca0788a66c,OADMET-0006091,1.1697105169296265,-1.608643651008606,0.1667770147323608,0.9432637095451356,-1.6285457611083984,0.1640296727418899,1.0564870834350586,0.1654033362865448,-1.618561625480652,4.943512916564941,4.94,5.012312,5.004552120379397,4.214833780296845,4.176071387631028,4.184122376986411,4.37722336419724,5.022904872894287,5.0230111311931545,5.150101661682129,5.150085789738212,5.2392015,5.319380378618873,4.868278,4.943512916564941
101,nesso_30ba8974ee74912a0512,OADMET-0006534,0.6787061095237732,0.0523557066917419,0.5130859017372131,1.011289119720459,-1.051302194595337,0.2589751183986664,0.8449976444244385,0.3860304951667785,-0.4640288949012756,5.1550023555755615,2.8200000000000003,4.390608,4.737756429904751,4.476470595205847,4.631159425052578,4.573791498275156,4.652013125894566,4.053838729858398,4.053541295111485,4.203025817871094,4.2029898662608645,4.3118973,4.180083713050412,4.3104386,5.1550023555755615
102,nesso_30d8dad7270362383249,OADMET-0006481,0.8172369599342346,-1.0218756198883057,0.2646622061729431,0.8137566447257996,-1.5708768367767334,0.1720914393663406,0.8154968023300171,0.2183768153190612,-1.2751506567001345,5.184503197669983,5.535,4.8065534,5.044633413168679,4.51296653750361,4.311435435502527,4.464248005087602,4.670778914724722,4.524652481079102,4.524217732057294,4.593385696411133,4.593357549455531,4.6085906,4.817937653173078,4.637379,5.184503197669983
103,nesso_327ecd8284fca639fdd2,OADMET-0006594,0.0151989422738552,0.910865306854248,0.7131771445274353,0.9426224827766418,-1.003154158592224,0.2683217525482178,0.4789107143878937,0.4907494485378265,-0.037006352096796,5.521089285612106,5.32,5.283332,5.359397496089633,4.929362327306788,4.799481072237175,4.983371398261912,4.970711781701161,5.233075141906738,5.23287648000103,5.289982318878174,5.290034064294065,5.13286,4.5881857018798735,5.257591,5.521089285612106
104,nesso_328af17adcdedda1a6b9,OADMET-0006105,1.083674073219299,-0.9407848119735718,0.2807418406009674,1.4411611557006836,-1.5163729190826416,0.1799962520599365,1.262417554855347,0.2303690463304519,-1.2062286138534546,4.737582445144653,5.905,4.65387,5.467436025641822,3.960074049091507,4.338602787612536,4.063738783754051,4.098035946366467,4.3537726402282715,4.353953878856424,4.302499294281006,4.302478444221915,4.8513236,4.490008706240601,4.502726,4.737582445144653
105,nesso_335a3c5c6bb4d4c20cd4,OADMET-0006358,0.7209984064102173,0.0007949471473693,0.5001987218856812,0.9492873549461364,-0.6483370065689087,0.343364417552948,0.8351428508758545,0.4217815697193146,-0.3154641389846802,5.1648571491241455,5.654999999999999,5.200622,5.368031687025753,4.488662110809176,4.689719950371048,4.60792578233841,4.634442834911002,5.091935634613037,5.092434446044911,5.178866386413574,5.178907978986473,5.0669966,4.607827820198518,5.1679544,5.1648571491241455
106,nesso_337c35ebdd5d26f55dfd,OADMET-0006327,1.324697971343994,-1.3166717290878296,0.2113725692033767,1.1093333959579468,-1.7368639707565308,0.1497117131948471,1.2170157432556152,0.1805421411991119,-1.5126787424087524,4.782984256744385,5.285,4.523817,4.9261530590332345,4.016241323607072,4.217807782085211,4.053941448784542,4.181818896582797,4.072896480560303,4.072928436949733,4.014549732208252,4.014545022086064,3.7024817,3.7962733950816223,4.3014054,4.782984256744385
107,nesso_33ad00c05a0884dc66b8,OADMET-0006263,1.245545744895935,-2.0204992294311523,0.1170673742890358,1.5889713764190674,-2.404634952545166,0.0828199386596679,1.4172585010528564,0.0999436527490615,-2.1978509426116943,4.582741498947144,4.545,4.126204,4.592691202998694,3.7685179497887047,3.9477299717058685,3.753773393784486,3.7710019649630206,3.706404209136963,3.7060941544255623,3.9250028133392334,3.925043325662416,3.9730783,4.063206124040888,3.8583572,4.582741498947144
108,nesso_3528af89bdfd0fd714f6,OADMET-0006197,1.264774203300476,-1.7867025136947632,0.1434774696826934,1.2806247472763062,-1.0442150831222534,0.2603375315666199,1.2726994752883911,0.2019075006246566,-1.3744148015975952,4.727300524711609,4.545,4.5633655,4.305231872120176,3.9473541282962445,4.272307982732051,4.025902628824102,4.092206802375747,4.388065814971924,4.387725118666854,4.518392562866211,4.518409668603213,5.038581,4.915131012299341,4.419565,4.727300524711609
109,nesso_35b4e105734790970155,OADMET-0006360,0.7542623281478882,-1.6114355325698853,0.1663893908262252,0.806649923324585,-0.7308246493339539,0.3250137865543365,0.7804561257362366,0.2457015812397003,-1.1216703653335571,5.219543874263763,5.475,4.7823267,4.989143837056664,4.556315893665989,4.371933542425708,4.522436215314128,4.725854856561586,4.557985305786133,4.557722447782211,4.686428546905518,4.686462598169268,4.8999124,4.835061823124318,4.6818376,5.219543874263763
110,nesso_3664d46ba4a2d8f4e43a,OADMET-0006365,1.039420485496521,-2.206857204437256,0.099136397242546,1.2504414319992063,-2.025209426879883,0.1165813952684402,1.1449309587478638,0.1078588962554931,-2.112800359725952,4.855069041252136,3.005,4.5086193,4.466522430324079,4.105418511414841,3.981254792459636,4.019239527389114,4.140632500646847,4.480365753173828,4.480285786182951,4.565865516662598,4.565946457141995,4.9071956,5.015526322815412,4.254682,4.855069041252136
111,nesso_36919b5b1e6c3971d1f4,OADMET-0006343,0.7173365354537964,-2.666126251220703,0.0650020018219947,1.0363894701004028,-1.7234020233154297,0.1514334827661514,0.8768630027770996,0.1082177460193634,-2.109076738357544,5.1231369972229,4.965,4.7839904,4.78843131961288,4.437049473733651,3.9827225512297137,4.267066688947869,4.320885720888189,4.789156436920166,4.790238161864072,4.894277572631836,4.894235760984194,5.1242647,5.220182067371585,4.615055,5.1231369972229
112,nesso_36b060cdcc4f233bbf5d,OADMET-0006133,0.7920966148376465,-1.2885833978652954,0.2160926759243011,0.8753824830055237,-0.9133533239364624,0.2863141298294067,0.8337395191192627,0.2512034177780151,-1.0922043323516846,5.166260480880737,4.895,4.899902,4.669313586480189,4.490398193957219,4.383548318486314,4.478268534501961,4.685127328667923,4.625166416168213,4.62555141906656,4.555710792541504,4.555793256114521,4.530267,4.240397847324764,4.778403,5.166260480880737
113,nesso_378cddcd2a6e2df84c8e,OADMET-0006296,0.7976135611534119,-0.5556257963180542,0.3645601570606231,0.550726592540741,-0.6021219491958618,0.3538583815097809,0.6741700768470764,0.359209269285202,-0.5787977576255798,5.325829923152924,5.890000000000001,5.260985,4.59159387041274,4.687803987968541,4.585920398811983,4.71197148916091,4.852333293939939,5.384668827056885,5.384951599193419,5.454733371734619,5.4546057272191755,5.634907,5.217773633249156,5.2271266,5.325829923152924
114,nesso_37fe0780506690a3597f,OADMET-0006596,1.393169641494751,-2.459299087524414,0.0787611752748489,1.6945996284484863,-2.404489517211914,0.0828309878706932,1.5438846349716189,0.0807960778474807,-2.43157958984375,4.456115365028381,4.89,4.0307593,4.948882561690623,3.6118668256581885,3.8555999622736956,3.5976003309217788,3.5065915737973192,3.597278118133545,3.597395254978126,3.4782464504241943,3.4782269474415686,2.8992124,3.1228598888659986,3.76765,4.456115365028381
115,nesso_38d9df1b5927616c5382,OADMET-0006311,1.2125790119171145,-1.6380252838134766,0.1627339422702789,1.3459173440933228,-2.0318522453308105,0.115898996591568,1.2792482376098633,0.1393164694309234,-1.8209788799285889,4.720751762390137,4.725,4.4855494,4.982700263163629,3.939252554414345,4.096283549116703,3.944577032187256,4.054914816498776,4.377854347229004,4.377647326927206,4.426563262939453,4.4264796410255824,4.4714775,4.408240707648111,4.2244134,4.720751762390137
116,nesso_397c96c7e0f9f4dcf7d9,OADMET-0006445,0.9803119897842408,-0.2039825022220611,0.4491804838180542,0.9987819790840148,-1.051209807395935,0.258992850780487,0.9895470142364502,0.3540866672992706,-0.6011236906051636,5.01045298576355,5.029999999999999,5.0232296,5.090149754845385,4.297646362224554,4.577120072277988,4.417382076766048,4.467140733452025,4.956578254699707,4.956434279640922,5.0315022468566895,5.031614961615168,4.983494,4.70199121214418,4.927594,5.01045298576355
117,nesso_39a188201963f290468a,OADMET-0006222,0.911868453025818,-1.775104522705078,0.1449086815118789,1.1539896726608276,-1.846672773361206,0.1362640261650085,1.0329290628433228,0.1405863463878631,-1.8104283809661863,4.967070937156677,3.665,4.123156,3.502997565860427,4.2439777673536785,4.100442292943921,4.173499461860252,4.350571477138381,3.6722195148468018,3.672268556090601,3.702707529067993,3.7026785625144507,3.3764825,3.4438387194242424,3.892988,4.967070937156677
118,nesso_3a8337c9aab667d615bc,OADMET-0006505,0.7946388721466064,-1.2296448945999146,0.2262435853481292,0.9985142350196838,-1.5443792343139648,0.1758995652198791,0.8965765237808228,0.2010715752840042,-1.3796104192733765,5.103423476219177,3.3200000000000003,4.6816545,4.546268346736632,4.412661575831114,4.270259999692127,4.371869214457468,4.583378817687179,4.38815975189209,4.388076471368917,4.4429192543029785,4.442925557546875,4.3519773,4.3333915988114935,4.531851,5.103423476219177
119,nesso_3b33706391f598d329b4,OADMET-0006511,1.0601885318756104,-1.8008934259414673,0.1417423486709594,1.099704623222351,-1.6991195678710938,0.1545802950859069,1.079946517944336,0.1481613218784332,-1.749095439910889,4.920053482055664,3.655,3.898428,4.274474132761497,4.185811755588248,4.124618210208856,4.140482399264802,4.321725519279518,3.421968936920166,3.4221552975346485,3.5039989948272705,3.503992783297306,3.56839,3.5215476914366035,3.7259395,4.920053482055664
120,nesso_3c3d2856c5c754f8b26d,OADMET-0006554,0.8682941198348999,-1.3346166610717771,0.2083967328071594,1.0782240629196167,-1.1974973678588867,0.2319207340478897,0.9732590913772584,0.2201587259769439,-1.2647416591644287,5.026740908622742,5.79,4.849441,5.316288088870488,4.317796400346072,4.315538402992823,4.320522062267503,4.524560764867794,4.7284345626831055,4.728721158273398,4.841608047485352,4.841690824742897,5.151547,5.120574064734913,4.71076,5.026740908622742
121,nesso_3c8233559d2763601a45,OADMET-0006547,0.9619287848472596,-0.9165899753570556,0.2856532335281372,1.1442677974700928,-1.2652971744537354,0.2200633734464645,1.0530983209609983,0.2528583109378814,-1.0834256410598757,4.9469016790390015,4.925000000000001,4.688805,4.407055098933796,4.219026070107362,4.387008659874049,4.27746639144808,4.42948712060556,4.40532112121582,4.405787820447425,4.589194297790527,4.589121404669023,4.8357196,4.895628155804025,4.6158094,4.9469016790390015
122,nesso_3c92f5d8fc501f8f0adb,OADMET-0006233,1.1938564777374268,-2.1203038692474365,0.1071389988064765,1.474053978919983,-1.9479429721832275,0.1247778311371803,1.3339552879333496,0.1159584149718284,-2.0312724113464355,4.66604471206665,4.515000000000001,4.044235,3.6949079716336577,3.8715736269621583,4.013391078456847,3.858675241127634,3.9348160033676622,3.7763729095458984,3.776589339099138,3.709275960922241,3.7093909792217232,3.7258441,4.040490145151133,3.7943962,4.66604471206665
123,nesso_3cc479150c7ab4e6539b,OADMET-0006301,1.1439204216003418,-1.0692273378372192,0.2555500566959381,1.2685950994491575,-1.390533208847046,0.1993226408958435,1.2062578201293943,0.2274363487958908,-1.2228440046310425,4.7937421798706055,5.58,4.7701597,5.215335753879738,4.029550114603671,4.332053414537447,4.112725389805766,4.198130923603342,4.61368989944458,4.613829901404361,4.789044380187988,4.789126355431147,5.0640316,5.047610209027914,4.6263337,4.7937421798706055
124,nesso_3d44102f47eca64d11e7,OADMET-0006124,0.3716309666633606,0.2463351488113403,0.5612742304801941,0.2772251069545746,-0.2573197484016418,0.4360226690769195,0.3244280219078064,0.498648464679718,-0.0054061249829828,5.675571978092194,5.99,5.39099,5.440558957259521,5.120475225464446,4.811937094451533,5.131155427903711,5.060783518677916,5.2328362464904785,5.232241111943402,5.402088165283203,5.402304285599979,5.3377476,5.66628705883035,5.2907586,5.675571978092194
125,nesso_3de6e412579bfaacc290,OADMET-0006174,0.9105725288391112,-1.76338791847229,0.146366536617279,1.1404390335083008,-1.515047550201416,0.1801919490098953,1.025505781173706,0.1632792353630066,-1.6340285539627075,4.974494218826294,5.140000000000001,4.9877896,5.306863751025337,4.253161222477002,4.16997470977911,4.210084262316693,4.406181769213346,5.027185916900635,5.027311071986341,5.03397798538208,5.033989815580038,5.177311,5.309391836037374,4.87728,4.974494218826294
126,nesso_3e579f12c33b6deeab53,OADMET-0006313,0.8042673468589783,-0.5207099914550781,0.3726862370967865,1.0843017101287842,-1.1439831256866455,0.2415898144245147,0.9442845582962036,0.3071380257606506,-0.81353360414505,5.055715441703796,5.07,4.962032,5.16142037763762,4.353641237725502,4.493393376514899,4.423310559756939,4.564606063905051,5.086792945861816,5.086619223806636,5.051066875457764,5.050991052902357,5.217867,5.026975973309505,4.862814,5.055715441703796
127,nesso_3ed1d1504b9dc9adfd52,OADMET-0006359,0.7850267887115479,-1.2047274112701416,0.2306353002786636,0.8820707201957703,-0.6820924878120422,0.335794448852539,0.8335487842559814,0.2832148671150207,-0.9285702109336852,5.1664512157440186,5.75,5.2345843,5.6107271505146254,4.490634154969525,4.448048812234938,4.50603164582412,4.697872091763818,5.414370536804199,5.4144377369796075,5.35392951965332,5.353976985595654,5.5489826,5.316549629229969,5.2038746,5.1664512157440186
128,nesso_3f36c4aec181a6319c72,OADMET-0006371,1.072379231452942,-1.3760234117507937,0.2016484141349792,1.2248224020004272,-1.852261304855347,0.1356076151132583,1.1486008167266846,0.1686280071735382,-1.5953822135925293,4.851399183273315,4.895,4.8568773,5.106690733894511,4.100878474062438,4.185208134286499,4.103087354706275,4.2706887886550104,4.5935773849487305,4.5934586199255465,4.649232864379883,4.649202484136615,4.1775246,4.108997968815348,4.695458,4.851399183273315
129,nesso_3f51eec6e15fe0261f00,OADMET-0006173,0.6444628238677979,0.0705512166023254,0.5176305174827576,0.6707512736320496,0.4167907238006592,0.6027150750160217,0.6576070785522461,0.5601727962493896,0.241863340139389,5.342392921447754,5.645,4.991241,5.218464941407552,4.708294326112495,4.909404556929056,4.865601088659658,4.707993943646496,4.727185249328613,4.726922387114823,4.943044662475586,4.9430453859571255,5.1891603,4.843622526344373,4.9422784,5.342392921447754
130,nesso_3f63285ce8c8c44147be,OADMET-0006260,1.087587594985962,-2.1189608573913574,0.1072675362229347,1.6194185018539429,-2.256010055541992,0.0948323085904121,1.3535029888153076,0.1010499224066734,-2.185612916946411,4.646497011184692,3.1100000000000003,3.4869843,3.2887014301248896,3.847390867664695,3.9525538965149414,3.8146288846297147,3.868378868179236,2.8989076614379883,2.898727642652315,2.798574447631836,2.798631071974473,2.821792,2.864071653645474,3.2681515,4.646497011184692
131,nesso_3f7845b5bb307ce542b0,OADMET-0006275,1.0991802215576172,-1.9071176052093504,0.1293050199747085,1.3343507051467896,-1.6456739902496338,0.1616944819688797,1.2167654037475586,0.1454997509717941,-1.7703423500061035,4.783234596252441,3.415,4.0571647,3.794059252509676,4.016551022435723,4.116243207612221,4.0107325587897575,4.15182871759547,3.653733253479004,3.6537245352116905,3.6185531616210938,3.618599662838076,3.4228983,3.2789737479504697,3.8944461,4.783234596252441
132,nesso_3fd6972fb7e00d51858f,OADMET-0006525,0.7113158106803894,-0.9942593574523926,0.2700715959072113,1.1567370891571045,-1.1740412712097168,0.2361252903938293,0.9340264797210692,0.2530984282493591,-1.0821549892425537,5.065973520278931,4.415,4.6758256,4.216711413018531,4.366331663394226,4.387509519162379,4.387482944389777,4.5826088570978305,4.41470193862915,4.415130090433341,4.56550407409668,4.5653802202074,4.8020973,4.92085203244694,4.5924344,5.065973520278931
133,nesso_4037028b999992249f85,OADMET-0006367,0.3188742399215698,-0.7813723087310791,0.3140241801738739,0.8878567218780518,-1.3127422332763672,0.2120283395051956,0.6033654808998108,0.2630262672901153,-1.030298352241516,5.396634519100189,4.8100000000000005,4.743271,4.042170880466324,4.775397434956838,4.407950113469516,4.70114519224379,4.849243239412439,4.373984336853027,4.374562958585378,4.2161030769348145,4.2158544917768825,4.1807623,4.132612165718519,4.6355324,5.396634519100189
134,nesso_41d710aa628216c42a93,OADMET-0006281,1.0640016794204712,-1.8349937200546265,0.1376444548368454,0.9829639792442322,-1.806195616722107,0.1410985440015792,1.0234827995300293,0.1393714994192123,-1.8205199241638184,4.976517200469971,5.225,4.9819503,4.939190297135611,4.255663883963774,4.096464458044377,4.180509009743087,4.355821599410701,5.042938232421875,5.043272376152274,4.977794647216797,4.977822990760567,4.820163,4.942709587898718,4.7378488,4.976517200469971
135,nesso_4326674ff827a20129cf,OADMET-0006391,0.7667262554168701,-1.0179541110992432,0.2654260993003845,0.6815255284309387,-0.7069827318191528,0.3302658796310425,0.724125862121582,0.2978459894657135,-0.857576310634613,5.275874137878418,5.72,4.812318,4.998053697862783,4.626002923070717,4.476032838932729,4.6189051346695535,4.801892687634854,4.69912052154541,4.699051002162701,4.509263515472412,4.50916417151699,4.714204,4.454922721555701,4.758085,5.275874137878418
136,nesso_444c731888b70c9b6724,OADMET-0006523,0.8000389337539673,-1.7156134843826294,0.1524370461702346,0.8436575531959534,-1.0019779205322266,0.2685527205467224,0.8218482732772827,0.2104948759078979,-1.3219449520111084,5.178151726722717,4.76,4.743202,5.102144722699246,4.505109035793814,4.292990290162292,4.4505018910158425,4.655878434550141,4.561051845550537,4.561076119390838,4.644784927368164,4.644726071147097,4.8131313,5.16671447868666,4.6284623,5.178151726722717
137,nesso_44cfeb03eee66b9e8896,OADMET-0006286,0.6888442635536194,-0.8945621252059937,0.2901692688465118,0.4820272624492645,-0.7515524625778198,0.3204831182956695,0.5854357481002808,0.3053261935710907,-0.8220616579055786,5.414564251899719,5.405,5.0436797,5.022618202195599,4.7975785812295975,4.490031830197405,4.752785943584521,4.897586471352104,4.717051029205322,4.717263493145272,4.882083892822266,4.882062393760992,5.1038733,5.119845343465833,4.975341,5.414564251899719
138,nesso_45506828e1b91264638c,OADMET-0006578,1.1171317100524902,-0.8581060171127319,0.2977352142333984,1.2285640239715576,-1.2990994453430176,0.2143166214227676,1.172847867012024,0.2560259103775024,-1.0667275190353394,4.827152132987976,4.890000000000001,4.5661483,4.251408239047837,4.0708820778486485,4.39359064354545,4.169854263544717,4.240723441445867,4.377848148345947,4.378096864203459,4.614047050476074,4.614013048167026,4.571858,4.509261757417586,4.430158,4.827152132987976
139,nesso_45983405a6aba8ca71dc,OADMET-0006163,1.2036292552947998,-1.201089859008789,0.2312813997268676,0.9532973766326904,-0.6367761492729187,0.3459756374359131,1.0784633159637451,0.2886285185813904,-0.9020543098449708,4.921536684036255,6.675000000000001,4.920056,5.482701990819298,4.187646647410194,4.45850071980526,4.284653568479698,4.376626669858239,4.912594318389893,4.912711120973971,5.137477397918701,5.137514838803563,5.49459,5.251436520098779,4.848541,4.921536684036255
140,nesso_45fa3ce3ef99c938974b,OADMET-0006282,1.010289192199707,-2.438171863555908,0.0803078338503837,1.2351287603378296,-1.693703293800354,0.1552894413471222,1.122709035873413,0.1177986413240432,-2.0134434700012207,4.877290964126587,4.4350000000000005,4.1173434,4.878363103459331,4.13290959158047,4.020418802930302,4.056482185338233,4.1984614237825815,4.2457146644592285,4.245632552775123,4.270618438720703,4.270599735087856,4.211173,4.351751397599828,3.9247615,4.877290964126587
141,nesso_46b68fd6e62efe34d4c2,OADMET-0006514,1.090504169464111,-1.552226185798645,0.1747649610042572,1.065688967704773,-1.463399052619934,0.187948003411293,1.078096628189087,0.1813564896583557,-1.5071840286254885,4.921903371810913,2.725,4.628812,4.673840458360838,4.188100282456352,4.219973661358781,4.182972342756935,4.372251591021116,4.201861381530762,4.2020096926679535,4.077436447143555,4.077397447435201,3.8789492,4.023862691107657,4.4743304,4.921903371810913
142,nesso_46ed4c31cf3a04e8c8f2,OADMET-0006198,0.4539137482643127,-0.3968578279018402,0.4020675122737884,0.8428431153297424,-1.3616654872894287,0.2039697468280792,0.6483784317970276,0.3030186295509338,-0.8329644203186035,5.351621568202972,5.154999999999999,5.122357,4.310862200733697,4.719711225955113,4.485734232894532,4.692905117418468,4.85954628625564,4.611221790313721,4.610508360509985,4.73505973815918,4.7351021490381155,4.5589714,4.4352393639196475,5.0117383,5.351621568202972
143,nesso_473423cc1c31552cb392,OADMET-0006219,0.7852636575698853,-1.675301194190979,0.1577186733484268,1.1544512510299685,-1.2762093544006348,0.2181961834430694,0.9698574542999268,0.1879574358463287,-1.4633371829986572,5.030142545700073,4.949999999999999,4.7821274,3.951970340903576,4.32200461752492,4.2372569954687,4.29017748928556,4.498543568667485,4.580254554748535,4.580660178923128,4.501906871795654,4.501841394702784,4.9721775,4.855397235356947,4.613783,5.030142545700073
144,nesso_47692533e562fe3252f9,OADMET-0006146,0.5717366933822632,0.0523165464401245,0.51307612657547,0.8380013704299927,-1.1602294445037842,0.2386256009340286,0.7048690319061279,0.3758508563041687,-0.5071970224380493,5.295130968093872,6.345000000000001,5.21377,5.624530070688463,4.649825841824414,4.6141436247036225,4.695733620191868,4.820641869720232,5.396612644195557,5.396046845716939,5.506011009216309,5.506110162863297,5.4544077,5.282628105969556,5.143991,5.295130968093872
145,nesso_47cbb334077ccbaefbb9,OADMET-0006227,0.9309346675872804,-1.8424301147460935,0.1367641389369964,1.1269423961639404,-1.8148998022079468,0.1400469839572906,1.0289385318756104,0.1384055614471435,-1.8285964727401731,4.97106146812439,3.795,3.8625803,3.728559512638519,4.248914514158022,4.093280883821315,4.174116362787432,4.348380757574973,3.6839609146118164,3.6844072076442114,3.4806082248687744,3.480540059133144,3.7037935,3.504888386542526,3.6391342,4.97106146812439
146,nesso_48022650b7c17a932df6,OADMET-0006330,0.7146685123443604,-1.0435330867767334,0.2604688704013824,0.9392598271369934,-1.0129575729370115,0.2664014399051666,0.8269641399383545,0.2634351551532745,-1.028190016746521,5.1730358600616455,5.165,4.990377,5.072706336383817,4.498780119016865,4.408781166792848,4.4953086952089905,4.6978877142384,4.931579113006592,4.931952529000863,4.999984264373779,4.999894374170012,5.2442417,5.0723290713333045,4.8916154,5.1730358600616455
147,nesso_48184367d38631e3d7c2,OADMET-0006166,0.7286114692687988,-0.799920916557312,0.3100424408912658,1.336235284805298,-1.645268797874451,0.1617494076490402,1.0324233770370483,0.2358959317207336,-1.1753132343292236,4.967576622962952,4.885,4.789355,4.9072637895646425,4.244603358987555,4.350788859969934,4.2810404190475655,4.45810686118686,4.322638988494873,4.322225206244615,4.420211315155029,4.420174919956649,4.2466006,4.0560099307068915,4.637069,4.967576622962952
148,nesso_48763a8c5f8634bcb1a2,OADMET-0006293,1.219139575958252,-1.9348233938217163,0.1262176632881164,1.262543797492981,-0.5149072408676147,0.3740438520908355,1.2408416271209717,0.2501307725906372,-1.0979149341583252,4.759158372879028,4.565,4.0135036,4.923932850066113,3.986765958803581,4.381297341532741,4.101895769350681,4.123893742576593,3.7539777755737305,3.7532282219915807,3.8256325721740723,3.8255934709916843,4.462451,3.6084823196409452,3.959037,4.759158372879028
149,nesso_48f01e5229847a7a6e6a,OADMET-0006117,0.2778104543685913,1.92593777179718,0.8727990388870239,0.7740809321403503,-0.6748234033584595,0.3374176621437073,0.5259456634521484,0.605108380317688,0.4267962574958801,5.474054336547852,4.92,5.1210394,5.17279629787704,4.87117467349226,4.982300505381009,5.018190929655804,4.804903468632356,5.272421360015869,5.273397515745652,5.170840263366699,5.170735299866111,5.489524,5.423876901032853,5.066524,5.474054336547852
150,nesso_492c009f6eaf147b26d8,OADMET-0006611,0.2013844549655914,-0.9739683866500854,0.2740902304649353,0.1241557300090789,-1.351022481918335,0.2057032436132431,0.1627700924873352,0.2398967444896698,-1.1532456874847412,5.837229907512665,3.095,5.042277,3.661822260520915,5.320464718822705,4.359487337127116,5.086713293623882,4.743602417704904,4.794849395751953,4.795358681085256,5.0645976066589355,5.064338198827241,4.7765203,5.0171173351026885,4.9546657,5.837229907512665
151,nesso_4936c92097f78d5c095e,OADMET-0006496,0.9194284677505492,-1.6575907468795776,0.1600856781005859,1.0692261457443235,-1.196919083595276,0.2320237457752227,0.9943273067474364,0.1960547119379043,-1.4111374616622925,5.005672693252564,4.915,4.6130633,4.344639981329027,4.291732589353631,4.2578328250729385,4.276412965037982,4.482457813242399,4.166580677032471,4.166810928394576,4.371243953704834,4.371195571719522,4.3634753,4.453462639392393,4.484677,5.005672693252564
152,nesso_49415c8ed77dd05bde43,OADMET-0006474,0.8417701721191406,-2.120164394378662,0.1071523427963256,1.5308865308761597,-2.6434435844421387,0.0663942620158195,1.186328411102295,0.0867733061313629,-2.353685140609741,4.813671588897705,4.38,4.4101214,4.894659732014519,4.054205090877011,3.8863040134357174,3.9404538018100714,4.000425776209957,4.210325241088867,4.2099098551428,4.234262943267822,4.234350686694661,4.5026803,4.927760321795728,4.0602145,4.813671588897705
153,nesso_4958c2ff12981bd73b36,OADMET-0006139,1.3037967681884766,-2.354101657867432,0.0867403000593185,1.022494196891785,-1.6837960481643677,0.1565934717655182,1.1631455421447754,0.1216668859124183,-1.9767390489578247,4.836854457855225,4.49,4.362199,4.203374201005671,4.082884972117765,4.03488677122164,4.025381613146224,4.16818441178139,4.112471103668213,4.113021710577109,4.105400562286377,4.105457194614463,4.116633,4.190704428463109,4.115466,4.836854457855225
154,nesso_49804ad91747599d3d7e,OADMET-0006162,1.132943630218506,-4.034826278686523,0.0173812992870807,0.4824989736080169,-0.7431932687759399,0.3223062455654144,0.8077213168144226,0.169843778014183,-1.5867347717285156,5.192278683185577,4.495,3.236538,4.290830976731097,4.52258570938372,4.188616740419852,4.418887936081575,4.587864551653608,3.241873264312744,3.2364752723382693,2.669343948364258,2.6690894356860646,3.70781,3.8559618572751906,3.0953672,5.192278683185577
155,nesso_49ca39f6e90cec1ef6e4,OADMET-0006469,0.7464354038238525,-0.7581605911254883,0.319045752286911,0.6457840800285339,-0.627048134803772,0.3481801748275757,0.6961097717285156,0.3336129784584045,-0.6918889880180359,5.303890228271484,4.58,5.1886325,4.842023873691491,4.660662056363309,4.541342653438698,4.672673603373297,4.8332486353651,5.115370273590088,5.115768620424158,5.2367448806762695,5.236609103126725,5.311054,5.4058859598162465,5.157988,5.303890228271484
156,nesso_4a44d286f72a387b20b3,OADMET-0006254,0.7711458206176758,-1.288628101348877,0.2160851061344146,1.195664405822754,-1.9649831056594849,0.1229287683963775,0.9834051132202148,0.1695069372653961,-1.5891257524490356,5.016594886779785,2.06,5.031651,5.460067935314272,4.305244601772078,4.187674275390672,4.256477680069352,4.457887836643047,4.974953651428223,4.9745817513325115,5.2820515632629395,5.281981599247577,5.936329,5.762748667335894,4.850611,5.016594886779785
157,nesso_4af288f22537ebc210b4,OADMET-0006548,1.040499925613403,-3.3367562294006348,0.0343315340578556,1.4508765935897827,-2.906679630279541,0.0518243536353111,1.2456881999969482,0.0430779457092285,-3.100710868835449,4.754311800003052,4.065,3.6041238,3.917718096987976,3.9807701894808813,3.5918450833791917,3.7597733113521237,3.4990680169174677,3.680741786956787,3.6812495123130167,3.3396995067596436,3.3396022170968926,2.9170976,3.684606066826695,3.2736683,4.754311800003052
158,nesso_4c136d3249aa4406e9ab,OADMET-0006294,0.704686164855957,0.5077362060546875,0.6242756843566895,1.0618739128112793,-0.5661433935165405,0.3621271848678589,0.8832800388336182,0.4932014346122741,-0.0271959621459245,5.116719961166382,5.185,4.737192,4.938178888245252,4.429110860425875,4.803348083531729,4.612135372905275,4.466701219702148,4.696338653564453,4.6962197494693365,4.7063822746276855,4.706383185773142,4.95619,4.339673922796354,4.666373,5.116719961166382
159,nesso_4cee2bf950e541898528,OADMET-0006555,1.0279947519302368,-1.0919147729873655,0.2512578666210174,1.0322998762130735,-0.9288138747215272,0.2831654250621795,1.0301473140716553,0.2672116458415985,-1.008815884590149,4.969852685928345,5.335,4.687753,4.383494036682665,4.2474191112425315,4.416417966985914,4.311209234037614,4.459063162975099,4.512998580932617,4.51322156765568,4.679497241973877,4.679507495578534,4.900546,4.878654201663282,4.591986,4.969852685928345
160,nesso_4dcca06af4d0ed43264a,OADMET-0006141,0.7305252552032471,-1.6438525915145874,0.1619415134191513,0.8382449746131897,-0.871850848197937,0.2948693335056305,0.784385085105896,0.2284054160118103,-1.217337131500244,5.215614914894104,5.390000000000001,4.985696,5.1257877327600365,4.551455318025931,4.334224086722867,4.502684570915324,4.705522889362515,5.129035472869873,5.128733658697188,5.100787162780762,5.100818290047315,5.654036,5.586950941718402,4.8592606,5.215614914894104
161,nesso_4e24a84d9d7c0274773d,OADMET-0006419,0.9326006770133972,-1.6636165380477903,0.1592771261930465,0.8004651665687561,-0.4864224791526794,0.3807367086410522,0.8665329217910767,0.27000692486763,-0.9945874810218812,5.133467078208923,4.74,5.139775,4.614484941689699,4.449828974684521,4.42202644917444,4.464485347139953,4.660898358536714,5.39539098739624,5.394320375477509,5.2745680809021,5.2744803788486365,5.644039,5.624035507583771,5.0818706,5.133467078208923
162,nesso_4e5051b119aad88f0c06,OADMET-0006476,0.5966721773147583,-1.3119410276412964,0.2121622115373611,1.2646442651748655,-1.5091071128845217,0.1810711622238159,0.930658221244812,0.1966166794300079,-1.4075759649276731,5.069341778755188,3.885,4.0808067,2.936575375280805,4.370498587395921,4.259236678351683,4.335725973425697,4.547048954360001,3.7851626873016357,3.785170812727945,3.800713539123535,3.800615277255835,4.412873,3.6140340131728617,3.942845,5.069341778755188
163,nesso_4e7158ed11760686235b,OADMET-0006326,0.2809142768383026,-1.7669622898101809,0.1459205001592636,0.3732447624206543,-1.4855585098266602,0.1845893114805221,0.3270795345306396,0.1652549058198928,-1.6196372509002686,5.67292046546936,5.24,5.0131927,4.711835418554204,5.117194998704308,4.175647402889627,4.8565656422083965,4.556144674579802,4.79081916809082,4.790912612969837,5.240272045135498,5.240119842154333,5.5590305,5.415720828782267,4.9099774,5.67292046546936
164,nesso_4f57e8885225e2b31f93,OADMET-0006321,1.4583988189697266,-1.9801419973373413,0.1213036999106407,1.7201133966445925,-2.41308069229126,0.0821806564927101,1.5892560482025146,0.1017421782016754,-2.1780152320861816,4.410743951797485,4.47,4.0283923,3.9316467690439216,3.55573715742896,3.955548714591908,3.598509637790222,3.473340560818145,3.533865451812744,3.533797886364559,3.6245198249816895,3.624476139996826,3.5207002,3.6004062696821726,3.7624996,4.410743951797485
165,nesso_4ffe0612ec768bf32d14,OADMET-0006459,0.4907366037368774,-0.4613727033138275,0.3866602480411529,0.7741650342941284,-0.8238762617111206,0.3049414753913879,0.6324508190155029,0.3458008766174316,-0.6375486850738525,5.367549180984497,5.71,5.308943,5.239267540016823,4.739415518976821,4.562762246980538,4.740538112736856,4.885398323042277,5.377280235290527,5.377561020574955,5.432722091674805,5.432892356200826,5.636199,5.332106093693283,5.2691402,5.367549180984497
166,nesso_519afbb753f238bb7a0f,OADMET-0006169,0.190470203757286,0.0003930926322937,0.5000982880592346,0.8163352608680725,-0.6277281641960144,0.3480258584022522,0.5034027099609375,0.4240620732307434,-0.3061200678348541,5.496597290039063,5.355,5.206421,5.205795853634159,4.899062905536727,4.693403150412477,4.9154159312006875,4.976104453085979,5.208512783050537,5.208422096890626,5.289795398712158,5.2899941247820115,5.41123,5.58742873951954,5.1769023,5.496597290039063
167,nesso_52590bedb9458e039840,OADMET-0006179,0.9978034496307372,-0.9953145384788512,0.2698636353015899,1.1223429441452026,-1.0869451761245728,0.2521939575672149,1.0600731372833252,0.2610287964344024,-1.0406283140182495,4.939926862716675,4.48,4.272083,4.404165025140176,4.210397418314224,4.403878299906245,4.278249791000816,4.417578527841723,3.7168374061584473,3.717459026424951,3.706120491027832,3.706148059839686,3.8204787,3.260262413419904,4.17543,4.939926862716675
168,nesso_52b19007c94ac6b2868f,OADMET-0006613,1.1120283603668213,-1.7940548658370972,0.1425763070583343,1.5495246648788452,-2.201201200485229,0.0996426716446876,1.3307764530181885,0.1211094856262207,-1.98196542263031,4.669223546981812,4.654999999999999,4.352472,4.705047195046244,3.875506212183507,4.0328266649340945,3.869919319900001,3.9498420865328483,3.8128654956817627,3.812725448389781,3.8725507259368896,3.8725561621950124,4.0443964,3.9590191761624722,4.1210074,4.669223546981812
169,nesso_530251c4b34c6d7a472b,OADMET-0006208,0.2307890355587005,0.1914602518081665,0.5477193593978882,0.4961753785610199,-0.5559687614440918,0.3644807040691376,0.3634822070598602,0.4561000466346741,-0.1760531663894653,5.63651779294014,5.105,5.1288695,4.9783835596743495,5.072160696569522,4.744672282369074,5.066371994922647,5.04882171260135,5.197592258453369,5.197273909616224,5.184612274169922,5.184770875398055,4.9887295,4.591836028472179,5.0944266,5.63651779294014
170,nesso_532ca7cbe3d964801391,OADMET-0006157,0.6423951983451843,0.4267578125,0.6050992012023926,0.4959851205348968,0.0125474333763122,0.5031368136405945,0.5691901445388794,0.5541180372238159,0.217323437333107,5.430809855461121,5.59,5.213035,5.563303162569012,4.817676265501511,4.899731538650031,4.942997733817569,4.827154180660239,5.491794586181641,5.491459167266666,5.620085716247559,5.620099305053056,5.7997165,5.735221086783838,5.1875243,5.430809855461121
171,nesso_53cb14968b5543bfe3e6,OADMET-0006586,0.8259934186935425,-1.2394031286239624,0.2245399057865142,0.9502305388450624,-1.079256296157837,0.2536467909812927,0.88811194896698,0.2390933483839035,-1.1576566696166992,5.11188805103302,5.105,4.884739,4.955100479615528,4.4231332306059965,4.3577486378695145,4.417094222529833,4.626019778407145,4.981539249420166,4.981695387571786,4.988636016845703,4.9886292357691415,5.448219,5.420529977846693,4.756088,5.11188805103302
172,nesso_5401422e004e8b57fc2b,OADMET-0006564,1.1379549503326416,-0.6427205801010132,0.3446317911148071,0.977966606616974,-1.3238288164138794,0.2101819664239883,1.0579607486724854,0.2774068713188171,-0.9573610424995422,4.942039251327515,5.13,4.991517,5.1946088021446055,4.213010686525514,4.4367001837500055,4.294235839063944,4.414643365947684,4.759109973907471,4.759147067784245,4.839589595794678,4.839666050765785,5.106797,4.91870858878861,4.907535,4.942039251327515
173,nesso_542164a3cce23fcdbf60,OADMET-0006583,0.9314284324645996,-1.6134352684020996,0.1661122143268585,0.821668267250061,-1.4024348258972168,0.1974300146102905,0.8765483498573303,0.1817711144685745,-1.5043938159942627,5.12345165014267,5.41,5.168667,5.425773346422214,4.43743873566614,4.22107349366037,4.369300888519311,4.569742308692346,5.140118598937988,5.140544515960924,5.2486066818237305,5.2486757466505765,5.328,5.293805509407585,5.056395,5.12345165014267
174,nesso_543b8b6918b1d4ee5a96,OADMET-0006467,1.215425729751587,-0.6667097210884094,0.3392339944839477,0.7510920166969299,-0.9736173748970032,0.274160087108612,0.983258843421936,0.3066970407962799,-0.8156067132949829,5.016741156578064,5.625,5.0977063,5.47740789090946,4.30542555437339,4.492576208539132,4.387020838720187,4.510655718045346,5.087973117828369,5.088267085028104,5.184566974639893,5.184517728858213,5.6370754,5.08901854497048,5.0397487,5.016741156578064
175,nesso_545cfd6c6012158b981f,OADMET-0006347,1.4039547443389893,-2.208441972732544,0.0989949628710746,1.313611626625061,-1.5693663358688354,0.1723067462444305,1.35878324508667,0.1356508582830429,-1.851892352104187,4.64121675491333,5.58,4.038626,5.331302451089952,3.840858581990264,4.084098228588615,3.8660219383223042,3.9270814075399816,3.676645278930664,3.6767822696587213,3.5325942039489746,3.5326084238349313,3.56118,3.4706643038954232,3.8708375,4.64121675491333
176,nesso_55004a085e65600ed6ef,OADMET-0006405,1.3477072715759275,-1.9777987003326416,0.1215536892414093,1.2689340114593506,-2.2756004333496094,0.0931639820337295,1.3083206415176392,0.1073588356375694,-2.1180078983306885,4.691679358482361,4.33,4.30448,4.789928766769864,3.903286639540475,3.979202110486525,3.867691466401823,3.949322601893005,3.991682529449463,3.9913543330245713,3.921351671218872,3.92132922612427,3.8470669,3.725927312518595,4.020503,4.691679358482361
177,nesso_55541581555f2a3a1802,OADMET-0006273,-0.0004782155156135,1.323564052581787,0.7897740602493286,0.6598173975944519,-0.2734501361846924,0.4320603013038635,0.3296695947647095,0.6109172105789185,0.4511692523956299,5.6703304052352905,5.55,4.853941,5.465091881339622,5.113990795632823,4.991907732721758,5.20329635774285,4.985143291836305,5.065812110900879,5.0670304137465765,5.277569770812988,5.277413572268325,4.9828563,4.777944575223491,4.8178005,5.6703304052352905
178,nesso_55a677eed4ce54ff12db,OADMET-0006400,1.0320768356323242,0.2258216142654419,0.5562167167663574,0.8963715434074402,-0.7358153462409973,0.3239198923110962,0.9642242193222046,0.4400683045387268,-0.2408848404884338,5.035775780677795,4.835,4.7824206,5.008139043596836,4.32897357854775,4.719117251708621,4.501466536043947,4.407468704845829,4.5995965003967285,4.599569998915781,4.819966793060303,4.819939505269338,4.2340617,3.799398170597828,4.7376122,5.035775780677795
179,nesso_562c32cfe8ac9b84e799,OADMET-0006167,0.3079534769058227,0.673181414604187,0.6622151732444763,1.0134066343307495,-0.4337972700595855,0.393219918012619,0.6606800556182861,0.5277175307273865,0.1109839081764221,5.339319944381714,5.75,4.897689,5.687109683675193,4.7044926992529765,4.857815145686479,4.840702254794239,4.749858995163015,4.526614189147949,4.5269233220722285,4.821720123291016,4.821906436017407,5.4348087,4.659134939920437,4.83229,5.339319944381714
180,nesso_56edac8dec5ae44b6b87,OADMET-0006245,0.8933429718017578,1.1438589096069336,0.7583873867988586,0.4469451606273651,-0.2263671457767486,0.4436486363410949,0.6701440811157227,0.6010180115699768,0.4097086191177368,5.329855918884277,5.87,5.347985,5.568530289953086,4.69278460877361,4.975564984067745,4.88233725474836,4.619254113282955,5.372227668762207,5.371949281275674,5.663993835449219,5.6639790515535875,5.2611074,4.99182920815958,5.2476006,5.329855918884277
181,nesso_57a6a615dbb63da04a04,OADMET-0006185,0.5659347772598267,-0.3140528798103332,0.42212575674057,0.3588296473026275,-0.0644029676914215,0.4839048087596893,0.4623821973800659,0.4530152678489685,-0.1884950846433639,5.537617802619934,5.92,5.278603,5.500788335392373,4.949810008123986,4.739767988181516,4.973073580051945,4.997245726301508,5.593691349029541,5.59346932812332,5.509342193603516,5.509468678051225,5.8334904,5.698877874925388,5.186545,5.537617802619934
182,nesso_57c02c748fa94ad94b81,OADMET-0006268,1.3838201761245728,-2.383467674255371,0.0844420865178108,1.4534168243408203,-2.1628003120422363,0.1031411290168762,1.4186184406280518,0.0937916040420532,-2.26819396018982,4.581381559371948,5.335,4.1114736,4.960019323761254,3.7668355477709605,3.920002506760051,3.740660129761604,3.7507958732138684,3.9176955223083496,3.9181419871721936,3.753664970397949,3.7537035116295794,3.5621567,3.9819272393097154,3.8304174,4.581381559371948
183,nesso_57e6b599bd5f2ace5ac1,OADMET-0006093,1.2070907354354858,-0.0480116009712219,0.4879993796348572,0.8230720162391663,-0.3224039375782013,0.4200900197029114,1.0150814056396484,0.4540446996688843,-0.1843414306640625,4.984918594360352,6.75,4.6762004,5.5726114230095245,4.266057376653331,4.741405255092624,4.464101186345097,4.292293408085936,4.387685775756836,4.3879428687975555,4.415599822998047,4.4157101801191345,4.3699427,3.895902567608404,4.6238647,4.984918594360352
184,nesso_5830d4f5f444f8addb42,OADMET-0006307,0.6677243709564209,-1.47131085395813,0.1867434531450271,0.9889121651649476,-1.5931669473648071,0.1689388006925583,0.8283182382583618,0.1778411269187927,-1.5310430526733398,5.171681761741638,3.21,4.6958036,3.290801816594681,4.497104943305123,4.210569028522359,4.4092835618359505,4.59473310997646,4.322473049163818,4.322773184355126,4.180418968200684,4.180375235051253,4.358314,4.155464118212749,4.4791527,5.171681761741638
185,nesso_5838f46804fbce35ff8e,OADMET-0006557,0.9574711322784424,0.4111397266387939,0.6013611555099487,1.0352903604507446,-1.4222819805145264,0.1943040937185287,0.9963807463645936,0.3978326320648193,-0.4145039916038513,5.003619253635407,4.63,4.7316146,4.742104120820978,4.289192247842706,4.6506809080284714,4.442542721386889,4.40843335307296,4.506013870239258,4.505328828814232,4.743600845336914,4.743640021293201,4.8836236,5.073558183936382,4.620027,5.003619253635407
186,nesso_5855200141bb13dd203c,OADMET-0006424,0.630642831325531,-0.5104452967643738,0.375089168548584,0.9991920590400696,-1.3040225505828855,0.2134888023138046,0.8149174451828003,0.2942889928817749,-0.8746435642242432,5.1850825548172,5.38,5.369055,5.61185659128422,4.51368326907849,4.469305352795213,4.532304114025966,4.7185208370436715,5.47153377532959,5.471072056807618,5.538761615753174,5.538866371913659,5.390712,5.073410422799247,5.281071,5.1850825548172
187,nesso_58ee8f62ef9b7d6ecc4d,OADMET-0006209,1.5434378385543823,-1.7721184492111206,0.1452790796756744,1.5780718326568604,-1.9555065631866453,0.1239541620016098,1.5607547760009766,0.1346166133880615,-1.8607417345047,4.439245223999023,3.41,3.0726454,2.704055544391237,3.5909965165466056,4.080610022527084,3.678281568437039,3.550031872184892,2.3752923011779785,2.375188822137413,2.3129992485046387,2.3129774846549416,2.2146504,2.441170006322609,2.9062126,4.439245223999023
188,nesso_5925c5d0ca75bb02743e,OADMET-0006559,0.8344875574111938,-0.8975932598114014,0.289545327425003,0.7749976515769958,0.1177133917808532,0.5293943881988525,0.8047425746917725,0.4094698429107666,-0.3661574125289917,5.195257425308228,4.245,4.877457,3.952261208844272,4.526270756755596,4.669737924953564,4.627413031897358,4.686941068086039,4.611508846282959,4.612104568777351,4.642318248748779,4.6423300997271495,4.799567,4.453008594537862,4.796263,5.195257425308228
189,nesso_5966752ebc36ef366061,OADMET-0006312,0.908827304840088,-0.8945947885513306,0.2901625335216522,0.886949360370636,-0.7130805253982544,0.3289185166358948,0.8978883028030396,0.3095405101776123,-0.802268385887146,5.10211169719696,6.654999999999999,5.1720624,5.492648390788116,4.4110387539689775,4.497833844881302,4.467994171369363,4.623894821053146,5.31212854385376,5.312307518923584,5.340607643127441,5.3406983502194905,5.717407,5.496309534590653,5.1581492,5.10211169719696
190,nesso_598fb5351f62413df1dc,OADMET-0006338,0.9515697956085204,-1.521775245666504,0.1792002618312835,1.4743696451187134,-2.0463197231292725,0.114424780011177,1.2129697799682615,0.1468125283718109,-1.7598228454589844,4.787030220031738,4.5600000000000005,4.152797,4.598819930025984,4.021246646580616,4.120389734213154,4.01600619352635,4.158827813112465,3.8176326751708984,3.817814177403647,4.048962116241455,4.0489125871728,4.3967524,4.1397934988733285,3.8400354,4.787030220031738
191,nesso_5a0fa3b7e5d339f78ed2,OADMET-0006488,1.0121989250183103,-1.9352115392684937,0.1261748671531677,1.0632539987564087,-1.5789518356323242,0.1709439754486084,1.0377264022827148,0.148559421300888,-1.7459447383880615,4.962273597717285,5.32,4.430195,4.787438125785163,4.23804290546728,4.12586013825,4.179946941588928,4.365199600624344,4.14447021484375,4.144569180554325,4.1993632316589355,4.1994508992589346,4.3702765,4.364381739290656,4.2268176,4.962273597717285
192,nesso_5a125e3715c88219a3ae,OADMET-0006290,0.4448428153991699,0.1728925704956054,0.5431157946586609,0.9527069926261902,-1.3536189794540403,0.2052793353796005,0.6987749338150024,0.3741975724697113,-0.5142507553100586,5.301225066184998,3.2750000000000004,4.557305,3.331569785133923,4.657364943643229,4.611363218947948,4.700164109516991,4.827081384028713,4.179478645324707,4.1782591758587735,4.126339435577393,4.126498849307494,4.38629,4.466637839614629,4.403683,5.301225066184998
193,nesso_5a1a384fa49186960d9d,OADMET-0006332,1.4344897270202637,-2.0113630294799805,0.1180150210857391,1.2904924154281616,-1.5775983333587646,0.1711358875036239,1.3624911308288574,0.1445754468441009,-1.7777963876724243,4.637508869171143,4.3100000000000005,4.148487,4.579862420251136,3.836271499911032,4.113305011680149,3.8750946099713746,3.9286503693291026,3.794595241546631,3.7946793612432224,3.71199369430542,3.7119494100462798,3.5587966,3.8343741584590165,3.911732,4.637508869171143
194,nesso_5aa201196c6cea96a5e1,OADMET-0006325,1.2009806632995603,-1.2022087574005127,0.2310825288295745,1.1921844482421875,-1.4781073331832886,0.185713455080986,1.196582555770874,0.2083979845046997,-1.3346091508865356,4.803417444229126,5.475,4.992039,5.111085680780657,4.041519531904166,4.2879983784918085,4.102804866590571,4.218155347752328,4.834856986999512,4.834880735212764,4.954216957092285,4.954280817559888,5.0504894,5.204496418844589,4.8444448,4.803417444229126
195,nesso_5b9145fdd22d6806d79c,OADMET-0006580,0.8273586630821228,-2.966471672058105,0.048963762819767,1.355090618133545,-3.0657286643981934,0.0445432588458061,1.0912246704101562,0.0467535108327865,-3.014984130859375,4.908775329589844,5.265,4.3845687,4.957480800194251,4.1718593809305835,3.6256364276232875,3.9166649074025255,3.6321497945950036,4.474100112915039,4.473563237159472,4.629518508911133,4.629514408378412,4.7064943,4.6786909402173125,4.1519384,4.908775329589844
196,nesso_5d1dee469fde4ed70aaa,OADMET-0006122,0.5410650372505188,0.3698291182518005,0.591417670249939,0.8677788972854614,-0.3675063252449035,0.409143716096878,0.7044219970703125,0.5002806782722473,0.0011226787464693,5.295578002929688,5.390000000000001,5.061315,4.492915026458222,4.650378875447007,4.814510586217727,4.781843933237811,4.727195242361608,5.122073650360107,5.121811366447344,5.120203495025635,5.120319032634667,5.258876,4.73992854175306,5.045238,5.295578002929688
197,nesso_5dffe5c79353ed4047d8,OADMET-0006192,1.0247184038162231,-1.9138318300247192,0.1285509765148162,1.3267472982406616,-2.0422863960266118,0.114834114909172,1.1757328510284424,0.1216925457119941,-1.9764989614486692,4.824267148971558,4.44,4.5157204,4.013028659587759,4.067313020061885,4.034981407736011,4.013814678072012,4.154187863449623,4.116385459899902,4.116584269231538,4.123742580413818,4.123696489623431,3.922656,4.108515710575287,4.271912,4.824267148971558
198,nesso_5e18a102b2cf5410453e,OADMET-0006201,1.2524962425231934,-2.0597171783447266,0.1130741909146308,1.2118135690689087,-1.7168195247650146,0.1522812843322754,1.2321548461914062,0.1326777338981628,-1.8774874210357664,4.767845153808594,3.995,4.0881753,4.809032771704023,3.9975125081578002,4.07400929011227,3.978477469565663,4.110179764708429,3.767369508743286,3.767790532813918,3.871769905090332,3.8718211443547537,3.9578538,3.901203546409802,3.8690598,4.767845153808594
199,nesso_5efc547d6b1fb30abaee,OADMET-0006394,1.288050889968872,-2.2166380882263184,0.0982662960886955,1.1296579837799072,-1.3785747289657593,0.2012380063533783,1.2088544368743896,0.1497521549463272,-1.736546277999878,4.79114556312561,4.85,4.559503,5.198056840095001,4.026337800372388,4.129564777174092,4.023725382852776,4.168384615499057,4.4387407302856445,4.438376309670285,4.483482837677002,4.48345835239129,4.8497596,5.0551864963482425,4.4641666,4.79114556312561
200,nesso_5f6f5e5b7e94f0f08817,OADMET-0006189,0.7486627101898193,-1.6353435516357422,0.1630996614694595,1.0206376314163208,-1.4374349117279053,0.191942885518074,0.8846501708030701,0.1775212734937667,-1.5332320928573608,5.11534982919693,5.395,4.652044,4.574120069847754,4.427415849241537,4.209706163421356,4.356967907173142,4.555689283495231,4.465640544891357,4.465693069621455,4.42951774597168,4.429548357361099,4.466507,4.391829600442658,4.4729342,5.11534982919693
201,nesso_5fefaa3460d8dd17a65d,OADMET-0006566,0.8938407897949219,-1.7163649797439575,0.1523399800062179,1.1502985954284668,-0.0679171681404113,0.4830272197723388,1.0220696926116943,0.317683607339859,-0.7644375562667847,4.977930307388306,1.945,4.0872617,3.715778255532611,4.2574120601136975,4.5127458153694135,4.35985799234912,4.445891913926024,3.6918773651123047,3.6912317763223257,3.6220600605010986,3.621881946471423,3.880075,3.3368247993718434,3.955799,4.977930307388306
202,nesso_5ffa6102c0a95eb2a7b4,OADMET-0006229,0.961111545562744,-0.915058434009552,0.2859658598899841,1.1754364967346191,-0.6791109442710876,0.336459755897522,1.0682740211486816,0.311212807893753,-0.7944554686546326,4.931725978851318,4.98,4.8375278,4.078184055884304,4.200251979638855,4.500913502196948,4.312189832862327,4.376908996786487,4.400356292724609,4.4008319844983745,4.6810712814331055,4.6810080856967335,4.5416665,4.596535823840519,4.8319488,4.931725978851318
203,nesso_60ee3c1ce004d4e818fa,OADMET-0006299,1.591080665588379,-2.121021032333374,0.1070704162120819,1.7230597734451294,-2.515070915222168,0.0748083814978599,1.6570701599121094,0.0909394025802612,-2.302218437194824,4.342929840087891,4.725,4.2613215,3.8100342601517503,3.4718432841623583,3.9065909056383297,3.5150351904090673,3.322023947296704,4.138899326324463,4.1386947886109,4.328853607177734,4.328860941929912,4.576117,4.764472983396657,3.8972921,4.342929840087891
204,nesso_60fe7fa52106706b4bdd,OADMET-0006158,1.3076438903808594,-1.730152249336243,0.1505680978298187,1.1419185400009155,-1.9923756122589111,0.1200057566165924,1.2247812747955322,0.1352869272232055,-1.8549997806549072,4.775218725204468,3.9,4.7934394,4.40396715698712,4.006634465942291,4.082873357674938,3.9890682345984145,4.124726897079798,4.677236080169678,4.677252742744009,4.7107834815979,4.710679364274777,4.3175883,4.200036263558842,4.585628,4.775218725204468
205,nesso_61ee190eafe2dee92679,OADMET-0006597,0.8219380378723145,-0.7374117374420166,0.3235703706741333,0.9003886580467224,-1.0946919918060305,0.2507357597351074,0.8611633777618408,0.2871530652046203,-0.9092512726783752,5.138836622238159,5.215,5.041581,5.284565726640718,4.456471719607837,4.455663856367351,4.4838237914125,4.669275689360056,5.132792949676514,5.132660066828013,5.217679023742676,5.217779905239935,5.3235617,5.09164101063869,4.9931912,5.138836622238159
206,nesso_62547fa8ea492ce0a067,OADMET-0006506,1.7111307382583618,-2.122687101364136,0.1069112345576286,1.3070733547210691,-2.153639316558838,0.1039916276931762,1.5091021060943604,0.1054514348506927,-2.138068675994873,4.49089789390564,2.2,4.18739,4.564436894079281,3.6548968233379746,3.971294651741928,3.6791583792447478,3.629335849094029,3.938589096069336,3.9386958329036137,3.960144519805908,3.96022234645213,4.38478,4.022125736968356,3.906637,4.49089789390564
207,nesso_62d903f4fdd8b1c37fe2,OADMET-0006465,1.2858792543411257,-2.209778070449829,0.0988758504390716,1.1098190546035769,-1.4475877285003662,0.1903731077909469,1.197849154472351,0.1446244716644287,-1.777400016784668,4.802150845527649,4.51,4.380671,4.809816810363499,4.039952603306821,4.1134612512085935,4.026986356828162,4.175784576306974,4.236349105834961,4.236666845739043,4.448092460632324,4.448142789598649,4.6803827,4.873439891156711,4.181186,4.802150845527649
208,nesso_638009308e9a2b6c3455,OADMET-0006439,0.6981861591339111,-1.8428893089294436,0.1367099285125732,1.1979624032974243,-1.208216905593872,0.2300167083740234,0.9480742812156676,0.1833633184432983,-1.4937248229980469,5.051925718784332,1.745,4.6298714,4.6720067919262736,4.348952913624427,4.22527894488346,4.305141805429658,4.512926539046094,4.219542980194092,4.220067098779044,4.295894145965576,4.295866409025436,4.2148147,4.301796631304474,4.489595,5.051925718784332
209,nesso_639281ef573e420f1307,OADMET-0006342,0.9651498198509216,-2.1306700706481934,0.1061513945460319,1.4550544023513794,-1.4964078664779663,0.1829618960618972,1.210102081298828,0.1445566415786743,-1.7779483795166016,4.789897918701172,5.15,4.427857,5.134969036516246,4.024794320400639,4.113245100282023,4.015594847285148,4.15944640100512,4.346592903137207,4.346642509746856,4.549565315246582,4.549608161585978,4.4881945,4.675117758718706,4.2093606,4.789897918701172
210,nesso_646b2ae252cf8f6eefd6,OADMET-0006276,0.784919261932373,-2.4650449752807617,0.078345276415348,1.061305284500122,-1.4190425872802734,0.1948117166757583,0.9231122732162476,0.1365785002708435,-1.844003438949585,5.076887726783752,3.945,3.7815425,4.557430336375176,4.3798337949452835,4.087207841603324,4.2691067809657515,4.423443067080093,3.74467134475708,3.7444883890360257,3.8538036346435547,3.853900864191175,3.9410338,3.756504532473536,3.6185315,5.076887726783752
211,nesso_64a795506c11a02653d7,OADMET-0006113,1.0899600982666016,-1.646623134613037,0.1615658551454544,1.1516640186309814,-1.4790515899658203,0.1855707019567489,1.1208120584487915,0.1735682785511016,-1.5605462789535522,4.8791879415512085,4.800000000000001,4.344506,3.4539638598916214,4.135256371323488,4.198939591790212,4.134585834594012,4.3115671531150594,3.932527780532837,3.932934041528274,3.7173633575439453,3.7173152442133803,3.9275637,3.8251006973830095,4.217529,4.8791879415512085
212,nesso_6530f99ac930e3a90688,OADMET-0006495,0.695260763168335,-1.796784281730652,0.1422429680824279,1.195914626121521,-1.5047330856323242,0.1817206591367721,0.945587694644928,0.1619818210601806,-1.6435556411743164,5.054412305355072,5.28,4.636549,5.171710107117024,4.352029107846737,4.166219369365938,4.282174702734074,4.476427076257135,4.3395586013793945,4.340103989156565,4.375972270965576,4.375943662336274,4.185588,4.295689758385816,4.4557996,5.054412305355072
213,nesso_65553a75176564a92fb6,OADMET-0006164,0.7647266387939453,-1.8003045320510864,0.1418140083551406,1.0914512872695925,-1.6105761528015137,0.1665086448192596,0.9280889630317688,0.1541613340377807,-1.70232892036438,5.071911036968231,5.23,4.610162,5.099523041231005,4.373677055969501,4.143052407034768,4.2884025521182165,4.471685162107886,4.236994743347168,4.237821815949259,4.426624774932861,4.426605758034218,4.5420017,4.246432262507729,4.441728,5.071911036968231
214,nesso_65684793fcec632e3fd9,OADMET-0006270,0.9814484119415284,-2.312854766845703,0.0900639146566391,1.086217761039734,-1.8622535467147827,0.1344406008720398,1.0338330268859863,0.1122522577643394,-2.067939043045044,4.966166973114014,2.765,4.50918,4.107227980361955,4.24285945963098,3.9989380057837103,4.129251913799324,4.254302692181682,4.1808953285217285,4.1809081601580695,3.9418742656707764,3.9418910756690115,4.3582263,4.329665891994969,4.2609553,4.966166973114014
215,nesso_65952f531fd2a5e5d68b,OADMET-0006362,1.4803470373153689,-1.6839803457260132,0.1565691232681274,1.1037501096725464,-1.262373447418213,0.2205655723810196,1.2920485734939575,0.1885673403739929,-1.4593461751937866,4.7079514265060425,6.25,4.662513,5.0084289663153845,3.9234170634028454,4.238830151310147,3.993741162628474,4.060832456944208,4.400080680847168,4.400316486833973,4.3043131828308105,4.304258337130003,4.706134,4.673368051655966,4.4727755,4.7079514265060425
216,nesso_660c6ca79f1edf7f8e6c,OADMET-0006460,0.6936875581741333,-3.241335868835449,0.0376394726336002,1.2705665826797483,-2.570107936859131,0.0710871741175651,0.9821270704269408,0.0543633252382278,-2.856168746948242,5.017872929573059,1.98,3.2746165,3.056862985277572,4.306825688030162,3.6882374951046724,4.044044303280406,3.784084444554231,3.4418210983276367,3.442063296992301,3.3096706867218018,3.3096316906203374,3.3079476,3.4735544491848303,2.9768794,5.017872929573059
217,nesso_6656f47c19a0ebc64c21,OADMET-0006494,1.1999518871307373,-1.3628318309783936,0.2037804424762725,1.337469220161438,-1.813849687576294,0.1401734948158264,1.2687106132507324,0.1719769686460495,-1.5716803073883057,4.731289386749268,4.295,4.6698947,5.1849878080956175,3.9522888104417304,4.194550835183525,3.996323795441371,4.09757420115123,4.420629024505615,4.420663176603634,4.7313666343688965,4.731307545054223,4.647569,4.472686920486273,4.4582295,4.731289386749268
218,nesso_667b6173f7f477ae7373,OADMET-0006259,0.8385984301567078,-0.7773897647857666,0.3148827254772186,1.0564181804656982,-1.282947063446045,0.2170489877462387,0.9475083351135254,0.265965849161148,-1.0151876211166382,5.052491664886475,5.59,5.23801,5.339452457197552,4.34965305419063,4.4139063871978275,4.38634071419137,4.568320739333721,5.399956703186035,5.400108391583504,5.511740684509277,5.511693076001458,5.5878534,5.589462079750512,5.165293,5.052491664886475
219,nesso_66c09675dd152a6a9b4e,OADMET-0006433,1.316075086593628,-1.996661901473999,0.1195538565516471,1.1895312070846558,-2.1520676612854004,0.1041381582617759,1.252803087234497,0.1118460074067115,-2.0720221996307373,4.747196912765503,1.845,4.4785895,4.797814377470966,3.9719682538193304,3.997328527188733,3.9266398588907085,4.034399461506014,4.1095404624938965,4.109599965140411,4.138793468475342,4.138860129378304,4.435601,4.218502570837043,4.237022,4.747196912765503
220,nesso_66d8ef843d0d92213a4c,OADMET-0006205,1.1408779621124268,-0.5443361401557922,0.3671794533729553,0.2402614653110504,0.1959376335144043,0.5488283038139343,0.6905696988105774,0.4580038785934448,-0.1683811694383621,5.309430301189423,5.55,5.089655,5.53774103119608,4.667515765179191,4.747696392420791,4.766041049977163,4.788048530322384,5.1885762214660645,5.188965013144902,5.18234920501709,5.182253539047155,5.200404,4.8358514479877135,4.97901,5.309430301189423
221,nesso_68066db6fed57c4855d7,OADMET-0006176,0.9241759777069092,-1.8585519790649412,0.1348719298839569,1.076304912567139,-1.366373062133789,0.2032064497470855,1.000240445137024,0.1690391898155212,-1.592452049255371,4.999759554862976,4.185,4.348358,3.5439121588304827,4.284417355545241,4.186363132063695,4.240392162236616,4.441000392683067,4.0115251541137695,4.012010134958725,3.8370492458343506,3.8370037717355254,4.222577,4.022033171089827,4.2274203,4.999759554862976
222,nesso_68293af4b4ef5a804666,OADMET-0006236,1.2948427200317385,-1.715213179588318,0.1524887531995773,1.0447006225585938,-1.2452772855758667,0.2235187292098999,1.169771671295166,0.1880037486553192,-1.4630337953567505,4.830228328704834,4.815,4.938098,5.300144319240109,4.074687686550249,4.237376583318292,4.105877349271718,4.25517993321724,4.921871662139893,4.921982443948276,4.97036600112915,4.970370847604905,5.2476735,5.0876390685000565,4.8391414,4.830228328704834
223,nesso_6857b917d6cb5721a710,OADMET-0006269,0.639940619468689,-1.3891366720199585,0.1995456218719482,1.358545422554016,-1.314786434173584,0.2116869986057281,0.9992430210113524,0.2056163102388382,-1.3515547513961792,5.000756978988648,4.295,4.8090725,4.492751506457656,4.28565128416397,4.281318844967459,4.281925032570353,4.485428426755957,4.46803617477417,4.468099332958767,4.588237762451172,4.588212141306373,4.651353,4.569712252734149,4.6690116,5.000756978988648
224,nesso_69406211a7203b6a3ac1,OADMET-0006145,0.4832663536071777,0.379551351070404,0.5937649011611938,1.0042705535888672,-0.4183489382266998,0.3969119191169739,0.7437684535980225,0.4953384101390838,-0.0186468195170164,5.2562315464019775,5.735,4.910656,5.203403835034007,4.601702773169632,4.806717942555712,4.742227563335991,4.680018592053898,4.876702308654785,4.876364753568212,4.977633953094482,4.977979916022757,5.432496,4.870682172501402,4.8658338,5.2562315464019775
225,nesso_6a7c00d985d1fd72a0d8,OADMET-0006104,1.4600374698638916,-2.06552791595459,0.1124927550554275,1.4922956228256226,-2.78012752532959,0.0584075413644313,1.4761664867401123,0.0854501500725746,-2.3704988956451416,4.523833513259888,4.885,4.479471,4.743282230374637,3.695641981040473,3.879676450112409,3.6703444040855135,3.6338057037383864,4.249972820281982,4.249540410317756,4.221092224121094,4.221109343053101,4.3501472,4.537210019617865,4.1354203,4.523833513259888
226,nesso_6acfae5cf90458d5dd3e,OADMET-0006386,0.913558065891266,-1.5365092754364014,0.1770432889461517,0.5554381012916565,-0.8296136856079102,0.3037267625331878,0.7344980835914612,0.2403850257396698,-1.1505697965621948,5.265501916408539,6.26,5.1265264,4.936122170162614,4.613171289483692,4.360542106659448,4.559944332976744,4.753081294216007,5.0527119636535645,5.052667866237796,4.863492488861084,4.863479087278866,5.1187267,5.179153170883171,5.0293465,5.265501916408539
227,nesso_6b5b95a2a75622fc31db,OADMET-0006278,0.6912246346473694,-1.6320360898971558,0.1635516285896301,1.0410019159317017,-1.1619350910186768,0.2383158355951309,0.8661133050918579,0.2009337246417999,-1.3804688453674316,5.133886694908142,5.26,5.0231895,5.23858002150812,4.4503480889115945,4.26992162951338,4.399816208656288,4.6086743758595805,4.937020301818848,4.937235333645312,4.971386432647705,4.971345854727337,5.1270256,5.062353677043158,4.9196258,5.133886694908142
228,nesso_6b8235f867e11f2462df,OADMET-0006475,0.6539978384971619,0.2766350507736206,0.5687210559844971,0.6728336215019226,-0.2416667938232422,0.4398756325244903,0.6634157299995422,0.5042983293533325,0.0171937849372625,5.336584270000458,6.140000000000001,5.137756,5.788334679243658,4.701108354696159,4.820845415869452,4.822367385426062,4.774716781228995,5.049820899963379,5.04999363359078,5.2860107421875,5.286048341780854,5.686385,5.467860254672687,5.1314373,5.336584270000458
229,nesso_6c6bbd54f57a9d8d41e6,OADMET-0006375,0.6803334355354309,-1.34315288066864,0.2069920599460601,1.0086811780929563,-2.189538955688477,0.1006938368082046,0.8445073366165161,0.153842955827713,-1.704772710800171,5.155492663383484,4.970000000000001,4.456371,4.522407646088201,4.4770771624831065,4.142089125731573,4.365065512469043,4.524317902377131,4.206194877624512,4.205150452389717,4.12079381942749,4.1207894337328,4.453372,4.838507136010315,4.1943874,5.155492663383484
230,nesso_6cfadc26d408ca46695d,OADMET-0006441,0.5865395069122314,-0.2935724854469299,0.4271295070648193,0.9578033685684204,-0.6702644228935242,0.3384376466274261,0.7721714377403259,0.3827835917472839,-0.4777499437332153,5.227828562259674,4.734999999999999,5.0927315,5.081600808329903,4.56656500771114,4.625750929460462,4.638635083955268,4.745295162320666,5.177090644836426,5.177050822114271,5.21281623840332,5.212937102369093,5.478097,5.356719329207124,5.0305495,5.227828562259674
231,nesso_6d2b58492995fb77056d,OADMET-0006404,0.801115095615387,0.1805748343467712,0.5450214147567749,0.913057506084442,-0.9807498455047609,0.2727430462837219,0.8570863008499146,0.4088822305202484,-0.3685880601406097,5.142913699150085,5.465,5.079167,5.290266155138409,4.4615155337215135,4.668779824224207,4.578734376783149,4.615746257258599,5.191967010498047,5.191750072483235,5.129310607910156,5.129301630116389,5.0422125,4.676030904639717,5.0057235,5.142913699150085
232,nesso_6d62dc778caf101c40c4,OADMET-0006413,0.447883665561676,-1.2364377975463867,0.2250566333532333,0.854295551776886,-1.0420329570770264,0.2607579231262207,0.651089608669281,0.2429072856903076,-1.1368058919906616,5.348910391330719,5.995,5.038939,4.933874685541777,4.716357187640813,4.36596749491637,4.639180091324155,4.802374986902354,4.716004848480225,4.716254882948368,4.568848609924316,4.568773419957564,4.682851,4.363241056904538,4.9854684,5.348910391330719
233,nesso_6e71a0a4ec1cf5438b5c,OADMET-0006591,0.2393168658018112,-1.1930150985717771,0.2327201217412948,0.7443533539772034,-1.1467608213424685,0.2410812228918075,0.4918351173400879,0.2369006723165512,-1.169747233390808,5.508164882659912,5.725,5.3351345,5.691055530189251,4.913373351030565,4.352982838863957,4.780483323145704,4.834768145753093,5.52512264251709,5.525479606016551,5.613563060760498,5.613516397707796,5.939604,5.803615304100757,5.29151,5.508164882659912
234,nesso_6e7c4e0bc6c5113f3a96,OADMET-0006097,0.6541590690612793,1.2161600589752195,0.7713871002197266,0.5662935972213745,0.1509793996810913,0.53767329454422,0.6102263331413269,0.6545301675796509,0.639012336730957,5.389773666858673,6.164999999999999,4.7804694,5.728145323128658,4.766909769868552,5.065950796490489,4.976249045410755,4.595328434672845,4.713738441467285,4.713766519068283,4.5730462074279785,4.57291534172506,4.7181907,4.181805600229367,4.691688,5.389773666858673
235,nesso_6ee66b23cc00761dad78,OADMET-0006111,0.5812069773674011,-1.3944416046142578,0.1986996233463287,0.6100808382034302,-1.1953593492507937,0.2323017865419387,0.5956438779830933,0.2155007123947143,-1.2920814752578735,5.404356122016907,5.31,4.729746,5.211700821014312,4.784949947850972,4.304761728655329,4.664131429659415,4.7743829144167185,4.536168575286865,4.5360932270530965,4.202211380004883,4.2021098276319355,4.7549033,4.387010637487925,4.643727,5.404356122016907
236,nesso_6ef2e241cb70f1651574,OADMET-0006612,0.6919807195663452,-1.2210241556167605,0.2277562767267227,0.8659152388572693,-0.1904109418392181,0.4525405764579773,0.7789479494094849,0.3401484191417694,-0.6626328825950623,5.221052050590515,4.28,4.8131785,4.688982635593531,4.558181681632983,4.552874681285893,4.601216528212431,4.753682837332255,4.405635356903076,4.404929932918872,4.492373466491699,4.492356045765892,4.4650493,4.082097762528291,4.701407,5.221052050590515
237,nesso_6fbb421fb0df15c55339,OADMET-0006237,1.5425615310668943,-2.8665847778320312,0.0538303330540657,1.3056851625442505,-2.6513113975524902,0.0659082308411598,1.4241232872009275,0.0598692819476127,-2.753855466842652,4.575876712799072,3.125,3.6847363,3.847207317566177,3.760025418004539,3.728566841005545,3.653705711220045,3.557827860836903,3.640625,3.6415124414620945,3.5255866050720215,3.5255621174732426,3.538933,4.024150031954584,3.3965588,4.575876712799072
238,nesso_70258c4a249d4d528b49,OADMET-0006184,0.6559438705444336,0.5782465934753418,0.6406638622283936,0.5624035000801086,0.0435121655464172,0.5108763575553894,0.6091736555099487,0.5757701396942139,0.3054330945014953,5.390826344490051,5.449999999999999,5.2980123,5.417973005107919,4.768212053443033,4.934462170269739,4.920981347467458,4.7481528301104685,5.525570392608643,5.5253701460005304,5.763543605804443,5.763560989804507,5.7032795,5.8202415751893435,5.2760253,5.390826344490051
239,nesso_709d044c800976d3fcee,OADMET-0006577,0.6048158407211304,-1.0660210847854614,0.2561604976654053,1.120324969291687,-1.2581361532211304,0.2212948948144912,0.8625704050064087,0.2387276887893676,-1.1596676111221311,5.137429594993591,6.085,5.054031,5.328134943107851,4.454731064715181,4.356955974830315,4.440308381080019,4.650422064591417,5.046343803405762,5.04657491594639,5.172425270080566,5.172450024215548,5.4036083,5.238667255921828,4.947595,5.137429594993591
240,nesso_7190c032ca80543af03e,OADMET-0006196,1.1398186683654783,-1.991239070892334,0.1201258301734924,1.2896655797958374,-2.211170196533203,0.0987518802285194,1.2147421836853027,0.1094388514757156,-2.0964858531951904,4.785257816314697,4.710000000000001,4.228742,4.301938803596944,4.019053978873761,3.9876855644611013,3.957613446440115,4.072413536598537,3.918581962585449,3.918317287617967,3.8659262657165527,3.865915545091374,3.518816,3.7129763766943875,3.979966,4.785257816314697
241,nesso_71a571e85a0221d3db80,OADMET-0006406,0.962561845779419,-1.9321423768997192,0.1265136450529098,0.9012693166732788,-2.482637405395508,0.0770843625068664,0.9319155812263488,0.1017990037798881,-2.1773934364318848,5.068084418773651,4.93,4.7059903,4.666656697163797,4.368943088160108,3.9557938109469064,4.204782271420924,4.26154472318552,4.272182464599609,4.272241005514092,4.298022270202637,4.298016241631745,4.470877,4.495061900215233,4.374852,5.068084418773651
242,nesso_71d501f80562648905d4,OADMET-0006443,1.47729229927063,-1.8360624313354488,0.1375176459550857,1.3219538927078247,-1.4627426862716677,0.1880481988191604,1.399623155593872,0.1627829223871231,-1.637665867805481,4.600376844406128,4.6850000000000005,4.5557065,4.7876245266448425,3.790334904986532,4.168540971285301,3.8644779716113096,3.8685864727906205,4.4403533935546875,4.440295465386299,4.611783504486084,4.611695577184692,4.7736096,4.515023470386788,4.3519382,4.600376844406128
243,nesso_73f4bb95b0aea96703ab,OADMET-0006410,1.0597726106643677,-1.1688928604125977,0.2370551526546478,1.358105182647705,-2.107518196105957,0.10836823284626,1.2089388370513916,0.1727117002010345,-1.5665295124053955,4.791061162948608,2.535,4.5111384,3.886018097186735,4.026233387624442,4.1965811502346675,4.052310833621174,4.189939477583757,4.249963760375977,4.249284105536803,3.878139019012451,3.878029507206967,3.4851842,3.905304736395147,4.2579885,4.791061162948608
244,nesso_740fbe5086468882216b,OADMET-0006513,1.1481575965881348,-1.5689152479171753,0.1723710894584655,1.0783321857452393,-1.9672222137451167,0.1226875633001327,1.113244891166687,0.1475293338298797,-1.7541117668151855,4.886755108833313,4.79,4.9266095,4.921160862842951,4.144617829535469,4.122640899124055,4.108930531805692,4.28406202413407,4.752342700958252,4.752253497241485,4.850001335144043,4.8499846937120115,5.004337,4.983637307251729,4.7306094,4.886755108833313
245,nesso_74fa616b6f8fd0c4727f,OADMET-0006590,0.6359781622886658,0.2650294899940491,0.5658722519874573,0.6757422089576721,-0.4102647006511688,0.3988486528396606,0.655860185623169,0.4823604524135589,-0.070587433874607,5.344139814376831,5.515,5.312962,5.484701900089879,4.710455434033954,4.786244246466902,4.814535630318766,4.806462620666338,5.405632972717285,5.405829501529904,5.298995018005371,5.299086234405831,5.1413355,4.941650241207333,5.296067,5.344139814376831
246,nesso_75077845fbc60e7f65cc,OADMET-0006337,1.0012434720993042,-0.4419853985309601,0.3912679851055145,0.970565915107727,-1.0264945030212402,0.2637642920017242,0.9859046936035156,0.3275161385536194,-0.719440758228302,5.014095306396484,5.085,5.0793123,5.002665173680434,4.3021523327058055,4.53048243206915,4.400793668268341,4.49421827443606,5.18876838684082,5.188796194418001,5.145711898803711,5.145736567582936,5.3378935,5.060705964060213,5.025991,5.014095306396484
247,nesso_769582fdff11ce60389f,OADMET-0006239,0.5208861827850342,0.9270836114883424,0.7164832353591919,0.2089407593011856,-0.4835509359836578,0.3814139664173126,0.3649134635925293,0.5489485859870911,0.1964235007762909,5.635086536407471,6.09,5.352653,5.748271015347987,5.070390067254522,4.891493304377449,5.127848337701058,5.016003806795219,4.991997718811035,4.991985694240413,5.241161346435547,5.241100786485407,5.6718783,5.4234017573170235,5.212847,5.635086536407471
248,nesso_7729283b625c0acc5730,OADMET-0006556,1.1414566040039062,-1.3917996883392334,0.1991206109523773,1.4583085775375366,-2.2124648094177246,0.0986367166042327,1.2998826503753662,0.148878663778305,-1.7434229850769043,4.700117349624634,4.87,4.699938,5.055434472842711,3.9137254072492675,4.126854150576233,3.9386241864535854,4.034042726706094,4.394029140472412,4.39328850368572,4.615349769592285,4.615337937799208,4.7260036,4.523062099713394,4.4543023,4.700117349624634
249,nesso_78a05816d0e7bf9112ac,OADMET-0006226,0.8046181201934814,-0.8267745971679688,0.3043274879455566,0.8918957114219666,-0.500551700592041,0.3774110376834869,0.8482569456100464,0.3408692479133606,-0.6594229340553284,5.151743054389954,4.955,4.945982,4.751151676805577,4.472438463932432,4.554139963024972,4.5378442691756975,4.674331045132293,4.931454658508301,4.931893516954443,4.98250675201416,4.982323546066533,5.1625395,4.799542664141885,4.8954515,5.151743054389954
250,nesso_7920d28a18bf64469119,OADMET-0006335,1.2501765489578247,-2.4449667930603027,0.0798074007034301,1.441834807395935,-2.8362245559692383,0.0553977712988853,1.34600567817688,0.067602589726448,-2.624112844467163,4.65399432182312,3.665,3.579189,3.6697088939127824,3.8566659051559196,3.7797081502321412,3.747615444291644,3.71133675173497,3.3736424446105957,3.373687834976658,3.210132122039795,3.2101839358991517,3.3856122,3.5977788944556184,3.2760184,4.65399432182312
251,nesso_7958140c3213742809f1,OADMET-0006482,0.556475818157196,-0.2775793373584747,0.4310473501682281,0.4065620601177215,0.1491252779960632,0.5372123718261719,0.4815189242362976,0.4841298460960388,-0.0635019689798355,5.518481075763702,6.035,5.2542934,5.765336939861816,4.9261356710702255,4.7890371601953525,4.976499312363113,4.972240757860414,5.392053604125977,5.392175091023931,5.416027069091797,5.4160928399907355,5.754451,5.248380211612244,5.211782,5.518481075763702
252,nesso_796d0874c0a9ae288286,OADMET-0006324,0.8431774973869324,-2.331587314605713,0.0885404795408248,1.5165162086486816,-2.179039001464844,0.1016486510634422,1.1798468828201294,0.0950945615768432,-2.2529587745666504,4.820153117179871,4.215,4.2309775,3.656894398191748,4.062223488502074,3.9260078373508276,3.963412305179647,4.050879467162142,3.8241348266601562,3.824147284125992,3.8681492805480957,3.868234556747855,3.696031,4.117052697274816,3.8926563,4.820153117179871
253,nesso_79e2bbb15edfd9ca1b76,OADMET-0006592,1.1879417896270752,-1.4080153703689575,0.1965472847223281,1.237399697303772,-0.8900251388549805,0.291104644536972,1.2126708030700684,0.2438259720802307,-1.1318167448043823,4.787329196929932,4.515000000000001,4.3815627,4.632465289836803,4.021616515467406,4.367934092433507,4.1221580131840865,4.179023542402372,4.278789043426514,4.279124101936587,4.217724800109863,4.2177934940417074,4.773596,4.3245450096577125,4.2534547,4.787329196929932
254,nesso_7a79b8a193da2c72caa3,OADMET-0006132,0.8218927383422852,0.2036452889442443,0.550736129283905,1.0620721578598022,-0.947953760623932,0.2792965173721313,0.9419824481010436,0.4150163233280182,-0.3432661890983581,5.058017551898956,5.465,4.9459147,5.365524926844028,4.356489213406221,4.6787610748992545,4.50471626479645,4.478715161929583,4.995480537414551,4.995597594908009,5.237855434417725,5.238148203620999,5.737214,5.41540319751149,4.8495574,5.058017551898956
255,nesso_7ab806fa904d26324358,OADMET-0006257,0.8162039518356323,-0.6562806963920593,0.3415755927562713,1.08292555809021,-1.062533259391785,0.2568256556987762,0.9495647549629213,0.2992006242275238,-0.8511072397232056,5.050435245037079,3.58,4.5097833,4.138657206343645,4.347109025788888,4.478582785510281,4.412106842748928,4.560425296907834,4.293838977813721,4.293853890428226,4.34879732131958,4.3487120580019205,4.3099937,4.294680069263774,4.39419,5.050435245037079
256,nesso_7abe575b98c8eeb0217d,OADMET-0006356,0.975752890110016,-2.007493019104004,0.1184184402227401,1.0303045511245728,-1.1828265190124512,0.234544351696968,1.0030287504196167,0.1764813959598541,-1.5403707027435305,4.996971249580383,5.065,4.8444037,5.220864244782355,4.28096790049659,4.2068923012613935,4.246601362433444,4.44977992068445,4.810705184936523,4.810459040937416,4.785704612731934,4.785768623463533,5.1235514,5.117364885582667,4.7414,4.996971249580383
257,nesso_7af9bb10c4f391a52828,OADMET-0006190,0.9567814469337464,-2.0131983757019043,0.1178241223096847,1.188799500465393,-1.5555076599121094,0.1742922067642212,1.072790503501892,0.1460581719875335,-1.765858173370361,4.927209496498108,3.305,4.155121,4.1967963946294224,4.194664570343077,4.118010758319586,4.14425528763595,4.324824431667841,3.8832738399505615,3.8838665117141917,3.718543529510498,3.718524657908618,3.6766574,3.6414639634875035,4.010752,4.927209496498108
258,nesso_7b8690116eebc9f1b758,OADMET-0006364,0.7807630300521851,0.502326488494873,0.6230059266090393,0.805481493473053,-0.3485219180583954,0.413740873336792,0.7931222915649414,0.5183733701705933,0.0735265985131263,5.206877708435059,5.165,5.1197486,5.266359614578651,4.540646386479083,4.843050407459261,4.712255424641973,4.574433517231945,4.997317314147949,4.997323808212522,5.033186912536621,5.033414578974596,4.9718237,4.555328012768206,5.0767226,5.206877708435059
259,nesso_7ba660f69826f1697112,OADMET-0006297,1.2713578939437866,-1.514110088348389,0.1803304702043533,1.1477108001708984,-1.9942501783370967,0.119807943701744,1.2095344066619873,0.1500692069530487,-1.7340583801269531,4.790465593338013,5.125,4.9261475,4.788150387261917,4.025496599363516,4.130545444530076,4.0235177843323084,4.16786844618355,4.7872209548950195,4.78718803341519,4.713484287261963,4.713398865963604,4.6088824,4.4830204204643636,4.669101,4.790465593338013
260,nesso_7ba7685572fda36e317c,OADMET-0006316,1.122014045715332,-1.587301254272461,0.1697639226913452,1.3256175518035889,-1.8963984251022337,0.1305166482925415,1.2238157987594604,0.1501402854919433,-1.7335011959075928,4.77618420124054,5.04,4.494392,3.647817186106569,4.00782887109146,4.130765072667205,4.010442106712095,4.14821428877892,4.172446250915527,4.172223017005251,4.116568565368652,4.11645590748663,3.742899,4.013560290024404,4.2522492,4.77618420124054
261,nesso_7ca84dc84846c73f0f54,OADMET-0006522,0.9403493404388428,-0.8468536734580994,0.3000932931900024,0.6636785864830017,-0.2342233061790466,0.4417104125022888,0.8020139932632446,0.3709018528461456,-0.5283498167991638,5.197986006736755,5.625,5.065534,4.991064246803798,4.5296463265122675,4.605805720184493,4.602585034235902,4.716300195273777,5.050467491149902,5.050714992517415,4.96594762802124,4.965982778021054,5.3255787,4.796686059465672,5.045781,5.197986006736755
262,nesso_7d260ee1e551b928ac12,OADMET-0006558,0.4459649920463562,-1.6495684385299685,0.1611672937870025,1.1670295000076294,-1.844979166984558,0.1364634782075882,0.8064972162246704,0.1488153934478759,-1.743922472000122,5.19350278377533,5.175000000000001,4.821218,5.11283986200432,4.524100062918011,4.1266572652757265,4.3935163260371946,4.5268961419901785,4.588045597076416,4.5880029014220165,4.591263771057129,4.591195068935079,4.436694,4.523076606293084,4.616317,5.19350278377533
263,nesso_7e91706fd2375f1a95bd,OADMET-0006438,0.4429784119129181,-1.2466806173324585,0.2232752591371536,0.8203484416007996,-0.4436083734035492,0.3908815085887909,0.63166344165802,0.3070783913135528,-0.8138138651847839,5.36833655834198,6.01,5.208698,5.431124935049937,4.740389595530747,4.493282904595688,4.711547487893325,4.872420260143516,5.209072113037109,5.208515238938554,5.266654014587402,5.266733400008423,5.632908,5.088562897135064,5.2365108,5.36833655834198
264,nesso_7f4dc56895b7bb8cebfc,OADMET-0006553,1.2926521301269531,-2.3100900650024414,0.0902907475829124,1.2460333108901978,-1.349259376525879,0.2059914916753769,1.2693426609039309,0.1481411159038543,-1.7492555379867554,4.730657339096069,2.26,3.9215667,4.595843515859352,3.9515068946372005,4.1245551035361645,3.965803382433709,4.080088162956569,3.213639259338379,3.213109291114644,3.5043892860412598,3.5045306658657727,3.5098963,3.4539846949193653,3.7611969,4.730657339096069
265,nesso_7fd9de464e844e42a0f3,OADMET-0006383,1.341402292251587,-1.3702566623687744,0.2025783807039261,1.1382492780685425,-1.7135096788406372,0.1527090519666671,1.23982572555542,0.1776437163352966,-1.5323938131332395,4.76017427444458,5.285,4.907284,4.972815462017552,3.9880227461453766,4.210036592403018,4.0295833971055135,4.145465388281364,4.876495838165283,4.87654006431657,4.746561050415039,4.746516905065866,4.610634,4.436422676748896,4.6990685,4.76017427444458
266,nesso_806554fa6e0df795f03b,OADMET-0006478,-0.0574645139276981,0.6617225408554077,0.6596471667289734,0.4981226623058319,0.0465025305747985,0.5116235017776489,0.220329076051712,0.5856353044509888,0.3459507822990417,5.779670923948288,5.65,5.1110783,5.486654275746806,5.2492576212029185,4.950433233308715,5.286386054926489,5.070177569605689,5.281492233276367,5.281886152271682,5.255975723266602,5.255939172773706,5.8354483,5.284674278645238,5.1540523,5.779670923948288
267,nesso_81370989d5007df46110,OADMET-0006453,1.1692692041397097,-0.4386878907680511,0.3920536935329437,0.8494343161582947,-0.2409496307373047,0.4400523602962494,1.0093517303466797,0.4160530269145965,-0.3389973938465118,4.99064826965332,5.135,4.9907537,5.240311519097491,4.273145645463008,4.680443727631276,4.443311228725031,4.361436971537477,5.112492561340332,5.112503335688331,5.267811298370361,5.267865714572555,5.3331122,4.763570521300689,4.959149,4.99064826965332
268,nesso_820ce36dffa38d58fe54,OADMET-0006215,0.9264765977859496,-1.9247874021530151,0.1273286640644073,1.2684420347213743,-1.4339466094970703,0.192484512925148,1.097459316253662,0.1599065959453582,-1.6589231491088867,4.902540683746338,4.605,4.2318506,4.598744981639259,4.164146405340826,4.160161880616793,4.139535166066289,4.322950360746972,3.884901523590088,3.885325098988304,4.037610054016113,4.037610312508491,3.7584944,3.682280195088189,4.0103993,4.902540683746338
269,nesso_823066cca10971cf862a,OADMET-0006302,0.4701094329357147,-0.917549967765808,0.2854573726654053,0.8301963210105896,-2.040729761123657,0.114992432296276,0.650152862071991,0.2002249062061309,-1.3848892450332642,5.349847137928009,5.495,4.8013043,5.384901525418401,4.717516051162502,4.268179218098561,4.598219316772501,4.726291576784817,4.391074180603027,4.389751949347583,4.6091437339782715,4.609197590446758,4.966115,4.73110151118803,4.64121,5.349847137928009
270,nesso_82a3a2e4b1f083a23992,OADMET-0006384,1.1939921379089355,-1.0779004096984863,0.2539035677909851,0.7710846662521362,0.5606986284255981,0.636614203453064,0.982538402080536,0.4452588856220245,-0.2198456972837448,5.017461597919464,3.215,4.020365,4.2331863788083925,4.30631682335956,4.727410357773485,4.488125084607069,4.367016620501772,3.762984037399292,3.7635364574894137,3.54399037361145,3.5439302654534917,4.546809,3.4406710161360174,3.8974564,5.017461597919464
271,nesso_82adf06dbe9f2329b208,OADMET-0006549,1.0490236282348633,-0.9150679111480712,0.2859638929367065,0.9096795320510864,-0.7143864035606384,0.3286303281784057,0.9793515801429749,0.3072971105575561,-0.8127861618995667,5.020648419857025,5.1850000000000005,4.860023,5.139263602445981,4.3102592894482985,4.49368799962568,4.391099448553389,4.51594072258463,4.858704566955566,4.859265731577874,4.892746925354004,4.892783445949139,5.267768,5.0417844684201345,4.8091097,5.020648419857025
272,nesso_834dafd227bca798941f,OADMET-0006331,0.6650841236114502,-0.4045876562595367,0.4002106189727783,0.8735015392303467,-0.7783982753753662,0.3146651983261108,0.7692928314208984,0.3574379086494446,-0.5865018367767334,5.230707168579102,4.88,5.1226325,5.227316342276799,4.570126175551555,4.582883642756328,4.622955016250257,4.759448313849832,4.995802879333496,4.99587717156177,5.203763484954834,5.204005131461985,5.2929974,4.979035635096068,5.0789704,5.230707168579102
273,nesso_834ed9ab201118e78db0,OADMET-0006500,0.8027937412261963,-1.2029809951782229,0.2309453338384628,1.021268606185913,-1.6187028884887695,0.165383830666542,0.9120311737060548,0.1981645822525024,-1.3978054523468018,5.087968826293945,5.279999999999999,5.038668,5.303101682863642,4.393542392382108,4.26308797098052,4.35455016151962,4.566018668090577,4.972331523895264,4.972228131751499,5.135908603668213,5.135936319532695,5.4357786,5.647617582562767,4.907072,5.087968826293945
274,nesso_838f7cbc0cc15c7b7285,OADMET-0006228,0.8691407442092896,-1.8904814720153809,0.1311895847320556,1.1349629163742063,-1.1568429470062256,0.2392414212226867,1.002051830291748,0.1852155029773712,-1.4814035892486572,4.997948169708252,5.470000000000001,4.8755417,4.786019885045604,4.282176463306496,4.230135668246173,4.257443550342925,4.462343398406495,4.722654819488525,4.722496616961644,4.587368011474609,4.587344277411854,5.0973997,4.87854930681411,4.7384715,4.997948169708252
275,nesso_83a31c367d9fc44d2831,OADMET-0006601,0.9402488470077516,-1.0633258819580078,0.2566744089126587,1.1762914657592771,-0.8772872686386108,0.2937402427196502,1.0582702159881592,0.2752073407173157,-0.9683608412742616,4.941729784011841,4.805,5.093123,4.617798419933735,4.212627839783048,4.432364337130996,4.292095997128157,4.415153618214157,4.906267166137695,4.906519757623395,5.097905158996582,5.0980166739886075,5.091265,4.943529395618778,5.0370054,4.941729784011841
276,nesso_83ada7a3b6d5b42d9ea1,OADMET-0006617,1.3152737617492676,-1.335971713066101,0.2081733047962188,1.317033052444458,-1.1024484634399414,0.2492813915014267,1.3161534070968628,0.2287273406982422,-1.2155113220214844,4.683846592903137,3.515,4.5220337,4.520007592630371,3.893596605618857,4.334943775329683,4.012621181736293,3.9978754445731077,4.021472930908203,4.0215806449757325,4.156669616699219,4.156725725685774,3.9606457,3.682729295266465,4.338842,4.683846592903137
277,nesso_83dfbd3fb6bb8dc91670,OADMET-0006449,0.675234317779541,-1.3484492301940918,0.2061240226030349,0.9088623523712158,-1.046458721160889,0.2599056959152221,0.7920483350753784,0.2330148518085479,-1.191365361213684,5.207951664924622,4.465,5.1203938,5.178695118017828,4.541974994454,4.344461511487899,4.499996494167897,4.704936246997871,5.109576225280762,5.109875179060355,5.144724369049072,5.144606245533851,5.3979573,5.350510536880375,5.0442457,5.207951664924622
278,nesso_8455dada02af5411ce81,OADMET-0006303,1.0075243711471558,-0.73762446641922,0.3235238194465637,0.939641296863556,-0.5400478839874268,0.3681764602661133,0.9735828638076782,0.3458501398563385,-0.637330949306488,5.026417136192322,5.875,4.7528944,5.445484848659468,4.317395856527682,4.562848072995186,4.4259992349331085,4.499075381893266,4.671938419342041,4.6724552185679595,4.7939772605896,4.793904121129691,4.954437,4.454433450656578,4.7019835,5.026417136192322
279,nesso_86d5432d1f7341f17496,OADMET-0006434,1.032507300376892,-1.7390007972717283,0.1494399011135101,1.2261323928833008,-1.173731803894043,0.2361811101436615,1.1293199062347412,0.1928105056285858,-1.431850552558899,4.870680093765259,5.279999999999999,4.869866,5.357866852437393,4.124731182893938,4.249668240704386,4.14843723514363,4.314544897845995,4.833939075469971,4.83427343782747,4.731881618499756,4.731767994887978,5.432447,5.152894679727863,4.734923,4.870680093765259
280,nesso_8730a7f05280543f345f,OADMET-0006409,0.6877673864364624,-0.0632449686527252,0.4841940104961395,0.3371818959712982,-0.2411428391933441,0.4400047659873962,0.5124746561050415,0.4620993733406067,-0.1518938988447189,5.487525343894959,6.005,5.2967153,5.039002239191657,4.887839862413283,4.75419526371146,4.933051347789199,4.958901495103343,5.366277694702148,5.366011195221457,5.341919898986816,5.341984099324183,5.6081305,5.532955470443155,5.2140694,5.487525343894959
281,nesso_87566731c5a3c50dc4af,OADMET-0006250,0.8563525676727295,-1.6318985223770142,0.1635704487562179,1.22390615940094,-2.122772455215454,0.1069030836224556,1.0401294231414795,0.135236769914627,-1.855428695678711,4.9598705768585205,2.065,4.5692134,3.2793918151355634,4.235070091663488,4.082704290058894,4.15927299161845,4.329638969469545,4.226957321166992,4.227374959020598,4.269755840301514,4.269749883480768,4.3185835,4.461886959893742,4.310339,4.9598705768585205
282,nesso_8771a7d96d2e5f934f7e,OADMET-0006309,0.4065976142883301,-0.943429470062256,0.2802081108093261,1.0438629388809204,-0.8463220596313477,0.3002049624919891,0.7252302765846252,0.2902065515518188,-0.8943811058998108,5.274769723415375,4.52,4.877276,4.271532633489525,4.624636635071648,4.4615253056239625,4.611681742918941,4.7978609674400285,4.779232025146484,4.780428013247608,4.719399452209473,4.719144742304334,5.067599,4.4111389655995,4.7751226,5.274769723415375
283,nesso_8779ca2c02217a14baf6,OADMET-0006451,0.5830497741699219,-1.1776947975158691,0.2354669421911239,0.9723942875862122,-1.319815993309021,0.2108489125967025,0.7777220010757446,0.2231579273939132,-1.2473572492599487,5.222277998924255,5.11,5.0628877,5.147919467496935,4.559698321039582,4.322390904247761,4.503767828106024,4.703839117598647,4.892304420471191,4.892437852450603,4.937748908996582,4.937811868712196,5.0546417,4.944817088224999,4.971446,5.222277998924255
284,nesso_88159ab4b4b48f258801,OADMET-0006595,1.1923894882202148,-1.6117860078811646,0.1663407981395721,1.096441626548767,-1.485780954360962,0.1845558285713195,1.1444156169891355,0.1754483133554458,-1.5474953651428225,4.855584383010864,5.1,4.42629,4.760448708054414,4.106056048574966,4.20408393685326,4.115020032044761,4.282511650581268,3.9848897457122803,3.985185039217383,4.194075584411621,4.194058526847007,4.0073576,3.9299610131218414,4.2216825,4.855584383010864
285,nesso_8816a4593e1efc61cd4f,OADMET-0006408,0.7802725434303284,0.5586163997650146,0.6361323595046997,0.8344719409942627,0.1155611276626586,0.5288581848144531,0.8073722124099731,0.5824952721595764,0.3330252170562744,5.192627787590027,5.805,5.0164623,5.703710835958163,4.523017591774057,4.945338297528122,4.742863939329229,4.432960910875063,5.009720325469971,5.009841614133327,5.332390785217285,5.332477171000361,5.213394,4.800457155791897,4.9553695,5.192627787590027
286,nesso_88b38be14f53eca02ce3,OADMET-0006351,0.9248642325401306,-1.4148859977722168,0.195464551448822,1.0307676792144775,-1.825332760810852,0.1387952119112014,0.9778159856796264,0.1671298742294311,-1.606106519699097,5.0221840143203735,5.58,4.9201226,5.282283971103684,4.312158996810812,4.180980880013424,4.258768902087753,4.458824837187287,4.733551979064941,4.733463725973341,4.786179542541504,4.7861653061351666,4.7834854,4.866402856062635,4.692203,5.0221840143203735
287,nesso_8910264320107d29b88a,OADMET-0006427,1.200236439704895,-2.14574670791626,0.1047293469309806,1.347917914390564,-2.3567802906036377,0.0865283459424972,1.2740771770477295,0.0956288427114486,-2.246765375137329,4.725922822952271,3.38,4.1513414,4.478897802814374,3.9456497524092318,3.9284491210984465,3.8775618048385203,3.951990738364381,3.928656578063965,3.928503549481585,3.9568357467651367,3.95683093183695,3.8147385,3.9547659231083974,3.8860142,4.725922822952271
288,nesso_891ef1405ae7f4513a0e,OADMET-0006584,0.9143846035003662,-1.2553069591522217,0.221782848238945,1.0311816930770874,-1.375173568725586,0.2017852663993835,0.9727831482887268,0.2117840647697448,-1.3142049312591553,5.027216851711273,4.57,4.9112697,5.219389380367707,4.318385196809592,4.296041213501503,4.312621896263384,4.5194372595968035,4.784945964813232,4.785006941334504,4.92530632019043,4.92530004271266,5.032349,4.994213998797221,4.772487,5.027216851711273
289,nesso_8a2a7bc7a3aa2a623fc0,OADMET-0006120,0.7868109941482544,-0.8597228527069092,0.297397255897522,1.046493411064148,-1.3128235340118408,0.2120147496461868,0.9166522026062012,0.2547059953212738,-1.0736688375473022,5.083347797393799,4.725,4.5841994,4.365879533537996,4.387825646956461,4.390854548729722,4.4049353562078295,4.602684500842921,4.187982082366943,4.188139289229506,4.194082736968994,4.1940194868559395,4.289342,4.22860359723551,4.4507513,5.083347797393799
290,nesso_8a834eae84b0604e9121,OADMET-0006101,0.7656325101852417,0.5404648780822754,0.631920576095581,0.8927292823791504,-0.6826090812683105,0.3356792330741882,0.829180896282196,0.4837999045848846,-0.0648230090737342,5.170819103717804,6.44,4.77224,5.365699810992008,4.496037735889153,4.7885164391038115,4.655679425682022,4.569294854128547,4.511135578155518,4.511174772230186,4.33682107925415,4.3369033663701755,4.320814,3.762311914262486,4.6789603,5.170819103717804
291,nesso_8b6bea565cadff5f2abd,OADMET-0006123,0.8525299429893494,-1.321255445480347,0.210609495639801,1.105096697807312,0.3305506706237793,0.5818933844566345,0.9788132905960084,0.3962514400482178,-0.4211088418960571,5.021186709403992,2.56,4.15869,3.946349880144445,4.310925215667716,4.648077440601927,4.45762906758195,4.440204551639833,3.768242120742798,3.7678115890469486,3.6464433670043945,3.6463826598093614,4.194149,3.2886446896876707,4.035646,5.021186709403992
292,nesso_8c77a27400b24adb7e3b,OADMET-0006571,0.7064744234085083,-1.5304319858551023,0.1779305040836334,1.1481496095657349,-1.688190460205078,0.1560139656066894,0.9273120164871216,0.1669722348451614,-1.6072394847869873,5.072687983512878,5.119999999999999,4.8411374,4.715018108904347,4.3746382284055665,4.180534293403396,4.305150229003628,4.501704916094727,4.662529945373535,4.662666859719488,4.646151065826416,4.6461787572041855,4.612892,4.7209860221150555,4.6631722,5.072687983512878
293,nesso_8e68cf759cd2a959bc0b,OADMET-0006521,0.6994537711143494,-0.7594229578971863,0.3187715411186218,1.1389576196670532,-1.250877857208252,0.2225482165813446,0.9192056655883788,0.270659863948822,-0.991277277469635,5.080794334411621,3.58,4.6794634,3.103109232793199,4.384666718904212,4.423331248941616,4.416471143061948,4.602458966340588,4.465130805969238,4.465267852163816,4.374073028564453,4.374015218401851,4.6313043,4.544009206035416,4.537935,5.080794334411621
294,nesso_8f4924aae6b86a8c33b6,OADMET-0006537,1.1035051345825195,-1.548007607460022,0.17537422478199,1.4356154203414917,-1.4596970081329346,0.1885136663913726,1.2695603370666504,0.1819439530372619,-1.5032321214675903,4.73043966293335,2.95,4.218002,3.771824241532776,3.951237604131906,4.221531404699377,4.007079962636013,4.098718456601585,3.727398157119751,3.7276623030697964,3.718331813812256,3.7182901332647953,3.672565,3.373058451368401,4.0422387,4.73043966293335
295,nesso_8f97386b460d425d47f5,OADMET-0006187,0.8520247936248779,-1.478847861289978,0.1856015026569366,0.8575733304023743,-1.303725242614746,0.2135387361049652,0.8547990322113037,0.1995701193809509,-1.3889832496643066,5.145200967788696,5.335,4.893618,5.385397793177633,4.464345148685964,4.266565463474385,4.408814236512009,4.615602281312953,4.683049201965332,4.683435610978085,4.542942523956299,4.542924053958616,4.810972,4.490869604634198,4.756268,5.145200967788696
296,nesso_90006c765a2a41d43be6,OADMET-0006492,0.96812242269516,-1.189617156982422,0.2333274185657501,0.620543897151947,-0.939289689064026,0.2810438573360443,0.7943331599235535,0.2571856379508972,-1.060647964477539,5.205666840076447,5.83,4.815552,5.091915046967236,4.539148402740022,4.39598705248114,4.519927302794216,4.7234178748956435,4.588072299957275,4.588378963552788,4.242351531982422,4.242357844893909,4.366614,4.0791411267985955,4.7420464,5.205666840076447
297,nesso_900c1fd88a4fd1bd3250,OADMET-0006463,0.7372595071792603,-1.0305116176605225,0.2629849314689636,1.283719182014465,-1.1436138153076172,0.241657480597496,1.0104893445968628,0.2523212134838104,-1.086270451545715,4.989510655403137,5.54,4.4860797,4.107587482880232,4.271738285500234,4.385887306458467,4.316278733632017,4.488023736686621,4.270354270935059,4.270962147441149,4.347626686096191,4.3473288871568085,4.6393538,4.431612623174457,4.3446727,4.989510655403137
298,nesso_9039781089f69a096d80,OADMET-0006142,-0.2168457955121994,2.6378302574157715,0.9332569241523744,0.0947167426347732,0.4376129508018493,0.6076900959014893,-0.061064526438713,0.7704734802246094,1.210986614227295,6.061064526438713,5.24,5.128088,5.758593407864033,5.597373944343136,5.2914088060445295,5.691710893615602,4.956598975983472,5.257120132446289,5.258216295616342,5.2782697677612305,5.2783962896484855,4.8902383,4.7999052347991995,5.0304136,6.061064526438713
299,nesso_9058a1fb00231a579fa1,OADMET-0006388,0.8958848714828491,-1.5947340726852417,0.1687188893556594,0.9218993186950684,-1.136042594909668,0.243047684431076,0.9088920950889589,0.2058832943439483,-1.3499209880828855,5.091107904911041,5.205,4.6120815,4.554369828504804,4.397425794479954,4.281962833760644,4.365517754257233,4.578097084286017,4.185558319091797,4.185576566448133,4.036273956298828,4.0362378928969145,4.1858196,4.166450625989597,4.4901586,5.091107904911041
300,nesso_90e398bf8a51e4c6b08b,OADMET-0006499,1.3479087352752686,-1.1810967922210691,0.2348550409078598,1.4621456861495972,-1.449242353439331,0.1901181936264038,1.405027151107788,0.2124866247177124,-1.310001254081726,4.594972848892212,5.065,4.173111,4.052850826818579,3.7836495396053675,4.297698198310994,3.9147359406318554,3.832517250968082,3.9119741916656494,3.9119806191040185,3.93489408493042,3.934902005610928,4.019743,3.7999440197659884,3.9733162,4.594972848892212
301,nesso_91bc4a6ca85bb0b9c88a,OADMET-0006341,1.221373438835144,-1.8152005672454836,0.1400107592344284,1.276186466217041,-2.403315544128418,0.0829202160239219,1.2487800121307373,0.1114654839038848,-2.0758585929870605,4.751219987869263,4.65,4.3429317,4.68764469236984,3.976945261471398,3.995816316510713,3.9297029644786234,4.038276420840244,3.959980010986328,3.9597301292675016,3.9786415100097656,3.9786433108619166,3.9226804,4.161233601439779,3.9993553,4.751219987869263
302,nesso_91e2cc0173daacc68234,OADMET-0006477,0.312837541103363,-0.590362548828125,0.3565516471862793,0.7242591381072998,-1.4438835382461548,0.1909446865320205,0.5185483694076538,0.2737481594085693,-0.9756882786750792,5.481451630592346,5.35,5.1449127,4.950361022843349,4.880325978927656,4.429476043869363,4.7885662202149275,4.891626756372021,5.070488929748535,5.070419707687034,5.167994022369385,5.168037271699764,5.1181526,5.0259216692142274,5.0551534,5.481451630592346
303,nesso_91f76fad5d078fbf3a2e,OADMET-0006536,0.8622804880142212,-1.7743734121322632,0.1449992954730987,1.1015456914901731,-1.871077299118042,0.1334171295166015,0.9819130897521972,0.1392082124948501,-1.821881890296936,5.018086910247803,4.605,4.498509,5.114061210065813,4.307090406790842,4.09592760492784,4.218612984273319,4.3899915111279215,4.377842426300049,4.37799337907424,4.577274799346924,4.5773072761962785,4.784378,4.789641699657715,4.208487,5.018086910247803
304,nesso_92d41969340981ffb80f,OADMET-0006217,0.633698046207428,-0.1740655303001403,0.4565931558609009,1.0676833391189575,-1.412371277809143,0.1958603113889694,0.8506907224655151,0.3262267410755157,-0.7253009676933289,5.149309277534485,4.24,4.7154264,4.654987260281976,4.469427601415406,4.52817248350409,4.524493519680719,4.676539767867292,4.607747554779053,4.606524684317322,4.562786102294922,4.562807741373912,4.6768293,4.671925116952737,4.56106,5.149309277534485
305,nesso_934ec2643f0e29fd6ff1,OADMET-0006094,0.5446895956993103,0.7039731740951538,0.6690680384635925,0.905820608139038,-0.7375117540359497,0.3235484957695007,0.7252551317214966,0.4963082671165466,-0.0147671895101666,5.274744868278503,5.165,5.025558,5.286104839733847,4.624605886402232,4.808247196044136,4.7599537298561305,4.704226771371133,5.019342422485352,5.019118195159013,5.02847957611084,5.02847327489325,5.0646834,4.564762376044334,4.9893284,5.274744868278503
306,nesso_938bf83ed1411dadddcd,OADMET-0006314,0.5370216965675354,-0.3324989378452301,0.4176327288150787,0.6059069037437439,-0.2376917004585266,0.4408552646636963,0.5714643001556396,0.4292439818382263,-0.2849363088607788,5.42853569984436,5.050000000000001,5.2523756,5.02020414143365,4.814862872856658,4.701753260410559,4.856224191052312,4.924533969841171,5.467757701873779,5.467574695419682,5.490825653076172,5.490832251568054,6.293278,5.595808651523949,5.2516284,5.42853569984436
307,nesso_93aba1e522cd939aba59,OADMET-0006429,1.3691712617874146,0.0512014031410217,0.5127975344657898,0.9161946177482604,-0.860777735710144,0.2971768677234649,1.1426829099655151,0.4049872159957886,-0.3847273886203766,4.857317090034485,5.37,4.994951,5.627401044706859,4.108199606896135,4.662418103045914,4.312649957938637,4.120040936942688,4.9790449142456055,4.978968325324015,5.218618869781494,5.218807015604399,5.8511944,5.336184051161367,4.882942,4.857317090034485
308,nesso_93d8744a407a68afceb9,OADMET-0006535,0.860506534576416,0.1881499290466308,0.5468991994857788,0.8555411696434021,-0.904029130935669,0.2882232069969177,0.8580238819122314,0.4175612032413482,-0.3327930569648742,5.1419761180877686,5.28,5.0731387,4.803402726962137,4.460355637870397,4.682889322650093,4.583904496580374,4.605854164993093,5.020784854888916,5.020593313711453,4.982088088989258,4.982081501799014,4.7287107,4.470303908443143,5.0201874,5.1419761180877686
309,nesso_9488c5bb72e64e6b8d24,OADMET-0006607,1.0296741724014282,-1.7068482637405396,0.1535729467868805,1.2148551940917969,-1.634541153907776,0.1632092148065567,1.1222646236419678,0.1583910882472992,-1.6702481508255005,4.877735376358032,4.83,4.55184,5.14486653397837,4.133459380739143,4.15569784710046,4.114751610768292,4.291434290109519,4.383752346038818,4.38395149544879,4.469018936157227,4.468934694985064,4.6882,4.851278159962308,4.37059,4.877735376358032
310,nesso_949d455ec6fc5c2df522,OADMET-0006140,1.0891631841659546,0.6720200777053833,0.6619553565979004,1.131939172744751,-0.4246997833251953,0.3953926563262939,1.110551118850708,0.5286740064620972,0.1148220524191856,4.889448881149292,5.13,4.668262,4.729145661335783,4.147950336407396,4.859328046520312,4.426499845203403,3.936306306579074,4.360558986663818,4.360591840639088,4.607674598693848,4.6076937801583915,4.4995794,3.6582654349692367,4.6008263,4.889448881149292
311,nesso_95519acd7adcd7bd3b82,OADMET-0006519,0.1697665303945541,1.6806401014328003,0.8429892659187317,0.5165262818336487,0.7730505466461182,0.6841803789138794,0.343146413564682,0.7635848522186279,1.17243492603302,5.656853586435318,5.32,4.7040915,5.369855331132409,5.097318417274709,5.2762126910666405,5.31246751621036,4.659721422635182,4.5654296875,4.565548826811895,4.462924003601074,4.462611619499898,4.5165567,3.9276993519667482,4.6513066,5.656853586435318
312,nesso_95f9fe392148fb4596e9,OADMET-0004676,0.972759485244751,1.3782293796539309,0.7987064719200134,0.9000037908554077,0.2348153591156005,0.5584355592727661,0.9363816380500792,0.6785709857940674,0.7472124099731445,5.063618361949921,5.085,4.601724,4.874078955853432,4.36341806105696,5.108600569577428,4.693725837861872,3.8984788618538406,4.4392805099487305,4.439911376163806,4.842878341674805,4.843062227338818,4.120418,4.007621817499559,4.4837103,5.063618361949921
313,nesso_9607b7d14a1233d62245,OADMET-0006320,0.6712170839309692,-1.8770291805267332,0.132730484008789,1.0904226303100586,-2.0087990760803223,0.1182821616530418,0.8808198571205139,0.1255063265562057,-1.941288948059082,5.119180142879486,4.69,4.755436,4.825559604590533,4.432154388795543,4.048860317763112,4.291705363525272,4.404679849925079,4.516951560974121,4.516804844035729,4.5417890548706055,4.541820578082915,4.5053167,4.798531948207928,4.5219574,5.119180142879486
314,nesso_9731809c027e0da9abb1,OADMET-0006382,0.7000402212142944,-0.5210415720939636,0.3726086914539337,0.8353829383850098,-0.9227957725524902,0.2843886017799377,0.7677115797996521,0.3284986615180969,-0.7149832844734192,5.232288420200348,5.815,5.116809,5.328515940709249,4.572082366081389,4.532239457166178,4.602752366863351,4.766878256540037,5.2373247146606445,5.2374664511000635,5.231742858886719,5.231795947595059,5.4385357,5.1965311223804935,5.0684967,5.232288420200348
315,nesso_97f69346bc3bfff6626f,OADMET-0006288,0.409606784582138,-0.5094819664955139,0.3753149807453155,0.7429206967353821,-0.6783794164657593,0.3366231024265289,0.5762637257575989,0.3559690415859222,-0.5929029583930969,5.423736274242401,4.98,4.9874873,5.012313715744078,4.8089254301466875,4.580360480097937,4.79987801481141,4.926068130389341,4.842289447784424,4.842788855223633,4.970186233520508,4.9700347013330735,4.988449,4.866848885103946,4.945044,5.423736274242401
316,nesso_98eed5dc72f8940760dd,OADMET-0006507,0.576651930809021,0.5501246452331543,0.6341645121574402,0.6950200200080872,-0.8272305130958557,0.3042309582233429,0.6358360052108765,0.4691977500915527,-0.1233652383089065,5.364163994789124,4.465,4.5653267,4.86688846219948,4.7352276534352855,4.765440550908292,4.824103109801666,4.840338562628945,4.3316216468811035,4.331561542497852,4.160646438598633,4.160662188085908,4.475833,4.38621757393772,4.4751177,5.364163994789124
317,nesso_992aeaadb31214b10607,OADMET-0006470,1.5077111721038818,-1.0025763511657717,0.2684351801872253,1.0066310167312622,-1.6037389039993286,0.1674596965312957,1.2571711540222168,0.2179474383592605,-1.277667999267578,4.742828845977783,6.1,4.862249,4.8722433009145725,3.9665644516862537,4.310443161781573,4.056532731885795,4.113998942376952,4.506715774536133,4.506611084944061,4.400759220123291,4.40084308362961,4.095132,4.184077094168287,4.7347336,4.742828845977783
318,nesso_99590118285a21f306d8,OADMET-0006454,0.6825548410415649,-1.3357505798339844,0.2082097381353378,1.052788257598877,-1.523093581199646,0.179006427526474,0.867671549320221,0.1936080753803253,-1.4267340898513794,5.132328450679779,5.055,5.040548,4.882272861621798,4.4484203611788695,4.251685022827953,4.390579371189394,4.596609543038316,4.863361835479736,4.863886943433752,4.977373123168945,4.977364270465268,5.2026396,4.937514452035107,4.9010425,5.132328450679779
319,nesso_9a7fee26a38e1a5ebee0,OADMET-0006248,0.1988056302070617,0.6048630475997925,0.6467680931091309,0.4181131422519684,0.0114552378654479,0.5028637647628784,0.3084594011306762,0.5748159289360046,0.3015276491641998,5.691540598869324,5.405,5.190825,5.314558484633944,5.140230250103801,4.932922741021237,5.197627166046935,5.032756775168389,5.270870208740234,5.270738517763271,5.292337894439697,5.2923306930223255,5.36399,5.096532833652719,5.1782956,5.691540598869324
320,nesso_9af4dcbf480a20b6a1d1,OADMET-0006447,0.6193358898162842,-0.4079340994358063,0.3994075655937195,0.9010502696037292,-1.68874990940094,0.1559403091669082,0.7601931095123291,0.2776739299297333,-0.9560290575027466,5.239806890487671,5.205,5.330272,5.302373020954451,4.581383580497417,4.437225219049578,4.569047413748918,4.763644152908228,5.383638381958008,5.382868332600804,5.5128583908081055,5.512990659272758,5.0532746,5.013914816951816,5.2283626,5.239806890487671
321,nesso_9b36ebd4327b8b1997fd,OADMET-0006512,0.8266226053237915,-1.4841766357421875,0.184797391295433,1.1904202699661257,-1.3564021587371826,0.2048256695270538,1.0085214376449585,0.1948115229606628,-1.419043779373169,4.9914785623550415,3.35,3.752353,4.269799243548997,4.274172813244703,4.2547163516157775,4.261990886046042,4.465765128047935,3.429379940032959,3.4298365398138815,3.6042418479919434,3.6042489200322176,3.294301,2.8852335335372286,3.6279259,4.9914785623550415
322,nesso_9b81f2da2698823dfbc6,OADMET-0006310,0.9839977025985718,-1.7324143648147583,0.150279015302658,1.1904058456420898,-1.4682917594909668,0.1872023940086364,1.0872018337249756,0.1687407046556472,-1.594578504562378,4.912798166275024,4.905,4.5746865,5.1744052567024905,4.176836093631386,4.18552493636192,4.159842045679905,4.347186354317442,4.289147853851318,4.289351352757392,4.348865032196045,4.3488915389294345,4.374578,4.169494575141655,4.3938484,4.912798166275024
323,nesso_9cbff2d14c415d666f43,OADMET-0006096,1.150056004524231,-1.9924122095108032,0.1200018972158432,1.1605833768844604,-2.233418703079224,0.0967893674969673,1.1553196907043457,0.1083956360816955,-2.1072347164154053,4.844680309295654,2.49,4.5561576,4.240510903356662,4.0925664524526875,3.9834486303856633,4.010597854630513,4.132452977703556,4.246277332305908,4.246425442538545,4.340031147003174,4.339964099104225,4.5737076,4.602375772360818,4.3143015,4.844680309295654
324,nesso_9cd5e325bd0e5198cb3d,OADMET-0006381,1.4519977569580078,-1.7399176359176636,0.1493234038352966,1.4467337131500244,-2.010913372039795,0.1180618479847908,1.449365735054016,0.1336926221847534,-1.8686964511871336,4.550634264945984,2.91,4.1799474,3.533510138787283,3.728797600257777,4.077474471401188,3.7796580987432105,3.768443909617292,3.8975722789764404,3.897989457906271,3.839979410171509,3.83999556314295,3.6301007,3.7537774810083344,3.925422,4.550634264945984
325,nesso_9d4f4ae8ac5dbb3647cc,OADMET-0006231,0.5947493314743042,-1.6417577266693115,0.1622260212898254,0.886699378490448,-1.8052250146865845,0.1412162184715271,0.7407243251800537,0.1517211198806762,-1.721165418624878,5.259275674819946,5.07,4.960315,4.770708389697019,4.605468710926038,4.1356275287284054,4.458005559129855,4.560789183383418,4.857734680175781,4.857809288091205,4.833802223205566,4.833770849585348,5.003628,4.981260975756943,4.737995,5.259275674819946
326,nesso_9ef9d4b344eedd451888,OADMET-0006486,1.127988576889038,-1.7027508020401,0.1541063338518142,1.3154867887496948,-0.7716877460479736,0.3161141276359558,1.2217376232147217,0.2351102232933044,-1.1796773672103882,4.778262376785278,4.119999999999999,4.100188,4.88494815600203,4.010399813796167,4.349068627519755,4.105728161458053,4.168058765128049,3.718508720397949,3.7184369619728375,3.727344274520874,3.7274231203765256,4.3468165,3.5826471746106745,4.0298047,4.778262376785278
327,nesso_9f86b7980736ee7b4d0c,OADMET-0006110,0.967896282672882,-0.2800467610359192,0.4304423332214355,1.0725454092025757,-1.4318039417266846,0.1928177624940872,1.0202208757400513,0.3116300404071808,-0.7925097942352295,4.979779124259949,3.33,4.847253,4.86938622805396,4.259699259701108,4.501680438576952,4.356830158429382,4.4529317916209905,4.648650169372559,4.648012714410884,4.791985988616943,4.79208233616405,5.1309156,4.7423637047517095,4.734403,4.979779124259949
328,nesso_9f8ba872532a03d5bb58,OADMET-0006300,0.738469123840332,-1.4089131355285645,0.1964055448770523,0.9664347171783448,-1.235046625137329,0.2252993881702423,0.8524519205093384,0.2108524739742279,-1.319794535636902,5.147548079490662,4.91,4.9791245,4.470269330626335,4.467248796418024,4.293837930719771,4.4226432181717605,4.632701300156306,4.910528659820557,4.910932323114171,4.932877063751221,4.932857985470537,5.386535,5.0856234765833515,4.860555,5.147548079490662
329,nesso_a03f7eae71658d48de36,OADMET-0006487,1.4375990629196167,-2.140420436859131,0.1052297949790954,1.149628520011902,-1.1808576583862305,0.234898030757904,1.2936137914657593,0.1700639128684997,-1.585174322128296,4.706386208534241,5.05,4.688412,4.991067408594611,3.921480708345608,4.189231830773942,3.9710843124971364,4.0563157814416275,4.744383335113525,4.74393168696734,4.655148983001709,4.655198212228035,5.1887765,4.985206888425244,4.557158,4.706386208534241
330,nesso_a092b5e7aa47dccc682f,OADMET-0006289,0.8225085735321045,-1.080442190170288,0.253422349691391,1.0675252676010132,-1.3371355533599854,0.2079815119504928,0.9450169205665588,0.2307019233703613,-1.2043520212173462,5.054983079433441,5.470000000000001,4.8375173,4.480226633577365,4.352735221176063,4.339342493674725,4.35674677940818,4.561812440839522,4.673752784729004,4.673848802957751,4.64605188369751,4.646098343517585,4.7887983,4.811742992974385,4.7047944,5.054983079433441
331,nesso_a0b84fab2acca42bd516,OADMET-0006545,1.1636807918548584,-0.5811203122138977,0.3586748242378235,0.996389091014862,-0.7889814376831055,0.3123874068260193,1.0800349712371826,0.3355311155319214,-0.6832733154296875,4.919965028762817,4.96,4.9053273,5.196335755028002,4.185702328668791,4.54473873691511,4.320088749556058,4.334648894174768,4.913826942443848,4.914053456488776,5.01343297958374,5.013500955164259,5.33702,5.06801040048322,4.854992,4.919965028762817
332,nesso_a15ebeaac836958b8d54,OADMET-0006524,0.6255587339401245,-1.2283549308776855,0.226469486951828,0.5051366686820984,-1.0375032424926758,0.2616320252418518,0.5653476715087891,0.2440507560968399,-1.130598068237305,5.434652328491211,6.13,5.144728,5.102436877530427,4.822429847570051,4.368414464373144,4.719293769952859,4.835379131456009,5.180377960205078,5.180374163153027,5.016942977905273,5.016962573418536,5.6145062,5.282332476247672,5.083197,5.434652328491211
333,nesso_a1a96c86b4874e7b25fa,OADMET-0006262,1.3683364391326904,-1.226761817932129,0.2267487049102783,1.2625631093978882,-1.4535611867904663,0.1894541084766388,1.3154497146606443,0.2081014066934585,-1.3364078998565674,4.684550285339356,4.96,4.602802,5.205404128047855,3.894467154278635,4.287289356463325,3.992888029503196,4.012746663036761,4.302432537078857,4.302792646862449,4.199126243591309,4.199162877172397,3.970921,3.8531021848772613,4.3920918,4.684550285339356
334,nesso_a1c4d7a9e9ddae051689,OADMET-0006182,0.950305700302124,-1.0815372467041016,0.2532152235507965,1.233251452445984,-1.3236947059631348,0.2102042585611343,1.0917785167694092,0.231709748506546,-1.198682188987732,4.908221483230591,5.505,4.925165,5.302140576189044,4.1711742091411,4.341577400276802,4.222366166958739,4.376129728189884,4.632406234741211,4.632306976805275,4.576370716094971,4.576495779849352,4.7314224,4.637759892723536,4.8159933,4.908221483230591
335,nesso_a222aaa72c777b4efb2f,OADMET-0006518,0.5213310718536377,-0.8745362758636475,0.2943112552165985,0.7251057028770447,-0.8282828330993652,0.304008275270462,0.6232184171676636,0.2991597652435303,-0.8513021469116211,5.376781582832336,5.785,5.400739,5.197481565086593,4.7508370643018685,4.4785059579526845,4.713014900454429,4.872700329390327,5.777520656585693,5.7778349570050835,5.82747745513916,5.827377155479178,6.1935554,5.929206892954791,5.3689704,5.376781582832336
336,nesso_a2c7b20cfbf343359c55,OADMET-0006220,1.1375210285186768,-1.1026926040649414,0.2492357045412063,1.2547457218170166,-1.5451252460479736,0.1757914572954177,1.196133375167847,0.212513580918312,-1.309840202331543,4.803866624832153,5.045,5.002536,4.582838355662003,4.042075220088147,4.297761680898342,4.107394898846278,4.2185216519944575,4.893716812133789,4.893764205094761,4.93254280090332,4.932626143297022,4.7278185,4.904296647919737,4.8966455,4.803866624832153
337,nesso_a3454b79959cf7e7e80f,OADMET-0006098,0.8196293711662292,-1.4814696311950684,0.1852055490016937,0.8342196345329285,-1.104132890701294,0.2489663362503051,0.8269245028495789,0.2170859426259994,-1.2827296257019043,5.173075497150421,5.0,5.122709,5.131448618579167,4.498829154664735,4.308447994750662,4.452432183325429,4.660495718602238,5.281418323516846,5.2815053256746545,5.19473123550415,5.194677748874969,5.6076775,5.5636605216739765,5.040766,5.173075497150421
338,nesso_a3707d6f22f66b532e5e,OADMET-0006540,1.1072883605957031,-1.2749983072280884,0.2184028327465057,0.9646778106689452,-0.6367182731628418,0.3459887504577636,1.0359830856323242,0.2821958065032959,-0.9335956573486328,4.964016914367676,5.805,4.82305,5.5370804780355085,4.240199589119759,4.446067906466249,4.318509212079606,4.4454160735673325,4.648463249206543,4.648676754504269,4.714815139770508,4.714865003591703,4.9854383,4.349490408371874,4.727117,4.964016914367676
339,nesso_a414b428cd6a0a7a88df,OADMET-0006606,1.1440982818603516,-1.8791545629501345,0.1324860155582428,0.910670518875122,-0.6876001954078674,0.334567129611969,1.0273844003677368,0.2335265725851059,-1.1885040998458862,4.972615599632263,5.49,4.6145463,5.504261165124655,4.2508371539814185,4.345589349431279,4.283463261325059,4.464308127998381,4.5533976554870605,4.552686372742497,4.6840691566467285,4.684198860079969,4.590393,4.546527710178263,4.485229,4.972615599632263
340,nesso_a519b8720f2237cbb735,OADMET-0006398,1.1995092630386353,-2.1145501136779785,0.1076906472444534,0.318538635969162,-1.6783514022827148,0.1573138982057571,0.7590239644050598,0.1325022727251052,-1.8790130615234373,5.24097603559494,5.445,4.8463635,4.872453741885961,4.582829947765037,4.073407920643086,4.414518833688835,4.478674660174375,4.39744758605957,4.397499028674454,4.715887069702148,4.715954241346035,4.478744,4.674167850764844,4.7091146,5.24097603559494
341,nesso_a529c48eb3f16d4b2cb1,OADMET-0006225,1.252018928527832,-1.9573993682861328,0.1237487643957138,1.2173091173171997,-1.7438782453536987,0.1488209962844848,1.234663963317871,0.1362848877906799,-1.846495509147644,4.765336036682129,5.055,4.8196864,4.951269373769732,3.9944084410409126,4.086225529620724,3.981388636778209,4.113250139783572,4.658740997314453,4.659074366947071,4.750221252441406,4.750253373243773,4.6608534,4.754215345675536,4.592122,4.765336036682129
342,nesso_a6746835fc5eab18cc19,OADMET-0006585,0.670468807220459,-0.2622013092041015,0.4348226487636566,0.9244215488433838,-1.5494931936264038,0.1751594692468643,0.7974451780319214,0.304991066455841,-0.8236421942710876,5.202554821968079,4.215,4.899934,4.122888291218634,4.535298477610796,4.489408822140898,4.557014566716066,4.7371346096885825,4.614304542541504,4.613066478001755,4.59283447265625,4.593027696332879,4.8510475,4.715667474366119,4.734974,5.202554821968079
343,nesso_a6ba5c3ee21edef473f9,OADMET-0006135,0.6635347604751587,0.2863781452178955,0.5711092352867126,1.0932954549789429,-0.9417681097984314,0.2805433273315429,0.8784151077270508,0.4258262813091278,-0.2989004552364349,5.121584892272949,5.4350000000000005,4.8585296,5.074333686339432,4.43512934099601,4.69624894182344,4.570814672022216,4.566633597389039,4.871480464935303,4.870969516587404,4.970178604125977,4.970288520264567,5.7219396,5.01078916600116,4.7780414,5.121584892272949
344,nesso_a787f19e1a774438fd8b,OADMET-0006414,1.3514490127563477,-1.9314581155776975,0.1265892833471298,1.3611215353012085,-2.371665000915528,0.0853590592741966,1.3562853336334229,0.1059741675853729,-2.1325392723083496,4.643714666366577,3.74,4.5203376,4.724141452623125,3.8439487863976787,3.973474204911069,3.8210108737207698,3.8784477022744137,4.242695331573486,4.2422450013166415,4.1514105796813965,4.151435768376518,4.1321177,4.136401563133872,4.2204595,4.643714666366577
345,nesso_a7d77cec2d914fbad42b,OADMET-0006575,0.0097664520144462,0.9717613458633424,0.7254704236984253,0.4191060364246368,0.1834253668785095,0.5457282066345215,0.2144362479448318,0.6355993151664734,0.5563142895698547,5.785563752055168,4.805,5.303709,5.05714370770143,5.2565477288503875,5.033353286706375,5.327285512249354,5.032550684924389,5.259008884429932,5.258853233185007,5.364710807800293,5.364733949897428,5.612956,4.964804815520534,5.279287,5.785563752055168
346,nesso_a8194b7cca007f646462,OADMET-0006431,1.5779948234558103,-1.979000687599182,0.1214254051446914,1.14493989944458,-2.14827823638916,0.1044922247529029,1.361467361450195,0.1129588186740875,-2.06086802482605,4.638532638549805,4.005,4.206043,3.7894471987020166,3.8375380206445855,4.001725224992506,3.828315377128829,3.8875390209508334,3.8251805305480957,3.8252154481745446,3.6704068183898926,3.6704725380967593,3.6477704,3.5902064325856755,3.8877947,4.638532638549805
347,nesso_a84712e9da94d6eec646,OADMET-0006168,1.1739811897277832,-1.583441972732544,0.1703085750341415,1.3286499977111816,-1.902916431427002,0.1297787427902221,1.2513155937194824,0.1500436663627624,-1.7342586517333984,4.748684406280518,5.29,4.852621,4.567325382443249,3.973808454764053,4.130466502452546,3.9849554165366827,4.108763665433282,4.60992956161499,4.610192687373468,4.528396129608154,4.528349352875802,4.417548,4.821049255985682,4.670773,4.748684406280518
348,nesso_acaeee9baccf52c7d79e,OADMET-0006546,0.921097993850708,-1.8529384136199951,0.1355282664299011,0.9962390065193176,-0.4925625324249267,0.3792901039123535,0.9586684703826904,0.2574091851711273,-1.0594781637191772,5.04133152961731,6.72,4.728714,5.526625644978743,4.335846680409331,4.396448158794714,4.368582390794736,4.554138582271324,4.763126850128174,4.7620242054469974,4.700793266296387,4.701056988710464,4.8664684,4.249351100794454,4.6189303,5.04133152961731
349,nesso_ad0e70bcf014d262fe9b,OADMET-0006616,1.2151310443878174,-1.886752367019653,0.1316152065992355,1.364223599433899,-1.606591820716858,0.1670623272657394,1.289677381515503,0.1493387669324875,-1.7397966384887695,4.710322618484497,4.595000000000001,4.4676094,3.7274585755047847,3.926350501212709,4.128283566051511,3.948646364262337,4.0503482285009085,4.053767681121826,4.0538110425685625,4.205263614654541,4.205294451797606,4.146615,4.074012914205924,4.2589645,4.710322618484497
350,nesso_ad1c2f8ec3880771b68b,OADMET-0006249,1.280260682106018,-1.9493993520736692,0.1246188580989837,1.214583396911621,-1.8746743202209477,0.1330017894506454,1.2474219799041748,0.128810316324234,-1.911518931388855,4.752578020095825,1.96,4.5693464,4.450083704638432,3.978625303879018,4.060594916619969,3.9586614490185226,4.08241129459503,4.386358261108398,4.386275880796716,4.389399528503418,4.389475104508867,4.732418,4.703789910155106,4.3509307,4.752578020095825
351,nesso_ada131d12e13ad472a34,OADMET-0006508,0.900267481803894,0.6196416616439819,0.6501370668411255,0.5395472645759583,0.4673526287078857,0.6147569417953491,0.7199074029922485,0.6324470043182373,0.5427289009094238,5.280092597007752,5.68,5.4087563,5.635261715679539,4.631221643284768,5.0279982649739186,4.858873919433115,4.4718413996028294,5.334320068359375,5.334167353230376,5.877826690673828,5.8777317800341535,5.104292,5.213902908018525,5.373218,5.280092597007752
352,nesso_ae0eb6bb7ba7604c6cab,OADMET-0006241,1.349250555038452,-1.8012926578521729,0.1416937857866287,1.1547685861587524,-1.854211926460266,0.1353791356086731,1.252009630203247,0.1385364532470703,-1.827499270439148,4.747990369796753,5.859999999999999,4.7675776,5.475586881731914,3.972949851630524,4.0937133736317834,3.9685958890385256,4.0929575190793415,4.568432807922363,4.5684141217763745,4.575798988342285,4.575838383784656,4.5696177,4.502491298531699,4.586428,4.747990369796753
353,nesso_ae776cac93d5c7921b5e,OADMET-0006238,1.02934467792511,-2.179376602172852,0.1016178205609321,1.3700565099716189,-1.9175876379013064,0.1281308233737945,1.1997005939483645,0.114874318242073,-2.041891098022461,4.800299406051636,3.66,4.112785,3.3140791350550294,4.0376621592554915,4.009205456731803,3.9806882572420808,4.107029520256242,3.7388670444488525,3.73939006983593,3.8451547622680664,3.845133644451378,3.5723205,3.797749636419382,3.870759,4.800299406051636
354,nesso_aed57c1dc7fd5e266188,OADMET-0006266,1.1824002265930176,-2.3664441108703613,0.0857675522565841,1.4853901863098145,-2.4227404594421387,0.0814549848437309,1.333895206451416,0.0836112648248672,-2.394262313842773,4.666104793548584,2.815,4.018118,2.6956271181898197,3.871647954681035,3.8703095027201417,3.7975338488304704,3.8251078345645766,3.716827154159546,3.716913617723211,3.4946510791778564,3.4947370811901317,3.5526822,3.97272573167367,3.7031868,4.666104793548584
355,nesso_af1da4d11e046a6540f9,OADMET-0006516,0.1131348013877868,-0.1048282086849212,0.4738169014453888,1.015309453010559,-1.1623506546020508,0.2382404208183288,0.5642220973968506,0.35602867603302,-0.5926429033279419,5.435777902603149,5.315,5.3772893,5.1931823545268205,4.823822312493923,4.580462987325397,4.811026069007885,4.933602095333709,5.427375316619873,5.427009418639179,5.747762203216553,5.747923527498874,5.406574,5.345564472536276,5.3315196,5.435777902603149
356,nesso_af6ce0486ded4a05123c,OADMET-0006615,0.5857149362564087,-0.6456078290939331,0.3439799845218658,0.6696702837944031,-1.1053898334503174,0.2487313449382782,0.6276925802230835,0.296355664730072,-0.8647127151489258,5.3723074197769165,5.335,5.249874,5.23551008161377,4.745302008855696,4.473219846075406,4.706628142342732,4.868206522638296,5.274518966674805,5.274232323773943,5.508769989013672,5.508959716672374,5.6352053,5.543333889342615,5.1773815,5.3723074197769165
357,nesso_b00a61240bb007cc407d,OADMET-0006232,0.4490654468536377,-0.4126325845718384,0.3982810378074646,0.7287919521331787,0.0507535338401794,0.5126856565475464,0.5889286994934082,0.4554833471775055,-0.1785393953323364,5.411071300506592,4.815,5.079,5.086896529645479,4.793257397716109,4.743692272863736,4.858056912906611,4.896981137839407,4.765048027038574,4.764758586571631,4.9983015060424805,4.998287503721784,4.5667467,4.503501708819495,5.017988,5.411071300506592
358,nesso_b02412acdf1be894847f,OADMET-0006216,1.0815505981445312,-0.9836218357086182,0.2721737325191498,1.2875241041183472,-1.5519371032714844,0.1748066544532776,1.184537410736084,0.2234901934862136,-1.2454417943954468,4.815462589263916,5.734999999999999,4.9422174,4.86310808792812,4.056420764782566,4.3231459288321386,4.1289451261980235,4.235270432122223,4.73961877822876,4.739461496459222,4.6191253662109375,4.619137250741166,4.5234795,4.635655121718149,4.8287063,4.815462589263916
359,nesso_b057303b88a0426f98bb,OADMET-0006172,0.944489598274231,-2.736879825592041,0.0608319193124771,1.5170344114303589,-1.8722543716430664,0.1332810819149017,1.230762004852295,0.0970565006136894,-2.2303667068481445,4.769237995147705,4.76,4.064327,4.751751849120462,3.999235613450166,3.9349130675682074,3.9202696424198,4.007418137834401,4.136289596557617,4.135875059958811,4.233941555023193,4.234117045340464,4.096753,4.0435314992065665,3.8091037,4.769237995147705
360,nesso_b2a71a61cd3c8614a1ed,OADMET-0006484,0.8543640375137329,-0.2050878405570984,0.4489069879055023,0.7390375137329102,-1.068708896636963,0.2556487023830414,0.7967007756233215,0.3522778451442718,-0.6090415716171265,5.203299224376679,5.51,5.198417,5.329679407205052,4.536219389199139,4.573999040855636,4.593880732276422,4.73074442317373,5.4109601974487305,5.4107686411885005,5.407648086547852,5.407750061343083,5.787758,5.467685232262752,5.1488876,5.203299224376679
361,nesso_b3018f74fb5c7e0e5c7b,OADMET-0006401,1.0298515558242798,-1.5479674339294434,0.1753800362348556,1.153591275215149,-1.6220518350601196,0.1649220883846283,1.0917214155197144,0.1701510548591613,-1.584557056427002,4.908278584480286,4.74,4.7467904,4.409204641328505,4.171244849969159,4.189475141534329,4.157363829459586,4.343608819978078,4.5145392417907715,4.5147036182036,4.618651390075684,4.618678201340245,4.8734202,4.952909498486371,4.6233287,4.908278584480286
362,nesso_b3d63549aec5d593843c,OADMET-0006498,1.0137615203857422,-2.197101593017578,0.1000110730528831,1.1341307163238523,-1.9009625911712649,0.1299995630979538,1.0739461183547974,0.1150053143501281,-2.0406033992767334,4.926053881645203,5.425000000000001,4.770659,4.807138238110041,4.193234941559767,4.009713035494589,4.096870088554092,4.233364138889252,4.842167854309082,4.8426830204958,4.8671979904174805,4.8672263589089155,5.158986,5.588781070285951,4.5490704,4.926053881645203
363,nesso_b400fb67d7fd47094407,OADMET-0006509,0.7487202882766724,-2.516052484512329,0.0747404769062995,1.1794525384902954,-2.133751153945923,0.1058594137430191,0.964086413383484,0.0902999490499496,-2.309978008270264,5.035913586616516,4.6,4.120051,4.2041392877859,4.329144060379141,3.9035322760486926,4.152763322174432,4.172720389679505,4.067015647888184,4.067018098523423,4.073230266571045,4.073269090820297,4.165654,4.356523913744654,3.833913,5.035913586616516
364,nesso_b412239515c3c1a3e798,OADMET-0006251,1.0081734657287598,-1.0522665977478027,0.2587900757789612,0.8747232556343079,-1.4864888191223145,0.1844493150711059,0.9414483308792114,0.2216196954250335,-1.256252408027649,5.058551669120789,5.445,5.06971,5.212774844793322,4.357149977978495,4.318884654282795,4.351287628169972,4.5601253779730335,4.949426651000977,4.949431024219255,4.968128204345703,4.968204385270946,4.991809,4.996022615438749,4.9818788,5.058551669120789
365,nesso_b438c937ca4b74121de4,OADMET-0006550,1.2862834930419922,-1.3485345840454102,0.2061100453138351,1.1498236656188965,-1.185410976409912,0.2340806871652603,1.2180535793304443,0.2200953662395477,-1.265110731124878,4.781946420669556,6.785,4.6498046,5.505515804265712,4.014957400748861,4.315392924021375,4.094722121541615,4.1807723783507384,4.4180450439453125,4.418484805623339,4.483216762542725,4.483215185201575,4.362755,4.483947962314871,4.473744,4.781946420669556
366,nesso_b468b6ea2df0d4ef78e7,OADMET-0004675,1.1160656213760376,-2.029165744781494,0.1161745563149452,1.5090889930725098,-2.078125476837158,0.1112411543726921,1.312577247619629,0.1137078553438186,-2.0534141063690186,4.687422752380371,4.895,4.3629913,4.68127886226466,3.898020727123965,4.004663373935246,3.874656154625521,3.960257288299356,4.1989240646362305,4.199374100284673,4.104567050933838,4.104590225373989,4.1024675,4.422353909208851,4.10453,4.687422752380371
367,nesso_b4fb04a04c2a32534acd,OADMET-0006328,1.3673343658447266,-1.753565549850464,0.1475980281829834,1.226064682006836,-1.922968864440918,0.1275308728218078,1.2966995239257812,0.1375644505023956,-1.835667848587036,4.703300476074219,4.869999999999999,4.66469,4.877335694756327,3.917663301593392,4.090493523644524,3.926007867651014,4.026671752571388,4.5909037590026855,4.590893953204175,4.642483711242676,4.642366599150339,4.5565615,4.508137577816702,4.4716115,4.703300476074219
368,nesso_b5a96a44e79d39c01e67,OADMET-0006370,1.2356137037277222,-2.865774631500244,0.0538716092705726,0.923856556415558,-1.6642370223999023,0.1591940522193908,1.0797351598739624,0.1065328270196914,-2.1266565322875977,4.920264840126038,3.94,2.96706,4.593982909378821,4.186073229885009,3.9757930344598527,4.077023936866851,4.193354627904501,3.100886344909668,3.1009135297827988,2.990156650543213,2.9901734871591,3.5413613,3.4166435133123207,2.905879,4.920264840126038
369,nesso_b67f5491bf0bc531590a,OADMET-0006614,1.1241559982299805,-2.573485851287842,0.0708644464612007,0.877329409122467,-0.7069739103317261,0.3302678167819977,1.0007426738739014,0.2005661278963089,-1.3827598094940186,4.999257326126099,6.25,4.6680303,5.446670711687771,4.283796040704712,4.269018588533633,4.27528123571501,4.4796249898786815,5.029304027557373,5.027252492086522,5.04677677154541,5.047060797951405,5.7348905,4.590187696341146,4.6060677,4.999257326126099
370,nesso_b6bdb582c51980828a61,OADMET-0006258,0.815858006477356,-1.3538087606430054,0.2052483856678009,1.222420573234558,-1.6765321493148804,0.1575552225112915,1.019139289855957,0.1814018040895462,-1.5068789720535278,4.980860710144043,5.895,4.896507,5.51699007717448,4.261037306116517,4.220093907059018,4.237391398027252,4.439544522916453,4.749183654785156,4.749244677001346,4.992985725402832,4.992959568422791,5.1965485,5.218313948201752,4.7221603,4.980860710144043
371,nesso_b6c7767bc5f1c4c1fbf6,OADMET-0006305,1.2420254945755005,-1.9431098699569704,0.1253066062927246,1.3997167348861694,-2.603777885437012,0.0688956752419471,1.320871114730835,0.0971011370420456,-2.229857444763184,4.679128885269165,3.565,4.6051555,4.641070954020508,3.8877602574550965,3.9351138059939266,3.837261206466994,3.899442377623163,4.394985675811768,4.394263119433766,4.266186714172363,4.266085575952531,4.369995,4.4152496205619,4.3132305,4.679128885269165
372,nesso_b6e8c9781a006593d3ce,OADMET-0006180,0.3730043172836303,0.9677495956420898,0.7246707081794739,0.4899120032787323,-0.2660455703735351,0.4338781535625458,0.4314581751823425,0.5792744159698486,0.3197955191135406,5.5685418248176575,5.86,5.3187485,5.800647429007391,4.988066588262634,4.940123480214612,5.087283401376844,4.937289367716609,5.595028400421143,5.5950208787544735,5.610023498535156,5.6102103596462545,5.84044,5.8111888348769565,5.2859817,5.5685418248176575
373,nesso_b73050a161095a74cc44,OADMET-0006457,1.056430697441101,-0.7909389734268188,0.3119671046733856,1.2322384119033811,-1.3706737756729126,0.2025110125541687,1.1443345546722412,0.2572390437126159,-1.060368537902832,4.855665445327759,5.59,5.047341,5.380951906950515,4.106156332005196,4.396097195475027,4.197219936992147,4.28790430071639,4.858906269073486,4.858651979736422,4.928760051727295,4.928860020397962,5.170928,4.976215958162496,4.978107,4.855665445327759
374,nesso_b744b605df1bba335a89,OADMET-0006156,1.0557702779769895,-1.3935469388961792,0.1988421082496643,1.1572139263153076,-2.048130512237549,0.1142414137721061,1.106492042541504,0.1565417647361755,-1.6841875314712524,4.893507957458496,3.485,4.541204,4.378427473007495,4.1529718817005365,4.1502032905470365,4.126946274639968,4.307306408404273,3.8960514068603516,3.8957443294722736,3.9176435470581055,3.9176866414325624,3.595065,3.6770803643845253,4.292704,4.893507957458496
375,nesso_b7564124a5d5b2831d2b,OADMET-0006420,0.6513199806213379,-0.902756929397583,0.2884842753410339,0.8059597611427307,-0.728302001953125,0.3255674540996551,0.7286398410797119,0.3070258498191833,-0.8140607476234436,5.271360158920288,6.140000000000001,5.3950095,5.642210832684499,4.620418610763227,4.493185589689399,4.622078888290751,4.801034708815136,5.744680404663086,5.744996669327288,5.668128490447998,5.668100074024556,5.868436,5.771361634798275,5.370089,5.271360158920288
376,nesso_b7a899c333beee4ef6a3,OADMET-0006455,0.1167806088924408,0.7958681583404541,0.6890899538993835,0.5792357325553894,-0.5945817232131958,0.3555842936038971,0.3480081558227539,0.5223371386528015,0.0894081071019172,5.651991844177246,6.225,5.0762324,4.701063258392912,5.0913038816777485,4.8493105024600665,5.125395778329477,5.041346797949189,5.058912754058838,5.059523181245701,5.3775224685668945,5.37725186295951,5.519603,5.197582979256443,5.065627,5.651991844177246
377,nesso_b7b21abdc0b650d36e22,OADMET-0006194,0.5747353434562683,-0.3019959926605224,0.4250696301460266,0.9088231921195984,-0.9467890858650208,0.2795310318470001,0.7417792677879333,0.3523003458976745,-0.6089430451393127,5.258220732212067,5.365,5.3562694,5.162559181467126,4.604163625314536,4.574037877538421,4.644543319419513,4.789658673066298,5.43508243560791,5.435290428844569,5.502988815307617,5.503152610920737,5.5264177,5.1606611794176285,5.3093495,5.258220732212067
378,nesso_b882f9a97c0a47cdc035,OADMET-0006450,1.4626924991607666,-1.6357853412628174,0.1630393713712692,1.1561715602874756,-2.6846489906311035,0.063885286450386,1.309432029724121,0.1134623289108276,-2.0558526515960693,4.690567970275879,3.86,4.3439374,3.555488234418225,3.9019117242168937,4.0037021601626535,3.877145406944853,3.9640436170958364,3.945206642150879,3.9437661229629786,3.7017054557800293,3.7015575651673327,3.7503579,3.706527433812688,4.0457706,4.690567970275879
379,nesso_ba26408f4c9650456491,OADMET-0006285,1.124921798706055,0.3350963592529297,0.5829989314079285,1.2142482995986938,-0.7120258808135986,0.3291513621807098,1.1695849895477295,0.4560751318931579,-0.1761535406112671,4.830415010452271,3.57,4.547502,4.495060791457702,4.074918633391045,4.744632717351646,4.323005806355578,3.9651186568785346,4.302298545837402,4.302412640284033,4.495366096496582,4.495313612961172,4.4395986,3.887005773561057,4.475533,4.830415010452271
380,nesso_baa84f10da210de83ebb,OADMET-0006349,0.2538899779319763,0.2158800363540649,0.5537614226341248,1.0261313915252686,-1.0490188598632812,0.2594135403633117,0.6400107145309448,0.4065874814987182,-0.3780906498432159,5.359989285469055,5.4,4.916653,5.142031169693852,4.730063056778433,4.665034140118732,4.7773090054629055,4.87260871442934,4.6655449867248535,4.664916926238986,4.682161331176758,4.682448547858819,4.8098173,4.747647592982853,4.813133,5.359989285469055
381,nesso_bb08019e39551a28a472,OADMET-0006415,1.1035971641540527,0.7419424057006836,0.677420437335968,0.8642320036888123,0.3407529592514038,0.584373414516449,0.9839146137237548,0.6308969259262085,0.5360665917396545,5.016085386276245,5.505000000000001,4.8918934,5.323363331520268,4.3046142909179546,5.025372148689416,4.614295946044708,3.9479705388918664,4.476661205291748,4.476413107296088,4.419893264770508,4.420072962260637,4.1075883,4.195582048419399,4.762958,5.016085386276245
382,nesso_bb344f3f0b8cb567c993,OADMET-0006090,0.7664554715156555,-0.8641726970672607,0.2964682877063751,0.6622374057769775,-0.7772786617279053,0.3149066865444183,0.7143464088439941,0.3056874871253967,-0.8203588724136353,5.285653591156006,5.32,5.133989,5.274704798872485,4.638101234074186,4.490703025813739,4.634197798375634,4.812501912745626,5.261348247528076,5.261970928815955,5.349078178405762,5.348901438869417,5.490079,5.169827201976607,5.070558,5.285653591156006
383,nesso_bb8d2bcc8d016ee467f3,OADMET-0006436,0.6500887870788574,0.2846085429191589,0.5706756711006165,0.4070521593093872,0.1694305539131164,0.5422565937042236,0.5285704731941223,0.5564661026000977,0.2268320322036743,5.471429526805878,4.785,4.6009145,4.775201530895389,4.867927481273846,4.903479589843098,4.982058306267154,4.868900365715839,4.7745041847229,4.774229553510482,4.38609504699707,4.386005649141681,4.924257,4.53321079591811,4.5584874,5.471429526805878
384,nesso_bb8ec5c48dbf44e76d4c,OADMET-0006471,0.7281914353370667,-0.141355812549591,0.4647197425365448,0.6955227255821228,-0.1023579239845275,0.4744328260421753,0.7118570804595947,0.4695762991905212,-0.1218452900648117,5.288142919540405,5.43,4.9952564,5.275079628469778,4.6411808202360465,4.766039676636881,4.754256375187667,4.751428497427814,5.099764823913574,5.099693348106382,4.770476818084717,4.7705846344785074,4.973247,4.526701200666395,4.929211,5.288142919540405
385,nesso_bbbd6f6e8b8c4955db2f,OADMET-0006333,1.026017427444458,-1.320591688156128,0.2107198685407638,0.7493156790733337,-0.7455170154571533,0.3217988908290863,0.8876665830612183,0.2662593722343445,-1.013684630393982,5.112333416938782,3.625,4.301948,4.236836735213973,4.423684199569731,4.414498828693958,4.441777294116241,4.637451294152371,3.9740617275238037,3.9743413806585823,3.6972596645355225,3.6971432266089694,3.9957523,3.7844374472404083,4.170028,5.112333416938782
386,nesso_bbbf4c894f574a0db42f,OADMET-0006483,0.5828244686126709,-0.9144366979599,0.2860928177833557,0.3579387068748474,-0.5934810042381287,0.3558365702629089,0.4703815877437591,0.3209646940231323,-0.7493420243263245,5.529618412256241,5.824999999999999,5.4269314,5.697950882374526,4.939913840136773,4.518696097957912,4.871143232769837,4.956378194859158,5.613406658172607,5.613576820763003,5.668083190917969,5.667801797622413,5.7740254,5.405478854996639,5.3278337,5.529618412256241
387,nesso_bd26de337495f4d4209f,OADMET-0006544,1.282099723815918,-1.545536756515503,0.17573182284832,1.3446861505508425,-2.033360481262207,0.1157445311546325,1.3133928775787354,0.1457381844520568,-1.7684259414672852,4.686607122421265,4.87,4.6886544,4.499572152951026,3.8970116988450902,4.116998608111253,3.9219504327927477,4.009949638165288,4.308181285858154,4.308346213141515,4.371761798858643,4.371596425298775,4.046816,4.101710828709405,4.3848324,4.686607122421265
388,nesso_bd8c12001ca0ad4da5d1,OADMET-0006152,0.8943907022476196,-1.7460287809371948,0.1485487818717956,0.7866819500923157,-0.9320015907287598,0.2825188040733337,0.84053635597229,0.2155337929725647,-1.2918857336044312,5.15946364402771,5.95,4.93766,5.321360239350339,4.4819897232836885,4.304838885138248,4.438336349668007,4.647939464928408,4.933685302734375,4.933242578979118,5.031336784362793,5.031385650025758,5.146708,5.075055341507888,4.84917,5.15946364402771
389,nesso_bd9c8cc78a24927b862c,OADMET-0006430,0.741955578327179,0.1885398626327514,0.5469958782196045,0.88777095079422,-0.2849451303482055,0.4292418360710144,0.8148632645606995,0.4881188571453094,-0.0475334338843822,5.1851367354393005,5.285,5.216102,4.549272049923121,4.513750296753548,4.7953315588768355,4.671797323081828,4.585430946329927,5.2588300704956055,5.258615328283225,5.419384002685547,5.419427472685733,5.468191,4.925359725819488,5.185345,5.1851367354393005
390,nesso_c01d49a592616826bd4f,OADMET-0006213,1.241981029510498,-2.3140220642089844,0.0899682939052581,1.036334991455078,-2.018672227859497,0.1172563582658767,1.139158010482788,0.1036123260855674,-2.157716751098633,4.860841989517212,3.475,3.844635,4.448054654057372,4.112560313879185,3.9635498700642406,4.016990567867863,4.128598908107996,3.670287609100342,3.670331058927852,3.4243693351745605,3.424454370269337,3.611927,3.539766782926611,3.6361256,4.860841989517212
391,nesso_c0209d2661a18b8979a2,OADMET-0006565,0.9707128405570984,-1.6949594020843506,0.1551247388124466,0.7705807089805603,-1.014768123626709,0.2660477459430694,0.8706467747688293,0.2105862498283386,-1.3213952779769895,5.129353225231171,4.975,4.933143,5.018489733504301,4.444739664338158,4.293206957971513,4.405594926927618,4.617299275265516,4.838844299316406,4.838714114717739,4.877465724945068,4.877458321274315,5.1079874,5.172182220989229,4.81296,5.129353225231171
392,nesso_c085d5f006778c6a3f51,OADMET-0006526,0.6417635679244995,-1.7693047523498535,0.145628809928894,1.309510350227356,-2.191448450088501,0.1005210503935813,0.9756369590759276,0.123074933886528,-1.963628172874451,5.024363040924072,3.955,4.597759,4.212736664627977,4.314854703900777,4.040054751918614,4.200503396309962,4.340031427094373,4.351465225219727,4.35142545783102,4.36481237411499,4.36490069571111,4.0008116,4.337059619919832,4.352707,5.024363040924072
393,nesso_c14050d633159ae3786d,OADMET-0006138,1.2227325439453125,-1.713481307029724,0.1527127176523208,1.0920718908309937,-1.260237455368042,0.2209330350160598,1.157402276992798,0.1868228763341903,-1.4707878828048706,4.842597723007202,5.585,4.806674,5.006703798184138,4.089990053149569,4.23432011523792,4.115976541928298,4.272321663388239,4.729498863220215,4.7299333126792735,4.660439491271973,4.6604543578834345,4.65844,4.546450770592801,4.709178,4.842597723007202
394,nesso_c14e750bc9047b178ee8,OADMET-0006244,0.8586459159851074,-2.052272319793701,0.1138229817152023,1.5073403120040894,-2.398000717163086,0.0833252817392349,1.1829931735992432,0.0985741317272186,-2.2131688594818115,4.817006826400757,3.875,3.8275435,2.45872237196802,4.05833116412845,3.941692030518779,3.9672191647856403,4.064090411935849,3.306166648864746,3.3062831010197185,3.088930606842041,3.088925949788525,2.8381906,3.151112057030942,3.5449836,4.817006826400757
395,nesso_c1af11522bc302aaf7d7,OADMET-0006108,1.214727520942688,-1.946122646331787,0.1249767616391182,1.1759858131408691,-2.742187023162842,0.0605294145643711,1.1953566074371338,0.0927530899643898,-2.280473470687866,4.804643392562866,2.56,3.9699192,3.2811131341121564,4.0430361713107645,3.91516222966349,3.9444712545690175,4.024201663220138,3.3751697540283203,3.3743648762669376,3.1387441158294678,3.138689128146896,2.76028,2.897731696048679,3.6631737,4.804643392562866
396,nesso_c264ee176d67208fce68,OADMET-0006203,0.6976821422576904,-1.9175509214401243,0.1281349211931228,0.898656964302063,-2.197141170501709,0.1000075042247772,0.7981695532798767,0.11407121270895,-2.049813747406006,5.201830446720123,4.895,4.932841,4.790991054260526,4.534402341928748,4.006082545736177,4.349625209523608,4.376642090675644,4.559596538543701,4.559647673211272,4.7476582527160645,4.74768376953312,4.670725,4.738861254147802,4.721665,5.201830446720123
397,nesso_c2a856262f7a48d7ebc7,OADMET-0006350,0.5264083743095398,0.9019834995269777,0.7113568782806396,0.7013639807701111,-0.6735744476318359,0.3376969397068023,0.6138861775398254,0.5245268940925598,0.0981863737106323,5.386113822460175,4.87,4.7805877,5.45693029653353,4.762382120469295,4.852770676448307,4.881695773571695,4.811148807343636,4.734256744384766,4.734044371182509,4.6730241775512695,4.672809770145394,4.4568734,4.356166817730922,4.7342544,5.386113822460175
398,nesso_c42cd89d0504a5da4dbb,OADMET-0006315,1.2209845781326294,-1.7375617027282717,0.1496229022741317,0.8422544002532959,-0.5264952778816223,0.3713346719741821,1.0316195487976074,0.2604787945747375,-1.0434815883636477,4.968380451202393,3.255,4.059305,4.04751529273501,4.245597787178793,4.4027536102481,4.304007287480838,4.458468659497928,3.594268560409546,3.5935216651701953,3.381417751312256,3.381513270402681,4.1047244,3.474463698927763,3.879773,4.968380451202393
399,nesso_c4485e5e3bf6f0c674f0,OADMET-0006560,1.0404415130615234,-1.0004216432571411,0.2688585221767425,1.2121940851211548,-1.7614716291427612,0.1466061323881149,1.1263177394866943,0.2077323198318481,-1.3386489152908323,4.873682260513306,3.885,4.7620664,4.7376054347030365,4.128445209227637,4.286406004013629,4.166918637588933,4.324197271607966,4.455231666564941,4.45464888264226,4.525683879852295,4.5256084783658075,4.351295,4.524346254028612,4.584094,4.873682260513306
400,nesso_c5ae3d678ed456a28138,OADMET-0006103,0.8512487411499023,-0.1091357469558715,0.4727430939674377,0.8911159634590149,-0.9864879250526428,0.2716063261032104,0.8711823225021362,0.3721747100353241,-0.5228984355926514,5.128817677497864,3.765,4.600755,4.307823948575058,4.444077130058292,4.607954518835929,4.539720376678721,4.626859806192995,4.322776794433594,4.3226403141400835,4.2812581062316895,4.281292033532702,4.2722936,3.9366535730730052,4.48887,5.128817677497864
401,nesso_c613a83cab7e7219f4c8,OADMET-0006181,0.7432710528373718,-2.3676018714904785,0.0856768116354942,1.2252798080444336,-1.989604115486145,0.1202987506985664,0.9842754602432252,0.1029877811670303,-2.164459228515625,5.015724539756775,5.005,4.3638854,4.405512308017139,4.304167882177798,3.96089215345406,4.15867909583125,4.241849606137123,4.231997966766357,4.232159800500497,4.375385284423828,4.375382210918641,4.74918,4.947096246308272,4.096364,5.015724539756775
402,nesso_c64761382bb5b7215ee6,OADMET-0006280,0.3332209289073944,0.9040650129318236,0.7117841243743896,0.4121468365192413,-0.6429457664489746,0.3445809483528137,0.3726838827133178,0.5281825065612793,0.1128496080636978,5.627316117286682,5.275,5.2095947,4.960607977312882,5.060777163088801,4.858550558098471,5.106593032129566,5.023960683642336,5.575409412384033,5.57575694974555,5.675535202026367,5.675485300635893,5.737175,5.611064150721395,5.1591783,5.627316117286682
403,nesso_c65455d83609471a39aa,OADMET-0006283,0.8107647895812988,-0.5538915991783142,0.3649620115756988,0.9352617263793944,-1.0345849990844729,0.2621961832046509,0.8730132579803467,0.3135790824890136,-0.7834394574165344,5.126986742019653,5.16,4.972145,5.062420847998844,4.441812051815786,4.505255739365091,4.494107128990141,4.65326687263956,4.8024139404296875,4.802404482565784,4.839372634887695,4.839403424345299,4.951018,4.702769601700395,4.8887753,5.126986742019653
404,nesso_c6a03f1c00b8a21f2432,OADMET-0006604,-0.0252006985247135,1.8223778009414675,0.8608512282371521,0.5516595244407654,-0.266555905342102,0.4337528347969055,0.2632293999195099,0.6473020315170288,0.6072009205818176,5.73677060008049,4.715,5.098402,5.349948862560813,5.196184975363749,5.053411528820141,5.290869834414026,4.9890695637996645,4.912980556488037,4.913564088457595,5.078601837158203,5.078459825995003,5.110979,4.700212500024111,5.0767007,5.73677060008049
405,nesso_c6aa8219213540e5d190,OADMET-0006378,0.9333961009979248,-0.7730314135551453,0.3158237040042877,1.1253557205200195,-1.466825246810913,0.1874256432056427,1.0293759107589722,0.2516246736049652,-1.089966058731079,4.970624089241028,4.859999999999999,4.6479754,3.9485243818913194,4.2483734260616774,4.384430590181377,4.298239403734008,4.462681690607743,4.431745529174805,4.431541450416405,4.5517802238464355,4.551671108055665,4.872734,4.754654999124869,4.505341,4.970624089241028
406,nesso_c71cd9216da9b24d5e4c,OADMET-0006267,0.2727643251419067,-0.4663222432136535,0.3854871094226837,0.5605393648147583,-0.8300162553787231,0.3036416471004486,0.4166518449783325,0.3445643782615661,-0.6430191993713379,5.583348155021668,5.91,5.341005,5.53103389358659,5.006383725483249,4.560605906541337,4.9386152821358635,4.990257902235745,5.521883010864258,5.521944758726246,5.453514099121094,5.453489895152931,5.5009375,5.092310815893226,5.30131,5.583348155021668
407,nesso_c925f2fdd9fdada1e2b3,OADMET-0006318,1.1249420642852783,-1.5097776651382446,0.1809717416763305,0.8030194044113159,-0.7198718786239624,0.3274211883544922,0.9639807343482972,0.2541964650154114,-1.076354742050171,5.036019265651703,5.745,4.8813205,5.099707580172619,4.329274797527522,4.3897958320935135,4.360838438498137,4.5472976915583025,4.8339104652404785,4.833785432166842,4.973318576812744,4.973340103460815,5.186013,5.314530727513977,4.8196335,5.036019265651703
408,nesso_c975d62f08f68affa865,OADMET-0006125,1.1570231914520264,-1.361237406730652,0.2040392756462097,1.1325465440750122,-1.141391038894653,0.2420650720596313,1.144784927368164,0.2230521738529205,-1.2479674816131592,4.855215072631836,5.470000000000001,4.595218,5.087676996233734,4.105599169064888,4.322150365857953,4.165177149028015,4.29795739693743,4.261459827423096,4.26183316253154,4.336743354797363,4.336708835912275,4.5242004,4.175365508002888,4.4572277,4.855215072631836
409,nesso_c98f7d0bbd26a8a8b120,OADMET-0006099,0.7391307950019836,-1.0704385042190552,0.2553197145462036,0.7671153545379639,-0.5981074571609497,0.3547767996788025,0.7531230449676514,0.305048257112503,-0.823372483253479,5.246876955032349,3.975,5.1444674,5.222075049199972,4.590130065321076,4.489515135504238,4.597931779722843,4.779207387736999,5.3975749015808105,5.39752482941492,5.487318515777588,5.487296728523798,5.7693067,5.690897860379254,5.12097,5.246876955032349
410,nesso_c9d9f3692700e09d5a61,OADMET-0006396,0.464788407087326,-0.5222087502479553,0.3723359107971191,1.056899905204773,-1.7857465744018557,0.1435949951410293,0.7608441710472107,0.2579654455184936,-1.0565701723098757,5.239155828952789,5.779999999999999,4.9083104,5.016116732761649,4.580578142329473,4.397594416556184,4.551496718431953,4.750875270347255,4.647102355957031,4.646100551135449,4.671756267547607,4.671667895525327,5.165623,5.220715215323226,4.6885085,5.239155828952789
411,nesso_ca1dbb3ffcb011ab04c9,OADMET-0006435,1.1804063320159912,-2.0633883476257324,0.1127065420150756,1.343553066253662,-2.268328189849853,0.0937801972031593,1.2619796991348269,0.1032433658838272,-2.16169548034668,4.738020300865173,2.475,4.489451,3.681595156854213,3.9606157270903823,3.961981554123976,3.9030595285318177,3.9954920136987853,4.218595027923584,4.218782407571566,3.9429428577423096,3.9429042704524546,3.9868627,3.9756138072936884,4.1927443,4.738020300865173
412,nesso_ca1ddd78cb8993e23ed7,OADMET-0006416,0.8442056179046631,-0.9931359887123108,0.2702930867671966,0.8048702478408813,-0.5817646980285645,0.3585266172885895,0.8245379328727722,0.314409852027893,-0.7795826196670532,5.175462067127228,6.015,5.2758613,5.660857828996759,4.501781616831216,4.506776008713526,4.539458973154412,4.708650313093757,5.440977096557617,5.441188933334431,5.3510026931762695,5.350948113956143,5.5902753,5.412160877341901,5.26033,5.175462067127228
413,nesso_ca44ac406068b0bf7fa7,OADMET-0006102,1.1480727195739746,-1.9192477464675903,0.1279454827308654,1.4098360538482666,-2.198622465133667,0.0998742654919624,1.2789543867111206,0.1139098703861236,-2.0514111518859863,4.721045613288879,4.955,4.46676,4.838681357252703,3.9396160818489294,4.005452888689211,3.9059992218558444,4.006502683936679,4.136849403381348,4.136988558182303,4.23911190032959,4.239116407838726,4.098971,4.378132550155501,4.160068,4.721045613288879
414,nesso_ca56464bfe5011bf1897,OADMET-0006426,0.9141214489936828,-1.4981262683868408,0.1827051490545272,0.8631487488746643,-2.785813331604004,0.0580956265330314,0.8886350989341736,0.120400384068489,-1.9886441230773928,5.111364901065826,5.005,4.609382,4.218858226240981,4.42248603379193,4.030194087616461,4.27651487105194,4.378377128147347,4.308626651763916,4.30718694652766,4.387996196746826,4.3878736411968875,4.1514297,4.0555316432864155,4.304296,5.111364901065826
415,nesso_ca77e1f73d0871db19c3,OADMET-0006357,0.6143306493759155,-0.2081919014453888,0.4481391906738281,1.2154240608215332,-1.202028751373291,0.2311145067214965,0.9148773550987244,0.3396268486976623,-0.664957582950592,5.085122644901276,5.449999999999999,5.088246,5.542116737845963,4.390021337913786,4.551958342325229,4.475477036058749,4.588503942105273,4.980615615844727,4.980083643103098,4.915281295776367,4.915460888932154,4.756242,4.91403348182239,5.0475674,5.085122644901276
416,nesso_cb03fd5c8912401f73a0,OADMET-0006461,1.2652688026428225,-1.87810742855072,0.1326064020395279,1.1663116216659546,-2.111535787582397,0.1079806461930275,1.2157902717590332,0.120293527841568,-1.989653468132019,4.784209728240967,5.34,4.8776517,5.089279348004475,4.017757373111139,4.0297962289435745,3.9746579185562183,4.103380047945619,4.703665256500244,4.703738264726417,4.746598243713379,4.746597906460116,4.9447947,4.930128868346908,4.63069,4.784209728240967
417,nesso_cb393866560c6fe92f77,OADMET-0006468,0.8867154121398926,-0.5812866687774658,0.3586365878582001,1.168028712272644,-1.9541035890579224,0.1241065934300422,1.027372121810913,0.2413715869188308,-1.145174503326416,4.972627878189087,5.87,4.8942056,5.16539914915508,4.250852343971586,4.362668796830244,4.2907795599569845,4.465345441930309,4.744147300720215,4.742594467705316,4.77182149887085,4.77177894839054,4.753444,4.5831403968737865,4.7306285,4.972627878189087
418,nesso_cb9cc4cba9a16921f621,OADMET-0006115,0.7471597790718079,-1.0406596660614014,0.2610227167606354,0.9501370191574096,-1.2972952127456665,0.2146205604076385,0.8486484289169312,0.2378216385841369,-1.16465961933136,5.151351571083069,5.27,5.1746044,5.136307076512931,4.471954153954674,4.354988249569213,4.452304951526844,4.662529809476382,5.093409538269043,5.09369099270894,5.065850257873535,5.065705836983235,5.007247,4.998479431431601,5.0942464,5.151351571083069
419,nesso_cbad6c9893739af6edbb,OADMET-0006582,1.1857616901397705,-1.3545074462890625,0.2051344215869903,1.2449465990066528,-1.4937056303024292,0.1833661794662475,1.2153542041778564,0.1942503005266189,-1.4226256608963013,4.784645795822144,4.67,4.62879,4.524177293495433,4.018296838975525,4.253304463161285,4.070655770919192,4.187926560429721,4.376070022583008,4.376305640054029,4.264249801635742,4.2642097661635985,4.4114923,4.236520266749813,4.46829,4.784645795822144
420,nesso_cbf564414a2b336a3fae,OADMET-0006442,1.2120554447174072,-0.9648340940475464,0.2759113609790802,1.3597378730773926,-1.6217292547225952,0.1649665236473083,1.2858966588974,0.2204389423131942,-1.2631102800369265,4.7141033411026,4.75,4.393369,3.6502705172386656,3.9310276909035156,4.316181451999371,4.032497750140578,4.060858773094387,4.102544784545898,4.101971200095362,4.15872049331665,4.158831685751689,4.5689135,4.264481123800147,4.236364,4.7141033411026
421,nesso_cf209ebd3482754c55e1,OADMET-0006491,1.009610295295715,-1.7132456302642822,0.1527432203292846,0.7046162486076355,-1.8987319469451904,0.1302520632743835,0.857113242149353,0.1414976418018341,-1.8029063940048216,5.142886757850647,5.46,4.8964734,5.240894012986317,4.461482204228527,4.103407272795155,4.336896505320658,4.478056874909437,4.534470558166504,4.534171073837203,4.34147310256958,4.3415627384149,3.982276,3.9110495120280713,4.6987653,5.142886757850647
422,nesso_cfee3952ede44aaf3260,OADMET-0006114,0.5960181951522827,0.3469318151473999,0.5858733654022217,1.0135349035263062,-1.1538184881210327,0.2397923022508621,0.8047765493392944,0.4128328263759613,-0.352266788482666,5.195223450660706,4.76,4.8905425,4.921544511067307,4.526228726200278,4.675213262870256,4.629723535003083,4.684106892082759,4.733078479766846,4.732415300266305,4.869410514831543,4.8694225909376,4.9602375,4.72362668499419,4.8201265,5.195223450660706
423,nesso_d0a5a26a913cb9a227d9,OADMET-0006377,0.6078217029571533,0.4568952322006225,0.6122773885726929,-0.0061644613742828,0.8788642883300781,0.7065868377685547,0.3008286356925964,0.6594321131706238,0.6607645750045776,5.699171364307404,6.01,5.3200307,5.695487776481359,5.149670386565823,5.074524986864892,5.2652279702235685,4.943991686292886,5.43656063079834,5.436997822898061,5.400308132171631,5.400255345230983,5.9171576,5.262290522830232,5.222798,5.699171364307404
424,nesso_d14fa9d5b89360e00d8c,OADMET-0006212,0.9892878532409668,-1.2882866859436035,0.2161429524421692,0.7358247637748718,-1.0373655557632446,0.2616586089134216,0.8625563383102417,0.2389007806777954,-1.1587153673171997,5.137443661689758,5.359999999999999,4.9516788,4.97512710514275,4.454748466839839,4.357331325613238,4.4404818923574245,4.650555073799322,4.7518157958984375,4.751887383966473,4.583407878875732,4.583325698750331,4.635286,4.601296944865529,4.86216,5.137443661689758
425,nesso_d1627aee2d6350320ee4,OADMET-0006109,1.1071350574493408,-1.626592040061951,0.1642977446317672,1.4703339338302612,-1.6073909997940063,0.1669511646032333,1.2887344360351562,0.1656244546175003,-1.6169607639312744,4.711265563964844,4.630000000000001,4.7949133,4.780231563293855,3.9275170334672977,4.1767024073686185,3.9702249146805073,4.062670642878251,4.678978443145752,4.679282533155843,4.901219844818115,4.90124068403875,5.027496,5.0158603422806225,4.6503634,4.711265563964844
426,nesso_d17d664d2130c8fff120,OADMET-0006385,1.0232830047607422,-1.4242796897888184,0.1939915418624878,1.2225691080093384,-1.545462965965271,0.1757425218820572,1.1229259967803955,0.1848670244216919,-1.4837144613265991,4.8770740032196045,4.125,4.327183,3.950547658075718,4.132641185928971,4.229224780048005,4.145589607951905,4.31838454682677,3.9701731204986572,3.9704014952354703,3.9447073936462402,3.9446815958862413,3.9817934,3.845403662730597,4.1690764,4.8770740032196045
427,nesso_d22b479ad1ef2ad3af06,OADMET-0006532,1.2868565320968628,-1.6650450229644775,0.1590859293937683,1.3946415185928345,-1.6245206594467163,0.1645823568105697,1.3407490253448486,0.1618341505527496,-1.644644021987915,4.659250974655151,5.25,4.690649,4.445080398937352,3.863168990655078,4.165790356766027,3.917592413283069,3.9741783182989154,4.627687454223633,4.628057204709934,4.925795555114746,4.925720621730156,4.97456,5.097022206678059,4.483139,4.659250974655151
428,nesso_d3169db6a25621b0f00f,OADMET-0006573,0.7678205966949463,-0.2314296662807464,0.4423994123935699,0.5997231602668762,-0.5397265553474426,0.3682512044906616,0.6837718486785889,0.4053252935409546,-0.3833245933055877,5.316228151321411,4.775,4.990336,4.197624015481133,4.675925489395599,4.662971050008614,4.736072194264744,4.8305996624760255,4.906041145324707,4.905865565812278,5.056433200836182,5.056610903664732,5.181695,5.022144362649676,4.946633,5.316228151321411
429,nesso_d3233d2b85810df3a42a,OADMET-0006160,1.0085413455963137,-1.207756757736206,0.2300982177257537,0.7418004870414734,-0.8203520774841309,0.3056889176368713,0.8751709461212158,0.2678935527801513,-1.0053362846374512,5.124829053878784,5.405,5.0253735,5.435278787276097,4.439142742864072,4.417789538593667,4.454707625473226,4.651257878102282,5.128767967224121,5.128812061377946,5.213228702545166,5.213275482253309,5.82256,5.6437392098771015,4.9584413,5.124829053878784
430,nesso_d348e7831dd97dbe6215,OADMET-0006531,0.8270837068557739,-0.4619618058204651,0.3865205347537994,0.5914109349250793,-1.1715840101242063,0.2365687787532806,0.709247350692749,0.31154465675354,-0.79290771484375,5.290752649307251,5.955,5.279091,4.805228185322224,4.644409356786926,4.501523588187193,4.643527920406298,4.818360620303334,5.188857078552246,5.18885895337409,5.262968063354492,5.263040915390853,4.9436803,4.760597727333472,5.2364373,5.290752649307251
431,nesso_d4a6932cc7e8eb1b691f,OADMET-0006452,1.0609526634216309,-2.004298210144043,0.1187523752450943,1.6580711603164673,-2.437190532684326,0.080380342900753,1.3595118522644043,0.0995663553476333,-2.202052116394043,4.640488147735596,4.72,4.1277776,3.6605835815504255,3.8399572109232545,3.946073973672347,3.80631629985152,3.855316706147451,3.8450164794921875,3.8447152669355167,3.6301090717315674,3.6301370412908867,3.9208355,4.026665160204262,3.756668,4.640488147735596
432,nesso_d5759427d3a51268d23d,OADMET-0006425,0.4000227451324463,0.1481660008430481,0.5369738936424255,0.2898540794849396,0.2826827764511108,0.5702037811279297,0.3449383974075317,0.5535888671875,0.2151819467544555,5.655061602592468,4.94,5.413555,4.446028447439747,5.095101526695183,4.898887416418774,5.149430887676106,5.025628422878284,5.254398822784424,5.2543877670582,5.462673664093018,5.462648855195278,5.723145,5.171339166153712,5.343359,5.655061602592468
433,nesso_d6a4fd690d6753bc6589,OADMET-0006574,0.7953169345855713,-1.3656103610992432,0.2033299803733825,1.272647738456726,-1.466460943222046,0.1874811351299286,1.033982276916504,0.1954055577516555,-1.4152612686157229,4.966017723083496,5.405,5.048769,5.377414826112664,4.24267482013885,4.256207323115796,4.23914981994893,4.437398447303641,5.288427829742432,5.288534499658349,5.388017654418945,5.3881051662791855,5.6474075,5.733737820407174,4.94306,4.966017723083496
434,nesso_d6a68181a6aeb24453c0,OADMET-0006417,0.8997397422790527,-0.1704399585723877,0.4574928879737854,0.8517786860466003,-0.038167119026184,0.4904594123363495,0.8757592439651489,0.4739761352539062,-0.1041895970702171,5.124240756034851,4.64,4.8077073,5.123101737634473,4.438414950616741,4.772999110926973,4.606090262012765,4.508737079261515,4.653200149536133,4.653374193220282,4.665579795837402,4.665671631849269,4.9596634,4.271497131888459,4.713741,5.124240756034851
435,nesso_d847c8c0e62540400967,OADMET-0006529,1.4054702520370483,-1.3987720012664795,0.198011040687561,1.4223072528839111,-1.1629841327667236,0.2381254732608795,1.413888692855835,0.2180682569742202,-1.2769594192504885,4.586111307144165,5.375,4.473931,4.8773024755196905,3.772686790973623,4.3107224663701675,3.912134805351435,3.8084031117233064,4.146573543548584,4.1470319745245545,4.095089912414551,4.095064599343886,4.165169,3.993902679098666,4.3148203,4.586111307144165
436,nesso_d8f2c00411c71cd9bfdd,OADMET-0006191,0.8722845315933228,-1.5436803102493286,0.1760009080171585,0.8541200160980225,-1.6178127527236938,0.1655067503452301,0.8632022738456726,0.1707538366317749,-1.580294132232666,5.136797726154327,4.21,4.9935017,4.160658022842076,4.453949370124101,4.191155480041756,4.368811895678546,4.556739797241155,4.801511287689209,4.801475617307352,4.7288289070129395,4.728801454573737,4.8409715,4.893046690556427,4.844847,5.136797726154327
437,nesso_d91291ad40268d91e6eb,OADMET-0006479,1.357100248336792,-1.8348634243011477,0.1376599222421646,0.5615643262863159,-0.1741461157798767,0.4565731883049011,0.959332287311554,0.2971165478229522,-0.8610666394233704,5.040667712688446,2.525,4.104364,4.367699733613216,4.335025462348689,4.474657038285107,4.401420629362679,4.548031472234467,3.397711753845215,3.395834975080398,3.4420166015625,3.442542818357341,4.161291,3.0584980325519115,3.9339695,5.040667712688446
438,nesso_d96a31e476952209bea2,OADMET-0006390,0.7601410150527954,-1.1107227802276611,0.2477361559867859,0.6334254145622253,-0.3574685156345367,0.4115724861621856,0.696783185005188,0.329654335975647,-0.7097488641738892,5.303216814994812,5.199999999999999,5.0470023,5.319824092509457,4.659828966514236,4.534302735233624,4.669041601292379,4.832249508123847,5.062761306762695,5.06245581410403,5.167879104614258,5.168019009559385,5.5066032,5.331621226003757,5.0198417,5.303216814994812
439,nesso_da6cc93d87b11d9ee2dd,OADMET-0006561,0.3861236572265625,-0.1916563808917999,0.4522320628166199,0.8292176127433777,-1.1654257774353027,0.2376827895641327,0.6076706647872925,0.3449574112892151,-0.6412792801856995,5.392329335212708,5.305,4.958027,5.354132558643316,4.7700714262200075,4.561291739334546,4.762760236288155,4.902808190193096,4.854940891265869,4.854502953225797,5.062952995300293,5.063116627359265,5.046419,4.8878389023678155,4.8573823,5.392329335212708
440,nesso_daa379afc08bb9f2e44e,OADMET-0006348,0.8223025798797607,-1.4367173910140991,0.192054197192192,0.6821549534797668,-0.9123060703277588,0.2865281701087951,0.7522287368774414,0.2392911911010742,-1.156569480895996,5.247771263122559,4.475,4.477367,4.674297392003133,4.591236427517527,4.358177180576107,4.542582483956913,4.740115585967296,4.1513214111328125,4.1513991778962,3.7468910217285156,3.7468221285715018,4.100421,3.944166691005124,4.360126,5.247771263122559
441,nesso_dbcfcbfd19967580fdc2,OADMET-0006161,0.7861311435699463,-0.3152068853378296,0.421844333410263,0.8346446752548218,-1.3973922729492188,0.1982302367687225,0.810387909412384,0.3100372850894928,-0.7999449968338013,5.189612090587616,4.34,5.125442,3.7161476812449417,4.519286826956047,4.4987496669593146,4.549074533503781,4.7240304707843315,4.825699329376221,4.82511518369533,4.686022758483887,4.686213439263623,4.712061,4.38616137897392,5.043293,5.189612090587616
442,nesso_dc32babbd83a3f38ad87,OADMET-0006206,1.022682547569275,-1.3563193082809448,0.2048391699790954,1.3145420551300049,-1.6031075716018677,0.167547732591629,1.1686122417449951,0.1861934512853622,-1.4749364852905271,4.831387758255005,4.02,4.7583756,4.723282230027316,4.076122034553805,4.23268483949975,4.104939834231344,4.256020286308195,4.64979362487793,4.649811216942994,4.469468593597412,4.469427251451833,4.58566,4.463431582989823,4.583773,4.831387758255005
443,nesso_dc659742e8b43bfe262f,OADMET-0006581,0.5903867483139038,0.8468582630157471,0.6999077200889587,0.4586666226387024,-0.2311216294765472,0.4424754083156585,0.5245267152786255,0.5711915493011475,0.2867143452167511,5.475473284721375,5.395,5.2349753,5.099894832518631,4.872930075948187,4.927083705675924,4.99588287899063,4.855115855225922,5.3008713722229,5.300232913994341,5.142635345458984,5.142637513201634,5.495634,5.224020641052813,5.1761003,5.475473284721375
444,nesso_dcc422e85192924699ae,OADMET-0006608,0.9593442678451538,-1.6424078941345217,0.1621376872062683,0.964616358280182,-1.4053025245666504,0.1969760358333587,0.9619803428649902,0.1795568615198135,-1.519352674484253,5.03801965713501,4.925,4.887923,4.106229631439388,4.331749512381899,4.215177084340852,4.287997680625522,4.494309317981126,4.72029972076416,4.720860173484142,4.705912113189697,4.7058947804652895,4.7702236,4.879642042737476,4.7512097,5.03801965713501
445,nesso_dcf82e7032d0ab65496e,OADMET-0006412,0.5714648962020874,-0.105530709028244,0.4736417829990387,0.6929489970207214,-0.7730915546417236,0.3158107101917267,0.632206916809082,0.3947262465953827,-0.4274882972240448,5.367793083190918,5.735,5.4249244,5.570375087073824,4.739717254121308,4.645562818254603,4.776177298751968,4.883212581380867,5.88127326965332,5.881068077459073,5.830521583557129,5.830541368426555,6.0148525,5.612105854187649,5.387523,5.367793083190918
446,nesso_df69ff265b041ce1b3e6,OADMET-0006317,0.8813015818595886,-1.7303756475448608,0.1505395323038101,0.889914333820343,-1.5724537372589111,0.1718668788671493,0.8856079578399658,0.1612032055854797,-1.6493027210235596,5.114392042160034,2.29,4.519487,4.186187572179627,4.426230956270679,4.163954013676815,4.336516229603263,4.519274744435068,4.098147869110107,4.098252425741943,3.961864471435547,3.961831801253201,3.4266605,3.3132038537196027,4.2747197,5.114392042160034
447,nesso_e020f049d9cc5857d8ca,OADMET-0006542,1.2813732624053955,-1.2985615730285645,0.214407205581665,1.0375049114227295,-0.765906810760498,0.3173651993274688,1.1594390869140625,0.2658861875534057,-1.0155956745147705,4.8405609130859375,5.565,4.641025,5.379284089494669,4.087470284489405,4.413745542714859,4.190839560482078,4.257387868704061,4.407901287078857,4.408044417408911,4.4835381507873535,4.483689876616594,4.725158,4.186548805561081,4.517549,4.8405609130859375
448,nesso_e0b8d7bdd1a9309554d5,OADMET-0006466,1.231470823287964,-0.1864266395568847,0.4535278379917145,1.0822224617004397,-0.9893437027931212,0.2710417211055755,1.1568466424942017,0.362284779548645,-0.5654612183570862,4.843153357505798,4.88,4.448032,5.724561410580099,4.090677437073544,4.591177330314175,4.269118764017106,4.157993113338367,3.945857286453247,3.945621290914562,3.920015811920166,3.920253987619374,4.031649,3.9276904016791154,4.3529444,4.843153357505798
449,nesso_e1281663c1080fba32f7,OADMET-0006092,0.7204701900482178,-1.3716620206832886,0.2023514658212661,1.1064846515655518,-1.5400954484939575,0.1765214055776596,0.9134774208068848,0.1894364356994629,-1.4536762237548828,5.086522579193115,5.795,5.007939,5.105400544954401,4.391753218006297,4.241065104901554,4.343797197936804,4.552741785021244,4.863614559173584,4.863942874397827,4.867406845092773,4.867409341462043,4.9587097,5.038791759979433,4.8795238,5.086522579193115
450,nesso_e1ba8f79774d1749a7e9,OADMET-0006366,1.1566805839538574,-1.3326950073242188,0.2087139189243316,1.048761248588562,-0.734653651714325,0.3241743445396423,1.1027209758758545,0.2664441466331482,-1.0127390623092651,4.8972790241241455,5.915,4.646564,5.522764164689077,4.157637125865095,4.414871548074297,4.243623876974202,4.350479432527489,4.406260013580322,4.406390201535915,4.373241424560547,4.373388812276927,4.6700687,3.975513981839384,4.5290303,4.8972790241241455
451,nesso_e1c31d64132dfa5714ac,OADMET-0006246,1.0783843994140625,-1.245809555053711,0.2234263569116592,0.982706606388092,-0.8633553981781006,0.2966387867927551,1.0305454730987549,0.2600325644016266,-1.0457993745803833,4.969454526901245,3.5700000000000003,4.5618334,3.54981854598484,4.2469265426293425,4.401839996668684,4.304606990820781,4.460048684502949,4.15048885345459,4.150726286215648,4.170497417449951,4.170568139698321,4.175994,3.9286677820187283,4.4309225,4.969454526901245
452,nesso_e28f88ef6b51fc21af6e,OADMET-0006504,0.95305198431015,-1.4061479568481443,0.1968423426151275,1.2959507703781128,-0.7931820750236511,0.3114858269691467,1.124501347541809,0.2541640996932983,-1.0765254497528076,4.875498652458191,5.15,4.5675225,4.134717007368866,4.130692295442955,4.3897285433702855,4.212785259549214,4.321482648441004,4.555845260620117,4.555906103726356,4.495062828063965,4.495137888984361,4.2547617,4.06013129890458,4.474838,4.875498652458191
453,nesso_e2abedaf589048763af0,OADMET-0006151,0.8587731122970581,-1.2276113033294678,0.226599782705307,0.9361445307731628,-1.6707521677017212,0.1583239138126373,0.8974587917327881,0.1924618482589721,-1.434092402458191,5.102541208267212,5.145,5.2121544,5.327246744680042,4.4115701086735655,4.248784559329367,4.3618704624209546,4.570835399167866,5.177082061767578,5.177080221173053,5.130001068115234,5.129955228433856,5.0357804,5.194020313387579,5.091554,5.102541208267212
454,nesso_e36a692924b76cb4d48b,OADMET-0006572,0.9021769165992736,-1.1081466674804688,0.2482165694236755,0.8244171738624573,-0.764972448348999,0.3175676763057709,0.8632970452308655,0.282892107963562,-0.9301607608795166,5.136702954769135,3.355,4.865265,4.222054956197217,4.4538321269961125,4.447421857074554,4.4783310761980895,4.6665955323266335,4.4879302978515625,4.488074188613505,4.522754669189453,4.522781764220562,4.8046913,4.56891838616391,4.7506638,5.136702954769135
455,nesso_e4de65b53b29e6330da0,OADMET-0006541,1.32254958152771,-1.8747692108154297,0.1329908519983291,1.5334783792495728,-1.0180045366287231,0.2654162943363189,1.428014039993286,0.1992035806179046,-1.3912794589996338,4.571985960006714,4.525,3.7398758,3.8994315984065295,3.7552121083047583,4.265660354964036,3.8798357696230723,3.7960863603412873,3.5214993953704834,3.522224154587687,3.584705352783203,3.584595947169831,3.0675564,3.1563380802695966,3.5106316,4.571985960006714
456,nesso_e507edbc0a82be148d2d,OADMET-0006539,1.4123852252960205,-1.9169565439224243,0.1282013356685638,1.1517060995101929,-1.9793193340301516,0.1213914155960083,1.282045602798462,0.124796375632286,-1.9477730989456177,4.717954397201538,5.390000000000001,4.5178475,5.0456290976813305,3.9357918912176095,4.0463044270350785,3.920621084108738,4.027154718369488,4.106122970581055,4.106360615173658,4.299718379974365,4.299724683117253,4.136097,4.025984656652374,4.261268,4.717954397201538
457,nesso_e5447ae428308da727fb,OADMET-0006389,0.3915267586708069,0.1759291291236877,0.5438691973686218,0.7531460523605347,-0.1095901429653167,0.4726298451423645,0.5723364353179932,0.5082495212554932,0.0330011174082756,5.427663564682007,5.15,4.8802276,4.973616642177651,4.8137839411278875,4.827076272492714,4.909021308663277,4.873670044645348,4.9506096839904785,4.9503500922791055,4.751209259033203,4.751349563145625,5.4637394,4.793227929923462,4.859554,5.427663564682007
458,nesso_e5c104624bec99d43b85,OADMET-0006277,0.9427770376205444,-3.008784770965576,0.0470305830240249,1.2130569219589231,-2.9902548789978027,0.0478680729866027,1.077916979789734,0.0474493280053138,-2.999480962753296,4.922083020210266,2.505,3.4070196,2.890474750860906,4.188322528234818,3.6317473902320923,3.931550313640766,3.6483886439048137,3.192875385284424,3.1936886861373477,2.9709370136260986,2.97082569988688,2.49258,3.339925482173921,3.159281,4.922083020210266
459,nesso_e730fdce726585a6d042,OADMET-0006610,0.9251781702041626,-1.2864967584609983,0.2164463549852371,1.2023063898086548,-0.8518415093421936,0.2990466952323913,1.0637422800064087,0.2577465176582336,-1.0577142238616943,4.936257719993591,4.949999999999999,4.6849275,4.185959523644702,4.205858265815617,4.397143459938293,4.271985754800495,4.413093334166591,4.6457133293151855,4.645839842827288,4.613737106323242,4.613793734113143,4.616972,4.481017341380647,4.601176,4.936257719993591
460,nesso_e75e4c680bcceafd67b1,OADMET-0006533,1.2692461013793943,-1.6634982824325562,0.1592929512262344,1.7033480405807495,-2.384490728378296,0.0843630284070968,1.4862971305847168,0.1218279898166656,-1.9752323627471924,4.513702869415283,4.655,4.257218,3.9945292851941865,3.6831092068230964,4.0354806693870575,3.7276407538563574,3.691486501125432,3.9359724521636963,3.935164409982965,3.990827798843384,3.9907274629539597,4.046693,3.9904213340663595,3.9788523,4.513702869415283
461,nesso_e7b181dc41dcf0be11fc,OADMET-0006510,1.3672356605529783,-1.4120588302612305,0.1959095299243927,1.1647093296051023,-1.620681643486023,0.1651108860969543,1.2659724950790403,0.1805102080106735,-1.512894630432129,4.73402750492096,4.68,4.434796,4.230867091368734,3.955676178249019,4.217722684405207,4.008759487040594,4.10438449433501,3.9599428176879883,3.960165093072504,3.8974976539611816,3.8974636986931066,3.5778944,3.577132148586822,4.2273073,4.73402750492096
462,nesso_e7e6483b6806fbdfa025,OADMET-0006177,1.303553581237793,-0.1200484931468963,0.4700238704681396,1.2927733659744265,-0.5677993297576904,0.36174476146698,1.2981634140014648,0.4158843159675598,-0.3396919071674347,4.701836585998535,2.29,4.2761045,3.82335591339571,3.915852300823942,4.680169967783841,4.176865877952133,3.7458906823275617,3.92566180229187,3.9263691419177937,4.05869722366333,4.058663551958623,3.8333237,3.1517709398765086,4.2656703,4.701836585998535
463,nesso_e83d7117242171e0e181,OADMET-0006372,0.6499108076095581,-0.6888612508773804,0.3342864513397217,0.806418240070343,-0.9237512946128844,0.2841941714286804,0.728164553642273,0.309240311384201,-0.803673267364502,5.271835446357727,4.855,5.020723,5.015409113127722,4.621006596110767,4.497280075605294,4.624268410244599,4.801985960519431,4.971845626831055,4.971921472562057,4.878688335418701,4.878585592027353,5.2467623,4.9183688724323265,4.963856,5.271835446357727
464,nesso_e8b8ca0b7bb9ff9d2ce7,OADMET-0006502,0.8146482110023499,-1.3762818574905396,0.201606810092926,0.8729681968688965,-1.2962000370025637,0.2148052304983139,0.8438081741333008,0.2082060277462005,-1.3357731103897097,5.156191825866699,5.555,5.2024226,5.707781160553326,4.477942107068841,4.287539574655496,4.427920223498529,4.636174680069916,5.443889141082764,5.444257364868312,5.455081939697266,5.455078425249688,5.687248,5.2983764933268285,5.111401,5.156191825866699
465,nesso_e987f8eaa5bd983e7a66,OADMET-0006602,0.9644322395324708,-1.4110832214355469,0.1960632503032684,1.2321048974990845,-1.2488510608673096,0.2228991091251373,1.0982685089111328,0.2094811797142028,-1.328055500984192,4.901731491088867,5.91,4.935326,5.72966024511755,4.163145340746117,4.290581664000317,4.194570244050183,4.363906966371308,4.8199238777160645,4.820194022118597,4.967666149139404,4.967560175646846,5.0508065,5.144031820350213,4.8138046,4.901731491088867
466,nesso_ea2ad357c6c6c6268906,OADMET-0006230,1.0899903774261477,-2.0411624908447266,0.1149484142661094,1.280713677406311,-1.8233739137649536,0.1390295326709747,1.185352087020874,0.1269889771938324,-1.9278478622436523,4.814647912979126,3.035,4.3597946,4.124755401758665,4.055412916308754,4.054158458909348,4.013146413577598,4.156778210720098,4.177120685577393,4.176934275107122,4.218509674072266,4.218605341969971,4.279189,4.395647407538747,4.114392,4.814647912979126
467,nesso_eaf9d57fad07cc566296,OADMET-0006437,-0.5586418509483337,1.0233204364776611,0.7356188893318176,0.3656539022922516,-0.2616056203842163,0.4349690675735473,-0.096493974328041,0.5852940082550049,0.3445445001125335,6.096493974328041,5.675000000000001,5.344963,5.400655987807697,5.64120425541263,4.949878911908058,5.5783079676020195,5.0875310104199345,5.547294616699219,5.547026481133615,5.694760322570801,5.694884841501619,5.583246,4.952911139810913,5.3448124,6.096493974328041
468,nesso_eb3f7e9966cb3682800e,OADMET-0006100,1.2479186058044434,-1.393617868423462,0.1988307982683181,1.3396692276000977,-2.247260093688965,0.0955860689282417,1.2937939167022705,0.1472084373235702,-1.756665587425232,4.7062060832977295,5.234999999999999,4.8075347,4.89814683613005,3.921257872664611,4.12163424666755,3.942006341857547,4.041987766449049,4.588168621063232,4.587542425793266,4.615952968597412,4.61591107984453,4.616605,4.725133087004493,4.510294,4.7062060832977295
469,nesso_ebb4a2b40d7cab87a15c,OADMET-0006322,1.193150520324707,-1.243580937385559,0.2238132953643798,1.2917284965515137,-1.6352449655532837,0.1631131321191787,1.2424395084381104,0.1934632062911987,-1.4276621341705322,4.75756049156189,5.375,4.6581025,4.122947040608553,3.984789195422986,4.251319210879398,4.044829900729135,4.144295363599394,4.3339152336120605,4.333503342850036,4.323042392730713,4.323068602545216,4.0043054,4.031610205664525,4.4664826,4.75756049156189
470,nesso_ecb4ff551633e2e4880f,OADMET-0006605,0.6154559850692749,0.0375080704689025,0.5093759298324585,0.5530475974082947,-0.0354596674442291,0.4911360144615173,0.5842517614364624,0.5002559423446655,0.0010237219976261,5.415748238563538,4.755000000000001,5.1980286,5.584203003240004,4.799043309213489,4.814471579932822,4.892642469181159,4.868589862767937,5.344703197479248,5.344265829280768,5.460729598999023,5.460876869678028,5.5030704,5.618782388300425,5.1754427,5.415748238563538
471,nesso_ee1f32f411d49b1c165c,OADMET-0006355,1.090559959411621,-1.785647988319397,0.1436071246862411,0.8168376684188843,-2.081526279449463,0.1109053790569305,0.9536988139152528,0.1272562444210052,-1.9254392385482788,5.046301186084747,6.18,5.0831294,5.226844273003119,4.341994718322784,4.055107878359643,4.227172007059444,4.370589378230556,4.855072498321533,4.855110517974788,5.170158863067627,5.17022213460238,5.2382517,5.290446298583414,4.914986,5.046301186084747
472,nesso_ee339f7188060dec4b79,OADMET-0006374,0.7666729688644409,0.3423884510993957,0.5847706198692322,1.1546863317489624,-1.4997117519378662,0.1824685186147689,0.9606796503067015,0.3836195766925812,-0.474213033914566,5.039320349693298,5.6,4.9718122,5.319762657123253,4.333358619010195,4.62714509118951,4.465398155793404,4.48407005491013,4.787895202636719,4.786677394743746,4.750606060028076,4.7505762483558565,4.7299333,5.237856113568938,4.8201013,5.039320349693298
473,nesso_ee53aeddc67ef97af37e,OADMET-0006609,1.5555449724197388,-2.378119468688965,0.0848564878106117,1.5326755046844482,-2.480048656463623,0.0772687345743179,1.5441102981567385,0.0810626149177551,-2.427996158599853,4.455889701843262,2.015,3.8521385,4.074251298504072,3.6115876542855037,3.8570124615895027,3.5979963690919923,3.5071644660207957,3.566152572631836,3.566419262726221,3.397705078125,3.3977151108705805,3.594567,4.022343793395342,3.59666,4.455889701843262
474,nesso_eeab3ad7b73b567198f2,OADMET-0006395,1.0208531618118286,-1.3605414628982544,0.2041523158550262,1.2194994688034058,-1.354071021080017,0.2052056044340133,1.1201763153076172,0.2046789526939392,-1.357303261756897,4.879823684692383,5.07,4.773098,4.8754888874074,4.136042858872631,4.279052925406353,4.169437010802426,4.332056872171531,4.6070685386657715,4.607227765387205,4.625941276550293,4.625852862310478,5.070366,4.9203107184212085,4.596549,4.879823684692383
475,nesso_ef0464720a7bbdb1e757,OADMET-0006178,0.7193750143051147,-0.4866478145122528,0.3806836009025574,0.8911393880844116,-0.5089755654335022,0.3754337131977081,0.8052572011947632,0.3780586719512939,-0.4977963268756866,5.194742798805237,5.035,5.0672603,4.856697174942983,4.525634104449266,4.617849144677687,4.604745344212434,4.708388085699812,4.954420566558838,4.954197107131857,5.211674690246582,5.211746490665095,5.559128,5.161784851641698,5.02846,5.194742798805237
476,nesso_ef60a1e6c8c2c0b8e44e,OADMET-0006448,0.979893445968628,-1.6163930892944336,0.1657029092311859,1.1161233186721802,-0.995534598827362,0.2698202729225158,1.0480084419250488,0.2177615910768509,-1.2787587642669678,4.951991558074951,4.965,4.8949723,4.971372756019915,4.225322837196385,4.3100132093950245,4.249228645186535,4.433415290282622,4.818977355957031,4.819211029978334,4.7476582527160645,4.74765513596239,4.749162,4.844462569974372,4.766348,4.951991558074951
477,nesso_efba9e57d2c48ddea6c6,OADMET-0006118,0.97619891166687,-0.3401402533054352,0.4157753884792328,0.8396192193031311,-0.9906322956085204,0.2707872092723846,0.9079090356826782,0.3432812988758087,-0.6487056016921997,5.092090964317322,5.075,4.6912556,4.836159519555638,4.398641952284943,4.558364468422132,4.484642821759854,4.595872989835516,4.303281784057617,4.303450244226564,4.039060592651367,4.0392134390605685,4.2001266,3.929110353039071,4.587854,5.092090964317322
478,nesso_efec4d93f2b08fab161d,OADMET-0006418,1.2882695198059082,-1.6208800077438354,0.1650835424661636,1.5840507745742798,-0.881008505821228,0.2929688394069671,1.4361600875854492,0.229026198387146,-1.2138179540634155,4.563839912414551,3.84,3.916796,3.981048574039106,3.7451345084204273,4.335611258788799,3.9022422717222454,3.747564607124798,3.9505503177642822,3.950930456819442,3.758104085922241,3.7581522933877407,4.0612917,3.76205301297601,3.7464135,4.563839912414551
479,nesso_f157fc3beb88bf8a7515,OADMET-0006193,0.7455404996871948,-1.2145910263061523,0.2288897335529327,0.9431064128875732,-1.531360745429993,0.1777946949005127,0.844323456287384,0.2033422142267227,-1.3655349016189575,5.155676543712616,4.095,4.802909,4.6558244931522745,4.477304643646533,4.275808218062538,4.422427487697216,4.629087550679786,4.577483654022217,4.5773198062013885,4.503072738647461,4.503061686364159,4.6286573,4.646109984866032,4.6513457,5.155676543712616
480,nesso_f21d22ae2ba08752b924,OADMET-0006576,1.0059361457824707,-0.8374069929122925,0.3020811975002289,0.8536720871925354,0.0313138961791992,0.5078278183937073,0.9298040866851808,0.4049544930458069,-0.3848631978034973,5.070195913314819,5.915,5.2504687,5.621387315851692,4.371555250304154,4.662364570449589,4.508933687342429,4.510136238973381,5.038441181182861,5.038378254269752,5.2050557136535645,5.20523738980373,5.174304,4.774734811619992,5.232968,5.070195913314819
481,nesso_f24ec6146fa0cc22519f,OADMET-0006148,0.3606345653533935,0.5211881399154663,0.6274255514144897,0.4427470266819,-0.1955092251300811,0.4512777924537658,0.4016907811164856,0.5393517017364502,0.15773306787014,5.598309218883514,5.164999999999999,5.0881934,5.373593155401944,5.024892286075095,4.876242499690938,5.087411206869779,4.997456741586948,5.396939754486084,5.3974057641410305,5.2692484855651855,5.269188877647054,5.808296,5.833789366361013,5.0825505,5.598309218883514
482,nesso_f33f6e649ab1143b6c16,OADMET-0006214,1.0776638984680176,-2.5015416145324707,0.0757501795887947,1.2130531072616575,-2.481722116470337,0.0771495029330253,1.1453585624694824,0.07644984126091,-2.4915902614593506,4.854641437530518,3.45,4.2841115,4.675030335290019,4.104889516320378,3.8319452506777862,3.954984679035087,3.964401481894332,4.024768352508545,4.0254360361260435,4.176912307739258,4.176917244640077,4.20852,4.443762116668234,3.9701977,4.854641437530518
483,nesso_f38cde97f5a42fbee599,OADMET-0006211,1.1787073612213137,-2.102601289749145,0.1088442504405975,1.3953598737716677,-2.526925563812256,0.073992021381855,1.2870335578918457,0.0914181321859359,-2.296441078186035,4.712966442108154,3.15,3.877301,3.4344915023928686,3.929621215794538,3.908868196617746,3.8572391809730093,3.9185879832447488,3.56394362449646,3.5636891259071786,3.4985249042510986,3.498491267863172,3.748659,3.786719561200201,3.6037357,4.712966442108154
484,nesso_f3b49d54c88159d93a5d,OADMET-0006291,0.97600519657135,-1.7279458045959473,0.1508505195379257,0.934667944908142,-1.9923222064971924,0.1200114041566848,0.955336570739746,0.1354309618473053,-1.8537691831588743,5.044663429260254,3.67,4.760243,3.958511737340383,4.3399686243430535,4.083358428547761,4.237744665958201,4.3980756674211,4.227808952331543,4.227876341667999,4.122628211975098,4.122638098799544,3.8451443,3.7704396201640153,4.474523,5.044663429260254
485,nesso_f40fe302fce4b54a54d5,OADMET-0006121,1.0763888359069824,-0.5643056631088257,0.3625518083572387,0.9022653102874756,-1.139858365058899,0.2423463612794876,0.989327073097229,0.3024490773677826,-0.8356626033782959,5.010672926902771,5.195,4.766274,4.8251171664628005,4.29791845476687,4.484670676357141,4.378043768108516,4.504063202216686,4.576545238494873,4.577264596929632,4.585218906402588,4.585048245994352,4.6843433,4.607390209258229,4.66913,5.010672926902771
486,nesso_f481610cd981e06fd8a8,OADMET-0006472,1.561051845550537,-2.754330635070801,0.0598425343632698,1.377896428108215,-2.9606947898864746,0.0492334738373756,1.4694740772247314,0.0545380041003227,-2.852775812149048,4.5305259227752686,1.755,4.085889,4.803567145734966,3.703921263059766,3.689574905468162,3.595208320356255,3.4528850021066138,3.6801140308380127,3.6804190333632407,3.741075277328491,3.74104278202564,3.3151464,3.7164627958193024,3.8103821,4.5305259227752686
487,nesso_f4ed4e376c275a4f703d,OADMET-0006344,0.85332190990448,-0.962178349494934,0.2764422595500946,1.4303258657455444,-1.6556307077407837,0.1603493988513946,1.1418238878250122,0.2183958292007446,-1.2750393152236938,4.858176112174988,4.195,4.1233296,4.39271595806987,4.109262316305308,4.311479323538488,4.163343612509558,4.302658284770651,3.6690802574157715,3.6688785339587513,3.7825794219970703,3.782494688866396,3.7739954,3.8573437409056575,3.9480278,4.858176112174988
488,nesso_f51c343ce7d1588098cf,OADMET-0006188,0.8417898416519165,-2.1642677783966064,0.1030054613947868,1.084464430809021,-1.865326285362244,0.1340834349393844,0.9631271362304688,0.1185444444417953,-2.00628662109375,5.036872863769531,4.605,4.043695,3.629594977965136,4.330330796795408,4.023239854458039,4.204847527615767,4.329713130443026,3.8127145767211914,3.813071591607174,3.7509169578552246,3.7509483757484987,4.080473,4.231138410366846,3.7862806,5.036872863769531
489,nesso_f577f9e3b7b5e3a39fad,OADMET-0006397,0.3598332703113556,0.2634368538856506,0.5654809474945068,0.814555287361145,-0.833901047706604,0.3028208315372467,0.5871942639350891,0.4341508746147156,-0.2649353742599487,5.412805736064911,5.575,5.3314986,4.93609715911493,4.795403094433952,4.709637130510561,4.845090749700475,4.909283790939685,5.559443473815918,5.559415290750327,5.53964900970459,5.539573072901698,5.2036533,5.0987485524081135,5.308742,5.412805736064911
490,nesso_f593f540dc1524f6ea02,OADMET-0006579,0.7696709632873535,-0.6683697700500488,0.3388619720935821,1.0464905500411987,-1.31404709815979,0.2118104100227356,0.908080756664276,0.27533620595932,-0.9677149057388306,5.091919243335724,5.15,5.009275,5.156048797113675,4.398429513636051,4.432618948825696,4.430702401306883,4.615720044686613,5.046504020690918,5.046168916670857,4.943431854248047,4.943389367874986,4.905074,4.749968148802874,4.9050817,5.091919243335724
491,nesso_f5a72ba623191df28eaa,OADMET-0006186,1.3783392906188965,-1.3047033548355105,0.2133745104074478,1.370630145072937,-1.3730528354644775,0.202127069234848,1.3744847774505615,0.2077507972717285,-1.3385366201400757,4.625515222549439,4.84,4.930546,5.356772602416806,3.8214339765059555,4.286450267964244,3.9380898473546915,3.8988761211319343,4.871535301208496,4.8717762344382285,5.116692543029785,5.116678214721591,5.1057463,4.92176905327622,4.779335,4.625515222549439
492,nesso_f622908258920a1635cf,OADMET-0006255,0.5080828070640564,-0.5719276070594788,0.3607921600341797,0.5599405169487,-0.9056501388549804,0.287890762090683,0.5340116620063782,0.3243414759635925,-0.7338908910751343,5.465988337993622,5.775,5.1133018,5.394729376988967,4.861196103495281,4.524786549723359,4.815071555189788,4.935289127303663,5.069200038909912,5.069173638168268,4.90735387802124,4.907275213557887,4.9025545,4.777355807209352,5.0583377,5.465988337993622
493,nesso_f63123bcb568c6569ae4,OADMET-0006308,1.1631386280059814,-1.4410580396652222,0.1913815587759018,1.1791826486587524,-1.2903039455413818,0.2158013582229614,1.1711606979370115,0.2035914659500122,-1.363996982574463,4.828839302062988,4.795,4.9435925,5.376200936249667,4.072969300478129,4.276414427432905,4.121293161622525,4.257470786943182,4.855588912963867,4.855973185587546,4.837783336639404,4.837680006539806,5.256509,5.110185959642677,4.801016,4.828839302062988
494,nesso_f6356a0e986870fab941,OADMET-0006279,1.3937532901763916,-2.202251434326172,0.0995484888553619,1.4140218496322632,-2.682427406311035,0.0640182718634605,1.4038875102996826,0.0817833840847015,-2.4183592796325684,4.596112489700317,2.965,3.6719105,4.063332309871434,3.7850594066538967,3.860811079177321,3.72892777887379,3.7251280977963828,3.2319445610046387,3.231601667445917,3.203958749771118,3.203896123667721,3.462877,3.434494020956255,3.4170797,4.596112489700317
495,nesso_f6d6603f6ff9923ebf1e,OADMET-0006587,1.116787075996399,-1.7398666143417358,0.1493298709392547,1.2563830614089966,-1.6204752922058103,0.1651393324136734,1.1865850687026978,0.1572346091270446,-1.6789495944976809,4.813414931297302,5.31,4.930236,3.97532014493373,4.053887575839827,4.152267954799772,4.053971401571593,4.207797781819292,4.8834686279296875,4.88353150956292,4.638520240783691,4.638413783275467,4.579694,4.613658738202603,4.684796,4.813414931297302
496,nesso_f7a2308ded5a699299c4,OADMET-0006423,0.7154380083084106,-1.0622296333312988,0.2568835914134979,0.8954855799674988,-0.8138105869293213,0.3070790767669678,0.8054617643356323,0.281981348991394,-0.9346546530723572,5.194538235664368,4.994999999999999,5.0323772,4.923556289417954,4.5253810362635685,4.445650476736642,4.530906364874674,4.72513906427647,4.998744964599609,4.998738239387432,5.289154529571533,5.289102514152964,5.575599,5.388883479945495,4.9717293,5.194538235664368
497,nesso_f89c6ad4fff464d057fc,OADMET-0006130,0.7053691148757935,-1.1260509490966797,0.2448906302452087,0.9496861696243286,-0.6769185066223145,0.3369494378566742,0.827527642250061,0.2909200191497803,-0.8909199237823486,5.172472357749939,6.125,4.9964137,5.969800330525049,4.498083001701133,4.462889617379943,4.517931549792208,4.705262379981713,5.184189796447754,5.1843892352781795,5.185945987701416,5.185862177357067,5.52993,5.303144141613356,4.924291,5.172472357749939
498,nesso_f92bdaf386fed6d5fe17,OADMET-0006393,0.4611207842826843,0.242106556892395,0.5602326989173889,0.5557400584220886,-0.2990455031394958,0.4257908761501312,0.5084304213523865,0.4930117726325989,-0.0279547423124313,5.4915695786476135,5.3100000000000005,5.1283054,5.284351894761168,4.892843046990152,4.803048991294961,4.9576757615174945,4.9455186413740435,5.470758438110352,5.47064557793517,5.382210731506348,5.382264017505756,5.581681,5.641833759512708,5.1082706,5.4915695786476135
499,nesso_f99655e4e62e85e17ce1,OADMET-0006136,1.3407063484191897,-2.589294910430908,0.0698305666446685,1.0860916376113892,-2.496225357055664,0.076123222708702,1.2133989334106443,0.0729768946766853,-2.5418355464935303,4.786601066589356,4.65,4.1580577,3.83316800049596,4.020715734302929,3.8121398111694442,3.883770219014471,3.883253749143425,3.796252489089966,3.79702853221532,3.69747257232666,3.697464259073752,3.7377381,3.7940679466699048,3.8701916,4.786601066589356
500,nesso_f99fff8d09b8d4d2805c,OADMET-0006126,0.2472425252199173,0.6111621856689453,0.6482058167457581,0.7241273522377014,-0.8302949666976929,0.3035826981067657,0.4856849312782287,0.4758942723274231,-0.0964977145195007,5.514315068721771,5.96,4.9668746,5.748166023795475,4.920981840134561,4.776031059386611,4.967094838138536,4.973114940777799,5.070178985595703,5.0703499831229735,5.137115478515625,5.137094307885518,5.435481,4.962956305991062,4.9164906,5.514315068721771
501,nesso_f9dbf1c3c4e7613548c8,OADMET-0006240,1.088009238243103,-1.0396958589553833,0.2612086832523346,1.1356277465820312,-1.6145955324172974,0.1659515649080276,1.111818552017212,0.2135801315307617,-1.303478717803955,4.888181447982788,2.76,4.5157757,3.78897418308894,4.146382375480621,4.300269219603887,4.186218467292971,4.346045374648801,4.210050582885742,4.209929379109222,4.082805633544922,4.082777954704345,4.368945,4.367560590472194,4.3369365,4.888181447982788
502,nesso_f9e7e81bd146eb7bd653,OADMET-0006432,0.9159791469573976,-1.294435977935791,0.2151029258966446,1.4740716218948364,-1.8795619010925293,0.1324391961097717,1.1950254440307615,0.1737710535526275,-1.5591332912445068,4.804974555969238,3.755,4.245059,3.484172250348098,4.043445858618381,4.199496556340787,4.066388031988215,4.210906576156868,3.8278586864471436,3.827871968420119,3.8554296493530273,3.8553503639516236,3.9284735,3.5730819163490266,4.0797234,4.804974555969238
503,nesso_fae998ebd52be6b16139,OADMET-0006520,0.6239539980888367,-0.6129603981971741,0.3513841927051544,0.9247658848762512,-0.8777014017105103,0.2936543524265289,0.774359941482544,0.3225192725658417,-0.7422181367874146,5.225640058517456,4.845000000000001,4.985802,4.203456608443554,4.563857576308376,4.521504156935389,4.592030018632749,4.7605335735878995,4.847388744354248,4.847983353618033,4.854255676269531,4.8540117932708915,5.068712,4.841869065386395,4.870795,5.225640058517456
504,nesso_fb2eb9b9110101ad691f,OADMET-0006165,1.0104111433029177,-1.188826560974121,0.2334688901901245,1.1083776950836182,-1.4675335884094238,0.1873177886009216,1.059394359588623,0.210393339395523,-1.3225561380386353,4.940605640411377,5.6,5.0653667,5.327714041312563,4.211237144566768,4.292749375857829,4.231345259890847,4.41583022382388,4.849816799163818,4.850017631587608,4.93239688873291,4.932410891999712,5.0050445,5.020921881842758,4.962208,4.940605640411377
505,nesso_fb58903b69783a440399,OADMET-0006200,0.6340028643608093,0.2816486358642578,0.5699503421783447,0.9263153672218324,-0.4069333672523498,0.3996476829051971,0.7801591157913208,0.4847990274429321,-0.0608226060867309,5.219840884208679,5.41,5.0581036,5.328449161277604,4.556683329204839,4.790093298291976,4.701559388546294,4.641731799105936,5.010512828826904,5.010406728988841,5.1682939529418945,5.168439960388452,5.2106323,4.442443228498961,5.03021,5.219840884208679
506,nesso_fcbcaf06530d7534215d,OADMET-0006528,1.0436404943466189,-2.536287784576416,0.0733531042933464,1.3924123048782349,-2.3950045108795166,0.0835544243454933,1.2180263996124268,0.0784537643194198,-2.46354341506958,4.781973600387573,3.55,3.9438477,3.4083759247771623,4.0149910251931145,3.843000618742561,3.8927023333292206,3.919092541828322,3.9864137172698975,3.986935842898686,3.9244000911712646,3.9245013119232093,4.214931,4.606218970950091,3.6556098,4.781973600387573
507,nesso_fdbf173478292b233049,OADMET-0006242,1.371213436126709,-1.1569281816482544,0.2392258942127227,1.4014095067977903,-1.6089937686920166,0.1667283624410629,1.3863115310668943,0.2029771208763122,-1.3677901029586792,4.6136884689331055,5.18,5.125341,5.09511606893507,3.8068029189866452,4.27491927388235,3.922251912071562,3.8786330461070975,5.142775535583496,5.14275952437569,5.212013244628906,5.212042838775012,4.849787,4.954067786292524,5.0023384,4.6136884689331055
508,nesso_fde5b40007a541efba3a,OADMET-0006112,0.1691890358924865,0.3027322292327881,0.5751102566719055,0.2907938659191131,-1.0421704053878784,0.260731428861618,0.2299914509057998,0.4179208278656006,-0.3313144445419311,5.7700085490942,5.58,5.213323,5.351414101037656,5.237304149705207,4.683472154827857,5.163295118711281,5.06506673354223,5.190333843231201,5.189832437591499,5.179193496704102,5.179268565384745,5.5414815,5.074115187546714,5.1453266,5.7700085490942
509,nesso_feb3339b35ef5c2efde9,OADMET-0006352,0.7549927234649658,-1.167445421218872,0.2373170405626297,0.80547696352005,-1.3198227882385254,0.210847795009613,0.7802348136901855,0.2240824103355407,-1.2420324087142944,5.219765186309815,6.68,5.1751986,5.110456905988859,4.556589682178082,4.324489823723425,4.5023483527034305,4.703275073738213,5.370855808258057,5.370875261723082,5.20389461517334,5.203903047048939,5.5606284,5.207751295354354,5.0743694,5.219765186309815
510,nesso_ff6a1003c7766206e873,OADMET-0006304,0.6500082015991211,-2.382693290710449,0.0845019742846489,0.5550427436828613,-2.007252693176269,0.1184435337781906,0.6025254726409912,0.1014727503061294,-2.180966854095459,5.397474527359009,5.025,4.426914,3.7277148088319807,4.776436622002597,3.9543852587349764,4.507927562205122,4.279115302050321,4.133450031280518,4.133805270385162,4.180357456207275,4.180393413258583,4.3370643,4.551492617863505,4.1852074,5.397474527359009
511,nesso_ff76dfdd36f2761ccd24,OADMET-0006134,0.7768128514289856,0.143345832824707,0.5357752442359924,0.5487300753593445,-0.0280693173408508,0.4929831326007843,0.662771463394165,0.5143792033195496,0.0575326345860958,5.337228536605835,5.59,5.0141225,5.420444493700275,4.701905386753039,4.836745985365925,4.829762260355283,4.763809694138514,5.016598701477051,5.016664683087433,4.854339599609375,4.8544219009870435,5.3658614,5.126481986721966,4.9682517,5.337228536605835
512,nesso_ff860a52c4cefaf235de,OADMET-0006292,1.1187671422958374,-1.2654114961624146,0.2200437486171722,1.0084223747253418,-1.4844908714294434,0.1847500503063202,1.0635948181152344,0.2023968994617462,-1.3713805675506592,4.936405181884766,4.34,4.635799,4.295386216816764,4.2060406931732555,4.273504002195964,4.219240443989211,4.4064022296264955,4.433482646942139,4.433671442157941,4.554096698760986,4.55406763828435,4.6038322,4.517708590000837,4.5104156,4.936405181884766
