dataset,feature_row,pool_variant,pEC50,predicted_pEC50,selected_alpha
development,1,all_pairs,4.36,3.9081095298556945,0.0;0.0;0.0;0.0;0.0
development,3,all_pairs,5.41,4.3253154629879065,0.0;0.0;0.0;0.0;0.0
development,4,all_pairs,5.01,4.095188812789114,0.0;0.0;0.0;0.0;0.0
development,5,all_pairs,5.07,4.238323331549482,0.0;0.0;0.0;0.0;0.0
development,6,all_pairs,5.03,4.170119060814078,0.0;0.0;0.0;0.0;0.0
development,7,all_pairs,3.62,4.522301883363787,0.0;0.0;0.0;0.0;0.0
development,8,all_pairs,2.34,3.637313422971145,0.0;0.0;0.0;0.0;0.0
development,9,all_pairs,5.915,4.322215392905058,0.0;0.0;0.0;0.0;0.0
development,12,all_pairs,3.73,3.822098952053694,0.0;0.0;0.0;0.0;0.0
development,13,all_pairs,4.73,4.722448441834146,0.0;0.0;0.0;0.0;0.0
development,14,all_pairs,5.48,4.866161593961091,0.0;0.0;0.0;0.0;0.0
development,15,all_pairs,5.21,3.9968513752210684,0.0;0.0;0.0;0.0;0.0
development,16,all_pairs,4.84,5.020416036628933,0.0;0.0;0.0;0.0;0.0
development,17,all_pairs,4.86,5.461546136778515,0.0;0.0;0.0;0.0;0.0
development,18,all_pairs,4.86,3.961931495601143,0.0;0.0;0.0;0.0;0.0
development,19,all_pairs,5.74,4.079440741386232,0.0;0.0;0.0;0.0;0.0
development,20,all_pairs,4.44,4.339366167325015,0.0;0.0;0.0;0.0;0.0
development,21,all_pairs,5.3,4.455832947679293,0.0;0.0;0.0;0.0;0.0
development,22,all_pairs,5.88,5.148303392591644,0.0;0.0;0.0;0.0;0.0
development,23,all_pairs,4.75,5.213514704042407,0.0;0.0;0.0;0.0;0.0
development,24,all_pairs,4.43,4.563471362441285,0.0;0.0;0.0;0.0;0.0
development,25,all_pairs,4.57,4.075318874181211,0.0;0.0;0.0;0.0;0.0
development,26,all_pairs,2.27,3.6344651289329564,0.0;0.0;0.0;0.0;0.0
development,27,all_pairs,5.54,4.651612931731696,0.0;0.0;0.0;0.0;0.0
development,28,all_pairs,2.49,4.052933167200075,0.0;0.0;0.0;0.0;0.0
development,29,all_pairs,3.36,4.694168107748206,0.0;0.0;0.0;0.0;0.0
development,30,all_pairs,5.28,4.480821590184299,0.0;0.0;0.0;0.0;0.0
development,31,all_pairs,4.72,4.854810545610135,0.0;0.0;0.0;0.0;0.0
development,32,all_pairs,5.46,4.662136876674433,0.0;0.0;0.0;0.0;0.0
development,33,all_pairs,3.52,4.727814809236335,0.0;0.0;0.0;0.0;0.0
development,34,all_pairs,5.3,4.11673938841384,0.0;0.0;0.0;0.0;0.0
development,35,all_pairs,3.76,4.0400937055189745,0.0;0.0;0.0;0.0;0.0
development,36,all_pairs,4.89,4.6941621628819545,0.0;0.0;0.0;0.0;0.0
development,37,all_pairs,1.83,4.031480346798662,0.0;0.0;0.0;0.0;0.0
development,40,all_pairs,2.28,3.923315340744327,0.0;0.0;0.0;0.0;0.0
development,43,all_pairs,4.12,4.508797037381093,0.0;0.0;0.0;0.0;0.0
development,44,all_pairs,4.64,3.7528952476963777,0.0;0.0;0.0;0.0;0.0
development,45,all_pairs,3.13,4.1241159110627255,0.0;0.0;0.0;0.0;0.0
development,47,all_pairs,5.19,4.727305866936916,0.0;0.0;0.0;0.0;0.0
development,48,all_pairs,5.2,4.446704007172745,0.0;0.0;0.0;0.0;0.0
development,49,all_pairs,4.69,4.346371537503639,0.0;0.0;0.0;0.0;0.0
development,50,all_pairs,4.93,4.0287948764132695,0.0;0.0;0.0;0.0;0.0
development,51,all_pairs,3.41,4.173481208678356,0.0;0.0;0.0;0.0;0.0
development,52,all_pairs,2.78,4.684297761764086,0.0;0.0;0.0;0.0;0.0
development,53,all_pairs,5.12,4.666350241950626,0.0;0.0;0.0;0.0;0.0
development,54,all_pairs,5.09,4.882549277935193,0.0;0.0;0.0;0.0;0.0
development,55,all_pairs,5.54,4.246887819486006,0.0;0.0;0.0;0.0;0.0
development,56,all_pairs,4.42,4.205626937205268,0.0;0.0;0.0;0.0;0.0
development,57,all_pairs,4.77,4.177058074656487,0.0;0.0;0.0;0.0;0.0
development,58,all_pairs,3.0,5.17401639227686,0.0;0.0;0.0;0.0;0.0
development,59,all_pairs,6.470000000000001,4.82008782351854,0.0;0.0;0.0;0.0;0.0
development,61,all_pairs,4.66,4.62362609153054,0.0;0.0;0.0;0.0;0.0
development,63,all_pairs,2.01,4.831684875084527,0.0;0.0;0.0;0.0;0.0
development,64,all_pairs,2.79,4.033919230376583,0.0;0.0;0.0;0.0;0.0
development,65,all_pairs,5.035,3.8943962614469725,0.0;0.0;0.0;0.0;0.0
development,66,all_pairs,3.04,4.500342821347671,0.0;0.0;0.0;0.0;0.0
development,67,all_pairs,3.43,4.069928530240477,0.0;0.0;0.0;0.0;0.0
development,68,all_pairs,3.99,5.1223642460444925,0.0;0.0;0.0;0.0;0.0
development,69,all_pairs,6.01,5.410593123237077,0.0;0.0;0.0;0.0;0.0
development,70,all_pairs,5.14,4.649355402170527,0.0;0.0;0.0;0.0;0.0
development,73,all_pairs,4.56,4.8953678645786916,0.0;0.0;0.0;0.0;0.0
development,74,all_pairs,4.74,4.265242986106261,0.0;0.0;0.0;0.0;0.0
development,75,all_pairs,4.39,4.855475069555322,0.0;0.0;0.0;0.0;0.0
development,76,all_pairs,4.75,4.140724946878962,0.0;0.0;0.0;0.0;0.0
development,77,all_pairs,4.06,4.192142364363176,0.0;0.0;0.0;0.0;0.0
development,78,all_pairs,4.75,4.339386569995652,0.0;0.0;0.0;0.0;0.0
development,81,all_pairs,4.07,4.31278613330696,0.0;0.0;0.0;0.0;0.0
development,82,all_pairs,4.03,4.644616541661276,0.0;0.0;0.0;0.0;0.0
development,83,all_pairs,1.76,4.294444079809684,0.0;0.0;0.0;0.0;0.0
development,86,all_pairs,5.45,4.468652547833748,0.0;0.0;0.0;0.0;0.0
development,89,all_pairs,5.74,4.540261077020952,0.0;0.0;0.0;0.0;0.0
development,90,all_pairs,5.2,4.269197557148335,0.0;0.0;0.0;0.0;0.0
development,91,all_pairs,5.25,4.0654946363049955,0.0;0.0;0.0;0.0;0.0
development,92,all_pairs,5.57,4.603846689782212,0.0;0.0;0.0;0.0;0.0
development,93,all_pairs,5.59,4.604649848282563,0.0;0.0;0.0;0.0;0.0
development,94,all_pairs,2.59,4.459144019203772,0.0;0.0;0.0;0.0;0.0
development,95,all_pairs,5.25,4.9680971629450426,0.0;0.0;0.0;0.0;0.0
development,96,all_pairs,2.02,4.163998264364049,0.0;0.0;0.0;0.0;0.0
development,97,all_pairs,3.69,4.003391936064327,0.0;0.0;0.0;0.0;0.0
development,99,all_pairs,2.05,3.2493329461907154,0.0;0.0;0.0;0.0;0.0
development,100,all_pairs,5.12,4.116741063913437,0.0;0.0;0.0;0.0;0.0
development,101,all_pairs,2.44,4.436458209636948,0.0;0.0;0.0;0.0;0.0
development,102,all_pairs,3.79,3.5797174606042894,0.0;0.0;0.0;0.0;0.0
development,104,all_pairs,4.87,4.004387173972161,0.0;0.0;0.0;0.0;0.0
development,105,all_pairs,4.1,4.531411666692147,0.0;0.0;0.0;0.0;0.0
development,106,all_pairs,2.86,4.13876310179427,0.0;0.0;0.0;0.0;0.0
development,108,all_pairs,1.89,4.585963727613309,0.0;0.0;0.0;0.0;0.0
development,109,all_pairs,3.35,4.293613404942334,0.0;0.0;0.0;0.0;0.0
development,111,all_pairs,3.91,5.1448510990575755,0.0;0.0;0.0;0.0;0.0
development,113,all_pairs,4.71,3.847702271979008,0.0;0.0;0.0;0.0;0.0
development,114,all_pairs,4.66,4.371725912354106,0.0;0.0;0.0;0.0;0.0
development,115,all_pairs,4.88,4.032976516392471,0.0;0.0;0.0;0.0;0.0
development,116,all_pairs,4.8,4.0697396923383335,0.0;0.0;0.0;0.0;0.0
development,118,all_pairs,1.94,3.9648989155020913,0.0;0.0;0.0;0.0;0.0
development,119,all_pairs,4.98,4.708825356079948,0.0;0.0;0.0;0.0;0.0
development,120,all_pairs,4.63,3.8443818330696047,0.0;0.0;0.0;0.0;0.0
development,121,all_pairs,4.34,4.081813961003245,0.0;0.0;0.0;0.0;0.0
development,122,all_pairs,5.19,4.481975639614096,0.0;0.0;0.0;0.0;0.0
development,123,all_pairs,2.22,4.566518680985127,0.0;0.0;0.0;0.0;0.0
development,124,all_pairs,5.02,3.9653370581542955,0.0;0.0;0.0;0.0;0.0
development,125,all_pairs,2.39,3.4075472984952406,0.0;0.0;0.0;0.0;0.0
development,126,all_pairs,5.96,4.4161844940005945,0.0;0.0;0.0;0.0;0.0
development,127,all_pairs,4.41,5.062018360309643,0.0;0.0;0.0;0.0;0.0
development,128,all_pairs,4.32,4.098926838271528,0.0;0.0;0.0;0.0;0.0
development,129,all_pairs,4.14,4.205778704323039,0.0;0.0;0.0;0.0;0.0
development,130,all_pairs,4.4,4.227521690606767,0.0;0.0;0.0;0.0;0.0
development,131,all_pairs,5.52,4.654344761448824,0.0;0.0;0.0;0.0;0.0
development,132,all_pairs,4.57,3.8169573483147317,0.0;0.0;0.0;0.0;0.0
development,133,all_pairs,4.97,4.034851774718754,0.0;0.0;0.0;0.0;0.0
development,135,all_pairs,5.28,4.86275991423345,0.0;0.0;0.0;0.0;0.0
development,136,all_pairs,5.34,4.420312902671677,0.0;0.0;0.0;0.0;0.0
development,138,all_pairs,4.92,5.340925896373943,0.0;0.0;0.0;0.0;0.0
development,139,all_pairs,5.38,4.625203458621071,0.0;0.0;0.0;0.0;0.0
development,140,all_pairs,4.58,4.448202605006955,0.0;0.0;0.0;0.0;0.0
development,141,all_pairs,5.22,4.109883964939479,0.0;0.0;0.0;0.0;0.0
development,142,all_pairs,5.16,4.706039721702482,0.0;0.0;0.0;0.0;0.0
development,143,all_pairs,4.97,4.774679977497887,0.0;0.0;0.0;0.0;0.0
development,146,all_pairs,4.83,4.129789099543291,0.0;0.0;0.0;0.0;0.0
development,147,all_pairs,3.15,3.9041168739156014,0.0;0.0;0.0;0.0;0.0
development,148,all_pairs,4.9,4.376385375155687,0.0;0.0;0.0;0.0;0.0
development,149,all_pairs,5.13,4.146136554020406,0.0;0.0;0.0;0.0;0.0
development,150,all_pairs,5.28,4.688805804740969,0.0;0.0;0.0;0.0;0.0
development,152,all_pairs,3.94,4.460414967225656,0.0;0.0;0.0;0.0;0.0
development,154,all_pairs,5.35,4.194252367037627,0.0;0.0;0.0;0.0;0.0
development,157,all_pairs,5.42,4.717467115757329,0.0;0.0;0.0;0.0;0.0
development,158,all_pairs,2.98,3.7782028110043484,0.0;0.0;0.0;0.0;0.0
development,159,all_pairs,2.63,4.736739907594475,0.0;0.0;0.0;0.0;0.0
development,161,all_pairs,2.85,3.484135143980464,0.0;0.0;0.0;0.0;0.0
development,162,all_pairs,5.41,4.408332967760987,0.0;0.0;0.0;0.0;0.0
development,163,all_pairs,1.86,3.60200719197598,0.0;0.0;0.0;0.0;0.0
development,164,all_pairs,2.08,5.584277170467319,0.0;0.0;0.0;0.0;0.0
development,165,all_pairs,4.95,4.089720722704233,0.0;0.0;0.0;0.0;0.0
development,166,all_pairs,4.91,4.390317795033292,0.0;0.0;0.0;0.0;0.0
development,167,all_pairs,5.13,3.8578731019206023,0.0;0.0;0.0;0.0;0.0
development,168,all_pairs,5.06,4.766447252053353,0.0;0.0;0.0;0.0;0.0
development,169,all_pairs,5.0,4.4967204708219235,0.0;0.0;0.0;0.0;0.0
development,170,all_pairs,5.6,4.385311824099227,0.0;0.0;0.0;0.0;0.0
development,171,all_pairs,5.32,4.590701475394328,0.0;0.0;0.0;0.0;0.0
development,172,all_pairs,4.31,3.9895744909340496,0.0;0.0;0.0;0.0;0.0
development,173,all_pairs,1.71,5.134131119793613,0.0;0.0;0.0;0.0;0.0
development,174,all_pairs,2.53,3.5062676054939974,0.0;0.0;0.0;0.0;0.0
development,175,all_pairs,6.63,4.337270738018852,0.0;0.0;0.0;0.0;0.0
development,176,all_pairs,4.57,3.7886261111905566,0.0;0.0;0.0;0.0;0.0
development,177,all_pairs,4.08,3.768108047340169,0.0;0.0;0.0;0.0;0.0
development,178,all_pairs,3.9,4.106917242969602,0.0;0.0;0.0;0.0;0.0
development,179,all_pairs,2.1,3.2197157184883856,0.0;0.0;0.0;0.0;0.0
development,180,all_pairs,3.63,4.728699700278075,0.0;0.0;0.0;0.0;0.0
development,181,all_pairs,4.31,4.08064536970188,0.0;0.0;0.0;0.0;0.0
development,182,all_pairs,1.73,4.428205171036633,0.0;0.0;0.0;0.0;0.0
development,183,all_pairs,5.13,4.363817369945073,0.0;0.0;0.0;0.0;0.0
development,184,all_pairs,4.15,4.293588478043763,0.0;0.0;0.0;0.0;0.0
development,185,all_pairs,4.44,4.145377998666019,0.0;0.0;0.0;0.0;0.0
development,186,all_pairs,2.7,4.153603124671942,0.0;0.0;0.0;0.0;0.0
development,187,all_pairs,4.63,4.095603477839482,0.0;0.0;0.0;0.0;0.0
development,189,all_pairs,4.5,4.242792046247032,0.0;0.0;0.0;0.0;0.0
development,190,all_pairs,4.58,4.309299173641113,0.0;0.0;0.0;0.0;0.0
development,191,all_pairs,3.38,4.506626561655429,0.0;0.0;0.0;0.0;0.0
development,193,all_pairs,2.55,4.112014162518587,0.0;0.0;0.0;0.0;0.0
development,194,all_pairs,3.35,4.067189735167693,0.0;0.0;0.0;0.0;0.0
development,196,all_pairs,4.61,4.327206657871758,0.0;0.0;0.0;0.0;0.0
development,197,all_pairs,1.66,4.376104065324525,0.0;0.0;0.0;0.0;0.0
development,198,all_pairs,3.96,4.14209545167216,0.0;0.0;0.0;0.0;0.0
development,201,all_pairs,2.79,3.7375429051957028,0.0;0.0;0.0;0.0;0.0
development,203,all_pairs,5.44,3.968304585327434,0.0;0.0;0.0;0.0;0.0
development,204,all_pairs,3.08,4.260192513513021,0.0;0.0;0.0;0.0;0.0
development,205,all_pairs,4.47,3.716553221811838,0.0;0.0;0.0;0.0;0.0
development,206,all_pairs,4.23,4.568046522676568,0.0;0.0;0.0;0.0;0.0
development,207,all_pairs,4.22,4.266776915511804,0.0;0.0;0.0;0.0;0.0
development,208,all_pairs,5.51,4.007530752993652,0.0;0.0;0.0;0.0;0.0
development,209,all_pairs,5.13,4.84236363641974,0.0;0.0;0.0;0.0;0.0
development,211,all_pairs,2.42,4.145358960102293,0.0;0.0;0.0;0.0;0.0
development,214,all_pairs,1.72,3.9219195598108456,0.0;0.0;0.0;0.0;0.0
development,215,all_pairs,5.05,4.194170086412645,0.0;0.0;0.0;0.0;0.0
development,216,all_pairs,1.94,3.6930791499290256,0.0;0.0;0.0;0.0;0.0
development,217,all_pairs,5.03,4.388739073654399,0.0;0.0;0.0;0.0;0.0
development,220,all_pairs,5.31,4.111858336874636,0.0;0.0;0.0;0.0;0.0
development,221,all_pairs,5.22,4.3801455443807855,0.0;0.0;0.0;0.0;0.0
development,222,all_pairs,3.29,3.9420142770678233,0.0;0.0;0.0;0.0;0.0
development,223,all_pairs,5.48,5.16864985005976,0.0;0.0;0.0;0.0;0.0
development,224,all_pairs,5.05,5.053081939171773,0.0;0.0;0.0;0.0;0.0
development,225,all_pairs,5.45,4.720829383496162,0.0;0.0;0.0;0.0;0.0
development,226,all_pairs,4.81,4.953182744749764,0.0;0.0;0.0;0.0;0.0
development,227,all_pairs,3.9,4.838509966526243,0.0;0.0;0.0;0.0;0.0
development,228,all_pairs,3.49,4.185057108679677,0.0;0.0;0.0;0.0;0.0
development,229,all_pairs,4.82,4.385871818926257,0.0;0.0;0.0;0.0;0.0
development,230,all_pairs,5.27,4.628290998205438,0.0;0.0;0.0;0.0;0.0
development,231,all_pairs,5.32,4.567315923955802,0.0;0.0;0.0;0.0;0.0
development,232,all_pairs,4.87,4.489524854581803,0.0;0.0;0.0;0.0;0.0
development,233,all_pairs,4.61,4.488571018410674,0.0;0.0;0.0;0.0;0.0
development,234,all_pairs,5.41,4.094062332030437,0.0;0.0;0.0;0.0;0.0
development,235,all_pairs,3.56,3.879143360926855,0.0;0.0;0.0;0.0;0.0
development,236,all_pairs,4.93,3.5721842573378977,0.0;0.0;0.0;0.0;0.0
development,237,all_pairs,4.8,3.866642013008526,0.0;0.0;0.0;0.0;0.0
development,238,all_pairs,3.49,3.8907283396182666,0.0;0.0;0.0;0.0;0.0
development,239,all_pairs,3.01,3.539358243704595,0.0;0.0;0.0;0.0;0.0
development,240,all_pairs,5.82,4.059062515504804,0.0;0.0;0.0;0.0;0.0
development,241,all_pairs,5.33,4.534867368550882,0.0;0.0;0.0;0.0;0.0
development,242,all_pairs,3.0,4.005818598792854,0.0;0.0;0.0;0.0;0.0
development,243,all_pairs,1.76,4.5246687041413995,0.0;0.0;0.0;0.0;0.0
development,244,all_pairs,5.3,4.382749199389833,0.0;0.0;0.0;0.0;0.0
development,245,all_pairs,5.58,4.02279817796522,0.0;0.0;0.0;0.0;0.0
development,246,all_pairs,3.14,3.490197619744835,0.0;0.0;0.0;0.0;0.0
development,247,all_pairs,5.0,4.996932585593836,0.0;0.0;0.0;0.0;0.0
development,248,all_pairs,3.21,4.1773127557708785,0.0;0.0;0.0;0.0;0.0
development,249,all_pairs,1.84,3.943399498605637,0.0;0.0;0.0;0.0;0.0
development,251,all_pairs,4.62,4.817489946923307,0.0;0.0;0.0;0.0;0.0
development,252,all_pairs,3.34,3.607385127180291,0.0;0.0;0.0;0.0;0.0
development,253,all_pairs,1.74,4.386507862839969,0.0;0.0;0.0;0.0;0.0
development,254,all_pairs,4.72,4.665370235576917,0.0;0.0;0.0;0.0;0.0
development,255,all_pairs,4.97,4.0470627276798155,0.0;0.0;0.0;0.0;0.0
development,257,all_pairs,5.74,4.786721631312046,0.0;0.0;0.0;0.0;0.0
development,260,all_pairs,3.53,3.608282574289576,0.0;0.0;0.0;0.0;0.0
development,261,all_pairs,5.67,4.3491852820311925,0.0;0.0;0.0;0.0;0.0
development,263,all_pairs,1.91,3.878486103043656,0.0;0.0;0.0;0.0;0.0
development,265,all_pairs,5.15,4.397462887192913,0.0;0.0;0.0;0.0;0.0
development,266,all_pairs,5.12,4.367299364966964,0.0;0.0;0.0;0.0;0.0
development,267,all_pairs,2.24,4.387245602980174,0.0;0.0;0.0;0.0;0.0
development,268,all_pairs,5.18,4.717371597014367,0.0;0.0;0.0;0.0;0.0
development,270,all_pairs,5.01,3.8687824791904464,0.0;0.0;0.0;0.0;0.0
development,271,all_pairs,1.62,4.452590985639306,0.0;0.0;0.0;0.0;0.0
development,272,all_pairs,5.35,4.176267400855022,0.0;0.0;0.0;0.0;0.0
development,273,all_pairs,4.87,4.578105851285768,0.0;0.0;0.0;0.0;0.0
development,274,all_pairs,4.72,4.415946743325662,0.0;0.0;0.0;0.0;0.0
development,275,all_pairs,5.08,4.9529073906866685,0.0;0.0;0.0;0.0;0.0
development,277,all_pairs,5.2,4.947679895194221,0.0;0.0;0.0;0.0;0.0
development,278,all_pairs,4.39,4.110248282249566,0.0;0.0;0.0;0.0;0.0
development,279,all_pairs,4.39,4.6226197295382105,0.0;0.0;0.0;0.0;0.0
development,283,all_pairs,2.53,4.245500814677498,0.0;0.0;0.0;0.0;0.0
development,285,all_pairs,4.85,4.154138347378263,0.0;0.0;0.0;0.0;0.0
development,286,all_pairs,5.09,4.634968851991841,0.0;0.0;0.0;0.0;0.0
development,287,all_pairs,3.0,4.202328948113234,0.0;0.0;0.0;0.0;0.0
development,288,all_pairs,4.14,4.292586671535754,0.0;0.0;0.0;0.0;0.0
development,289,all_pairs,1.86,4.221011360950895,0.0;0.0;0.0;0.0;0.0
development,290,all_pairs,4.7,4.2969471233354986,0.0;0.0;0.0;0.0;0.0
development,291,all_pairs,2.14,3.9381988881705694,0.0;0.0;0.0;0.0;0.0
development,292,all_pairs,5.64,4.2099132759018705,0.0;0.0;0.0;0.0;0.0
development,296,all_pairs,5.29,4.754077436652327,0.0;0.0;0.0;0.0;0.0
development,297,all_pairs,2.91,3.1974430255867454,0.0;0.0;0.0;0.0;0.0
development,298,all_pairs,5.12,4.173064246796168,0.0;0.0;0.0;0.0;0.0
development,299,all_pairs,4.3,4.040302499544925,0.0;0.0;0.0;0.0;0.0
development,300,all_pairs,5.59,4.761560662838531,0.0;0.0;0.0;0.0;0.0
development,301,all_pairs,2.92,3.8212085232362627,0.0;0.0;0.0;0.0;0.0
development,302,all_pairs,5.29,3.684820691236026,0.0;0.0;0.0;0.0;0.0
development,303,all_pairs,4.84,4.656914887792968,0.0;0.0;0.0;0.0;0.0
development,304,all_pairs,4.53,4.216960248077324,0.0;0.0;0.0;0.0;0.0
development,305,all_pairs,5.18,4.039179596129346,0.0;0.0;0.0;0.0;0.0
development,307,all_pairs,5.63,4.366515183058526,0.0;0.0;0.0;0.0;0.0
development,308,all_pairs,5.23,4.648120673208852,0.0;0.0;0.0;0.0;0.0
development,309,all_pairs,4.61,4.62481388208135,0.0;0.0;0.0;0.0;0.0
development,310,all_pairs,4.2,4.383954664021293,0.0;0.0;0.0;0.0;0.0
development,311,all_pairs,5.04,4.100422788401332,0.0;0.0;0.0;0.0;0.0
development,312,all_pairs,3.23,3.8985765465541196,0.0;0.0;0.0;0.0;0.0
development,314,all_pairs,5.12,3.3884851617069547,0.0;0.0;0.0;0.0;0.0
development,315,all_pairs,1.82,3.5287839540204855,0.0;0.0;0.0;0.0;0.0
development,316,all_pairs,2.68,4.144981755260228,0.0;0.0;0.0;0.0;0.0
development,317,all_pairs,5.61,4.293083538471143,0.0;0.0;0.0;0.0;0.0
development,319,all_pairs,4.87,4.222857613119232,0.0;0.0;0.0;0.0;0.0
development,321,all_pairs,1.95,4.230836980211536,0.0;0.0;0.0;0.0;0.0
development,322,all_pairs,2.92,3.896272527350249,0.0;0.0;0.0;0.0;0.0
development,324,all_pairs,5.24,4.464693096474462,0.0;0.0;0.0;0.0;0.0
development,325,all_pairs,2.54,3.5563394395407997,0.0;0.0;0.0;0.0;0.0
development,327,all_pairs,5.16,4.12639405864401,0.0;0.0;0.0;0.0;0.0
development,328,all_pairs,6.41,5.182673978503221,0.0;0.0;0.0;0.0;0.0
development,329,all_pairs,4.59,4.422670166285714,0.0;0.0;0.0;0.0;0.0
development,330,all_pairs,5.56,4.682128046730556,0.0;0.0;0.0;0.0;0.0
development,331,all_pairs,2.28,3.4409472900706257,0.0;0.0;0.0;0.0;0.0
development,332,all_pairs,4.12,4.550563280449635,0.0;0.0;0.0;0.0;0.0
development,333,all_pairs,4.9,4.723102337984688,0.0;0.0;0.0;0.0;0.0
development,335,all_pairs,3.13,4.064772663415241,0.0;0.0;0.0;0.0;0.0
development,336,all_pairs,3.88,4.584508761802855,0.0;0.0;0.0;0.0;0.0
development,337,all_pairs,5.09,4.212151644657904,0.0;0.0;0.0;0.0;0.0
development,340,all_pairs,2.01,4.376923971127869,0.0;0.0;0.0;0.0;0.0
development,341,all_pairs,1.94,3.322161769414266,0.0;0.0;0.0;0.0;0.0
development,343,all_pairs,3.89,4.012331051663363,0.0;0.0;0.0;0.0;0.0
development,345,all_pairs,2.24,5.39969247983934,0.0;0.0;0.0;0.0;0.0
development,348,all_pairs,4.16,4.872155987914418,0.0;0.0;0.0;0.0;0.0
development,349,all_pairs,5.09,3.9232838902175198,0.0;0.0;0.0;0.0;0.0
development,351,all_pairs,4.82,4.133491548348738,0.0;0.0;0.0;0.0;0.0
development,352,all_pairs,3.67,4.494323128243504,0.0;0.0;0.0;0.0;0.0
development,353,all_pairs,1.82,4.753950617055715,0.0;0.0;0.0;0.0;0.0
development,354,all_pairs,4.84,4.062575366306871,0.0;0.0;0.0;0.0;0.0
development,355,all_pairs,5.75,4.389439283027023,0.0;0.0;0.0;0.0;0.0
development,357,all_pairs,5.09,4.750039747481868,0.0;0.0;0.0;0.0;0.0
development,359,all_pairs,4.22,4.073546800775286,0.0;0.0;0.0;0.0;0.0
development,360,all_pairs,5.835,4.990904476053003,0.0;0.0;0.0;0.0;0.0
development,361,all_pairs,4.29,4.785110758523974,0.0;0.0;0.0;0.0;0.0
development,363,all_pairs,4.6,3.8250813194416997,0.0;0.0;0.0;0.0;0.0
development,364,all_pairs,4.31,4.680554770104242,0.0;0.0;0.0;0.0;0.0
development,365,all_pairs,5.12,4.594940074884584,0.0;0.0;0.0;0.0;0.0
development,367,all_pairs,2.69,5.008727503714118,0.0;0.0;0.0;0.0;0.0
development,368,all_pairs,2.3,3.959702563305218,0.0;0.0;0.0;0.0;0.0
development,369,all_pairs,4.34,4.171503804532404,0.0;0.0;0.0;0.0;0.0
development,370,all_pairs,5.16,4.824134401799705,0.0;0.0;0.0;0.0;0.0
development,371,all_pairs,5.14,4.784781737972051,0.0;0.0;0.0;0.0;0.0
development,373,all_pairs,2.91,4.671324368034477,0.0;0.0;0.0;0.0;0.0
development,374,all_pairs,5.35,4.383453149070749,0.0;0.0;0.0;0.0;0.0
development,375,all_pairs,4.71,4.38106437899936,0.0;0.0;0.0;0.0;0.0
development,376,all_pairs,5.29,4.171143814089062,0.0;0.0;0.0;0.0;0.0
development,377,all_pairs,4.51,4.174343635715681,0.0;0.0;0.0;0.0;0.0
development,378,all_pairs,3.93,4.25889788098695,0.0;0.0;0.0;0.0;0.0
development,379,all_pairs,5.2,4.5010378155093465,0.0;0.0;0.0;0.0;0.0
development,381,all_pairs,1.87,4.350932698723371,0.0;0.0;0.0;0.0;0.0
development,382,all_pairs,5.29,4.843880855749729,0.0;0.0;0.0;0.0;0.0
development,383,all_pairs,4.55,3.3640270850579546,0.0;0.0;0.0;0.0;0.0
development,384,all_pairs,4.0,6.036259407784518,0.0;0.0;0.0;0.0;0.0
development,385,all_pairs,4.83,4.465560228650617,0.0;0.0;0.0;0.0;0.0
development,386,all_pairs,5.45,4.248953592817608,0.0;0.0;0.0;0.0;0.0
development,387,all_pairs,5.61,4.430228279664543,0.0;0.0;0.0;0.0;0.0
development,388,all_pairs,4.4,4.098053756076474,0.0;0.0;0.0;0.0;0.0
development,389,all_pairs,5.975,4.353044118038984,0.0;0.0;0.0;0.0;0.0
development,391,all_pairs,4.75,4.559020430826739,0.0;0.0;0.0;0.0;0.0
development,392,all_pairs,2.89,4.149304719730746,0.0;0.0;0.0;0.0;0.0
development,393,all_pairs,4.16,4.152429213934761,0.0;0.0;0.0;0.0;0.0
development,394,all_pairs,5.31,4.580061817933893,0.0;0.0;0.0;0.0;0.0
development,395,all_pairs,4.76,4.918846201755364,0.0;0.0;0.0;0.0;0.0
development,396,all_pairs,4.69,4.009960637633513,0.0;0.0;0.0;0.0;0.0
development,400,all_pairs,5.0,4.681796274101852,0.0;0.0;0.0;0.0;0.0
development,401,all_pairs,3.09,3.853755692382877,0.0;0.0;0.0;0.0;0.0
development,402,all_pairs,3.58,4.603468026724341,0.0;0.0;0.0;0.0;0.0
development,403,all_pairs,4.04,4.181527047567938,0.0;0.0;0.0;0.0;0.0
development,404,all_pairs,4.36,3.736561507902496,0.0;0.0;0.0;0.0;0.0
development,405,all_pairs,5.27,4.064076362112442,0.0;0.0;0.0;0.0;0.0
development,406,all_pairs,4.11,3.7990722743566563,0.0;0.0;0.0;0.0;0.0
development,407,all_pairs,5.08,6.220302431909415,0.0;0.0;0.0;0.0;0.0
development,408,all_pairs,5.22,3.8450188683407993,0.0;0.0;0.0;0.0;0.0
development,409,all_pairs,3.11,3.929391839718277,0.0;0.0;0.0;0.0;0.0
development,410,all_pairs,3.62,3.958896894005882,0.0;0.0;0.0;0.0;0.0
development,411,all_pairs,4.9,4.628250102619735,0.0;0.0;0.0;0.0;0.0
development,412,all_pairs,4.83,4.259702647405916,0.0;0.0;0.0;0.0;0.0
development,413,all_pairs,4.93,4.653654121920775,0.0;0.0;0.0;0.0;0.0
development,414,all_pairs,5.06,4.424694622912734,0.0;0.0;0.0;0.0;0.0
development,415,all_pairs,1.88,3.4073692513497864,0.0;0.0;0.0;0.0;0.0
development,416,all_pairs,6.140000000000001,4.7228489887991305,0.0;0.0;0.0;0.0;0.0
development,418,all_pairs,2.83,3.8623919828112263,0.0;0.0;0.0;0.0;0.0
development,421,all_pairs,4.4,4.341481178218548,0.0;0.0;0.0;0.0;0.0
development,422,all_pairs,4.51,4.1325284088923695,0.0;0.0;0.0;0.0;0.0
development,424,all_pairs,5.53,4.174238520668265,0.0;0.0;0.0;0.0;0.0
development,425,all_pairs,2.31,3.6920047911503464,0.0;0.0;0.0;0.0;0.0
development,427,all_pairs,5.22,3.8276909823670233,0.0;0.0;0.0;0.0;0.0
development,428,all_pairs,4.98,6.103560772013901,0.0;0.0;0.0;0.0;0.0
development,429,all_pairs,6.58,5.100928766700342,0.0;0.0;0.0;0.0;0.0
development,432,all_pairs,5.44,4.632585831125524,0.0;0.0;0.0;0.0;0.0
development,433,all_pairs,5.45,4.425290597252278,0.0;0.0;0.0;0.0;0.0
development,434,all_pairs,3.97,4.804224274450992,0.0;0.0;0.0;0.0;0.0
development,435,all_pairs,3.73,3.914860221533647,0.0;0.0;0.0;0.0;0.0
development,436,all_pairs,4.97,4.062311885892434,0.0;0.0;0.0;0.0;0.0
development,437,all_pairs,4.98,4.133539205567279,0.0;0.0;0.0;0.0;0.0
development,438,all_pairs,4.73,4.4642191713598605,0.0;0.0;0.0;0.0;0.0
development,439,all_pairs,4.66,4.560224403628605,0.0;0.0;0.0;0.0;0.0
development,440,all_pairs,3.38,4.3296890071703755,0.0;0.0;0.0;0.0;0.0
development,441,all_pairs,5.53,4.68644191618278,0.0;0.0;0.0;0.0;0.0
development,442,all_pairs,2.49,3.968013933747275,0.0;0.0;0.0;0.0;0.0
development,443,all_pairs,5.55,4.534270536601354,0.0;0.0;0.0;0.0;0.0
development,444,all_pairs,5.04,4.688182001991949,0.0;0.0;0.0;0.0;0.0
development,445,all_pairs,4.42,3.854389580067334,0.0;0.0;0.0;0.0;0.0
development,446,all_pairs,4.88,4.267604183531891,0.0;0.0;0.0;0.0;0.0
development,448,all_pairs,5.46,3.996183125380421,0.0;0.0;0.0;0.0;0.0
development,449,all_pairs,5.2,4.237154583483597,0.0;0.0;0.0;0.0;0.0
development,450,all_pairs,4.745,3.778362354894271,0.0;0.0;0.0;0.0;0.0
development,451,all_pairs,4.45,3.9754167706524273,0.0;0.0;0.0;0.0;0.0
development,452,all_pairs,4.55,4.420704921970994,0.0;0.0;0.0;0.0;0.0
development,454,all_pairs,4.83,5.0316214390926355,0.0;0.0;0.0;0.0;0.0
development,455,all_pairs,2.85,3.4203118162955026,0.0;0.0;0.0;0.0;0.0
development,457,all_pairs,4.8,3.8466832384691783,0.0;0.0;0.0;0.0;0.0
development,459,all_pairs,5.7,4.516427477401271,0.0;0.0;0.0;0.0;0.0
development,462,all_pairs,4.15,3.7826241879981906,0.0;0.0;0.0;0.0;0.0
development,464,all_pairs,5.12,4.241541137621458,0.0;0.0;0.0;0.0;0.0
development,465,all_pairs,4.78,4.000704455004132,0.0;0.0;0.0;0.0;0.0
development,466,all_pairs,2.0,4.280246081888107,0.0;0.0;0.0;0.0;0.0
development,467,all_pairs,4.64,3.95591265621264,0.0;0.0;0.0;0.0;0.0
development,470,all_pairs,2.56,3.6218942790839415,0.0;0.0;0.0;0.0;0.0
development,471,all_pairs,4.85,4.0334019875456,0.0;0.0;0.0;0.0;0.0
development,472,all_pairs,3.84,4.168571471581065,0.0;0.0;0.0;0.0;0.0
development,475,all_pairs,4.78,4.342433089404321,0.0;0.0;0.0;0.0;0.0
development,476,all_pairs,4.49,4.353403899961874,0.0;0.0;0.0;0.0;0.0
development,477,all_pairs,4.91,4.8542685069769345,0.0;0.0;0.0;0.0;0.0
development,478,all_pairs,5.19,5.0096086912533195,0.0;0.0;0.0;0.0;0.0
development,479,all_pairs,4.79,4.1856513753162785,0.0;0.0;0.0;0.0;0.0
development,480,all_pairs,4.17,5.240864916750166,0.0;0.0;0.0;0.0;0.0
development,481,all_pairs,2.57,4.314660759197618,0.0;0.0;0.0;0.0;0.0
development,482,all_pairs,5.07,4.64415544275952,0.0;0.0;0.0;0.0;0.0
development,483,all_pairs,4.21,4.132533786601225,0.0;0.0;0.0;0.0;0.0
development,484,all_pairs,2.88,3.3986069500299254,0.0;0.0;0.0;0.0;0.0
development,485,all_pairs,4.46,4.504895085803443,0.0;0.0;0.0;0.0;0.0
development,486,all_pairs,3.37,4.126512172064427,0.0;0.0;0.0;0.0;0.0
development,487,all_pairs,5.775,4.3717435152897295,0.0;0.0;0.0;0.0;0.0
development,489,all_pairs,4.88,6.055972479157406,0.0;0.0;0.0;0.0;0.0
development,490,all_pairs,1.83,4.2532055628536485,0.0;0.0;0.0;0.0;0.0
development,491,all_pairs,4.79,4.102175546228811,0.0;0.0;0.0;0.0;0.0
development,492,all_pairs,3.95,3.9842228457606197,0.0;0.0;0.0;0.0;0.0
development,493,all_pairs,4.97,4.507197334106847,0.0;0.0;0.0;0.0;0.0
development,494,all_pairs,5.5,4.592296357236456,0.0;0.0;0.0;0.0;0.0
development,496,all_pairs,4.99,4.021511777972788,0.0;0.0;0.0;0.0;0.0
development,497,all_pairs,5.16,4.237905023741482,0.0;0.0;0.0;0.0;0.0
development,498,all_pairs,5.04,4.092190153992281,0.0;0.0;0.0;0.0;0.0
development,499,all_pairs,4.53,4.339746091816331,0.0;0.0;0.0;0.0;0.0
development,500,all_pairs,4.15,4.500400191087253,0.0;0.0;0.0;0.0;0.0
development,501,all_pairs,1.92,3.352582433658947,0.0;0.0;0.0;0.0;0.0
development,502,all_pairs,5.15,4.554445296359369,0.0;0.0;0.0;0.0;0.0
development,503,all_pairs,5.74,4.331609834288951,0.0;0.0;0.0;0.0;0.0
development,504,all_pairs,4.73,4.3573747435594825,0.0;0.0;0.0;0.0;0.0
development,505,all_pairs,5.21,4.596636139745817,0.0;0.0;0.0;0.0;0.0
development,506,all_pairs,2.5,3.872791419523651,0.0;0.0;0.0;0.0;0.0
development,507,all_pairs,3.98,3.8252414559059473,0.0;0.0;0.0;0.0;0.0
development,508,all_pairs,4.57,3.986533888423176,0.0;0.0;0.0;0.0;0.0
development,509,all_pairs,5.0,4.438757628795888,0.0;0.0;0.0;0.0;0.0
development,510,all_pairs,5.25,3.8464998103647425,0.0;0.0;0.0;0.0;0.0
development,511,all_pairs,5.22,4.286399472572395,0.0;0.0;0.0;0.0;0.0
development,513,all_pairs,6.845,4.728940081366128,0.0;0.0;0.0;0.0;0.0
development,514,all_pairs,5.37,4.883127352532307,0.0;0.0;0.0;0.0;0.0
development,515,all_pairs,4.57,5.1162543386598,0.0;0.0;0.0;0.0;0.0
development,516,all_pairs,2.79,3.2675142681482883,0.0;0.0;0.0;0.0;0.0
development,517,all_pairs,5.09,4.735042730004583,0.0;0.0;0.0;0.0;0.0
development,519,all_pairs,3.93,4.828125118747846,0.0;0.0;0.0;0.0;0.0
development,522,all_pairs,5.26,4.144513292788667,0.0;0.0;0.0;0.0;0.0
development,523,all_pairs,1.82,4.556666597854892,0.0;0.0;0.0;0.0;0.0
development,524,all_pairs,4.77,4.627199888282822,0.0;0.0;0.0;0.0;0.0
development,525,all_pairs,5.31,4.506952532138576,0.0;0.0;0.0;0.0;0.0
development,527,all_pairs,4.12,5.3488500594652155,0.0;0.0;0.0;0.0;0.0
development,528,all_pairs,4.76,4.478372939589883,0.0;0.0;0.0;0.0;0.0
development,529,all_pairs,5.11,4.091405367124505,0.0;0.0;0.0;0.0;0.0
development,530,all_pairs,4.61,3.834172967079106,0.0;0.0;0.0;0.0;0.0
development,531,all_pairs,4.96,4.8608558667534485,0.0;0.0;0.0;0.0;0.0
development,532,all_pairs,4.38,4.420944354561702,0.0;0.0;0.0;0.0;0.0
development,533,all_pairs,3.29,3.476015343488061,0.0;0.0;0.0;0.0;0.0
development,534,all_pairs,5.52,4.503114385627067,0.0;0.0;0.0;0.0;0.0
development,535,all_pairs,4.63,4.416112630928929,0.0;0.0;0.0;0.0;0.0
development,536,all_pairs,4.71,4.299985219681877,0.0;0.0;0.0;0.0;0.0
development,538,all_pairs,3.59,4.496069117323619,0.0;0.0;0.0;0.0;0.0
development,539,all_pairs,5.44,4.2962331469865624,0.0;0.0;0.0;0.0;0.0
development,540,all_pairs,2.57,3.7935377880472583,0.0;0.0;0.0;0.0;0.0
development,542,all_pairs,2.56,4.334125987650408,0.0;0.0;0.0;0.0;0.0
development,543,all_pairs,4.99,3.98432474646022,0.0;0.0;0.0;0.0;0.0
development,545,all_pairs,4.21,4.290408570417751,0.0;0.0;0.0;0.0;0.0
development,547,all_pairs,5.27,4.596830450717645,0.0;0.0;0.0;0.0;0.0
development,548,all_pairs,3.92,3.959837881550561,0.0;0.0;0.0;0.0;0.0
development,549,all_pairs,5.39,4.183564377821425,0.0;0.0;0.0;0.0;0.0
development,551,all_pairs,4.21,4.470090215398684,0.0;0.0;0.0;0.0;0.0
development,552,all_pairs,5.57,4.281795659909818,0.0;0.0;0.0;0.0;0.0
development,553,all_pairs,5.23,4.104911909336241,0.0;0.0;0.0;0.0;0.0
development,555,all_pairs,4.38,4.535971076393202,0.0;0.0;0.0;0.0;0.0
development,556,all_pairs,5.25,4.362132568570237,0.0;0.0;0.0;0.0;0.0
development,557,all_pairs,5.09,4.5075090513592855,0.0;0.0;0.0;0.0;0.0
development,558,all_pairs,5.09,4.25324836976927,0.0;0.0;0.0;0.0;0.0
development,560,all_pairs,4.48,4.538373792480222,0.0;0.0;0.0;0.0;0.0
development,561,all_pairs,1.96,3.5897243306016593,0.0;0.0;0.0;0.0;0.0
development,562,all_pairs,2.34,3.885362936185743,0.0;0.0;0.0;0.0;0.0
development,564,all_pairs,6.27,4.739960927357075,0.0;0.0;0.0;0.0;0.0
development,565,all_pairs,3.22,3.5409690257453486,0.0;0.0;0.0;0.0;0.0
development,566,all_pairs,3.66,3.9551878376961493,0.0;0.0;0.0;0.0;0.0
development,567,all_pairs,5.41,4.775606930603483,0.0;0.0;0.0;0.0;0.0
development,568,all_pairs,4.8,4.612323540807157,0.0;0.0;0.0;0.0;0.0
development,570,all_pairs,3.4,3.705596431665355,0.0;0.0;0.0;0.0;0.0
development,571,all_pairs,5.57,4.027401910863918,0.0;0.0;0.0;0.0;0.0
development,572,all_pairs,3.82,3.9550512221514533,0.0;0.0;0.0;0.0;0.0
development,573,all_pairs,1.77,4.369572073227889,0.0;0.0;0.0;0.0;0.0
development,574,all_pairs,4.35,4.143956603941798,0.0;0.0;0.0;0.0;0.0
development,575,all_pairs,4.9,4.3558735589815685,0.0;0.0;0.0;0.0;0.0
development,576,all_pairs,4.68,4.9076908819180245,0.0;0.0;0.0;0.0;0.0
development,577,all_pairs,4.27,4.4410726979068675,0.0;0.0;0.0;0.0;0.0
development,578,all_pairs,2.44,3.8801420660209187,0.0;0.0;0.0;0.0;0.0
development,579,all_pairs,5.25,4.268631231933232,0.0;0.0;0.0;0.0;0.0
development,580,all_pairs,3.14,3.697509287726761,0.0;0.0;0.0;0.0;0.0
development,581,all_pairs,1.78,5.075069275207347,0.0;0.0;0.0;0.0;0.0
development,582,all_pairs,5.25,5.969131968483717,0.0;0.0;0.0;0.0;0.0
development,583,all_pairs,4.67,3.6433901337448935,0.0;0.0;0.0;0.0;0.0
development,584,all_pairs,3.11,3.8987715573747845,0.0;0.0;0.0;0.0;0.0
development,585,all_pairs,5.28,4.959003133149539,0.0;0.0;0.0;0.0;0.0
development,587,all_pairs,5.18,4.140117101103296,0.0;0.0;0.0;0.0;0.0
development,588,all_pairs,5.38,4.295260179703029,0.0;0.0;0.0;0.0;0.0
development,590,all_pairs,5.12,4.251823612201819,0.0;0.0;0.0;0.0;0.0
development,592,all_pairs,4.58,3.9501976577406586,0.0;0.0;0.0;0.0;0.0
development,593,all_pairs,4.73,4.2229445839629225,0.0;0.0;0.0;0.0;0.0
development,594,all_pairs,5.16,4.516624758740935,0.0;0.0;0.0;0.0;0.0
development,596,all_pairs,5.0,4.552057593802963,0.0;0.0;0.0;0.0;0.0
development,597,all_pairs,3.98,3.9867628032645177,0.0;0.0;0.0;0.0;0.0
development,598,all_pairs,4.66,4.863401859616964,0.0;0.0;0.0;0.0;0.0
development,599,all_pairs,4.88,4.074476336100089,0.0;0.0;0.0;0.0;0.0
development,600,all_pairs,4.08,4.571649096976736,0.0;0.0;0.0;0.0;0.0
development,601,all_pairs,5.09,4.726628785157464,0.0;0.0;0.0;0.0;0.0
development,602,all_pairs,4.79,4.264491109704612,0.0;0.0;0.0;0.0;0.0
development,603,all_pairs,4.05,4.190791617129719,0.0;0.0;0.0;0.0;0.0
development,604,all_pairs,4.27,5.009712533507032,0.0;0.0;0.0;0.0;0.0
development,605,all_pairs,5.965,4.36359928435438,0.0;0.0;0.0;0.0;0.0
development,606,all_pairs,2.86,3.9199796760461503,0.0;0.0;0.0;0.0;0.0
development,607,all_pairs,4.41,4.199411021747993,0.0;0.0;0.0;0.0;0.0
development,608,all_pairs,4.84,4.440247455275321,0.0;0.0;0.0;0.0;0.0
development,610,all_pairs,5.27,4.627250186754108,0.0;0.0;0.0;0.0;0.0
development,611,all_pairs,4.64,4.222043678941114,0.0;0.0;0.0;0.0;0.0
development,612,all_pairs,4.92,4.153646855573465,0.0;0.0;0.0;0.0;0.0
development,613,all_pairs,5.44,4.897210397674124,0.0;0.0;0.0;0.0;0.0
development,614,all_pairs,5.02,5.54514652996243,0.0;0.0;0.0;0.0;0.0
development,615,all_pairs,4.46,4.3862054089299285,0.0;0.0;0.0;0.0;0.0
development,616,all_pairs,4.67,4.157835143440529,0.0;0.0;0.0;0.0;0.0
development,617,all_pairs,4.53,3.3499814220817465,0.0;0.0;0.0;0.0;0.0
development,618,all_pairs,3.94,4.014337998109342,0.0;0.0;0.0;0.0;0.0
development,619,all_pairs,5.43,4.825100911824391,0.0;0.0;0.0;0.0;0.0
development,620,all_pairs,3.04,3.906496275128676,0.0;0.0;0.0;0.0;0.0
development,621,all_pairs,4.4,4.326682210196276,0.0;0.0;0.0;0.0;0.0
development,622,all_pairs,5.05,4.816669111233039,0.0;0.0;0.0;0.0;0.0
development,623,all_pairs,3.11,3.5657520655124495,0.0;0.0;0.0;0.0;0.0
development,625,all_pairs,5.14,4.067782723573311,0.0;0.0;0.0;0.0;0.0
development,626,all_pairs,4.61,4.167421574907019,0.0;0.0;0.0;0.0;0.0
development,627,all_pairs,3.44,4.3491716818194135,0.0;0.0;0.0;0.0;0.0
development,629,all_pairs,6.07,4.548949483034138,0.0;0.0;0.0;0.0;0.0
development,630,all_pairs,4.54,4.324630198888888,0.0;0.0;0.0;0.0;0.0
development,631,all_pairs,5.62,4.908642307280758,0.0;0.0;0.0;0.0;0.0
development,632,all_pairs,4.13,4.343816125451937,0.0;0.0;0.0;0.0;0.0
development,633,all_pairs,4.29,3.9019982549731353,0.0;0.0;0.0;0.0;0.0
development,634,all_pairs,3.72,4.136719054670574,0.0;0.0;0.0;0.0;0.0
development,635,all_pairs,6.050000000000001,4.723267512113777,0.0;0.0;0.0;0.0;0.0
development,636,all_pairs,3.47,4.411047768208761,0.0;0.0;0.0;0.0;0.0
development,637,all_pairs,4.3,4.667744680833247,0.0;0.0;0.0;0.0;0.0
development,638,all_pairs,2.37,3.706000308904877,0.0;0.0;0.0;0.0;0.0
development,639,all_pairs,5.44,4.654352456729256,0.0;0.0;0.0;0.0;0.0
development,641,all_pairs,2.01,3.9692579568046744,0.0;0.0;0.0;0.0;0.0
development,642,all_pairs,4.77,4.663326998526847,0.0;0.0;0.0;0.0;0.0
development,643,all_pairs,4.85,4.183620709511652,0.0;0.0;0.0;0.0;0.0
development,644,all_pairs,5.06,4.161897505889365,0.0;0.0;0.0;0.0;0.0
development,645,all_pairs,4.49,4.534242228997533,0.0;0.0;0.0;0.0;0.0
development,646,all_pairs,5.54,5.127662204054699,0.0;0.0;0.0;0.0;0.0
development,648,all_pairs,2.68,4.302006888271649,0.0;0.0;0.0;0.0;0.0
development,649,all_pairs,3.35,3.9598603213302135,0.0;0.0;0.0;0.0;0.0
development,650,all_pairs,4.87,4.298777390732217,0.0;0.0;0.0;0.0;0.0
development,651,all_pairs,3.63,4.88206536695616,0.0;0.0;0.0;0.0;0.0
development,654,all_pairs,4.3,4.462996993654982,0.0;0.0;0.0;0.0;0.0
development,655,all_pairs,2.02,4.028642251365468,0.0;0.0;0.0;0.0;0.0
development,656,all_pairs,4.6,4.054544684126979,0.0;0.0;0.0;0.0;0.0
development,657,all_pairs,5.62,4.062246521528781,0.0;0.0;0.0;0.0;0.0
development,658,all_pairs,4.54,4.2035110043575274,0.0;0.0;0.0;0.0;0.0
development,659,all_pairs,4.94,4.438039369178472,0.0;0.0;0.0;0.0;0.0
development,660,all_pairs,5.904999999999999,3.965288867567544,0.0;0.0;0.0;0.0;0.0
development,661,all_pairs,5.39,4.219190323580889,0.0;0.0;0.0;0.0;0.0
development,662,all_pairs,5.57,4.678343536514431,0.0;0.0;0.0;0.0;0.0
development,664,all_pairs,4.55,4.991484874546895,0.0;0.0;0.0;0.0;0.0
development,665,all_pairs,5.0,4.028613918056687,0.0;0.0;0.0;0.0;0.0
development,667,all_pairs,4.73,5.092480346152045,0.0;0.0;0.0;0.0;0.0
development,668,all_pairs,4.38,4.536521646219483,0.0;0.0;0.0;0.0;0.0
development,669,all_pairs,5.68,4.1547244440305935,0.0;0.0;0.0;0.0;0.0
development,670,all_pairs,5.71,4.441158337355024,0.0;0.0;0.0;0.0;0.0
development,671,all_pairs,4.54,4.215309165619417,0.0;0.0;0.0;0.0;0.0
development,673,all_pairs,4.09,4.464197738080217,0.0;0.0;0.0;0.0;0.0
development,674,all_pairs,5.25,4.91715901109808,0.0;0.0;0.0;0.0;0.0
development,676,all_pairs,5.56,4.208386080490265,0.0;0.0;0.0;0.0;0.0
development,677,all_pairs,3.95,4.316962141652226,0.0;0.0;0.0;0.0;0.0
development,678,all_pairs,1.93,5.037363567025528,0.0;0.0;0.0;0.0;0.0
development,679,all_pairs,2.53,4.146891779288564,0.0;0.0;0.0;0.0;0.0
development,680,all_pairs,1.92,3.84625090491525,0.0;0.0;0.0;0.0;0.0
development,681,all_pairs,4.97,4.447350370836822,0.0;0.0;0.0;0.0;0.0
development,683,all_pairs,5.44,4.690903013398122,0.0;0.0;0.0;0.0;0.0
development,684,all_pairs,5.5,4.361660045876654,0.0;0.0;0.0;0.0;0.0
development,686,all_pairs,4.73,4.439529189491497,0.0;0.0;0.0;0.0;0.0
development,687,all_pairs,4.25,4.69386870328244,0.0;0.0;0.0;0.0;0.0
development,688,all_pairs,4.57,4.025861693531764,0.0;0.0;0.0;0.0;0.0
development,689,all_pairs,5.04,4.158994141449011,0.0;0.0;0.0;0.0;0.0
development,690,all_pairs,5.06,4.195850821472839,0.0;0.0;0.0;0.0;0.0
development,691,all_pairs,3.1,3.515790435851949,0.0;0.0;0.0;0.0;0.0
development,692,all_pairs,4.83,3.9905814920385163,0.0;0.0;0.0;0.0;0.0
development,693,all_pairs,3.31,3.789633582149976,0.0;0.0;0.0;0.0;0.0
development,694,all_pairs,4.62,3.925181125385856,0.0;0.0;0.0;0.0;0.0
development,695,all_pairs,4.2,4.723673245294573,0.0;0.0;0.0;0.0;0.0
development,696,all_pairs,2.96,4.389317592767987,0.0;0.0;0.0;0.0;0.0
development,697,all_pairs,3.79,4.569489953090917,0.0;0.0;0.0;0.0;0.0
development,698,all_pairs,4.87,4.3349954792013605,0.0;0.0;0.0;0.0;0.0
development,699,all_pairs,4.82,4.5464632676998455,0.0;0.0;0.0;0.0;0.0
development,700,all_pairs,3.99,3.7828918452942872,0.0;0.0;0.0;0.0;0.0
development,702,all_pairs,4.43,3.9686898015332455,0.0;0.0;0.0;0.0;0.0
development,703,all_pairs,4.66,4.383068799726519,0.0;0.0;0.0;0.0;0.0
development,704,all_pairs,5.07,4.6746564943193185,0.0;0.0;0.0;0.0;0.0
development,705,all_pairs,1.68,4.095285571231192,0.0;0.0;0.0;0.0;0.0
development,706,all_pairs,4.63,4.161157256106991,0.0;0.0;0.0;0.0;0.0
development,707,all_pairs,2.23,3.762205536712465,0.0;0.0;0.0;0.0;0.0
development,708,all_pairs,2.58,4.348051065460391,0.0;0.0;0.0;0.0;0.0
development,710,all_pairs,4.71,4.191332612331511,0.0;0.0;0.0;0.0;0.0
development,711,all_pairs,5.2,4.1967770549855405,0.0;0.0;0.0;0.0;0.0
development,714,all_pairs,5.27,4.322611225100344,0.0;0.0;0.0;0.0;0.0
development,716,all_pairs,3.41,3.4180102808518567,0.0;0.0;0.0;0.0;0.0
development,717,all_pairs,4.93,3.7622201429406963,0.0;0.0;0.0;0.0;0.0
development,718,all_pairs,4.99,4.173788065564341,0.0;0.0;0.0;0.0;0.0
development,719,all_pairs,3.48,3.354035445955361,0.0;0.0;0.0;0.0;0.0
development,720,all_pairs,3.3,3.950474921194446,0.0;0.0;0.0;0.0;0.0
development,722,all_pairs,5.58,4.462445042343818,0.0;0.0;0.0;0.0;0.0
development,723,all_pairs,5.27,4.269005144537695,0.0;0.0;0.0;0.0;0.0
development,725,all_pairs,4.1,3.883394234271094,0.0;0.0;0.0;0.0;0.0
development,726,all_pairs,5.42,4.143665902950829,0.0;0.0;0.0;0.0;0.0
development,727,all_pairs,5.48,4.5430216937679475,0.0;0.0;0.0;0.0;0.0
development,728,all_pairs,4.96,4.612236168485161,0.0;0.0;0.0;0.0;0.0
development,729,all_pairs,1.71,4.301554794534039,0.0;0.0;0.0;0.0;0.0
development,730,all_pairs,2.84,3.9564492426794726,0.0;0.0;0.0;0.0;0.0
development,731,all_pairs,4.7,4.785783911577223,0.0;0.0;0.0;0.0;0.0
development,733,all_pairs,5.04,4.217644898585609,0.0;0.0;0.0;0.0;0.0
development,734,all_pairs,5.65,4.406015038575671,0.0;0.0;0.0;0.0;0.0
development,738,all_pairs,4.33,3.848248024476928,0.0;0.0;0.0;0.0;0.0
development,739,all_pairs,2.99,3.683859408888817,0.0;0.0;0.0;0.0;0.0
development,740,all_pairs,4.38,4.159367444514081,0.0;0.0;0.0;0.0;0.0
development,741,all_pairs,2.48,3.802109246812801,0.0;0.0;0.0;0.0;0.0
development,742,all_pairs,4.39,4.775778267750761,0.0;0.0;0.0;0.0;0.0
development,743,all_pairs,5.71,4.459140263606807,0.0;0.0;0.0;0.0;0.0
development,744,all_pairs,4.46,4.132079635082195,0.0;0.0;0.0;0.0;0.0
development,745,all_pairs,5.07,4.68486580940832,0.0;0.0;0.0;0.0;0.0
development,746,all_pairs,5.42,4.844985076191538,0.0;0.0;0.0;0.0;0.0
development,747,all_pairs,4.98,4.617560217076666,0.0;0.0;0.0;0.0;0.0
development,748,all_pairs,3.52,4.278719822718417,0.0;0.0;0.0;0.0;0.0
development,750,all_pairs,4.53,4.17042385374287,0.0;0.0;0.0;0.0;0.0
development,754,all_pairs,3.43,3.79431918665442,0.0;0.0;0.0;0.0;0.0
development,755,all_pairs,3.74,3.9941598264385587,0.0;0.0;0.0;0.0;0.0
development,756,all_pairs,5.41,4.463310775635113,0.0;0.0;0.0;0.0;0.0
development,758,all_pairs,5.29,5.657277296857046,0.0;0.0;0.0;0.0;0.0
development,759,all_pairs,5.31,4.413991750275229,0.0;0.0;0.0;0.0;0.0
development,761,all_pairs,3.8,5.369084682498472,0.0;0.0;0.0;0.0;0.0
development,762,all_pairs,2.37,4.099236082075432,0.0;0.0;0.0;0.0;0.0
development,763,all_pairs,4.69,4.630441940082105,0.0;0.0;0.0;0.0;0.0
development,767,all_pairs,3.44,4.290302091520696,0.0;0.0;0.0;0.0;0.0
development,768,all_pairs,5.91,5.313502444885563,0.0;0.0;0.0;0.0;0.0
development,769,all_pairs,1.73,4.040409394659663,0.0;0.0;0.0;0.0;0.0
development,770,all_pairs,4.06,4.434587103097634,0.0;0.0;0.0;0.0;0.0
development,771,all_pairs,3.12,3.837919133824507,0.0;0.0;0.0;0.0;0.0
development,772,all_pairs,4.81,4.325928552299836,0.0;0.0;0.0;0.0;0.0
development,773,all_pairs,4.37,4.438920625170944,0.0;0.0;0.0;0.0;0.0
development,778,all_pairs,3.13,3.8367856554933315,0.0;0.0;0.0;0.0;0.0
development,780,all_pairs,5.2,4.22319466082036,0.0;0.0;0.0;0.0;0.0
development,781,all_pairs,4.87,4.602662346119193,0.0;0.0;0.0;0.0;0.0
development,782,all_pairs,3.08,3.9627210634675554,0.0;0.0;0.0;0.0;0.0
development,783,all_pairs,4.53,3.9542063931415643,0.0;0.0;0.0;0.0;0.0
development,784,all_pairs,3.15,4.160488090704403,0.0;0.0;0.0;0.0;0.0
development,785,all_pairs,4.08,4.735306661650855,0.0;0.0;0.0;0.0;0.0
development,786,all_pairs,3.47,5.407449155908051,0.0;0.0;0.0;0.0;0.0
development,788,all_pairs,2.94,4.158796062767713,0.0;0.0;0.0;0.0;0.0
development,789,all_pairs,4.93,4.426225104468731,0.0;0.0;0.0;0.0;0.0
development,790,all_pairs,5.26,3.8297096171527163,0.0;0.0;0.0;0.0;0.0
development,791,all_pairs,4.41,4.180229783882308,0.0;0.0;0.0;0.0;0.0
development,792,all_pairs,5.7,5.152157470451364,0.0;0.0;0.0;0.0;0.0
development,794,all_pairs,4.71,4.029874164424904,0.0;0.0;0.0;0.0;0.0
development,795,all_pairs,4.7,4.056377453445091,0.0;0.0;0.0;0.0;0.0
development,796,all_pairs,3.91,4.336617509326608,0.0;0.0;0.0;0.0;0.0
development,798,all_pairs,4.57,4.385425686185616,0.0;0.0;0.0;0.0;0.0
development,799,all_pairs,4.56,4.3739559165342845,0.0;0.0;0.0;0.0;0.0
development,800,all_pairs,4.42,4.184923015946912,0.0;0.0;0.0;0.0;0.0
development,802,all_pairs,4.23,4.438377300782483,0.0;0.0;0.0;0.0;0.0
development,803,all_pairs,4.73,4.41497004553484,0.0;0.0;0.0;0.0;0.0
development,804,all_pairs,5.23,4.420359232217139,0.0;0.0;0.0;0.0;0.0
development,806,all_pairs,5.25,4.447862123997869,0.0;0.0;0.0;0.0;0.0
development,807,all_pairs,4.83,4.770066163062006,0.0;0.0;0.0;0.0;0.0
development,809,all_pairs,2.02,4.389176219237439,0.0;0.0;0.0;0.0;0.0
development,810,all_pairs,4.68,3.926814058452463,0.0;0.0;0.0;0.0;0.0
development,812,all_pairs,5.21,4.179558950193637,0.0;0.0;0.0;0.0;0.0
development,813,all_pairs,4.57,4.791840851236009,0.0;0.0;0.0;0.0;0.0
development,814,all_pairs,4.09,4.258410552303761,0.0;0.0;0.0;0.0;0.0
development,815,all_pairs,5.88,4.133977022958197,0.0;0.0;0.0;0.0;0.0
development,816,all_pairs,4.29,4.489298015220148,0.0;0.0;0.0;0.0;0.0
development,817,all_pairs,4.74,4.623660108210725,0.0;0.0;0.0;0.0;0.0
development,818,all_pairs,4.7,5.4368742191387796,0.0;0.0;0.0;0.0;0.0
development,819,all_pairs,4.35,4.645577186262886,0.0;0.0;0.0;0.0;0.0
development,820,all_pairs,3.43,4.106364478214537,0.0;0.0;0.0;0.0;0.0
development,821,all_pairs,4.71,4.763730288763215,0.0;0.0;0.0;0.0;0.0
development,822,all_pairs,2.51,3.7287249458734575,0.0;0.0;0.0;0.0;0.0
development,823,all_pairs,4.41,4.041726421206109,0.0;0.0;0.0;0.0;0.0
development,824,all_pairs,5.17,4.277792504571288,0.0;0.0;0.0;0.0;0.0
development,826,all_pairs,3.72,4.288261230319613,0.0;0.0;0.0;0.0;0.0
development,827,all_pairs,2.82,4.141476965699138,0.0;0.0;0.0;0.0;0.0
development,828,all_pairs,4.0,5.33468893603835,0.0;0.0;0.0;0.0;0.0
development,829,all_pairs,1.78,4.159925996374135,0.0;0.0;0.0;0.0;0.0
development,830,all_pairs,5.23,4.320152129507866,0.0;0.0;0.0;0.0;0.0
development,831,all_pairs,4.6,4.372037042795294,0.0;0.0;0.0;0.0;0.0
development,832,all_pairs,1.66,4.022746166251571,0.0;0.0;0.0;0.0;0.0
development,833,all_pairs,4.78,4.297641798942697,0.0;0.0;0.0;0.0;0.0
development,834,all_pairs,2.52,3.589429075002231,0.0;0.0;0.0;0.0;0.0
development,835,all_pairs,4.24,4.306376509216342,0.0;0.0;0.0;0.0;0.0
development,836,all_pairs,1.79,4.045819422602351,0.0;0.0;0.0;0.0;0.0
development,837,all_pairs,5.105,5.207387421293583,0.0;0.0;0.0;0.0;0.0
development,838,all_pairs,5.85,4.013032287789567,0.0;0.0;0.0;0.0;0.0
development,839,all_pairs,4.95,4.829950776538598,0.0;0.0;0.0;0.0;0.0
development,840,all_pairs,4.01,3.9773415496204834,0.0;0.0;0.0;0.0;0.0
development,841,all_pairs,4.17,4.203523738099362,0.0;0.0;0.0;0.0;0.0
development,842,all_pairs,5.18,4.923541886848079,0.0;0.0;0.0;0.0;0.0
development,843,all_pairs,2.73,4.199414682499062,0.0;0.0;0.0;0.0;0.0
development,844,all_pairs,5.47,4.331742131610586,0.0;0.0;0.0;0.0;0.0
development,845,all_pairs,5.22,4.355779794649277,0.0;0.0;0.0;0.0;0.0
development,847,all_pairs,4.14,4.00153047227463,0.0;0.0;0.0;0.0;0.0
development,848,all_pairs,5.92,4.89138297323409,0.0;0.0;0.0;0.0;0.0
development,849,all_pairs,5.58,4.417842749748542,0.0;0.0;0.0;0.0;0.0
development,850,all_pairs,6.09,4.760457839565127,0.0;0.0;0.0;0.0;0.0
development,852,all_pairs,1.78,3.781636001391501,0.0;0.0;0.0;0.0;0.0
development,854,all_pairs,1.74,4.763650947937815,0.0;0.0;0.0;0.0;0.0
development,855,all_pairs,3.26,4.209529317567433,0.0;0.0;0.0;0.0;0.0
development,856,all_pairs,5.36,4.617245614213469,0.0;0.0;0.0;0.0;0.0
development,857,all_pairs,4.77,4.130995643503693,0.0;0.0;0.0;0.0;0.0
development,859,all_pairs,5.11,4.350805420913122,0.0;0.0;0.0;0.0;0.0
development,860,all_pairs,2.55,3.967722571067825,0.0;0.0;0.0;0.0;0.0
development,861,all_pairs,1.75,4.530141238456649,0.0;0.0;0.0;0.0;0.0
development,862,all_pairs,4.9,4.894180839249332,0.0;0.0;0.0;0.0;0.0
development,863,all_pairs,4.57,4.502337490135393,0.0;0.0;0.0;0.0;0.0
development,864,all_pairs,5.14,4.463113094702438,0.0;0.0;0.0;0.0;0.0
development,865,all_pairs,3.89,4.044815686330529,0.0;0.0;0.0;0.0;0.0
development,866,all_pairs,3.58,3.966029443241187,0.0;0.0;0.0;0.0;0.0
development,867,all_pairs,4.96,4.672808325394555,0.0;0.0;0.0;0.0;0.0
development,868,all_pairs,3.47,3.9984183395098123,0.0;0.0;0.0;0.0;0.0
development,869,all_pairs,4.74,3.7728347130095887,0.0;0.0;0.0;0.0;0.0
development,870,all_pairs,2.8,3.825680284695395,0.0;0.0;0.0;0.0;0.0
development,871,all_pairs,2.89,3.719736626724495,0.0;0.0;0.0;0.0;0.0
development,872,all_pairs,5.16,4.213308074493356,0.0;0.0;0.0;0.0;0.0
development,873,all_pairs,5.91,4.244821556633769,0.0;0.0;0.0;0.0;0.0
development,875,all_pairs,5.3,4.18786700119177,0.0;0.0;0.0;0.0;0.0
development,876,all_pairs,3.85,4.642425495637481,0.0;0.0;0.0;0.0;0.0
development,877,all_pairs,1.98,3.7407736617827605,0.0;0.0;0.0;0.0;0.0
development,878,all_pairs,3.05,4.29883147245494,0.0;0.0;0.0;0.0;0.0
development,880,all_pairs,4.92,4.373094612062406,0.0;0.0;0.0;0.0;0.0
development,881,all_pairs,4.97,4.156621606269987,0.0;0.0;0.0;0.0;0.0
development,882,all_pairs,5.04,4.4214216988818675,0.0;0.0;0.0;0.0;0.0
development,883,all_pairs,2.56,3.8310870804448403,0.0;0.0;0.0;0.0;0.0
development,884,all_pairs,4.4,3.891262431549391,0.0;0.0;0.0;0.0;0.0
development,886,all_pairs,5.18,4.124270601182957,0.0;0.0;0.0;0.0;0.0
development,887,all_pairs,1.95,3.6290758733994,0.0;0.0;0.0;0.0;0.0
development,888,all_pairs,5.32,4.260187093781982,0.0;0.0;0.0;0.0;0.0
development,889,all_pairs,4.64,4.00840256860614,0.0;0.0;0.0;0.0;0.0
development,893,all_pairs,5.66,4.383116038742346,0.0;0.0;0.0;0.0;0.0
development,894,all_pairs,2.44,4.0613131804746345,0.0;0.0;0.0;0.0;0.0
development,895,all_pairs,5.7,5.230342151506206,0.0;0.0;0.0;0.0;0.0
development,896,all_pairs,4.24,4.273417217947122,0.0;0.0;0.0;0.0;0.0
development,897,all_pairs,3.61,4.27330137295074,0.0;0.0;0.0;0.0;0.0
development,898,all_pairs,4.73,3.7295379719647195,0.0;0.0;0.0;0.0;0.0
development,899,all_pairs,4.21,4.461875307502302,0.0;0.0;0.0;0.0;0.0
development,900,all_pairs,4.41,3.8956713602093496,0.0;0.0;0.0;0.0;0.0
development,901,all_pairs,3.05,3.913511568206044,0.0;0.0;0.0;0.0;0.0
development,903,all_pairs,5.34,4.590105037097674,0.0;0.0;0.0;0.0;0.0
development,904,all_pairs,5.11,4.113741987734666,0.0;0.0;0.0;0.0;0.0
development,905,all_pairs,3.94,4.0166766652431845,0.0;0.0;0.0;0.0;0.0
development,906,all_pairs,5.35,4.185955422727401,0.0;0.0;0.0;0.0;0.0
development,907,all_pairs,5.21,4.164864095578034,0.0;0.0;0.0;0.0;0.0
development,908,all_pairs,3.43,4.167620902041736,0.0;0.0;0.0;0.0;0.0
development,909,all_pairs,1.85,3.562398129339757,0.0;0.0;0.0;0.0;0.0
development,910,all_pairs,2.75,4.013610300844706,0.0;0.0;0.0;0.0;0.0
development,911,all_pairs,4.73,4.070930594678026,0.0;0.0;0.0;0.0;0.0
development,912,all_pairs,5.06,4.122493637216428,0.0;0.0;0.0;0.0;0.0
development,913,all_pairs,4.65,4.847285628632056,0.0;0.0;0.0;0.0;0.0
development,914,all_pairs,5.17,4.433231326667248,0.0;0.0;0.0;0.0;0.0
development,915,all_pairs,1.76,4.305281491722356,0.0;0.0;0.0;0.0;0.0
development,916,all_pairs,2.74,4.7711613726411795,0.0;0.0;0.0;0.0;0.0
development,917,all_pairs,5.64,4.912853660038775,0.0;0.0;0.0;0.0;0.0
development,918,all_pairs,2.85,4.044160979663502,0.0;0.0;0.0;0.0;0.0
development,919,all_pairs,4.89,4.270562187838185,0.0;0.0;0.0;0.0;0.0
development,920,all_pairs,2.21,3.7490450567397597,0.0;0.0;0.0;0.0;0.0
development,921,all_pairs,5.88,6.1267386577865155,0.0;0.0;0.0;0.0;0.0
development,922,all_pairs,5.33,4.030756336686819,0.0;0.0;0.0;0.0;0.0
development,923,all_pairs,3.0,4.163005951887056,0.0;0.0;0.0;0.0;0.0
development,925,all_pairs,4.85,4.3494292126142415,0.0;0.0;0.0;0.0;0.0
development,926,all_pairs,5.66,4.4705263180696795,0.0;0.0;0.0;0.0;0.0
development,927,all_pairs,5.05,4.406009965877475,0.0;0.0;0.0;0.0;0.0
development,928,all_pairs,5.87,4.130034688147238,0.0;0.0;0.0;0.0;0.0
development,930,all_pairs,2.79,3.8358602594664823,0.0;0.0;0.0;0.0;0.0
development,931,all_pairs,2.5,4.28975570204319,0.0;0.0;0.0;0.0;0.0
development,932,all_pairs,3.3,4.117320636759651,0.0;0.0;0.0;0.0;0.0
development,933,all_pairs,4.3,4.572029411203143,0.0;0.0;0.0;0.0;0.0
development,935,all_pairs,2.24,3.5286249890314947,0.0;0.0;0.0;0.0;0.0
development,936,all_pairs,4.56,4.23386722458741,0.0;0.0;0.0;0.0;0.0
development,937,all_pairs,3.86,3.42219582155724,0.0;0.0;0.0;0.0;0.0
development,938,all_pairs,1.81,3.7659578448417315,0.0;0.0;0.0;0.0;0.0
development,940,all_pairs,4.37,4.285418272126059,0.0;0.0;0.0;0.0;0.0
development,941,all_pairs,2.45,3.4663382996231826,0.0;0.0;0.0;0.0;0.0
development,942,all_pairs,3.87,4.578843040104345,0.0;0.0;0.0;0.0;0.0
development,944,all_pairs,5.58,4.498935613171828,0.0;0.0;0.0;0.0;0.0
development,945,all_pairs,5.98,4.524771177858876,0.0;0.0;0.0;0.0;0.0
development,946,all_pairs,4.89,4.5643620027356,0.0;0.0;0.0;0.0;0.0
development,948,all_pairs,4.36,4.205025452817151,0.0;0.0;0.0;0.0;0.0
development,950,all_pairs,4.48,4.460241323629877,0.0;0.0;0.0;0.0;0.0
development,951,all_pairs,3.65,3.8455694208130913,0.0;0.0;0.0;0.0;0.0
development,952,all_pairs,3.92,4.963456059028173,0.0;0.0;0.0;0.0;0.0
development,953,all_pairs,4.98,4.366370532763118,0.0;0.0;0.0;0.0;0.0
development,954,all_pairs,5.67,4.901082889286357,0.0;0.0;0.0;0.0;0.0
development,955,all_pairs,2.45,4.055443759556121,0.0;0.0;0.0;0.0;0.0
development,956,all_pairs,4.64,4.991798393587247,0.0;0.0;0.0;0.0;0.0
development,957,all_pairs,3.67,4.28134986949767,0.0;0.0;0.0;0.0;0.0
development,959,all_pairs,5.68,4.674339240661185,0.0;0.0;0.0;0.0;0.0
development,960,all_pairs,4.82,4.329373247562112,0.0;0.0;0.0;0.0;0.0
development,961,all_pairs,4.68,4.493196389690151,0.0;0.0;0.0;0.0;0.0
development,962,all_pairs,5.78,5.005989298605918,0.0;0.0;0.0;0.0;0.0
development,964,all_pairs,2.67,4.482798910020728,0.0;0.0;0.0;0.0;0.0
development,965,all_pairs,4.63,4.203793067195239,0.0;0.0;0.0;0.0;0.0
development,966,all_pairs,2.92,3.7873991329813816,0.0;0.0;0.0;0.0;0.0
development,967,all_pairs,5.49,4.625114217877252,0.0;0.0;0.0;0.0;0.0
development,968,all_pairs,5.25,4.571571317911875,0.0;0.0;0.0;0.0;0.0
development,969,all_pairs,5.16,5.044957773055981,0.0;0.0;0.0;0.0;0.0
development,970,all_pairs,3.31,4.815516464514933,0.0;0.0;0.0;0.0;0.0
development,972,all_pairs,5.49,4.793593241326304,0.0;0.0;0.0;0.0;0.0
development,973,all_pairs,4.99,5.175730326700234,0.0;0.0;0.0;0.0;0.0
development,974,all_pairs,4.81,4.822626590389422,0.0;0.0;0.0;0.0;0.0
development,975,all_pairs,4.95,4.240931116809282,0.0;0.0;0.0;0.0;0.0
development,976,all_pairs,2.96,4.262410997834362,0.0;0.0;0.0;0.0;0.0
development,977,all_pairs,4.59,4.0248106245151085,0.0;0.0;0.0;0.0;0.0
development,978,all_pairs,1.86,4.36139416950782,0.0;0.0;0.0;0.0;0.0
development,979,all_pairs,3.38,4.8367834342742935,0.0;0.0;0.0;0.0;0.0
development,981,all_pairs,3.73,3.8320804382261064,0.0;0.0;0.0;0.0;0.0
development,982,all_pairs,4.25,5.251527323760039,0.0;0.0;0.0;0.0;0.0
development,983,all_pairs,2.44,3.3404082719378367,0.0;0.0;0.0;0.0;0.0
development,985,all_pairs,5.45,4.2904005786066435,0.0;0.0;0.0;0.0;0.0
development,986,all_pairs,3.87,4.3580519083036275,0.0;0.0;0.0;0.0;0.0
development,987,all_pairs,2.9,3.9005838691998385,0.0;0.0;0.0;0.0;0.0
development,988,all_pairs,4.73,3.835960572955309,0.0;0.0;0.0;0.0;0.0
development,989,all_pairs,4.49,4.236188571937966,0.0;0.0;0.0;0.0;0.0
development,990,all_pairs,2.52,3.9756140998579985,0.0;0.0;0.0;0.0;0.0
development,991,all_pairs,1.88,4.044662286604871,0.0;0.0;0.0;0.0;0.0
development,992,all_pairs,4.13,4.852902864132473,0.0;0.0;0.0;0.0;0.0
development,993,all_pairs,3.29,3.989085492385513,0.0;0.0;0.0;0.0;0.0
development,994,all_pairs,3.81,3.7074217950657262,0.0;0.0;0.0;0.0;0.0
development,995,all_pairs,4.45,4.574781357687065,0.0;0.0;0.0;0.0;0.0
development,996,all_pairs,4.01,4.210898301832361,0.0;0.0;0.0;0.0;0.0
development,997,all_pairs,3.56,3.6954555619872123,0.0;0.0;0.0;0.0;0.0
development,998,all_pairs,4.95,4.674765189416251,0.0;0.0;0.0;0.0;0.0
development,999,all_pairs,4.05,5.244808108724679,0.0;0.0;0.0;0.0;0.0
development,1001,all_pairs,5.880000000000001,4.967120485581202,0.0;0.0;0.0;0.0;0.0
development,1002,all_pairs,4.67,4.725118378649059,0.0;0.0;0.0;0.0;0.0
development,1003,all_pairs,4.8,4.741287001615632,0.0;0.0;0.0;0.0;0.0
development,1004,all_pairs,3.64,4.260327960780457,0.0;0.0;0.0;0.0;0.0
development,1005,all_pairs,3.53,4.166371266204803,0.0;0.0;0.0;0.0;0.0
development,1006,all_pairs,3.4,5.1249324112082455,0.0;0.0;0.0;0.0;0.0
development,1008,all_pairs,4.39,4.59102943739878,0.0;0.0;0.0;0.0;0.0
development,1009,all_pairs,4.91,4.462916596537219,0.0;0.0;0.0;0.0;0.0
development,1010,all_pairs,2.97,3.6345358682373456,0.0;0.0;0.0;0.0;0.0
development,1011,all_pairs,5.11,4.338937158583692,0.0;0.0;0.0;0.0;0.0
development,1012,all_pairs,5.18,4.302004060845202,0.0;0.0;0.0;0.0;0.0
development,1013,all_pairs,5.36,4.642446083215525,0.0;0.0;0.0;0.0;0.0
development,1015,all_pairs,2.87,3.5428872839419223,0.0;0.0;0.0;0.0;0.0
development,1016,all_pairs,4.76,4.4436177450894885,0.0;0.0;0.0;0.0;0.0
development,1018,all_pairs,5.23,5.471763563817034,0.0;0.0;0.0;0.0;0.0
development,1019,all_pairs,4.38,4.1366241066574325,0.0;0.0;0.0;0.0;0.0
development,1020,all_pairs,2.84,3.601158248190922,0.0;0.0;0.0;0.0;0.0
development,1021,all_pairs,5.13,5.347828453827064,0.0;0.0;0.0;0.0;0.0
development,1023,all_pairs,3.29,4.732911489891473,0.0;0.0;0.0;0.0;0.0
development,1024,all_pairs,5.44,4.4730529768929825,0.0;0.0;0.0;0.0;0.0
development,1026,all_pairs,5.22,4.369050311155218,0.0;0.0;0.0;0.0;0.0
development,1028,all_pairs,3.42,3.7929868327276712,0.0;0.0;0.0;0.0;0.0
development,1029,all_pairs,4.4,4.565417329610825,0.0;0.0;0.0;0.0;0.0
development,1030,all_pairs,5.02,4.389287945668836,0.0;0.0;0.0;0.0;0.0
development,1031,all_pairs,3.05,4.0254391129506315,0.0;0.0;0.0;0.0;0.0
development,1032,all_pairs,3.78,4.414468275193862,0.0;0.0;0.0;0.0;0.0
development,1033,all_pairs,2.02,3.494049414074193,0.0;0.0;0.0;0.0;0.0
development,1034,all_pairs,4.66,4.508622390636182,0.0;0.0;0.0;0.0;0.0
development,1035,all_pairs,3.63,3.8800164994079456,0.0;0.0;0.0;0.0;0.0
development,1036,all_pairs,5.29,4.193161513934268,0.0;0.0;0.0;0.0;0.0
development,1037,all_pairs,1.71,4.3629944461375905,0.0;0.0;0.0;0.0;0.0
development,1039,all_pairs,5.45,4.067315065561623,0.0;0.0;0.0;0.0;0.0
development,1040,all_pairs,4.92,4.90439083471039,0.0;0.0;0.0;0.0;0.0
development,1041,all_pairs,1.82,4.8411349606475085,0.0;0.0;0.0;0.0;0.0
development,1042,all_pairs,4.34,4.411522771223018,0.0;0.0;0.0;0.0;0.0
development,1044,all_pairs,5.41,4.13526756275218,0.0;0.0;0.0;0.0;0.0
development,1045,all_pairs,4.17,4.045899128562068,0.0;0.0;0.0;0.0;0.0
development,1046,all_pairs,4.98,3.643760868810621,0.0;0.0;0.0;0.0;0.0
development,1047,all_pairs,4.8,4.422123653356831,0.0;0.0;0.0;0.0;0.0
development,1048,all_pairs,4.04,4.797885547852874,0.0;0.0;0.0;0.0;0.0
development,1049,all_pairs,4.62,4.222901431645858,0.0;0.0;0.0;0.0;0.0
development,1050,all_pairs,5.06,4.1763720385934615,0.0;0.0;0.0;0.0;0.0
development,1051,all_pairs,5.07,4.0718686696508435,0.0;0.0;0.0;0.0;0.0
development,1052,all_pairs,4.99,4.615896226452506,0.0;0.0;0.0;0.0;0.0
development,1053,all_pairs,2.93,3.201357917180769,0.0;0.0;0.0;0.0;0.0
development,1054,all_pairs,5.58,4.273755157288856,0.0;0.0;0.0;0.0;0.0
development,1055,all_pairs,5.87,4.695274180011376,0.0;0.0;0.0;0.0;0.0
development,1056,all_pairs,4.43,4.306123096673076,0.0;0.0;0.0;0.0;0.0
development,1057,all_pairs,4.24,4.821561558344333,0.0;0.0;0.0;0.0;0.0
development,1058,all_pairs,2.25,3.5467488829671225,0.0;0.0;0.0;0.0;0.0
development,1059,all_pairs,2.22,3.685815777808921,0.0;0.0;0.0;0.0;0.0
development,1060,all_pairs,5.64,4.879360500039149,0.0;0.0;0.0;0.0;0.0
development,1061,all_pairs,2.88,3.718788597893447,0.0;0.0;0.0;0.0;0.0
development,1062,all_pairs,1.78,3.2677148213119684,0.0;0.0;0.0;0.0;0.0
development,1063,all_pairs,3.52,4.697492078442389,0.0;0.0;0.0;0.0;0.0
development,1064,all_pairs,4.22,4.14558316238091,0.0;0.0;0.0;0.0;0.0
development,1065,all_pairs,2.16,3.56224899172119,0.0;0.0;0.0;0.0;0.0
development,1066,all_pairs,5.1,3.7555912144860453,0.0;0.0;0.0;0.0;0.0
development,1067,all_pairs,6.11,4.661651823258283,0.0;0.0;0.0;0.0;0.0
development,1068,all_pairs,4.23,4.820554054786442,0.0;0.0;0.0;0.0;0.0
development,1069,all_pairs,5.65,4.88332194663647,0.0;0.0;0.0;0.0;0.0
development,1071,all_pairs,4.9,4.67026849004697,0.0;0.0;0.0;0.0;0.0
development,1073,all_pairs,2.44,3.991269377914089,0.0;0.0;0.0;0.0;0.0
development,1074,all_pairs,5.39,4.2062411191302935,0.0;0.0;0.0;0.0;0.0
development,1075,all_pairs,2.68,3.719204053258866,0.0;0.0;0.0;0.0;0.0
development,1077,all_pairs,3.05,3.8567112977560085,0.0;0.0;0.0;0.0;0.0
development,1078,all_pairs,1.65,4.401381228007647,0.0;0.0;0.0;0.0;0.0
development,1079,all_pairs,5.15,4.187667673079336,0.0;0.0;0.0;0.0;0.0
development,1080,all_pairs,4.26,3.8438720782822866,0.0;0.0;0.0;0.0;0.0
development,1082,all_pairs,5.72,4.215292754032251,0.0;0.0;0.0;0.0;0.0
development,1083,all_pairs,5.08,4.261888278245973,0.0;0.0;0.0;0.0;0.0
development,1084,all_pairs,1.95,3.725047160684208,0.0;0.0;0.0;0.0;0.0
development,1086,all_pairs,4.44,4.790246482408249,0.0;0.0;0.0;0.0;0.0
development,1087,all_pairs,4.25,4.521436716559797,0.0;0.0;0.0;0.0;0.0
development,1088,all_pairs,3.05,3.944789226070977,0.0;0.0;0.0;0.0;0.0
development,1091,all_pairs,5.3,5.2386486063850874,0.0;0.0;0.0;0.0;0.0
development,1093,all_pairs,3.45,3.810991183917566,0.0;0.0;0.0;0.0;0.0
development,1094,all_pairs,4.07,4.424386143183797,0.0;0.0;0.0;0.0;0.0
development,1095,all_pairs,4.91,4.377375102044698,0.0;0.0;0.0;0.0;0.0
development,1096,all_pairs,4.16,4.150682629112749,0.0;0.0;0.0;0.0;0.0
development,1097,all_pairs,5.38,3.7376294916576365,0.0;0.0;0.0;0.0;0.0
development,1099,all_pairs,5.34,4.165072445017197,0.0;0.0;0.0;0.0;0.0
development,1100,all_pairs,3.55,3.701563733777859,0.0;0.0;0.0;0.0;0.0
development,1101,all_pairs,5.49,4.418944124356527,0.0;0.0;0.0;0.0;0.0
development,1104,all_pairs,4.68,4.4961432187829145,0.0;0.0;0.0;0.0;0.0
development,1106,all_pairs,5.53,4.106480434261791,0.0;0.0;0.0;0.0;0.0
development,1108,all_pairs,2.96,4.159000455353865,0.0;0.0;0.0;0.0;0.0
development,1109,all_pairs,1.96,4.356224033763464,0.0;0.0;0.0;0.0;0.0
development,1111,all_pairs,1.91,3.89773923824002,0.0;0.0;0.0;0.0;0.0
development,1112,all_pairs,4.66,4.346816252620776,0.0;0.0;0.0;0.0;0.0
development,1113,all_pairs,4.3,3.708322760682983,0.0;0.0;0.0;0.0;0.0
development,1114,all_pairs,4.56,3.8820269419078715,0.0;0.0;0.0;0.0;0.0
development,1116,all_pairs,1.79,4.055337888472101,0.0;0.0;0.0;0.0;0.0
development,1117,all_pairs,3.77,4.16870427709248,0.0;0.0;0.0;0.0;0.0
development,1118,all_pairs,4.77,4.135104519157198,0.0;0.0;0.0;0.0;0.0
development,1121,all_pairs,4.38,4.438415964669593,0.0;0.0;0.0;0.0;0.0
development,1122,all_pairs,5.89,4.692718095209845,0.0;0.0;0.0;0.0;0.0
development,1123,all_pairs,4.52,4.342802120317937,0.0;0.0;0.0;0.0;0.0
development,1125,all_pairs,4.64,4.526018270222608,0.0;0.0;0.0;0.0;0.0
development,1128,all_pairs,5.11,4.327964228351883,0.0;0.0;0.0;0.0;0.0
development,1129,all_pairs,5.9,4.8405962602076364,0.0;0.0;0.0;0.0;0.0
development,1130,all_pairs,4.74,4.181582454869042,0.0;0.0;0.0;0.0;0.0
development,1131,all_pairs,4.85,5.182373195540612,0.0;0.0;0.0;0.0;0.0
development,1133,all_pairs,5.05,4.947951317317642,0.0;0.0;0.0;0.0;0.0
development,1134,all_pairs,3.9,3.9560438342114894,0.0;0.0;0.0;0.0;0.0
development,1135,all_pairs,5.08,4.386812798356672,0.0;0.0;0.0;0.0;0.0
development,1139,all_pairs,2.7,3.9254289912177245,0.0;0.0;0.0;0.0;0.0
development,1141,all_pairs,2.79,4.081191767510597,0.0;0.0;0.0;0.0;0.0
development,1142,all_pairs,4.96,4.024010835764724,0.0;0.0;0.0;0.0;0.0
development,1143,all_pairs,4.95,3.5917610547870487,0.0;0.0;0.0;0.0;0.0
development,1144,all_pairs,1.73,4.725113591214583,0.0;0.0;0.0;0.0;0.0
development,1145,all_pairs,5.21,4.698504510002061,0.0;0.0;0.0;0.0;0.0
development,1146,all_pairs,5.11,4.521887227155529,0.0;0.0;0.0;0.0;0.0
development,1147,all_pairs,5.33,5.278785110365466,0.0;0.0;0.0;0.0;0.0
development,1148,all_pairs,3.8,3.985780569756783,0.0;0.0;0.0;0.0;0.0
development,1150,all_pairs,5.03,4.0084158723949,0.0;0.0;0.0;0.0;0.0
development,1153,all_pairs,4.54,4.180599185428013,0.0;0.0;0.0;0.0;0.0
development,1154,all_pairs,5.89,4.686476638614068,0.0;0.0;0.0;0.0;0.0
development,1155,all_pairs,5.14,4.580695522680904,0.0;0.0;0.0;0.0;0.0
development,1156,all_pairs,4.29,3.9309275649748487,0.0;0.0;0.0;0.0;0.0
development,1157,all_pairs,5.04,4.626928324852113,0.0;0.0;0.0;0.0;0.0
development,1158,all_pairs,5.39,4.0800705278738025,0.0;0.0;0.0;0.0;0.0
development,1159,all_pairs,2.45,3.4418499444917834,0.0;0.0;0.0;0.0;0.0
development,1160,all_pairs,3.41,4.088544224623884,0.0;0.0;0.0;0.0;0.0
development,1162,all_pairs,5.27,4.613934868058306,0.0;0.0;0.0;0.0;0.0
development,1164,all_pairs,4.68,4.1812127269881865,0.0;0.0;0.0;0.0;0.0
development,1166,all_pairs,3.17,3.7172856070431974,0.0;0.0;0.0;0.0;0.0
development,1167,all_pairs,4.21,4.137891160319927,0.0;0.0;0.0;0.0;0.0
development,1169,all_pairs,4.65,4.1509501695051005,0.0;0.0;0.0;0.0;0.0
development,1170,all_pairs,3.95,3.832198638710046,0.0;0.0;0.0;0.0;0.0
development,1171,all_pairs,4.37,5.042713522930397,0.0;0.0;0.0;0.0;0.0
development,1172,all_pairs,4.67,3.9678891772388982,0.0;0.0;0.0;0.0;0.0
development,1173,all_pairs,3.99,4.159880583680857,0.0;0.0;0.0;0.0;0.0
development,1174,all_pairs,4.6,4.229779980675166,0.0;0.0;0.0;0.0;0.0
development,1175,all_pairs,5.44,4.411041432053943,0.0;0.0;0.0;0.0;0.0
development,1176,all_pairs,4.55,3.891648704435245,0.0;0.0;0.0;0.0;0.0
development,1177,all_pairs,4.69,4.8606377939264345,0.0;0.0;0.0;0.0;0.0
development,1178,all_pairs,5.09,4.231800006501972,0.0;0.0;0.0;0.0;0.0
development,1179,all_pairs,1.8,4.691959932088723,0.0;0.0;0.0;0.0;0.0
development,1180,all_pairs,2.64,3.1244517166698342,0.0;0.0;0.0;0.0;0.0
development,1181,all_pairs,4.12,3.982012722209301,0.0;0.0;0.0;0.0;0.0
development,1183,all_pairs,5.08,4.1178372876219935,0.0;0.0;0.0;0.0;0.0
development,1185,all_pairs,4.9,4.7882569451510975,0.0;0.0;0.0;0.0;0.0
development,1186,all_pairs,5.24,4.541202775909558,0.0;0.0;0.0;0.0;0.0
development,1188,all_pairs,4.16,4.243080312118688,0.0;0.0;0.0;0.0;0.0
development,1189,all_pairs,5.14,4.534561967830406,0.0;0.0;0.0;0.0;0.0
development,1190,all_pairs,5.88,4.525141910970346,0.0;0.0;0.0;0.0;0.0
development,1192,all_pairs,4.39,5.488541375324447,0.0;0.0;0.0;0.0;0.0
development,1193,all_pairs,4.41,3.6201645456922016,0.0;0.0;0.0;0.0;0.0
development,1194,all_pairs,3.39,3.4484410534359635,0.0;0.0;0.0;0.0;0.0
development,1196,all_pairs,4.5,4.514373057438976,0.0;0.0;0.0;0.0;0.0
development,1197,all_pairs,3.98,4.882637599187987,0.0;0.0;0.0;0.0;0.0
development,1200,all_pairs,2.27,3.719381845388426,0.0;0.0;0.0;0.0;0.0
development,1202,all_pairs,4.97,4.465213871997775,0.0;0.0;0.0;0.0;0.0
development,1203,all_pairs,3.1,4.657277970540555,0.0;0.0;0.0;0.0;0.0
development,1204,all_pairs,5.06,4.280244712054881,0.0;0.0;0.0;0.0;0.0
development,1205,all_pairs,4.86,4.4871939215305705,0.0;0.0;0.0;0.0;0.0
development,1206,all_pairs,3.42,4.373418982962253,0.0;0.0;0.0;0.0;0.0
development,1207,all_pairs,1.81,4.063622392362576,0.0;0.0;0.0;0.0;0.0
development,1208,all_pairs,5.57,4.781069067490776,0.0;0.0;0.0;0.0;0.0
development,1209,all_pairs,4.5,4.522146518263519,0.0;0.0;0.0;0.0;0.0
development,1210,all_pairs,5.75,4.878366860291922,0.0;0.0;0.0;0.0;0.0
development,1214,all_pairs,4.97,5.207812559425642,0.0;0.0;0.0;0.0;0.0
development,1217,all_pairs,1.75,3.87092907002012,0.0;0.0;0.0;0.0;0.0
development,1218,all_pairs,2.57,3.9696336387058726,0.0;0.0;0.0;0.0;0.0
development,1219,all_pairs,5.15,4.1122276839151395,0.0;0.0;0.0;0.0;0.0
development,1220,all_pairs,4.87,4.417520205466619,0.0;0.0;0.0;0.0;0.0
development,1221,all_pairs,4.83,4.517822060558587,0.0;0.0;0.0;0.0;0.0
development,1223,all_pairs,1.72,4.259158886974129,0.0;0.0;0.0;0.0;0.0
development,1224,all_pairs,5.07,4.42474361938511,0.0;0.0;0.0;0.0;0.0
development,1225,all_pairs,4.37,4.799425824373117,0.0;0.0;0.0;0.0;0.0
development,1226,all_pairs,3.09,3.7849677057808044,0.0;0.0;0.0;0.0;0.0
development,1227,all_pairs,5.25,4.239940726075383,0.0;0.0;0.0;0.0;0.0
development,1228,all_pairs,5.08,4.646863086624298,0.0;0.0;0.0;0.0;0.0
development,1229,all_pairs,5.33,4.34097518351584,0.0;0.0;0.0;0.0;0.0
development,1230,all_pairs,5.19,4.125418076589282,0.0;0.0;0.0;0.0;0.0
development,1231,all_pairs,5.34,4.254657961357231,0.0;0.0;0.0;0.0;0.0
development,1232,all_pairs,5.69,4.798714737544098,0.0;0.0;0.0;0.0;0.0
development,1233,all_pairs,4.04,4.333490783824034,0.0;0.0;0.0;0.0;0.0
development,1234,all_pairs,4.26,4.07919830803989,0.0;0.0;0.0;0.0;0.0
development,1235,all_pairs,4.26,4.797815631035537,0.0;0.0;0.0;0.0;0.0
development,1237,all_pairs,1.62,4.094055513715095,0.0;0.0;0.0;0.0;0.0
development,1238,all_pairs,4.04,4.04755141133902,0.0;0.0;0.0;0.0;0.0
development,1239,all_pairs,4.53,4.483044798112702,0.0;0.0;0.0;0.0;0.0
development,1240,all_pairs,5.24,4.723956039691557,0.0;0.0;0.0;0.0;0.0
development,1242,all_pairs,2.55,3.9871614268151423,0.0;0.0;0.0;0.0;0.0
development,1243,all_pairs,4.46,4.453945584450608,0.0;0.0;0.0;0.0;0.0
development,1244,all_pairs,5.46,4.029953732866874,0.0;0.0;0.0;0.0;0.0
development,1246,all_pairs,2.95,3.757111873480326,0.0;0.0;0.0;0.0;0.0
development,1248,all_pairs,4.41,3.928556060338681,0.0;0.0;0.0;0.0;0.0
development,1249,all_pairs,5.58,4.468649282952762,0.0;0.0;0.0;0.0;0.0
development,1250,all_pairs,5.33,3.932912982367653,0.0;0.0;0.0;0.0;0.0
development,1251,all_pairs,5.36,4.802958516541989,0.0;0.0;0.0;0.0;0.0
development,1253,all_pairs,3.35,4.235357373621598,0.0;0.0;0.0;0.0;0.0
development,1254,all_pairs,4.29,4.4186190450823934,0.0;0.0;0.0;0.0;0.0
development,1255,all_pairs,4.2,4.250199149943764,0.0;0.0;0.0;0.0;0.0
development,1256,all_pairs,2.06,5.012010888584906,0.0;0.0;0.0;0.0;0.0
development,1257,all_pairs,5.03,4.602885604692406,0.0;0.0;0.0;0.0;0.0
development,1259,all_pairs,3.99,4.425792427021345,0.0;0.0;0.0;0.0;0.0
development,1260,all_pairs,4.37,4.835187376411882,0.0;0.0;0.0;0.0;0.0
development,1261,all_pairs,5.2,4.543053307992826,0.0;0.0;0.0;0.0;0.0
development,1262,all_pairs,2.73,4.20874093362084,0.0;0.0;0.0;0.0;0.0
development,1263,all_pairs,5.46,4.343042229752019,0.0;0.0;0.0;0.0;0.0
development,1265,all_pairs,5.6,4.373325526497256,0.0;0.0;0.0;0.0;0.0
development,1266,all_pairs,3.46,4.1582352725441964,0.0;0.0;0.0;0.0;0.0
development,1267,all_pairs,5.54,4.201707772464936,0.0;0.0;0.0;0.0;0.0
development,1268,all_pairs,5.545,4.331539876204043,0.0;0.0;0.0;0.0;0.0
development,1271,all_pairs,4.97,4.5243799215881975,0.0;0.0;0.0;0.0;0.0
development,1273,all_pairs,2.64,3.56979393458452,0.0;0.0;0.0;0.0;0.0
development,1274,all_pairs,5.06,3.979145631661754,0.0;0.0;0.0;0.0;0.0
development,1275,all_pairs,4.73,4.623225856331569,0.0;0.0;0.0;0.0;0.0
development,1276,all_pairs,2.11,3.977843470212629,0.0;0.0;0.0;0.0;0.0
development,1277,all_pairs,4.55,4.286658962913322,0.0;0.0;0.0;0.0;0.0
development,1278,all_pairs,6.494999999999999,4.412195446212133,0.0;0.0;0.0;0.0;0.0
development,1279,all_pairs,5.69,4.517879642188298,0.0;0.0;0.0;0.0;0.0
development,1280,all_pairs,4.79,4.55107118856909,0.0;0.0;0.0;0.0;0.0
development,1281,all_pairs,3.89,4.9474608672357245,0.0;0.0;0.0;0.0;0.0
development,1282,all_pairs,4.27,4.471500634417845,0.0;0.0;0.0;0.0;0.0
development,1283,all_pairs,2.69,3.198592100775747,0.0;0.0;0.0;0.0;0.0
development,1284,all_pairs,2.95,3.672795629735387,0.0;0.0;0.0;0.0;0.0
development,1285,all_pairs,1.92,3.696101742466963,0.0;0.0;0.0;0.0;0.0
development,1286,all_pairs,5.02,4.323567436924441,0.0;0.0;0.0;0.0;0.0
development,1288,all_pairs,3.25,3.9944223351225823,0.0;0.0;0.0;0.0;0.0
development,1289,all_pairs,2.49,2.9570590583137806,0.0;0.0;0.0;0.0;0.0
development,1291,all_pairs,4.34,4.782204177697744,0.0;0.0;0.0;0.0;0.0
development,1292,all_pairs,5.38,4.474718334064736,0.0;0.0;0.0;0.0;0.0
development,1294,all_pairs,4.79,4.34154726025065,0.0;0.0;0.0;0.0;0.0
development,1295,all_pairs,4.59,4.227217123487438,0.0;0.0;0.0;0.0;0.0
development,1296,all_pairs,4.59,4.948581873053019,0.0;0.0;0.0;0.0;0.0
development,1297,all_pairs,4.73,4.294353077910173,0.0;0.0;0.0;0.0;0.0
development,1298,all_pairs,3.67,4.004621085622391,0.0;0.0;0.0;0.0;0.0
development,1299,all_pairs,4.26,4.244250345788096,0.0;0.0;0.0;0.0;0.0
development,1300,all_pairs,2.05,5.234543221966811,0.0;0.0;0.0;0.0;0.0
development,1301,all_pairs,3.49,3.7232736159892847,0.0;0.0;0.0;0.0;0.0
development,1302,all_pairs,5.02,4.222252781874216,0.0;0.0;0.0;0.0;0.0
development,1303,all_pairs,5.05,4.3533851443376,0.0;0.0;0.0;0.0;0.0
development,1305,all_pairs,4.64,4.518579916071152,0.0;0.0;0.0;0.0;0.0
development,1306,all_pairs,1.81,4.206109089578407,0.0;0.0;0.0;0.0;0.0
development,1307,all_pairs,4.59,4.423598021199909,0.0;0.0;0.0;0.0;0.0
development,1308,all_pairs,5.39,5.1060639337145926,0.0;0.0;0.0;0.0;0.0
development,1309,all_pairs,4.78,4.601869019431791,0.0;0.0;0.0;0.0;0.0
development,1310,all_pairs,5.97,4.542262824105267,0.0;0.0;0.0;0.0;0.0
development,1311,all_pairs,3.61,4.780366761037335,0.0;0.0;0.0;0.0;0.0
development,1312,all_pairs,4.84,4.485801995751963,0.0;0.0;0.0;0.0;0.0
development,1313,all_pairs,3.32,3.7425218936943336,0.0;0.0;0.0;0.0;0.0
development,1314,all_pairs,2.73,2.797384842548282,0.0;0.0;0.0;0.0;0.0
development,1316,all_pairs,5.1,4.688032244166669,0.0;0.0;0.0;0.0;0.0
development,1317,all_pairs,3.48,4.071314982191245,0.0;0.0;0.0;0.0;0.0
development,1319,all_pairs,1.61,4.272397428329598,0.0;0.0;0.0;0.0;0.0
development,1320,all_pairs,4.96,4.2288597848772245,0.0;0.0;0.0;0.0;0.0
development,1321,all_pairs,4.31,4.210341322195577,0.0;0.0;0.0;0.0;0.0
development,1323,all_pairs,5.3,4.5709661553990175,0.0;0.0;0.0;0.0;0.0
development,1324,all_pairs,4.99,4.240723208300209,0.0;0.0;0.0;0.0;0.0
development,1325,all_pairs,5.22,4.04831067858192,0.0;0.0;0.0;0.0;0.0
development,1327,all_pairs,2.68,3.670866938129058,0.0;0.0;0.0;0.0;0.0
development,1328,all_pairs,5.12,4.021180321145145,0.0;0.0;0.0;0.0;0.0
development,1329,all_pairs,5.35,4.5565230571132105,0.0;0.0;0.0;0.0;0.0
development,1331,all_pairs,2.74,3.758827185873887,0.0;0.0;0.0;0.0;0.0
development,1332,all_pairs,4.42,4.692255614988634,0.0;0.0;0.0;0.0;0.0
development,1333,all_pairs,5.04,4.013046329093255,0.0;0.0;0.0;0.0;0.0
development,1334,all_pairs,4.64,4.185040821533468,0.0;0.0;0.0;0.0;0.0
development,1336,all_pairs,4.49,4.854703799477244,0.0;0.0;0.0;0.0;0.0
development,1337,all_pairs,5.19,4.544622746032957,0.0;0.0;0.0;0.0;0.0
development,1338,all_pairs,5.47,4.246229381299203,0.0;0.0;0.0;0.0;0.0
development,1339,all_pairs,5.38,3.916579060314308,0.0;0.0;0.0;0.0;0.0
development,1340,all_pairs,5.14,4.797341109081948,0.0;0.0;0.0;0.0;0.0
development,1341,all_pairs,3.97,4.171339427788449,0.0;0.0;0.0;0.0;0.0
development,1344,all_pairs,4.05,4.230600781926517,0.0;0.0;0.0;0.0;0.0
development,1345,all_pairs,5.03,4.133073312594211,0.0;0.0;0.0;0.0;0.0
development,1346,all_pairs,3.25,4.984587102830908,0.0;0.0;0.0;0.0;0.0
development,1348,all_pairs,5.25,4.198863870322229,0.0;0.0;0.0;0.0;0.0
development,1349,all_pairs,5.48,4.268029325898381,0.0;0.0;0.0;0.0;0.0
development,1350,all_pairs,2.58,4.329810354807979,0.0;0.0;0.0;0.0;0.0
development,1351,all_pairs,4.49,3.9602940166750957,0.0;0.0;0.0;0.0;0.0
development,1352,all_pairs,4.35,4.07242932640975,0.0;0.0;0.0;0.0;0.0
development,1353,all_pairs,5.48,4.574180407644677,0.0;0.0;0.0;0.0;0.0
development,1354,all_pairs,5.72,4.5770160563022975,0.0;0.0;0.0;0.0;0.0
development,1355,all_pairs,2.23,4.461155714878683,0.0;0.0;0.0;0.0;0.0
development,1356,all_pairs,4.58,4.618179964898215,0.0;0.0;0.0;0.0;0.0
development,1357,all_pairs,4.28,4.355971155120171,0.0;0.0;0.0;0.0;0.0
development,1358,all_pairs,2.35,3.6106971374586307,0.0;0.0;0.0;0.0;0.0
development,1359,all_pairs,4.8,3.7609773556684365,0.0;0.0;0.0;0.0;0.0
development,1361,all_pairs,5.14,4.003025395260537,0.0;0.0;0.0;0.0;0.0
development,1362,all_pairs,4.26,6.107897442403217,0.0;0.0;0.0;0.0;0.0
development,1363,all_pairs,3.15,3.7370332585418002,0.0;0.0;0.0;0.0;0.0
development,1364,all_pairs,4.6,4.353182097079849,0.0;0.0;0.0;0.0;0.0
development,1365,all_pairs,6.33,5.268333789456576,0.0;0.0;0.0;0.0;0.0
development,1366,all_pairs,2.08,3.8979738533507704,0.0;0.0;0.0;0.0;0.0
development,1367,all_pairs,4.47,4.230870484662415,0.0;0.0;0.0;0.0;0.0
development,1368,all_pairs,5.51,4.334377113224437,0.0;0.0;0.0;0.0;0.0
development,1370,all_pairs,5.05,4.088480213437042,0.0;0.0;0.0;0.0;0.0
development,1371,all_pairs,4.89,4.416620198550434,0.0;0.0;0.0;0.0;0.0
development,1372,all_pairs,4.31,4.352764444789696,0.0;0.0;0.0;0.0;0.0
development,1373,all_pairs,2.69,4.437417104883174,0.0;0.0;0.0;0.0;0.0
development,1375,all_pairs,1.83,4.119952009239789,0.0;0.0;0.0;0.0;0.0
development,1376,all_pairs,4.65,4.410823056401843,0.0;0.0;0.0;0.0;0.0
development,1379,all_pairs,3.48,3.911981514320344,0.0;0.0;0.0;0.0;0.0
development,1380,all_pairs,5.23,4.5766424870706155,0.0;0.0;0.0;0.0;0.0
development,1381,all_pairs,5.4,4.498749091713889,0.0;0.0;0.0;0.0;0.0
development,1382,all_pairs,4.86,4.504985424041492,0.0;0.0;0.0;0.0;0.0
development,1385,all_pairs,2.69,4.756297475263536,0.0;0.0;0.0;0.0;0.0
development,1386,all_pairs,4.43,4.676380507563363,0.0;0.0;0.0;0.0;0.0
development,1387,all_pairs,2.59,3.822217513473889,0.0;0.0;0.0;0.0;0.0
development,1389,all_pairs,3.33,4.320794168157066,0.0;0.0;0.0;0.0;0.0
development,1390,all_pairs,2.98,3.8992589110262115,0.0;0.0;0.0;0.0;0.0
development,1392,all_pairs,2.43,3.8213417002219803,0.0;0.0;0.0;0.0;0.0
development,1393,all_pairs,5.03,5.372244313238934,0.0;0.0;0.0;0.0;0.0
development,1395,all_pairs,4.71,3.5729751844268,0.0;0.0;0.0;0.0;0.0
development,1396,all_pairs,4.81,3.9036888879104175,0.0;0.0;0.0;0.0;0.0
development,1397,all_pairs,4.28,4.743851565876386,0.0;0.0;0.0;0.0;0.0
development,1398,all_pairs,5.35,4.148027048855473,0.0;0.0;0.0;0.0;0.0
development,1399,all_pairs,4.38,4.027469620671489,0.0;0.0;0.0;0.0;0.0
development,1400,all_pairs,4.75,3.9883730433480413,0.0;0.0;0.0;0.0;0.0
development,1401,all_pairs,5.07,4.908030969869862,0.0;0.0;0.0;0.0;0.0
development,1402,all_pairs,6.52,5.688140277688307,0.0;0.0;0.0;0.0;0.0
development,1404,all_pairs,5.08,4.552587308229135,0.0;0.0;0.0;0.0;0.0
development,1405,all_pairs,5.01,4.461587912885259,0.0;0.0;0.0;0.0;0.0
development,1406,all_pairs,5.69,4.492055289672208,0.0;0.0;0.0;0.0;0.0
development,1407,all_pairs,2.04,5.470973831680183,0.0;0.0;0.0;0.0;0.0
development,1408,all_pairs,4.71,4.654166892107993,0.0;0.0;0.0;0.0;0.0
development,1410,all_pairs,4.84,4.065677849036089,0.0;0.0;0.0;0.0;0.0
development,1411,all_pairs,4.86,4.774245092724212,0.0;0.0;0.0;0.0;0.0
development,1413,all_pairs,2.13,3.382787742520622,0.0;0.0;0.0;0.0;0.0
development,1414,all_pairs,1.88,3.7587035263339774,0.0;0.0;0.0;0.0;0.0
development,1416,all_pairs,3.96,4.375400620639557,0.0;0.0;0.0;0.0;0.0
development,1418,all_pairs,1.76,4.775046320522104,0.0;0.0;0.0;0.0;0.0
development,1421,all_pairs,2.69,3.4549132203604858,0.0;0.0;0.0;0.0;0.0
development,1422,all_pairs,5.68,4.162363558004728,0.0;0.0;0.0;0.0;0.0
development,1423,all_pairs,4.45,3.6766185699076055,0.0;0.0;0.0;0.0;0.0
development,1425,all_pairs,1.75,4.410807846521926,0.0;0.0;0.0;0.0;0.0
development,1426,all_pairs,5.39,4.563695300966776,0.0;0.0;0.0;0.0;0.0
development,1427,all_pairs,2.3,4.153663606809739,0.0;0.0;0.0;0.0;0.0
development,1428,all_pairs,5.86,4.2884667264621354,0.0;0.0;0.0;0.0;0.0
development,1429,all_pairs,4.52,3.8871506155491917,0.0;0.0;0.0;0.0;0.0
development,1431,all_pairs,5.29,5.156315073714623,0.0;0.0;0.0;0.0;0.0
development,1432,all_pairs,5.62,4.594543168847259,0.0;0.0;0.0;0.0;0.0
development,1433,all_pairs,4.15,4.40934556833761,0.0;0.0;0.0;0.0;0.0
development,1434,all_pairs,1.89,4.101103378687718,0.0;0.0;0.0;0.0;0.0
development,1435,all_pairs,4.34,5.049394727554196,0.0;0.0;0.0;0.0;0.0
development,1437,all_pairs,5.77,4.3578335919254725,0.0;0.0;0.0;0.0;0.0
development,1438,all_pairs,4.46,4.375030966472662,0.0;0.0;0.0;0.0;0.0
development,1439,all_pairs,4.82,4.841024366708433,0.0;0.0;0.0;0.0;0.0
development,1440,all_pairs,5.18,4.359740287311322,0.0;0.0;0.0;0.0;0.0
development,1441,all_pairs,4.74,4.036869993390321,0.0;0.0;0.0;0.0;0.0
development,1442,all_pairs,3.17,3.6774528672789843,0.0;0.0;0.0;0.0;0.0
development,1443,all_pairs,4.3,4.2841270588931595,0.0;0.0;0.0;0.0;0.0
development,1444,all_pairs,3.78,4.33347072626864,0.0;0.0;0.0;0.0;0.0
development,1445,all_pairs,4.6,4.304698512399224,0.0;0.0;0.0;0.0;0.0
development,1446,all_pairs,3.68,5.0155319154121685,0.0;0.0;0.0;0.0;0.0
development,1447,all_pairs,2.96,4.186480872761501,0.0;0.0;0.0;0.0;0.0
development,1448,all_pairs,5.03,5.000329407912607,0.0;0.0;0.0;0.0;0.0
development,1449,all_pairs,5.22,4.293844490566937,0.0;0.0;0.0;0.0;0.0
development,1452,all_pairs,2.25,4.306872247335899,0.0;0.0;0.0;0.0;0.0
development,1453,all_pairs,4.87,4.052457111860623,0.0;0.0;0.0;0.0;0.0
development,1454,all_pairs,3.47,4.02136166516283,0.0;0.0;0.0;0.0;0.0
development,1455,all_pairs,4.35,5.056780056479466,0.0;0.0;0.0;0.0;0.0
development,1456,all_pairs,4.83,4.017097690834701,0.0;0.0;0.0;0.0;0.0
development,1457,all_pairs,5.83,5.277364030670965,0.0;0.0;0.0;0.0;0.0
development,1458,all_pairs,5.55,5.475903976512101,0.0;0.0;0.0;0.0;0.0
development,1459,all_pairs,2.1,4.19761050534161,0.0;0.0;0.0;0.0;0.0
development,1460,all_pairs,4.33,3.9199731094950407,0.0;0.0;0.0;0.0;0.0
development,1462,all_pairs,5.945,5.166219314736381,0.0;0.0;0.0;0.0;0.0
development,1463,all_pairs,4.28,3.714450981660825,0.0;0.0;0.0;0.0;0.0
development,1465,all_pairs,5.38,4.945739580793473,0.0;0.0;0.0;0.0;0.0
development,1466,all_pairs,4.63,4.432590197861135,0.0;0.0;0.0;0.0;0.0
development,1467,all_pairs,3.02,3.7300339817623422,0.0;0.0;0.0;0.0;0.0
development,1468,all_pairs,4.65,3.998405579460484,0.0;0.0;0.0;0.0;0.0
development,1470,all_pairs,3.87,4.170636442550869,0.0;0.0;0.0;0.0;0.0
development,1471,all_pairs,2.75,3.9806987951045203,0.0;0.0;0.0;0.0;0.0
development,1473,all_pairs,3.07,4.166210098407846,0.0;0.0;0.0;0.0;0.0
development,1474,all_pairs,4.59,4.458745874526097,0.0;0.0;0.0;0.0;0.0
development,1475,all_pairs,3.94,4.267556161472973,0.0;0.0;0.0;0.0;0.0
development,1476,all_pairs,5.87,4.970740067069569,0.0;0.0;0.0;0.0;0.0
development,1477,all_pairs,4.59,4.607929488832112,0.0;0.0;0.0;0.0;0.0
development,1478,all_pairs,5.19,4.142525185292027,0.0;0.0;0.0;0.0;0.0
development,1480,all_pairs,4.78,4.4700229784709835,0.0;0.0;0.0;0.0;0.0
development,1483,all_pairs,4.91,4.57475396467576,0.0;0.0;0.0;0.0;0.0
development,1484,all_pairs,5.11,4.842447391266527,0.0;0.0;0.0;0.0;0.0
development,1486,all_pairs,5.19,4.605873762613134,0.0;0.0;0.0;0.0;0.0
development,1488,all_pairs,4.85,4.886337668483468,0.0;0.0;0.0;0.0;0.0
development,1489,all_pairs,4.81,4.090546813810202,0.0;0.0;0.0;0.0;0.0
development,1490,all_pairs,4.96,4.326577673264611,0.0;0.0;0.0;0.0;0.0
development,1491,all_pairs,3.79,4.0472066521558085,0.0;0.0;0.0;0.0;0.0
development,1493,all_pairs,4.88,3.917975413420633,0.0;0.0;0.0;0.0;0.0
development,1494,all_pairs,5.84,5.059963156883418,0.0;0.0;0.0;0.0;0.0
development,1495,all_pairs,4.23,4.591693311863455,0.0;0.0;0.0;0.0;0.0
development,1496,all_pairs,4.99,5.139276023374431,0.0;0.0;0.0;0.0;0.0
development,1498,all_pairs,4.57,4.788008787686295,0.0;0.0;0.0;0.0;0.0
development,1499,all_pairs,4.67,3.691833248615062,0.0;0.0;0.0;0.0;0.0
development,1500,all_pairs,5.1,4.390633770554154,0.0;0.0;0.0;0.0;0.0
development,1501,all_pairs,4.91,4.547221292248431,0.0;0.0;0.0;0.0;0.0
development,1502,all_pairs,4.26,4.148507694183901,0.0;0.0;0.0;0.0;0.0
development,1503,all_pairs,3.48,4.355559236320514,0.0;0.0;0.0;0.0;0.0
development,1504,all_pairs,4.87,4.408055335842952,0.0;0.0;0.0;0.0;0.0
development,1506,all_pairs,5.08,4.145879835232449,0.0;0.0;0.0;0.0;0.0
development,1507,all_pairs,5.55,4.234573459057511,0.0;0.0;0.0;0.0;0.0
development,1508,all_pairs,4.82,3.9937026042650436,0.0;0.0;0.0;0.0;0.0
development,1511,all_pairs,3.69,4.057738105028693,0.0;0.0;0.0;0.0;0.0
development,1512,all_pairs,4.67,4.437738768307492,0.0;0.0;0.0;0.0;0.0
development,1513,all_pairs,4.09,3.995705140313418,0.0;0.0;0.0;0.0;0.0
development,1514,all_pairs,1.82,4.2701615863620495,0.0;0.0;0.0;0.0;0.0
development,1515,all_pairs,2.93,4.81770012695546,0.0;0.0;0.0;0.0;0.0
development,1516,all_pairs,5.44,4.454978755872657,0.0;0.0;0.0;0.0;0.0
development,1517,all_pairs,5.05,4.323809410701849,0.0;0.0;0.0;0.0;0.0
development,1518,all_pairs,4.66,3.6933266295927503,0.0;0.0;0.0;0.0;0.0
development,1519,all_pairs,5.38,4.375602078519106,0.0;0.0;0.0;0.0;0.0
development,1520,all_pairs,5.13,4.267371557044894,0.0;0.0;0.0;0.0;0.0
development,1521,all_pairs,4.24,4.149571784822316,0.0;0.0;0.0;0.0;0.0
development,1523,all_pairs,5.42,4.008733562212907,0.0;0.0;0.0;0.0;0.0
development,1525,all_pairs,2.96,3.662789467031884,0.0;0.0;0.0;0.0;0.0
development,1526,all_pairs,3.83,4.53705150373392,0.0;0.0;0.0;0.0;0.0
development,1527,all_pairs,2.47,3.949642434859504,0.0;0.0;0.0;0.0;0.0
development,1528,all_pairs,5.03,4.040457013059463,0.0;0.0;0.0;0.0;0.0
development,1529,all_pairs,3.19,4.221563121827199,0.0;0.0;0.0;0.0;0.0
development,1530,all_pairs,1.74,4.139231893249107,0.0;0.0;0.0;0.0;0.0
development,1531,all_pairs,2.72,4.159195027982962,0.0;0.0;0.0;0.0;0.0
development,1532,all_pairs,5.7,4.555423191420811,0.0;0.0;0.0;0.0;0.0
development,1533,all_pairs,3.09,3.9739074278415525,0.0;0.0;0.0;0.0;0.0
development,1534,all_pairs,5.22,4.210453829895207,0.0;0.0;0.0;0.0;0.0
development,1535,all_pairs,5.06,4.316153067771214,0.0;0.0;0.0;0.0;0.0
development,1536,all_pairs,5.2,4.5992146538336005,0.0;0.0;0.0;0.0;0.0
development,1537,all_pairs,3.86,4.402198273916432,0.0;0.0;0.0;0.0;0.0
development,1538,all_pairs,4.9,4.660886771544528,0.0;0.0;0.0;0.0;0.0
development,1540,all_pairs,2.25,4.190332872730504,0.0;0.0;0.0;0.0;0.0
development,1541,all_pairs,5.17,4.050513857168372,0.0;0.0;0.0;0.0;0.0
development,1542,all_pairs,4.12,4.115945176115667,0.0;0.0;0.0;0.0;0.0
development,1543,all_pairs,1.67,4.195038750907727,0.0;0.0;0.0;0.0;0.0
development,1544,all_pairs,1.94,4.543787048644729,0.0;0.0;0.0;0.0;0.0
development,1545,all_pairs,4.61,4.956257108640143,0.0;0.0;0.0;0.0;0.0
development,1546,all_pairs,4.87,4.349364240649221,0.0;0.0;0.0;0.0;0.0
development,1547,all_pairs,4.38,4.807050952857315,0.0;0.0;0.0;0.0;0.0
development,1549,all_pairs,4.42,3.8344031411223813,0.0;0.0;0.0;0.0;0.0
development,1550,all_pairs,3.1,4.628846621932161,0.0;0.0;0.0;0.0;0.0
development,1551,all_pairs,4.92,4.787555119056987,0.0;0.0;0.0;0.0;0.0
development,1552,all_pairs,5.83,4.2175103102863085,0.0;0.0;0.0;0.0;0.0
development,1553,all_pairs,4.69,4.2064021403848395,0.0;0.0;0.0;0.0;0.0
development,1554,all_pairs,3.23,4.547742956142569,0.0;0.0;0.0;0.0;0.0
development,1556,all_pairs,4.54,3.768341449517382,0.0;0.0;0.0;0.0;0.0
development,1557,all_pairs,4.36,5.222946659219797,0.0;0.0;0.0;0.0;0.0
development,1559,all_pairs,4.49,4.347394707014572,0.0;0.0;0.0;0.0;0.0
development,1560,all_pairs,4.39,4.317807717898498,0.0;0.0;0.0;0.0;0.0
development,1561,all_pairs,5.865,4.63282324076614,0.0;0.0;0.0;0.0;0.0
development,1562,all_pairs,5.19,4.518532799995659,0.0;0.0;0.0;0.0;0.0
development,1563,all_pairs,1.76,6.093915302051848,0.0;0.0;0.0;0.0;0.0
development,1564,all_pairs,5.74,4.33028508470881,0.0;0.0;0.0;0.0;0.0
development,1565,all_pairs,4.22,4.461396656182781,0.0;0.0;0.0;0.0;0.0
development,1566,all_pairs,5.11,4.276876778606354,0.0;0.0;0.0;0.0;0.0
development,1567,all_pairs,3.86,4.4130598312076375,0.0;0.0;0.0;0.0;0.0
development,1570,all_pairs,4.66,5.424310314261383,0.0;0.0;0.0;0.0;0.0
development,1571,all_pairs,5.05,4.299325689978596,0.0;0.0;0.0;0.0;0.0
development,1572,all_pairs,3.86,4.373409231794407,0.0;0.0;0.0;0.0;0.0
development,1573,all_pairs,3.53,4.3206288291564805,0.0;0.0;0.0;0.0;0.0
development,1574,all_pairs,5.62,4.564416851596231,0.0;0.0;0.0;0.0;0.0
development,1576,all_pairs,4.8,4.44745001061298,0.0;0.0;0.0;0.0;0.0
development,1577,all_pairs,2.71,3.6801775655321762,0.0;0.0;0.0;0.0;0.0
development,1578,all_pairs,5.19,4.224786475679478,0.0;0.0;0.0;0.0;0.0
development,1581,all_pairs,4.97,4.566722573059481,0.0;0.0;0.0;0.0;0.0
development,1584,all_pairs,5.29,4.561307492305826,0.0;0.0;0.0;0.0;0.0
development,1585,all_pairs,4.52,3.7913036557237763,0.0;0.0;0.0;0.0;0.0
development,1587,all_pairs,5.54,4.8213952476384225,0.0;0.0;0.0;0.0;0.0
development,1588,all_pairs,5.06,4.443887718712774,0.0;0.0;0.0;0.0;0.0
development,1589,all_pairs,4.92,4.371743514028775,0.0;0.0;0.0;0.0;0.0
development,1590,all_pairs,4.36,4.103265406960634,0.0;0.0;0.0;0.0;0.0
development,1591,all_pairs,4.95,4.0924046162439645,0.0;0.0;0.0;0.0;0.0
development,1593,all_pairs,4.81,4.099831868095278,0.0;0.0;0.0;0.0;0.0
development,1594,all_pairs,3.28,4.422674664158167,0.0;0.0;0.0;0.0;0.0
development,1595,all_pairs,3.04,4.090314073916883,0.0;0.0;0.0;0.0;0.0
development,1596,all_pairs,4.93,4.016758904129661,0.0;0.0;0.0;0.0;0.0
development,1597,all_pairs,4.53,4.049582609243092,0.0;0.0;0.0;0.0;0.0
development,1598,all_pairs,5.16,4.280963163821941,0.0;0.0;0.0;0.0;0.0
development,1599,all_pairs,4.87,4.836706663921641,0.0;0.0;0.0;0.0;0.0
development,1600,all_pairs,5.33,4.231214240785645,0.0;0.0;0.0;0.0;0.0
development,1603,all_pairs,2.04,4.019722372217406,0.0;0.0;0.0;0.0;0.0
development,1605,all_pairs,4.71,4.798356646532623,0.0;0.0;0.0;0.0;0.0
development,1606,all_pairs,4.99,4.303407208181086,0.0;0.0;0.0;0.0;0.0
development,1607,all_pairs,4.95,4.482511073704816,0.0;0.0;0.0;0.0;0.0
development,1609,all_pairs,5.24,4.122548122800849,0.0;0.0;0.0;0.0;0.0
development,1611,all_pairs,5.03,4.969118177534737,0.0;0.0;0.0;0.0;0.0
development,1613,all_pairs,4.33,4.5542216566546845,0.0;0.0;0.0;0.0;0.0
development,1614,all_pairs,4.38,3.8680822428465826,0.0;0.0;0.0;0.0;0.0
development,1616,all_pairs,5.17,4.4042787454147385,0.0;0.0;0.0;0.0;0.0
development,1618,all_pairs,5.06,3.852677090836842,0.0;0.0;0.0;0.0;0.0
development,1619,all_pairs,4.43,4.729206094449825,0.0;0.0;0.0;0.0;0.0
development,1620,all_pairs,5.27,4.118949962518082,0.0;0.0;0.0;0.0;0.0
development,1621,all_pairs,5.12,4.079155755495882,0.0;0.0;0.0;0.0;0.0
development,1623,all_pairs,4.53,3.696285963314837,0.0;0.0;0.0;0.0;0.0
development,1624,all_pairs,5.0,4.421362105731482,0.0;0.0;0.0;0.0;0.0
development,1626,all_pairs,2.45,2.9595505178785926,0.0;0.0;0.0;0.0;0.0
development,1627,all_pairs,5.52,3.7860856722819363,0.0;0.0;0.0;0.0;0.0
development,1628,all_pairs,4.27,4.281543123646203,0.0;0.0;0.0;0.0;0.0
development,1629,all_pairs,2.86,4.181901642437721,0.0;0.0;0.0;0.0;0.0
development,1630,all_pairs,4.78,4.407853759696797,0.0;0.0;0.0;0.0;0.0
development,1631,all_pairs,4.99,4.156472744559582,0.0;0.0;0.0;0.0;0.0
development,1632,all_pairs,4.52,4.471330664633981,0.0;0.0;0.0;0.0;0.0
development,1633,all_pairs,4.04,3.701555241245405,0.0;0.0;0.0;0.0;0.0
development,1634,all_pairs,3.1,4.411558185490948,0.0;0.0;0.0;0.0;0.0
development,1635,all_pairs,3.03,3.728762579213402,0.0;0.0;0.0;0.0;0.0
development,1636,all_pairs,5.23,4.7830711589837,0.0;0.0;0.0;0.0;0.0
development,1637,all_pairs,5.03,4.861511616653524,0.0;0.0;0.0;0.0;0.0
development,1638,all_pairs,4.23,4.168469324646133,0.0;0.0;0.0;0.0;0.0
development,1639,all_pairs,5.59,5.012074592933137,0.0;0.0;0.0;0.0;0.0
development,1640,all_pairs,4.73,4.758084653739181,0.0;0.0;0.0;0.0;0.0
development,1641,all_pairs,3.44,3.901008437400579,0.0;0.0;0.0;0.0;0.0
development,1642,all_pairs,5.01,4.421903468233575,0.0;0.0;0.0;0.0;0.0
development,1643,all_pairs,6.56,4.977275860415358,0.0;0.0;0.0;0.0;0.0
development,1644,all_pairs,5.8,4.631586548875468,0.0;0.0;0.0;0.0;0.0
development,1645,all_pairs,4.54,4.029953744566345,0.0;0.0;0.0;0.0;0.0
development,1646,all_pairs,5.08,4.324409065014656,0.0;0.0;0.0;0.0;0.0
development,1649,all_pairs,1.82,4.253021274265179,0.0;0.0;0.0;0.0;0.0
development,1650,all_pairs,4.91,4.279857429409159,0.0;0.0;0.0;0.0;0.0
development,1651,all_pairs,2.84,4.135387829783433,0.0;0.0;0.0;0.0;0.0
development,1652,all_pairs,4.89,4.56916761686594,0.0;0.0;0.0;0.0;0.0
development,1653,all_pairs,2.95,3.8059965645456275,0.0;0.0;0.0;0.0;0.0
development,1656,all_pairs,4.83,4.150755701928731,0.0;0.0;0.0;0.0;0.0
development,1658,all_pairs,5.11,4.389893649860675,0.0;0.0;0.0;0.0;0.0
development,1659,all_pairs,2.96,3.725475001012271,0.0;0.0;0.0;0.0;0.0
development,1660,all_pairs,1.81,4.587091725159341,0.0;0.0;0.0;0.0;0.0
development,1661,all_pairs,5.02,3.718616675522222,0.0;0.0;0.0;0.0;0.0
development,1662,all_pairs,5.74,4.310486480072363,0.0;0.0;0.0;0.0;0.0
development,1663,all_pairs,2.11,3.2218584512783366,0.0;0.0;0.0;0.0;0.0
development,1664,all_pairs,4.88,3.710616820444079,0.0;0.0;0.0;0.0;0.0
development,1665,all_pairs,5.4,4.713920290933916,0.0;0.0;0.0;0.0;0.0
development,1666,all_pairs,5.18,4.051568331419858,0.0;0.0;0.0;0.0;0.0
development,1667,all_pairs,3.05,4.017056763757186,0.0;0.0;0.0;0.0;0.0
development,1668,all_pairs,3.4,4.0017610995958535,0.0;0.0;0.0;0.0;0.0
development,1669,all_pairs,5.17,4.157613110942411,0.0;0.0;0.0;0.0;0.0
development,1670,all_pairs,4.54,4.436595489093478,0.0;0.0;0.0;0.0;0.0
development,1671,all_pairs,5.07,4.414102509955266,0.0;0.0;0.0;0.0;0.0
development,1672,all_pairs,4.81,4.5483857431627746,0.0;0.0;0.0;0.0;0.0
development,1673,all_pairs,5.08,4.553792267567999,0.0;0.0;0.0;0.0;0.0
development,1674,all_pairs,5.16,4.64142934426607,0.0;0.0;0.0;0.0;0.0
development,1675,all_pairs,3.95,4.985949818255511,0.0;0.0;0.0;0.0;0.0
development,1676,all_pairs,4.33,4.181169634387753,0.0;0.0;0.0;0.0;0.0
development,1677,all_pairs,4.98,4.731915905456262,0.0;0.0;0.0;0.0;0.0
development,1678,all_pairs,1.82,3.3896530593433667,0.0;0.0;0.0;0.0;0.0
development,1680,all_pairs,1.77,4.574991848188434,0.0;0.0;0.0;0.0;0.0
development,1681,all_pairs,4.23,3.9610906950195583,0.0;0.0;0.0;0.0;0.0
development,1683,all_pairs,1.85,4.885005460421619,0.0;0.0;0.0;0.0;0.0
development,1685,all_pairs,5.09,3.9807727051512636,0.0;0.0;0.0;0.0;0.0
development,1686,all_pairs,4.76,4.6878891223250925,0.0;0.0;0.0;0.0;0.0
development,1687,all_pairs,5.0,4.103023924558391,0.0;0.0;0.0;0.0;0.0
development,1688,all_pairs,2.94,3.957216312377596,0.0;0.0;0.0;0.0;0.0
development,1689,all_pairs,5.21,4.217131320799404,0.0;0.0;0.0;0.0;0.0
development,1690,all_pairs,4.6,3.9764647651358107,0.0;0.0;0.0;0.0;0.0
development,1691,all_pairs,4.86,4.663857946837337,0.0;0.0;0.0;0.0;0.0
development,1692,all_pairs,5.26,4.272311045315802,0.0;0.0;0.0;0.0;0.0
development,1693,all_pairs,4.78,4.215935822211687,0.0;0.0;0.0;0.0;0.0
development,1694,all_pairs,3.38,3.9340495404923104,0.0;0.0;0.0;0.0;0.0
development,1695,all_pairs,5.47,5.0340633056184165,0.0;0.0;0.0;0.0;0.0
development,1696,all_pairs,5.04,4.162685315308131,0.0;0.0;0.0;0.0;0.0
development,1697,all_pairs,2.42,3.808849896981632,0.0;0.0;0.0;0.0;0.0
development,1698,all_pairs,5.61,4.36223217726454,0.0;0.0;0.0;0.0;0.0
development,1699,all_pairs,4.33,4.875446675719358,0.0;0.0;0.0;0.0;0.0
development,1700,all_pairs,3.01,4.277610746585474,0.0;0.0;0.0;0.0;0.0
development,1702,all_pairs,5.16,4.483700623778394,0.0;0.0;0.0;0.0;0.0
development,1703,all_pairs,5.1,4.147116408498361,0.0;0.0;0.0;0.0;0.0
development,1704,all_pairs,4.25,4.538283034027838,0.0;0.0;0.0;0.0;0.0
development,1706,all_pairs,3.98,4.059554928886608,0.0;0.0;0.0;0.0;0.0
development,1707,all_pairs,3.1,4.172082300845778,0.0;0.0;0.0;0.0;0.0
development,1709,all_pairs,2.94,3.8583578402124843,0.0;0.0;0.0;0.0;0.0
development,1710,all_pairs,4.09,4.35590523115779,0.0;0.0;0.0;0.0;0.0
development,1711,all_pairs,4.91,3.957576961638652,0.0;0.0;0.0;0.0;0.0
development,1712,all_pairs,3.89,3.984021493080835,0.0;0.0;0.0;0.0;0.0
development,1713,all_pairs,1.79,4.348100755845415,0.0;0.0;0.0;0.0;0.0
development,1714,all_pairs,4.17,4.264956085840365,0.0;0.0;0.0;0.0;0.0
development,1716,all_pairs,1.86,5.309431448453424,0.0;0.0;0.0;0.0;0.0
development,1717,all_pairs,1.63,3.9555094769076913,0.0;0.0;0.0;0.0;0.0
development,1718,all_pairs,3.89,4.282445951668257,0.0;0.0;0.0;0.0;0.0
development,1719,all_pairs,4.61,5.719013402456456,0.0;0.0;0.0;0.0;0.0
development,1720,all_pairs,4.44,4.751531153220791,0.0;0.0;0.0;0.0;0.0
development,1721,all_pairs,5.46,4.4021054898465275,0.0;0.0;0.0;0.0;0.0
development,1723,all_pairs,3.09,3.585481289460042,0.0;0.0;0.0;0.0;0.0
development,1724,all_pairs,5.3,4.280470611327412,0.0;0.0;0.0;0.0;0.0
development,1726,all_pairs,5.0,4.776870583220556,0.0;0.0;0.0;0.0;0.0
development,1727,all_pairs,4.36,4.62938974334461,0.0;0.0;0.0;0.0;0.0
development,1728,all_pairs,5.19,3.939179825330171,0.0;0.0;0.0;0.0;0.0
development,1729,all_pairs,4.58,4.783819437948038,0.0;0.0;0.0;0.0;0.0
development,1730,all_pairs,3.92,4.102000467001161,0.0;0.0;0.0;0.0;0.0
development,1731,all_pairs,4.57,4.124781752174403,0.0;0.0;0.0;0.0;0.0
development,1732,all_pairs,1.81,5.084283658441498,0.0;0.0;0.0;0.0;0.0
development,1733,all_pairs,5.52,4.569391876075247,0.0;0.0;0.0;0.0;0.0
development,1734,all_pairs,4.09,3.8911553646849195,0.0;0.0;0.0;0.0;0.0
development,1736,all_pairs,4.59,4.732398238977828,0.0;0.0;0.0;0.0;0.0
development,1737,all_pairs,5.89,4.153330378140979,0.0;0.0;0.0;0.0;0.0
development,1738,all_pairs,5.07,4.506101280095727,0.0;0.0;0.0;0.0;0.0
development,1739,all_pairs,4.86,4.319651100581624,0.0;0.0;0.0;0.0;0.0
development,1740,all_pairs,5.77,4.3799864303973814,0.0;0.0;0.0;0.0;0.0
development,1741,all_pairs,5.23,4.909202722470735,0.0;0.0;0.0;0.0;0.0
development,1742,all_pairs,3.55,4.240265494091829,0.0;0.0;0.0;0.0;0.0
development,1743,all_pairs,2.62,3.931142289086129,0.0;0.0;0.0;0.0;0.0
development,1744,all_pairs,4.74,3.5333037078741123,0.0;0.0;0.0;0.0;0.0
development,1745,all_pairs,4.06,4.434969274574117,0.0;0.0;0.0;0.0;0.0
development,1746,all_pairs,2.96,3.61370161468202,0.0;0.0;0.0;0.0;0.0
development,1747,all_pairs,4.67,4.39221037963569,0.0;0.0;0.0;0.0;0.0
development,1748,all_pairs,4.89,4.168410012367866,0.0;0.0;0.0;0.0;0.0
development,1749,all_pairs,4.29,4.129165454243161,0.0;0.0;0.0;0.0;0.0
development,1750,all_pairs,2.64,3.4102566363315985,0.0;0.0;0.0;0.0;0.0
development,1751,all_pairs,5.24,4.01348913093013,0.0;0.0;0.0;0.0;0.0
development,1752,all_pairs,4.38,4.4013200355311115,0.0;0.0;0.0;0.0;0.0
development,1754,all_pairs,5.33,4.6312634042500305,0.0;0.0;0.0;0.0;0.0
development,1755,all_pairs,4.09,4.352961252120769,0.0;0.0;0.0;0.0;0.0
development,1756,all_pairs,5.455,3.784939783317143,0.0;0.0;0.0;0.0;0.0
development,1757,all_pairs,4.24,4.024876066790856,0.0;0.0;0.0;0.0;0.0
development,1758,all_pairs,3.76,4.387498584528009,0.0;0.0;0.0;0.0;0.0
development,1760,all_pairs,4.44,3.71686407048786,0.0;0.0;0.0;0.0;0.0
development,1761,all_pairs,5.38,4.137541357217304,0.0;0.0;0.0;0.0;0.0
development,1762,all_pairs,4.41,3.890848495359972,0.0;0.0;0.0;0.0;0.0
development,1763,all_pairs,2.01,4.0082178199787215,0.0;0.0;0.0;0.0;0.0
development,1764,all_pairs,4.67,4.404940988977673,0.0;0.0;0.0;0.0;0.0
development,1765,all_pairs,4.41,4.627216919321499,0.0;0.0;0.0;0.0;0.0
development,1766,all_pairs,4.73,4.080258599990455,0.0;0.0;0.0;0.0;0.0
development,1769,all_pairs,4.885,4.71122216787296,0.0;0.0;0.0;0.0;0.0
development,1771,all_pairs,5.66,4.209265689461923,0.0;0.0;0.0;0.0;0.0
development,1772,all_pairs,3.01,3.7400528505614634,0.0;0.0;0.0;0.0;0.0
development,1773,all_pairs,6.21,4.4433970028311975,0.0;0.0;0.0;0.0;0.0
development,1774,all_pairs,4.98,5.242353790023763,0.0;0.0;0.0;0.0;0.0
development,1775,all_pairs,1.87,4.549067690156619,0.0;0.0;0.0;0.0;0.0
development,1776,all_pairs,4.89,4.388366469031915,0.0;0.0;0.0;0.0;0.0
development,1777,all_pairs,5.41,4.257998651692765,0.0;0.0;0.0;0.0;0.0
development,1778,all_pairs,5.31,4.618690604969109,0.0;0.0;0.0;0.0;0.0
development,1779,all_pairs,5.13,4.691466575050138,0.0;0.0;0.0;0.0;0.0
development,1780,all_pairs,4.94,4.03652819094038,0.0;0.0;0.0;0.0;0.0
development,1782,all_pairs,1.72,4.6776374386953,0.0;0.0;0.0;0.0;0.0
development,1783,all_pairs,3.71,3.8359873634849215,0.0;0.0;0.0;0.0;0.0
development,1784,all_pairs,4.59,4.676856602732337,0.0;0.0;0.0;0.0;0.0
development,1785,all_pairs,4.81,4.527448782132061,0.0;0.0;0.0;0.0;0.0
development,1786,all_pairs,3.73,4.1205707924086985,0.0;0.0;0.0;0.0;0.0
development,1787,all_pairs,5.15,4.653236503121341,0.0;0.0;0.0;0.0;0.0
development,1788,all_pairs,5.64,4.143022750998804,0.0;0.0;0.0;0.0;0.0
development,1789,all_pairs,3.35,3.6326774307254244,0.0;0.0;0.0;0.0;0.0
development,1791,all_pairs,2.57,4.546193306301134,0.0;0.0;0.0;0.0;0.0
development,1792,all_pairs,4.6,4.633772819488353,0.0;0.0;0.0;0.0;0.0
development,1793,all_pairs,5.06,3.9773694231037675,0.0;0.0;0.0;0.0;0.0
development,1794,all_pairs,5.63,4.254907154431963,0.0;0.0;0.0;0.0;0.0
development,1795,all_pairs,4.77,4.476694014101459,0.0;0.0;0.0;0.0;0.0
development,1796,all_pairs,2.51,4.1853479538855805,0.0;0.0;0.0;0.0;0.0
development,1797,all_pairs,5.33,4.286608729127824,0.0;0.0;0.0;0.0;0.0
development,1798,all_pairs,2.87,3.418875678311808,0.0;0.0;0.0;0.0;0.0
development,1799,all_pairs,3.48,4.576527278092612,0.0;0.0;0.0;0.0;0.0
development,1801,all_pairs,4.61,4.877838863063925,0.0;0.0;0.0;0.0;0.0
development,1802,all_pairs,4.63,4.971611785327122,0.0;0.0;0.0;0.0;0.0
development,1803,all_pairs,2.97,4.112136198631646,0.0;0.0;0.0;0.0;0.0
development,1804,all_pairs,4.27,4.418282930647872,0.0;0.0;0.0;0.0;0.0
development,1805,all_pairs,6.14,4.3223143069619026,0.0;0.0;0.0;0.0;0.0
development,1806,all_pairs,5.25,4.403980228206663,0.0;0.0;0.0;0.0;0.0
development,1807,all_pairs,3.7,4.036217621139947,0.0;0.0;0.0;0.0;0.0
development,1808,all_pairs,1.96,3.666191163181224,0.0;0.0;0.0;0.0;0.0
development,1809,all_pairs,5.17,4.440519908518115,0.0;0.0;0.0;0.0;0.0
development,1810,all_pairs,2.88,4.000706530951814,0.0;0.0;0.0;0.0;0.0
development,1811,all_pairs,3.61,4.4267203750017226,0.0;0.0;0.0;0.0;0.0
development,1812,all_pairs,3.01,3.6869777390445,0.0;0.0;0.0;0.0;0.0
development,1814,all_pairs,2.49,3.982969251047111,0.0;0.0;0.0;0.0;0.0
development,1816,all_pairs,4.04,3.923678817305352,0.0;0.0;0.0;0.0;0.0
development,1817,all_pairs,5.11,4.161551621822553,0.0;0.0;0.0;0.0;0.0
development,1818,all_pairs,5.22,4.143105856309954,0.0;0.0;0.0;0.0;0.0
development,1819,all_pairs,5.32,4.250045609628282,0.0;0.0;0.0;0.0;0.0
development,1820,all_pairs,5.09,4.733062974186181,0.0;0.0;0.0;0.0;0.0
development,1822,all_pairs,3.15,3.7611236452515437,0.0;0.0;0.0;0.0;0.0
development,1823,all_pairs,2.81,3.6507903963753763,0.0;0.0;0.0;0.0;0.0
development,1824,all_pairs,4.27,4.705516669086366,0.0;0.0;0.0;0.0;0.0
development,1825,all_pairs,2.13,2.952956329178073,0.0;0.0;0.0;0.0;0.0
development,1826,all_pairs,3.01,3.6567975741902137,0.0;0.0;0.0;0.0;0.0
development,1827,all_pairs,5.015000000000001,3.8236614866640704,0.0;0.0;0.0;0.0;0.0
development,1828,all_pairs,5.48,4.316936503659743,0.0;0.0;0.0;0.0;0.0
development,1829,all_pairs,1.79,3.54730866882812,0.0;0.0;0.0;0.0;0.0
development,1830,all_pairs,4.67,3.9995535050862077,0.0;0.0;0.0;0.0;0.0
development,1831,all_pairs,2.01,4.375964986347646,0.0;0.0;0.0;0.0;0.0
development,1832,all_pairs,4.11,4.107084382627313,0.0;0.0;0.0;0.0;0.0
development,1834,all_pairs,5.17,4.400251985642491,0.0;0.0;0.0;0.0;0.0
development,1835,all_pairs,4.67,4.395460289067924,0.0;0.0;0.0;0.0;0.0
development,1836,all_pairs,2.39,4.177617682397072,0.0;0.0;0.0;0.0;0.0
development,1837,all_pairs,5.365,4.496240704659752,0.0;0.0;0.0;0.0;0.0
development,1838,all_pairs,2.28,4.43953060139533,0.0;0.0;0.0;0.0;0.0
development,1839,all_pairs,4.77,4.0544509176627725,0.0;0.0;0.0;0.0;0.0
development,1840,all_pairs,5.27,4.110381134218883,0.0;0.0;0.0;0.0;0.0
development,1841,all_pairs,3.28,4.007722577328656,0.0;0.0;0.0;0.0;0.0
development,1842,all_pairs,4.95,3.7546226335913495,0.0;0.0;0.0;0.0;0.0
development,1843,all_pairs,4.74,4.042902965289746,0.0;0.0;0.0;0.0;0.0
development,1844,all_pairs,5.56,4.561913194357033,0.0;0.0;0.0;0.0;0.0
development,1845,all_pairs,3.28,4.153359381780279,0.0;0.0;0.0;0.0;0.0
development,1846,all_pairs,4.67,3.7738085305317375,0.0;0.0;0.0;0.0;0.0
development,1847,all_pairs,2.47,3.9474718723786286,0.0;0.0;0.0;0.0;0.0
development,1848,all_pairs,2.54,4.223759522691185,0.0;0.0;0.0;0.0;0.0
development,1850,all_pairs,2.66,4.023858229127526,0.0;0.0;0.0;0.0;0.0
development,1851,all_pairs,6.18,4.786240044476219,0.0;0.0;0.0;0.0;0.0
development,1853,all_pairs,2.93,3.6301245216455316,0.0;0.0;0.0;0.0;0.0
development,1854,all_pairs,4.52,4.2919070498396215,0.0;0.0;0.0;0.0;0.0
development,1855,all_pairs,5.1,5.023328608168821,0.0;0.0;0.0;0.0;0.0
development,1857,all_pairs,4.79,4.18976909590376,0.0;0.0;0.0;0.0;0.0
development,1858,all_pairs,1.98,5.210474335291503,0.0;0.0;0.0;0.0;0.0
development,1859,all_pairs,4.36,4.428641983719737,0.0;0.0;0.0;0.0;0.0
development,1861,all_pairs,4.8,4.4291249999176445,0.0;0.0;0.0;0.0;0.0
development,1863,all_pairs,3.26,4.244331064824885,0.0;0.0;0.0;0.0;0.0
development,1864,all_pairs,4.7,4.151717820205345,0.0;0.0;0.0;0.0;0.0
development,1865,all_pairs,4.59,3.923359170472056,0.0;0.0;0.0;0.0;0.0
development,1867,all_pairs,4.15,3.724101017765742,0.0;0.0;0.0;0.0;0.0
development,1868,all_pairs,4.87,5.126331505091551,0.0;0.0;0.0;0.0;0.0
development,1869,all_pairs,2.51,4.284049278955827,0.0;0.0;0.0;0.0;0.0
development,1870,all_pairs,4.55,4.441729036756332,0.0;0.0;0.0;0.0;0.0
development,1871,all_pairs,4.42,4.220403113872059,0.0;0.0;0.0;0.0;0.0
development,1872,all_pairs,3.56,4.810730721962364,0.0;0.0;0.0;0.0;0.0
development,1873,all_pairs,5.33,3.8685993341925435,0.0;0.0;0.0;0.0;0.0
development,1874,all_pairs,4.58,4.382415181950279,0.0;0.0;0.0;0.0;0.0
development,1875,all_pairs,3.39,3.5507687649923714,0.0;0.0;0.0;0.0;0.0
development,1876,all_pairs,4.24,3.4233727052160847,0.0;0.0;0.0;0.0;0.0
development,1878,all_pairs,4.56,3.8870400625611135,0.0;0.0;0.0;0.0;0.0
development,1879,all_pairs,4.72,4.136318350193197,0.0;0.0;0.0;0.0;0.0
development,1880,all_pairs,5.3,4.264875773350475,0.0;0.0;0.0;0.0;0.0
development,1881,all_pairs,3.54,3.876826199196482,0.0;0.0;0.0;0.0;0.0
development,1883,all_pairs,3.92,4.492036894049365,0.0;0.0;0.0;0.0;0.0
development,1884,all_pairs,3.16,3.8691965508317687,0.0;0.0;0.0;0.0;0.0
development,1885,all_pairs,4.89,4.686648169937568,0.0;0.0;0.0;0.0;0.0
development,1886,all_pairs,5.79,5.074508627453342,0.0;0.0;0.0;0.0;0.0
development,1887,all_pairs,4.97,4.210663286032491,0.0;0.0;0.0;0.0;0.0
development,1888,all_pairs,5.21,4.471570381940737,0.0;0.0;0.0;0.0;0.0
development,1889,all_pairs,2.82,4.028870114156225,0.0;0.0;0.0;0.0;0.0
development,1890,all_pairs,5.06,4.451657291657086,0.0;0.0;0.0;0.0;0.0
development,1891,all_pairs,1.84,3.946870459166158,0.0;0.0;0.0;0.0;0.0
development,1892,all_pairs,4.89,4.101034393746761,0.0;0.0;0.0;0.0;0.0
development,1893,all_pairs,4.53,4.377482864801905,0.0;0.0;0.0;0.0;0.0
development,1894,all_pairs,5.41,4.699275137510226,0.0;0.0;0.0;0.0;0.0
development,1895,all_pairs,5.66,4.1524610545035925,0.0;0.0;0.0;0.0;0.0
development,1896,all_pairs,4.02,3.7202290000803506,0.0;0.0;0.0;0.0;0.0
development,1897,all_pairs,1.88,3.487723050658208,0.0;0.0;0.0;0.0;0.0
development,1899,all_pairs,6.23,4.3696390130240035,0.0;0.0;0.0;0.0;0.0
development,1900,all_pairs,4.95,3.860737559345893,0.0;0.0;0.0;0.0;0.0
development,1901,all_pairs,4.81,4.206629216454729,0.0;0.0;0.0;0.0;0.0
development,1902,all_pairs,4.24,4.269737457389431,0.0;0.0;0.0;0.0;0.0
development,1903,all_pairs,4.74,4.163256706655999,0.0;0.0;0.0;0.0;0.0
development,1904,all_pairs,5.28,4.917754419341713,0.0;0.0;0.0;0.0;0.0
development,1905,all_pairs,4.66,4.708332676925784,0.0;0.0;0.0;0.0;0.0
development,1906,all_pairs,5.1,4.621356019781524,0.0;0.0;0.0;0.0;0.0
development,1907,all_pairs,4.85,4.520259562977756,0.0;0.0;0.0;0.0;0.0
development,1908,all_pairs,4.71,4.304258127467043,0.0;0.0;0.0;0.0;0.0
development,1909,all_pairs,2.88,3.880240189247844,0.0;0.0;0.0;0.0;0.0
development,1910,all_pairs,4.93,4.738054363096338,0.0;0.0;0.0;0.0;0.0
development,1911,all_pairs,4.11,4.1111425659241085,0.0;0.0;0.0;0.0;0.0
development,1915,all_pairs,4.16,4.208163062657146,0.0;0.0;0.0;0.0;0.0
development,1916,all_pairs,4.37,4.431299271691254,0.0;0.0;0.0;0.0;0.0
development,1918,all_pairs,2.06,4.3220717096679975,0.0;0.0;0.0;0.0;0.0
development,1919,all_pairs,3.66,4.625511342529699,0.0;0.0;0.0;0.0;0.0
development,1920,all_pairs,2.67,4.2963159366655175,0.0;0.0;0.0;0.0;0.0
development,1921,all_pairs,1.98,3.246587831803631,0.0;0.0;0.0;0.0;0.0
development,1922,all_pairs,5.08,4.765595884358982,0.0;0.0;0.0;0.0;0.0
development,1924,all_pairs,4.86,4.2435535424507655,0.0;0.0;0.0;0.0;0.0
development,1925,all_pairs,6.14,4.247117690519104,0.0;0.0;0.0;0.0;0.0
development,1926,all_pairs,4.53,4.2707681152195045,0.0;0.0;0.0;0.0;0.0
development,1927,all_pairs,5.31,5.170120246694478,0.0;0.0;0.0;0.0;0.0
development,1928,all_pairs,5.37,3.9926013555756144,0.0;0.0;0.0;0.0;0.0
development,1929,all_pairs,5.33,4.080373196254807,0.0;0.0;0.0;0.0;0.0
development,1930,all_pairs,4.15,4.1315938648243264,0.0;0.0;0.0;0.0;0.0
development,1931,all_pairs,3.5,3.3765493894595915,0.0;0.0;0.0;0.0;0.0
development,1932,all_pairs,4.8,4.2587271918427225,0.0;0.0;0.0;0.0;0.0
development,1933,all_pairs,5.14,4.3317248777336035,0.0;0.0;0.0;0.0;0.0
development,1934,all_pairs,5.09,4.42194770305475,0.0;0.0;0.0;0.0;0.0
development,1935,all_pairs,5.1,4.000328895142295,0.0;0.0;0.0;0.0;0.0
development,1936,all_pairs,4.75,4.0562394906358925,0.0;0.0;0.0;0.0;0.0
development,1937,all_pairs,4.97,4.409718134663704,0.0;0.0;0.0;0.0;0.0
development,1938,all_pairs,5.23,4.316775387002798,0.0;0.0;0.0;0.0;0.0
development,1939,all_pairs,4.61,4.241031625967386,0.0;0.0;0.0;0.0;0.0
development,1940,all_pairs,4.26,4.458074080745419,0.0;0.0;0.0;0.0;0.0
development,1941,all_pairs,4.42,4.3622412499953,0.0;0.0;0.0;0.0;0.0
development,1943,all_pairs,2.82,3.9251838457603223,0.0;0.0;0.0;0.0;0.0
development,1944,all_pairs,5.43,3.9879918711286,0.0;0.0;0.0;0.0;0.0
development,1945,all_pairs,4.56,4.22303144952458,0.0;0.0;0.0;0.0;0.0
development,1946,all_pairs,4.84,4.993066267214484,0.0;0.0;0.0;0.0;0.0
development,1947,all_pairs,4.63,3.9881776145128316,0.0;0.0;0.0;0.0;0.0
development,1948,all_pairs,5.46,4.232254669217575,0.0;0.0;0.0;0.0;0.0
development,1949,all_pairs,5.82,4.742367262983443,0.0;0.0;0.0;0.0;0.0
development,1951,all_pairs,3.39,3.917245856607571,0.0;0.0;0.0;0.0;0.0
development,1952,all_pairs,4.11,4.710785304027123,0.0;0.0;0.0;0.0;0.0
development,1953,all_pairs,4.31,4.20328486908276,0.0;0.0;0.0;0.0;0.0
development,1954,all_pairs,4.39,4.221315812144318,0.0;0.0;0.0;0.0;0.0
development,1955,all_pairs,1.7,4.370964906181948,0.0;0.0;0.0;0.0;0.0
development,1956,all_pairs,4.45,4.173935184778165,0.0;0.0;0.0;0.0;0.0
development,1957,all_pairs,4.73,4.059017717670977,0.0;0.0;0.0;0.0;0.0
development,1958,all_pairs,1.83,4.717842984618342,0.0;0.0;0.0;0.0;0.0
development,1959,all_pairs,4.18,4.339637201534698,0.0;0.0;0.0;0.0;0.0
development,1960,all_pairs,5.11,4.566779453515425,0.0;0.0;0.0;0.0;0.0
development,1961,all_pairs,1.91,3.61981963240322,0.0;0.0;0.0;0.0;0.0
development,1963,all_pairs,5.09,4.199701402499503,0.0;0.0;0.0;0.0;0.0
development,1965,all_pairs,5.56,4.308606839213652,0.0;0.0;0.0;0.0;0.0
development,1966,all_pairs,4.87,4.017823486269711,0.0;0.0;0.0;0.0;0.0
development,1967,all_pairs,4.84,3.7470403816668645,0.0;0.0;0.0;0.0;0.0
development,1968,all_pairs,3.78,4.604046362563001,0.0;0.0;0.0;0.0;0.0
development,1969,all_pairs,4.63,3.925527805527957,0.0;0.0;0.0;0.0;0.0
development,1971,all_pairs,4.4,4.328734357990557,0.0;0.0;0.0;0.0;0.0
development,1972,all_pairs,5.48,4.05011957736186,0.0;0.0;0.0;0.0;0.0
development,1973,all_pairs,4.41,4.417838053328672,0.0;0.0;0.0;0.0;0.0
development,1974,all_pairs,2.89,3.283280686978567,0.0;0.0;0.0;0.0;0.0
development,1975,all_pairs,3.2,4.118094031161863,0.0;0.0;0.0;0.0;0.0
development,1976,all_pairs,5.05,4.112543079928136,0.0;0.0;0.0;0.0;0.0
development,1977,all_pairs,4.19,4.51257817424621,0.0;0.0;0.0;0.0;0.0
development,1978,all_pairs,3.85,4.1524085014949055,0.0;0.0;0.0;0.0;0.0
development,1979,all_pairs,3.75,4.340135301347183,0.0;0.0;0.0;0.0;0.0
development,1980,all_pairs,5.4,4.5710184602883155,0.0;0.0;0.0;0.0;0.0
development,1981,all_pairs,5.55,4.2740407454260625,0.0;0.0;0.0;0.0;0.0
development,1982,all_pairs,5.27,4.548477024016518,0.0;0.0;0.0;0.0;0.0
development,1984,all_pairs,3.18,3.8493083158809727,0.0;0.0;0.0;0.0;0.0
development,1987,all_pairs,4.81,4.698393604728901,0.0;0.0;0.0;0.0;0.0
development,1988,all_pairs,2.45,3.8925731354291764,0.0;0.0;0.0;0.0;0.0
development,1989,all_pairs,2.94,3.332690918029006,0.0;0.0;0.0;0.0;0.0
development,1990,all_pairs,5.05,4.317770831135488,0.0;0.0;0.0;0.0;0.0
development,1991,all_pairs,4.57,4.329691157198849,0.0;0.0;0.0;0.0;0.0
development,1992,all_pairs,5.37,4.40983158978648,0.0;0.0;0.0;0.0;0.0
development,1994,all_pairs,4.56,4.364229097001786,0.0;0.0;0.0;0.0;0.0
development,1995,all_pairs,4.49,4.904635592340981,0.0;0.0;0.0;0.0;0.0
development,1997,all_pairs,4.09,4.596501902054161,0.0;0.0;0.0;0.0;0.0
development,1999,all_pairs,5.23,4.235535361302297,0.0;0.0;0.0;0.0;0.0
development,2001,all_pairs,4.67,4.2666728527045,0.0;0.0;0.0;0.0;0.0
development,2002,all_pairs,4.53,4.838675842361216,0.0;0.0;0.0;0.0;0.0
development,2004,all_pairs,4.98,4.712351560839038,0.0;0.0;0.0;0.0;0.0
development,2005,all_pairs,3.92,4.226177380917686,0.0;0.0;0.0;0.0;0.0
development,2007,all_pairs,4.53,4.087125675941193,0.0;0.0;0.0;0.0;0.0
development,2008,all_pairs,5.11,4.825173012058683,0.0;0.0;0.0;0.0;0.0
development,2009,all_pairs,4.54,4.186864107632147,0.0;0.0;0.0;0.0;0.0
development,2010,all_pairs,4.87,5.227715069495442,0.0;0.0;0.0;0.0;0.0
development,2011,all_pairs,3.87,3.770223990672964,0.0;0.0;0.0;0.0;0.0
development,2012,all_pairs,4.54,4.099965628083375,0.0;0.0;0.0;0.0;0.0
development,2014,all_pairs,5.69,4.110459542900499,0.0;0.0;0.0;0.0;0.0
development,2015,all_pairs,4.51,3.995550351271434,0.0;0.0;0.0;0.0;0.0
development,2016,all_pairs,5.22,4.476560796137361,0.0;0.0;0.0;0.0;0.0
development,2017,all_pairs,4.27,3.9913196914406512,0.0;0.0;0.0;0.0;0.0
development,2020,all_pairs,4.81,4.01058800876418,0.0;0.0;0.0;0.0;0.0
development,2021,all_pairs,4.57,4.1079957468669415,0.0;0.0;0.0;0.0;0.0
development,2022,all_pairs,3.65,4.314867778781486,0.0;0.0;0.0;0.0;0.0
development,2023,all_pairs,5.24,5.006106456148955,0.0;0.0;0.0;0.0;0.0
development,2025,all_pairs,5.21,4.499006292029412,0.0;0.0;0.0;0.0;0.0
development,2026,all_pairs,4.34,4.545899169858075,0.0;0.0;0.0;0.0;0.0
development,2027,all_pairs,4.8,4.329771420300557,0.0;0.0;0.0;0.0;0.0
development,2028,all_pairs,4.86,3.970063631956527,0.0;0.0;0.0;0.0;0.0
development,2029,all_pairs,4.86,4.259521559037352,0.0;0.0;0.0;0.0;0.0
development,2030,all_pairs,3.19,3.9761064920707505,0.0;0.0;0.0;0.0;0.0
development,2031,all_pairs,5.66,4.40566374085874,0.0;0.0;0.0;0.0;0.0
development,2033,all_pairs,6.32,4.823262465444653,0.0;0.0;0.0;0.0;0.0
development,2034,all_pairs,3.93,3.8728405892052145,0.0;0.0;0.0;0.0;0.0
development,2035,all_pairs,4.98,3.996071127833038,0.0;0.0;0.0;0.0;0.0
development,2036,all_pairs,4.96,4.784623181046245,0.0;0.0;0.0;0.0;0.0
development,2037,all_pairs,4.25,4.50048345149457,0.0;0.0;0.0;0.0;0.0
development,2038,all_pairs,4.61,3.722949098876599,0.0;0.0;0.0;0.0;0.0
development,2039,all_pairs,4.97,4.194577949160289,0.0;0.0;0.0;0.0;0.0
development,2040,all_pairs,4.67,4.066737841260348,0.0;0.0;0.0;0.0;0.0
development,2041,all_pairs,2.69,4.652139510137178,0.0;0.0;0.0;0.0;0.0
development,2042,all_pairs,4.78,4.566168930891609,0.0;0.0;0.0;0.0;0.0
development,2044,all_pairs,5.16,4.707666938627634,0.0;0.0;0.0;0.0;0.0
development,2045,all_pairs,1.81,3.3549673461089307,0.0;0.0;0.0;0.0;0.0
development,2046,all_pairs,2.69,3.380879574678767,0.0;0.0;0.0;0.0;0.0
development,2047,all_pairs,5.22,4.461656934999922,0.0;0.0;0.0;0.0;0.0
development,2048,all_pairs,3.9,4.130329517252364,0.0;0.0;0.0;0.0;0.0
development,2049,all_pairs,3.16,3.9310490860917477,0.0;0.0;0.0;0.0;0.0
development,2050,all_pairs,5.09,4.395901287662503,0.0;0.0;0.0;0.0;0.0
development,2051,all_pairs,5.29,4.857462681120557,0.0;0.0;0.0;0.0;0.0
development,2052,all_pairs,7.54855421686747,7.3107208399074715,0.0;0.0;0.0;0.0;0.0
development,2053,all_pairs,4.68,4.275370740109491,0.0;0.0;0.0;0.0;0.0
development,2054,all_pairs,5.53,4.832766344456247,0.0;0.0;0.0;0.0;0.0
development,2055,all_pairs,4.13,4.271299998088631,0.0;0.0;0.0;0.0;0.0
development,2058,all_pairs,5.25,4.102834548189625,0.0;0.0;0.0;0.0;0.0
development,2059,all_pairs,3.91,4.5504201434570115,0.0;0.0;0.0;0.0;0.0
development,2060,all_pairs,4.72,3.935738291629588,0.0;0.0;0.0;0.0;0.0
development,2061,all_pairs,3.16,4.685767050685074,0.0;0.0;0.0;0.0;0.0
development,2062,all_pairs,5.1,5.282874418589013,0.0;0.0;0.0;0.0;0.0
development,2064,all_pairs,2.17,3.806218954447064,0.0;0.0;0.0;0.0;0.0
development,2065,all_pairs,4.69,3.9591049528278357,0.0;0.0;0.0;0.0;0.0
development,2066,all_pairs,3.59,4.422966143558783,0.0;0.0;0.0;0.0;0.0
development,2067,all_pairs,5.04,4.172187487410924,0.0;0.0;0.0;0.0;0.0
development,2068,all_pairs,4.52,4.299208363045965,0.0;0.0;0.0;0.0;0.0
development,2069,all_pairs,3.13,3.7087299184539098,0.0;0.0;0.0;0.0;0.0
development,2070,all_pairs,5.355,4.448220149524824,0.0;0.0;0.0;0.0;0.0
development,2071,all_pairs,4.81,4.106366956947926,0.0;0.0;0.0;0.0;0.0
development,2072,all_pairs,5.08,3.900018437517721,0.0;0.0;0.0;0.0;0.0
development,2074,all_pairs,4.65,4.597210421812194,0.0;0.0;0.0;0.0;0.0
development,2075,all_pairs,5.6,4.570195602533628,0.0;0.0;0.0;0.0;0.0
development,2077,all_pairs,4.65,4.108848224332768,0.0;0.0;0.0;0.0;0.0
development,2078,all_pairs,4.78,4.777814605948387,0.0;0.0;0.0;0.0;0.0
development,2079,all_pairs,3.27,4.48748117650655,0.0;0.0;0.0;0.0;0.0
development,2082,all_pairs,5.26,4.064896283828275,0.0;0.0;0.0;0.0;0.0
development,2083,all_pairs,1.79,4.000326206847908,0.0;0.0;0.0;0.0;0.0
development,2086,all_pairs,4.56,4.617175472690973,0.0;0.0;0.0;0.0;0.0
development,2087,all_pairs,2.77,4.143221993876052,0.0;0.0;0.0;0.0;0.0
development,2088,all_pairs,4.89,4.151894066890074,0.0;0.0;0.0;0.0;0.0
development,2089,all_pairs,4.6,5.286847892506332,0.0;0.0;0.0;0.0;0.0
development,2090,all_pairs,5.74,4.465155814933096,0.0;0.0;0.0;0.0;0.0
development,2091,all_pairs,4.65,3.852658532414936,0.0;0.0;0.0;0.0;0.0
development,2092,all_pairs,4.4,4.315064164273115,0.0;0.0;0.0;0.0;0.0
development,2093,all_pairs,5.08,4.984950049304919,0.0;0.0;0.0;0.0;0.0
development,2094,all_pairs,5.2,4.261201965272232,0.0;0.0;0.0;0.0;0.0
development,2095,all_pairs,4.84,4.450515694300798,0.0;0.0;0.0;0.0;0.0
development,2097,all_pairs,1.86,4.334605753251732,0.0;0.0;0.0;0.0;0.0
development,2098,all_pairs,5.3,4.826854926624904,0.0;0.0;0.0;0.0;0.0
development,2099,all_pairs,1.97,3.877243257221621,0.0;0.0;0.0;0.0;0.0
development,2100,all_pairs,2.97,4.1311023678524865,0.0;0.0;0.0;0.0;0.0
development,2101,all_pairs,2.12,3.6931901821170383,0.0;0.0;0.0;0.0;0.0
development,2104,all_pairs,2.93,3.6923952982730643,0.0;0.0;0.0;0.0;0.0
development,2105,all_pairs,4.71,4.244302453366077,0.0;0.0;0.0;0.0;0.0
development,2108,all_pairs,5.18,4.414328537325484,0.0;0.0;0.0;0.0;0.0
development,2110,all_pairs,4.29,4.160625293772214,0.0;0.0;0.0;0.0;0.0
development,2111,all_pairs,5.11,4.245381704530842,0.0;0.0;0.0;0.0;0.0
development,2112,all_pairs,2.72,3.740742117471292,0.0;0.0;0.0;0.0;0.0
development,2113,all_pairs,5.74,4.283288209747833,0.0;0.0;0.0;0.0;0.0
development,2114,all_pairs,5.59,4.671981111916312,0.0;0.0;0.0;0.0;0.0
development,2115,all_pairs,4.56,4.372350268333248,0.0;0.0;0.0;0.0;0.0
development,2118,all_pairs,4.31,4.729033549712925,0.0;0.0;0.0;0.0;0.0
development,2119,all_pairs,4.22,4.695237910368907,0.0;0.0;0.0;0.0;0.0
development,2120,all_pairs,4.79,3.8767013514482462,0.0;0.0;0.0;0.0;0.0
development,2121,all_pairs,3.98,4.4357579525996815,0.0;0.0;0.0;0.0;0.0
development,2122,all_pairs,4.7,4.607769528748376,0.0;0.0;0.0;0.0;0.0
development,2123,all_pairs,3.7,4.757272314873154,0.0;0.0;0.0;0.0;0.0
development,2124,all_pairs,4.96,4.205849878299149,0.0;0.0;0.0;0.0;0.0
development,2125,all_pairs,2.43,3.490019805542343,0.0;0.0;0.0;0.0;0.0
development,2126,all_pairs,5.41,4.052428199014187,0.0;0.0;0.0;0.0;0.0
development,2129,all_pairs,4.39,5.4676174041308485,0.0;0.0;0.0;0.0;0.0
development,2130,all_pairs,5.31,3.8686357379843317,0.0;0.0;0.0;0.0;0.0
development,2131,all_pairs,4.5,3.83971105355299,0.0;0.0;0.0;0.0;0.0
development,2132,all_pairs,4.99,4.111472027312047,0.0;0.0;0.0;0.0;0.0
development,2133,all_pairs,4.65,4.336067182907158,0.0;0.0;0.0;0.0;0.0
development,2134,all_pairs,4.87,4.088513718302018,0.0;0.0;0.0;0.0;0.0
development,2135,all_pairs,5.99,4.480372542810878,0.0;0.0;0.0;0.0;0.0
development,2137,all_pairs,4.24,3.9665262845054214,0.0;0.0;0.0;0.0;0.0
development,2138,all_pairs,1.85,3.1877367391713,0.0;0.0;0.0;0.0;0.0
development,2139,all_pairs,3.11,4.260658274202836,0.0;0.0;0.0;0.0;0.0
development,2140,all_pairs,5.04,4.1993796418261855,0.0;0.0;0.0;0.0;0.0
development,2141,all_pairs,5.25,4.63256883461778,0.0;0.0;0.0;0.0;0.0
development,2142,all_pairs,4.72,4.203778055003447,0.0;0.0;0.0;0.0;0.0
development,2144,all_pairs,4.51,4.2562637206088585,0.0;0.0;0.0;0.0;0.0
development,2145,all_pairs,3.09,3.636065313699792,0.0;0.0;0.0;0.0;0.0
development,2146,all_pairs,4.49,4.009143626926646,0.0;0.0;0.0;0.0;0.0
development,2147,all_pairs,5.16,4.542525406747901,0.0;0.0;0.0;0.0;0.0
development,2149,all_pairs,4.66,4.420685797588338,0.0;0.0;0.0;0.0;0.0
development,2150,all_pairs,3.06,3.8496066229304593,0.0;0.0;0.0;0.0;0.0
development,2151,all_pairs,3.16,4.006033960490566,0.0;0.0;0.0;0.0;0.0
development,2152,all_pairs,4.43,3.9978847752367574,0.0;0.0;0.0;0.0;0.0
development,2153,all_pairs,4.61,3.9505877497837267,0.0;0.0;0.0;0.0;0.0
development,2154,all_pairs,4.5,3.735095293054648,0.0;0.0;0.0;0.0;0.0
development,2155,all_pairs,3.02,4.273016971755405,0.0;0.0;0.0;0.0;0.0
development,2157,all_pairs,4.89,4.425160921623141,0.0;0.0;0.0;0.0;0.0
development,2159,all_pairs,6.205,3.664243285446827,0.0;0.0;0.0;0.0;0.0
development,2160,all_pairs,5.28,4.267780320624311,0.0;0.0;0.0;0.0;0.0
development,2161,all_pairs,4.93,4.104120875441065,0.0;0.0;0.0;0.0;0.0
development,2163,all_pairs,4.93,4.247669931987924,0.0;0.0;0.0;0.0;0.0
development,2164,all_pairs,5.19,3.9395313966209575,0.0;0.0;0.0;0.0;0.0
development,2165,all_pairs,5.03,4.238933305984045,0.0;0.0;0.0;0.0;0.0
development,2166,all_pairs,6.13,4.868446394891101,0.0;0.0;0.0;0.0;0.0
development,2167,all_pairs,4.35,4.1669236664883815,0.0;0.0;0.0;0.0;0.0
development,2168,all_pairs,3.05,4.602315566871458,0.0;0.0;0.0;0.0;0.0
development,2169,all_pairs,5.12,4.320531553407411,0.0;0.0;0.0;0.0;0.0
development,2170,all_pairs,5.48,4.45403373219906,0.0;0.0;0.0;0.0;0.0
development,2171,all_pairs,2.13,3.644126011245265,0.0;0.0;0.0;0.0;0.0
development,2172,all_pairs,1.82,4.355980226998824,0.0;0.0;0.0;0.0;0.0
development,2173,all_pairs,5.16,4.374454566543681,0.0;0.0;0.0;0.0;0.0
development,2174,all_pairs,2.82,4.070639583342622,0.0;0.0;0.0;0.0;0.0
development,2175,all_pairs,5.13,4.2812575709483305,0.0;0.0;0.0;0.0;0.0
development,2176,all_pairs,3.47,5.2184384286642365,0.0;0.0;0.0;0.0;0.0
development,2177,all_pairs,5.13,4.849942180057797,0.0;0.0;0.0;0.0;0.0
development,2178,all_pairs,4.69,3.97656343202772,0.0;0.0;0.0;0.0;0.0
development,2179,all_pairs,5.69,4.950435402728892,0.0;0.0;0.0;0.0;0.0
development,2180,all_pairs,5.16,4.886401506712409,0.0;0.0;0.0;0.0;0.0
development,2181,all_pairs,5.63,4.469051949333093,0.0;0.0;0.0;0.0;0.0
development,2183,all_pairs,3.65,3.7013562185757687,0.0;0.0;0.0;0.0;0.0
development,2184,all_pairs,4.73,4.4287051969501405,0.0;0.0;0.0;0.0;0.0
development,2185,all_pairs,1.99,4.287300831920717,0.0;0.0;0.0;0.0;0.0
development,2186,all_pairs,5.55,4.544610800533288,0.0;0.0;0.0;0.0;0.0
development,2188,all_pairs,5.28,5.172292600691339,0.0;0.0;0.0;0.0;0.0
development,2190,all_pairs,5.66,5.366039174761173,0.0;0.0;0.0;0.0;0.0
development,2192,all_pairs,1.85,3.3972788971127916,0.0;0.0;0.0;0.0;0.0
development,2193,all_pairs,3.61,4.1457405374765175,0.0;0.0;0.0;0.0;0.0
development,2195,all_pairs,1.88,3.4180799321455426,0.0;0.0;0.0;0.0;0.0
development,2196,all_pairs,4.86,3.9680284817411,0.0;0.0;0.0;0.0;0.0
development,2197,all_pairs,3.95,3.8092277401945305,0.0;0.0;0.0;0.0;0.0
development,2198,all_pairs,5.3,4.303872620276048,0.0;0.0;0.0;0.0;0.0
development,2200,all_pairs,5.67,4.432739827975122,0.0;0.0;0.0;0.0;0.0
development,2201,all_pairs,2.48,3.3504396292858214,0.0;0.0;0.0;0.0;0.0
development,2203,all_pairs,4.69,4.308190422163967,0.0;0.0;0.0;0.0;0.0
development,2204,all_pairs,4.85,4.264901500254581,0.0;0.0;0.0;0.0;0.0
development,2205,all_pairs,3.21,4.401365562995939,0.0;0.0;0.0;0.0;0.0
development,2206,all_pairs,4.34,4.266639484195801,0.0;0.0;0.0;0.0;0.0
development,2207,all_pairs,2.34,3.8186751802476877,0.0;0.0;0.0;0.0;0.0
development,2208,all_pairs,5.49,4.168993246336036,0.0;0.0;0.0;0.0;0.0
development,2211,all_pairs,4.68,4.4795523675168765,0.0;0.0;0.0;0.0;0.0
development,2212,all_pairs,1.63,3.915997629949685,0.0;0.0;0.0;0.0;0.0
development,2214,all_pairs,5.26,4.239416254443571,0.0;0.0;0.0;0.0;0.0
development,2216,all_pairs,5.08,4.3981903845155665,0.0;0.0;0.0;0.0;0.0
development,2218,all_pairs,4.75,4.530621802586425,0.0;0.0;0.0;0.0;0.0
development,2219,all_pairs,5.77,4.021231548594496,0.0;0.0;0.0;0.0;0.0
development,2221,all_pairs,5.62,3.7696210194640134,0.0;0.0;0.0;0.0;0.0
development,2223,all_pairs,4.76,4.430062866193576,0.0;0.0;0.0;0.0;0.0
development,2224,all_pairs,4.66,4.484905718044,0.0;0.0;0.0;0.0;0.0
development,2225,all_pairs,5.42,4.50568999936211,0.0;0.0;0.0;0.0;0.0
development,2227,all_pairs,4.67,4.34002813174587,0.0;0.0;0.0;0.0;0.0
development,2228,all_pairs,2.07,3.711040065816123,0.0;0.0;0.0;0.0;0.0
development,2229,all_pairs,5.21,4.118279807243167,0.0;0.0;0.0;0.0;0.0
development,2230,all_pairs,2.82,4.63883337135147,0.0;0.0;0.0;0.0;0.0
development,2231,all_pairs,4.85,4.334857540466081,0.0;0.0;0.0;0.0;0.0
development,2232,all_pairs,4.65,4.155234425837844,0.0;0.0;0.0;0.0;0.0
development,2233,all_pairs,4.13,4.5768454683688296,0.0;0.0;0.0;0.0;0.0
development,2234,all_pairs,3.99,4.008640148731143,0.0;0.0;0.0;0.0;0.0
development,2235,all_pairs,4.4,3.855677640865283,0.0;0.0;0.0;0.0;0.0
development,2236,all_pairs,4.21,3.900050598043544,0.0;0.0;0.0;0.0;0.0
development,2237,all_pairs,3.97,4.415454052955323,0.0;0.0;0.0;0.0;0.0
development,2238,all_pairs,4.175,3.6515130733787924,0.0;0.0;0.0;0.0;0.0
development,2239,all_pairs,3.34,4.727940608976717,0.0;0.0;0.0;0.0;0.0
development,2240,all_pairs,3.92,4.0006143328983805,0.0;0.0;0.0;0.0;0.0
development,2241,all_pairs,5.51,4.334628842345352,0.0;0.0;0.0;0.0;0.0
development,2242,all_pairs,5.86,4.574925642396978,0.0;0.0;0.0;0.0;0.0
development,2243,all_pairs,4.32,5.1649465465403095,0.0;0.0;0.0;0.0;0.0
development,2245,all_pairs,3.34,4.352915516415115,0.0;0.0;0.0;0.0;0.0
development,2246,all_pairs,4.1,4.655545711702889,0.0;0.0;0.0;0.0;0.0
development,2247,all_pairs,4.6,4.0361512750466675,0.0;0.0;0.0;0.0;0.0
development,2248,all_pairs,4.94,4.473457018774157,0.0;0.0;0.0;0.0;0.0
development,2249,all_pairs,4.53,3.986774165610677,0.0;0.0;0.0;0.0;0.0
development,2250,all_pairs,4.64,4.015927180480376,0.0;0.0;0.0;0.0;0.0
development,2251,all_pairs,2.515,4.494551009058208,0.0;0.0;0.0;0.0;0.0
development,2252,all_pairs,3.29,3.8300274301865023,0.0;0.0;0.0;0.0;0.0
development,2254,all_pairs,3.27,5.505938383299829,0.0;0.0;0.0;0.0;0.0
development,2255,all_pairs,6.06,4.12325799223847,0.0;0.0;0.0;0.0;0.0
development,2256,all_pairs,2.81,3.5549057853260315,0.0;0.0;0.0;0.0;0.0
development,2257,all_pairs,3.75,4.416900004310579,0.0;0.0;0.0;0.0;0.0
development,2258,all_pairs,4.77,4.654233354922466,0.0;0.0;0.0;0.0;0.0
development,2259,all_pairs,4.95,4.365611113879601,0.0;0.0;0.0;0.0;0.0
development,2260,all_pairs,6.325,4.905020052082108,0.0;0.0;0.0;0.0;0.0
development,2261,all_pairs,5.04,4.510605220302618,0.0;0.0;0.0;0.0;0.0
development,2262,all_pairs,5.47,4.567376011306857,0.0;0.0;0.0;0.0;0.0
development,2263,all_pairs,4.17,4.4363591666345,0.0;0.0;0.0;0.0;0.0
development,2265,all_pairs,3.53,4.117583660047467,0.0;0.0;0.0;0.0;0.0
development,2266,all_pairs,5.1,4.376848973574807,0.0;0.0;0.0;0.0;0.0
development,2267,all_pairs,5.36,5.1575341656094595,0.0;0.0;0.0;0.0;0.0
development,2268,all_pairs,1.82,3.9105753923371487,0.0;0.0;0.0;0.0;0.0
development,2269,all_pairs,1.98,4.106045175290848,0.0;0.0;0.0;0.0;0.0
development,2270,all_pairs,4.73,3.97443935723694,0.0;0.0;0.0;0.0;0.0
development,2271,all_pairs,5.66,4.157785526559439,0.0;0.0;0.0;0.0;0.0
development,2272,all_pairs,4.58,4.47877643285221,0.0;0.0;0.0;0.0;0.0
development,2273,all_pairs,4.2,4.576108629239138,0.0;0.0;0.0;0.0;0.0
development,2276,all_pairs,3.82,4.419331679408599,0.0;0.0;0.0;0.0;0.0
development,2279,all_pairs,2.06,4.32495777845184,0.0;0.0;0.0;0.0;0.0
development,2280,all_pairs,5.85,4.098288010718251,0.0;0.0;0.0;0.0;0.0
development,2281,all_pairs,3.47,3.8751908143023055,0.0;0.0;0.0;0.0;0.0
development,2282,all_pairs,4.52,3.9581495812205962,0.0;0.0;0.0;0.0;0.0
development,2283,all_pairs,4.62,3.9997082947286335,0.0;0.0;0.0;0.0;0.0
development,2284,all_pairs,4.94,4.67772434682361,0.0;0.0;0.0;0.0;0.0
development,2285,all_pairs,5.42,3.930518483908117,0.0;0.0;0.0;0.0;0.0
development,2286,all_pairs,1.77,3.9791754745007832,0.0;0.0;0.0;0.0;0.0
development,2287,all_pairs,5.18,5.701658338482609,0.0;0.0;0.0;0.0;0.0
development,2289,all_pairs,4.56,4.519421305151812,0.0;0.0;0.0;0.0;0.0
development,2290,all_pairs,4.47,4.112536648460264,0.0;0.0;0.0;0.0;0.0
development,2291,all_pairs,5.42,4.717520623809429,0.0;0.0;0.0;0.0;0.0
development,2294,all_pairs,4.68,4.530160684202356,0.0;0.0;0.0;0.0;0.0
development,2297,all_pairs,5.25,5.597414955744854,0.0;0.0;0.0;0.0;0.0
development,2298,all_pairs,2.36,3.235207185702253,0.0;0.0;0.0;0.0;0.0
development,2299,all_pairs,4.67,4.287160081981977,0.0;0.0;0.0;0.0;0.0
development,2300,all_pairs,4.3,5.1253388541773335,0.0;0.0;0.0;0.0;0.0
development,2302,all_pairs,4.26,4.201348726976288,0.0;0.0;0.0;0.0;0.0
development,2303,all_pairs,4.46,3.8575066238047335,0.0;0.0;0.0;0.0;0.0
development,2304,all_pairs,5.48,4.651672188681518,0.0;0.0;0.0;0.0;0.0
development,2305,all_pairs,3.83,3.993669703031947,0.0;0.0;0.0;0.0;0.0
development,2306,all_pairs,4.6,4.095632356136199,0.0;0.0;0.0;0.0;0.0
development,2309,all_pairs,3.25,4.067739589915677,0.0;0.0;0.0;0.0;0.0
development,2310,all_pairs,5.58,4.465133288726942,0.0;0.0;0.0;0.0;0.0
development,2311,all_pairs,3.66,4.196357938935409,0.0;0.0;0.0;0.0;0.0
development,2312,all_pairs,5.14,4.077762433088847,0.0;0.0;0.0;0.0;0.0
development,2313,all_pairs,2.15,3.7113656779927173,0.0;0.0;0.0;0.0;0.0
development,2314,all_pairs,5.16,4.268378398565795,0.0;0.0;0.0;0.0;0.0
development,2315,all_pairs,3.68,4.514065327487014,0.0;0.0;0.0;0.0;0.0
development,2316,all_pairs,5.35,4.369143568499323,0.0;0.0;0.0;0.0;0.0
development,2317,all_pairs,4.95,4.114008068608783,0.0;0.0;0.0;0.0;0.0
development,2318,all_pairs,4.26,4.03849567114818,0.0;0.0;0.0;0.0;0.0
development,2320,all_pairs,5.47,4.132045879624101,0.0;0.0;0.0;0.0;0.0
development,2321,all_pairs,3.91,4.395205382227988,0.0;0.0;0.0;0.0;0.0
development,2322,all_pairs,5.03,4.398254015308724,0.0;0.0;0.0;0.0;0.0
development,2323,all_pairs,4.83,5.11859499423079,0.0;0.0;0.0;0.0;0.0
development,2324,all_pairs,5.04,4.431136634089575,0.0;0.0;0.0;0.0;0.0
development,2325,all_pairs,4.03,3.914587475500654,0.0;0.0;0.0;0.0;0.0
development,2326,all_pairs,5.14,4.446556974609112,0.0;0.0;0.0;0.0;0.0
development,2327,all_pairs,5.36,4.857308119512176,0.0;0.0;0.0;0.0;0.0
development,2328,all_pairs,5.28,4.357684570325341,0.0;0.0;0.0;0.0;0.0
development,2330,all_pairs,4.26,3.9563531993471677,0.0;0.0;0.0;0.0;0.0
development,2332,all_pairs,5.07,4.7031196515333304,0.0;0.0;0.0;0.0;0.0
development,2333,all_pairs,5.15,4.329129102246662,0.0;0.0;0.0;0.0;0.0
development,2334,all_pairs,4.1,3.9835438449165426,0.0;0.0;0.0;0.0;0.0
development,2335,all_pairs,1.82,3.867830094721733,0.0;0.0;0.0;0.0;0.0
development,2336,all_pairs,5.22,3.9082967339666936,0.0;0.0;0.0;0.0;0.0
development,2337,all_pairs,4.84,4.216636813691571,0.0;0.0;0.0;0.0;0.0
development,2339,all_pairs,5.37,4.506948791039299,0.0;0.0;0.0;0.0;0.0
development,2341,all_pairs,4.56,4.656368116434113,0.0;0.0;0.0;0.0;0.0
development,2342,all_pairs,3.76,3.5376088311924967,0.0;0.0;0.0;0.0;0.0
development,2343,all_pairs,4.73,4.1466042237239735,0.0;0.0;0.0;0.0;0.0
development,2346,all_pairs,5.66,4.489661764882868,0.0;0.0;0.0;0.0;0.0
development,2347,all_pairs,4.12,4.137758629378499,0.0;0.0;0.0;0.0;0.0
development,2348,all_pairs,3.87,4.063172347391034,0.0;0.0;0.0;0.0;0.0
development,2351,all_pairs,3.59,4.405791828066769,0.0;0.0;0.0;0.0;0.0
development,2353,all_pairs,4.66,4.073224349139799,0.0;0.0;0.0;0.0;0.0
development,2354,all_pairs,4.87,4.235037200062731,0.0;0.0;0.0;0.0;0.0
development,2355,all_pairs,3.92,5.6397528955742935,0.0;0.0;0.0;0.0;0.0
development,2357,all_pairs,5.18,5.40474673556452,0.0;0.0;0.0;0.0;0.0
development,2358,all_pairs,5.58,4.820642399491487,0.0;0.0;0.0;0.0;0.0
development,2360,all_pairs,4.6,5.08609782155459,0.0;0.0;0.0;0.0;0.0
development,2361,all_pairs,4.61,5.000245890817187,0.0;0.0;0.0;0.0;0.0
development,2362,all_pairs,4.18,3.5920078145666965,0.0;0.0;0.0;0.0;0.0
development,2363,all_pairs,3.61,4.300775110004808,0.0;0.0;0.0;0.0;0.0
development,2364,all_pairs,2.86,3.8770008705440255,0.0;0.0;0.0;0.0;0.0
development,2365,all_pairs,4.65,4.65367370790851,0.0;0.0;0.0;0.0;0.0
development,2366,all_pairs,5.23,4.283446433398213,0.0;0.0;0.0;0.0;0.0
development,2369,all_pairs,5.31,4.859645080676633,0.0;0.0;0.0;0.0;0.0
development,2370,all_pairs,5.37,4.71254940491735,0.0;0.0;0.0;0.0;0.0
development,2371,all_pairs,5.84,5.081080084443802,0.0;0.0;0.0;0.0;0.0
development,2372,all_pairs,5.06,4.038617980490636,0.0;0.0;0.0;0.0;0.0
development,2373,all_pairs,5.07,4.644227532865497,0.0;0.0;0.0;0.0;0.0
development,2375,all_pairs,4.47,4.66066115105456,0.0;0.0;0.0;0.0;0.0
development,2377,all_pairs,1.97,5.222437043451855,0.0;0.0;0.0;0.0;0.0
development,2378,all_pairs,5.15,4.946451363779209,0.0;0.0;0.0;0.0;0.0
development,2379,all_pairs,5.0,4.731075132056326,0.0;0.0;0.0;0.0;0.0
development,2380,all_pairs,5.3,4.611113248486167,0.0;0.0;0.0;0.0;0.0
development,2381,all_pairs,3.32,3.9462005346332596,0.0;0.0;0.0;0.0;0.0
development,2382,all_pairs,3.57,3.9586448520934634,0.0;0.0;0.0;0.0;0.0
development,2383,all_pairs,4.86,3.4355680546747136,0.0;0.0;0.0;0.0;0.0
development,2384,all_pairs,2.13,5.05865974436842,0.0;0.0;0.0;0.0;0.0
development,2386,all_pairs,4.1,4.252632194415397,0.0;0.0;0.0;0.0;0.0
development,2388,all_pairs,3.16,3.7264782645826586,0.0;0.0;0.0;0.0;0.0
development,2389,all_pairs,4.85,4.112945031397371,0.0;0.0;0.0;0.0;0.0
development,2390,all_pairs,3.56,3.9227695782482366,0.0;0.0;0.0;0.0;0.0
development,2393,all_pairs,4.41,4.26365342014851,0.0;0.0;0.0;0.0;0.0
development,2394,all_pairs,4.57,4.14422121165062,0.0;0.0;0.0;0.0;0.0
development,2395,all_pairs,4.81,4.510390665487182,0.0;0.0;0.0;0.0;0.0
development,2396,all_pairs,4.65,4.05928900508282,0.0;0.0;0.0;0.0;0.0
development,2397,all_pairs,4.95,4.522544952927665,0.0;0.0;0.0;0.0;0.0
development,2398,all_pairs,4.7,3.930032662107937,0.0;0.0;0.0;0.0;0.0
development,2399,all_pairs,4.83,4.135023872898226,0.0;0.0;0.0;0.0;0.0
development,2400,all_pairs,5.76,5.034757294368303,0.0;0.0;0.0;0.0;0.0
development,2401,all_pairs,4.66,3.735388078772496,0.0;0.0;0.0;0.0;0.0
development,2402,all_pairs,4.77,3.989546384393922,0.0;0.0;0.0;0.0;0.0
development,2403,all_pairs,5.07,4.4657097453129335,0.0;0.0;0.0;0.0;0.0
development,2404,all_pairs,5.19,4.270526202976612,0.0;0.0;0.0;0.0;0.0
development,2406,all_pairs,4.8,3.9707728666376303,0.0;0.0;0.0;0.0;0.0
development,2407,all_pairs,4.42,3.9856943359676613,0.0;0.0;0.0;0.0;0.0
development,2408,all_pairs,3.33,3.247437981634238,0.0;0.0;0.0;0.0;0.0
development,2409,all_pairs,4.41,3.746886909244817,0.0;0.0;0.0;0.0;0.0
development,2410,all_pairs,2.9,3.0364931676220657,0.0;0.0;0.0;0.0;0.0
development,2411,all_pairs,5.07,4.076322762598444,0.0;0.0;0.0;0.0;0.0
development,2412,all_pairs,4.83,4.488431059234229,0.0;0.0;0.0;0.0;0.0
development,2413,all_pairs,2.57,3.4446982544525477,0.0;0.0;0.0;0.0;0.0
development,2416,all_pairs,2.33,4.086820238790499,0.0;0.0;0.0;0.0;0.0
development,2417,all_pairs,2.6,3.8785128835985416,0.0;0.0;0.0;0.0;0.0
development,2418,all_pairs,5.29,4.465566475524318,0.0;0.0;0.0;0.0;0.0
development,2419,all_pairs,5.08,4.584211646557316,0.0;0.0;0.0;0.0;0.0
development,2420,all_pairs,4.81,4.627732817527362,0.0;0.0;0.0;0.0;0.0
development,2422,all_pairs,3.16,3.9680558213704775,0.0;0.0;0.0;0.0;0.0
development,2423,all_pairs,1.96,3.974683332797283,0.0;0.0;0.0;0.0;0.0
development,2424,all_pairs,4.13,3.9610190453477006,0.0;0.0;0.0;0.0;0.0
development,2426,all_pairs,4.06,5.035163746144021,0.0;0.0;0.0;0.0;0.0
development,2427,all_pairs,4.21,4.295711189522907,0.0;0.0;0.0;0.0;0.0
development,2428,all_pairs,4.58,5.33579959875393,0.0;0.0;0.0;0.0;0.0
development,2429,all_pairs,3.42,3.531738005230078,0.0;0.0;0.0;0.0;0.0
development,2430,all_pairs,2.65,3.7761662032712717,0.0;0.0;0.0;0.0;0.0
development,2431,all_pairs,4.42,4.304985135866526,0.0;0.0;0.0;0.0;0.0
development,2432,all_pairs,4.07,4.422360140473627,0.0;0.0;0.0;0.0;0.0
development,2434,all_pairs,5.68,4.22061773738616,0.0;0.0;0.0;0.0;0.0
development,2435,all_pairs,5.44,4.26157631092356,0.0;0.0;0.0;0.0;0.0
development,2436,all_pairs,5.44,4.66035865315403,0.0;0.0;0.0;0.0;0.0
development,2437,all_pairs,3.33,3.8760893733804895,0.0;0.0;0.0;0.0;0.0
development,2438,all_pairs,5.12,3.8735898916126725,0.0;0.0;0.0;0.0;0.0
development,2439,all_pairs,4.35,4.0553111131373285,0.0;0.0;0.0;0.0;0.0
development,2440,all_pairs,4.65,3.8211008514322033,0.0;0.0;0.0;0.0;0.0
development,2441,all_pairs,5.01,4.821134510467186,0.0;0.0;0.0;0.0;0.0
development,2442,all_pairs,4.65,4.144737444585597,0.0;0.0;0.0;0.0;0.0
development,2443,all_pairs,4.71,4.142266273169809,0.0;0.0;0.0;0.0;0.0
development,2445,all_pairs,4.8,4.790546915763586,0.0;0.0;0.0;0.0;0.0
development,2447,all_pairs,4.93,4.17375284781918,0.0;0.0;0.0;0.0;0.0
development,2448,all_pairs,5.12,4.361169249379357,0.0;0.0;0.0;0.0;0.0
development,2449,all_pairs,5.91,4.44934013341504,0.0;0.0;0.0;0.0;0.0
development,2450,all_pairs,5.31,4.814764799179327,0.0;0.0;0.0;0.0;0.0
development,2452,all_pairs,4.19,4.808492107482618,0.0;0.0;0.0;0.0;0.0
development,2453,all_pairs,4.72,4.304505010191023,0.0;0.0;0.0;0.0;0.0
development,2454,all_pairs,5.37,4.428763890689076,0.0;0.0;0.0;0.0;0.0
development,2455,all_pairs,5.01,4.553755819019214,0.0;0.0;0.0;0.0;0.0
development,2456,all_pairs,1.85,3.9889532454008485,0.0;0.0;0.0;0.0;0.0
development,2457,all_pairs,4.89,4.988539607345921,0.0;0.0;0.0;0.0;0.0
development,2458,all_pairs,4.69,4.017853188033372,0.0;0.0;0.0;0.0;0.0
development,2460,all_pairs,2.32,3.3597610919182763,0.0;0.0;0.0;0.0;0.0
development,2461,all_pairs,5.27,4.859530581350071,0.0;0.0;0.0;0.0;0.0
development,2462,all_pairs,4.6,4.796703715532237,0.0;0.0;0.0;0.0;0.0
development,2463,all_pairs,2.36,3.5742495498761246,0.0;0.0;0.0;0.0;0.0
development,2464,all_pairs,4.48,4.030289663737457,0.0;0.0;0.0;0.0;0.0
development,2465,all_pairs,4.78,4.2125234816787795,0.0;0.0;0.0;0.0;0.0
development,2466,all_pairs,5.59,4.786867444550076,0.0;0.0;0.0;0.0;0.0
development,2468,all_pairs,1.94,5.1725165567960385,0.0;0.0;0.0;0.0;0.0
development,2469,all_pairs,2.9,3.2289906859566377,0.0;0.0;0.0;0.0;0.0
development,2471,all_pairs,5.82,4.6829717768034,0.0;0.0;0.0;0.0;0.0
development,2472,all_pairs,5.54,4.386191802776137,0.0;0.0;0.0;0.0;0.0
development,2473,all_pairs,1.89,3.8680087053138545,0.0;0.0;0.0;0.0;0.0
development,2474,all_pairs,4.88,4.074208639007405,0.0;0.0;0.0;0.0;0.0
development,2475,all_pairs,5.07,4.46458748900255,0.0;0.0;0.0;0.0;0.0
development,2477,all_pairs,3.58,3.9729105956141986,0.0;0.0;0.0;0.0;0.0
development,2478,all_pairs,4.2,4.676480414556909,0.0;0.0;0.0;0.0;0.0
development,2479,all_pairs,4.81,4.360291285459916,0.0;0.0;0.0;0.0;0.0
development,2480,all_pairs,1.87,3.9132944287241087,0.0;0.0;0.0;0.0;0.0
development,2482,all_pairs,6.195,4.667965298897613,0.0;0.0;0.0;0.0;0.0
development,2485,all_pairs,2.82,3.2964052058245437,0.0;0.0;0.0;0.0;0.0
development,2486,all_pairs,5.32,4.982399997197146,0.0;0.0;0.0;0.0;0.0
development,2487,all_pairs,4.88,4.426021950911296,0.0;0.0;0.0;0.0;0.0
development,2488,all_pairs,3.98,4.364952550882956,0.0;0.0;0.0;0.0;0.0
development,2489,all_pairs,5.69,4.1950389067461,0.0;0.0;0.0;0.0;0.0
development,2490,all_pairs,5.2,4.1628794059203695,0.0;0.0;0.0;0.0;0.0
development,2492,all_pairs,5.08,4.362562766883144,0.0;0.0;0.0;0.0;0.0
development,2493,all_pairs,4.2,4.242544420254144,0.0;0.0;0.0;0.0;0.0
development,2494,all_pairs,6.0,4.0583129918721665,0.0;0.0;0.0;0.0;0.0
development,2495,all_pairs,4.21,4.5580112453018025,0.0;0.0;0.0;0.0;0.0
development,2497,all_pairs,2.82,4.311004159005268,0.0;0.0;0.0;0.0;0.0
development,2498,all_pairs,1.99,2.9532336240746746,0.0;0.0;0.0;0.0;0.0
development,2499,all_pairs,4.94,4.080909950233186,0.0;0.0;0.0;0.0;0.0
development,2500,all_pairs,5.19,4.437976993648281,0.0;0.0;0.0;0.0;0.0
development,2501,all_pairs,5.28,4.37370365132527,0.0;0.0;0.0;0.0;0.0
development,2502,all_pairs,4.35,4.124498361277662,0.0;0.0;0.0;0.0;0.0
development,2506,all_pairs,4.81,4.108551128721776,0.0;0.0;0.0;0.0;0.0
development,2508,all_pairs,3.17,3.819103983733206,0.0;0.0;0.0;0.0;0.0
development,2509,all_pairs,5.04,4.311180042231708,0.0;0.0;0.0;0.0;0.0
development,2510,all_pairs,2.69,4.069353649601306,0.0;0.0;0.0;0.0;0.0
development,2511,all_pairs,4.75,4.404225627625569,0.0;0.0;0.0;0.0;0.0
development,2514,all_pairs,2.05,3.529365968045738,0.0;0.0;0.0;0.0;0.0
development,2515,all_pairs,5.02,4.887542840463003,0.0;0.0;0.0;0.0;0.0
development,2516,all_pairs,2.77,4.343914257749148,0.0;0.0;0.0;0.0;0.0
development,2517,all_pairs,5.38,4.8350620518874505,0.0;0.0;0.0;0.0;0.0
development,2518,all_pairs,4.7,4.410440179861138,0.0;0.0;0.0;0.0;0.0
development,2519,all_pairs,4.7,4.22515087338926,0.0;0.0;0.0;0.0;0.0
development,2520,all_pairs,5.23,4.599462790896944,0.0;0.0;0.0;0.0;0.0
development,2521,all_pairs,4.46,4.027719507647537,0.0;0.0;0.0;0.0;0.0
development,2522,all_pairs,4.92,4.125966567914345,0.0;0.0;0.0;0.0;0.0
development,2523,all_pairs,3.91,4.179210703306521,0.0;0.0;0.0;0.0;0.0
development,2524,all_pairs,3.6,4.218067905843591,0.0;0.0;0.0;0.0;0.0
development,2525,all_pairs,4.28,3.900604118368229,0.0;0.0;0.0;0.0;0.0
development,2528,all_pairs,4.83,4.663309850906677,0.0;0.0;0.0;0.0;0.0
development,2529,all_pairs,4.55,4.771202633141542,0.0;0.0;0.0;0.0;0.0
development,2530,all_pairs,5.05,4.376906974054245,0.0;0.0;0.0;0.0;0.0
development,2532,all_pairs,3.03,4.615638748789789,0.0;0.0;0.0;0.0;0.0
development,2533,all_pairs,4.38,4.1890810618827565,0.0;0.0;0.0;0.0;0.0
development,2534,all_pairs,4.87,3.899872922881359,0.0;0.0;0.0;0.0;0.0
development,2535,all_pairs,4.45,3.915611233439705,0.0;0.0;0.0;0.0;0.0
development,2536,all_pairs,3.6,4.2051625139512225,0.0;0.0;0.0;0.0;0.0
development,2537,all_pairs,4.4,4.696149645038611,0.0;0.0;0.0;0.0;0.0
development,2538,all_pairs,3.25,4.7000181131700405,0.0;0.0;0.0;0.0;0.0
development,2539,all_pairs,5.47,4.12985855977573,0.0;0.0;0.0;0.0;0.0
development,2541,all_pairs,4.43,4.17682605714238,0.0;0.0;0.0;0.0;0.0
development,2542,all_pairs,4.48,5.426978844045147,0.0;0.0;0.0;0.0;0.0
development,2543,all_pairs,3.14,3.489375702981441,0.0;0.0;0.0;0.0;0.0
development,2544,all_pairs,2.03,4.781405472970933,0.0;0.0;0.0;0.0;0.0
development,2545,all_pairs,2.26,3.3793658087501335,0.0;0.0;0.0;0.0;0.0
development,2548,all_pairs,2.18,3.8241309961867866,0.0;0.0;0.0;0.0;0.0
development,2550,all_pairs,4.94,4.18883574762589,0.0;0.0;0.0;0.0;0.0
development,2551,all_pairs,5.71,4.536621843941711,0.0;0.0;0.0;0.0;0.0
development,2552,all_pairs,4.82,4.593424284573706,0.0;0.0;0.0;0.0;0.0
development,2554,all_pairs,3.34,3.6797761832440132,0.0;0.0;0.0;0.0;0.0
development,2556,all_pairs,4.8,4.223459059126417,0.0;0.0;0.0;0.0;0.0
development,2558,all_pairs,1.74,3.8837503346644295,0.0;0.0;0.0;0.0;0.0
development,2559,all_pairs,4.81,4.474923101988763,0.0;0.0;0.0;0.0;0.0
development,2560,all_pairs,4.97,4.798649115777299,0.0;0.0;0.0;0.0;0.0
development,2562,all_pairs,4.83,4.08178324126673,0.0;0.0;0.0;0.0;0.0
development,2563,all_pairs,4.2,4.899144437661082,0.0;0.0;0.0;0.0;0.0
development,2564,all_pairs,2.68,3.3532821004612297,0.0;0.0;0.0;0.0;0.0
development,2565,all_pairs,5.66,4.6984177649827155,0.0;0.0;0.0;0.0;0.0
development,2566,all_pairs,5.81,5.04076004035434,0.0;0.0;0.0;0.0;0.0
development,2568,all_pairs,4.93,4.0694941974546115,0.0;0.0;0.0;0.0;0.0
development,2569,all_pairs,4.43,4.512992409094043,0.0;0.0;0.0;0.0;0.0
development,2570,all_pairs,2.57,3.3320286128452716,0.0;0.0;0.0;0.0;0.0
development,2572,all_pairs,5.53,4.118464734329122,0.0;0.0;0.0;0.0;0.0
development,2573,all_pairs,3.88,3.950713234418016,0.0;0.0;0.0;0.0;0.0
development,2574,all_pairs,4.23,3.7970050733000247,0.0;0.0;0.0;0.0;0.0
development,2575,all_pairs,4.1,4.68041054133947,0.0;0.0;0.0;0.0;0.0
development,2577,all_pairs,5.29,4.198049882151726,0.0;0.0;0.0;0.0;0.0
development,2578,all_pairs,4.78,4.351626550017721,0.0;0.0;0.0;0.0;0.0
development,2579,all_pairs,4.44,4.614074136685394,0.0;0.0;0.0;0.0;0.0
development,2580,all_pairs,4.79,4.816453271759865,0.0;0.0;0.0;0.0;0.0
development,2582,all_pairs,5.52,4.689660055155867,0.0;0.0;0.0;0.0;0.0
development,2583,all_pairs,2.11,4.6479415909807305,0.0;0.0;0.0;0.0;0.0
development,2586,all_pairs,4.96,4.758840008985952,0.0;0.0;0.0;0.0;0.0
development,2587,all_pairs,5.2,4.966959949007272,0.0;0.0;0.0;0.0;0.0
development,2588,all_pairs,4.87,4.79766895787135,0.0;0.0;0.0;0.0;0.0
development,2589,all_pairs,4.63,4.3083870885283115,0.0;0.0;0.0;0.0;0.0
development,2590,all_pairs,4.19,3.763583434062111,0.0;0.0;0.0;0.0;0.0
development,2591,all_pairs,1.95,3.3665026429356213,0.0;0.0;0.0;0.0;0.0
development,2593,all_pairs,5.08,5.0923261381479925,0.0;0.0;0.0;0.0;0.0
development,2594,all_pairs,5.64,4.2399403861386,0.0;0.0;0.0;0.0;0.0
development,2595,all_pairs,2.73,3.669769162379831,0.0;0.0;0.0;0.0;0.0
development,2596,all_pairs,4.89,4.611535078678552,0.0;0.0;0.0;0.0;0.0
development,2599,all_pairs,4.95,4.792694709223985,0.0;0.0;0.0;0.0;0.0
development,2600,all_pairs,4.78,4.194228761941571,0.0;0.0;0.0;0.0;0.0
development,2601,all_pairs,2.02,4.17688309495433,0.0;0.0;0.0;0.0;0.0
development,2602,all_pairs,5.43,4.885397463436604,0.0;0.0;0.0;0.0;0.0
development,2604,all_pairs,5.16,4.559682451759568,0.0;0.0;0.0;0.0;0.0
development,2605,all_pairs,4.35,4.400530818930561,0.0;0.0;0.0;0.0;0.0
development,2606,all_pairs,3.37,3.9923356847710068,0.0;0.0;0.0;0.0;0.0
development,2607,all_pairs,4.46,4.1643720570028675,0.0;0.0;0.0;0.0;0.0
development,2609,all_pairs,2.17,4.574709467999049,0.0;0.0;0.0;0.0;0.0
development,2610,all_pairs,4.25,4.8699419300696345,0.0;0.0;0.0;0.0;0.0
development,2611,all_pairs,3.26,3.779048104585085,0.0;0.0;0.0;0.0;0.0
development,2612,all_pairs,6.23,4.810635753272033,0.0;0.0;0.0;0.0;0.0
development,2613,all_pairs,2.19,4.37838569718781,0.0;0.0;0.0;0.0;0.0
development,2614,all_pairs,4.53,4.108483373219108,0.0;0.0;0.0;0.0;0.0
development,2616,all_pairs,2.03,4.282673706291532,0.0;0.0;0.0;0.0;0.0
development,2617,all_pairs,1.62,3.962091881848536,0.0;0.0;0.0;0.0;0.0
development,2620,all_pairs,5.39,4.836279477136412,0.0;0.0;0.0;0.0;0.0
development,2622,all_pairs,5.02,4.958658880387053,0.0;0.0;0.0;0.0;0.0
development,2623,all_pairs,4.17,3.9717441082465506,0.0;0.0;0.0;0.0;0.0
development,2625,all_pairs,5.25,4.242479547561395,0.0;0.0;0.0;0.0;0.0
development,2626,all_pairs,2.36,3.9358893028493362,0.0;0.0;0.0;0.0;0.0
development,2628,all_pairs,1.88,4.520177105993849,0.0;0.0;0.0;0.0;0.0
development,2629,all_pairs,4.06,4.082665024338574,0.0;0.0;0.0;0.0;0.0
development,2630,all_pairs,2.61,4.075339164651337,0.0;0.0;0.0;0.0;0.0
development,2631,all_pairs,5.2,4.383497799660885,0.0;0.0;0.0;0.0;0.0
development,2632,all_pairs,4.77,4.147612870791069,0.0;0.0;0.0;0.0;0.0
development,2634,all_pairs,2.48,3.300358637797875,0.0;0.0;0.0;0.0;0.0
development,2636,all_pairs,5.56,4.516660410589773,0.0;0.0;0.0;0.0;0.0
development,2637,all_pairs,4.78,5.106414839314432,0.0;0.0;0.0;0.0;0.0
development,2639,all_pairs,4.220000000000001,4.02602967162328,0.0;0.0;0.0;0.0;0.0
development,2640,all_pairs,1.9,4.3783490178186435,0.0;0.0;0.0;0.0;0.0
development,2641,all_pairs,5.44,4.956551616871691,0.0;0.0;0.0;0.0;0.0
development,2643,all_pairs,3.75,4.275562305433808,0.0;0.0;0.0;0.0;0.0
development,2644,all_pairs,4.65,4.647554645515671,0.0;0.0;0.0;0.0;0.0
development,2645,all_pairs,2.2,3.7100853801548235,0.0;0.0;0.0;0.0;0.0
development,2646,all_pairs,4.98,3.813144572166208,0.0;0.0;0.0;0.0;0.0
development,2647,all_pairs,1.66,4.3117663699568425,0.0;0.0;0.0;0.0;0.0
development,2650,all_pairs,4.45,4.340434234378053,0.0;0.0;0.0;0.0;0.0
development,2651,all_pairs,2.71,3.6397399450303154,0.0;0.0;0.0;0.0;0.0
development,2652,all_pairs,5.32,4.347832039514297,0.0;0.0;0.0;0.0;0.0
development,2653,all_pairs,5.11,5.129075869892564,0.0;0.0;0.0;0.0;0.0
development,2654,all_pairs,5.98,4.4718537921075034,0.0;0.0;0.0;0.0;0.0
development,2656,all_pairs,5.38,4.053672629341009,0.0;0.0;0.0;0.0;0.0
development,2657,all_pairs,5.21,4.012130980283601,0.0;0.0;0.0;0.0;0.0
development,2658,all_pairs,5.43,4.565423992931972,0.0;0.0;0.0;0.0;0.0
development,2659,all_pairs,4.26,4.395185490589852,0.0;0.0;0.0;0.0;0.0
development,2660,all_pairs,4.68,4.344028262254848,0.0;0.0;0.0;0.0;0.0
development,2662,all_pairs,5.52,4.873592765212434,0.0;0.0;0.0;0.0;0.0
development,2663,all_pairs,2.89,3.8829205293408253,0.0;0.0;0.0;0.0;0.0
development,2664,all_pairs,5.22,4.381854537210507,0.0;0.0;0.0;0.0;0.0
development,2666,all_pairs,5.49,4.827383040862142,0.0;0.0;0.0;0.0;0.0
development,2667,all_pairs,5.0,3.9751129994345127,0.0;0.0;0.0;0.0;0.0
development,2668,all_pairs,1.91,4.436782998344472,0.0;0.0;0.0;0.0;0.0
development,2669,all_pairs,4.11,4.089920633953744,0.0;0.0;0.0;0.0;0.0
development,2670,all_pairs,5.28,4.321242795523781,0.0;0.0;0.0;0.0;0.0
development,2671,all_pairs,5.23,4.7598406917387655,0.0;0.0;0.0;0.0;0.0
development,2672,all_pairs,3.92,4.630204160558192,0.0;0.0;0.0;0.0;0.0
development,2674,all_pairs,3.05,4.029521083142971,0.0;0.0;0.0;0.0;0.0
development,2675,all_pairs,5.15,4.342228317032006,0.0;0.0;0.0;0.0;0.0
development,2677,all_pairs,3.25,3.7965587652764694,0.0;0.0;0.0;0.0;0.0
development,2679,all_pairs,5.07,4.5207190624130895,0.0;0.0;0.0;0.0;0.0
development,2680,all_pairs,3.05,4.354485947548557,0.0;0.0;0.0;0.0;0.0
development,2681,all_pairs,3.14,3.5182944945904464,0.0;0.0;0.0;0.0;0.0
development,2682,all_pairs,4.87,4.294986518980378,0.0;0.0;0.0;0.0;0.0
development,2684,all_pairs,4.67,4.3965447328426475,0.0;0.0;0.0;0.0;0.0
development,2685,all_pairs,5.04,5.048043158741018,0.0;0.0;0.0;0.0;0.0
development,2686,all_pairs,5.15,4.539393708415478,0.0;0.0;0.0;0.0;0.0
development,2687,all_pairs,4.11,4.942048032741031,0.0;0.0;0.0;0.0;0.0
development,2688,all_pairs,5.98,5.088111317197891,0.0;0.0;0.0;0.0;0.0
development,2689,all_pairs,6.15,5.1578678762372965,0.0;0.0;0.0;0.0;0.0
development,2690,all_pairs,3.85,3.9442524799202308,0.0;0.0;0.0;0.0;0.0
development,2691,all_pairs,4.65,3.9893351881492225,0.0;0.0;0.0;0.0;0.0
development,2692,all_pairs,1.95,3.3549746358725985,0.0;0.0;0.0;0.0;0.0
development,2695,all_pairs,5.41,4.4063248258782,0.0;0.0;0.0;0.0;0.0
development,2697,all_pairs,4.99,4.2272352260423505,0.0;0.0;0.0;0.0;0.0
development,2698,all_pairs,4.64,3.8208271441208708,0.0;0.0;0.0;0.0;0.0
development,2700,all_pairs,4.49,4.05195763873908,0.0;0.0;0.0;0.0;0.0
development,2701,all_pairs,3.03,4.270869745522594,0.0;0.0;0.0;0.0;0.0
development,2702,all_pairs,4.72,4.053423577351535,0.0;0.0;0.0;0.0;0.0
development,2704,all_pairs,5.34,4.172846565435645,0.0;0.0;0.0;0.0;0.0
development,2706,all_pairs,4.98,4.976323307827086,0.0;0.0;0.0;0.0;0.0
development,2708,all_pairs,5.88,4.295104827774718,0.0;0.0;0.0;0.0;0.0
development,2710,all_pairs,4.84,4.090004322108995,0.0;0.0;0.0;0.0;0.0
development,2711,all_pairs,5.4,4.568839520569358,0.0;0.0;0.0;0.0;0.0
development,2712,all_pairs,5.24,4.240593563314658,0.0;0.0;0.0;0.0;0.0
development,2714,all_pairs,4.24,4.132840579545568,0.0;0.0;0.0;0.0;0.0
development,2715,all_pairs,4.75,4.958505930876479,0.0;0.0;0.0;0.0;0.0
development,2717,all_pairs,2.81,3.957982191100779,0.0;0.0;0.0;0.0;0.0
development,2718,all_pairs,3.77,3.850201062719613,0.0;0.0;0.0;0.0;0.0
development,2719,all_pairs,2.42,4.205476191151408,0.0;0.0;0.0;0.0;0.0
development,2720,all_pairs,1.97,3.5234088642634935,0.0;0.0;0.0;0.0;0.0
development,2721,all_pairs,4.74,4.053563646929198,0.0;0.0;0.0;0.0;0.0
development,2722,all_pairs,4.95,4.504410144434532,0.0;0.0;0.0;0.0;0.0
development,2723,all_pairs,4.27,4.730315845019235,0.0;0.0;0.0;0.0;0.0
development,2725,all_pairs,5.04,4.1799591330790244,0.0;0.0;0.0;0.0;0.0
development,2726,all_pairs,4.73,4.185503280567729,0.0;0.0;0.0;0.0;0.0
development,2727,all_pairs,5.6,5.25169588763598,0.0;0.0;0.0;0.0;0.0
development,2728,all_pairs,4.44,3.4883254307437497,0.0;0.0;0.0;0.0;0.0
development,2729,all_pairs,3.63,3.641670991903206,0.0;0.0;0.0;0.0;0.0
development,2730,all_pairs,5.04,4.254902507623994,0.0;0.0;0.0;0.0;0.0
development,2731,all_pairs,3.8,4.182536160906233,0.0;0.0;0.0;0.0;0.0
development,2732,all_pairs,4.93,5.068190944408227,0.0;0.0;0.0;0.0;0.0
development,2734,all_pairs,2.86,4.574619376369924,0.0;0.0;0.0;0.0;0.0
development,2736,all_pairs,5.79,4.436258349270888,0.0;0.0;0.0;0.0;0.0
development,2737,all_pairs,4.76,4.465859935219721,0.0;0.0;0.0;0.0;0.0
development,2739,all_pairs,4.85,4.46025664063972,0.0;0.0;0.0;0.0;0.0
development,2740,all_pairs,4.68,4.285355688018405,0.0;0.0;0.0;0.0;0.0
development,2741,all_pairs,5.77,5.556235868243315,0.0;0.0;0.0;0.0;0.0
development,2743,all_pairs,3.62,4.020555178784141,0.0;0.0;0.0;0.0;0.0
development,2745,all_pairs,4.96,4.299287718748724,0.0;0.0;0.0;0.0;0.0
development,2746,all_pairs,5.1,4.015534704745367,0.0;0.0;0.0;0.0;0.0
development,2747,all_pairs,4.28,4.520909242844986,0.0;0.0;0.0;0.0;0.0
development,2748,all_pairs,4.41,4.03291256454857,0.0;0.0;0.0;0.0;0.0
development,2750,all_pairs,4.88,4.063658078134043,0.0;0.0;0.0;0.0;0.0
development,2752,all_pairs,4.95,4.472563117045311,0.0;0.0;0.0;0.0;0.0
development,2753,all_pairs,5.27,4.360053608342127,0.0;0.0;0.0;0.0;0.0
development,2754,all_pairs,5.12,4.578487709058036,0.0;0.0;0.0;0.0;0.0
development,2755,all_pairs,3.28,3.6428735322631667,0.0;0.0;0.0;0.0;0.0
development,2757,all_pairs,2.1,4.756336052608616,0.0;0.0;0.0;0.0;0.0
development,2758,all_pairs,2.74,4.2489550277324355,0.0;0.0;0.0;0.0;0.0
development,2759,all_pairs,4.57,4.415191529516634,0.0;0.0;0.0;0.0;0.0
development,2762,all_pairs,4.22,4.532247000562023,0.0;0.0;0.0;0.0;0.0
development,2763,all_pairs,3.92,4.444710852524234,0.0;0.0;0.0;0.0;0.0
development,2764,all_pairs,2.75,3.7518879481035006,0.0;0.0;0.0;0.0;0.0
development,2765,all_pairs,4.71,4.246873463381471,0.0;0.0;0.0;0.0;0.0
development,2766,all_pairs,5.22,4.63735628769844,0.0;0.0;0.0;0.0;0.0
development,2767,all_pairs,4.21,3.807322238452856,0.0;0.0;0.0;0.0;0.0
development,2768,all_pairs,5.4,4.666641649756147,0.0;0.0;0.0;0.0;0.0
development,2769,all_pairs,4.44,3.4559666458174685,0.0;0.0;0.0;0.0;0.0
development,2770,all_pairs,5.800000000000001,4.7144478654689355,0.0;0.0;0.0;0.0;0.0
development,2772,all_pairs,2.9,4.323121134014942,0.0;0.0;0.0;0.0;0.0
development,2773,all_pairs,5.02,4.677886708669638,0.0;0.0;0.0;0.0;0.0
development,2774,all_pairs,4.705,4.532715594781614,0.0;0.0;0.0;0.0;0.0
development,2775,all_pairs,3.1,3.2479029216417783,0.0;0.0;0.0;0.0;0.0
development,2776,all_pairs,3.03,3.842046415546873,0.0;0.0;0.0;0.0;0.0
development,2777,all_pairs,4.45,3.7459975029964983,0.0;0.0;0.0;0.0;0.0
development,2778,all_pairs,5.78,4.205139860638419,0.0;0.0;0.0;0.0;0.0
development,2779,all_pairs,4.87,3.9757489481055535,0.0;0.0;0.0;0.0;0.0
development,2780,all_pairs,5.25,4.535475427589793,0.0;0.0;0.0;0.0;0.0
development,2781,all_pairs,5.0,4.63626480934357,0.0;0.0;0.0;0.0;0.0
development,2782,all_pairs,5.6,4.382750230441183,0.0;0.0;0.0;0.0;0.0
development,2783,all_pairs,3.24,3.6622001105683077,0.0;0.0;0.0;0.0;0.0
development,2785,all_pairs,3.27,4.254670050280323,0.0;0.0;0.0;0.0;0.0
development,2787,all_pairs,2.42,3.988449312553094,0.0;0.0;0.0;0.0;0.0
development,2788,all_pairs,4.59,4.354031903664254,0.0;0.0;0.0;0.0;0.0
development,2789,all_pairs,1.77,3.1750944626818676,0.0;0.0;0.0;0.0;0.0
development,2790,all_pairs,4.22,4.17349102964549,0.0;0.0;0.0;0.0;0.0
development,2792,all_pairs,2.51,5.202844546700417,0.0;0.0;0.0;0.0;0.0
development,2797,all_pairs,1.68,3.722739116848609,0.0;0.0;0.0;0.0;0.0
development,2798,all_pairs,5.03,4.473229857615783,0.0;0.0;0.0;0.0;0.0
development,2799,all_pairs,2.15,4.220974193721671,0.0;0.0;0.0;0.0;0.0
development,2800,all_pairs,3.52,4.5772564587490985,0.0;0.0;0.0;0.0;0.0
development,2801,all_pairs,2.71,3.2928721666408314,0.0;0.0;0.0;0.0;0.0
development,2802,all_pairs,4.86,4.3990605832228145,0.0;0.0;0.0;0.0;0.0
development,2803,all_pairs,1.88,4.169878802189489,0.0;0.0;0.0;0.0;0.0
development,2804,all_pairs,5.77,5.263563285943059,0.0;0.0;0.0;0.0;0.0
development,2805,all_pairs,3.34,3.7766564531826083,0.0;0.0;0.0;0.0;0.0
development,2806,all_pairs,4.42,5.030022478955157,0.0;0.0;0.0;0.0;0.0
development,2808,all_pairs,4.55,4.1296110536893424,0.0;0.0;0.0;0.0;0.0
development,2809,all_pairs,4.6,4.526807219641877,0.0;0.0;0.0;0.0;0.0
development,2810,all_pairs,4.96,4.384530880294943,0.0;0.0;0.0;0.0;0.0
development,2811,all_pairs,4.56,4.523228779700078,0.0;0.0;0.0;0.0;0.0
development,2812,all_pairs,5.44,4.323003251678712,0.0;0.0;0.0;0.0;0.0
development,2813,all_pairs,5.3,4.148190325736599,0.0;0.0;0.0;0.0;0.0
development,2814,all_pairs,4.98,3.9679671191947583,0.0;0.0;0.0;0.0;0.0
development,2816,all_pairs,3.49,3.694884842325692,0.0;0.0;0.0;0.0;0.0
development,2817,all_pairs,5.01,4.71395487560031,0.0;0.0;0.0;0.0;0.0
development,2819,all_pairs,3.26,5.0511612099652545,0.0;0.0;0.0;0.0;0.0
development,2820,all_pairs,5.6,4.235972951167487,0.0;0.0;0.0;0.0;0.0
development,2821,all_pairs,5.33,4.228237442617308,0.0;0.0;0.0;0.0;0.0
development,2822,all_pairs,5.08,4.074032569611676,0.0;0.0;0.0;0.0;0.0
development,2823,all_pairs,4.79,3.7712761019670746,0.0;0.0;0.0;0.0;0.0
development,2824,all_pairs,3.02,3.6103566523032855,0.0;0.0;0.0;0.0;0.0
development,2826,all_pairs,1.84,4.6297929497099135,0.0;0.0;0.0;0.0;0.0
development,2827,all_pairs,4.38,4.163500220398324,0.0;0.0;0.0;0.0;0.0
development,2828,all_pairs,4.87,4.259414505671604,0.0;0.0;0.0;0.0;0.0
development,2829,all_pairs,5.33,4.862771412849323,0.0;0.0;0.0;0.0;0.0
development,2830,all_pairs,1.91,4.093176834993045,0.0;0.0;0.0;0.0;0.0
development,2831,all_pairs,4.38,3.9066338903856073,0.0;0.0;0.0;0.0;0.0
development,2832,all_pairs,3.92,4.28858877563434,0.0;0.0;0.0;0.0;0.0
development,2833,all_pairs,4.85,3.942180438961824,0.0;0.0;0.0;0.0;0.0
development,2834,all_pairs,4.84,4.430128397552759,0.0;0.0;0.0;0.0;0.0
development,2835,all_pairs,4.87,4.641453072348927,0.0;0.0;0.0;0.0;0.0
development,2836,all_pairs,5.85,4.214908643391825,0.0;0.0;0.0;0.0;0.0
development,2837,all_pairs,4.99,4.245192870713446,0.0;0.0;0.0;0.0;0.0
development,2838,all_pairs,2.55,4.392178516283552,0.0;0.0;0.0;0.0;0.0
development,2839,all_pairs,5.24,4.459956457511138,0.0;0.0;0.0;0.0;0.0
development,2840,all_pairs,5.51,5.050280633124285,0.0;0.0;0.0;0.0;0.0
development,2842,all_pairs,2.64,3.6256168306496805,0.0;0.0;0.0;0.0;0.0
development,2843,all_pairs,4.65,4.284447196865918,0.0;0.0;0.0;0.0;0.0
development,2844,all_pairs,5.22,3.8824191996960504,0.0;0.0;0.0;0.0;0.0
development,2845,all_pairs,4.82,3.8378544930606644,0.0;0.0;0.0;0.0;0.0
development,2846,all_pairs,2.83,4.120127215184714,0.0;0.0;0.0;0.0;0.0
development,2847,all_pairs,4.75,4.637611076817779,0.0;0.0;0.0;0.0;0.0
development,2848,all_pairs,2.43,4.2314354369481375,0.0;0.0;0.0;0.0;0.0
development,2849,all_pairs,5.61,4.2932473567422615,0.0;0.0;0.0;0.0;0.0
development,2851,all_pairs,4.77,4.066632755788611,0.0;0.0;0.0;0.0;0.0
development,2852,all_pairs,4.61,3.866747731856306,0.0;0.0;0.0;0.0;0.0
development,2854,all_pairs,4.72,5.006315056284723,0.0;0.0;0.0;0.0;0.0
development,2855,all_pairs,1.75,5.605972216240742,0.0;0.0;0.0;0.0;0.0
development,2858,all_pairs,3.26,4.0978095326340735,0.0;0.0;0.0;0.0;0.0
development,2860,all_pairs,3.52,3.892736052537063,0.0;0.0;0.0;0.0;0.0
development,2861,all_pairs,4.48,5.7662986602999196,0.0;0.0;0.0;0.0;0.0
development,2862,all_pairs,3.69,4.739627566760179,0.0;0.0;0.0;0.0;0.0
development,2863,all_pairs,5.44,4.240788055589407,0.0;0.0;0.0;0.0;0.0
development,2864,all_pairs,3.46,3.5378410504423052,0.0;0.0;0.0;0.0;0.0
development,2865,all_pairs,4.89,4.420436178721424,0.0;0.0;0.0;0.0;0.0
development,2868,all_pairs,3.69,3.7883612175907277,0.0;0.0;0.0;0.0;0.0
development,2870,all_pairs,3.48,4.379640104219014,0.0;0.0;0.0;0.0;0.0
development,2871,all_pairs,2.23,4.317856943809865,0.0;0.0;0.0;0.0;0.0
development,2872,all_pairs,5.13,4.376336458943858,0.0;0.0;0.0;0.0;0.0
development,2873,all_pairs,4.78,3.980717509423521,0.0;0.0;0.0;0.0;0.0
development,2874,all_pairs,4.63,3.489990584928621,0.0;0.0;0.0;0.0;0.0
development,2875,all_pairs,4.24,4.025202436715387,0.0;0.0;0.0;0.0;0.0
development,2876,all_pairs,1.76,5.022232601940588,0.0;0.0;0.0;0.0;0.0
development,2877,all_pairs,4.63,4.084267033921444,0.0;0.0;0.0;0.0;0.0
development,2878,all_pairs,4.57,4.3606382306600056,0.0;0.0;0.0;0.0;0.0
development,2880,all_pairs,4.85,4.28244859206498,0.0;0.0;0.0;0.0;0.0
development,2881,all_pairs,4.77,4.280024435859579,0.0;0.0;0.0;0.0;0.0
development,2883,all_pairs,5.2,4.4605086927477435,0.0;0.0;0.0;0.0;0.0
development,2884,all_pairs,4.45,4.6171672632533225,0.0;0.0;0.0;0.0;0.0
development,2885,all_pairs,3.5,3.819368802159798,0.0;0.0;0.0;0.0;0.0
development,2886,all_pairs,4.55,4.73011534734228,0.0;0.0;0.0;0.0;0.0
development,2887,all_pairs,2.74,3.8417257394693127,0.0;0.0;0.0;0.0;0.0
development,2888,all_pairs,4.96,4.451647058062037,0.0;0.0;0.0;0.0;0.0
development,2889,all_pairs,5.28,4.249546928672608,0.0;0.0;0.0;0.0;0.0
development,2890,all_pairs,4.91,4.395556537503046,0.0;0.0;0.0;0.0;0.0
development,2892,all_pairs,4.56,4.030905689057085,0.0;0.0;0.0;0.0;0.0
development,2893,all_pairs,5.01,4.7049253062719,0.0;0.0;0.0;0.0;0.0
development,2894,all_pairs,4.56,4.219519864103656,0.0;0.0;0.0;0.0;0.0
development,2895,all_pairs,4.95,5.177313832168277,0.0;0.0;0.0;0.0;0.0
development,2896,all_pairs,5.66,5.001257211320132,0.0;0.0;0.0;0.0;0.0
development,2897,all_pairs,5.18,4.414914167185092,0.0;0.0;0.0;0.0;0.0
development,2898,all_pairs,4.98,4.832023867030428,0.0;0.0;0.0;0.0;0.0
development,2899,all_pairs,3.18,4.966478309268379,0.0;0.0;0.0;0.0;0.0
development,2900,all_pairs,6.255,5.1548469215024255,0.0;0.0;0.0;0.0;0.0
development,2901,all_pairs,5.02,4.067310390658,0.0;0.0;0.0;0.0;0.0
development,2902,all_pairs,4.94,4.125146113647693,0.0;0.0;0.0;0.0;0.0
development,2903,all_pairs,3.82,3.8771782689343848,0.0;0.0;0.0;0.0;0.0
development,2905,all_pairs,5.39,5.044097932857302,0.0;0.0;0.0;0.0;0.0
development,2906,all_pairs,2.88,3.6500302826750204,0.0;0.0;0.0;0.0;0.0
development,2908,all_pairs,3.04,4.098399378159626,0.0;0.0;0.0;0.0;0.0
development,2909,all_pairs,5.14,4.781094357696707,0.0;0.0;0.0;0.0;0.0
development,2910,all_pairs,3.1,4.397227976263467,0.0;0.0;0.0;0.0;0.0
development,2911,all_pairs,2.61,3.267330439983498,0.0;0.0;0.0;0.0;0.0
development,2912,all_pairs,5.24,4.759041309074773,0.0;0.0;0.0;0.0;0.0
development,2913,all_pairs,5.98,4.433287705869516,0.0;0.0;0.0;0.0;0.0
development,2915,all_pairs,5.11,4.5171848291560295,0.0;0.0;0.0;0.0;0.0
development,2917,all_pairs,5.03,4.349102341595619,0.0;0.0;0.0;0.0;0.0
development,2918,all_pairs,1.83,4.7916147164869844,0.0;0.0;0.0;0.0;0.0
development,2919,all_pairs,5.06,5.143161135226904,0.0;0.0;0.0;0.0;0.0
development,2920,all_pairs,4.51,4.277457625159476,0.0;0.0;0.0;0.0;0.0
development,2921,all_pairs,2.06,3.8386835626310187,0.0;0.0;0.0;0.0;0.0
development,2922,all_pairs,2.14,4.642924674284005,0.0;0.0;0.0;0.0;0.0
development,2923,all_pairs,3.52,3.925270211230342,0.0;0.0;0.0;0.0;0.0
development,2925,all_pairs,5.01,4.46816405000426,0.0;0.0;0.0;0.0;0.0
development,2926,all_pairs,4.58,4.389121475716545,0.0;0.0;0.0;0.0;0.0
development,2927,all_pairs,4.83,4.56272453563322,0.0;0.0;0.0;0.0;0.0
development,2928,all_pairs,6.215,5.130083081208883,0.0;0.0;0.0;0.0;0.0
development,2929,all_pairs,2.09,3.8435816340261395,0.0;0.0;0.0;0.0;0.0
development,2930,all_pairs,4.75,3.828097937442939,0.0;0.0;0.0;0.0;0.0
development,2931,all_pairs,2.22,3.7566238948043784,0.0;0.0;0.0;0.0;0.0
development,2932,all_pairs,4.28,4.2671574500192975,0.0;0.0;0.0;0.0;0.0
development,2934,all_pairs,5.3,3.940365190674156,0.0;0.0;0.0;0.0;0.0
development,2935,all_pairs,2.01,3.487625327488914,0.0;0.0;0.0;0.0;0.0
development,2936,all_pairs,4.83,4.407566168159106,0.0;0.0;0.0;0.0;0.0
development,2937,all_pairs,6.105,4.3331675495981505,0.0;0.0;0.0;0.0;0.0
development,2938,all_pairs,3.4,3.9325803606349234,0.0;0.0;0.0;0.0;0.0
development,2939,all_pairs,1.84,3.3189328594309258,0.0;0.0;0.0;0.0;0.0
development,2940,all_pairs,5.42,4.445963873106299,0.0;0.0;0.0;0.0;0.0
development,2941,all_pairs,2.6,4.388765847084338,0.0;0.0;0.0;0.0;0.0
development,2942,all_pairs,4.62,4.591790119331552,0.0;0.0;0.0;0.0;0.0
development,2943,all_pairs,3.38,4.011503598077829,0.0;0.0;0.0;0.0;0.0
development,2944,all_pairs,3.92,3.6837059703068156,0.0;0.0;0.0;0.0;0.0
development,2945,all_pairs,4.93,4.159185808581931,0.0;0.0;0.0;0.0;0.0
development,2946,all_pairs,2.97,3.5976362665467487,0.0;0.0;0.0;0.0;0.0
development,2947,all_pairs,5.27,4.501227055411429,0.0;0.0;0.0;0.0;0.0
development,2948,all_pairs,5.25,4.643377613039608,0.0;0.0;0.0;0.0;0.0
development,2949,all_pairs,4.53,4.483736822667533,0.0;0.0;0.0;0.0;0.0
development,2950,all_pairs,5.1,4.603769836101411,0.0;0.0;0.0;0.0;0.0
development,2951,all_pairs,3.69,4.013374025765455,0.0;0.0;0.0;0.0;0.0
development,2952,all_pairs,4.68,3.6670417673923454,0.0;0.0;0.0;0.0;0.0
development,2953,all_pairs,4.93,4.459886115692189,0.0;0.0;0.0;0.0;0.0
development,2956,all_pairs,4.62,3.8664375218665077,0.0;0.0;0.0;0.0;0.0
development,2958,all_pairs,5.95,4.848996286593227,0.0;0.0;0.0;0.0;0.0
development,2959,all_pairs,5.1,4.327517627349913,0.0;0.0;0.0;0.0;0.0
development,2960,all_pairs,5.33,4.410425614578183,0.0;0.0;0.0;0.0;0.0
development,2961,all_pairs,4.47,4.177381005680402,0.0;0.0;0.0;0.0;0.0
development,2962,all_pairs,5.22,4.105447281562624,0.0;0.0;0.0;0.0;0.0
development,2963,all_pairs,3.42,4.22015055537461,0.0;0.0;0.0;0.0;0.0
development,2965,all_pairs,3.66,3.9167127659320213,0.0;0.0;0.0;0.0;0.0
development,2966,all_pairs,5.3,3.9079804079565017,0.0;0.0;0.0;0.0;0.0
development,2967,all_pairs,5.36,4.517897493185941,0.0;0.0;0.0;0.0;0.0
development,2968,all_pairs,5.16,3.4443061599231144,0.0;0.0;0.0;0.0;0.0
development,2969,all_pairs,4.26,4.196520037810018,0.0;0.0;0.0;0.0;0.0
development,2971,all_pairs,5.81,4.068901451727954,0.0;0.0;0.0;0.0;0.0
development,2973,all_pairs,2.19,3.3050009508681533,0.0;0.0;0.0;0.0;0.0
development,2976,all_pairs,5.6,4.453821046788445,0.0;0.0;0.0;0.0;0.0
development,2977,all_pairs,3.96,3.3685855762709846,0.0;0.0;0.0;0.0;0.0
development,2978,all_pairs,4.06,4.247376213319173,0.0;0.0;0.0;0.0;0.0
development,2980,all_pairs,4.18,3.6683959108181843,0.0;0.0;0.0;0.0;0.0
development,2981,all_pairs,4.13,4.071039715233111,0.0;0.0;0.0;0.0;0.0
development,2982,all_pairs,1.67,3.675753514856755,0.0;0.0;0.0;0.0;0.0
development,2983,all_pairs,3.99,4.221326606992631,0.0;0.0;0.0;0.0;0.0
development,2984,all_pairs,4.46,4.630939610547312,0.0;0.0;0.0;0.0;0.0
development,2985,all_pairs,3.51,4.1604969298439105,0.0;0.0;0.0;0.0;0.0
development,2987,all_pairs,5.37,4.804312661725144,0.0;0.0;0.0;0.0;0.0
development,2988,all_pairs,4.89,3.592996881207715,0.0;0.0;0.0;0.0;0.0
development,2989,all_pairs,2.7,4.155582541828809,0.0;0.0;0.0;0.0;0.0
development,2990,all_pairs,4.8,3.8552892043178293,0.0;0.0;0.0;0.0;0.0
development,2991,all_pairs,5.32,4.286305137390167,0.0;0.0;0.0;0.0;0.0
development,2992,all_pairs,5.01,4.087419029813056,0.0;0.0;0.0;0.0;0.0
development,2993,all_pairs,2.09,3.577434237420679,0.0;0.0;0.0;0.0;0.0
development,2994,all_pairs,4.51,4.561068842817407,0.0;0.0;0.0;0.0;0.0
development,2995,all_pairs,5.35,3.69488245554643,0.0;0.0;0.0;0.0;0.0
development,2996,all_pairs,2.91,3.5736569470893906,0.0;0.0;0.0;0.0;0.0
development,2999,all_pairs,5.57,4.075773072266233,0.0;0.0;0.0;0.0;0.0
development,3000,all_pairs,1.87,4.659789671285432,0.0;0.0;0.0;0.0;0.0
development,3001,all_pairs,5.07,4.37893892483615,0.0;0.0;0.0;0.0;0.0
development,3002,all_pairs,4.68,4.757366848568673,0.0;0.0;0.0;0.0;0.0
development,3003,all_pairs,5.99,4.318806518749171,0.0;0.0;0.0;0.0;0.0
development,3004,all_pairs,4.84,4.387870437890769,0.0;0.0;0.0;0.0;0.0
development,3005,all_pairs,4.79,4.75175471063679,0.0;0.0;0.0;0.0;0.0
development,3006,all_pairs,4.05,4.566252403923913,0.0;0.0;0.0;0.0;0.0
development,3008,all_pairs,3.49,4.236985053651854,0.0;0.0;0.0;0.0;0.0
development,3009,all_pairs,4.9,4.412395636144956,0.0;0.0;0.0;0.0;0.0
development,3010,all_pairs,4.33,4.5352486396184215,0.0;0.0;0.0;0.0;0.0
development,3011,all_pairs,4.51,4.2565724858323115,0.0;0.0;0.0;0.0;0.0
development,3012,all_pairs,5.57,4.8264103727887,0.0;0.0;0.0;0.0;0.0
development,3013,all_pairs,2.6,4.133848474390011,0.0;0.0;0.0;0.0;0.0
development,3014,all_pairs,4.0,4.424127982064569,0.0;0.0;0.0;0.0;0.0
development,3015,all_pairs,4.18,5.414080397769245,0.0;0.0;0.0;0.0;0.0
development,3016,all_pairs,3.46,4.525963972375943,0.0;0.0;0.0;0.0;0.0
development,3017,all_pairs,4.6,4.135140031340796,0.0;0.0;0.0;0.0;0.0
development,3018,all_pairs,2.58,3.6134023679348464,0.0;0.0;0.0;0.0;0.0
development,3019,all_pairs,1.76,4.296912592168661,0.0;0.0;0.0;0.0;0.0
development,3020,all_pairs,4.37,4.22089682493693,0.0;0.0;0.0;0.0;0.0
development,3021,all_pairs,5.08,3.949482132255094,0.0;0.0;0.0;0.0;0.0
development,3023,all_pairs,3.27,5.229346532772757,0.0;0.0;0.0;0.0;0.0
development,3026,all_pairs,1.87,3.4644887299237905,0.0;0.0;0.0;0.0;0.0
development,3027,all_pairs,6.37,4.566911299149232,0.0;0.0;0.0;0.0;0.0
development,3028,all_pairs,3.93,3.694776834011818,0.0;0.0;0.0;0.0;0.0
development,3029,all_pairs,3.09,4.139156946900297,0.0;0.0;0.0;0.0;0.0
development,3030,all_pairs,5.16,4.073456241827888,0.0;0.0;0.0;0.0;0.0
development,3034,all_pairs,4.76,4.820580513346076,0.0;0.0;0.0;0.0;0.0
development,3035,all_pairs,3.9,3.7573372879213998,0.0;0.0;0.0;0.0;0.0
development,3037,all_pairs,5.34,3.9176188373493037,0.0;0.0;0.0;0.0;0.0
development,3040,all_pairs,5.18,4.43943386944449,0.0;0.0;0.0;0.0;0.0
development,3041,all_pairs,4.01,4.481679405910018,0.0;0.0;0.0;0.0;0.0
development,3042,all_pairs,5.6,4.09572414722358,0.0;0.0;0.0;0.0;0.0
development,3043,all_pairs,6.325,4.462250316333561,0.0;0.0;0.0;0.0;0.0
development,3044,all_pairs,4.91,4.2519197015652574,0.0;0.0;0.0;0.0;0.0
development,3046,all_pairs,4.86,4.189723018117382,0.0;0.0;0.0;0.0;0.0
development,3047,all_pairs,4.3,4.420652462348595,0.0;0.0;0.0;0.0;0.0
development,3048,all_pairs,1.77,4.10705335888893,0.0;0.0;0.0;0.0;0.0
development,3049,all_pairs,4.26,4.061355461239657,0.0;0.0;0.0;0.0;0.0
development,3050,all_pairs,2.87,4.349727675055362,0.0;0.0;0.0;0.0;0.0
development,3052,all_pairs,3.94,3.4959828145014784,0.0;0.0;0.0;0.0;0.0
development,3053,all_pairs,4.94,4.928949803871194,0.0;0.0;0.0;0.0;0.0
development,3054,all_pairs,4.24,4.244265268636392,0.0;0.0;0.0;0.0;0.0
development,3056,all_pairs,4.83,4.012499248019656,0.0;0.0;0.0;0.0;0.0
development,3057,all_pairs,5.955,4.281970967482265,0.0;0.0;0.0;0.0;0.0
development,3058,all_pairs,1.91,3.496019032717589,0.0;0.0;0.0;0.0;0.0
development,3059,all_pairs,4.69,3.814038029045374,0.0;0.0;0.0;0.0;0.0
development,3061,all_pairs,5.1,4.55880988433385,0.0;0.0;0.0;0.0;0.0
development,3062,all_pairs,5.51,4.629115902501888,0.0;0.0;0.0;0.0;0.0
development,3063,all_pairs,2.415,4.884952445734409,0.0;0.0;0.0;0.0;0.0
development,3064,all_pairs,3.18,3.855468094495268,0.0;0.0;0.0;0.0;0.0
development,3065,all_pairs,4.63,4.307361239334855,0.0;0.0;0.0;0.0;0.0
development,3066,all_pairs,5.42,4.725999752858849,0.0;0.0;0.0;0.0;0.0
development,3067,all_pairs,4.74,4.446291390796891,0.0;0.0;0.0;0.0;0.0
development,3068,all_pairs,2.36,4.07188347278396,0.0;0.0;0.0;0.0;0.0
development,3069,all_pairs,4.81,4.204009658667532,0.0;0.0;0.0;0.0;0.0
development,3070,all_pairs,4.98,3.8936036034420973,0.0;0.0;0.0;0.0;0.0
development,3071,all_pairs,5.3,4.764767984547917,0.0;0.0;0.0;0.0;0.0
development,3072,all_pairs,4.63,4.541826797404754,0.0;0.0;0.0;0.0;0.0
development,3073,all_pairs,4.27,4.583648931838075,0.0;0.0;0.0;0.0;0.0
development,3074,all_pairs,3.18,4.267925103078497,0.0;0.0;0.0;0.0;0.0
development,3076,all_pairs,4.12,4.033305958002368,0.0;0.0;0.0;0.0;0.0
development,3079,all_pairs,5.17,4.103605568404087,0.0;0.0;0.0;0.0;0.0
development,3080,all_pairs,4.58,4.5671884783654,0.0;0.0;0.0;0.0;0.0
development,3081,all_pairs,5.26,4.6409338818759664,0.0;0.0;0.0;0.0;0.0
development,3082,all_pairs,4.91,4.128842506926452,0.0;0.0;0.0;0.0;0.0
development,3083,all_pairs,2.27,3.8432498349354107,0.0;0.0;0.0;0.0;0.0
development,3084,all_pairs,3.19,4.228238207209713,0.0;0.0;0.0;0.0;0.0
development,3085,all_pairs,4.84,4.562656910262474,0.0;0.0;0.0;0.0;0.0
development,3087,all_pairs,5.28,4.006132357087247,0.0;0.0;0.0;0.0;0.0
development,3088,all_pairs,4.43,3.9882321678490236,0.0;0.0;0.0;0.0;0.0
development,3089,all_pairs,4.18,4.158920043754613,0.0;0.0;0.0;0.0;0.0
development,3090,all_pairs,5.12,4.317547268131595,0.0;0.0;0.0;0.0;0.0
development,3091,all_pairs,5.02,4.598514874902954,0.0;0.0;0.0;0.0;0.0
development,3092,all_pairs,5.04,3.786985134338658,0.0;0.0;0.0;0.0;0.0
development,3093,all_pairs,5.67,4.365503735872796,0.0;0.0;0.0;0.0;0.0
development,3094,all_pairs,2.74,3.671357406002631,0.0;0.0;0.0;0.0;0.0
development,3096,all_pairs,5.04,4.613862178190197,0.0;0.0;0.0;0.0;0.0
development,3097,all_pairs,2.56,4.386338712076942,0.0;0.0;0.0;0.0;0.0
development,3098,all_pairs,5.16,4.100230960561744,0.0;0.0;0.0;0.0;0.0
development,3099,all_pairs,4.38,3.991698944332586,0.0;0.0;0.0;0.0;0.0
development,3100,all_pairs,1.9,4.495225851325192,0.0;0.0;0.0;0.0;0.0
development,3101,all_pairs,3.49,4.355693764174563,0.0;0.0;0.0;0.0;0.0
development,3102,all_pairs,4.07,4.516086832298965,0.0;0.0;0.0;0.0;0.0
development,3103,all_pairs,1.73,3.9956593046902795,0.0;0.0;0.0;0.0;0.0
development,3104,all_pairs,5.46,4.729896413994997,0.0;0.0;0.0;0.0;0.0
development,3105,all_pairs,1.78,4.39702364498876,0.0;0.0;0.0;0.0;0.0
development,3106,all_pairs,1.92,3.347241355505366,0.0;0.0;0.0;0.0;0.0
development,3107,all_pairs,4.05,4.29255024625482,0.0;0.0;0.0;0.0;0.0
development,3108,all_pairs,5.4,3.8597964700480833,0.0;0.0;0.0;0.0;0.0
development,3109,all_pairs,5.28,4.671344700850674,0.0;0.0;0.0;0.0;0.0
development,3111,all_pairs,4.73,4.115206324882911,0.0;0.0;0.0;0.0;0.0
development,3112,all_pairs,4.83,4.141587186957656,0.0;0.0;0.0;0.0;0.0
development,3113,all_pairs,5.4,4.369645819846615,0.0;0.0;0.0;0.0;0.0
development,3114,all_pairs,5.61,5.046807125447426,0.0;0.0;0.0;0.0;0.0
development,3115,all_pairs,4.9,3.89501194225079,0.0;0.0;0.0;0.0;0.0
development,3116,all_pairs,2.81,5.850336121489364,0.0;0.0;0.0;0.0;0.0
development,3117,all_pairs,2.33,3.889544767936971,0.0;0.0;0.0;0.0;0.0
development,3119,all_pairs,4.78,4.224258651170465,0.0;0.0;0.0;0.0;0.0
development,3122,all_pairs,3.2,3.845086264687331,0.0;0.0;0.0;0.0;0.0
development,3123,all_pairs,1.7,3.858569161087889,0.0;0.0;0.0;0.0;0.0
development,3124,all_pairs,2.31,3.71386175360089,0.0;0.0;0.0;0.0;0.0
development,3126,all_pairs,3.41,3.266325232356462,0.0;0.0;0.0;0.0;0.0
development,3127,all_pairs,5.15,4.838566233974458,0.0;0.0;0.0;0.0;0.0
development,3128,all_pairs,4.89,4.599362107599035,0.0;0.0;0.0;0.0;0.0
development,3129,all_pairs,3.6,3.8437298746200805,0.0;0.0;0.0;0.0;0.0
development,3130,all_pairs,5.44,4.145383067462186,0.0;0.0;0.0;0.0;0.0
development,3131,all_pairs,2.76,4.076880692404683,0.0;0.0;0.0;0.0;0.0
development,3132,all_pairs,4.51,4.558185323683491,0.0;0.0;0.0;0.0;0.0
development,3133,all_pairs,4.82,4.384733834114775,0.0;0.0;0.0;0.0;0.0
development,3134,all_pairs,2.4,4.714781606943458,0.0;0.0;0.0;0.0;0.0
development,3135,all_pairs,3.82,3.824036777490659,0.0;0.0;0.0;0.0;0.0
development,3136,all_pairs,5.52,5.594920321771406,0.0;0.0;0.0;0.0;0.0
development,3137,all_pairs,5.5,4.2527051843119095,0.0;0.0;0.0;0.0;0.0
development,3138,all_pairs,2.98,4.786860561957361,0.0;0.0;0.0;0.0;0.0
development,3140,all_pairs,5.79,4.43276657567473,0.0;0.0;0.0;0.0;0.0
development,3141,all_pairs,1.72,4.838693851235677,0.0;0.0;0.0;0.0;0.0
development,3142,all_pairs,6.215,4.873033146438942,0.0;0.0;0.0;0.0;0.0
development,3143,all_pairs,4.92,4.4053330923216265,0.0;0.0;0.0;0.0;0.0
development,3144,all_pairs,2.6,3.5799217877412484,0.0;0.0;0.0;0.0;0.0
development,3146,all_pairs,4.94,4.105920547535745,0.0;0.0;0.0;0.0;0.0
development,3147,all_pairs,4.79,5.152730455299887,0.0;0.0;0.0;0.0;0.0
development,3148,all_pairs,3.76,3.95736884360969,0.0;0.0;0.0;0.0;0.0
development,3149,all_pairs,5.89,4.372401397630146,0.0;0.0;0.0;0.0;0.0
development,3150,all_pairs,1.75,4.070986979582293,0.0;0.0;0.0;0.0;0.0
development,3151,all_pairs,5.79,4.733579047313176,0.0;0.0;0.0;0.0;0.0
development,3152,all_pairs,4.94,4.014489245879079,0.0;0.0;0.0;0.0;0.0
development,3153,all_pairs,5.35,4.93525411592991,0.0;0.0;0.0;0.0;0.0
development,3155,all_pairs,4.81,3.8326401043894576,0.0;0.0;0.0;0.0;0.0
development,3156,all_pairs,5.2,4.226709159780844,0.0;0.0;0.0;0.0;0.0
development,3157,all_pairs,4.57,5.091206812055802,0.0;0.0;0.0;0.0;0.0
development,3158,all_pairs,1.85,4.49646047758758,0.0;0.0;0.0;0.0;0.0
development,3159,all_pairs,4.36,3.9848107299245554,0.0;0.0;0.0;0.0;0.0
development,3160,all_pairs,5.53,4.624136868745793,0.0;0.0;0.0;0.0;0.0
development,3161,all_pairs,2.76,4.160451268023158,0.0;0.0;0.0;0.0;0.0
development,3165,all_pairs,5.09,4.433692176987515,0.0;0.0;0.0;0.0;0.0
development,3166,all_pairs,5.265000000000001,4.217403573025822,0.0;0.0;0.0;0.0;0.0
development,3167,all_pairs,2.66,3.297315120550416,0.0;0.0;0.0;0.0;0.0
development,3168,all_pairs,3.2,3.836674902125411,0.0;0.0;0.0;0.0;0.0
development,3171,all_pairs,5.0,4.4826815831819085,0.0;0.0;0.0;0.0;0.0
development,3172,all_pairs,2.65,4.479270971614049,0.0;0.0;0.0;0.0;0.0
development,3173,all_pairs,2.48,3.9483073160689073,0.0;0.0;0.0;0.0;0.0
development,3174,all_pairs,2.52,3.7646276314200335,0.0;0.0;0.0;0.0;0.0
development,3175,all_pairs,4.83,4.234915439937606,0.0;0.0;0.0;0.0;0.0
development,3176,all_pairs,5.975,4.828265891694933,0.0;0.0;0.0;0.0;0.0
development,3177,all_pairs,2.86,3.7830818459478817,0.0;0.0;0.0;0.0;0.0
development,3178,all_pairs,5.67,5.086833261986865,0.0;0.0;0.0;0.0;0.0
development,3179,all_pairs,4.51,3.9119949904201503,0.0;0.0;0.0;0.0;0.0
development,3180,all_pairs,5.859999999999999,4.412137142975271,0.0;0.0;0.0;0.0;0.0
development,3181,all_pairs,5.36,4.47912488947867,0.0;0.0;0.0;0.0;0.0
development,3182,all_pairs,4.69,4.253668440804537,0.0;0.0;0.0;0.0;0.0
development,3186,all_pairs,4.37,4.106270934140102,0.0;0.0;0.0;0.0;0.0
development,3187,all_pairs,5.01,3.857613662094235,0.0;0.0;0.0;0.0;0.0
development,3188,all_pairs,3.33,4.05062303464533,0.0;0.0;0.0;0.0;0.0
development,3189,all_pairs,1.83,3.428575183750804,0.0;0.0;0.0;0.0;0.0
development,3190,all_pairs,4.61,4.246723480108006,0.0;0.0;0.0;0.0;0.0
development,3191,all_pairs,5.1,5.300976618920039,0.0;0.0;0.0;0.0;0.0
development,3192,all_pairs,5.22,4.281359522913786,0.0;0.0;0.0;0.0;0.0
development,3193,all_pairs,5.33,4.373544256561536,0.0;0.0;0.0;0.0;0.0
development,3194,all_pairs,5.14,5.228456109925521,0.0;0.0;0.0;0.0;0.0
development,3195,all_pairs,3.04,4.297560231525987,0.0;0.0;0.0;0.0;0.0
development,3196,all_pairs,4.36,4.1711034315861335,0.0;0.0;0.0;0.0;0.0
development,3198,all_pairs,5.37,4.249763258660293,0.0;0.0;0.0;0.0;0.0
development,3199,all_pairs,1.84,5.0817236899869815,0.0;0.0;0.0;0.0;0.0
development,3200,all_pairs,5.64,4.536177209130545,0.0;0.0;0.0;0.0;0.0
development,3201,all_pairs,3.87,3.990852794884772,0.0;0.0;0.0;0.0;0.0
development,3202,all_pairs,4.43,3.685652822834447,0.0;0.0;0.0;0.0;0.0
development,3203,all_pairs,4.69,4.041840860225623,0.0;0.0;0.0;0.0;0.0
development,3206,all_pairs,3.43,4.437420070433982,0.0;0.0;0.0;0.0;0.0
development,3207,all_pairs,3.5,4.030943277426847,0.0;0.0;0.0;0.0;0.0
development,3208,all_pairs,3.65,4.192825422169437,0.0;0.0;0.0;0.0;0.0
development,3210,all_pairs,5.29,4.48392589765248,0.0;0.0;0.0;0.0;0.0
development,3211,all_pairs,2.0,3.8717108534288966,0.0;0.0;0.0;0.0;0.0
development,3212,all_pairs,4.47,4.404633245038206,0.0;0.0;0.0;0.0;0.0
development,3213,all_pairs,5.11,4.740035301090431,0.0;0.0;0.0;0.0;0.0
development,3215,all_pairs,3.37,4.710402202366171,0.0;0.0;0.0;0.0;0.0
development,3216,all_pairs,6.87,4.464719393443364,0.0;0.0;0.0;0.0;0.0
development,3217,all_pairs,4.3,4.821065444504412,0.0;0.0;0.0;0.0;0.0
development,3218,all_pairs,5.09,4.5559998540162265,0.0;0.0;0.0;0.0;0.0
development,3219,all_pairs,5.17,4.517793276638673,0.0;0.0;0.0;0.0;0.0
development,3222,all_pairs,4.51,4.4095247581882795,0.0;0.0;0.0;0.0;0.0
development,3223,all_pairs,5.63,4.543167637877465,0.0;0.0;0.0;0.0;0.0
development,3224,all_pairs,5.15,4.129451548941325,0.0;0.0;0.0;0.0;0.0
development,3225,all_pairs,3.88,4.28333617181346,0.0;0.0;0.0;0.0;0.0
development,3226,all_pairs,3.21,4.032057348138876,0.0;0.0;0.0;0.0;0.0
development,3227,all_pairs,4.9,4.128641990405588,0.0;0.0;0.0;0.0;0.0
development,3228,all_pairs,4.19,4.428180069823557,0.0;0.0;0.0;0.0;0.0
development,3229,all_pairs,4.52,3.934109757362912,0.0;0.0;0.0;0.0;0.0
development,3230,all_pairs,3.49,3.3320583158265817,0.0;0.0;0.0;0.0;0.0
development,3231,all_pairs,5.2,3.910605423958755,0.0;0.0;0.0;0.0;0.0
development,3232,all_pairs,3.95,3.892829069116732,0.0;0.0;0.0;0.0;0.0
development,3234,all_pairs,6.39,4.304935671327971,0.0;0.0;0.0;0.0;0.0
development,3235,all_pairs,5.28,4.596000531531401,0.0;0.0;0.0;0.0;0.0
development,3236,all_pairs,3.81,4.251082166154883,0.0;0.0;0.0;0.0;0.0
development,3237,all_pairs,5.765000000000001,4.555783576107771,0.0;0.0;0.0;0.0;0.0
development,3238,all_pairs,3.91,4.372821617416931,0.0;0.0;0.0;0.0;0.0
development,3239,all_pairs,1.88,3.963121698862101,0.0;0.0;0.0;0.0;0.0
development,3240,all_pairs,4.65,4.686534726007279,0.0;0.0;0.0;0.0;0.0
development,3241,all_pairs,4.88,4.360019760696296,0.0;0.0;0.0;0.0;0.0
development,3242,all_pairs,3.33,4.035998851929993,0.0;0.0;0.0;0.0;0.0
development,3243,all_pairs,2.77,3.8320606235429353,0.0;0.0;0.0;0.0;0.0
development,3244,all_pairs,5.14,3.968192400138424,0.0;0.0;0.0;0.0;0.0
development,3245,all_pairs,3.8,4.588557697185019,0.0;0.0;0.0;0.0;0.0
development,3246,all_pairs,5.67,4.593092165306907,0.0;0.0;0.0;0.0;0.0
development,3247,all_pairs,5.2,4.561870827743456,0.0;0.0;0.0;0.0;0.0
development,3248,all_pairs,5.05,4.374551983606924,0.0;0.0;0.0;0.0;0.0
development,3249,all_pairs,6.0600000000000005,4.918039967145771,0.0;0.0;0.0;0.0;0.0
development,3250,all_pairs,4.93,4.6220321068142365,0.0;0.0;0.0;0.0;0.0
development,3251,all_pairs,5.18,4.167852674750587,0.0;0.0;0.0;0.0;0.0
development,3252,all_pairs,4.78,4.273005008655047,0.0;0.0;0.0;0.0;0.0
development,3253,all_pairs,5.23,3.81939345748179,0.0;0.0;0.0;0.0;0.0
development,3255,all_pairs,5.3,4.1488886376012974,0.0;0.0;0.0;0.0;0.0
development,3256,all_pairs,2.49,3.785831671607852,0.0;0.0;0.0;0.0;0.0
development,3257,all_pairs,4.86,4.7140429579612935,0.0;0.0;0.0;0.0;0.0
development,3259,all_pairs,4.9,3.944291085669204,0.0;0.0;0.0;0.0;0.0
development,3260,all_pairs,4.45,3.831575539217484,0.0;0.0;0.0;0.0;0.0
development,3261,all_pairs,4.31,4.165032050924211,0.0;0.0;0.0;0.0;0.0
development,3262,all_pairs,4.86,4.7427338871099725,0.0;0.0;0.0;0.0;0.0
development,3263,all_pairs,2.36,3.8532527608352627,0.0;0.0;0.0;0.0;0.0
development,3264,all_pairs,2.02,3.8551586980781347,0.0;0.0;0.0;0.0;0.0
development,3266,all_pairs,2.17,3.517565832447212,0.0;0.0;0.0;0.0;0.0
development,3267,all_pairs,2.85,3.8573035594030562,0.0;0.0;0.0;0.0;0.0
development,3268,all_pairs,2.83,3.8895181694251706,0.0;0.0;0.0;0.0;0.0
development,3269,all_pairs,4.75,4.294438445686702,0.0;0.0;0.0;0.0;0.0
development,3270,all_pairs,4.65,4.473662767414454,0.0;0.0;0.0;0.0;0.0
development,3271,all_pairs,4.68,4.1209765281565005,0.0;0.0;0.0;0.0;0.0
development,3273,all_pairs,4.68,4.438710852482211,0.0;0.0;0.0;0.0;0.0
development,3274,all_pairs,2.59,3.8943225309550917,0.0;0.0;0.0;0.0;0.0
development,3277,all_pairs,2.56,3.4699537033740997,0.0;0.0;0.0;0.0;0.0
development,3281,all_pairs,3.67,3.55787251853295,0.0;0.0;0.0;0.0;0.0
development,3282,all_pairs,3.63,3.994054569352088,0.0;0.0;0.0;0.0;0.0
development,3283,all_pairs,3.73,4.526844875858295,0.0;0.0;0.0;0.0;0.0
development,3284,all_pairs,4.16,5.01502838215239,0.0;0.0;0.0;0.0;0.0
development,3285,all_pairs,4.92,3.8479244264536066,0.0;0.0;0.0;0.0;0.0
development,3286,all_pairs,6.125,4.936092741312007,0.0;0.0;0.0;0.0;0.0
development,3288,all_pairs,5.48,5.097935249377911,0.0;0.0;0.0;0.0;0.0
development,3289,all_pairs,5.87,4.217052560126576,0.0;0.0;0.0;0.0;0.0
development,3290,all_pairs,4.1,4.534212626294239,0.0;0.0;0.0;0.0;0.0
development,3291,all_pairs,4.48,4.349253195339669,0.0;0.0;0.0;0.0;0.0
development,3292,all_pairs,5.14,4.070248020654177,0.0;0.0;0.0;0.0;0.0
development,3293,all_pairs,2.49,3.5623045966314404,0.0;0.0;0.0;0.0;0.0
development,3295,all_pairs,2.45,3.9237997601148207,0.0;0.0;0.0;0.0;0.0
development,3296,all_pairs,5.1,4.815823487996141,0.0;0.0;0.0;0.0;0.0
development,3297,all_pairs,5.2,4.19600865672099,0.0;0.0;0.0;0.0;0.0
development,3298,all_pairs,4.53,4.110394719527547,0.0;0.0;0.0;0.0;0.0
development,3299,all_pairs,4.07,4.03665582036557,0.0;0.0;0.0;0.0;0.0
development,3300,all_pairs,6.345000000000001,5.030513754997984,0.0;0.0;0.0;0.0;0.0
development,3301,all_pairs,2.28,3.8299037681884114,0.0;0.0;0.0;0.0;0.0
development,3302,all_pairs,5.23,4.3157603051994124,0.0;0.0;0.0;0.0;0.0
development,3303,all_pairs,5.25,4.543288682039822,0.0;0.0;0.0;0.0;0.0
development,3304,all_pairs,4.5,3.8664242331555116,0.0;0.0;0.0;0.0;0.0
development,3305,all_pairs,1.91,3.747915185488046,0.0;0.0;0.0;0.0;0.0
development,3306,all_pairs,3.57,3.650961902672606,0.0;0.0;0.0;0.0;0.0
development,3308,all_pairs,4.94,4.3917551822624485,0.0;0.0;0.0;0.0;0.0
development,3309,all_pairs,2.85,3.3642860638456216,0.0;0.0;0.0;0.0;0.0
development,3310,all_pairs,1.79,3.830539169805489,0.0;0.0;0.0;0.0;0.0
development,3311,all_pairs,5.51,4.545212571137465,0.0;0.0;0.0;0.0;0.0
development,3314,all_pairs,4.7,4.969445743698338,0.0;0.0;0.0;0.0;0.0
development,3315,all_pairs,4.97,4.367834302986238,0.0;0.0;0.0;0.0;0.0
development,3316,all_pairs,4.38,4.377082612395544,0.0;0.0;0.0;0.0;0.0
development,3317,all_pairs,2.92,4.064432459503964,0.0;0.0;0.0;0.0;0.0
development,3318,all_pairs,4.43,5.127411577003153,0.0;0.0;0.0;0.0;0.0
development,3319,all_pairs,4.56,4.339782123154027,0.0;0.0;0.0;0.0;0.0
development,3320,all_pairs,5.73,4.500379060222267,0.0;0.0;0.0;0.0;0.0
development,3322,all_pairs,4.73,3.992967065408848,0.0;0.0;0.0;0.0;0.0
development,3323,all_pairs,4.61,4.481874076142989,0.0;0.0;0.0;0.0;0.0
development,3324,all_pairs,4.86,4.6172088228219454,0.0;0.0;0.0;0.0;0.0
development,3325,all_pairs,2.69,2.581237431613576,0.0;0.0;0.0;0.0;0.0
development,3326,all_pairs,3.08,4.19007408173461,0.0;0.0;0.0;0.0;0.0
development,3327,all_pairs,4.4,4.108181964564277,0.0;0.0;0.0;0.0;0.0
development,3328,all_pairs,5.9,4.583159674154888,0.0;0.0;0.0;0.0;0.0
development,3329,all_pairs,3.66,4.136994598547138,0.0;0.0;0.0;0.0;0.0
development,3330,all_pairs,4.46,4.296589496525324,0.0;0.0;0.0;0.0;0.0
development,3332,all_pairs,2.93,4.202942669649452,0.0;0.0;0.0;0.0;0.0
development,3333,all_pairs,4.3,3.6713561863146467,0.0;0.0;0.0;0.0;0.0
development,3334,all_pairs,2.35,3.9120047858874587,0.0;0.0;0.0;0.0;0.0
development,3335,all_pairs,1.83,4.094286268764078,0.0;0.0;0.0;0.0;0.0
development,3336,all_pairs,4.99,4.3043876397668965,0.0;0.0;0.0;0.0;0.0
development,3337,all_pairs,5.12,4.523340252212402,0.0;0.0;0.0;0.0;0.0
development,3338,all_pairs,4.83,4.096546939436294,0.0;0.0;0.0;0.0;0.0
development,3339,all_pairs,1.96,4.014588951592747,0.0;0.0;0.0;0.0;0.0
development,3340,all_pairs,4.59,3.8349756525456895,0.0;0.0;0.0;0.0;0.0
development,3341,all_pairs,4.46,4.182843576751306,0.0;0.0;0.0;0.0;0.0
development,3342,all_pairs,4.49,4.063575250882369,0.0;0.0;0.0;0.0;0.0
development,3343,all_pairs,5.3,5.054226113144829,0.0;0.0;0.0;0.0;0.0
development,3344,all_pairs,4.91,4.25654060857726,0.0;0.0;0.0;0.0;0.0
development,3345,all_pairs,2.76,3.7615344124234857,0.0;0.0;0.0;0.0;0.0
development,3348,all_pairs,4.38,4.133896702336163,0.0;0.0;0.0;0.0;0.0
development,3349,all_pairs,3.68,2.5745691380452023,0.0;0.0;0.0;0.0;0.0
development,3350,all_pairs,4.55,4.174044332594428,0.0;0.0;0.0;0.0;0.0
development,3353,all_pairs,5.21,3.8618731299986404,0.0;0.0;0.0;0.0;0.0
development,3354,all_pairs,4.0,3.747736973765004,0.0;0.0;0.0;0.0;0.0
development,3355,all_pairs,1.75,4.830013110357997,0.0;0.0;0.0;0.0;0.0
development,3357,all_pairs,4.05,4.339287111372236,0.0;0.0;0.0;0.0;0.0
development,3359,all_pairs,3.77,3.636694139275565,0.0;0.0;0.0;0.0;0.0
development,3361,all_pairs,5.68,4.725174967624098,0.0;0.0;0.0;0.0;0.0
development,3362,all_pairs,5.15,4.3771502391541,0.0;0.0;0.0;0.0;0.0
development,3363,all_pairs,5.41,4.670513106990053,0.0;0.0;0.0;0.0;0.0
development,3364,all_pairs,2.57,3.430790895306056,0.0;0.0;0.0;0.0;0.0
development,3365,all_pairs,5.16,4.521541656147012,0.0;0.0;0.0;0.0;0.0
development,3366,all_pairs,5.22,4.386699298371349,0.0;0.0;0.0;0.0;0.0
development,3367,all_pairs,5.14,5.83964827338259,0.0;0.0;0.0;0.0;0.0
development,3368,all_pairs,3.02,4.286330924801197,0.0;0.0;0.0;0.0;0.0
development,3369,all_pairs,2.96,4.135691876305574,0.0;0.0;0.0;0.0;0.0
development,3370,all_pairs,5.88,4.557406272514132,0.0;0.0;0.0;0.0;0.0
development,3371,all_pairs,3.94,4.129474372442445,0.0;0.0;0.0;0.0;0.0
development,3373,all_pairs,4.63,4.3745995971326215,0.0;0.0;0.0;0.0;0.0
development,3375,all_pairs,5.63,4.342525836320244,0.0;0.0;0.0;0.0;0.0
development,3376,all_pairs,3.03,3.9210080024752827,0.0;0.0;0.0;0.0;0.0
development,3377,all_pairs,5.28,4.791955672905195,0.0;0.0;0.0;0.0;0.0
development,3378,all_pairs,4.45,3.7859598566530033,0.0;0.0;0.0;0.0;0.0
development,3379,all_pairs,3.37,4.328852196670284,0.0;0.0;0.0;0.0;0.0
development,3380,all_pairs,5.21,4.407087343298264,0.0;0.0;0.0;0.0;0.0
development,3382,all_pairs,4.29,4.513728742695581,0.0;0.0;0.0;0.0;0.0
development,3384,all_pairs,5.61,4.72243510323029,0.0;0.0;0.0;0.0;0.0
development,3385,all_pairs,5.04,4.462725598824523,0.0;0.0;0.0;0.0;0.0
development,3386,all_pairs,4.86,4.754177358395399,0.0;0.0;0.0;0.0;0.0
development,3388,all_pairs,4.67,4.496585684820105,0.0;0.0;0.0;0.0;0.0
development,3389,all_pairs,4.34,3.990678730318812,0.0;0.0;0.0;0.0;0.0
development,3391,all_pairs,4.63,4.481145423188091,0.0;0.0;0.0;0.0;0.0
development,3392,all_pairs,1.92,3.3528505047343646,0.0;0.0;0.0;0.0;0.0
development,3393,all_pairs,5.18,4.828153035598121,0.0;0.0;0.0;0.0;0.0
development,3394,all_pairs,3.64,3.969241431926748,0.0;0.0;0.0;0.0;0.0
development,3395,all_pairs,4.58,4.440559733624595,0.0;0.0;0.0;0.0;0.0
development,3396,all_pairs,2.53,3.748498635980183,0.0;0.0;0.0;0.0;0.0
development,3397,all_pairs,4.64,4.171834263831366,0.0;0.0;0.0;0.0;0.0
development,3398,all_pairs,5.17,5.072702296153666,0.0;0.0;0.0;0.0;0.0
development,3399,all_pairs,5.19,4.109289615898012,0.0;0.0;0.0;0.0;0.0
development,3400,all_pairs,4.9,5.076800559392097,0.0;0.0;0.0;0.0;0.0
development,3401,all_pairs,1.73,4.071440482866142,0.0;0.0;0.0;0.0;0.0
development,3402,all_pairs,3.93,4.199094840140855,0.0;0.0;0.0;0.0;0.0
development,3403,all_pairs,2.83,3.7179004634768313,0.0;0.0;0.0;0.0;0.0
development,3404,all_pairs,4.86,4.837823141473875,0.0;0.0;0.0;0.0;0.0
development,3405,all_pairs,4.33,4.220377686707487,0.0;0.0;0.0;0.0;0.0
development,3407,all_pairs,5.64,4.199298814904345,0.0;0.0;0.0;0.0;0.0
development,3408,all_pairs,2.83,3.2307645405804575,0.0;0.0;0.0;0.0;0.0
development,3409,all_pairs,4.6,4.580003316179377,0.0;0.0;0.0;0.0;0.0
development,3410,all_pairs,3.52,3.788923170853706,0.0;0.0;0.0;0.0;0.0
development,3411,all_pairs,4.26,3.788942468543176,0.0;0.0;0.0;0.0;0.0
development,3413,all_pairs,4.11,4.377563513442525,0.0;0.0;0.0;0.0;0.0
development,3414,all_pairs,5.59,4.413126037732393,0.0;0.0;0.0;0.0;0.0
development,3416,all_pairs,5.82,4.439476293307628,0.0;0.0;0.0;0.0;0.0
development,3417,all_pairs,4.77,4.914869193732212,0.0;0.0;0.0;0.0;0.0
development,3418,all_pairs,5.54,4.343883656222632,0.0;0.0;0.0;0.0;0.0
development,3419,all_pairs,1.86,4.797209157769952,0.0;0.0;0.0;0.0;0.0
development,3421,all_pairs,1.98,4.255748237197036,0.0;0.0;0.0;0.0;0.0
development,3422,all_pairs,4.86,5.834963765242705,0.0;0.0;0.0;0.0;0.0
development,3423,all_pairs,3.53,3.428367489702429,0.0;0.0;0.0;0.0;0.0
development,3424,all_pairs,5.48,4.112665811258842,0.0;0.0;0.0;0.0;0.0
development,3425,all_pairs,5.24,4.766350036407965,0.0;0.0;0.0;0.0;0.0
development,3426,all_pairs,5.11,4.199467179660939,0.0;0.0;0.0;0.0;0.0
development,3429,all_pairs,4.63,4.044675059921201,0.0;0.0;0.0;0.0;0.0
development,3430,all_pairs,4.49,4.983505791131498,0.0;0.0;0.0;0.0;0.0
development,3431,all_pairs,5.02,4.944559891013004,0.0;0.0;0.0;0.0;0.0
development,3434,all_pairs,5.44,4.802950280854902,0.0;0.0;0.0;0.0;0.0
development,3436,all_pairs,4.21,5.146441906558393,0.0;0.0;0.0;0.0;0.0
development,3437,all_pairs,2.53,3.5616446655217944,0.0;0.0;0.0;0.0;0.0
development,3438,all_pairs,3.44,4.005560972870754,0.0;0.0;0.0;0.0;0.0
development,3439,all_pairs,4.53,4.164502731356871,0.0;0.0;0.0;0.0;0.0
development,3440,all_pairs,4.51,3.9552506242006586,0.0;0.0;0.0;0.0;0.0
development,3441,all_pairs,4.0,4.304407054481234,0.0;0.0;0.0;0.0;0.0
development,3442,all_pairs,3.25,4.523084997768924,0.0;0.0;0.0;0.0;0.0
development,3444,all_pairs,3.58,4.153245458305794,0.0;0.0;0.0;0.0;0.0
development,3445,all_pairs,5.49,4.158589915607119,0.0;0.0;0.0;0.0;0.0
development,3446,all_pairs,4.74,4.494708545775718,0.0;0.0;0.0;0.0;0.0
development,3447,all_pairs,4.99,4.497003748379309,0.0;0.0;0.0;0.0;0.0
development,3448,all_pairs,3.34,3.71150367592521,0.0;0.0;0.0;0.0;0.0
development,3449,all_pairs,4.84,4.390753227030531,0.0;0.0;0.0;0.0;0.0
development,3450,all_pairs,3.4,4.237754703540768,0.0;0.0;0.0;0.0;0.0
development,3452,all_pairs,5.05,4.853654785287067,0.0;0.0;0.0;0.0;0.0
development,3453,all_pairs,4.69,3.8821362628001683,0.0;0.0;0.0;0.0;0.0
development,3455,all_pairs,5.58,4.407658875167686,0.0;0.0;0.0;0.0;0.0
development,3456,all_pairs,4.05,4.448432364741207,0.0;0.0;0.0;0.0;0.0
development,3457,all_pairs,4.72,4.296114257635608,0.0;0.0;0.0;0.0;0.0
development,3458,all_pairs,3.81,3.78006376908377,0.0;0.0;0.0;0.0;0.0
development,3459,all_pairs,4.78,4.224335775794488,0.0;0.0;0.0;0.0;0.0
development,3460,all_pairs,2.67,4.083010403912576,0.0;0.0;0.0;0.0;0.0
development,3461,all_pairs,5.46,4.100634713771565,0.0;0.0;0.0;0.0;0.0
development,3462,all_pairs,4.79,3.9063877606461954,0.0;0.0;0.0;0.0;0.0
development,3463,all_pairs,5.17,3.791150098990195,0.0;0.0;0.0;0.0;0.0
development,3464,all_pairs,2.67,3.813076507007288,0.0;0.0;0.0;0.0;0.0
development,3466,all_pairs,4.55,4.725031867199628,0.0;0.0;0.0;0.0;0.0
development,3467,all_pairs,4.01,4.221944745607481,0.0;0.0;0.0;0.0;0.0
development,3468,all_pairs,2.67,3.7328812972636247,0.0;0.0;0.0;0.0;0.0
development,3470,all_pairs,4.5,4.5306742895698475,0.0;0.0;0.0;0.0;0.0
development,3471,all_pairs,4.64,4.175149033345499,0.0;0.0;0.0;0.0;0.0
development,3472,all_pairs,6.26,4.824614010441715,0.0;0.0;0.0;0.0;0.0
development,3473,all_pairs,4.13,4.5596565371560605,0.0;0.0;0.0;0.0;0.0
development,3475,all_pairs,4.09,3.9902471418867393,0.0;0.0;0.0;0.0;0.0
development,3476,all_pairs,5.07,3.8823663550962384,0.0;0.0;0.0;0.0;0.0
development,3477,all_pairs,4.74,4.356966684450381,0.0;0.0;0.0;0.0;0.0
development,3478,all_pairs,2.94,4.454396807920837,0.0;0.0;0.0;0.0;0.0
development,3479,all_pairs,3.86,4.448071003302366,0.0;0.0;0.0;0.0;0.0
development,3480,all_pairs,3.79,4.241228326480505,0.0;0.0;0.0;0.0;0.0
development,3481,all_pairs,4.21,3.772585789693215,0.0;0.0;0.0;0.0;0.0
development,3482,all_pairs,4.5,4.241120941363151,0.0;0.0;0.0;0.0;0.0
development,3483,all_pairs,4.72,3.5021355774651672,0.0;0.0;0.0;0.0;0.0
development,3484,all_pairs,1.76,4.128525259324203,0.0;0.0;0.0;0.0;0.0
development,3485,all_pairs,4.45,4.092510257452479,0.0;0.0;0.0;0.0;0.0
development,3486,all_pairs,2.4,3.5975405046559175,0.0;0.0;0.0;0.0;0.0
development,3487,all_pairs,5.34,4.546787526159584,0.0;0.0;0.0;0.0;0.0
development,3488,all_pairs,4.42,4.214088735992514,0.0;0.0;0.0;0.0;0.0
development,3489,all_pairs,4.94,4.551520767663262,0.0;0.0;0.0;0.0;0.0
development,3490,all_pairs,5.65,4.2103921484903175,0.0;0.0;0.0;0.0;0.0
development,3491,all_pairs,4.66,4.510572581551532,0.0;0.0;0.0;0.0;0.0
development,3492,all_pairs,3.95,3.8468177975550217,0.0;0.0;0.0;0.0;0.0
development,3493,all_pairs,3.25,3.9886339597886726,0.0;0.0;0.0;0.0;0.0
development,3494,all_pairs,4.89,4.801634038895403,0.0;0.0;0.0;0.0;0.0
development,3495,all_pairs,2.97,3.1679688699360056,0.0;0.0;0.0;0.0;0.0
development,3496,all_pairs,5.67,4.2948929005063805,0.0;0.0;0.0;0.0;0.0
development,3497,all_pairs,3.85,4.458407907497812,0.0;0.0;0.0;0.0;0.0
development,3499,all_pairs,3.14,3.6777180377545893,0.0;0.0;0.0;0.0;0.0
development,3501,all_pairs,4.81,4.3467881691947685,0.0;0.0;0.0;0.0;0.0
development,3502,all_pairs,1.97,3.5112277410449773,0.0;0.0;0.0;0.0;0.0
development,3503,all_pairs,4.85,3.82674539922946,0.0;0.0;0.0;0.0;0.0
development,3506,all_pairs,3.79,4.530424572916125,0.0;0.0;0.0;0.0;0.0
development,3507,all_pairs,2.5,4.2326878696732715,0.0;0.0;0.0;0.0;0.0
development,3508,all_pairs,3.28,3.7308180916243745,0.0;0.0;0.0;0.0;0.0
development,3509,all_pairs,2.04,5.136218356735078,0.0;0.0;0.0;0.0;0.0
development,3510,all_pairs,5.12,3.9242495612985544,0.0;0.0;0.0;0.0;0.0
development,3511,all_pairs,3.33,3.8822936793705103,0.0;0.0;0.0;0.0;0.0
development,3512,all_pairs,2.53,3.744028235369486,0.0;0.0;0.0;0.0;0.0
development,3513,all_pairs,5.11,4.469123994412822,0.0;0.0;0.0;0.0;0.0
development,3514,all_pairs,4.79,4.402111990272015,0.0;0.0;0.0;0.0;0.0
development,3516,all_pairs,5.175,4.649519545862381,0.0;0.0;0.0;0.0;0.0
development,3520,all_pairs,3.88,5.183378923144949,0.0;0.0;0.0;0.0;0.0
development,3522,all_pairs,4.9,4.325733469017101,0.0;0.0;0.0;0.0;0.0
development,3523,all_pairs,4.64,4.609600834186116,0.0;0.0;0.0;0.0;0.0
development,3524,all_pairs,4.57,4.39853395102342,0.0;0.0;0.0;0.0;0.0
development,3525,all_pairs,2.88,4.100559612106777,0.0;0.0;0.0;0.0;0.0
development,3526,all_pairs,5.3,4.213618176891133,0.0;0.0;0.0;0.0;0.0
development,3527,all_pairs,5.1,4.338331736757639,0.0;0.0;0.0;0.0;0.0
development,3528,all_pairs,5.3,4.964983482314031,0.0;0.0;0.0;0.0;0.0
development,3529,all_pairs,5.01,4.332608191528337,0.0;0.0;0.0;0.0;0.0
development,3530,all_pairs,5.05,4.524595954465138,0.0;0.0;0.0;0.0;0.0
development,3531,all_pairs,5.19,3.788813640966861,0.0;0.0;0.0;0.0;0.0
development,3533,all_pairs,5.47,4.617684069607681,0.0;0.0;0.0;0.0;0.0
development,3534,all_pairs,4.25,4.476760968945891,0.0;0.0;0.0;0.0;0.0
development,3535,all_pairs,3.78,4.377718440768957,0.0;0.0;0.0;0.0;0.0
development,3537,all_pairs,2.59,3.4054938230416973,0.0;0.0;0.0;0.0;0.0
development,3539,all_pairs,5.09,5.017243867114074,0.0;0.0;0.0;0.0;0.0
development,3540,all_pairs,5.17,4.421645889990265,0.0;0.0;0.0;0.0;0.0
development,3541,all_pairs,4.28,4.576996391879217,0.0;0.0;0.0;0.0;0.0
development,3542,all_pairs,5.63,3.9866983034600603,0.0;0.0;0.0;0.0;0.0
development,3543,all_pairs,5.55,4.662458871981983,0.0;0.0;0.0;0.0;0.0
development,3544,all_pairs,4.54,4.268194022659138,0.0;0.0;0.0;0.0;0.0
development,3545,all_pairs,3.75,3.5885935657376544,0.0;0.0;0.0;0.0;0.0
development,3546,all_pairs,6.22,4.727191323188435,0.0;0.0;0.0;0.0;0.0
development,3548,all_pairs,4.28,4.488597060915171,0.0;0.0;0.0;0.0;0.0
development,3549,all_pairs,4.44,3.9495387903846226,0.0;0.0;0.0;0.0;0.0
development,3550,all_pairs,2.49,3.3785923613607105,0.0;0.0;0.0;0.0;0.0
development,3551,all_pairs,4.9,3.9789916734526014,0.0;0.0;0.0;0.0;0.0
development,3552,all_pairs,1.79,4.307417521815847,0.0;0.0;0.0;0.0;0.0
development,3553,all_pairs,4.15,4.420243928529115,0.0;0.0;0.0;0.0;0.0
development,3554,all_pairs,6.855,4.485970094791135,0.0;0.0;0.0;0.0;0.0
development,3555,all_pairs,4.94,5.241501542875108,0.0;0.0;0.0;0.0;0.0
development,3558,all_pairs,4.25,4.126443994832782,0.0;0.0;0.0;0.0;0.0
development,3561,all_pairs,2.79,3.1219267735429095,0.0;0.0;0.0;0.0;0.0
development,3562,all_pairs,4.7,4.729764693274341,0.0;0.0;0.0;0.0;0.0
development,3563,all_pairs,4.97,3.972630758145176,0.0;0.0;0.0;0.0;0.0
development,3564,all_pairs,5.925000000000001,4.340450126420242,0.0;0.0;0.0;0.0;0.0
development,3565,all_pairs,5.62,4.914136891629458,0.0;0.0;0.0;0.0;0.0
development,3568,all_pairs,2.2,3.4230153509581047,0.0;0.0;0.0;0.0;0.0
development,3569,all_pairs,5.85,4.445510862652459,0.0;0.0;0.0;0.0;0.0
development,3570,all_pairs,4.64,4.601099320208098,0.0;0.0;0.0;0.0;0.0
development,3571,all_pairs,5.42,4.6084727942398676,0.0;0.0;0.0;0.0;0.0
development,3572,all_pairs,1.89,4.88893355374443,0.0;0.0;0.0;0.0;0.0
development,3573,all_pairs,4.68,3.891236109570713,0.0;0.0;0.0;0.0;0.0
development,3574,all_pairs,1.82,3.6654513264366093,0.0;0.0;0.0;0.0;0.0
development,3575,all_pairs,4.85,4.074084083258907,0.0;0.0;0.0;0.0;0.0
development,3576,all_pairs,1.78,4.6490785631352916,0.0;0.0;0.0;0.0;0.0
development,3577,all_pairs,3.58,3.7745508780688715,0.0;0.0;0.0;0.0;0.0
development,3578,all_pairs,4.82,4.563297665448351,0.0;0.0;0.0;0.0;0.0
development,3579,all_pairs,5.02,4.335951342624245,0.0;0.0;0.0;0.0;0.0
development,3580,all_pairs,5.11,4.751855899458822,0.0;0.0;0.0;0.0;0.0
development,3581,all_pairs,4.71,4.534037540389684,0.0;0.0;0.0;0.0;0.0
development,3582,all_pairs,2.28,3.824379519866077,0.0;0.0;0.0;0.0;0.0
development,3583,all_pairs,4.42,4.111018332024404,0.0;0.0;0.0;0.0;0.0
development,3584,all_pairs,3.28,4.1095723475125014,0.0;0.0;0.0;0.0;0.0
development,3585,all_pairs,3.68,3.9450268876205348,0.0;0.0;0.0;0.0;0.0
development,3586,all_pairs,5.04,5.286588586849042,0.0;0.0;0.0;0.0;0.0
development,3587,all_pairs,4.82,4.754120488117824,0.0;0.0;0.0;0.0;0.0
development,3588,all_pairs,2.54,3.7559998860100663,0.0;0.0;0.0;0.0;0.0
development,3589,all_pairs,2.97,3.9717473674891597,0.0;0.0;0.0;0.0;0.0
development,3590,all_pairs,5.76,4.510213689394015,0.0;0.0;0.0;0.0;0.0
development,3591,all_pairs,5.15,3.9738920006607183,0.0;0.0;0.0;0.0;0.0
development,3593,all_pairs,2.02,3.294738792805425,0.0;0.0;0.0;0.0;0.0
development,3594,all_pairs,5.66,4.448304221367083,0.0;0.0;0.0;0.0;0.0
development,3596,all_pairs,2.01,3.0672791426994417,0.0;0.0;0.0;0.0;0.0
development,3597,all_pairs,5.09,4.696477843355353,0.0;0.0;0.0;0.0;0.0
development,3598,all_pairs,2.18,3.963916044668597,0.0;0.0;0.0;0.0;0.0
development,3599,all_pairs,3.0,4.264020075140926,0.0;0.0;0.0;0.0;0.0
development,3600,all_pairs,2.2,3.867328747755116,0.0;0.0;0.0;0.0;0.0
development,3601,all_pairs,5.01,4.268095458107929,0.0;0.0;0.0;0.0;0.0
development,3602,all_pairs,4.47,3.99278525733785,0.0;0.0;0.0;0.0;0.0
development,3604,all_pairs,4.23,4.388569270017806,0.0;0.0;0.0;0.0;0.0
development,3607,all_pairs,2.57,4.088892877387654,0.0;0.0;0.0;0.0;0.0
development,3610,all_pairs,4.87,5.099218569168858,0.0;0.0;0.0;0.0;0.0
development,3611,all_pairs,4.57,4.5799548681387,0.0;0.0;0.0;0.0;0.0
development,3612,all_pairs,5.42,4.108012065293731,0.0;0.0;0.0;0.0;0.0
development,3613,all_pairs,5.54,4.3624813151111805,0.0;0.0;0.0;0.0;0.0
development,3615,all_pairs,4.4,4.286823713845488,0.0;0.0;0.0;0.0;0.0
development,3616,all_pairs,4.54,4.010803605772844,0.0;0.0;0.0;0.0;0.0
development,3617,all_pairs,2.37,3.3550259752369236,0.0;0.0;0.0;0.0;0.0
development,3618,all_pairs,5.24,4.156545004400075,0.0;0.0;0.0;0.0;0.0
development,3619,all_pairs,4.82,4.12812114873945,0.0;0.0;0.0;0.0;0.0
development,3620,all_pairs,4.7,3.843981146802966,0.0;0.0;0.0;0.0;0.0
development,3621,all_pairs,4.7,4.381387295812035,0.0;0.0;0.0;0.0;0.0
development,3622,all_pairs,2.91,3.8768778496377347,0.0;0.0;0.0;0.0;0.0
development,3625,all_pairs,5.38,4.155686852353368,0.0;0.0;0.0;0.0;0.0
development,3626,all_pairs,5.76,4.521151693342696,0.0;0.0;0.0;0.0;0.0
development,3627,all_pairs,5.404999999999999,4.2995588648337035,0.0;0.0;0.0;0.0;0.0
development,3628,all_pairs,4.43,4.628336494044281,0.0;0.0;0.0;0.0;0.0
development,3629,all_pairs,2.05,3.809351091235633,0.0;0.0;0.0;0.0;0.0
development,3630,all_pairs,5.58,4.701247266002235,0.0;0.0;0.0;0.0;0.0
development,3631,all_pairs,4.16,3.9148750247901623,0.0;0.0;0.0;0.0;0.0
development,3633,all_pairs,4.73,4.059335524467763,0.0;0.0;0.0;0.0;0.0
development,3637,all_pairs,5.45,4.143673015116795,0.0;0.0;0.0;0.0;0.0
development,3638,all_pairs,4.78,4.681018638643544,0.0;0.0;0.0;0.0;0.0
development,3639,all_pairs,5.61,4.008300790004059,0.0;0.0;0.0;0.0;0.0
development,3640,all_pairs,2.61,3.3859744815557296,0.0;0.0;0.0;0.0;0.0
development,3641,all_pairs,4.65,4.466691581393485,0.0;0.0;0.0;0.0;0.0
development,3642,all_pairs,5.46,4.176242347150774,0.0;0.0;0.0;0.0;0.0
development,3643,all_pairs,2.69,3.5504495100662004,0.0;0.0;0.0;0.0;0.0
development,3644,all_pairs,4.47,4.085875423949157,0.0;0.0;0.0;0.0;0.0
development,3645,all_pairs,3.5,4.153432336399859,0.0;0.0;0.0;0.0;0.0
development,3646,all_pairs,4.85,4.254155843397629,0.0;0.0;0.0;0.0;0.0
development,3647,all_pairs,4.91,4.129843285523797,0.0;0.0;0.0;0.0;0.0
development,3648,all_pairs,3.21,3.9077606282583144,0.0;0.0;0.0;0.0;0.0
development,3649,all_pairs,6.12,5.369776104477615,0.0;0.0;0.0;0.0;0.0
development,3650,all_pairs,4.53,4.797764143564888,0.0;0.0;0.0;0.0;0.0
development,3651,all_pairs,1.89,4.8059996322177465,0.0;0.0;0.0;0.0;0.0
development,3652,all_pairs,5.09,4.1579044118658945,0.0;0.0;0.0;0.0;0.0
development,3653,all_pairs,4.1,4.911916278134848,0.0;0.0;0.0;0.0;0.0
development,3654,all_pairs,4.87,4.69088593781963,0.0;0.0;0.0;0.0;0.0
development,3655,all_pairs,1.81,4.551690664112185,0.0;0.0;0.0;0.0;0.0
development,3657,all_pairs,1.81,4.5955616558515455,0.0;0.0;0.0;0.0;0.0
development,3658,all_pairs,5.83,4.858977221184702,0.0;0.0;0.0;0.0;0.0
development,3659,all_pairs,3.94,4.147722666533027,0.0;0.0;0.0;0.0;0.0
development,3660,all_pairs,2.54,4.246813594296191,0.0;0.0;0.0;0.0;0.0
development,3661,all_pairs,4.83,4.3506715929805795,0.0;0.0;0.0;0.0;0.0
development,3663,all_pairs,3.73,5.58015089821575,0.0;0.0;0.0;0.0;0.0
development,3664,all_pairs,4.39,3.9602112857971425,0.0;0.0;0.0;0.0;0.0
development,3665,all_pairs,5.25,4.042805026156181,0.0;0.0;0.0;0.0;0.0
development,3666,all_pairs,5.84,4.591025800776129,0.0;0.0;0.0;0.0;0.0
development,3668,all_pairs,3.35,3.81328365249425,0.0;0.0;0.0;0.0;0.0
development,3670,all_pairs,5.32,4.903699222207828,0.0;0.0;0.0;0.0;0.0
development,3671,all_pairs,4.3,4.342200668955742,0.0;0.0;0.0;0.0;0.0
development,3672,all_pairs,3.94,4.263345238578238,0.0;0.0;0.0;0.0;0.0
development,3674,all_pairs,5.23,3.784390208167738,0.0;0.0;0.0;0.0;0.0
development,3675,all_pairs,4.68,3.8777221601646423,0.0;0.0;0.0;0.0;0.0
development,3676,all_pairs,5.4,4.956586333329756,0.0;0.0;0.0;0.0;0.0
development,3677,all_pairs,4.46,6.012762099210857,0.0;0.0;0.0;0.0;0.0
development,3678,all_pairs,5.17,4.224579024794301,0.0;0.0;0.0;0.0;0.0
development,3679,all_pairs,4.76,4.96907991595736,0.0;0.0;0.0;0.0;0.0
development,3681,all_pairs,5.01,4.470725158180983,0.0;0.0;0.0;0.0;0.0
development,3682,all_pairs,2.12,4.162549885792253,0.0;0.0;0.0;0.0;0.0
development,3683,all_pairs,4.04,4.308980311640523,0.0;0.0;0.0;0.0;0.0
development,3684,all_pairs,3.69,3.8355258732794084,0.0;0.0;0.0;0.0;0.0
development,3685,all_pairs,4.99,4.164482087428239,0.0;0.0;0.0;0.0;0.0
development,3687,all_pairs,5.89,4.742643495435167,0.0;0.0;0.0;0.0;0.0
development,3688,all_pairs,4.57,5.213719230009268,0.0;0.0;0.0;0.0;0.0
development,3689,all_pairs,2.05,4.299708696076786,0.0;0.0;0.0;0.0;0.0
development,3690,all_pairs,3.33,4.225484529546324,0.0;0.0;0.0;0.0;0.0
development,3691,all_pairs,5.45,3.766003463033463,0.0;0.0;0.0;0.0;0.0
development,3692,all_pairs,5.17,3.713685471340199,0.0;0.0;0.0;0.0;0.0
development,3693,all_pairs,5.52,4.750161423640626,0.0;0.0;0.0;0.0;0.0
development,3694,all_pairs,3.31,3.5759690598300677,0.0;0.0;0.0;0.0;0.0
development,3695,all_pairs,4.91,4.596473516309216,0.0;0.0;0.0;0.0;0.0
development,3696,all_pairs,4.95,3.7354100814983644,0.0;0.0;0.0;0.0;0.0
development,3697,all_pairs,5.68,4.497567829569151,0.0;0.0;0.0;0.0;0.0
development,3698,all_pairs,2.92,5.49234846933407,0.0;0.0;0.0;0.0;0.0
development,3700,all_pairs,4.92,4.49791411680883,0.0;0.0;0.0;0.0;0.0
development,3701,all_pairs,5.01,4.637539524357979,0.0;0.0;0.0;0.0;0.0
development,3702,all_pairs,1.86,3.670228194359494,0.0;0.0;0.0;0.0;0.0
development,3703,all_pairs,2.08,4.127015505544434,0.0;0.0;0.0;0.0;0.0
development,3704,all_pairs,5.12,4.6676087222204155,0.0;0.0;0.0;0.0;0.0
development,3706,all_pairs,3.39,3.7457311072411117,0.0;0.0;0.0;0.0;0.0
development,3708,all_pairs,5.29,4.2862906055135355,0.0;0.0;0.0;0.0;0.0
development,3709,all_pairs,2.51,4.255668511710289,0.0;0.0;0.0;0.0;0.0
development,3711,all_pairs,1.89,3.9489011224694135,0.0;0.0;0.0;0.0;0.0
development,3712,all_pairs,5.88,5.331097065751912,0.0;0.0;0.0;0.0;0.0
development,3713,all_pairs,5.05,5.31395956198044,0.0;0.0;0.0;0.0;0.0
development,3714,all_pairs,5.32,4.033859849965159,0.0;0.0;0.0;0.0;0.0
development,3715,all_pairs,4.12,4.085904318216865,0.0;0.0;0.0;0.0;0.0
development,3716,all_pairs,5.2,5.141379594583148,0.0;0.0;0.0;0.0;0.0
development,3717,all_pairs,4.81,4.381117535842046,0.0;0.0;0.0;0.0;0.0
development,3718,all_pairs,3.97,4.033717242908301,0.0;0.0;0.0;0.0;0.0
development,3719,all_pairs,3.56,4.449149767538223,0.0;0.0;0.0;0.0;0.0
development,3720,all_pairs,5.13,3.9540231370596315,0.0;0.0;0.0;0.0;0.0
development,3722,all_pairs,1.7,3.9192780536391676,0.0;0.0;0.0;0.0;0.0
development,3723,all_pairs,4.01,4.398154335446426,0.0;0.0;0.0;0.0;0.0
development,3724,all_pairs,4.97,4.1348010340969354,0.0;0.0;0.0;0.0;0.0
development,3725,all_pairs,4.95,4.496822727467491,0.0;0.0;0.0;0.0;0.0
development,3726,all_pairs,3.27,4.173579192010932,0.0;0.0;0.0;0.0;0.0
development,3727,all_pairs,2.07,3.3576122513480815,0.0;0.0;0.0;0.0;0.0
development,3728,all_pairs,4.85,4.123943271276531,0.0;0.0;0.0;0.0;0.0
development,3729,all_pairs,5.18,4.264548637168922,0.0;0.0;0.0;0.0;0.0
development,3730,all_pairs,5.25,4.509354121144528,0.0;0.0;0.0;0.0;0.0
development,3731,all_pairs,4.97,4.677494294426551,0.0;0.0;0.0;0.0;0.0
development,3732,all_pairs,4.88,4.123114373642605,0.0;0.0;0.0;0.0;0.0
development,3733,all_pairs,1.8,4.401679275934881,0.0;0.0;0.0;0.0;0.0
development,3734,all_pairs,4.08,4.136519076868046,0.0;0.0;0.0;0.0;0.0
development,3735,all_pairs,5.029999999999999,4.47472054176327,0.0;0.0;0.0;0.0;0.0
development,3736,all_pairs,4.56,4.857367524793342,0.0;0.0;0.0;0.0;0.0
development,3737,all_pairs,5.22,4.415709150424916,0.0;0.0;0.0;0.0;0.0
development,3738,all_pairs,4.84,4.265939252262788,0.0;0.0;0.0;0.0;0.0
development,3739,all_pairs,2.89,4.419157334003625,0.0;0.0;0.0;0.0;0.0
development,3740,all_pairs,4.55,4.3157026726231535,0.0;0.0;0.0;0.0;0.0
development,3741,all_pairs,5.47,4.0592448718521545,0.0;0.0;0.0;0.0;0.0
development,3742,all_pairs,1.8,3.5766082863445594,0.0;0.0;0.0;0.0;0.0
development,3744,all_pairs,4.49,4.062010037688316,0.0;0.0;0.0;0.0;0.0
development,3745,all_pairs,5.21,3.9563665246690083,0.0;0.0;0.0;0.0;0.0
development,3748,all_pairs,3.53,3.3889806197819103,0.0;0.0;0.0;0.0;0.0
development,3749,all_pairs,5.83,4.699796086436769,0.0;0.0;0.0;0.0;0.0
development,3750,all_pairs,4.35,3.7867645515518182,0.0;0.0;0.0;0.0;0.0
development,3751,all_pairs,5.11,4.1239850968328895,0.0;0.0;0.0;0.0;0.0
development,3754,all_pairs,5.27,4.833300520453129,0.0;0.0;0.0;0.0;0.0
development,3756,all_pairs,2.38,3.2885220505864527,0.0;0.0;0.0;0.0;0.0
development,3758,all_pairs,4.93,4.191231745321796,0.0;0.0;0.0;0.0;0.0
development,3759,all_pairs,4.89,4.350979112656891,0.0;0.0;0.0;0.0;0.0
development,3760,all_pairs,4.6,4.8859422391087195,0.0;0.0;0.0;0.0;0.0
development,3761,all_pairs,5.46,6.505694326559633,0.0;0.0;0.0;0.0;0.0
development,3763,all_pairs,4.47,4.279707711468763,0.0;0.0;0.0;0.0;0.0
development,3764,all_pairs,4.41,4.030008791619837,0.0;0.0;0.0;0.0;0.0
development,3765,all_pairs,5.09,4.209300501350727,0.0;0.0;0.0;0.0;0.0
development,3766,all_pairs,4.63,3.996929062101545,0.0;0.0;0.0;0.0;0.0
development,3767,all_pairs,4.64,4.411268677642413,0.0;0.0;0.0;0.0;0.0
development,3768,all_pairs,4.63,4.377264155383081,0.0;0.0;0.0;0.0;0.0
development,3769,all_pairs,5.02,4.377692758125069,0.0;0.0;0.0;0.0;0.0
development,3770,all_pairs,5.28,4.602597463295064,0.0;0.0;0.0;0.0;0.0
development,3771,all_pairs,3.1100000000000003,4.8393106296243635,0.0;0.0;0.0;0.0;0.0
development,3772,all_pairs,5.41,4.328608898972266,0.0;0.0;0.0;0.0;0.0
development,3774,all_pairs,5.57,4.387247868607476,0.0;0.0;0.0;0.0;0.0
development,3775,all_pairs,5.5,3.980297741874062,0.0;0.0;0.0;0.0;0.0
development,3776,all_pairs,2.11,3.8872833421278092,0.0;0.0;0.0;0.0;0.0
development,3777,all_pairs,1.8,4.183560652415096,0.0;0.0;0.0;0.0;0.0
development,3780,all_pairs,5.19,3.658810499800209,0.0;0.0;0.0;0.0;0.0
development,3781,all_pairs,2.64,4.500140874017778,0.0;0.0;0.0;0.0;0.0
development,3783,all_pairs,4.63,4.311948598122298,0.0;0.0;0.0;0.0;0.0
development,3784,all_pairs,4.57,5.2776492438321,0.0;0.0;0.0;0.0;0.0
development,3786,all_pairs,5.19,4.333483630252376,0.0;0.0;0.0;0.0;0.0
development,3787,all_pairs,3.67,4.122069513313212,0.0;0.0;0.0;0.0;0.0
development,3788,all_pairs,4.41,4.304142522484453,0.0;0.0;0.0;0.0;0.0
development,3789,all_pairs,3.89,4.453016092612974,0.0;0.0;0.0;0.0;0.0
development,3790,all_pairs,4.85,4.428487068284427,0.0;0.0;0.0;0.0;0.0
development,3791,all_pairs,4.19,4.493340216544162,0.0;0.0;0.0;0.0;0.0
development,3793,all_pairs,2.42,5.040858203983439,0.0;0.0;0.0;0.0;0.0
development,3794,all_pairs,5.22,4.560988554613914,0.0;0.0;0.0;0.0;0.0
development,3795,all_pairs,4.19,4.019894584806904,0.0;0.0;0.0;0.0;0.0
development,3797,all_pairs,4.39,4.4068477060540285,0.0;0.0;0.0;0.0;0.0
development,3798,all_pairs,3.76,4.585800683913011,0.0;0.0;0.0;0.0;0.0
development,3799,all_pairs,2.02,3.364891920219578,0.0;0.0;0.0;0.0;0.0
development,3801,all_pairs,4.98,4.847737296220247,0.0;0.0;0.0;0.0;0.0
development,3803,all_pairs,5.2,5.166557219581852,0.0;0.0;0.0;0.0;0.0
development,3804,all_pairs,4.81,4.367561303755521,0.0;0.0;0.0;0.0;0.0
development,3806,all_pairs,4.79,4.566775338599248,0.0;0.0;0.0;0.0;0.0
development,3807,all_pairs,4.53,3.8358724975143965,0.0;0.0;0.0;0.0;0.0
development,3808,all_pairs,5.28,4.24229748677238,0.0;0.0;0.0;0.0;0.0
development,3809,all_pairs,4.78,4.52159590728622,0.0;0.0;0.0;0.0;0.0
development,3811,all_pairs,4.5,4.171211067275561,0.0;0.0;0.0;0.0;0.0
development,3812,all_pairs,4.48,4.838630870948304,0.0;0.0;0.0;0.0;0.0
development,3813,all_pairs,3.63,3.853524870073331,0.0;0.0;0.0;0.0;0.0
development,3814,all_pairs,1.87,4.0590525064294765,0.0;0.0;0.0;0.0;0.0
development,3815,all_pairs,4.76,4.233463133878131,0.0;0.0;0.0;0.0;0.0
development,3816,all_pairs,4.46,4.983234496282229,0.0;0.0;0.0;0.0;0.0
development,3817,all_pairs,2.94,3.778252823546554,0.0;0.0;0.0;0.0;0.0
development,3818,all_pairs,5.12,4.671917325307359,0.0;0.0;0.0;0.0;0.0
development,3819,all_pairs,4.4,4.321198728381097,0.0;0.0;0.0;0.0;0.0
development,3820,all_pairs,5.18,4.193585109598289,0.0;0.0;0.0;0.0;0.0
development,3821,all_pairs,1.77,3.917297083707896,0.0;0.0;0.0;0.0;0.0
development,3823,all_pairs,4.87,4.452048515495543,0.0;0.0;0.0;0.0;0.0
development,3824,all_pairs,4.4,4.406204866942513,0.0;0.0;0.0;0.0;0.0
development,3827,all_pairs,5.32,4.897904414954308,0.0;0.0;0.0;0.0;0.0
development,3828,all_pairs,2.51,3.7255097914796016,0.0;0.0;0.0;0.0;0.0
development,3829,all_pairs,4.43,4.194618700102359,0.0;0.0;0.0;0.0;0.0
development,3830,all_pairs,3.73,4.0757362463611395,0.0;0.0;0.0;0.0;0.0
development,3831,all_pairs,3.03,4.241689700537274,0.0;0.0;0.0;0.0;0.0
development,3832,all_pairs,2.01,3.137726929720816,0.0;0.0;0.0;0.0;0.0
development,3833,all_pairs,5.22,4.307933701377455,0.0;0.0;0.0;0.0;0.0
development,3834,all_pairs,4.26,4.2735995910958335,0.0;0.0;0.0;0.0;0.0
development,3836,all_pairs,2.97,3.8205883583433353,0.0;0.0;0.0;0.0;0.0
development,3837,all_pairs,5.07,4.049397393027464,0.0;0.0;0.0;0.0;0.0
development,3838,all_pairs,5.22,4.445258605134079,0.0;0.0;0.0;0.0;0.0
development,3839,all_pairs,5.26,3.883235365354583,0.0;0.0;0.0;0.0;0.0
development,3840,all_pairs,4.36,4.4849743774077995,0.0;0.0;0.0;0.0;0.0
development,3842,all_pairs,5.6,3.987380931652423,0.0;0.0;0.0;0.0;0.0
development,3844,all_pairs,5.48,4.401831342511705,0.0;0.0;0.0;0.0;0.0
development,3845,all_pairs,5.02,4.759870492200485,0.0;0.0;0.0;0.0;0.0
development,3846,all_pairs,4.19,4.010923007480859,0.0;0.0;0.0;0.0;0.0
development,3848,all_pairs,4.4,5.0496475066602455,0.0;0.0;0.0;0.0;0.0
development,3849,all_pairs,4.08,3.93063066428857,0.0;0.0;0.0;0.0;0.0
development,3850,all_pairs,4.69,4.581045817104521,0.0;0.0;0.0;0.0;0.0
development,3851,all_pairs,4.29,3.857408230586982,0.0;0.0;0.0;0.0;0.0
development,3852,all_pairs,5.35,4.332621575709711,0.0;0.0;0.0;0.0;0.0
development,3853,all_pairs,2.54,4.198235580917559,0.0;0.0;0.0;0.0;0.0
development,3854,all_pairs,5.8100000000000005,4.82479502436545,0.0;0.0;0.0;0.0;0.0
development,3855,all_pairs,2.37,3.971517241650131,0.0;0.0;0.0;0.0;0.0
development,3856,all_pairs,5.59,4.999479466343792,0.0;0.0;0.0;0.0;0.0
development,3857,all_pairs,3.11,3.8858349538335784,0.0;0.0;0.0;0.0;0.0
development,3858,all_pairs,4.94,4.238804119512482,0.0;0.0;0.0;0.0;0.0
development,3859,all_pairs,1.92,3.624880699296685,0.0;0.0;0.0;0.0;0.0
development,3860,all_pairs,1.99,4.849589512896008,0.0;0.0;0.0;0.0;0.0
development,3862,all_pairs,5.17,4.71693136574999,0.0;0.0;0.0;0.0;0.0
development,3863,all_pairs,4.26,4.633564704873806,0.0;0.0;0.0;0.0;0.0
development,3865,all_pairs,1.87,3.4960633017444342,0.0;0.0;0.0;0.0;0.0
development,3866,all_pairs,4.18,4.5603320377232555,0.0;0.0;0.0;0.0;0.0
development,3867,all_pairs,5.09,5.516398888459576,0.0;0.0;0.0;0.0;0.0
development,3869,all_pairs,4.4,4.595647111775691,0.0;0.0;0.0;0.0;0.0
development,3871,all_pairs,4.38,4.802538824168081,0.0;0.0;0.0;0.0;0.0
development,3873,all_pairs,4.8,4.137256163400384,0.0;0.0;0.0;0.0;0.0
development,3876,all_pairs,5.21,4.778263668170897,0.0;0.0;0.0;0.0;0.0
development,3877,all_pairs,6.46,4.911391093928322,0.0;0.0;0.0;0.0;0.0
development,3878,all_pairs,5.7,4.436632799675106,0.0;0.0;0.0;0.0;0.0
development,3879,all_pairs,3.53,4.474189832504602,0.0;0.0;0.0;0.0;0.0
development,3880,all_pairs,4.08,4.068811589669405,0.0;0.0;0.0;0.0;0.0
development,3881,all_pairs,4.66,4.1415079586160255,0.0;0.0;0.0;0.0;0.0
development,3882,all_pairs,5.555,4.814080186855561,0.0;0.0;0.0;0.0;0.0
development,3883,all_pairs,4.77,4.615256579170055,0.0;0.0;0.0;0.0;0.0
development,3884,all_pairs,2.54,4.136024434698547,0.0;0.0;0.0;0.0;0.0
development,3885,all_pairs,5.28,4.280565850835709,0.0;0.0;0.0;0.0;0.0
development,3886,all_pairs,3.0,4.086890437273908,0.0;0.0;0.0;0.0;0.0
development,3887,all_pairs,3.87,3.877593333600961,0.0;0.0;0.0;0.0;0.0
development,3888,all_pairs,5.23,4.023889456832427,0.0;0.0;0.0;0.0;0.0
development,3889,all_pairs,4.89,4.042579060201201,0.0;0.0;0.0;0.0;0.0
development,3890,all_pairs,5.53,4.193917043053988,0.0;0.0;0.0;0.0;0.0
development,3892,all_pairs,1.74,4.905754169073109,0.0;0.0;0.0;0.0;0.0
development,3893,all_pairs,3.9,4.430842491291061,0.0;0.0;0.0;0.0;0.0
development,3894,all_pairs,5.6,4.540578936512509,0.0;0.0;0.0;0.0;0.0
development,3895,all_pairs,2.32,4.054072887717726,0.0;0.0;0.0;0.0;0.0
development,3896,all_pairs,4.51,4.163964130486096,0.0;0.0;0.0;0.0;0.0
development,3897,all_pairs,3.0,3.9706178585959977,0.0;0.0;0.0;0.0;0.0
development,3898,all_pairs,3.9,4.2284846270888385,0.0;0.0;0.0;0.0;0.0
development,3899,all_pairs,4.2,4.160519357225277,0.0;0.0;0.0;0.0;0.0
development,3900,all_pairs,4.95,5.089156363992245,0.0;0.0;0.0;0.0;0.0
development,3901,all_pairs,4.04,3.9064637823481485,0.0;0.0;0.0;0.0;0.0
development,3902,all_pairs,4.12,4.570282049100455,0.0;0.0;0.0;0.0;0.0
development,3903,all_pairs,4.92,5.482477658567988,0.0;0.0;0.0;0.0;0.0
development,3904,all_pairs,4.58,4.448225471222686,0.0;0.0;0.0;0.0;0.0
development,3905,all_pairs,5.2,4.1640802215272075,0.0;0.0;0.0;0.0;0.0
development,3906,all_pairs,2.62,3.8675410893416386,0.0;0.0;0.0;0.0;0.0
development,3907,all_pairs,1.98,3.5254596459023957,0.0;0.0;0.0;0.0;0.0
development,3908,all_pairs,3.97,4.192050663813572,0.0;0.0;0.0;0.0;0.0
development,3909,all_pairs,4.7,4.477410900226314,0.0;0.0;0.0;0.0;0.0
development,3911,all_pairs,5.2,4.554947645354012,0.0;0.0;0.0;0.0;0.0
development,3912,all_pairs,4.57,4.458265830656208,0.0;0.0;0.0;0.0;0.0
development,3913,all_pairs,2.51,3.568360523044089,0.0;0.0;0.0;0.0;0.0
development,3915,all_pairs,2.97,3.967997996678548,0.0;0.0;0.0;0.0;0.0
development,3916,all_pairs,1.79,4.68823609762557,0.0;0.0;0.0;0.0;0.0
development,3917,all_pairs,5.35,4.265678307772928,0.0;0.0;0.0;0.0;0.0
development,3918,all_pairs,3.23,3.8474446443481694,0.0;0.0;0.0;0.0;0.0
development,3919,all_pairs,4.5,4.169624820204453,0.0;0.0;0.0;0.0;0.0
development,3920,all_pairs,1.73,4.829745612063608,0.0;0.0;0.0;0.0;0.0
development,3921,all_pairs,4.58,4.340543037507983,0.0;0.0;0.0;0.0;0.0
development,3922,all_pairs,2.88,3.860200834742085,0.0;0.0;0.0;0.0;0.0
development,3923,all_pairs,3.19,3.9177822850804347,0.0;0.0;0.0;0.0;0.0
development,3924,all_pairs,5.29,4.587798569461242,0.0;0.0;0.0;0.0;0.0
development,3925,all_pairs,1.75,3.804671398282378,0.0;0.0;0.0;0.0;0.0
development,3926,all_pairs,2.36,4.058364302382284,0.0;0.0;0.0;0.0;0.0
development,3928,all_pairs,6.015000000000001,4.717786871854678,0.0;0.0;0.0;0.0;0.0
development,3930,all_pairs,4.57,3.968668134211356,0.0;0.0;0.0;0.0;0.0
development,3933,all_pairs,4.65,4.617308299001458,0.0;0.0;0.0;0.0;0.0
development,3934,all_pairs,2.76,3.9938904200117578,0.0;0.0;0.0;0.0;0.0
development,3935,all_pairs,4.13,4.269099413721721,0.0;0.0;0.0;0.0;0.0
development,3936,all_pairs,5.0,4.508915419515004,0.0;0.0;0.0;0.0;0.0
development,3937,all_pairs,5.55,5.417097372714625,0.0;0.0;0.0;0.0;0.0
development,3938,all_pairs,3.96,3.997084984254504,0.0;0.0;0.0;0.0;0.0
development,3939,all_pairs,1.77,3.9619840861785143,0.0;0.0;0.0;0.0;0.0
development,3940,all_pairs,5.16,4.448023282856163,0.0;0.0;0.0;0.0;0.0
development,3941,all_pairs,5.83,4.566085329369435,0.0;0.0;0.0;0.0;0.0
development,3942,all_pairs,4.78,4.060992023401956,0.0;0.0;0.0;0.0;0.0
development,3944,all_pairs,5.04,4.180287330415974,0.0;0.0;0.0;0.0;0.0
development,3945,all_pairs,2.61,3.158354035230025,0.0;0.0;0.0;0.0;0.0
development,3946,all_pairs,4.72,4.324017943283647,0.0;0.0;0.0;0.0;0.0
development,3948,all_pairs,5.04,3.7608516506417704,0.0;0.0;0.0;0.0;0.0
development,3949,all_pairs,4.11,4.005075617191935,0.0;0.0;0.0;0.0;0.0
development,3950,all_pairs,5.41,5.497247292434969,0.0;0.0;0.0;0.0;0.0
development,3951,all_pairs,3.43,3.8885381729626607,0.0;0.0;0.0;0.0;0.0
development,3952,all_pairs,4.95,4.637005331301674,0.0;0.0;0.0;0.0;0.0
development,3953,all_pairs,2.26,4.430308393027703,0.0;0.0;0.0;0.0;0.0
development,3955,all_pairs,4.67,4.547668264133094,0.0;0.0;0.0;0.0;0.0
development,3956,all_pairs,4.5,4.304832264766679,0.0;0.0;0.0;0.0;0.0
development,3957,all_pairs,4.93,4.256524526478092,0.0;0.0;0.0;0.0;0.0
development,3958,all_pairs,3.58,4.27995166113569,0.0;0.0;0.0;0.0;0.0
development,3959,all_pairs,6.140000000000001,4.478771854440411,0.0;0.0;0.0;0.0;0.0
development,3960,all_pairs,5.05,4.393572715719426,0.0;0.0;0.0;0.0;0.0
development,3961,all_pairs,4.18,4.3991420283951275,0.0;0.0;0.0;0.0;0.0
development,3962,all_pairs,3.62,3.874919748146783,0.0;0.0;0.0;0.0;0.0
development,3963,all_pairs,4.15,4.293974031989764,0.0;0.0;0.0;0.0;0.0
development,3964,all_pairs,4.88,4.312267292090152,0.0;0.0;0.0;0.0;0.0
development,3965,all_pairs,4.52,3.7294146940965733,0.0;0.0;0.0;0.0;0.0
development,3966,all_pairs,3.29,4.46840957349094,0.0;0.0;0.0;0.0;0.0
development,3967,all_pairs,4.63,4.050900409574112,0.0;0.0;0.0;0.0;0.0
development,3968,all_pairs,2.59,3.9736117588252498,0.0;0.0;0.0;0.0;0.0
development,3969,all_pairs,2.28,3.7504771359123756,0.0;0.0;0.0;0.0;0.0
development,3971,all_pairs,5.58,4.960646426965079,0.0;0.0;0.0;0.0;0.0
development,3972,all_pairs,4.11,4.958404577164405,0.0;0.0;0.0;0.0;0.0
development,3973,all_pairs,1.96,3.4768817098323925,0.0;0.0;0.0;0.0;0.0
development,3974,all_pairs,5.915,5.180389039387136,0.0;0.0;0.0;0.0;0.0
development,3975,all_pairs,4.22,4.897986599963567,0.0;0.0;0.0;0.0;0.0
development,3976,all_pairs,1.76,3.8384291058912834,0.0;0.0;0.0;0.0;0.0
development,3977,all_pairs,5.005,4.71476278690001,0.0;0.0;0.0;0.0;0.0
development,3978,all_pairs,5.15,3.7844807232035236,0.0;0.0;0.0;0.0;0.0
development,3979,all_pairs,4.56,4.887667113758626,0.0;0.0;0.0;0.0;0.0
development,3980,all_pairs,2.45,4.226192553553088,0.0;0.0;0.0;0.0;0.0
development,3981,all_pairs,6.115,4.292328132145777,0.0;0.0;0.0;0.0;0.0
development,3982,all_pairs,4.68,4.25279282950386,0.0;0.0;0.0;0.0;0.0
development,3983,all_pairs,5.13,4.613527580172469,0.0;0.0;0.0;0.0;0.0
development,3985,all_pairs,1.91,3.5921958618535363,0.0;0.0;0.0;0.0;0.0
development,3987,all_pairs,4.87,4.166865163660073,0.0;0.0;0.0;0.0;0.0
development,3988,all_pairs,3.64,4.04488125105478,0.0;0.0;0.0;0.0;0.0
development,3989,all_pairs,5.39,4.402951527983419,0.0;0.0;0.0;0.0;0.0
development,3990,all_pairs,2.39,4.129661247567181,0.0;0.0;0.0;0.0;0.0
development,3991,all_pairs,4.46,4.171882877302406,0.0;0.0;0.0;0.0;0.0
development,3992,all_pairs,5.76,4.590855983239261,0.0;0.0;0.0;0.0;0.0
development,3993,all_pairs,3.4,4.460866348268408,0.0;0.0;0.0;0.0;0.0
development,3994,all_pairs,4.5,4.867204940457025,0.0;0.0;0.0;0.0;0.0
development,3995,all_pairs,5.41,4.587716463163865,0.0;0.0;0.0;0.0;0.0
development,3996,all_pairs,3.62,4.369291095324836,0.0;0.0;0.0;0.0;0.0
development,3997,all_pairs,3.55,4.811542130039577,0.0;0.0;0.0;0.0;0.0
development,3998,all_pairs,4.6,4.111758481138199,0.0;0.0;0.0;0.0;0.0
development,3999,all_pairs,5.02,4.155502672891833,0.0;0.0;0.0;0.0;0.0
development,4000,all_pairs,3.36,3.9211815966092485,0.0;0.0;0.0;0.0;0.0
development,4001,all_pairs,2.89,3.8102685444585376,0.0;0.0;0.0;0.0;0.0
development,4002,all_pairs,3.63,4.38249678939659,0.0;0.0;0.0;0.0;0.0
development,4003,all_pairs,6.02,4.366287946547356,0.0;0.0;0.0;0.0;0.0
development,4004,all_pairs,4.34,4.201416516505753,0.0;0.0;0.0;0.0;0.0
development,4005,all_pairs,5.4,4.539863750092874,0.0;0.0;0.0;0.0;0.0
development,4006,all_pairs,3.85,4.244375324369604,0.0;0.0;0.0;0.0;0.0
development,4007,all_pairs,5.37,4.141184899192997,0.0;0.0;0.0;0.0;0.0
development,4009,all_pairs,4.61,4.344933499539861,0.0;0.0;0.0;0.0;0.0
development,4010,all_pairs,2.73,4.455621563386384,0.0;0.0;0.0;0.0;0.0
development,4011,all_pairs,5.16,3.834164508557165,0.0;0.0;0.0;0.0;0.0
development,4012,all_pairs,5.06,4.342696759593143,0.0;0.0;0.0;0.0;0.0
development,4015,all_pairs,4.07,4.226497339863203,0.0;0.0;0.0;0.0;0.0
development,4016,all_pairs,4.09,4.306474013342242,0.0;0.0;0.0;0.0;0.0
development,4017,all_pairs,4.98,4.116024033142874,0.0;0.0;0.0;0.0;0.0
development,4018,all_pairs,4.26,4.48353137793564,0.0;0.0;0.0;0.0;0.0
development,4019,all_pairs,5.52,4.518365221691483,0.0;0.0;0.0;0.0;0.0
development,4020,all_pairs,4.87,4.461860310191377,0.0;0.0;0.0;0.0;0.0
development,4021,all_pairs,4.39,4.232695571021778,0.0;0.0;0.0;0.0;0.0
development,4022,all_pairs,4.17,4.715084689672036,0.0;0.0;0.0;0.0;0.0
development,4023,all_pairs,5.0,4.501227274984421,0.0;0.0;0.0;0.0;0.0
development,4024,all_pairs,4.62,4.189575836052083,0.0;0.0;0.0;0.0;0.0
development,4025,all_pairs,5.25,4.319543862327351,0.0;0.0;0.0;0.0;0.0
development,4026,all_pairs,4.77,4.463366509310934,0.0;0.0;0.0;0.0;0.0
development,4027,all_pairs,2.55,4.203461284467426,0.0;0.0;0.0;0.0;0.0
development,4028,all_pairs,2.97,4.151776012440264,0.0;0.0;0.0;0.0;0.0
development,4029,all_pairs,4.74,3.6605772669076506,0.0;0.0;0.0;0.0;0.0
development,4030,all_pairs,4.62,4.572548062768906,0.0;0.0;0.0;0.0;0.0
development,4031,all_pairs,2.06,3.9360294597953405,0.0;0.0;0.0;0.0;0.0
development,4033,all_pairs,5.77,5.108264374399423,0.0;0.0;0.0;0.0;0.0
development,4034,all_pairs,5.42,4.4471044168011735,0.0;0.0;0.0;0.0;0.0
development,4035,all_pairs,4.85,4.886080908682662,0.0;0.0;0.0;0.0;0.0
development,4036,all_pairs,5.6,4.326795408744191,0.0;0.0;0.0;0.0;0.0
development,4038,all_pairs,3.81,5.137604664979588,0.0;0.0;0.0;0.0;0.0
development,4039,all_pairs,4.74,4.766895137260983,0.0;0.0;0.0;0.0;0.0
development,4040,all_pairs,3.54,3.8536582337873035,0.0;0.0;0.0;0.0;0.0
development,4041,all_pairs,2.99,4.198606254196522,0.0;0.0;0.0;0.0;0.0
development,4042,all_pairs,3.0,4.659931313365128,0.0;0.0;0.0;0.0;0.0
development,4043,all_pairs,6.22,4.487884818075291,0.0;0.0;0.0;0.0;0.0
development,4044,all_pairs,4.04,3.9378022889621445,0.0;0.0;0.0;0.0;0.0
development,4045,all_pairs,1.74,4.322294062415883,0.0;0.0;0.0;0.0;0.0
development,4046,all_pairs,4.64,4.930013855239186,0.0;0.0;0.0;0.0;0.0
development,4047,all_pairs,6.34,4.549198193224415,0.0;0.0;0.0;0.0;0.0
development,4048,all_pairs,2.5,3.673623527691219,0.0;0.0;0.0;0.0;0.0
development,4050,all_pairs,3.53,4.033890775577384,0.0;0.0;0.0;0.0;0.0
development,4051,all_pairs,2.67,3.9635790754384974,0.0;0.0;0.0;0.0;0.0
development,4052,all_pairs,4.82,4.002229272050885,0.0;0.0;0.0;0.0;0.0
development,4053,all_pairs,5.19,4.509354432528603,0.0;0.0;0.0;0.0;0.0
development,4054,all_pairs,5.43,4.473771281530491,0.0;0.0;0.0;0.0;0.0
development,4055,all_pairs,2.76,3.9890647590388557,0.0;0.0;0.0;0.0;0.0
development,4056,all_pairs,1.95,4.135413667692166,0.0;0.0;0.0;0.0;0.0
development,4057,all_pairs,4.79,4.116518336844572,0.0;0.0;0.0;0.0;0.0
development,4058,all_pairs,5.78,4.744634492512851,0.0;0.0;0.0;0.0;0.0
development,4059,all_pairs,4.93,3.988151537067387,0.0;0.0;0.0;0.0;0.0
development,4061,all_pairs,5.91,4.173332539031313,0.0;0.0;0.0;0.0;0.0
development,4062,all_pairs,4.39,3.9562809210608894,0.0;0.0;0.0;0.0;0.0
development,4064,all_pairs,4.98,4.381073302294838,0.0;0.0;0.0;0.0;0.0
development,4066,all_pairs,4.89,4.578841103311258,0.0;0.0;0.0;0.0;0.0
development,4067,all_pairs,5.82,4.384719940248268,0.0;0.0;0.0;0.0;0.0
development,4068,all_pairs,5.74,4.2810988105644014,0.0;0.0;0.0;0.0;0.0
development,4069,all_pairs,4.45,4.052005324986202,0.0;0.0;0.0;0.0;0.0
development,4070,all_pairs,5.29,3.799700861177347,0.0;0.0;0.0;0.0;0.0
development,4071,all_pairs,4.72,3.8563497089395535,0.0;0.0;0.0;0.0;0.0
development,4072,all_pairs,1.82,3.9704763096469256,0.0;0.0;0.0;0.0;0.0
development,4073,all_pairs,2.65,4.338987488032072,0.0;0.0;0.0;0.0;0.0
development,4074,all_pairs,1.78,4.103181736521034,0.0;0.0;0.0;0.0;0.0
development,4075,all_pairs,5.46,4.3249866753611705,0.0;0.0;0.0;0.0;0.0
development,4076,all_pairs,4.43,4.855277559457271,0.0;0.0;0.0;0.0;0.0
development,4077,all_pairs,5.71,5.544550737991008,0.0;0.0;0.0;0.0;0.0
development,4079,all_pairs,5.05,4.755164352427141,0.0;0.0;0.0;0.0;0.0
development,4080,all_pairs,5.18,4.6926456405458685,0.0;0.0;0.0;0.0;0.0
development,4081,all_pairs,5.13,4.221360573875819,0.0;0.0;0.0;0.0;0.0
development,4082,all_pairs,6.43,4.9567924481612184,0.0;0.0;0.0;0.0;0.0
development,4083,all_pairs,5.43,5.179512068676613,0.0;0.0;0.0;0.0;0.0
development,4084,all_pairs,4.71,4.637879023348615,0.0;0.0;0.0;0.0;0.0
development,4085,all_pairs,4.15,4.106794440332607,0.0;0.0;0.0;0.0;0.0
development,4086,all_pairs,3.92,3.892882338287841,0.0;0.0;0.0;0.0;0.0
development,4088,all_pairs,5.56,5.031845002276676,0.0;0.0;0.0;0.0;0.0
development,4089,all_pairs,5.34,4.455953788249563,0.0;0.0;0.0;0.0;0.0
development,4090,all_pairs,3.98,4.222324331858543,0.0;0.0;0.0;0.0;0.0
development,4092,all_pairs,2.45,5.714809852098655,0.0;0.0;0.0;0.0;0.0
development,4093,all_pairs,4.94,4.2633286903656105,0.0;0.0;0.0;0.0;0.0
development,4094,all_pairs,5.64,4.001284605561056,0.0;0.0;0.0;0.0;0.0
development,4095,all_pairs,4.79,4.24671318602196,0.0;0.0;0.0;0.0;0.0
development,4097,all_pairs,4.68,3.9509600282587294,0.0;0.0;0.0;0.0;0.0
development,4098,all_pairs,5.27,3.8879977016027247,0.0;0.0;0.0;0.0;0.0
development,4099,all_pairs,2.61,4.210258900241655,0.0;0.0;0.0;0.0;0.0
development,4101,all_pairs,2.49,4.16359641785349,0.0;0.0;0.0;0.0;0.0
development,4102,all_pairs,2.95,3.5011125522352105,0.0;0.0;0.0;0.0;0.0
development,4103,all_pairs,6.69,5.356079845290052,0.0;0.0;0.0;0.0;0.0
development,4104,all_pairs,5.03,5.59969602755908,0.0;0.0;0.0;0.0;0.0
development,4105,all_pairs,5.58,4.458746360509359,0.0;0.0;0.0;0.0;0.0
development,4106,all_pairs,4.45,4.111961686486763,0.0;0.0;0.0;0.0;0.0
development,4107,all_pairs,3.26,4.608251037889724,0.0;0.0;0.0;0.0;0.0
development,4109,all_pairs,5.39,4.410882052721174,0.0;0.0;0.0;0.0;0.0
development,4111,all_pairs,4.92,4.282065771136192,0.0;0.0;0.0;0.0;0.0
development,4112,all_pairs,4.32,4.406606666441443,0.0;0.0;0.0;0.0;0.0
development,4113,all_pairs,2.92,4.305438488634344,0.0;0.0;0.0;0.0;0.0
development,4114,all_pairs,1.88,3.930315958123155,0.0;0.0;0.0;0.0;0.0
development,4115,all_pairs,4.82,4.383376708598723,0.0;0.0;0.0;0.0;0.0
development,4116,all_pairs,4.41,3.8343450570509106,0.0;0.0;0.0;0.0;0.0
development,4117,all_pairs,6.14,4.411465921630407,0.0;0.0;0.0;0.0;0.0
development,4118,all_pairs,5.14,4.416055315081183,0.0;0.0;0.0;0.0;0.0
development,4119,all_pairs,4.86,4.652782180762944,0.0;0.0;0.0;0.0;0.0
development,4120,all_pairs,5.39,4.046632829912996,0.0;0.0;0.0;0.0;0.0
development,4121,all_pairs,4.33,4.65627157983391,0.0;0.0;0.0;0.0;0.0
development,4122,all_pairs,3.14,4.456972971416366,0.0;0.0;0.0;0.0;0.0
development,4123,all_pairs,3.62,3.6852215247715994,0.0;0.0;0.0;0.0;0.0
development,4124,all_pairs,4.84,4.273330341402364,0.0;0.0;0.0;0.0;0.0
development,4126,all_pairs,3.07,4.485600199118386,0.0;0.0;0.0;0.0;0.0
development,4127,all_pairs,4.875,4.43331305238406,0.0;0.0;0.0;0.0;0.0
development,4128,all_pairs,4.64,4.5984717169259515,0.0;0.0;0.0;0.0;0.0
development,4129,all_pairs,4.89,4.4782264178747795,0.0;0.0;0.0;0.0;0.0
development,4130,all_pairs,3.01,3.9632386556602075,0.0;0.0;0.0;0.0;0.0
development,4131,all_pairs,5.2,5.359427948934337,0.0;0.0;0.0;0.0;0.0
development,4132,all_pairs,4.35,4.581875931828926,0.0;0.0;0.0;0.0;0.0
validation,0,all_pairs,5.27,4.155164362157869,0.0
validation,2,all_pairs,2.54,3.460290676242476,0.0
validation,10,all_pairs,6.16,5.071489741157748,0.0
validation,11,all_pairs,1.73,3.7268994632735053,0.0
validation,38,all_pairs,3.41,4.1061609943288095,0.0
validation,39,all_pairs,3.19,4.262086667418041,0.0
validation,41,all_pairs,4.01,3.441570085809878,0.0
validation,42,all_pairs,1.83,3.119673931096674,0.0
validation,46,all_pairs,4.8,4.148240606264638,0.0
validation,60,all_pairs,5.67,4.919955481409063,0.0
validation,62,all_pairs,2.19,2.7884499034059043,0.0
validation,71,all_pairs,5.42,4.2121322913524395,0.0
validation,72,all_pairs,4.57,3.848381406636625,0.0
validation,79,all_pairs,5.06,4.432406294849238,0.0
validation,80,all_pairs,5.18,4.786418962499681,0.0
validation,84,all_pairs,4.91,3.978602227734047,0.0
validation,85,all_pairs,5.08,3.9677566552209598,0.0
validation,87,all_pairs,4.31,4.798748135625328,0.0
validation,88,all_pairs,4.76,4.592953541516283,0.0
validation,98,all_pairs,4.08,4.211179209249812,0.0
validation,103,all_pairs,5.05,4.4242272306945205,0.0
validation,107,all_pairs,3.27,3.960112910142439,0.0
validation,110,all_pairs,4.47,4.41279143816491,0.0
validation,112,all_pairs,5.25,4.185980841222596,0.0
validation,117,all_pairs,3.33,3.4240756433319595,0.0
validation,134,all_pairs,4.48,4.626143975323884,0.0
validation,137,all_pairs,5.42,5.13080823094535,0.0
validation,144,all_pairs,5.3,4.897718692735184,0.0
validation,145,all_pairs,4.65,4.678154856642754,0.0
validation,151,all_pairs,4.61,4.665372352956906,0.0
validation,153,all_pairs,5.2,3.744966062880992,0.0
validation,155,all_pairs,5.19,3.949642467654717,0.0
validation,156,all_pairs,4.78,4.383868373255814,0.0
validation,160,all_pairs,5.15,4.355291825225348,0.0
validation,188,all_pairs,5.44,4.456734278216398,0.0
validation,192,all_pairs,5.08,3.7397391877075377,0.0
validation,195,all_pairs,5.36,4.168751207959732,0.0
validation,199,all_pairs,5.69,4.192674113675874,0.0
validation,200,all_pairs,5.37,3.9107349160236895,0.0
validation,202,all_pairs,4.4,4.545269369761,0.0
validation,210,all_pairs,4.92,4.292962970139848,0.0
validation,212,all_pairs,4.47,4.2796746985394325,0.0
validation,213,all_pairs,4.29,4.172438160727612,0.0
validation,218,all_pairs,5.43,4.460740399495336,0.0
validation,219,all_pairs,5.28,4.550380548001774,0.0
validation,250,all_pairs,5.14,5.569199302174016,0.0
validation,256,all_pairs,4.95,4.283016032330702,0.0
validation,258,all_pairs,1.84,4.150125661616324,0.0
validation,259,all_pairs,5.28,4.4116343028647504,0.0
validation,262,all_pairs,3.56,4.189192503093254,0.0
validation,264,all_pairs,4.69,4.213357921818254,0.0
validation,269,all_pairs,5.46,4.382226308642484,0.0
validation,276,all_pairs,5.15,4.414223468342229,0.0
validation,280,all_pairs,4.84,4.140951633694559,0.0
validation,281,all_pairs,5.13,3.988635706949921,0.0
validation,282,all_pairs,4.31,4.402424073586272,0.0
validation,284,all_pairs,4.92,3.914608000925897,0.0
validation,293,all_pairs,5.42,4.7542141770712325,0.0
validation,294,all_pairs,3.86,4.124272782122685,0.0
validation,295,all_pairs,5.71,5.193332265536535,0.0
validation,306,all_pairs,2.68,3.986233290102011,0.0
validation,313,all_pairs,3.31,3.823544016159989,0.0
validation,318,all_pairs,2.62,4.712551306903876,0.0
validation,320,all_pairs,5.23,4.590977098593149,0.0
validation,323,all_pairs,1.69,4.324895662318376,0.0
validation,326,all_pairs,5.28,4.033412057496928,0.0
validation,334,all_pairs,5.38,4.014934631872297,0.0
validation,338,all_pairs,5.33,4.157569398342764,0.0
validation,339,all_pairs,4.63,4.585021065918798,0.0
validation,342,all_pairs,5.13,4.114693562511802,0.0
validation,344,all_pairs,4.6,3.840326593401298,0.0
validation,346,all_pairs,4.24,4.163490767725575,0.0
validation,347,all_pairs,5.0,3.8278218441599563,0.0
validation,350,all_pairs,3.81,4.108342616624697,0.0
validation,356,all_pairs,4.88,4.7335380418403465,0.0
validation,358,all_pairs,4.61,4.08785505493523,0.0
validation,362,all_pairs,5.06,4.660634499772923,0.0
validation,366,all_pairs,5.08,4.767245297814093,0.0
validation,372,all_pairs,2.22,3.51905480306412,0.0
validation,380,all_pairs,3.49,4.365316685872684,0.0
validation,390,all_pairs,4.24,3.9273634311506846,0.0
validation,397,all_pairs,4.9,4.21851172642879,0.0
validation,398,all_pairs,4.21,4.204632806667085,0.0
validation,399,all_pairs,4.68,4.764458928745327,0.0
validation,417,all_pairs,4.94,4.51964025942229,0.0
validation,419,all_pairs,4.77,4.078499600243973,0.0
validation,420,all_pairs,4.19,4.395530073682765,0.0
validation,423,all_pairs,4.34,4.247570365483549,0.0
validation,426,all_pairs,3.92,4.017790663056069,0.0
validation,430,all_pairs,3.25,4.130255374914563,0.0
validation,431,all_pairs,4.59,4.15070266783664,0.0
validation,447,all_pairs,2.66,3.730571849499978,0.0
validation,453,all_pairs,3.09,4.157697286444216,0.0
validation,456,all_pairs,4.73,3.847984117708294,0.0
validation,458,all_pairs,5.21,4.229471742347015,0.0
validation,460,all_pairs,5.43,4.050546453936543,0.0
validation,461,all_pairs,4.79,4.2282377819736015,0.0
validation,463,all_pairs,2.54,3.6308145931728015,0.0
validation,468,all_pairs,4.09,5.089263573383663,0.0
validation,469,all_pairs,4.93,4.414944180238606,0.0
validation,473,all_pairs,4.7,4.514394371123552,0.0
validation,474,all_pairs,3.43,4.079520330296679,0.0
validation,488,all_pairs,4.26,4.651311781580024,0.0
validation,495,all_pairs,3.49,3.7211431012175695,0.0
validation,512,all_pairs,5.07,5.209536772837339,0.0
validation,518,all_pairs,2.78,3.730410007422356,0.0
validation,520,all_pairs,4.75,4.025473226002534,0.0
validation,521,all_pairs,5.06,3.9989910562909614,0.0
validation,526,all_pairs,4.87,4.451156497486406,0.0
validation,537,all_pairs,4.28,4.5459936726968975,0.0
validation,541,all_pairs,5.12,4.397210694008826,0.0
validation,544,all_pairs,5.2,4.045868927417645,0.0
validation,546,all_pairs,4.85,4.351726890704643,0.0
validation,550,all_pairs,4.41,4.6642644356249905,0.0
validation,554,all_pairs,5.54,4.41513180727936,0.0
validation,559,all_pairs,4.96,4.089048544404737,0.0
validation,563,all_pairs,4.83,4.643739420643212,0.0
validation,569,all_pairs,4.44,4.076231590418278,0.0
validation,586,all_pairs,5.09,4.3082160811005545,0.0
validation,589,all_pairs,3.96,4.143258462561139,0.0
validation,591,all_pairs,5.1,4.176593006100431,0.0
validation,595,all_pairs,4.67,4.302116853117418,0.0
validation,609,all_pairs,5.2,4.826939260616125,0.0
validation,624,all_pairs,5.2,4.346189287787249,0.0
validation,628,all_pairs,4.34,4.085584193565801,0.0
validation,640,all_pairs,5.14,4.661476683596939,0.0
validation,647,all_pairs,5.19,4.3119025214310245,0.0
validation,652,all_pairs,3.63,4.216243209228671,0.0
validation,653,all_pairs,5.31,4.512870492929082,0.0
validation,663,all_pairs,4.35,4.079731988634908,0.0
validation,666,all_pairs,4.39,4.282218682930429,0.0
validation,672,all_pairs,4.72,4.355490879515231,0.0
validation,675,all_pairs,2.4,4.271213539167545,0.0
validation,682,all_pairs,5.27,4.694948689481058,0.0
validation,685,all_pairs,4.61,4.352329711403613,0.0
validation,701,all_pairs,4.72,4.354759228655889,0.0
validation,709,all_pairs,3.81,3.754405681173878,0.0
validation,712,all_pairs,5.13,4.495137889661347,0.0
validation,713,all_pairs,6.3100000000000005,5.119622708635099,0.0
validation,715,all_pairs,1.9,4.248003481905309,0.0
validation,721,all_pairs,4.86,4.027250871554266,0.0
validation,724,all_pairs,4.44,4.715705788778512,0.0
validation,732,all_pairs,6.045,4.59593995294252,0.0
validation,735,all_pairs,5.54,4.593767983457301,0.0
validation,736,all_pairs,5.05,4.275879644814164,0.0
validation,737,all_pairs,2.64,4.103924637496923,0.0
validation,749,all_pairs,5.43,4.331571898184845,0.0
validation,751,all_pairs,5.65,5.775402399386542,0.0
validation,752,all_pairs,4.44,4.537502016464584,0.0
validation,753,all_pairs,5.59,4.970100103008366,0.0
validation,757,all_pairs,5.26,4.164281205030125,0.0
validation,760,all_pairs,4.3,4.408388232058487,0.0
validation,764,all_pairs,2.25,3.7101488689103235,0.0
validation,765,all_pairs,5.12,4.1548750049623155,0.0
validation,766,all_pairs,4.99,4.920927134746041,0.0
validation,774,all_pairs,1.83,4.509451815000161,0.0
validation,775,all_pairs,5.0,4.839185083375273,0.0
validation,776,all_pairs,5.41,4.220647594847194,0.0
validation,777,all_pairs,2.08,4.8051612277571465,0.0
validation,779,all_pairs,4.7,4.752890917316259,0.0
validation,787,all_pairs,5.61,4.905783072494752,0.0
validation,793,all_pairs,5.11,4.610888666916745,0.0
validation,797,all_pairs,2.88,5.013920158797422,0.0
validation,801,all_pairs,5.08,4.359234662150891,0.0
validation,805,all_pairs,4.54,4.480733100241584,0.0
validation,808,all_pairs,4.68,4.266769758977856,0.0
validation,811,all_pairs,5.11,4.292747861926061,0.0
validation,825,all_pairs,4.93,3.9170227334517804,0.0
validation,846,all_pairs,4.26,3.8970167186665243,0.0
validation,851,all_pairs,3.13,3.677163630999787,0.0
validation,853,all_pairs,4.29,3.7152208556243633,0.0
validation,858,all_pairs,2.36,3.732010129178056,0.0
validation,874,all_pairs,5.51,4.292441439678041,0.0
validation,879,all_pairs,4.72,4.756303595288741,0.0
validation,885,all_pairs,5.86,4.126428479771729,0.0
validation,890,all_pairs,5.0,3.8795813671794646,0.0
validation,891,all_pairs,2.7,3.9241665542981967,0.0
validation,892,all_pairs,4.63,3.823080947183262,0.0
validation,902,all_pairs,2.26,4.197246036451052,0.0
validation,924,all_pairs,4.89,3.7487502399893837,0.0
validation,929,all_pairs,4.79,4.390105245505865,0.0
validation,934,all_pairs,1.89,3.9801771120466043,0.0
validation,939,all_pairs,4.07,4.403401998783575,0.0
validation,943,all_pairs,4.68,4.094066681339671,0.0
validation,947,all_pairs,2.55,3.800984139091719,0.0
validation,949,all_pairs,2.55,3.3581345849704394,0.0
validation,958,all_pairs,5.31,4.0596418203735665,0.0
validation,963,all_pairs,5.13,4.628449104346832,0.0
validation,971,all_pairs,4.91,4.164184492783457,0.0
validation,980,all_pairs,4.73,4.868250854059865,0.0
validation,984,all_pairs,2.3,4.061259638659799,0.0
validation,1000,all_pairs,5.69,4.282450855554901,0.0
validation,1007,all_pairs,3.01,4.611122423874284,0.0
validation,1014,all_pairs,4.45,4.09518333924224,0.0
validation,1017,all_pairs,4.86,3.790354652256096,0.0
validation,1022,all_pairs,4.75,4.104887988103576,0.0
validation,1025,all_pairs,5.02,5.523211645522203,0.0
validation,1027,all_pairs,5.14,4.074523020243526,0.0
validation,1038,all_pairs,2.74,4.728283284863173,0.0
validation,1043,all_pairs,5.37,4.416436363074284,0.0
validation,1070,all_pairs,1.77,4.227785883686656,0.0
validation,1072,all_pairs,5.19,5.0004127853178195,0.0
validation,1076,all_pairs,5.78,4.555304062024502,0.0
validation,1081,all_pairs,5.15,4.382513789281589,0.0
validation,1085,all_pairs,3.37,3.859363736824204,0.0
validation,1089,all_pairs,5.19,4.341100859531504,0.0
validation,1090,all_pairs,4.92,4.743396493103605,0.0
validation,1092,all_pairs,2.58,3.6543224822285274,0.0
validation,1098,all_pairs,4.93,4.04140682780463,0.0
validation,1102,all_pairs,2.93,4.10053365488517,0.0
validation,1103,all_pairs,2.9,4.078892106855469,0.0
validation,1105,all_pairs,1.76,4.073560691861012,0.0
validation,1107,all_pairs,2.32,3.512806859949836,0.0
validation,1110,all_pairs,2.87,4.485712314188172,0.0
validation,1115,all_pairs,2.27,4.04082278870388,0.0
validation,1119,all_pairs,3.55,3.662605949843844,0.0
validation,1120,all_pairs,4.4,4.807558515113986,0.0
validation,1124,all_pairs,5.04,4.8640176969641695,0.0
validation,1126,all_pairs,1.98,5.730975390822437,0.0
validation,1127,all_pairs,5.25,4.703906519080286,0.0
validation,1132,all_pairs,4.28,4.765675811996125,0.0
validation,1136,all_pairs,4.92,5.003004719614657,0.0
validation,1137,all_pairs,5.62,4.175781788915606,0.0
validation,1138,all_pairs,4.08,4.371811330960662,0.0
validation,1140,all_pairs,4.87,4.4538155388578415,0.0
validation,1149,all_pairs,2.86,4.128370158628097,0.0
validation,1151,all_pairs,4.47,4.4508886243325305,0.0
validation,1152,all_pairs,1.98,4.019312377926193,0.0
validation,1161,all_pairs,1.64,4.178972231232181,0.0
validation,1163,all_pairs,3.96,4.867489027652452,0.0
validation,1165,all_pairs,2.65,3.464886412936214,0.0
validation,1168,all_pairs,5.22,4.0763660299176285,0.0
validation,1182,all_pairs,2.52,3.382690726779975,0.0
validation,1184,all_pairs,4.3,4.0816341978835995,0.0
validation,1187,all_pairs,4.67,4.293782892580764,0.0
validation,1191,all_pairs,3.94,4.0442763384476175,0.0
validation,1195,all_pairs,5.83,4.614244128385797,0.0
validation,1198,all_pairs,5.29,5.012793145250943,0.0
validation,1199,all_pairs,4.53,4.285540558179316,0.0
validation,1201,all_pairs,5.62,4.179532950847364,0.0
validation,1211,all_pairs,4.9,4.446409635460743,0.0
validation,1212,all_pairs,4.95,4.775621359403614,0.0
validation,1213,all_pairs,5.21,4.3947432225547685,0.0
validation,1215,all_pairs,2.74,3.905872211755048,0.0
validation,1216,all_pairs,4.82,4.1855331764138946,0.0
validation,1222,all_pairs,5.06,5.145542611539904,0.0
validation,1236,all_pairs,4.43,4.196437723567494,0.0
validation,1241,all_pairs,4.7,4.28044122474979,0.0
validation,1245,all_pairs,3.7,4.142624660513441,0.0
validation,1247,all_pairs,5.06,3.998018294576224,0.0
validation,1252,all_pairs,5.215,4.151749573109397,0.0
validation,1258,all_pairs,3.43,4.386950330331649,0.0
validation,1264,all_pairs,5.0,4.6709499193315915,0.0
validation,1269,all_pairs,4.82,4.138504449571901,0.0
validation,1270,all_pairs,5.62,5.560473662413851,0.0
validation,1272,all_pairs,2.98,4.158537794765388,0.0
validation,1287,all_pairs,5.31,3.7059795703969503,0.0
validation,1290,all_pairs,2.86,3.9745524125823395,0.0
validation,1293,all_pairs,5.949999999999999,4.334052953093247,0.0
validation,1304,all_pairs,3.14,4.468084558290421,0.0
validation,1315,all_pairs,4.06,4.645233966783856,0.0
validation,1318,all_pairs,4.36,4.356639699451121,0.0
validation,1322,all_pairs,4.74,4.148646983563219,0.0
validation,1326,all_pairs,1.73,4.543085929154341,0.0
validation,1330,all_pairs,4.35,4.093269542990632,0.0
validation,1335,all_pairs,2.77,3.9873860747705265,0.0
validation,1342,all_pairs,4.6,4.504064949396528,0.0
validation,1343,all_pairs,4.61,3.9938868307609794,0.0
validation,1347,all_pairs,5.0,4.259612103607556,0.0
validation,1360,all_pairs,4.41,4.564767534943118,0.0
validation,1369,all_pairs,4.46,4.1767697559483015,0.0
validation,1374,all_pairs,4.18,5.093090182266548,0.0
validation,1377,all_pairs,4.83,4.214145344614922,0.0
validation,1378,all_pairs,4.09,4.230385758024131,0.0
validation,1383,all_pairs,3.76,4.377964026160439,0.0
validation,1384,all_pairs,5.23,4.019615746387843,0.0
validation,1388,all_pairs,4.24,4.372987968976107,0.0
validation,1391,all_pairs,5.26,4.307875604532952,0.0
validation,1394,all_pairs,3.39,3.6249170753958113,0.0
validation,1403,all_pairs,5.27,4.372358454740172,0.0
validation,1409,all_pairs,2.42,4.480204604917602,0.0
validation,1412,all_pairs,1.75,4.586548926081305,0.0
validation,1415,all_pairs,4.92,4.455168530178375,0.0
validation,1417,all_pairs,1.93,3.1421323382799624,0.0
validation,1419,all_pairs,5.54,4.660055140237526,0.0
validation,1420,all_pairs,5.99,5.303830203933897,0.0
validation,1424,all_pairs,2.09,3.1553856870919708,0.0
validation,1430,all_pairs,3.35,4.1566464468284305,0.0
validation,1436,all_pairs,5.15,4.216028485802035,0.0
validation,1450,all_pairs,4.6,4.212357304467933,0.0
validation,1451,all_pairs,5.27,4.013320339536584,0.0
validation,1461,all_pairs,5.1,4.642224529324504,0.0
validation,1464,all_pairs,3.73,4.458822970932652,0.0
validation,1469,all_pairs,3.44,4.082658467386887,0.0
validation,1472,all_pairs,3.89,4.196143449829788,0.0
validation,1479,all_pairs,3.04,4.293794945669562,0.0
validation,1481,all_pairs,4.87,4.1993624758160495,0.0
validation,1482,all_pairs,4.87,4.598496413640956,0.0
validation,1485,all_pairs,1.96,3.6803226414333907,0.0
validation,1487,all_pairs,5.23,4.488437606260832,0.0
validation,1492,all_pairs,5.34,4.6619811345619,0.0
validation,1497,all_pairs,5.02,4.183974432486833,0.0
validation,1505,all_pairs,5.45,4.444161562951856,0.0
validation,1509,all_pairs,5.23,4.6767332164788655,0.0
validation,1510,all_pairs,4.89,4.522202280534838,0.0
validation,1522,all_pairs,4.68,4.42575996677977,0.0
validation,1524,all_pairs,4.82,4.41480199633739,0.0
validation,1539,all_pairs,5.51,4.671247732647603,0.0
validation,1548,all_pairs,4.24,3.6933117693633895,0.0
validation,1555,all_pairs,5.42,3.9888498018912517,0.0
validation,1558,all_pairs,2.48,3.913647088074231,0.0
validation,1568,all_pairs,5.16,4.014358755593611,0.0
validation,1569,all_pairs,4.88,3.848809090725117,0.0
validation,1575,all_pairs,3.05,4.23342453692397,0.0
validation,1579,all_pairs,5.93,4.315229524148456,0.0
validation,1580,all_pairs,5.11,4.374373032503045,0.0
validation,1582,all_pairs,4.06,4.494192987731775,0.0
validation,1583,all_pairs,3.04,4.254076689186078,0.0
validation,1586,all_pairs,4.6,4.421959394909392,0.0
validation,1592,all_pairs,5.18,4.328876791687239,0.0
validation,1601,all_pairs,4.71,4.570606279238454,0.0
validation,1602,all_pairs,5.34,4.346307104590838,0.0
validation,1604,all_pairs,4.78,4.548154649989513,0.0
validation,1608,all_pairs,2.55,3.7172901896855914,0.0
validation,1610,all_pairs,4.72,4.3386900869277945,0.0
validation,1612,all_pairs,2.41,3.063480076979911,0.0
validation,1615,all_pairs,4.87,4.115821074481559,0.0
validation,1617,all_pairs,5.19,4.610238642187445,0.0
validation,1622,all_pairs,5.19,4.5740987376206155,0.0
validation,1625,all_pairs,4.76,4.122289421067254,0.0
validation,1647,all_pairs,4.6,4.280694807594406,0.0
validation,1648,all_pairs,5.27,4.24481739807132,0.0
validation,1654,all_pairs,5.1,4.6010856956506005,0.0
validation,1655,all_pairs,5.83,4.705572781639903,0.0
validation,1657,all_pairs,5.48,4.643059268528092,0.0
validation,1679,all_pairs,2.04,4.179180266485057,0.0
validation,1682,all_pairs,2.0,3.317486975977877,0.0
validation,1684,all_pairs,4.09,4.630610225448736,0.0
validation,1701,all_pairs,3.98,3.88021619225437,0.0
validation,1705,all_pairs,2.77,4.245724266423006,0.0
validation,1708,all_pairs,4.75,4.4870812182728415,0.0
validation,1715,all_pairs,4.76,4.151820662978347,0.0
validation,1722,all_pairs,3.85,3.993721383280101,0.0
validation,1725,all_pairs,5.13,4.552512248524298,0.0
validation,1735,all_pairs,4.77,3.956124255562812,0.0
validation,1753,all_pairs,2.77,4.262776507821805,0.0
validation,1759,all_pairs,2.95,3.9777257727239475,0.0
validation,1767,all_pairs,5.17,4.308621640473457,0.0
validation,1768,all_pairs,2.24,4.2943035120768975,0.0
validation,1770,all_pairs,5.01,4.499350938075386,0.0
validation,1781,all_pairs,4.49,4.431135736750494,0.0
validation,1790,all_pairs,4.67,4.87788305412917,0.0
validation,1800,all_pairs,5.26,4.7758120125835735,0.0
validation,1813,all_pairs,4.88,4.88957514352468,0.0
validation,1815,all_pairs,5.38,4.869871488656231,0.0
validation,1821,all_pairs,4.84,4.470617852906375,0.0
validation,1833,all_pairs,4.9,4.073308095238715,0.0
validation,1849,all_pairs,5.43,4.901646798248692,0.0
validation,1852,all_pairs,3.55,3.4545097600598944,0.0
validation,1856,all_pairs,4.64,4.960193551022651,0.0
validation,1860,all_pairs,4.75,4.141777864978384,0.0
validation,1862,all_pairs,5.11,4.347315429615841,0.0
validation,1866,all_pairs,4.27,5.1089404270258765,0.0
validation,1877,all_pairs,5.28,4.210752264216719,0.0
validation,1882,all_pairs,5.15,4.3911022344919965,0.0
validation,1898,all_pairs,4.91,4.487025683851214,0.0
validation,1912,all_pairs,4.62,4.6684673899117435,0.0
validation,1913,all_pairs,4.99,3.762954536810709,0.0
validation,1914,all_pairs,5.16,4.162803789449027,0.0
validation,1917,all_pairs,4.48,4.265501991120799,0.0
validation,1923,all_pairs,5.1,4.020357842360648,0.0
validation,1942,all_pairs,5.54,4.435221559539631,0.0
validation,1950,all_pairs,5.11,3.9888874387398294,0.0
validation,1962,all_pairs,1.8,4.162686443018504,0.0
validation,1964,all_pairs,4.79,3.7949385788701635,0.0
validation,1970,all_pairs,2.84,4.23336483786775,0.0
validation,1983,all_pairs,4.99,3.762243414042251,0.0
validation,1985,all_pairs,5.33,4.7842598467014135,0.0
validation,1986,all_pairs,4.98,5.174861373415509,0.0
validation,1993,all_pairs,4.47,4.41433636181849,0.0
validation,1996,all_pairs,4.11,4.1579882679806435,0.0
validation,1998,all_pairs,4.92,3.987605725579201,0.0
validation,2000,all_pairs,4.609999999999999,4.549487306109581,0.0
validation,2003,all_pairs,5.25,4.247201427516231,0.0
validation,2006,all_pairs,4.84,4.326350588916352,0.0
validation,2013,all_pairs,4.73,4.244831521909317,0.0
validation,2018,all_pairs,5.28,4.758014443121169,0.0
validation,2019,all_pairs,5.82,5.404433268877893,0.0
validation,2024,all_pairs,4.48,4.148133961141494,0.0
validation,2032,all_pairs,5.71,4.0049545845910375,0.0
validation,2043,all_pairs,3.0,4.621312029797342,0.0
validation,2056,all_pairs,2.14,3.9567663524512775,0.0
validation,2057,all_pairs,3.88,3.9706612712207043,0.0
validation,2063,all_pairs,4.4,4.2121637808676216,0.0
validation,2073,all_pairs,4.76,4.369615696326888,0.0
validation,2076,all_pairs,3.5,4.369284461504353,0.0
validation,2080,all_pairs,4.93,4.15714117858573,0.0
validation,2081,all_pairs,4.8,3.699775813338973,0.0
validation,2084,all_pairs,4.73,4.3177837698098855,0.0
validation,2085,all_pairs,5.3,4.014461846666847,0.0
validation,2096,all_pairs,5.22,4.217756458491879,0.0
validation,2102,all_pairs,3.79,4.1898840063679295,0.0
validation,2103,all_pairs,2.45,3.2611615575150075,0.0
validation,2106,all_pairs,3.66,3.894622406071677,0.0
validation,2107,all_pairs,5.81,4.682984714101948,0.0
validation,2109,all_pairs,4.73,3.8872782194631816,0.0
validation,2116,all_pairs,1.85,4.900525407412667,0.0
validation,2117,all_pairs,5.63,4.526142700345582,0.0
validation,2127,all_pairs,5.12,4.40873014279267,0.0
validation,2128,all_pairs,4.63,4.114534153045954,0.0
validation,2136,all_pairs,5.22,3.9517995965971804,0.0
validation,2143,all_pairs,3.08,3.877952376596931,0.0
validation,2148,all_pairs,5.22,3.99340758867048,0.0
validation,2156,all_pairs,3.81,5.0658463510411025,0.0
validation,2158,all_pairs,4.07,4.568696467423299,0.0
validation,2162,all_pairs,2.45,3.926754832213251,0.0
validation,2182,all_pairs,2.1,2.6852810216371497,0.0
validation,2187,all_pairs,3.72,4.113006021414438,0.0
validation,2189,all_pairs,5.53,3.938823917408018,0.0
validation,2191,all_pairs,5.31,4.2106847913244225,0.0
validation,2194,all_pairs,5.35,3.9817850464329596,0.0
validation,2199,all_pairs,3.95,4.197081997349222,0.0
validation,2202,all_pairs,4.98,4.620146161619087,0.0
validation,2209,all_pairs,5.33,4.124938880962245,0.0
validation,2210,all_pairs,5.16,4.636409997195047,0.0
validation,2213,all_pairs,4.92,4.0197438853560525,0.0
validation,2215,all_pairs,5.27,4.560218166349244,0.0
validation,2217,all_pairs,4.6,4.3641060209996,0.0
validation,2220,all_pairs,2.63,3.5658909831797523,0.0
validation,2222,all_pairs,5.28,4.320220414425903,0.0
validation,2226,all_pairs,4.84,4.576067626212956,0.0
validation,2244,all_pairs,2.8,3.970061438906002,0.0
validation,2253,all_pairs,4.74,4.213362574878037,0.0
validation,2264,all_pairs,4.87,4.398145934652526,0.0
validation,2274,all_pairs,4.47,5.736666924955744,0.0
validation,2275,all_pairs,5.47,4.225633815017098,0.0
validation,2277,all_pairs,4.75,4.5160002956757905,0.0
validation,2278,all_pairs,2.65,3.2550403562123282,0.0
validation,2288,all_pairs,2.94,3.9154491402885157,0.0
validation,2292,all_pairs,4.54,4.27568140698455,0.0
validation,2293,all_pairs,4.3,4.192396328127787,0.0
validation,2295,all_pairs,4.48,3.611616571337744,0.0
validation,2296,all_pairs,5.0,4.306702755229216,0.0
validation,2301,all_pairs,5.33,5.042564949014299,0.0
validation,2307,all_pairs,5.43,4.338667513809539,0.0
validation,2308,all_pairs,2.95,4.761781743207265,0.0
validation,2319,all_pairs,4.84,4.26629460263091,0.0
validation,2329,all_pairs,4.58,4.238797824774246,0.0
validation,2331,all_pairs,4.73,4.467784241671874,0.0
validation,2338,all_pairs,5.0,4.092077724869148,0.0
validation,2340,all_pairs,2.5,3.9834934088329654,0.0
validation,2344,all_pairs,3.2,3.9770122987181264,0.0
validation,2345,all_pairs,5.45,4.469962931496135,0.0
validation,2349,all_pairs,3.9,3.7345139669840064,0.0
validation,2350,all_pairs,1.82,4.419980459597484,0.0
validation,2352,all_pairs,1.98,4.743200109267516,0.0
validation,2356,all_pairs,5.795,4.484616707511604,0.0
validation,2359,all_pairs,5.91,4.778420563908421,0.0
validation,2367,all_pairs,2.82,4.236476123125422,0.0
validation,2368,all_pairs,1.97,3.218402278444115,0.0
validation,2374,all_pairs,4.94,3.8522917259145104,0.0
validation,2376,all_pairs,5.48,4.049823699900671,0.0
validation,2385,all_pairs,4.79,4.905212703839001,0.0
validation,2387,all_pairs,2.27,4.5433805795680415,0.0
validation,2391,all_pairs,5.14,3.9321810618085773,0.0
validation,2392,all_pairs,4.34,4.523988282932397,0.0
validation,2405,all_pairs,3.27,4.173156165516951,0.0
validation,2414,all_pairs,5.1,4.6644813711082165,0.0
validation,2415,all_pairs,4.67,3.816101908970658,0.0
validation,2421,all_pairs,5.29,4.4750237830307,0.0
validation,2425,all_pairs,4.5,4.8019753905624,0.0
validation,2433,all_pairs,3.24,4.043455977088607,0.0
validation,2444,all_pairs,5.19,4.35775344015133,0.0
validation,2446,all_pairs,4.5,3.9562696030913043,0.0
validation,2451,all_pairs,5.3,4.362548964480188,0.0
validation,2459,all_pairs,5.24,3.8675719717197907,0.0
validation,2467,all_pairs,5.09,4.042730052834995,0.0
validation,2470,all_pairs,4.83,4.174591951653995,0.0
validation,2476,all_pairs,3.9,4.484847302966396,0.0
validation,2481,all_pairs,4.53,3.9962857828991307,0.0
validation,2483,all_pairs,5.04,4.3610638748141275,0.0
validation,2484,all_pairs,6.04,4.59235287318259,0.0
validation,2491,all_pairs,3.4,4.081742061638304,0.0
validation,2496,all_pairs,5.3,4.2810367484511245,0.0
validation,2503,all_pairs,3.79,3.5089942721067002,0.0
validation,2504,all_pairs,5.04,4.700843611936122,0.0
validation,2505,all_pairs,4.81,4.2321387887937485,0.0
validation,2507,all_pairs,4.9,4.3578267263879145,0.0
validation,2512,all_pairs,5.06,4.271450275324784,0.0
validation,2513,all_pairs,5.45,4.259918281596968,0.0
validation,2526,all_pairs,5.16,5.048701163007572,0.0
validation,2527,all_pairs,5.16,4.961224725322537,0.0
validation,2531,all_pairs,5.67,4.383016971789643,0.0
validation,2540,all_pairs,5.26,4.650056397504697,0.0
validation,2546,all_pairs,4.45,4.4452150779336055,0.0
validation,2547,all_pairs,2.01,4.448407989782078,0.0
validation,2549,all_pairs,4.66,4.529981887917474,0.0
validation,2553,all_pairs,1.81,4.5878409105794535,0.0
validation,2555,all_pairs,5.09,4.609060054450563,0.0
validation,2557,all_pairs,5.22,4.180262269453575,0.0
validation,2561,all_pairs,5.39,4.369372426558213,0.0
validation,2567,all_pairs,5.0,4.573877529837071,0.0
validation,2571,all_pairs,4.53,4.165084567649905,0.0
validation,2576,all_pairs,5.19,4.73020810374682,0.0
validation,2581,all_pairs,4.77,4.7401907633915705,0.0
validation,2584,all_pairs,4.76,4.277373767394348,0.0
validation,2585,all_pairs,4.85,5.1739103187494395,0.0
validation,2592,all_pairs,5.8,4.3454068819611535,0.0
validation,2597,all_pairs,5.3,5.346010364864922,0.0
validation,2598,all_pairs,5.23,4.326780137954567,0.0
validation,2603,all_pairs,4.53,4.255779905369298,0.0
validation,2608,all_pairs,4.93,4.52381215809499,0.0
validation,2615,all_pairs,3.36,4.195180047104138,0.0
validation,2618,all_pairs,4.81,4.331704918794047,0.0
validation,2619,all_pairs,3.2,5.016558851283965,0.0
validation,2621,all_pairs,2.01,3.59111603978317,0.0
validation,2624,all_pairs,4.75,4.09429134972266,0.0
validation,2627,all_pairs,5.01,4.066781753105582,0.0
validation,2633,all_pairs,2.2,3.917124981344979,0.0
validation,2635,all_pairs,4.9,4.625141830137402,0.0
validation,2638,all_pairs,3.36,3.726539296715365,0.0
validation,2642,all_pairs,3.79,4.365837294735487,0.0
validation,2648,all_pairs,5.28,4.273465700173162,0.0
validation,2649,all_pairs,5.37,4.503374054612529,0.0
validation,2655,all_pairs,3.18,3.2875770916768507,0.0
validation,2661,all_pairs,4.63,4.390733689503053,0.0
validation,2665,all_pairs,5.98,4.1251439000008565,0.0
validation,2673,all_pairs,4.82,4.049995134197338,0.0
validation,2676,all_pairs,4.97,4.41877907271889,0.0
validation,2678,all_pairs,1.67,3.8939109759473522,0.0
validation,2683,all_pairs,5.21,4.292474124679037,0.0
validation,2693,all_pairs,4.61,3.8921546733134003,0.0
validation,2694,all_pairs,5.57,4.388159432477337,0.0
validation,2696,all_pairs,5.24,4.24319634734413,0.0
validation,2699,all_pairs,2.78,3.5693257422972837,0.0
validation,2703,all_pairs,5.33,6.192109182759381,0.0
validation,2705,all_pairs,3.93,4.2404832716847105,0.0
validation,2707,all_pairs,5.37,4.79631064000368,0.0
validation,2709,all_pairs,4.17,3.9121145820140724,0.0
validation,2713,all_pairs,4.26,4.049892124004962,0.0
validation,2716,all_pairs,5.14,4.330189951889848,0.0
validation,2724,all_pairs,5.31,4.484328854746768,0.0
validation,2733,all_pairs,4.99,4.192898586848554,0.0
validation,2735,all_pairs,4.82,3.9021140642064123,0.0
validation,2738,all_pairs,5.12,4.1654613827639855,0.0
validation,2742,all_pairs,3.39,4.057862381257688,0.0
validation,2744,all_pairs,5.64,6.08461399541091,0.0
validation,2749,all_pairs,2.81,3.7982185314980734,0.0
validation,2751,all_pairs,5.28,4.194495490552354,0.0
validation,2756,all_pairs,4.57,4.173288722130234,0.0
validation,2760,all_pairs,5.33,4.306019217327962,0.0
validation,2761,all_pairs,3.95,4.3010856082267965,0.0
validation,2771,all_pairs,2.6,3.6426295406465696,0.0
validation,2784,all_pairs,2.84,4.423999180842427,0.0
validation,2786,all_pairs,4.96,4.124982728798068,0.0
validation,2791,all_pairs,5.35,4.700013824520382,0.0
validation,2793,all_pairs,3.1,4.190023097211477,0.0
validation,2794,all_pairs,4.7,4.553903473393395,0.0
validation,2795,all_pairs,4.56,4.007729016877188,0.0
validation,2796,all_pairs,4.78,4.082147863186772,0.0
validation,2807,all_pairs,3.24,3.6766694446951895,0.0
validation,2815,all_pairs,4.63,3.881853727727629,0.0
validation,2818,all_pairs,3.98,4.345969433727768,0.0
validation,2825,all_pairs,2.45,3.460933731519223,0.0
validation,2841,all_pairs,5.33,4.292766887749676,0.0
validation,2850,all_pairs,5.1,4.135705669255989,0.0
validation,2853,all_pairs,3.98,3.6837141781053266,0.0
validation,2856,all_pairs,1.77,4.472834936469618,0.0
validation,2857,all_pairs,3.47,4.168513841492233,0.0
validation,2859,all_pairs,5.16,4.270487828288115,0.0
validation,2866,all_pairs,6.16,4.458968089949384,0.0
validation,2867,all_pairs,4.45,4.502839660928596,0.0
validation,2869,all_pairs,5.07,4.177256311603595,0.0
validation,2879,all_pairs,2.87,4.105875533160976,0.0
validation,2882,all_pairs,4.82,4.125681307653198,0.0
validation,2891,all_pairs,5.53,4.636079293968249,0.0
validation,2904,all_pairs,4.49,4.638457147705955,0.0
validation,2907,all_pairs,4.58,4.786633574634924,0.0
validation,2914,all_pairs,5.47,4.364492525058919,0.0
validation,2916,all_pairs,5.82,4.476400430924482,0.0
validation,2924,all_pairs,3.26,4.230815319255955,0.0
validation,2933,all_pairs,4.97,3.8019079200287274,0.0
validation,2954,all_pairs,5.14,4.223565867111296,0.0
validation,2955,all_pairs,3.22,4.320611689246725,0.0
validation,2957,all_pairs,4.62,4.749699326685741,0.0
validation,2964,all_pairs,1.79,4.15932932845815,0.0
validation,2970,all_pairs,5.03,4.161478793974372,0.0
validation,2972,all_pairs,3.34,3.690964884498607,0.0
validation,2974,all_pairs,4.83,4.393467338312826,0.0
validation,2975,all_pairs,4.93,4.239519263769544,0.0
validation,2979,all_pairs,5.26,5.034921583693344,0.0
validation,2986,all_pairs,2.28,3.9705834500338377,0.0
validation,2997,all_pairs,5.03,4.523406101087743,0.0
validation,2998,all_pairs,5.8,4.099003978128186,0.0
validation,3007,all_pairs,5.64,4.25226801197273,0.0
validation,3022,all_pairs,5.1,4.605040914819349,0.0
validation,3024,all_pairs,4.1,4.134250033726759,0.0
validation,3025,all_pairs,5.51,4.368856719858767,0.0
validation,3031,all_pairs,5.28,3.9266249986502606,0.0
validation,3032,all_pairs,4.635,4.262114820363842,0.0
validation,3033,all_pairs,4.975,4.467531350072254,0.0
validation,3036,all_pairs,1.74,4.724723732173932,0.0
validation,3038,all_pairs,4.77,4.141447074453661,0.0
validation,3039,all_pairs,4.16,4.007823688196325,0.0
validation,3045,all_pairs,4.92,4.534800047111406,0.0
validation,3051,all_pairs,4.26,4.458641658157619,0.0
validation,3055,all_pairs,5.06,4.096293907774812,0.0
validation,3060,all_pairs,5.37,4.289221148709774,0.0
validation,3075,all_pairs,2.75,4.182164591182722,0.0
validation,3077,all_pairs,4.19,4.274189707750539,0.0
validation,3078,all_pairs,4.78,4.616010261258567,0.0
validation,3086,all_pairs,1.91,4.524971304869787,0.0
validation,3095,all_pairs,4.26,3.794996828473584,0.0
validation,3110,all_pairs,4.11,4.531850475934567,0.0
validation,3118,all_pairs,4.54,4.911052671840119,0.0
validation,3120,all_pairs,3.36,4.3814091987563994,0.0
validation,3121,all_pairs,4.36,3.7635167244857857,0.0
validation,3125,all_pairs,4.88,4.4722572068197035,0.0
validation,3139,all_pairs,5.42,3.384987496433738,0.0
validation,3145,all_pairs,4.24,4.640504656005615,0.0
validation,3154,all_pairs,5.55,5.71731803532471,0.0
validation,3162,all_pairs,3.21,4.1402325262856206,0.0
validation,3163,all_pairs,5.14,5.081896133211389,0.0
validation,3164,all_pairs,5.52,4.515268883945661,0.0
validation,3169,all_pairs,4.88,4.414271062453768,0.0
validation,3170,all_pairs,5.27,4.528239409469896,0.0
validation,3183,all_pairs,5.31,4.21930644166001,0.0
validation,3184,all_pairs,4.79,4.426927169411929,0.0
validation,3185,all_pairs,2.82,3.3077786870605723,0.0
validation,3197,all_pairs,4.78,4.890866229026838,0.0
validation,3204,all_pairs,5.81,4.562244436699681,0.0
validation,3205,all_pairs,4.16,4.427604622310889,0.0
validation,3209,all_pairs,2.5,4.260965234776584,0.0
validation,3214,all_pairs,5.03,4.708015896581481,0.0
validation,3220,all_pairs,3.88,4.503090225933538,0.0
validation,3221,all_pairs,4.65,4.414802012389989,0.0
validation,3233,all_pairs,4.25,3.7670146361654657,0.0
validation,3254,all_pairs,4.34,4.205883283296416,0.0
validation,3258,all_pairs,5.31,4.303096403563131,0.0
validation,3265,all_pairs,5.18,4.317999923181738,0.0
validation,3272,all_pairs,2.75,3.833527515461715,0.0
validation,3275,all_pairs,4.51,3.841313638605274,0.0
validation,3276,all_pairs,5.23,4.0979535286611055,0.0
validation,3278,all_pairs,5.49,4.6572334265662905,0.0
validation,3279,all_pairs,5.2,4.516582819208422,0.0
validation,3280,all_pairs,3.2,3.2519680660070165,0.0
validation,3287,all_pairs,4.89,3.815191302434517,0.0
validation,3294,all_pairs,5.22,4.333833559846461,0.0
validation,3307,all_pairs,2.37,3.810986429590249,0.0
validation,3312,all_pairs,5.865,4.478822375059386,0.0
validation,3313,all_pairs,3.67,4.364528183134365,0.0
validation,3321,all_pairs,5.01,4.424352016427241,0.0
validation,3331,all_pairs,5.95,4.6498500911441365,0.0
validation,3346,all_pairs,3.99,4.525644377344755,0.0
validation,3347,all_pairs,4.33,4.1513445934137785,0.0
validation,3351,all_pairs,1.78,4.041777924461035,0.0
validation,3352,all_pairs,3.86,3.5541476637656686,0.0
validation,3356,all_pairs,4.76,4.6515396053980265,0.0
validation,3358,all_pairs,5.03,3.8513656772818883,0.0
validation,3360,all_pairs,4.34,4.324284164056252,0.0
validation,3372,all_pairs,3.33,4.749449612760829,0.0
validation,3374,all_pairs,4.66,4.250709519667063,0.0
validation,3381,all_pairs,2.05,3.359644741523211,0.0
validation,3383,all_pairs,5.29,4.70141364838905,0.0
validation,3387,all_pairs,5.55,4.960455703739638,0.0
validation,3390,all_pairs,2.95,4.618856125735551,0.0
validation,3406,all_pairs,2.54,5.140604784631979,0.0
validation,3412,all_pairs,5.38,4.570943873522193,0.0
validation,3415,all_pairs,4.8,4.020408555261053,0.0
validation,3420,all_pairs,2.16,4.067807739153292,0.0
validation,3427,all_pairs,4.45,4.060757653319451,0.0
validation,3428,all_pairs,5.35,3.853194947695655,0.0
validation,3432,all_pairs,5.78,5.2511334861706445,0.0
validation,3433,all_pairs,1.9,4.560826854870509,0.0
validation,3435,all_pairs,5.31,4.432841520897316,0.0
validation,3443,all_pairs,4.95,4.57954081187455,0.0
validation,3451,all_pairs,5.2,4.523217236415702,0.0
validation,3454,all_pairs,5.6,5.06571508138554,0.0
validation,3465,all_pairs,4.85,4.164283006439975,0.0
validation,3469,all_pairs,4.48,4.307527552102291,0.0
validation,3474,all_pairs,4.05,4.358561638033195,0.0
validation,3498,all_pairs,4.41,4.0665205577139005,0.0
validation,3500,all_pairs,4.79,4.561528771407153,0.0
validation,3504,all_pairs,4.28,4.156949814669533,0.0
validation,3505,all_pairs,4.859999999999999,4.627727169399336,0.0
validation,3515,all_pairs,4.38,4.268941090941868,0.0
validation,3517,all_pairs,4.97,4.305164902556263,0.0
validation,3518,all_pairs,1.88,3.489095822563326,0.0
validation,3519,all_pairs,1.84,3.4061456586205594,0.0
validation,3521,all_pairs,5.66,4.706113944999683,0.0
validation,3532,all_pairs,4.63,4.528057238565837,0.0
validation,3536,all_pairs,5.84,4.587211890235302,0.0
validation,3538,all_pairs,4.85,4.016451168375706,0.0
validation,3547,all_pairs,5.33,4.739088974599134,0.0
validation,3556,all_pairs,5.21,4.83637806705274,0.0
validation,3557,all_pairs,5.4,4.320167411955815,0.0
validation,3559,all_pairs,4.63,4.210529193213349,0.0
validation,3560,all_pairs,4.75,4.5345029130050305,0.0
validation,3566,all_pairs,5.61,3.8940118475992054,0.0
validation,3567,all_pairs,3.06,3.897467821418573,0.0
validation,3592,all_pairs,4.2,4.15911333688615,0.0
validation,3595,all_pairs,4.93,4.240184154706804,0.0
validation,3603,all_pairs,4.97,3.9911438865164977,0.0
validation,3605,all_pairs,4.92,4.315407935371504,0.0
validation,3606,all_pairs,5.3,4.399869017461872,0.0
validation,3608,all_pairs,5.15,3.723193527538389,0.0
validation,3609,all_pairs,4.67,4.140474205023749,0.0
validation,3614,all_pairs,3.64,5.027778936809826,0.0
validation,3623,all_pairs,4.86,4.9091524021933,0.0
validation,3624,all_pairs,3.99,4.149093634010173,0.0
validation,3632,all_pairs,5.54,4.388263776301999,0.0
validation,3634,all_pairs,3.93,4.633355713998178,0.0
validation,3635,all_pairs,5.06,4.016636847900264,0.0
validation,3636,all_pairs,4.5,4.879254932377103,0.0
validation,3656,all_pairs,3.9,4.768907279733015,0.0
validation,3662,all_pairs,4.53,4.014982774141501,0.0
validation,3667,all_pairs,1.82,3.8968120924376484,0.0
validation,3669,all_pairs,6.605,4.2166751064428185,0.0
validation,3673,all_pairs,5.01,3.981960581979847,0.0
validation,3680,all_pairs,4.58,4.032295353047829,0.0
validation,3686,all_pairs,4.22,4.243199790136268,0.0
validation,3699,all_pairs,5.01,4.460517732400307,0.0
validation,3705,all_pairs,4.95,4.773729945511911,0.0
validation,3707,all_pairs,4.92,4.710994091371121,0.0
validation,3710,all_pairs,4.86,5.200388455251481,0.0
validation,3721,all_pairs,5.23,4.820937586687764,0.0
validation,3743,all_pairs,6.6850000000000005,4.275601048465361,0.0
validation,3746,all_pairs,3.59,3.985185579822677,0.0
validation,3747,all_pairs,3.78,4.469302575534329,0.0
validation,3752,all_pairs,4.52,4.006068430284688,0.0
validation,3753,all_pairs,4.58,4.771881310541316,0.0
validation,3755,all_pairs,2.98,4.069424975313743,0.0
validation,3757,all_pairs,2.44,4.407760119663407,0.0
validation,3762,all_pairs,3.95,4.202618183126017,0.0
validation,3773,all_pairs,4.8,4.276242078360528,0.0
validation,3778,all_pairs,4.96,4.306783717055077,0.0
validation,3779,all_pairs,4.46,4.313411542486821,0.0
validation,3782,all_pairs,4.42,3.8845734545583146,0.0
validation,3785,all_pairs,5.33,4.351133770140135,0.0
validation,3792,all_pairs,4.6850000000000005,4.626822449951897,0.0
validation,3796,all_pairs,4.79,5.753740530254563,0.0
validation,3800,all_pairs,4.99,4.816662313244744,0.0
validation,3802,all_pairs,4.16,3.9140062434969884,0.0
validation,3805,all_pairs,4.49,4.524136174003807,0.0
validation,3810,all_pairs,5.03,4.515878234812827,0.0
validation,3822,all_pairs,5.38,4.932787145999734,0.0
validation,3825,all_pairs,5.34,4.308295547027733,0.0
validation,3826,all_pairs,5.04,5.338404765223974,0.0
validation,3835,all_pairs,4.755,3.7285898151632835,0.0
validation,3841,all_pairs,4.22,5.174009838034867,0.0
validation,3843,all_pairs,4.56,3.8186166387015565,0.0
validation,3847,all_pairs,3.24,4.881434580724295,0.0
validation,3861,all_pairs,4.2,3.9265248501885117,0.0
validation,3864,all_pairs,4.96,4.042905475484863,0.0
validation,3868,all_pairs,5.28,3.9269551666364606,0.0
validation,3870,all_pairs,5.01,4.6087965436666956,0.0
validation,3872,all_pairs,4.92,4.008690696659641,0.0
validation,3874,all_pairs,5.3,4.363778221353056,0.0
validation,3875,all_pairs,5.58,3.691215210203845,0.0
validation,3891,all_pairs,2.68,4.28741900002593,0.0
validation,3910,all_pairs,5.36,4.48353765689359,0.0
validation,3914,all_pairs,4.0,3.798999691535849,0.0
validation,3927,all_pairs,3.91,4.948327911972699,0.0
validation,3929,all_pairs,3.41,3.7598747981662024,0.0
validation,3931,all_pairs,5.24,5.3611734997747265,0.0
validation,3932,all_pairs,3.71,3.8051260627365275,0.0
validation,3943,all_pairs,2.91,3.5191164018711296,0.0
validation,3947,all_pairs,3.97,4.308482000999986,0.0
validation,3954,all_pairs,5.06,4.035358624120155,0.0
validation,3970,all_pairs,1.74,4.195318299306867,0.0
validation,3984,all_pairs,3.99,4.417978931899566,0.0
validation,3986,all_pairs,2.92,3.495385981841064,0.0
validation,4008,all_pairs,4.78,4.856510272922558,0.0
validation,4013,all_pairs,4.22,4.420954248238223,0.0
validation,4014,all_pairs,4.99,3.9940043317580742,0.0
validation,4032,all_pairs,4.66,4.284413731107163,0.0
validation,4037,all_pairs,6.225,4.327543706541177,0.0
validation,4049,all_pairs,1.97,4.69284507235423,0.0
validation,4060,all_pairs,4.83,4.282682071444285,0.0
validation,4063,all_pairs,5.33,3.9566281094066498,0.0
validation,4065,all_pairs,4.54,4.169154510835358,0.0
validation,4078,all_pairs,4.64,4.083398080636382,0.0
validation,4087,all_pairs,4.98,4.951966179946369,0.0
validation,4091,all_pairs,3.96,5.190711004413212,0.0
validation,4096,all_pairs,5.57,4.922208652337209,0.0
validation,4100,all_pairs,4.45,4.204482839363496,0.0
validation,4108,all_pairs,4.48,4.226697443750779,0.0
validation,4110,all_pairs,5.15,4.761992460657495,0.0
validation,4125,all_pairs,6.27,5.262176402123287,0.0
validation,4133,all_pairs,4.18,4.256999060543835,0.0
development,1,ligand_ligand_only,4.36,4.038474914376824,0.0;0.0;0.0;0.0;0.0
development,3,ligand_ligand_only,5.41,4.654964570607115,0.0;0.0;0.0;0.0;0.0
development,4,ligand_ligand_only,5.01,4.106463547224089,0.0;0.0;0.0;0.0;0.0
development,5,ligand_ligand_only,5.07,3.968281280182079,0.0;0.0;0.0;0.0;0.0
development,6,ligand_ligand_only,5.03,4.269074867688761,0.0;0.0;0.0;0.0;0.0
development,7,ligand_ligand_only,3.62,4.167292393485505,0.0;0.0;0.0;0.0;0.0
development,8,ligand_ligand_only,2.34,3.912794459892896,0.0;0.0;0.0;0.0;0.0
development,9,ligand_ligand_only,5.915,4.219019338351866,0.0;0.0;0.0;0.0;0.0
development,12,ligand_ligand_only,3.73,3.8877812081120346,0.0;0.0;0.0;0.0;0.0
development,13,ligand_ligand_only,4.73,4.712664262128824,0.0;0.0;0.0;0.0;0.0
development,14,ligand_ligand_only,5.48,4.677704114544919,0.0;0.0;0.0;0.0;0.0
development,15,ligand_ligand_only,5.21,4.014413506161527,0.0;0.0;0.0;0.0;0.0
development,16,ligand_ligand_only,4.84,5.1155783888729625,0.0;0.0;0.0;0.0;0.0
development,17,ligand_ligand_only,4.86,5.191846572446848,0.0;0.0;0.0;0.0;0.0
development,18,ligand_ligand_only,4.86,3.995605461968985,0.0;0.0;0.0;0.0;0.0
development,19,ligand_ligand_only,5.74,4.284966398169162,0.0;0.0;0.0;0.0;0.0
development,20,ligand_ligand_only,4.44,4.4994511516142,0.0;0.0;0.0;0.0;0.0
development,21,ligand_ligand_only,5.3,4.673309784048562,0.0;0.0;0.0;0.0;0.0
development,22,ligand_ligand_only,5.88,5.418404909357077,0.0;0.0;0.0;0.0;0.0
development,23,ligand_ligand_only,4.75,5.331585253744302,0.0;0.0;0.0;0.0;0.0
development,24,ligand_ligand_only,4.43,4.79365638454647,0.0;0.0;0.0;0.0;0.0
development,25,ligand_ligand_only,4.57,3.8256464724453325,0.0;0.0;0.0;0.0;0.0
development,26,ligand_ligand_only,2.27,3.6823131667531745,0.0;0.0;0.0;0.0;0.0
development,27,ligand_ligand_only,5.54,4.387396499302124,0.0;0.0;0.0;0.0;0.0
development,28,ligand_ligand_only,2.49,4.055004618393731,0.0;0.0;0.0;0.0;0.0
development,29,ligand_ligand_only,3.36,4.601032881454522,0.0;0.0;0.0;0.0;0.0
development,30,ligand_ligand_only,5.28,4.687013009140392,0.0;0.0;0.0;0.0;0.0
development,31,ligand_ligand_only,4.72,4.309285652734588,0.0;0.0;0.0;0.0;0.0
development,32,ligand_ligand_only,5.46,4.622152979220919,0.0;0.0;0.0;0.0;0.0
development,33,ligand_ligand_only,3.52,4.393145295348255,0.0;0.0;0.0;0.0;0.0
development,34,ligand_ligand_only,5.3,4.067266497113863,0.0;0.0;0.0;0.0;0.0
development,35,ligand_ligand_only,3.76,3.8788789651072215,0.0;0.0;0.0;0.0;0.0
development,36,ligand_ligand_only,4.89,4.506186977072329,0.0;0.0;0.0;0.0;0.0
development,37,ligand_ligand_only,1.83,4.012640217802333,0.0;0.0;0.0;0.0;0.0
development,40,ligand_ligand_only,2.28,4.017070193675968,0.0;0.0;0.0;0.0;0.0
development,43,ligand_ligand_only,4.12,4.252545791427118,0.0;0.0;0.0;0.0;0.0
development,44,ligand_ligand_only,4.64,4.143801757583323,0.0;0.0;0.0;0.0;0.0
development,45,ligand_ligand_only,3.13,4.357694806678726,0.0;0.0;0.0;0.0;0.0
development,47,ligand_ligand_only,5.19,4.841202688307919,0.0;0.0;0.0;0.0;0.0
development,48,ligand_ligand_only,5.2,3.9534523409422007,0.0;0.0;0.0;0.0;0.0
development,49,ligand_ligand_only,4.69,4.080918122996578,0.0;0.0;0.0;0.0;0.0
development,50,ligand_ligand_only,4.93,4.10398630838182,0.0;0.0;0.0;0.0;0.0
development,51,ligand_ligand_only,3.41,4.290927155581994,0.0;0.0;0.0;0.0;0.0
development,52,ligand_ligand_only,2.78,4.678382611552274,0.0;0.0;0.0;0.0;0.0
development,53,ligand_ligand_only,5.12,5.00489911062543,0.0;0.0;0.0;0.0;0.0
development,54,ligand_ligand_only,5.09,5.051254270961387,0.0;0.0;0.0;0.0;0.0
development,55,ligand_ligand_only,5.54,4.160698212898866,0.0;0.0;0.0;0.0;0.0
development,56,ligand_ligand_only,4.42,4.014604600131013,0.0;0.0;0.0;0.0;0.0
development,57,ligand_ligand_only,4.77,4.092653773760836,0.0;0.0;0.0;0.0;0.0
development,58,ligand_ligand_only,3.0,4.936761701758632,0.0;0.0;0.0;0.0;0.0
development,59,ligand_ligand_only,6.470000000000001,4.713777370206152,0.0;0.0;0.0;0.0;0.0
development,61,ligand_ligand_only,4.66,4.417530579185256,0.0;0.0;0.0;0.0;0.0
development,63,ligand_ligand_only,2.01,4.537440576739475,0.0;0.0;0.0;0.0;0.0
development,64,ligand_ligand_only,2.79,3.9825409099737477,0.0;0.0;0.0;0.0;0.0
development,65,ligand_ligand_only,5.035,3.967762927441789,0.0;0.0;0.0;0.0;0.0
development,66,ligand_ligand_only,3.04,4.4960703187875435,0.0;0.0;0.0;0.0;0.0
development,67,ligand_ligand_only,3.43,4.004753108056398,0.0;0.0;0.0;0.0;0.0
development,68,ligand_ligand_only,3.99,5.113438730867636,0.0;0.0;0.0;0.0;0.0
development,69,ligand_ligand_only,6.01,5.131923108549044,0.0;0.0;0.0;0.0;0.0
development,70,ligand_ligand_only,5.14,4.5930352110710135,0.0;0.0;0.0;0.0;0.0
development,73,ligand_ligand_only,4.56,5.032315632188396,0.0;0.0;0.0;0.0;0.0
development,74,ligand_ligand_only,4.74,3.9513358733382855,0.0;0.0;0.0;0.0;0.0
development,75,ligand_ligand_only,4.39,4.750721728030516,0.0;0.0;0.0;0.0;0.0
development,76,ligand_ligand_only,4.75,4.57348067835001,0.0;0.0;0.0;0.0;0.0
development,77,ligand_ligand_only,4.06,4.53556941051887,0.0;0.0;0.0;0.0;0.0
development,78,ligand_ligand_only,4.75,4.1649510678523205,0.0;0.0;0.0;0.0;0.0
development,81,ligand_ligand_only,4.07,4.310635600546214,0.0;0.0;0.0;0.0;0.0
development,82,ligand_ligand_only,4.03,4.700517756621019,0.0;0.0;0.0;0.0;0.0
development,83,ligand_ligand_only,1.76,4.205286688457005,0.0;0.0;0.0;0.0;0.0
development,86,ligand_ligand_only,5.45,4.681017297754015,0.0;0.0;0.0;0.0;0.0
development,89,ligand_ligand_only,5.74,4.384537810827648,0.0;0.0;0.0;0.0;0.0
development,90,ligand_ligand_only,5.2,4.01489916170556,0.0;0.0;0.0;0.0;0.0
development,91,ligand_ligand_only,5.25,3.855400131695215,0.0;0.0;0.0;0.0;0.0
development,92,ligand_ligand_only,5.57,4.840287262448919,0.0;0.0;0.0;0.0;0.0
development,93,ligand_ligand_only,5.59,4.847261696183043,0.0;0.0;0.0;0.0;0.0
development,94,ligand_ligand_only,2.59,4.821970853744347,0.0;0.0;0.0;0.0;0.0
development,95,ligand_ligand_only,5.25,4.717816616267843,0.0;0.0;0.0;0.0;0.0
development,96,ligand_ligand_only,2.02,3.651478579117594,0.0;0.0;0.0;0.0;0.0
development,97,ligand_ligand_only,3.69,4.022275768888008,0.0;0.0;0.0;0.0;0.0
development,99,ligand_ligand_only,2.05,3.727181963651136,0.0;0.0;0.0;0.0;0.0
development,100,ligand_ligand_only,5.12,4.027897737273811,0.0;0.0;0.0;0.0;0.0
development,101,ligand_ligand_only,2.44,4.568858621637165,0.0;0.0;0.0;0.0;0.0
development,102,ligand_ligand_only,3.79,3.745410088344989,0.0;0.0;0.0;0.0;0.0
development,104,ligand_ligand_only,4.87,3.948874564252958,0.0;0.0;0.0;0.0;0.0
development,105,ligand_ligand_only,4.1,4.65456408054311,0.0;0.0;0.0;0.0;0.0
development,106,ligand_ligand_only,2.86,4.244969174570942,0.0;0.0;0.0;0.0;0.0
development,108,ligand_ligand_only,1.89,4.735027444523116,0.0;0.0;0.0;0.0;0.0
development,109,ligand_ligand_only,3.35,4.346768323574036,0.0;0.0;0.0;0.0;0.0
development,111,ligand_ligand_only,3.91,5.259727813028609,0.0;0.0;0.0;0.0;0.0
development,113,ligand_ligand_only,4.71,3.9088252289349916,0.0;0.0;0.0;0.0;0.0
development,114,ligand_ligand_only,4.66,4.355501487828465,0.0;0.0;0.0;0.0;0.0
development,115,ligand_ligand_only,4.88,4.069646127724672,0.0;0.0;0.0;0.0;0.0
development,116,ligand_ligand_only,4.8,3.9691051284441174,0.0;0.0;0.0;0.0;0.0
development,118,ligand_ligand_only,1.94,4.113606707197393,0.0;0.0;0.0;0.0;0.0
development,119,ligand_ligand_only,4.98,4.787432319557549,0.0;0.0;0.0;0.0;0.0
development,120,ligand_ligand_only,4.63,4.003003169360317,0.0;0.0;0.0;0.0;0.0
development,121,ligand_ligand_only,4.34,4.118847849114901,0.0;0.0;0.0;0.0;0.0
development,122,ligand_ligand_only,5.19,4.406386659670407,0.0;0.0;0.0;0.0;0.0
development,123,ligand_ligand_only,2.22,4.032386659958921,0.0;0.0;0.0;0.0;0.0
development,124,ligand_ligand_only,5.02,4.183504933932474,0.0;0.0;0.0;0.0;0.0
development,125,ligand_ligand_only,2.39,4.53528024186681,0.0;0.0;0.0;0.0;0.0
development,126,ligand_ligand_only,5.96,4.289933258931582,0.0;0.0;0.0;0.0;0.0
development,127,ligand_ligand_only,4.41,5.273575615595513,0.0;0.0;0.0;0.0;0.0
development,128,ligand_ligand_only,4.32,3.756852020190566,0.0;0.0;0.0;0.0;0.0
development,129,ligand_ligand_only,4.14,4.513464899407144,0.0;0.0;0.0;0.0;0.0
development,130,ligand_ligand_only,4.4,4.398970746164509,0.0;0.0;0.0;0.0;0.0
development,131,ligand_ligand_only,5.52,5.206711105694182,0.0;0.0;0.0;0.0;0.0
development,132,ligand_ligand_only,4.57,3.9768906954153245,0.0;0.0;0.0;0.0;0.0
development,133,ligand_ligand_only,4.97,4.041633552386273,0.0;0.0;0.0;0.0;0.0
development,135,ligand_ligand_only,5.28,4.200989474007737,0.0;0.0;0.0;0.0;0.0
development,136,ligand_ligand_only,5.34,4.691863038034797,0.0;0.0;0.0;0.0;0.0
development,138,ligand_ligand_only,4.92,4.784759291111311,0.0;0.0;0.0;0.0;0.0
development,139,ligand_ligand_only,5.38,4.791380721841735,0.0;0.0;0.0;0.0;0.0
development,140,ligand_ligand_only,4.58,4.572410309128613,0.0;0.0;0.0;0.0;0.0
development,141,ligand_ligand_only,5.22,3.9959957462854336,0.0;0.0;0.0;0.0;0.0
development,142,ligand_ligand_only,5.16,4.609268699662637,0.0;0.0;0.0;0.0;0.0
development,143,ligand_ligand_only,4.97,4.626681791990939,0.0;0.0;0.0;0.0;0.0
development,146,ligand_ligand_only,4.83,4.000672668633475,0.0;0.0;0.0;0.0;0.0
development,147,ligand_ligand_only,3.15,3.8893095182758666,0.0;0.0;0.0;0.0;0.0
development,148,ligand_ligand_only,4.9,4.6387403314735245,0.0;0.0;0.0;0.0;0.0
development,149,ligand_ligand_only,5.13,3.9398021071024223,0.0;0.0;0.0;0.0;0.0
development,150,ligand_ligand_only,5.28,4.68685201989034,0.0;0.0;0.0;0.0;0.0
development,152,ligand_ligand_only,3.94,4.764203007345194,0.0;0.0;0.0;0.0;0.0
development,154,ligand_ligand_only,5.35,4.212643532610884,0.0;0.0;0.0;0.0;0.0
development,157,ligand_ligand_only,5.42,4.973715351858004,0.0;0.0;0.0;0.0;0.0
development,158,ligand_ligand_only,2.98,3.7092427921676805,0.0;0.0;0.0;0.0;0.0
development,159,ligand_ligand_only,2.63,4.294857882835952,0.0;0.0;0.0;0.0;0.0
development,161,ligand_ligand_only,2.85,3.516650571937748,0.0;0.0;0.0;0.0;0.0
development,162,ligand_ligand_only,5.41,4.518461289526324,0.0;0.0;0.0;0.0;0.0
development,163,ligand_ligand_only,1.86,4.2434760940622125,0.0;0.0;0.0;0.0;0.0
development,164,ligand_ligand_only,2.08,5.2553013943275495,0.0;0.0;0.0;0.0;0.0
development,165,ligand_ligand_only,4.95,4.199178021063542,0.0;0.0;0.0;0.0;0.0
development,166,ligand_ligand_only,4.91,4.407872427994124,0.0;0.0;0.0;0.0;0.0
development,167,ligand_ligand_only,5.13,3.834276396018723,0.0;0.0;0.0;0.0;0.0
development,168,ligand_ligand_only,5.06,4.961692863081137,0.0;0.0;0.0;0.0;0.0
development,169,ligand_ligand_only,5.0,4.562983018469011,0.0;0.0;0.0;0.0;0.0
development,170,ligand_ligand_only,5.6,4.201355189827915,0.0;0.0;0.0;0.0;0.0
development,171,ligand_ligand_only,5.32,4.237259281098347,0.0;0.0;0.0;0.0;0.0
development,172,ligand_ligand_only,4.31,3.740011678276632,0.0;0.0;0.0;0.0;0.0
development,173,ligand_ligand_only,1.71,4.578724198832208,0.0;0.0;0.0;0.0;0.0
development,174,ligand_ligand_only,2.53,3.752008656835666,0.0;0.0;0.0;0.0;0.0
development,175,ligand_ligand_only,6.63,4.16437291926876,0.0;0.0;0.0;0.0;0.0
development,176,ligand_ligand_only,4.57,4.169398345062283,0.0;0.0;0.0;0.0;0.0
development,177,ligand_ligand_only,4.08,3.9508734203321287,0.0;0.0;0.0;0.0;0.0
development,178,ligand_ligand_only,3.9,4.098999718543432,0.0;0.0;0.0;0.0;0.0
development,179,ligand_ligand_only,2.1,3.434216199413485,0.0;0.0;0.0;0.0;0.0
development,180,ligand_ligand_only,3.63,4.308557628453505,0.0;0.0;0.0;0.0;0.0
development,181,ligand_ligand_only,4.31,4.057464579997424,0.0;0.0;0.0;0.0;0.0
development,182,ligand_ligand_only,1.73,4.340390854817737,0.0;0.0;0.0;0.0;0.0
development,183,ligand_ligand_only,5.13,4.420324552390345,0.0;0.0;0.0;0.0;0.0
development,184,ligand_ligand_only,4.15,4.331818301337504,0.0;0.0;0.0;0.0;0.0
development,185,ligand_ligand_only,4.44,4.417792474643649,0.0;0.0;0.0;0.0;0.0
development,186,ligand_ligand_only,2.7,4.211780472170166,0.0;0.0;0.0;0.0;0.0
development,187,ligand_ligand_only,4.63,4.153848857170224,0.0;0.0;0.0;0.0;0.0
development,189,ligand_ligand_only,4.5,4.037176116736564,0.0;0.0;0.0;0.0;0.0
development,190,ligand_ligand_only,4.58,4.201343077978527,0.0;0.0;0.0;0.0;0.0
development,191,ligand_ligand_only,3.38,4.472429992192629,0.0;0.0;0.0;0.0;0.0
development,193,ligand_ligand_only,2.55,4.466709250520984,0.0;0.0;0.0;0.0;0.0
development,194,ligand_ligand_only,3.35,4.166640188821905,0.0;0.0;0.0;0.0;0.0
development,196,ligand_ligand_only,4.61,4.226437286477267,0.0;0.0;0.0;0.0;0.0
development,197,ligand_ligand_only,1.66,4.7989417622233415,0.0;0.0;0.0;0.0;0.0
development,198,ligand_ligand_only,3.96,4.172119242549182,0.0;0.0;0.0;0.0;0.0
development,201,ligand_ligand_only,2.79,3.740590672972356,0.0;0.0;0.0;0.0;0.0
development,203,ligand_ligand_only,5.44,4.311677067439958,0.0;0.0;0.0;0.0;0.0
development,204,ligand_ligand_only,3.08,4.2401326605357745,0.0;0.0;0.0;0.0;0.0
development,205,ligand_ligand_only,4.47,3.9351667647646664,0.0;0.0;0.0;0.0;0.0
development,206,ligand_ligand_only,4.23,4.270940604361997,0.0;0.0;0.0;0.0;0.0
development,207,ligand_ligand_only,4.22,4.346522889232424,0.0;0.0;0.0;0.0;0.0
development,208,ligand_ligand_only,5.51,3.9308886425934633,0.0;0.0;0.0;0.0;0.0
development,209,ligand_ligand_only,5.13,4.449959027650348,0.0;0.0;0.0;0.0;0.0
development,211,ligand_ligand_only,2.42,4.203355515051253,0.0;0.0;0.0;0.0;0.0
development,214,ligand_ligand_only,1.72,3.8504101250615133,0.0;0.0;0.0;0.0;0.0
development,215,ligand_ligand_only,5.05,4.0895978906084,0.0;0.0;0.0;0.0;0.0
development,216,ligand_ligand_only,1.94,4.163417405972826,0.0;0.0;0.0;0.0;0.0
development,217,ligand_ligand_only,5.03,4.544790960519961,0.0;0.0;0.0;0.0;0.0
development,220,ligand_ligand_only,5.31,4.047243269814574,0.0;0.0;0.0;0.0;0.0
development,221,ligand_ligand_only,5.22,4.143443554778705,0.0;0.0;0.0;0.0;0.0
development,222,ligand_ligand_only,3.29,3.9557552229129667,0.0;0.0;0.0;0.0;0.0
development,223,ligand_ligand_only,5.48,4.934069449097796,0.0;0.0;0.0;0.0;0.0
development,224,ligand_ligand_only,5.05,5.252438874249428,0.0;0.0;0.0;0.0;0.0
development,225,ligand_ligand_only,5.45,4.8448654428345,0.0;0.0;0.0;0.0;0.0
development,226,ligand_ligand_only,4.81,4.7693096065024205,0.0;0.0;0.0;0.0;0.0
development,227,ligand_ligand_only,3.9,4.902593492471803,0.0;0.0;0.0;0.0;0.0
development,228,ligand_ligand_only,3.49,4.172250389276155,0.0;0.0;0.0;0.0;0.0
development,229,ligand_ligand_only,4.82,4.515797151479603,0.0;0.0;0.0;0.0;0.0
development,230,ligand_ligand_only,5.27,4.5257390285823265,0.0;0.0;0.0;0.0;0.0
development,231,ligand_ligand_only,5.32,4.750388707729404,0.0;0.0;0.0;0.0;0.0
development,232,ligand_ligand_only,4.87,4.586241790007095,0.0;0.0;0.0;0.0;0.0
development,233,ligand_ligand_only,4.61,4.323561988634187,0.0;0.0;0.0;0.0;0.0
development,234,ligand_ligand_only,5.41,4.1908747218638585,0.0;0.0;0.0;0.0;0.0
development,235,ligand_ligand_only,3.56,4.179724578382378,0.0;0.0;0.0;0.0;0.0
development,236,ligand_ligand_only,4.93,3.8354851602299087,0.0;0.0;0.0;0.0;0.0
development,237,ligand_ligand_only,4.8,3.8723022479528586,0.0;0.0;0.0;0.0;0.0
development,238,ligand_ligand_only,3.49,4.05728046449835,0.0;0.0;0.0;0.0;0.0
development,239,ligand_ligand_only,3.01,3.8947991910448483,0.0;0.0;0.0;0.0;0.0
development,240,ligand_ligand_only,5.82,4.02901789259267,0.0;0.0;0.0;0.0;0.0
development,241,ligand_ligand_only,5.33,4.411985704789663,0.0;0.0;0.0;0.0;0.0
development,242,ligand_ligand_only,3.0,4.8611070252082005,0.0;0.0;0.0;0.0;0.0
development,243,ligand_ligand_only,1.76,3.7307968549876005,0.0;0.0;0.0;0.0;0.0
development,244,ligand_ligand_only,5.3,4.476994263998255,0.0;0.0;0.0;0.0;0.0
development,245,ligand_ligand_only,5.58,4.0780959820349505,0.0;0.0;0.0;0.0;0.0
development,246,ligand_ligand_only,3.14,3.7078629649184327,0.0;0.0;0.0;0.0;0.0
development,247,ligand_ligand_only,5.0,5.345747419566088,0.0;0.0;0.0;0.0;0.0
development,248,ligand_ligand_only,3.21,4.008279476720121,0.0;0.0;0.0;0.0;0.0
development,249,ligand_ligand_only,1.84,4.437802166454689,0.0;0.0;0.0;0.0;0.0
development,251,ligand_ligand_only,4.62,4.954999595927496,0.0;0.0;0.0;0.0;0.0
development,252,ligand_ligand_only,3.34,3.8395786323757086,0.0;0.0;0.0;0.0;0.0
development,253,ligand_ligand_only,1.74,4.238265822495512,0.0;0.0;0.0;0.0;0.0
development,254,ligand_ligand_only,4.72,4.9129970410935355,0.0;0.0;0.0;0.0;0.0
development,255,ligand_ligand_only,4.97,3.8592240260387554,0.0;0.0;0.0;0.0;0.0
development,257,ligand_ligand_only,5.74,4.815281720388156,0.0;0.0;0.0;0.0;0.0
development,260,ligand_ligand_only,3.53,3.786511493756294,0.0;0.0;0.0;0.0;0.0
development,261,ligand_ligand_only,5.67,4.076947320792509,0.0;0.0;0.0;0.0;0.0
development,263,ligand_ligand_only,1.91,4.154244546302093,0.0;0.0;0.0;0.0;0.0
development,265,ligand_ligand_only,5.15,3.997835315858622,0.0;0.0;0.0;0.0;0.0
development,266,ligand_ligand_only,5.12,3.850766836595025,0.0;0.0;0.0;0.0;0.0
development,267,ligand_ligand_only,2.24,4.1503380737951225,0.0;0.0;0.0;0.0;0.0
development,268,ligand_ligand_only,5.18,4.852257662521077,0.0;0.0;0.0;0.0;0.0
development,270,ligand_ligand_only,5.01,3.6042457113953525,0.0;0.0;0.0;0.0;0.0
development,271,ligand_ligand_only,1.62,4.288025954678584,0.0;0.0;0.0;0.0;0.0
development,272,ligand_ligand_only,5.35,4.4299744334187,0.0;0.0;0.0;0.0;0.0
development,273,ligand_ligand_only,4.87,4.723487230277687,0.0;0.0;0.0;0.0;0.0
development,274,ligand_ligand_only,4.72,4.58804654056277,0.0;0.0;0.0;0.0;0.0
development,275,ligand_ligand_only,5.08,5.323560862701087,0.0;0.0;0.0;0.0;0.0
development,277,ligand_ligand_only,5.2,5.401106724303922,0.0;0.0;0.0;0.0;0.0
development,278,ligand_ligand_only,4.39,4.365134461629823,0.0;0.0;0.0;0.0;0.0
development,279,ligand_ligand_only,4.39,4.806964433212704,0.0;0.0;0.0;0.0;0.0
development,283,ligand_ligand_only,2.53,4.858979014949349,0.0;0.0;0.0;0.0;0.0
development,285,ligand_ligand_only,4.85,4.182219634089525,0.0;0.0;0.0;0.0;0.0
development,286,ligand_ligand_only,5.09,4.477189333271842,0.0;0.0;0.0;0.0;0.0
development,287,ligand_ligand_only,3.0,4.462932409034165,0.0;0.0;0.0;0.0;0.0
development,288,ligand_ligand_only,4.14,4.371763614157755,0.0;0.0;0.0;0.0;0.0
development,289,ligand_ligand_only,1.86,4.511320823092483,0.0;0.0;0.0;0.0;0.0
development,290,ligand_ligand_only,4.7,4.223349776063285,0.0;0.0;0.0;0.0;0.0
development,291,ligand_ligand_only,2.14,3.773926479062595,0.0;0.0;0.0;0.0;0.0
development,292,ligand_ligand_only,5.64,4.50087847908152,0.0;0.0;0.0;0.0;0.0
development,296,ligand_ligand_only,5.29,4.794862910067581,0.0;0.0;0.0;0.0;0.0
development,297,ligand_ligand_only,2.91,3.9587425862587104,0.0;0.0;0.0;0.0;0.0
development,298,ligand_ligand_only,5.12,4.0079024408967046,0.0;0.0;0.0;0.0;0.0
development,299,ligand_ligand_only,4.3,4.221441506756276,0.0;0.0;0.0;0.0;0.0
development,300,ligand_ligand_only,5.59,4.457288609357717,0.0;0.0;0.0;0.0;0.0
development,301,ligand_ligand_only,2.92,4.191018370573093,0.0;0.0;0.0;0.0;0.0
development,302,ligand_ligand_only,5.29,3.624687972848494,0.0;0.0;0.0;0.0;0.0
development,303,ligand_ligand_only,4.84,4.411681014847584,0.0;0.0;0.0;0.0;0.0
development,304,ligand_ligand_only,4.53,4.242882364837646,0.0;0.0;0.0;0.0;0.0
development,305,ligand_ligand_only,5.18,4.154550775722145,0.0;0.0;0.0;0.0;0.0
development,307,ligand_ligand_only,5.63,4.725155980008909,0.0;0.0;0.0;0.0;0.0
development,308,ligand_ligand_only,5.23,4.810277240097985,0.0;0.0;0.0;0.0;0.0
development,309,ligand_ligand_only,4.61,4.705524953498987,0.0;0.0;0.0;0.0;0.0
development,310,ligand_ligand_only,4.2,4.502485530409365,0.0;0.0;0.0;0.0;0.0
development,311,ligand_ligand_only,5.04,3.988350055451482,0.0;0.0;0.0;0.0;0.0
development,312,ligand_ligand_only,3.23,4.052559244012367,0.0;0.0;0.0;0.0;0.0
development,314,ligand_ligand_only,5.12,3.642341964297451,0.0;0.0;0.0;0.0;0.0
development,315,ligand_ligand_only,1.82,3.685736472808944,0.0;0.0;0.0;0.0;0.0
development,316,ligand_ligand_only,2.68,4.410764444591062,0.0;0.0;0.0;0.0;0.0
development,317,ligand_ligand_only,5.61,4.00409427663185,0.0;0.0;0.0;0.0;0.0
development,319,ligand_ligand_only,4.87,4.29567204964898,0.0;0.0;0.0;0.0;0.0
development,321,ligand_ligand_only,1.95,4.628850179461806,0.0;0.0;0.0;0.0;0.0
development,322,ligand_ligand_only,2.92,4.136879627722222,0.0;0.0;0.0;0.0;0.0
development,324,ligand_ligand_only,5.24,4.813909584117404,0.0;0.0;0.0;0.0;0.0
development,325,ligand_ligand_only,2.54,3.822183904402887,0.0;0.0;0.0;0.0;0.0
development,327,ligand_ligand_only,5.16,4.046378422924206,0.0;0.0;0.0;0.0;0.0
development,328,ligand_ligand_only,6.41,4.9423318544567305,0.0;0.0;0.0;0.0;0.0
development,329,ligand_ligand_only,4.59,4.391347462023302,0.0;0.0;0.0;0.0;0.0
development,330,ligand_ligand_only,5.56,4.951970768795087,0.0;0.0;0.0;0.0;0.0
development,331,ligand_ligand_only,2.28,3.651569168981272,0.0;0.0;0.0;0.0;0.0
development,332,ligand_ligand_only,4.12,4.413067688745306,0.0;0.0;0.0;0.0;0.0
development,333,ligand_ligand_only,4.9,5.009128552825405,0.0;0.0;0.0;0.0;0.0
development,335,ligand_ligand_only,3.13,4.335497731459378,0.0;0.0;0.0;0.0;0.0
development,336,ligand_ligand_only,3.88,4.488619355364567,0.0;0.0;0.0;0.0;0.0
development,337,ligand_ligand_only,5.09,4.0234836285296804,0.0;0.0;0.0;0.0;0.0
development,340,ligand_ligand_only,2.01,4.25128879301964,0.0;0.0;0.0;0.0;0.0
development,341,ligand_ligand_only,1.94,3.26948079870287,0.0;0.0;0.0;0.0;0.0
development,343,ligand_ligand_only,3.89,3.677237262677277,0.0;0.0;0.0;0.0;0.0
development,345,ligand_ligand_only,2.24,4.81245920774102,0.0;0.0;0.0;0.0;0.0
development,348,ligand_ligand_only,4.16,5.073979218510139,0.0;0.0;0.0;0.0;0.0
development,349,ligand_ligand_only,5.09,3.5710063412861106,0.0;0.0;0.0;0.0;0.0
development,351,ligand_ligand_only,4.82,4.2833278070547065,0.0;0.0;0.0;0.0;0.0
development,352,ligand_ligand_only,3.67,4.275730411661838,0.0;0.0;0.0;0.0;0.0
development,353,ligand_ligand_only,1.82,5.008053068538749,0.0;0.0;0.0;0.0;0.0
development,354,ligand_ligand_only,4.84,3.9435966991053006,0.0;0.0;0.0;0.0;0.0
development,355,ligand_ligand_only,5.75,4.005523316375,0.0;0.0;0.0;0.0;0.0
development,357,ligand_ligand_only,5.09,4.254819996157903,0.0;0.0;0.0;0.0;0.0
development,359,ligand_ligand_only,4.22,4.1611068157458035,0.0;0.0;0.0;0.0;0.0
development,360,ligand_ligand_only,5.835,5.185865569821763,0.0;0.0;0.0;0.0;0.0
development,361,ligand_ligand_only,4.29,4.975610073078384,0.0;0.0;0.0;0.0;0.0
development,363,ligand_ligand_only,4.6,3.849828089985899,0.0;0.0;0.0;0.0;0.0
development,364,ligand_ligand_only,4.31,4.6087235159721,0.0;0.0;0.0;0.0;0.0
development,365,ligand_ligand_only,5.12,4.193377254919271,0.0;0.0;0.0;0.0;0.0
development,367,ligand_ligand_only,2.69,4.5455362008843245,0.0;0.0;0.0;0.0;0.0
development,368,ligand_ligand_only,2.3,3.5122912864231646,0.0;0.0;0.0;0.0;0.0
development,369,ligand_ligand_only,4.34,4.457156568514385,0.0;0.0;0.0;0.0;0.0
development,370,ligand_ligand_only,5.16,4.668769704583218,0.0;0.0;0.0;0.0;0.0
development,371,ligand_ligand_only,5.14,4.244119668220535,0.0;0.0;0.0;0.0;0.0
development,373,ligand_ligand_only,2.91,4.745216409254407,0.0;0.0;0.0;0.0;0.0
development,374,ligand_ligand_only,5.35,4.667734539347355,0.0;0.0;0.0;0.0;0.0
development,375,ligand_ligand_only,4.71,3.9594478750556674,0.0;0.0;0.0;0.0;0.0
development,376,ligand_ligand_only,5.29,4.382647646237862,0.0;0.0;0.0;0.0;0.0
development,377,ligand_ligand_only,4.51,4.250123331399655,0.0;0.0;0.0;0.0;0.0
development,378,ligand_ligand_only,3.93,4.53613622545906,0.0;0.0;0.0;0.0;0.0
development,379,ligand_ligand_only,5.2,4.328102076733891,0.0;0.0;0.0;0.0;0.0
development,381,ligand_ligand_only,1.87,3.7536581537557288,0.0;0.0;0.0;0.0;0.0
development,382,ligand_ligand_only,5.29,4.887464601656214,0.0;0.0;0.0;0.0;0.0
development,383,ligand_ligand_only,4.55,3.770954528898378,0.0;0.0;0.0;0.0;0.0
development,384,ligand_ligand_only,4.0,5.859499187733936,0.0;0.0;0.0;0.0;0.0
development,385,ligand_ligand_only,4.83,3.9074397808907317,0.0;0.0;0.0;0.0;0.0
development,386,ligand_ligand_only,5.45,4.089414398670307,0.0;0.0;0.0;0.0;0.0
development,387,ligand_ligand_only,5.61,4.9325161826931065,0.0;0.0;0.0;0.0;0.0
development,388,ligand_ligand_only,4.4,3.9118819009802923,0.0;0.0;0.0;0.0;0.0
development,389,ligand_ligand_only,5.975,4.606743030658635,0.0;0.0;0.0;0.0;0.0
development,391,ligand_ligand_only,4.75,4.91642408401878,0.0;0.0;0.0;0.0;0.0
development,392,ligand_ligand_only,2.89,4.309682245119498,0.0;0.0;0.0;0.0;0.0
development,393,ligand_ligand_only,4.16,4.517292962994541,0.0;0.0;0.0;0.0;0.0
development,394,ligand_ligand_only,5.31,4.509337241919578,0.0;0.0;0.0;0.0;0.0
development,395,ligand_ligand_only,4.76,4.357981972418569,0.0;0.0;0.0;0.0;0.0
development,396,ligand_ligand_only,4.69,3.9425706151558324,0.0;0.0;0.0;0.0;0.0
development,400,ligand_ligand_only,5.0,4.445812038418708,0.0;0.0;0.0;0.0;0.0
development,401,ligand_ligand_only,3.09,3.7618636231561684,0.0;0.0;0.0;0.0;0.0
development,402,ligand_ligand_only,3.58,4.7386019454689405,0.0;0.0;0.0;0.0;0.0
development,403,ligand_ligand_only,4.04,4.353615238161871,0.0;0.0;0.0;0.0;0.0
development,404,ligand_ligand_only,4.36,3.8691454107480827,0.0;0.0;0.0;0.0;0.0
development,405,ligand_ligand_only,5.27,4.0339176868397155,0.0;0.0;0.0;0.0;0.0
development,406,ligand_ligand_only,4.11,3.8535013952115498,0.0;0.0;0.0;0.0;0.0
development,407,ligand_ligand_only,5.08,5.198328649835501,0.0;0.0;0.0;0.0;0.0
development,408,ligand_ligand_only,5.22,3.9892465316810677,0.0;0.0;0.0;0.0;0.0
development,409,ligand_ligand_only,3.11,3.717989761123831,0.0;0.0;0.0;0.0;0.0
development,410,ligand_ligand_only,3.62,4.030586934993332,0.0;0.0;0.0;0.0;0.0
development,411,ligand_ligand_only,4.9,4.508767884981816,0.0;0.0;0.0;0.0;0.0
development,412,ligand_ligand_only,4.83,4.144630876586706,0.0;0.0;0.0;0.0;0.0
development,413,ligand_ligand_only,4.93,4.4928100762829715,0.0;0.0;0.0;0.0;0.0
development,414,ligand_ligand_only,5.06,4.812070810239358,0.0;0.0;0.0;0.0;0.0
development,415,ligand_ligand_only,1.88,3.647587809003056,0.0;0.0;0.0;0.0;0.0
development,416,ligand_ligand_only,6.140000000000001,4.604754468955475,0.0;0.0;0.0;0.0;0.0
development,418,ligand_ligand_only,2.83,4.181846473986913,0.0;0.0;0.0;0.0;0.0
development,421,ligand_ligand_only,4.4,4.3235856683449425,0.0;0.0;0.0;0.0;0.0
development,422,ligand_ligand_only,4.51,3.870122387302685,0.0;0.0;0.0;0.0;0.0
development,424,ligand_ligand_only,5.53,4.409055129510099,0.0;0.0;0.0;0.0;0.0
development,425,ligand_ligand_only,2.31,3.9329330295562652,0.0;0.0;0.0;0.0;0.0
development,427,ligand_ligand_only,5.22,3.935416407623061,0.0;0.0;0.0;0.0;0.0
development,428,ligand_ligand_only,4.98,5.793634023248737,0.0;0.0;0.0;0.0;0.0
development,429,ligand_ligand_only,6.58,5.095295518161758,0.0;0.0;0.0;0.0;0.0
development,432,ligand_ligand_only,5.44,4.350536953739011,0.0;0.0;0.0;0.0;0.0
development,433,ligand_ligand_only,5.45,4.73842497162585,0.0;0.0;0.0;0.0;0.0
development,434,ligand_ligand_only,3.97,4.463093320494012,0.0;0.0;0.0;0.0;0.0
development,435,ligand_ligand_only,3.73,4.035087945245479,0.0;0.0;0.0;0.0;0.0
development,436,ligand_ligand_only,4.97,3.7730738529289973,0.0;0.0;0.0;0.0;0.0
development,437,ligand_ligand_only,4.98,4.129473371563641,0.0;0.0;0.0;0.0;0.0
development,438,ligand_ligand_only,4.73,4.641779627872994,0.0;0.0;0.0;0.0;0.0
development,439,ligand_ligand_only,4.66,4.316354099740356,0.0;0.0;0.0;0.0;0.0
development,440,ligand_ligand_only,3.38,4.22621299245586,0.0;0.0;0.0;0.0;0.0
development,441,ligand_ligand_only,5.53,4.548405041509708,0.0;0.0;0.0;0.0;0.0
development,442,ligand_ligand_only,2.49,4.277485796343764,0.0;0.0;0.0;0.0;0.0
development,443,ligand_ligand_only,5.55,4.678346735847316,0.0;0.0;0.0;0.0;0.0
development,444,ligand_ligand_only,5.04,4.523812701699662,0.0;0.0;0.0;0.0;0.0
development,445,ligand_ligand_only,4.42,3.7099502082486926,0.0;0.0;0.0;0.0;0.0
development,446,ligand_ligand_only,4.88,4.2284864044759045,0.0;0.0;0.0;0.0;0.0
development,448,ligand_ligand_only,5.46,4.213220145089746,0.0;0.0;0.0;0.0;0.0
development,449,ligand_ligand_only,5.2,4.150062266193243,0.0;0.0;0.0;0.0;0.0
development,450,ligand_ligand_only,4.745,3.691408879552679,0.0;0.0;0.0;0.0;0.0
development,451,ligand_ligand_only,4.45,4.027768915383129,0.0;0.0;0.0;0.0;0.0
development,452,ligand_ligand_only,4.55,4.456717387279877,0.0;0.0;0.0;0.0;0.0
development,454,ligand_ligand_only,4.83,5.157556751113718,0.0;0.0;0.0;0.0;0.0
development,455,ligand_ligand_only,2.85,3.474555287216655,0.0;0.0;0.0;0.0;0.0
development,457,ligand_ligand_only,4.8,3.8789769972992465,0.0;0.0;0.0;0.0;0.0
development,459,ligand_ligand_only,5.7,4.2334546539634825,0.0;0.0;0.0;0.0;0.0
development,462,ligand_ligand_only,4.15,3.702656389380787,0.0;0.0;0.0;0.0;0.0
development,464,ligand_ligand_only,5.12,4.17903342290133,0.0;0.0;0.0;0.0;0.0
development,465,ligand_ligand_only,4.78,4.360147834444096,0.0;0.0;0.0;0.0;0.0
development,466,ligand_ligand_only,2.0,4.449480885407477,0.0;0.0;0.0;0.0;0.0
development,467,ligand_ligand_only,4.64,3.9408634507990956,0.0;0.0;0.0;0.0;0.0
development,470,ligand_ligand_only,2.56,3.828963259868908,0.0;0.0;0.0;0.0;0.0
development,471,ligand_ligand_only,4.85,3.9254820440296236,0.0;0.0;0.0;0.0;0.0
development,472,ligand_ligand_only,3.84,3.9849065723521977,0.0;0.0;0.0;0.0;0.0
development,475,ligand_ligand_only,4.78,4.5636692780732675,0.0;0.0;0.0;0.0;0.0
development,476,ligand_ligand_only,4.49,4.525404763012397,0.0;0.0;0.0;0.0;0.0
development,477,ligand_ligand_only,4.91,5.109093029501428,0.0;0.0;0.0;0.0;0.0
development,478,ligand_ligand_only,5.19,5.081027584931355,0.0;0.0;0.0;0.0;0.0
development,479,ligand_ligand_only,4.79,4.50870888499883,0.0;0.0;0.0;0.0;0.0
development,480,ligand_ligand_only,4.17,5.0231888077195,0.0;0.0;0.0;0.0;0.0
development,481,ligand_ligand_only,2.57,4.292811884588451,0.0;0.0;0.0;0.0;0.0
development,482,ligand_ligand_only,5.07,4.8410803990089954,0.0;0.0;0.0;0.0;0.0
development,483,ligand_ligand_only,4.21,4.282196369355228,0.0;0.0;0.0;0.0;0.0
development,484,ligand_ligand_only,2.88,3.615554782153609,0.0;0.0;0.0;0.0;0.0
development,485,ligand_ligand_only,4.46,4.845282027684886,0.0;0.0;0.0;0.0;0.0
development,486,ligand_ligand_only,3.37,4.0565721383479305,0.0;0.0;0.0;0.0;0.0
development,487,ligand_ligand_only,5.775,4.8515432755045085,0.0;0.0;0.0;0.0;0.0
development,489,ligand_ligand_only,4.88,5.458219357721427,0.0;0.0;0.0;0.0;0.0
development,490,ligand_ligand_only,1.83,4.246307989562253,0.0;0.0;0.0;0.0;0.0
development,491,ligand_ligand_only,4.79,3.925708156874315,0.0;0.0;0.0;0.0;0.0
development,492,ligand_ligand_only,3.95,3.931784132933884,0.0;0.0;0.0;0.0;0.0
development,493,ligand_ligand_only,4.97,4.66100928297316,0.0;0.0;0.0;0.0;0.0
development,494,ligand_ligand_only,5.5,4.307715472120347,0.0;0.0;0.0;0.0;0.0
development,496,ligand_ligand_only,4.99,4.092215203242376,0.0;0.0;0.0;0.0;0.0
development,497,ligand_ligand_only,5.16,4.212490998707718,0.0;0.0;0.0;0.0;0.0
development,498,ligand_ligand_only,5.04,4.080019245971459,0.0;0.0;0.0;0.0;0.0
development,499,ligand_ligand_only,4.53,4.556963314462256,0.0;0.0;0.0;0.0;0.0
development,500,ligand_ligand_only,4.15,4.595692837408966,0.0;0.0;0.0;0.0;0.0
development,501,ligand_ligand_only,1.92,3.8566589092032038,0.0;0.0;0.0;0.0;0.0
development,502,ligand_ligand_only,5.15,4.22792426334347,0.0;0.0;0.0;0.0;0.0
development,503,ligand_ligand_only,5.74,3.8467563308975,0.0;0.0;0.0;0.0;0.0
development,504,ligand_ligand_only,4.73,4.568771855906484,0.0;0.0;0.0;0.0;0.0
development,505,ligand_ligand_only,5.21,4.781453223871625,0.0;0.0;0.0;0.0;0.0
development,506,ligand_ligand_only,2.5,3.9422927300656134,0.0;0.0;0.0;0.0;0.0
development,507,ligand_ligand_only,3.98,3.9542257363877242,0.0;0.0;0.0;0.0;0.0
development,508,ligand_ligand_only,4.57,3.94641527866067,0.0;0.0;0.0;0.0;0.0
development,509,ligand_ligand_only,5.0,4.340509416211931,0.0;0.0;0.0;0.0;0.0
development,510,ligand_ligand_only,5.25,4.13389399954253,0.0;0.0;0.0;0.0;0.0
development,511,ligand_ligand_only,5.22,4.397397471620724,0.0;0.0;0.0;0.0;0.0
development,513,ligand_ligand_only,6.845,4.795092618777716,0.0;0.0;0.0;0.0;0.0
development,514,ligand_ligand_only,5.37,4.596086822396857,0.0;0.0;0.0;0.0;0.0
development,515,ligand_ligand_only,4.57,4.544074574673038,0.0;0.0;0.0;0.0;0.0
development,516,ligand_ligand_only,2.79,3.6257075417953954,0.0;0.0;0.0;0.0;0.0
development,517,ligand_ligand_only,5.09,4.712833051974743,0.0;0.0;0.0;0.0;0.0
development,519,ligand_ligand_only,3.93,4.466162292791703,0.0;0.0;0.0;0.0;0.0
development,522,ligand_ligand_only,5.26,4.797787547830065,0.0;0.0;0.0;0.0;0.0
development,523,ligand_ligand_only,1.82,4.375860573806356,0.0;0.0;0.0;0.0;0.0
development,524,ligand_ligand_only,4.77,4.59409974666506,0.0;0.0;0.0;0.0;0.0
development,525,ligand_ligand_only,5.31,4.652810878213301,0.0;0.0;0.0;0.0;0.0
development,527,ligand_ligand_only,4.12,5.472257070237932,0.0;0.0;0.0;0.0;0.0
development,528,ligand_ligand_only,4.76,4.278602233108286,0.0;0.0;0.0;0.0;0.0
development,529,ligand_ligand_only,5.11,4.035876548038471,0.0;0.0;0.0;0.0;0.0
development,530,ligand_ligand_only,4.61,3.946522283128334,0.0;0.0;0.0;0.0;0.0
development,531,ligand_ligand_only,4.96,4.649992114224572,0.0;0.0;0.0;0.0;0.0
development,532,ligand_ligand_only,4.38,4.431975857241213,0.0;0.0;0.0;0.0;0.0
development,533,ligand_ligand_only,3.29,3.6647249735731346,0.0;0.0;0.0;0.0;0.0
development,534,ligand_ligand_only,5.52,4.3120954865532575,0.0;0.0;0.0;0.0;0.0
development,535,ligand_ligand_only,4.63,4.398157176958496,0.0;0.0;0.0;0.0;0.0
development,536,ligand_ligand_only,4.71,4.1331139657704234,0.0;0.0;0.0;0.0;0.0
development,538,ligand_ligand_only,3.59,4.036824287062733,0.0;0.0;0.0;0.0;0.0
development,539,ligand_ligand_only,5.44,4.465586679806611,0.0;0.0;0.0;0.0;0.0
development,540,ligand_ligand_only,2.57,3.951035314302271,0.0;0.0;0.0;0.0;0.0
development,542,ligand_ligand_only,2.56,4.073688714313184,0.0;0.0;0.0;0.0;0.0
development,543,ligand_ligand_only,4.99,4.050295477689559,0.0;0.0;0.0;0.0;0.0
development,545,ligand_ligand_only,4.21,4.341282755234805,0.0;0.0;0.0;0.0;0.0
development,547,ligand_ligand_only,5.27,4.936511735972155,0.0;0.0;0.0;0.0;0.0
development,548,ligand_ligand_only,3.92,4.0760732222520675,0.0;0.0;0.0;0.0;0.0
development,549,ligand_ligand_only,5.39,4.1083772789295985,0.0;0.0;0.0;0.0;0.0
development,551,ligand_ligand_only,4.21,4.046424733711888,0.0;0.0;0.0;0.0;0.0
development,552,ligand_ligand_only,5.57,4.7408585303133135,0.0;0.0;0.0;0.0;0.0
development,553,ligand_ligand_only,5.23,4.132119109207437,0.0;0.0;0.0;0.0;0.0
development,555,ligand_ligand_only,4.38,4.618431669328391,0.0;0.0;0.0;0.0;0.0
development,556,ligand_ligand_only,5.25,4.274451599747366,0.0;0.0;0.0;0.0;0.0
development,557,ligand_ligand_only,5.09,4.590060219577252,0.0;0.0;0.0;0.0;0.0
development,558,ligand_ligand_only,5.09,4.153152617606078,0.0;0.0;0.0;0.0;0.0
development,560,ligand_ligand_only,4.48,4.541209705562157,0.0;0.0;0.0;0.0;0.0
development,561,ligand_ligand_only,1.96,3.6814257357124536,0.0;0.0;0.0;0.0;0.0
development,562,ligand_ligand_only,2.34,3.739345312245342,0.0;0.0;0.0;0.0;0.0
development,564,ligand_ligand_only,6.27,4.39748908651423,0.0;0.0;0.0;0.0;0.0
development,565,ligand_ligand_only,3.22,3.4270494651030976,0.0;0.0;0.0;0.0;0.0
development,566,ligand_ligand_only,3.66,3.8456072984564087,0.0;0.0;0.0;0.0;0.0
development,567,ligand_ligand_only,5.41,4.846997238696522,0.0;0.0;0.0;0.0;0.0
development,568,ligand_ligand_only,4.8,4.048866821664253,0.0;0.0;0.0;0.0;0.0
development,570,ligand_ligand_only,3.4,3.9373464136977208,0.0;0.0;0.0;0.0;0.0
development,571,ligand_ligand_only,5.57,4.229202248477341,0.0;0.0;0.0;0.0;0.0
development,572,ligand_ligand_only,3.82,3.9168935963077147,0.0;0.0;0.0;0.0;0.0
development,573,ligand_ligand_only,1.77,4.182311205615009,0.0;0.0;0.0;0.0;0.0
development,574,ligand_ligand_only,4.35,4.043224724339707,0.0;0.0;0.0;0.0;0.0
development,575,ligand_ligand_only,4.9,4.207513601942581,0.0;0.0;0.0;0.0;0.0
development,576,ligand_ligand_only,4.68,5.10387578155207,0.0;0.0;0.0;0.0;0.0
development,577,ligand_ligand_only,4.27,4.245476947498291,0.0;0.0;0.0;0.0;0.0
development,578,ligand_ligand_only,2.44,4.0986038212453755,0.0;0.0;0.0;0.0;0.0
development,579,ligand_ligand_only,5.25,4.493964079954569,0.0;0.0;0.0;0.0;0.0
development,580,ligand_ligand_only,3.14,3.858282293306968,0.0;0.0;0.0;0.0;0.0
development,581,ligand_ligand_only,1.78,5.301733544675772,0.0;0.0;0.0;0.0;0.0
development,582,ligand_ligand_only,5.25,5.280341522640458,0.0;0.0;0.0;0.0;0.0
development,583,ligand_ligand_only,4.67,3.935840663708716,0.0;0.0;0.0;0.0;0.0
development,584,ligand_ligand_only,3.11,3.8905602341156826,0.0;0.0;0.0;0.0;0.0
development,585,ligand_ligand_only,5.28,4.531258490887689,0.0;0.0;0.0;0.0;0.0
development,587,ligand_ligand_only,5.18,3.862598585335003,0.0;0.0;0.0;0.0;0.0
development,588,ligand_ligand_only,5.38,4.578467653437988,0.0;0.0;0.0;0.0;0.0
development,590,ligand_ligand_only,5.12,4.170330598383069,0.0;0.0;0.0;0.0;0.0
development,592,ligand_ligand_only,4.58,4.110485815226959,0.0;0.0;0.0;0.0;0.0
development,593,ligand_ligand_only,4.73,4.309497210620625,0.0;0.0;0.0;0.0;0.0
development,594,ligand_ligand_only,5.16,4.449059640511263,0.0;0.0;0.0;0.0;0.0
development,596,ligand_ligand_only,5.0,4.570914674989508,0.0;0.0;0.0;0.0;0.0
development,597,ligand_ligand_only,3.98,3.9164886624255564,0.0;0.0;0.0;0.0;0.0
development,598,ligand_ligand_only,4.66,4.935562510919275,0.0;0.0;0.0;0.0;0.0
development,599,ligand_ligand_only,4.88,3.862091203630612,0.0;0.0;0.0;0.0;0.0
development,600,ligand_ligand_only,4.08,4.467704236091924,0.0;0.0;0.0;0.0;0.0
development,601,ligand_ligand_only,5.09,4.53828305918902,0.0;0.0;0.0;0.0;0.0
development,602,ligand_ligand_only,4.79,4.278990230922592,0.0;0.0;0.0;0.0;0.0
development,603,ligand_ligand_only,4.05,4.042924334998288,0.0;0.0;0.0;0.0;0.0
development,604,ligand_ligand_only,4.27,4.566668442571131,0.0;0.0;0.0;0.0;0.0
development,605,ligand_ligand_only,5.965,4.242513752620977,0.0;0.0;0.0;0.0;0.0
development,606,ligand_ligand_only,2.86,3.788795837325223,0.0;0.0;0.0;0.0;0.0
development,607,ligand_ligand_only,4.41,4.376317559227453,0.0;0.0;0.0;0.0;0.0
development,608,ligand_ligand_only,4.84,4.351240476695451,0.0;0.0;0.0;0.0;0.0
development,610,ligand_ligand_only,5.27,4.671588422845452,0.0;0.0;0.0;0.0;0.0
development,611,ligand_ligand_only,4.64,3.9754975025236288,0.0;0.0;0.0;0.0;0.0
development,612,ligand_ligand_only,4.92,4.152171947855262,0.0;0.0;0.0;0.0;0.0
development,613,ligand_ligand_only,5.44,5.120559841882831,0.0;0.0;0.0;0.0;0.0
development,614,ligand_ligand_only,5.02,5.391028991215529,0.0;0.0;0.0;0.0;0.0
development,615,ligand_ligand_only,4.46,4.274559624724147,0.0;0.0;0.0;0.0;0.0
development,616,ligand_ligand_only,4.67,4.444834890355939,0.0;0.0;0.0;0.0;0.0
development,617,ligand_ligand_only,4.53,3.6348944214869885,0.0;0.0;0.0;0.0;0.0
development,618,ligand_ligand_only,3.94,3.9103692100039957,0.0;0.0;0.0;0.0;0.0
development,619,ligand_ligand_only,5.43,4.806581197300266,0.0;0.0;0.0;0.0;0.0
development,620,ligand_ligand_only,3.04,4.241786773818225,0.0;0.0;0.0;0.0;0.0
development,621,ligand_ligand_only,4.4,4.224742678256621,0.0;0.0;0.0;0.0;0.0
development,622,ligand_ligand_only,5.05,4.6850809385712555,0.0;0.0;0.0;0.0;0.0
development,623,ligand_ligand_only,3.11,3.836556689499848,0.0;0.0;0.0;0.0;0.0
development,625,ligand_ligand_only,5.14,3.9895185600347185,0.0;0.0;0.0;0.0;0.0
development,626,ligand_ligand_only,4.61,4.348803059599418,0.0;0.0;0.0;0.0;0.0
development,627,ligand_ligand_only,3.44,4.499880829876047,0.0;0.0;0.0;0.0;0.0
development,629,ligand_ligand_only,6.07,4.965881820964723,0.0;0.0;0.0;0.0;0.0
development,630,ligand_ligand_only,4.54,4.490596729184302,0.0;0.0;0.0;0.0;0.0
development,631,ligand_ligand_only,5.62,4.854881001457811,0.0;0.0;0.0;0.0;0.0
development,632,ligand_ligand_only,4.13,4.240085691710093,0.0;0.0;0.0;0.0;0.0
development,633,ligand_ligand_only,4.29,4.030648376313151,0.0;0.0;0.0;0.0;0.0
development,634,ligand_ligand_only,3.72,3.9570975613117296,0.0;0.0;0.0;0.0;0.0
development,635,ligand_ligand_only,6.050000000000001,4.597909182477277,0.0;0.0;0.0;0.0;0.0
development,636,ligand_ligand_only,3.47,4.457355153043569,0.0;0.0;0.0;0.0;0.0
development,637,ligand_ligand_only,4.3,4.764162785966906,0.0;0.0;0.0;0.0;0.0
development,638,ligand_ligand_only,2.37,3.8095688973629493,0.0;0.0;0.0;0.0;0.0
development,639,ligand_ligand_only,5.44,4.446040020995483,0.0;0.0;0.0;0.0;0.0
development,641,ligand_ligand_only,2.01,4.294409076955439,0.0;0.0;0.0;0.0;0.0
development,642,ligand_ligand_only,4.77,4.449819226000118,0.0;0.0;0.0;0.0;0.0
development,643,ligand_ligand_only,4.85,4.140921694306872,0.0;0.0;0.0;0.0;0.0
development,644,ligand_ligand_only,5.06,4.330543344597854,0.0;0.0;0.0;0.0;0.0
development,645,ligand_ligand_only,4.49,4.566393444188332,0.0;0.0;0.0;0.0;0.0
development,646,ligand_ligand_only,5.54,4.339645399193869,0.0;0.0;0.0;0.0;0.0
development,648,ligand_ligand_only,2.68,4.1293782000368395,0.0;0.0;0.0;0.0;0.0
development,649,ligand_ligand_only,3.35,3.647224546680614,0.0;0.0;0.0;0.0;0.0
development,650,ligand_ligand_only,4.87,4.666842277957427,0.0;0.0;0.0;0.0;0.0
development,651,ligand_ligand_only,3.63,4.637266910045425,0.0;0.0;0.0;0.0;0.0
development,654,ligand_ligand_only,4.3,4.424382099864202,0.0;0.0;0.0;0.0;0.0
development,655,ligand_ligand_only,2.02,4.415025312275275,0.0;0.0;0.0;0.0;0.0
development,656,ligand_ligand_only,4.6,4.203925929891365,0.0;0.0;0.0;0.0;0.0
development,657,ligand_ligand_only,5.62,4.086666845624691,0.0;0.0;0.0;0.0;0.0
development,658,ligand_ligand_only,4.54,4.160926959852627,0.0;0.0;0.0;0.0;0.0
development,659,ligand_ligand_only,4.94,4.156746068948257,0.0;0.0;0.0;0.0;0.0
development,660,ligand_ligand_only,5.904999999999999,4.1246085356305775,0.0;0.0;0.0;0.0;0.0
development,661,ligand_ligand_only,5.39,4.043462917410593,0.0;0.0;0.0;0.0;0.0
development,662,ligand_ligand_only,5.57,4.55119481071499,0.0;0.0;0.0;0.0;0.0
development,664,ligand_ligand_only,4.55,5.038106399140253,0.0;0.0;0.0;0.0;0.0
development,665,ligand_ligand_only,5.0,3.9604049524288403,0.0;0.0;0.0;0.0;0.0
development,667,ligand_ligand_only,4.73,5.096835128174515,0.0;0.0;0.0;0.0;0.0
development,668,ligand_ligand_only,4.38,4.801989910370985,0.0;0.0;0.0;0.0;0.0
development,669,ligand_ligand_only,5.68,4.357717877601515,0.0;0.0;0.0;0.0;0.0
development,670,ligand_ligand_only,5.71,4.501033652695602,0.0;0.0;0.0;0.0;0.0
development,671,ligand_ligand_only,4.54,4.127337711914032,0.0;0.0;0.0;0.0;0.0
development,673,ligand_ligand_only,4.09,4.318916879242941,0.0;0.0;0.0;0.0;0.0
development,674,ligand_ligand_only,5.25,4.994767585213679,0.0;0.0;0.0;0.0;0.0
development,676,ligand_ligand_only,5.56,4.222421480140655,0.0;0.0;0.0;0.0;0.0
development,677,ligand_ligand_only,3.95,4.354946280129101,0.0;0.0;0.0;0.0;0.0
development,678,ligand_ligand_only,1.93,4.324534269349876,0.0;0.0;0.0;0.0;0.0
development,679,ligand_ligand_only,2.53,3.889208968483506,0.0;0.0;0.0;0.0;0.0
development,680,ligand_ligand_only,1.92,3.8206060053685285,0.0;0.0;0.0;0.0;0.0
development,681,ligand_ligand_only,4.97,4.6501404708177265,0.0;0.0;0.0;0.0;0.0
development,683,ligand_ligand_only,5.44,4.4376026312171835,0.0;0.0;0.0;0.0;0.0
development,684,ligand_ligand_only,5.5,4.315787190395206,0.0;0.0;0.0;0.0;0.0
development,686,ligand_ligand_only,4.73,4.165660070544563,0.0;0.0;0.0;0.0;0.0
development,687,ligand_ligand_only,4.25,4.589742021367444,0.0;0.0;0.0;0.0;0.0
development,688,ligand_ligand_only,4.57,3.996923029255103,0.0;0.0;0.0;0.0;0.0
development,689,ligand_ligand_only,5.04,4.215913592620924,0.0;0.0;0.0;0.0;0.0
development,690,ligand_ligand_only,5.06,4.062245618278916,0.0;0.0;0.0;0.0;0.0
development,691,ligand_ligand_only,3.1,3.5409569613707257,0.0;0.0;0.0;0.0;0.0
development,692,ligand_ligand_only,4.83,4.010927336473939,0.0;0.0;0.0;0.0;0.0
development,693,ligand_ligand_only,3.31,3.5916345643358483,0.0;0.0;0.0;0.0;0.0
development,694,ligand_ligand_only,4.62,3.9567837270377595,0.0;0.0;0.0;0.0;0.0
development,695,ligand_ligand_only,4.2,4.755298336225694,0.0;0.0;0.0;0.0;0.0
development,696,ligand_ligand_only,2.96,4.134600864631722,0.0;0.0;0.0;0.0;0.0
development,697,ligand_ligand_only,3.79,4.345841636565132,0.0;0.0;0.0;0.0;0.0
development,698,ligand_ligand_only,4.87,4.468042366688136,0.0;0.0;0.0;0.0;0.0
development,699,ligand_ligand_only,4.82,4.867923817723295,0.0;0.0;0.0;0.0;0.0
development,700,ligand_ligand_only,3.99,3.9766456348503767,0.0;0.0;0.0;0.0;0.0
development,702,ligand_ligand_only,4.43,4.122676516599913,0.0;0.0;0.0;0.0;0.0
development,703,ligand_ligand_only,4.66,4.4733165490778255,0.0;0.0;0.0;0.0;0.0
development,704,ligand_ligand_only,5.07,4.580803999410538,0.0;0.0;0.0;0.0;0.0
development,705,ligand_ligand_only,1.68,3.953947320886661,0.0;0.0;0.0;0.0;0.0
development,706,ligand_ligand_only,4.63,4.133586556851212,0.0;0.0;0.0;0.0;0.0
development,707,ligand_ligand_only,2.23,3.681762156693717,0.0;0.0;0.0;0.0;0.0
development,708,ligand_ligand_only,2.58,4.549603954503386,0.0;0.0;0.0;0.0;0.0
development,710,ligand_ligand_only,4.71,4.00133108834071,0.0;0.0;0.0;0.0;0.0
development,711,ligand_ligand_only,5.2,3.882047888161069,0.0;0.0;0.0;0.0;0.0
development,714,ligand_ligand_only,5.27,4.301309629686728,0.0;0.0;0.0;0.0;0.0
development,716,ligand_ligand_only,3.41,3.62241163423202,0.0;0.0;0.0;0.0;0.0
development,717,ligand_ligand_only,4.93,3.897764925591585,0.0;0.0;0.0;0.0;0.0
development,718,ligand_ligand_only,4.99,4.20151291350336,0.0;0.0;0.0;0.0;0.0
development,719,ligand_ligand_only,3.48,3.626246796836821,0.0;0.0;0.0;0.0;0.0
development,720,ligand_ligand_only,3.3,3.971633649608953,0.0;0.0;0.0;0.0;0.0
development,722,ligand_ligand_only,5.58,4.285939739056346,0.0;0.0;0.0;0.0;0.0
development,723,ligand_ligand_only,5.27,4.281437597766886,0.0;0.0;0.0;0.0;0.0
development,725,ligand_ligand_only,4.1,4.201753221497224,0.0;0.0;0.0;0.0;0.0
development,726,ligand_ligand_only,5.42,4.040912543974925,0.0;0.0;0.0;0.0;0.0
development,727,ligand_ligand_only,5.48,4.77451423654504,0.0;0.0;0.0;0.0;0.0
development,728,ligand_ligand_only,4.96,4.52716916690557,0.0;0.0;0.0;0.0;0.0
development,729,ligand_ligand_only,1.71,4.456090588214097,0.0;0.0;0.0;0.0;0.0
development,730,ligand_ligand_only,2.84,3.9795485554522463,0.0;0.0;0.0;0.0;0.0
development,731,ligand_ligand_only,4.7,5.047059854653284,0.0;0.0;0.0;0.0;0.0
development,733,ligand_ligand_only,5.04,4.250578380985299,0.0;0.0;0.0;0.0;0.0
development,734,ligand_ligand_only,5.65,4.280349949441766,0.0;0.0;0.0;0.0;0.0
development,738,ligand_ligand_only,4.33,3.8682928125055103,0.0;0.0;0.0;0.0;0.0
development,739,ligand_ligand_only,2.99,3.545532852077653,0.0;0.0;0.0;0.0;0.0
development,740,ligand_ligand_only,4.38,4.076087842179302,0.0;0.0;0.0;0.0;0.0
development,741,ligand_ligand_only,2.48,4.0115930582461505,0.0;0.0;0.0;0.0;0.0
development,742,ligand_ligand_only,4.39,5.149404725834894,0.0;0.0;0.0;0.0;0.0
development,743,ligand_ligand_only,5.71,4.241011019684667,0.0;0.0;0.0;0.0;0.0
development,744,ligand_ligand_only,4.46,4.135794672780341,0.0;0.0;0.0;0.0;0.0
development,745,ligand_ligand_only,5.07,4.711498748884795,0.0;0.0;0.0;0.0;0.0
development,746,ligand_ligand_only,5.42,4.7218446467469875,0.0;0.0;0.0;0.0;0.0
development,747,ligand_ligand_only,4.98,4.430792849592765,0.0;0.0;0.0;0.0;0.0
development,748,ligand_ligand_only,3.52,4.66463380087234,0.0;0.0;0.0;0.0;0.0
development,750,ligand_ligand_only,4.53,4.11951737193348,0.0;0.0;0.0;0.0;0.0
development,754,ligand_ligand_only,3.43,3.9416009166341395,0.0;0.0;0.0;0.0;0.0
development,755,ligand_ligand_only,3.74,3.8860857656010976,0.0;0.0;0.0;0.0;0.0
development,756,ligand_ligand_only,5.41,4.433436235875684,0.0;0.0;0.0;0.0;0.0
development,758,ligand_ligand_only,5.29,5.444396135392275,0.0;0.0;0.0;0.0;0.0
development,759,ligand_ligand_only,5.31,4.594010726489658,0.0;0.0;0.0;0.0;0.0
development,761,ligand_ligand_only,3.8,4.741058787578371,0.0;0.0;0.0;0.0;0.0
development,762,ligand_ligand_only,2.37,4.169715316023408,0.0;0.0;0.0;0.0;0.0
development,763,ligand_ligand_only,4.69,4.142407672408212,0.0;0.0;0.0;0.0;0.0
development,767,ligand_ligand_only,3.44,4.6106658641791665,0.0;0.0;0.0;0.0;0.0
development,768,ligand_ligand_only,5.91,5.256429607071237,0.0;0.0;0.0;0.0;0.0
development,769,ligand_ligand_only,1.73,3.979972212752697,0.0;0.0;0.0;0.0;0.0
development,770,ligand_ligand_only,4.06,4.1183964382814695,0.0;0.0;0.0;0.0;0.0
development,771,ligand_ligand_only,3.12,3.8432042931163855,0.0;0.0;0.0;0.0;0.0
development,772,ligand_ligand_only,4.81,4.398720442424585,0.0;0.0;0.0;0.0;0.0
development,773,ligand_ligand_only,4.37,4.41737461341839,0.0;0.0;0.0;0.0;0.0
development,778,ligand_ligand_only,3.13,4.044622892282194,0.0;0.0;0.0;0.0;0.0
development,780,ligand_ligand_only,5.2,4.2417466283558305,0.0;0.0;0.0;0.0;0.0
development,781,ligand_ligand_only,4.87,4.871228694480543,0.0;0.0;0.0;0.0;0.0
development,782,ligand_ligand_only,3.08,3.862826956370466,0.0;0.0;0.0;0.0;0.0
development,783,ligand_ligand_only,4.53,3.8837568724705465,0.0;0.0;0.0;0.0;0.0
development,784,ligand_ligand_only,3.15,3.8742939890485455,0.0;0.0;0.0;0.0;0.0
development,785,ligand_ligand_only,4.08,5.1623552319299515,0.0;0.0;0.0;0.0;0.0
development,786,ligand_ligand_only,3.47,5.429999455449204,0.0;0.0;0.0;0.0;0.0
development,788,ligand_ligand_only,2.94,4.002262491895422,0.0;0.0;0.0;0.0;0.0
development,789,ligand_ligand_only,4.93,4.21600814653951,0.0;0.0;0.0;0.0;0.0
development,790,ligand_ligand_only,5.26,3.763890369787377,0.0;0.0;0.0;0.0;0.0
development,791,ligand_ligand_only,4.41,3.8406913597753873,0.0;0.0;0.0;0.0;0.0
development,792,ligand_ligand_only,5.7,4.51448437938363,0.0;0.0;0.0;0.0;0.0
development,794,ligand_ligand_only,4.71,4.469362636364875,0.0;0.0;0.0;0.0;0.0
development,795,ligand_ligand_only,4.7,3.731454831930848,0.0;0.0;0.0;0.0;0.0
development,796,ligand_ligand_only,3.91,4.224784996699856,0.0;0.0;0.0;0.0;0.0
development,798,ligand_ligand_only,4.57,4.425540721082222,0.0;0.0;0.0;0.0;0.0
development,799,ligand_ligand_only,4.56,4.518278777791661,0.0;0.0;0.0;0.0;0.0
development,800,ligand_ligand_only,4.42,3.8280594908739136,0.0;0.0;0.0;0.0;0.0
development,802,ligand_ligand_only,4.23,4.201627313663508,0.0;0.0;0.0;0.0;0.0
development,803,ligand_ligand_only,4.73,4.148235512165938,0.0;0.0;0.0;0.0;0.0
development,804,ligand_ligand_only,5.23,4.470005769518969,0.0;0.0;0.0;0.0;0.0
development,806,ligand_ligand_only,5.25,4.627645697225079,0.0;0.0;0.0;0.0;0.0
development,807,ligand_ligand_only,4.83,4.779473358172369,0.0;0.0;0.0;0.0;0.0
development,809,ligand_ligand_only,2.02,4.4800701968818615,0.0;0.0;0.0;0.0;0.0
development,810,ligand_ligand_only,4.68,4.161506821586058,0.0;0.0;0.0;0.0;0.0
development,812,ligand_ligand_only,5.21,4.3954418239388025,0.0;0.0;0.0;0.0;0.0
development,813,ligand_ligand_only,4.57,4.849437236055546,0.0;0.0;0.0;0.0;0.0
development,814,ligand_ligand_only,4.09,3.9747810766297738,0.0;0.0;0.0;0.0;0.0
development,815,ligand_ligand_only,5.88,4.185055432642966,0.0;0.0;0.0;0.0;0.0
development,816,ligand_ligand_only,4.29,4.645169466203951,0.0;0.0;0.0;0.0;0.0
development,817,ligand_ligand_only,4.74,4.6540745763934686,0.0;0.0;0.0;0.0;0.0
development,818,ligand_ligand_only,4.7,5.020655949996917,0.0;0.0;0.0;0.0;0.0
development,819,ligand_ligand_only,4.35,5.218922001637626,0.0;0.0;0.0;0.0;0.0
development,820,ligand_ligand_only,3.43,4.100214675959944,0.0;0.0;0.0;0.0;0.0
development,821,ligand_ligand_only,4.71,4.634945992494149,0.0;0.0;0.0;0.0;0.0
development,822,ligand_ligand_only,2.51,3.7945272044500413,0.0;0.0;0.0;0.0;0.0
development,823,ligand_ligand_only,4.41,4.187324069730639,0.0;0.0;0.0;0.0;0.0
development,824,ligand_ligand_only,5.17,4.400439738650357,0.0;0.0;0.0;0.0;0.0
development,826,ligand_ligand_only,3.72,4.383810395988145,0.0;0.0;0.0;0.0;0.0
development,827,ligand_ligand_only,2.82,3.7193405169743574,0.0;0.0;0.0;0.0;0.0
development,828,ligand_ligand_only,4.0,5.506720665962743,0.0;0.0;0.0;0.0;0.0
development,829,ligand_ligand_only,1.78,4.047067409041182,0.0;0.0;0.0;0.0;0.0
development,830,ligand_ligand_only,5.23,4.307993102886778,0.0;0.0;0.0;0.0;0.0
development,831,ligand_ligand_only,4.6,4.374441764722476,0.0;0.0;0.0;0.0;0.0
development,832,ligand_ligand_only,1.66,4.066128526562053,0.0;0.0;0.0;0.0;0.0
development,833,ligand_ligand_only,4.78,4.592191039846974,0.0;0.0;0.0;0.0;0.0
development,834,ligand_ligand_only,2.52,3.7278139086845474,0.0;0.0;0.0;0.0;0.0
development,835,ligand_ligand_only,4.24,4.045195981394935,0.0;0.0;0.0;0.0;0.0
development,836,ligand_ligand_only,1.79,4.348588619101268,0.0;0.0;0.0;0.0;0.0
development,837,ligand_ligand_only,5.105,5.037079894424938,0.0;0.0;0.0;0.0;0.0
development,838,ligand_ligand_only,5.85,3.9035782324807866,0.0;0.0;0.0;0.0;0.0
development,839,ligand_ligand_only,4.95,5.080115657306421,0.0;0.0;0.0;0.0;0.0
development,840,ligand_ligand_only,4.01,3.683775909685738,0.0;0.0;0.0;0.0;0.0
development,841,ligand_ligand_only,4.17,3.937296315055084,0.0;0.0;0.0;0.0;0.0
development,842,ligand_ligand_only,5.18,4.844314545638232,0.0;0.0;0.0;0.0;0.0
development,843,ligand_ligand_only,2.73,4.059143465881769,0.0;0.0;0.0;0.0;0.0
development,844,ligand_ligand_only,5.47,4.384182220695121,0.0;0.0;0.0;0.0;0.0
development,845,ligand_ligand_only,5.22,4.492982527605962,0.0;0.0;0.0;0.0;0.0
development,847,ligand_ligand_only,4.14,4.062223443206577,0.0;0.0;0.0;0.0;0.0
development,848,ligand_ligand_only,5.92,4.997314002247303,0.0;0.0;0.0;0.0;0.0
development,849,ligand_ligand_only,5.58,4.811943262613004,0.0;0.0;0.0;0.0;0.0
development,850,ligand_ligand_only,6.09,4.758037838116289,0.0;0.0;0.0;0.0;0.0
development,852,ligand_ligand_only,1.78,4.523376150870145,0.0;0.0;0.0;0.0;0.0
development,854,ligand_ligand_only,1.74,4.430397091219746,0.0;0.0;0.0;0.0;0.0
development,855,ligand_ligand_only,3.26,3.9396657745617603,0.0;0.0;0.0;0.0;0.0
development,856,ligand_ligand_only,5.36,4.397894814461811,0.0;0.0;0.0;0.0;0.0
development,857,ligand_ligand_only,4.77,4.060247060801164,0.0;0.0;0.0;0.0;0.0
development,859,ligand_ligand_only,5.11,4.057160750808864,0.0;0.0;0.0;0.0;0.0
development,860,ligand_ligand_only,2.55,3.846924085146883,0.0;0.0;0.0;0.0;0.0
development,861,ligand_ligand_only,1.75,4.271364771340355,0.0;0.0;0.0;0.0;0.0
development,862,ligand_ligand_only,4.9,4.598705989674695,0.0;0.0;0.0;0.0;0.0
development,863,ligand_ligand_only,4.57,4.731617404770869,0.0;0.0;0.0;0.0;0.0
development,864,ligand_ligand_only,5.14,4.480155201177524,0.0;0.0;0.0;0.0;0.0
development,865,ligand_ligand_only,3.89,3.9889444264249754,0.0;0.0;0.0;0.0;0.0
development,866,ligand_ligand_only,3.58,3.831051650004005,0.0;0.0;0.0;0.0;0.0
development,867,ligand_ligand_only,4.96,4.512998194348891,0.0;0.0;0.0;0.0;0.0
development,868,ligand_ligand_only,3.47,3.9580124420843292,0.0;0.0;0.0;0.0;0.0
development,869,ligand_ligand_only,4.74,3.669352875860482,0.0;0.0;0.0;0.0;0.0
development,870,ligand_ligand_only,2.8,3.8858480445075054,0.0;0.0;0.0;0.0;0.0
development,871,ligand_ligand_only,2.89,4.039507253914951,0.0;0.0;0.0;0.0;0.0
development,872,ligand_ligand_only,5.16,4.039606590485432,0.0;0.0;0.0;0.0;0.0
development,873,ligand_ligand_only,5.91,4.437176140014032,0.0;0.0;0.0;0.0;0.0
development,875,ligand_ligand_only,5.3,3.5551128152028304,0.0;0.0;0.0;0.0;0.0
development,876,ligand_ligand_only,3.85,4.8765226108803965,0.0;0.0;0.0;0.0;0.0
development,877,ligand_ligand_only,1.98,3.5330651044641925,0.0;0.0;0.0;0.0;0.0
development,878,ligand_ligand_only,3.05,3.889638449188476,0.0;0.0;0.0;0.0;0.0
development,880,ligand_ligand_only,4.92,4.5995963323407265,0.0;0.0;0.0;0.0;0.0
development,881,ligand_ligand_only,4.97,4.200473681789514,0.0;0.0;0.0;0.0;0.0
development,882,ligand_ligand_only,5.04,4.545022069476887,0.0;0.0;0.0;0.0;0.0
development,883,ligand_ligand_only,2.56,3.9161586893082507,0.0;0.0;0.0;0.0;0.0
development,884,ligand_ligand_only,4.4,3.922962997224088,0.0;0.0;0.0;0.0;0.0
development,886,ligand_ligand_only,5.18,4.39679353545667,0.0;0.0;0.0;0.0;0.0
development,887,ligand_ligand_only,1.95,3.57737878924179,0.0;0.0;0.0;0.0;0.0
development,888,ligand_ligand_only,5.32,4.3470715738500605,0.0;0.0;0.0;0.0;0.0
development,889,ligand_ligand_only,4.64,3.9018435872035826,0.0;0.0;0.0;0.0;0.0
development,893,ligand_ligand_only,5.66,4.522845586301411,0.0;0.0;0.0;0.0;0.0
development,894,ligand_ligand_only,2.44,4.3841236017027665,0.0;0.0;0.0;0.0;0.0
development,895,ligand_ligand_only,5.7,5.013133947417043,0.0;0.0;0.0;0.0;0.0
development,896,ligand_ligand_only,4.24,3.8624104954773024,0.0;0.0;0.0;0.0;0.0
development,897,ligand_ligand_only,3.61,4.229144713268545,0.0;0.0;0.0;0.0;0.0
development,898,ligand_ligand_only,4.73,3.638470833448971,0.0;0.0;0.0;0.0;0.0
development,899,ligand_ligand_only,4.21,4.296277773240833,0.0;0.0;0.0;0.0;0.0
development,900,ligand_ligand_only,4.41,3.820233654690836,0.0;0.0;0.0;0.0;0.0
development,901,ligand_ligand_only,3.05,3.907332420141068,0.0;0.0;0.0;0.0;0.0
development,903,ligand_ligand_only,5.34,4.686714639447144,0.0;0.0;0.0;0.0;0.0
development,904,ligand_ligand_only,5.11,4.0539886760408566,0.0;0.0;0.0;0.0;0.0
development,905,ligand_ligand_only,3.94,4.176765872765162,0.0;0.0;0.0;0.0;0.0
development,906,ligand_ligand_only,5.35,4.182584225578154,0.0;0.0;0.0;0.0;0.0
development,907,ligand_ligand_only,5.21,4.528364887933812,0.0;0.0;0.0;0.0;0.0
development,908,ligand_ligand_only,3.43,4.302129686530235,0.0;0.0;0.0;0.0;0.0
development,909,ligand_ligand_only,1.85,3.7043555648988833,0.0;0.0;0.0;0.0;0.0
development,910,ligand_ligand_only,2.75,3.985331174161784,0.0;0.0;0.0;0.0;0.0
development,911,ligand_ligand_only,4.73,3.7376819006468844,0.0;0.0;0.0;0.0;0.0
development,912,ligand_ligand_only,5.06,4.169503417832459,0.0;0.0;0.0;0.0;0.0
development,913,ligand_ligand_only,4.65,4.691662297535374,0.0;0.0;0.0;0.0;0.0
development,914,ligand_ligand_only,5.17,4.485919994183028,0.0;0.0;0.0;0.0;0.0
development,915,ligand_ligand_only,1.76,3.9938639130674334,0.0;0.0;0.0;0.0;0.0
development,916,ligand_ligand_only,2.74,4.461949254375601,0.0;0.0;0.0;0.0;0.0
development,917,ligand_ligand_only,5.64,4.562687305084062,0.0;0.0;0.0;0.0;0.0
development,918,ligand_ligand_only,2.85,3.977303257731687,0.0;0.0;0.0;0.0;0.0
development,919,ligand_ligand_only,4.89,4.368336015823937,0.0;0.0;0.0;0.0;0.0
development,920,ligand_ligand_only,2.21,3.9819830998070818,0.0;0.0;0.0;0.0;0.0
development,921,ligand_ligand_only,5.88,5.76092583901878,0.0;0.0;0.0;0.0;0.0
development,922,ligand_ligand_only,5.33,4.179808070736209,0.0;0.0;0.0;0.0;0.0
development,923,ligand_ligand_only,3.0,3.9846052077943996,0.0;0.0;0.0;0.0;0.0
development,925,ligand_ligand_only,4.85,4.492801553739705,0.0;0.0;0.0;0.0;0.0
development,926,ligand_ligand_only,5.66,4.732554746011642,0.0;0.0;0.0;0.0;0.0
development,927,ligand_ligand_only,5.05,4.320178357207836,0.0;0.0;0.0;0.0;0.0
development,928,ligand_ligand_only,5.87,4.158174956712092,0.0;0.0;0.0;0.0;0.0
development,930,ligand_ligand_only,2.79,3.8323662029825627,0.0;0.0;0.0;0.0;0.0
development,931,ligand_ligand_only,2.5,4.977325418415794,0.0;0.0;0.0;0.0;0.0
development,932,ligand_ligand_only,3.3,4.118658581072201,0.0;0.0;0.0;0.0;0.0
development,933,ligand_ligand_only,4.3,5.147799141011707,0.0;0.0;0.0;0.0;0.0
development,935,ligand_ligand_only,2.24,3.434427123498447,0.0;0.0;0.0;0.0;0.0
development,936,ligand_ligand_only,4.56,4.263585474038034,0.0;0.0;0.0;0.0;0.0
development,937,ligand_ligand_only,3.86,3.9192202965748186,0.0;0.0;0.0;0.0;0.0
development,938,ligand_ligand_only,1.81,3.8897841260954436,0.0;0.0;0.0;0.0;0.0
development,940,ligand_ligand_only,4.37,4.379241745524805,0.0;0.0;0.0;0.0;0.0
development,941,ligand_ligand_only,2.45,3.5260400835125134,0.0;0.0;0.0;0.0;0.0
development,942,ligand_ligand_only,3.87,4.413514863816724,0.0;0.0;0.0;0.0;0.0
development,944,ligand_ligand_only,5.58,4.375857984381145,0.0;0.0;0.0;0.0;0.0
development,945,ligand_ligand_only,5.98,4.589009045192156,0.0;0.0;0.0;0.0;0.0
development,946,ligand_ligand_only,4.89,4.472567395682532,0.0;0.0;0.0;0.0;0.0
development,948,ligand_ligand_only,4.36,3.9018473457574516,0.0;0.0;0.0;0.0;0.0
development,950,ligand_ligand_only,4.48,4.387514610767809,0.0;0.0;0.0;0.0;0.0
development,951,ligand_ligand_only,3.65,3.8164491971651593,0.0;0.0;0.0;0.0;0.0
development,952,ligand_ligand_only,3.92,4.954107084050601,0.0;0.0;0.0;0.0;0.0
development,953,ligand_ligand_only,4.98,4.709211087098277,0.0;0.0;0.0;0.0;0.0
development,954,ligand_ligand_only,5.67,4.900464799365491,0.0;0.0;0.0;0.0;0.0
development,955,ligand_ligand_only,2.45,4.1413107275930905,0.0;0.0;0.0;0.0;0.0
development,956,ligand_ligand_only,4.64,4.7966228272628255,0.0;0.0;0.0;0.0;0.0
development,957,ligand_ligand_only,3.67,4.263433462470158,0.0;0.0;0.0;0.0;0.0
development,959,ligand_ligand_only,5.68,4.76238059963968,0.0;0.0;0.0;0.0;0.0
development,960,ligand_ligand_only,4.82,3.9798296627359435,0.0;0.0;0.0;0.0;0.0
development,961,ligand_ligand_only,4.68,4.493756165664212,0.0;0.0;0.0;0.0;0.0
development,962,ligand_ligand_only,5.78,5.183995312979892,0.0;0.0;0.0;0.0;0.0
development,964,ligand_ligand_only,2.67,4.244286974776097,0.0;0.0;0.0;0.0;0.0
development,965,ligand_ligand_only,4.63,3.9382686906985587,0.0;0.0;0.0;0.0;0.0
development,966,ligand_ligand_only,2.92,3.747494878150048,0.0;0.0;0.0;0.0;0.0
development,967,ligand_ligand_only,5.49,4.551743495785991,0.0;0.0;0.0;0.0;0.0
development,968,ligand_ligand_only,5.25,4.7282428411023,0.0;0.0;0.0;0.0;0.0
development,969,ligand_ligand_only,5.16,4.959854368198821,0.0;0.0;0.0;0.0;0.0
development,970,ligand_ligand_only,3.31,4.716772129847495,0.0;0.0;0.0;0.0;0.0
development,972,ligand_ligand_only,5.49,4.891211846052498,0.0;0.0;0.0;0.0;0.0
development,973,ligand_ligand_only,4.99,4.882000319134652,0.0;0.0;0.0;0.0;0.0
development,974,ligand_ligand_only,4.81,4.8431270324417905,0.0;0.0;0.0;0.0;0.0
development,975,ligand_ligand_only,4.95,4.392385742083678,0.0;0.0;0.0;0.0;0.0
development,976,ligand_ligand_only,2.96,4.425774367842487,0.0;0.0;0.0;0.0;0.0
development,977,ligand_ligand_only,4.59,3.9406274272319157,0.0;0.0;0.0;0.0;0.0
development,978,ligand_ligand_only,1.86,4.494165736866942,0.0;0.0;0.0;0.0;0.0
development,979,ligand_ligand_only,3.38,4.427106361966585,0.0;0.0;0.0;0.0;0.0
development,981,ligand_ligand_only,3.73,3.9421206604999384,0.0;0.0;0.0;0.0;0.0
development,982,ligand_ligand_only,4.25,5.099343395149894,0.0;0.0;0.0;0.0;0.0
development,983,ligand_ligand_only,2.44,3.463414565393654,0.0;0.0;0.0;0.0;0.0
development,985,ligand_ligand_only,5.45,4.275408976735452,0.0;0.0;0.0;0.0;0.0
development,986,ligand_ligand_only,3.87,4.409666067718132,0.0;0.0;0.0;0.0;0.0
development,987,ligand_ligand_only,2.9,4.173747001299851,0.0;0.0;0.0;0.0;0.0
development,988,ligand_ligand_only,4.73,3.868257684146312,0.0;0.0;0.0;0.0;0.0
development,989,ligand_ligand_only,4.49,4.276935310274584,0.0;0.0;0.0;0.0;0.0
development,990,ligand_ligand_only,2.52,4.11180510535227,0.0;0.0;0.0;0.0;0.0
development,991,ligand_ligand_only,1.88,4.247804688063955,0.0;0.0;0.0;0.0;0.0
development,992,ligand_ligand_only,4.13,5.103707018652077,0.0;0.0;0.0;0.0;0.0
development,993,ligand_ligand_only,3.29,4.60323121072151,0.0;0.0;0.0;0.0;0.0
development,994,ligand_ligand_only,3.81,3.7154209856772393,0.0;0.0;0.0;0.0;0.0
development,995,ligand_ligand_only,4.45,4.529897472323261,0.0;0.0;0.0;0.0;0.0
development,996,ligand_ligand_only,4.01,4.177017382422619,0.0;0.0;0.0;0.0;0.0
development,997,ligand_ligand_only,3.56,3.5891918673782865,0.0;0.0;0.0;0.0;0.0
development,998,ligand_ligand_only,4.95,4.609903416988709,0.0;0.0;0.0;0.0;0.0
development,999,ligand_ligand_only,4.05,5.30012078855917,0.0;0.0;0.0;0.0;0.0
development,1001,ligand_ligand_only,5.880000000000001,5.013266715863757,0.0;0.0;0.0;0.0;0.0
development,1002,ligand_ligand_only,4.67,4.83819043468971,0.0;0.0;0.0;0.0;0.0
development,1003,ligand_ligand_only,4.8,4.909650155690921,0.0;0.0;0.0;0.0;0.0
development,1004,ligand_ligand_only,3.64,4.169237311008584,0.0;0.0;0.0;0.0;0.0
development,1005,ligand_ligand_only,3.53,4.08348405610146,0.0;0.0;0.0;0.0;0.0
development,1006,ligand_ligand_only,3.4,5.396831815178146,0.0;0.0;0.0;0.0;0.0
development,1008,ligand_ligand_only,4.39,4.654331649484489,0.0;0.0;0.0;0.0;0.0
development,1009,ligand_ligand_only,4.91,4.5964053114471355,0.0;0.0;0.0;0.0;0.0
development,1010,ligand_ligand_only,2.97,3.8262019364208624,0.0;0.0;0.0;0.0;0.0
development,1011,ligand_ligand_only,5.11,4.404833014363673,0.0;0.0;0.0;0.0;0.0
development,1012,ligand_ligand_only,5.18,3.966350915352862,0.0;0.0;0.0;0.0;0.0
development,1013,ligand_ligand_only,5.36,4.346520755838327,0.0;0.0;0.0;0.0;0.0
development,1015,ligand_ligand_only,2.87,3.7012530427866364,0.0;0.0;0.0;0.0;0.0
development,1016,ligand_ligand_only,4.76,4.195689657709187,0.0;0.0;0.0;0.0;0.0
development,1018,ligand_ligand_only,5.23,5.326160547165673,0.0;0.0;0.0;0.0;0.0
development,1019,ligand_ligand_only,4.38,3.7663735834021006,0.0;0.0;0.0;0.0;0.0
development,1020,ligand_ligand_only,2.84,3.990077262024632,0.0;0.0;0.0;0.0;0.0
development,1021,ligand_ligand_only,5.13,5.265781819263462,0.0;0.0;0.0;0.0;0.0
development,1023,ligand_ligand_only,3.29,4.215255730147574,0.0;0.0;0.0;0.0;0.0
development,1024,ligand_ligand_only,5.44,4.7971721475710165,0.0;0.0;0.0;0.0;0.0
development,1026,ligand_ligand_only,5.22,4.519861699229366,0.0;0.0;0.0;0.0;0.0
development,1028,ligand_ligand_only,3.42,3.9376439515022597,0.0;0.0;0.0;0.0;0.0
development,1029,ligand_ligand_only,4.4,4.667524715635567,0.0;0.0;0.0;0.0;0.0
development,1030,ligand_ligand_only,5.02,4.41418193528663,0.0;0.0;0.0;0.0;0.0
development,1031,ligand_ligand_only,3.05,4.325531397917054,0.0;0.0;0.0;0.0;0.0
development,1032,ligand_ligand_only,3.78,4.386594229933138,0.0;0.0;0.0;0.0;0.0
development,1033,ligand_ligand_only,2.02,3.4850572974103766,0.0;0.0;0.0;0.0;0.0
development,1034,ligand_ligand_only,4.66,4.335789280832907,0.0;0.0;0.0;0.0;0.0
development,1035,ligand_ligand_only,3.63,3.9992241616603246,0.0;0.0;0.0;0.0;0.0
development,1036,ligand_ligand_only,5.29,4.109026647493458,0.0;0.0;0.0;0.0;0.0
development,1037,ligand_ligand_only,1.71,4.416118778095887,0.0;0.0;0.0;0.0;0.0
development,1039,ligand_ligand_only,5.45,4.076888227787105,0.0;0.0;0.0;0.0;0.0
development,1040,ligand_ligand_only,4.92,4.759377378588442,0.0;0.0;0.0;0.0;0.0
development,1041,ligand_ligand_only,1.82,4.9070400218615005,0.0;0.0;0.0;0.0;0.0
development,1042,ligand_ligand_only,4.34,4.856479596742739,0.0;0.0;0.0;0.0;0.0
development,1044,ligand_ligand_only,5.41,3.9915075253698546,0.0;0.0;0.0;0.0;0.0
development,1045,ligand_ligand_only,4.17,4.405380131537263,0.0;0.0;0.0;0.0;0.0
development,1046,ligand_ligand_only,4.98,3.6789223707322463,0.0;0.0;0.0;0.0;0.0
development,1047,ligand_ligand_only,4.8,4.303731726900018,0.0;0.0;0.0;0.0;0.0
development,1048,ligand_ligand_only,4.04,4.811594440513651,0.0;0.0;0.0;0.0;0.0
development,1049,ligand_ligand_only,4.62,4.4578873750166235,0.0;0.0;0.0;0.0;0.0
development,1050,ligand_ligand_only,5.06,3.846723612329167,0.0;0.0;0.0;0.0;0.0
development,1051,ligand_ligand_only,5.07,3.844102603329031,0.0;0.0;0.0;0.0;0.0
development,1052,ligand_ligand_only,4.99,4.612867504702914,0.0;0.0;0.0;0.0;0.0
development,1053,ligand_ligand_only,2.93,3.6831694284368237,0.0;0.0;0.0;0.0;0.0
development,1054,ligand_ligand_only,5.58,4.1612960852122205,0.0;0.0;0.0;0.0;0.0
development,1055,ligand_ligand_only,5.87,4.72647134710356,0.0;0.0;0.0;0.0;0.0
development,1056,ligand_ligand_only,4.43,4.403528221739997,0.0;0.0;0.0;0.0;0.0
development,1057,ligand_ligand_only,4.24,4.8200188118068805,0.0;0.0;0.0;0.0;0.0
development,1058,ligand_ligand_only,2.25,3.8999741968210895,0.0;0.0;0.0;0.0;0.0
development,1059,ligand_ligand_only,2.22,3.2200225216680396,0.0;0.0;0.0;0.0;0.0
development,1060,ligand_ligand_only,5.64,4.98813523024529,0.0;0.0;0.0;0.0;0.0
development,1061,ligand_ligand_only,2.88,3.5781625933318657,0.0;0.0;0.0;0.0;0.0
development,1062,ligand_ligand_only,1.78,3.6998091184845494,0.0;0.0;0.0;0.0;0.0
development,1063,ligand_ligand_only,3.52,5.083667319321209,0.0;0.0;0.0;0.0;0.0
development,1064,ligand_ligand_only,4.22,4.050095857528698,0.0;0.0;0.0;0.0;0.0
development,1065,ligand_ligand_only,2.16,3.2223229608074613,0.0;0.0;0.0;0.0;0.0
development,1066,ligand_ligand_only,5.1,3.7019839919777744,0.0;0.0;0.0;0.0;0.0
development,1067,ligand_ligand_only,6.11,4.175108909503038,0.0;0.0;0.0;0.0;0.0
development,1068,ligand_ligand_only,4.23,4.987309022001707,0.0;0.0;0.0;0.0;0.0
development,1069,ligand_ligand_only,5.65,5.302835389058573,0.0;0.0;0.0;0.0;0.0
development,1071,ligand_ligand_only,4.9,4.454874801413012,0.0;0.0;0.0;0.0;0.0
development,1073,ligand_ligand_only,2.44,4.277883933463771,0.0;0.0;0.0;0.0;0.0
development,1074,ligand_ligand_only,5.39,4.21691384288073,0.0;0.0;0.0;0.0;0.0
development,1075,ligand_ligand_only,2.68,3.8541938967349,0.0;0.0;0.0;0.0;0.0
development,1077,ligand_ligand_only,3.05,3.767282262634238,0.0;0.0;0.0;0.0;0.0
development,1078,ligand_ligand_only,1.65,4.063183759894707,0.0;0.0;0.0;0.0;0.0
development,1079,ligand_ligand_only,5.15,4.21987055054093,0.0;0.0;0.0;0.0;0.0
development,1080,ligand_ligand_only,4.26,3.685770364021721,0.0;0.0;0.0;0.0;0.0
development,1082,ligand_ligand_only,5.72,4.121162721568427,0.0;0.0;0.0;0.0;0.0
development,1083,ligand_ligand_only,5.08,4.06547959296324,0.0;0.0;0.0;0.0;0.0
development,1084,ligand_ligand_only,1.95,3.8954294400627814,0.0;0.0;0.0;0.0;0.0
development,1086,ligand_ligand_only,4.44,4.89690730828346,0.0;0.0;0.0;0.0;0.0
development,1087,ligand_ligand_only,4.25,4.404174849905102,0.0;0.0;0.0;0.0;0.0
development,1088,ligand_ligand_only,3.05,3.9956648122644967,0.0;0.0;0.0;0.0;0.0
development,1091,ligand_ligand_only,5.3,5.328294279257257,0.0;0.0;0.0;0.0;0.0
development,1093,ligand_ligand_only,3.45,3.8477393644149593,0.0;0.0;0.0;0.0;0.0
development,1094,ligand_ligand_only,4.07,4.546952224026888,0.0;0.0;0.0;0.0;0.0
development,1095,ligand_ligand_only,4.91,4.2874116043715595,0.0;0.0;0.0;0.0;0.0
development,1096,ligand_ligand_only,4.16,4.053007176891271,0.0;0.0;0.0;0.0;0.0
development,1097,ligand_ligand_only,5.38,3.8353236536004482,0.0;0.0;0.0;0.0;0.0
development,1099,ligand_ligand_only,5.34,4.127575887977968,0.0;0.0;0.0;0.0;0.0
development,1100,ligand_ligand_only,3.55,3.7922066953209876,0.0;0.0;0.0;0.0;0.0
development,1101,ligand_ligand_only,5.49,4.048295553228428,0.0;0.0;0.0;0.0;0.0
development,1104,ligand_ligand_only,4.68,4.461999862753186,0.0;0.0;0.0;0.0;0.0
development,1106,ligand_ligand_only,5.53,3.948096550152037,0.0;0.0;0.0;0.0;0.0
development,1108,ligand_ligand_only,2.96,4.276109510514806,0.0;0.0;0.0;0.0;0.0
development,1109,ligand_ligand_only,1.96,4.196086845053489,0.0;0.0;0.0;0.0;0.0
development,1111,ligand_ligand_only,1.91,3.8598275209908737,0.0;0.0;0.0;0.0;0.0
development,1112,ligand_ligand_only,4.66,4.230167060789676,0.0;0.0;0.0;0.0;0.0
development,1113,ligand_ligand_only,4.3,3.910224983211866,0.0;0.0;0.0;0.0;0.0
development,1114,ligand_ligand_only,4.56,3.900496413636242,0.0;0.0;0.0;0.0;0.0
development,1116,ligand_ligand_only,1.79,3.76008593924312,0.0;0.0;0.0;0.0;0.0
development,1117,ligand_ligand_only,3.77,4.224255480632369,0.0;0.0;0.0;0.0;0.0
development,1118,ligand_ligand_only,4.77,4.211327740135414,0.0;0.0;0.0;0.0;0.0
development,1121,ligand_ligand_only,4.38,4.14762798683453,0.0;0.0;0.0;0.0;0.0
development,1122,ligand_ligand_only,5.89,5.2668203212052775,0.0;0.0;0.0;0.0;0.0
development,1123,ligand_ligand_only,4.52,4.21089677234339,0.0;0.0;0.0;0.0;0.0
development,1125,ligand_ligand_only,4.64,4.131083178714273,0.0;0.0;0.0;0.0;0.0
development,1128,ligand_ligand_only,5.11,4.507435198939501,0.0;0.0;0.0;0.0;0.0
development,1129,ligand_ligand_only,5.9,4.990784057628254,0.0;0.0;0.0;0.0;0.0
development,1130,ligand_ligand_only,4.74,4.094587631895446,0.0;0.0;0.0;0.0;0.0
development,1131,ligand_ligand_only,4.85,5.12145396013002,0.0;0.0;0.0;0.0;0.0
development,1133,ligand_ligand_only,5.05,4.916658513536484,0.0;0.0;0.0;0.0;0.0
development,1134,ligand_ligand_only,3.9,4.128974009698841,0.0;0.0;0.0;0.0;0.0
development,1135,ligand_ligand_only,5.08,4.5778346947904005,0.0;0.0;0.0;0.0;0.0
development,1139,ligand_ligand_only,2.7,3.754848925409199,0.0;0.0;0.0;0.0;0.0
development,1141,ligand_ligand_only,2.79,4.107725248407833,0.0;0.0;0.0;0.0;0.0
development,1142,ligand_ligand_only,4.96,4.535863598871288,0.0;0.0;0.0;0.0;0.0
development,1143,ligand_ligand_only,4.95,3.8170990666223235,0.0;0.0;0.0;0.0;0.0
development,1144,ligand_ligand_only,1.73,4.4103168391414505,0.0;0.0;0.0;0.0;0.0
development,1145,ligand_ligand_only,5.21,4.401305801959249,0.0;0.0;0.0;0.0;0.0
development,1146,ligand_ligand_only,5.11,4.282373860331572,0.0;0.0;0.0;0.0;0.0
development,1147,ligand_ligand_only,5.33,4.736186959907418,0.0;0.0;0.0;0.0;0.0
development,1148,ligand_ligand_only,3.8,4.064650034153823,0.0;0.0;0.0;0.0;0.0
development,1150,ligand_ligand_only,5.03,4.065727036065406,0.0;0.0;0.0;0.0;0.0
development,1153,ligand_ligand_only,4.54,3.8134183020365566,0.0;0.0;0.0;0.0;0.0
development,1154,ligand_ligand_only,5.89,4.691916827819164,0.0;0.0;0.0;0.0;0.0
development,1155,ligand_ligand_only,5.14,4.761395939525543,0.0;0.0;0.0;0.0;0.0
development,1156,ligand_ligand_only,4.29,3.701217776744352,0.0;0.0;0.0;0.0;0.0
development,1157,ligand_ligand_only,5.04,4.503423015911867,0.0;0.0;0.0;0.0;0.0
development,1158,ligand_ligand_only,5.39,3.772849917834716,0.0;0.0;0.0;0.0;0.0
development,1159,ligand_ligand_only,2.45,3.582141209640455,0.0;0.0;0.0;0.0;0.0
development,1160,ligand_ligand_only,3.41,4.126097546418648,0.0;0.0;0.0;0.0;0.0
development,1162,ligand_ligand_only,5.27,4.417566994840518,0.0;0.0;0.0;0.0;0.0
development,1164,ligand_ligand_only,4.68,3.93086666325687,0.0;0.0;0.0;0.0;0.0
development,1166,ligand_ligand_only,3.17,3.3213863349954122,0.0;0.0;0.0;0.0;0.0
development,1167,ligand_ligand_only,4.21,4.180887294795634,0.0;0.0;0.0;0.0;0.0
development,1169,ligand_ligand_only,4.65,4.185570184662196,0.0;0.0;0.0;0.0;0.0
development,1170,ligand_ligand_only,3.95,3.4656015696444022,0.0;0.0;0.0;0.0;0.0
development,1171,ligand_ligand_only,4.37,5.080710229397199,0.0;0.0;0.0;0.0;0.0
development,1172,ligand_ligand_only,4.67,3.784766201467806,0.0;0.0;0.0;0.0;0.0
development,1173,ligand_ligand_only,3.99,4.237167215362415,0.0;0.0;0.0;0.0;0.0
development,1174,ligand_ligand_only,4.6,4.356714163567544,0.0;0.0;0.0;0.0;0.0
development,1175,ligand_ligand_only,5.44,4.6451244026921295,0.0;0.0;0.0;0.0;0.0
development,1176,ligand_ligand_only,4.55,3.7918623531504405,0.0;0.0;0.0;0.0;0.0
development,1177,ligand_ligand_only,4.69,4.198228444448197,0.0;0.0;0.0;0.0;0.0
development,1178,ligand_ligand_only,5.09,4.207638842864622,0.0;0.0;0.0;0.0;0.0
development,1179,ligand_ligand_only,1.8,4.066963416237759,0.0;0.0;0.0;0.0;0.0
development,1180,ligand_ligand_only,2.64,3.758698536409201,0.0;0.0;0.0;0.0;0.0
development,1181,ligand_ligand_only,4.12,4.146704890122499,0.0;0.0;0.0;0.0;0.0
development,1183,ligand_ligand_only,5.08,4.06798991212441,0.0;0.0;0.0;0.0;0.0
development,1185,ligand_ligand_only,4.9,4.632941988101405,0.0;0.0;0.0;0.0;0.0
development,1186,ligand_ligand_only,5.24,4.323096742512188,0.0;0.0;0.0;0.0;0.0
development,1188,ligand_ligand_only,4.16,3.995704447792777,0.0;0.0;0.0;0.0;0.0
development,1189,ligand_ligand_only,5.14,4.263217923542528,0.0;0.0;0.0;0.0;0.0
development,1190,ligand_ligand_only,5.88,4.456526277677051,0.0;0.0;0.0;0.0;0.0
development,1192,ligand_ligand_only,4.39,5.299743066342289,0.0;0.0;0.0;0.0;0.0
development,1193,ligand_ligand_only,4.41,3.816355860681416,0.0;0.0;0.0;0.0;0.0
development,1194,ligand_ligand_only,3.39,3.8663134244159423,0.0;0.0;0.0;0.0;0.0
development,1196,ligand_ligand_only,4.5,4.876209512302572,0.0;0.0;0.0;0.0;0.0
development,1197,ligand_ligand_only,3.98,4.51224385902346,0.0;0.0;0.0;0.0;0.0
development,1200,ligand_ligand_only,2.27,3.818401135574155,0.0;0.0;0.0;0.0;0.0
development,1202,ligand_ligand_only,4.97,4.477096127925566,0.0;0.0;0.0;0.0;0.0
development,1203,ligand_ligand_only,3.1,4.589085840444798,0.0;0.0;0.0;0.0;0.0
development,1204,ligand_ligand_only,5.06,4.14124203677328,0.0;0.0;0.0;0.0;0.0
development,1205,ligand_ligand_only,4.86,4.643338669711304,0.0;0.0;0.0;0.0;0.0
development,1206,ligand_ligand_only,3.42,4.537023149307952,0.0;0.0;0.0;0.0;0.0
development,1207,ligand_ligand_only,1.81,3.94258348273701,0.0;0.0;0.0;0.0;0.0
development,1208,ligand_ligand_only,5.57,4.891115545496731,0.0;0.0;0.0;0.0;0.0
development,1209,ligand_ligand_only,4.5,4.57011294105348,0.0;0.0;0.0;0.0;0.0
development,1210,ligand_ligand_only,5.75,4.818458786758876,0.0;0.0;0.0;0.0;0.0
development,1214,ligand_ligand_only,4.97,4.975131061513819,0.0;0.0;0.0;0.0;0.0
development,1217,ligand_ligand_only,1.75,4.072396573182423,0.0;0.0;0.0;0.0;0.0
development,1218,ligand_ligand_only,2.57,3.8792852300076186,0.0;0.0;0.0;0.0;0.0
development,1219,ligand_ligand_only,5.15,4.373968036757541,0.0;0.0;0.0;0.0;0.0
development,1220,ligand_ligand_only,4.87,4.7838733485871385,0.0;0.0;0.0;0.0;0.0
development,1221,ligand_ligand_only,4.83,4.343877311641268,0.0;0.0;0.0;0.0;0.0
development,1223,ligand_ligand_only,1.72,4.304882387631273,0.0;0.0;0.0;0.0;0.0
development,1224,ligand_ligand_only,5.07,4.538093119644431,0.0;0.0;0.0;0.0;0.0
development,1225,ligand_ligand_only,4.37,4.9794362589385965,0.0;0.0;0.0;0.0;0.0
development,1226,ligand_ligand_only,3.09,3.965237271533968,0.0;0.0;0.0;0.0;0.0
development,1227,ligand_ligand_only,5.25,4.163045102964927,0.0;0.0;0.0;0.0;0.0
development,1228,ligand_ligand_only,5.08,4.615140666619295,0.0;0.0;0.0;0.0;0.0
development,1229,ligand_ligand_only,5.33,4.247943621521452,0.0;0.0;0.0;0.0;0.0
development,1230,ligand_ligand_only,5.19,4.155617437367655,0.0;0.0;0.0;0.0;0.0
development,1231,ligand_ligand_only,5.34,4.292296666994261,0.0;0.0;0.0;0.0;0.0
development,1232,ligand_ligand_only,5.69,4.582742028429846,0.0;0.0;0.0;0.0;0.0
development,1233,ligand_ligand_only,4.04,4.390658057493216,0.0;0.0;0.0;0.0;0.0
development,1234,ligand_ligand_only,4.26,4.304919994210014,0.0;0.0;0.0;0.0;0.0
development,1235,ligand_ligand_only,4.26,4.6304430137571115,0.0;0.0;0.0;0.0;0.0
development,1237,ligand_ligand_only,1.62,4.094122861301998,0.0;0.0;0.0;0.0;0.0
development,1238,ligand_ligand_only,4.04,3.484214437649372,0.0;0.0;0.0;0.0;0.0
development,1239,ligand_ligand_only,4.53,4.638931732751934,0.0;0.0;0.0;0.0;0.0
development,1240,ligand_ligand_only,5.24,4.531389335943303,0.0;0.0;0.0;0.0;0.0
development,1242,ligand_ligand_only,2.55,3.878234794714227,0.0;0.0;0.0;0.0;0.0
development,1243,ligand_ligand_only,4.46,4.503273432496936,0.0;0.0;0.0;0.0;0.0
development,1244,ligand_ligand_only,5.46,4.212282171372298,0.0;0.0;0.0;0.0;0.0
development,1246,ligand_ligand_only,2.95,3.7024618135109044,0.0;0.0;0.0;0.0;0.0
development,1248,ligand_ligand_only,4.41,4.15549305137925,0.0;0.0;0.0;0.0;0.0
development,1249,ligand_ligand_only,5.58,4.558273547076764,0.0;0.0;0.0;0.0;0.0
development,1250,ligand_ligand_only,5.33,3.8157314891219145,0.0;0.0;0.0;0.0;0.0
development,1251,ligand_ligand_only,5.36,4.737886302736191,0.0;0.0;0.0;0.0;0.0
development,1253,ligand_ligand_only,3.35,4.084994896852429,0.0;0.0;0.0;0.0;0.0
development,1254,ligand_ligand_only,4.29,4.355512345709439,0.0;0.0;0.0;0.0;0.0
development,1255,ligand_ligand_only,4.2,4.40678872896956,0.0;0.0;0.0;0.0;0.0
development,1256,ligand_ligand_only,2.06,4.988534047617506,0.0;0.0;0.0;0.0;0.0
development,1257,ligand_ligand_only,5.03,4.415988728300573,0.0;0.0;0.0;0.0;0.0
development,1259,ligand_ligand_only,3.99,4.381431513037295,0.0;0.0;0.0;0.0;0.0
development,1260,ligand_ligand_only,4.37,5.140723445110983,0.0;0.0;0.0;0.0;0.0
development,1261,ligand_ligand_only,5.2,4.509111472860214,0.0;0.0;0.0;0.0;0.0
development,1262,ligand_ligand_only,2.73,4.046045959822599,0.0;0.0;0.0;0.0;0.0
development,1263,ligand_ligand_only,5.46,4.452168295341878,0.0;0.0;0.0;0.0;0.0
development,1265,ligand_ligand_only,5.6,4.631512406166323,0.0;0.0;0.0;0.0;0.0
development,1266,ligand_ligand_only,3.46,3.8610257907024206,0.0;0.0;0.0;0.0;0.0
development,1267,ligand_ligand_only,5.54,4.1119902077829735,0.0;0.0;0.0;0.0;0.0
development,1268,ligand_ligand_only,5.545,4.144997341789347,0.0;0.0;0.0;0.0;0.0
development,1271,ligand_ligand_only,4.97,4.745667440648512,0.0;0.0;0.0;0.0;0.0
development,1273,ligand_ligand_only,2.64,3.62413181578953,0.0;0.0;0.0;0.0;0.0
development,1274,ligand_ligand_only,5.06,3.636667349794114,0.0;0.0;0.0;0.0;0.0
development,1275,ligand_ligand_only,4.73,4.187172090454213,0.0;0.0;0.0;0.0;0.0
development,1276,ligand_ligand_only,2.11,3.7119754260785482,0.0;0.0;0.0;0.0;0.0
development,1277,ligand_ligand_only,4.55,3.964887172539785,0.0;0.0;0.0;0.0;0.0
development,1278,ligand_ligand_only,6.494999999999999,4.516502425967002,0.0;0.0;0.0;0.0;0.0
development,1279,ligand_ligand_only,5.69,4.640385758813039,0.0;0.0;0.0;0.0;0.0
development,1280,ligand_ligand_only,4.79,4.446159932934383,0.0;0.0;0.0;0.0;0.0
development,1281,ligand_ligand_only,3.89,4.593190275489791,0.0;0.0;0.0;0.0;0.0
development,1282,ligand_ligand_only,4.27,3.9157636743975717,0.0;0.0;0.0;0.0;0.0
development,1283,ligand_ligand_only,2.69,1.657093975817666,0.0;0.0;0.0;0.0;0.0
development,1284,ligand_ligand_only,2.95,3.8390514339343764,0.0;0.0;0.0;0.0;0.0
development,1285,ligand_ligand_only,1.92,3.6061524628804205,0.0;0.0;0.0;0.0;0.0
development,1286,ligand_ligand_only,5.02,4.384866054954659,0.0;0.0;0.0;0.0;0.0
development,1288,ligand_ligand_only,3.25,3.939718772698858,0.0;0.0;0.0;0.0;0.0
development,1289,ligand_ligand_only,2.49,4.130077823631931,0.0;0.0;0.0;0.0;0.0
development,1291,ligand_ligand_only,4.34,4.212678898313609,0.0;0.0;0.0;0.0;0.0
development,1292,ligand_ligand_only,5.38,4.465814298032756,0.0;0.0;0.0;0.0;0.0
development,1294,ligand_ligand_only,4.79,4.268264045759847,0.0;0.0;0.0;0.0;0.0
development,1295,ligand_ligand_only,4.59,4.183278551321884,0.0;0.0;0.0;0.0;0.0
development,1296,ligand_ligand_only,4.59,4.772348696827347,0.0;0.0;0.0;0.0;0.0
development,1297,ligand_ligand_only,4.73,4.374580865386953,0.0;0.0;0.0;0.0;0.0
development,1298,ligand_ligand_only,3.67,4.151465392883694,0.0;0.0;0.0;0.0;0.0
development,1299,ligand_ligand_only,4.26,4.485630645190482,0.0;0.0;0.0;0.0;0.0
development,1300,ligand_ligand_only,2.05,4.883724328187385,0.0;0.0;0.0;0.0;0.0
development,1301,ligand_ligand_only,3.49,4.157266443109837,0.0;0.0;0.0;0.0;0.0
development,1302,ligand_ligand_only,5.02,4.212170752970957,0.0;0.0;0.0;0.0;0.0
development,1303,ligand_ligand_only,5.05,4.343862045604642,0.0;0.0;0.0;0.0;0.0
development,1305,ligand_ligand_only,4.64,4.350840985204542,0.0;0.0;0.0;0.0;0.0
development,1306,ligand_ligand_only,1.81,4.190721229462716,0.0;0.0;0.0;0.0;0.0
development,1307,ligand_ligand_only,4.59,4.134422910551656,0.0;0.0;0.0;0.0;0.0
development,1308,ligand_ligand_only,5.39,4.840146925959544,0.0;0.0;0.0;0.0;0.0
development,1309,ligand_ligand_only,4.78,4.727736884887178,0.0;0.0;0.0;0.0;0.0
development,1310,ligand_ligand_only,5.97,4.554252458239016,0.0;0.0;0.0;0.0;0.0
development,1311,ligand_ligand_only,3.61,4.7808791036314835,0.0;0.0;0.0;0.0;0.0
development,1312,ligand_ligand_only,4.84,4.608323164912556,0.0;0.0;0.0;0.0;0.0
development,1313,ligand_ligand_only,3.32,3.7609113618637506,0.0;0.0;0.0;0.0;0.0
development,1314,ligand_ligand_only,2.73,3.5678298731769327,0.0;0.0;0.0;0.0;0.0
development,1316,ligand_ligand_only,5.1,4.6081807202331335,0.0;0.0;0.0;0.0;0.0
development,1317,ligand_ligand_only,3.48,4.052560477658175,0.0;0.0;0.0;0.0;0.0
development,1319,ligand_ligand_only,1.61,4.1344726061766846,0.0;0.0;0.0;0.0;0.0
development,1320,ligand_ligand_only,4.96,4.200324526808959,0.0;0.0;0.0;0.0;0.0
development,1321,ligand_ligand_only,4.31,4.51580594764703,0.0;0.0;0.0;0.0;0.0
development,1323,ligand_ligand_only,5.3,4.833359778059371,0.0;0.0;0.0;0.0;0.0
development,1324,ligand_ligand_only,4.99,4.147453637967295,0.0;0.0;0.0;0.0;0.0
development,1325,ligand_ligand_only,5.22,4.233331315591983,0.0;0.0;0.0;0.0;0.0
development,1327,ligand_ligand_only,2.68,3.788898451037785,0.0;0.0;0.0;0.0;0.0
development,1328,ligand_ligand_only,5.12,3.9169029560917386,0.0;0.0;0.0;0.0;0.0
development,1329,ligand_ligand_only,5.35,4.434532764882313,0.0;0.0;0.0;0.0;0.0
development,1331,ligand_ligand_only,2.74,3.9048098134528786,0.0;0.0;0.0;0.0;0.0
development,1332,ligand_ligand_only,4.42,4.844135161983307,0.0;0.0;0.0;0.0;0.0
development,1333,ligand_ligand_only,5.04,4.256160341077518,0.0;0.0;0.0;0.0;0.0
development,1334,ligand_ligand_only,4.64,4.190693613384398,0.0;0.0;0.0;0.0;0.0
development,1336,ligand_ligand_only,4.49,4.156132471453243,0.0;0.0;0.0;0.0;0.0
development,1337,ligand_ligand_only,5.19,4.248369320015602,0.0;0.0;0.0;0.0;0.0
development,1338,ligand_ligand_only,5.47,4.537939875647438,0.0;0.0;0.0;0.0;0.0
development,1339,ligand_ligand_only,5.38,3.979674845674894,0.0;0.0;0.0;0.0;0.0
development,1340,ligand_ligand_only,5.14,5.339607494428029,0.0;0.0;0.0;0.0;0.0
development,1341,ligand_ligand_only,3.97,4.163695109564502,0.0;0.0;0.0;0.0;0.0
development,1344,ligand_ligand_only,4.05,4.102299526120801,0.0;0.0;0.0;0.0;0.0
development,1345,ligand_ligand_only,5.03,4.445523770123209,0.0;0.0;0.0;0.0;0.0
development,1346,ligand_ligand_only,3.25,4.6292432687958005,0.0;0.0;0.0;0.0;0.0
development,1348,ligand_ligand_only,5.25,4.309476839504174,0.0;0.0;0.0;0.0;0.0
development,1349,ligand_ligand_only,5.48,4.300043449438908,0.0;0.0;0.0;0.0;0.0
development,1350,ligand_ligand_only,2.58,4.43160954692274,0.0;0.0;0.0;0.0;0.0
development,1351,ligand_ligand_only,4.49,3.8850694083675266,0.0;0.0;0.0;0.0;0.0
development,1352,ligand_ligand_only,4.35,4.134584711663266,0.0;0.0;0.0;0.0;0.0
development,1353,ligand_ligand_only,5.48,4.706388823022545,0.0;0.0;0.0;0.0;0.0
development,1354,ligand_ligand_only,5.72,4.633564226162735,0.0;0.0;0.0;0.0;0.0
development,1355,ligand_ligand_only,2.23,4.427048103743091,0.0;0.0;0.0;0.0;0.0
development,1356,ligand_ligand_only,4.58,4.5767697731145525,0.0;0.0;0.0;0.0;0.0
development,1357,ligand_ligand_only,4.28,4.87351626558523,0.0;0.0;0.0;0.0;0.0
development,1358,ligand_ligand_only,2.35,3.942713601696984,0.0;0.0;0.0;0.0;0.0
development,1359,ligand_ligand_only,4.8,3.7984309866127886,0.0;0.0;0.0;0.0;0.0
development,1361,ligand_ligand_only,5.14,4.0327596914139825,0.0;0.0;0.0;0.0;0.0
development,1362,ligand_ligand_only,4.26,5.7180320873429284,0.0;0.0;0.0;0.0;0.0
development,1363,ligand_ligand_only,3.15,3.905564386375451,0.0;0.0;0.0;0.0;0.0
development,1364,ligand_ligand_only,4.6,4.165025349002293,0.0;0.0;0.0;0.0;0.0
development,1365,ligand_ligand_only,6.33,5.132384128611273,0.0;0.0;0.0;0.0;0.0
development,1366,ligand_ligand_only,2.08,3.6229715017603015,0.0;0.0;0.0;0.0;0.0
development,1367,ligand_ligand_only,4.47,4.095827969822697,0.0;0.0;0.0;0.0;0.0
development,1368,ligand_ligand_only,5.51,4.523585331476729,0.0;0.0;0.0;0.0;0.0
development,1370,ligand_ligand_only,5.05,3.9528181223611094,0.0;0.0;0.0;0.0;0.0
development,1371,ligand_ligand_only,4.89,4.2713644260884625,0.0;0.0;0.0;0.0;0.0
development,1372,ligand_ligand_only,4.31,4.5057178486247835,0.0;0.0;0.0;0.0;0.0
development,1373,ligand_ligand_only,2.69,4.297768746554035,0.0;0.0;0.0;0.0;0.0
development,1375,ligand_ligand_only,1.83,4.043545647564291,0.0;0.0;0.0;0.0;0.0
development,1376,ligand_ligand_only,4.65,4.216088017922457,0.0;0.0;0.0;0.0;0.0
development,1379,ligand_ligand_only,3.48,4.050843762237719,0.0;0.0;0.0;0.0;0.0
development,1380,ligand_ligand_only,5.23,4.392811533426866,0.0;0.0;0.0;0.0;0.0
development,1381,ligand_ligand_only,5.4,4.52959993190882,0.0;0.0;0.0;0.0;0.0
development,1382,ligand_ligand_only,4.86,4.489489582532687,0.0;0.0;0.0;0.0;0.0
development,1385,ligand_ligand_only,2.69,4.3787365355801935,0.0;0.0;0.0;0.0;0.0
development,1386,ligand_ligand_only,4.43,5.402235260948884,0.0;0.0;0.0;0.0;0.0
development,1387,ligand_ligand_only,2.59,3.765715616047291,0.0;0.0;0.0;0.0;0.0
development,1389,ligand_ligand_only,3.33,4.291917212258897,0.0;0.0;0.0;0.0;0.0
development,1390,ligand_ligand_only,2.98,3.855348864528281,0.0;0.0;0.0;0.0;0.0
development,1392,ligand_ligand_only,2.43,3.6944620073255465,0.0;0.0;0.0;0.0;0.0
development,1393,ligand_ligand_only,5.03,5.237974368716357,0.0;0.0;0.0;0.0;0.0
development,1395,ligand_ligand_only,4.71,3.72090829414135,0.0;0.0;0.0;0.0;0.0
development,1396,ligand_ligand_only,4.81,3.9504253638197735,0.0;0.0;0.0;0.0;0.0
development,1397,ligand_ligand_only,4.28,4.954055362113798,0.0;0.0;0.0;0.0;0.0
development,1398,ligand_ligand_only,5.35,3.984255436863325,0.0;0.0;0.0;0.0;0.0
development,1399,ligand_ligand_only,4.38,4.014195730351058,0.0;0.0;0.0;0.0;0.0
development,1400,ligand_ligand_only,4.75,3.8241753396201656,0.0;0.0;0.0;0.0;0.0
development,1401,ligand_ligand_only,5.07,4.9209148332065915,0.0;0.0;0.0;0.0;0.0
development,1402,ligand_ligand_only,6.52,5.719535557012191,0.0;0.0;0.0;0.0;0.0
development,1404,ligand_ligand_only,5.08,4.7127348936712785,0.0;0.0;0.0;0.0;0.0
development,1405,ligand_ligand_only,5.01,4.184745208296029,0.0;0.0;0.0;0.0;0.0
development,1406,ligand_ligand_only,5.69,4.517327350103077,0.0;0.0;0.0;0.0;0.0
development,1407,ligand_ligand_only,2.04,5.241166179511099,0.0;0.0;0.0;0.0;0.0
development,1408,ligand_ligand_only,4.71,4.735781215542831,0.0;0.0;0.0;0.0;0.0
development,1410,ligand_ligand_only,4.84,4.194402201999826,0.0;0.0;0.0;0.0;0.0
development,1411,ligand_ligand_only,4.86,5.249567464032101,0.0;0.0;0.0;0.0;0.0
development,1413,ligand_ligand_only,2.13,3.4211502310042663,0.0;0.0;0.0;0.0;0.0
development,1414,ligand_ligand_only,1.88,3.8739408783129736,0.0;0.0;0.0;0.0;0.0
development,1416,ligand_ligand_only,3.96,4.246468574543602,0.0;0.0;0.0;0.0;0.0
development,1418,ligand_ligand_only,1.76,4.412198504536416,0.0;0.0;0.0;0.0;0.0
development,1421,ligand_ligand_only,2.69,3.856245108071668,0.0;0.0;0.0;0.0;0.0
development,1422,ligand_ligand_only,5.68,4.109823405216834,0.0;0.0;0.0;0.0;0.0
development,1423,ligand_ligand_only,4.45,4.003853546270847,0.0;0.0;0.0;0.0;0.0
development,1425,ligand_ligand_only,1.75,3.906116590403649,0.0;0.0;0.0;0.0;0.0
development,1426,ligand_ligand_only,5.39,4.743527571680239,0.0;0.0;0.0;0.0;0.0
development,1427,ligand_ligand_only,2.3,4.157077624006764,0.0;0.0;0.0;0.0;0.0
development,1428,ligand_ligand_only,5.86,4.37555626775056,0.0;0.0;0.0;0.0;0.0
development,1429,ligand_ligand_only,4.52,3.7631619865790613,0.0;0.0;0.0;0.0;0.0
development,1431,ligand_ligand_only,5.29,4.938424325171514,0.0;0.0;0.0;0.0;0.0
development,1432,ligand_ligand_only,5.62,4.486129069746042,0.0;0.0;0.0;0.0;0.0
development,1433,ligand_ligand_only,4.15,4.574828248309192,0.0;0.0;0.0;0.0;0.0
development,1434,ligand_ligand_only,1.89,4.024198090072468,0.0;0.0;0.0;0.0;0.0
development,1435,ligand_ligand_only,4.34,5.194095582726314,0.0;0.0;0.0;0.0;0.0
development,1437,ligand_ligand_only,5.77,4.426910769085322,0.0;0.0;0.0;0.0;0.0
development,1438,ligand_ligand_only,4.46,4.347620247421513,0.0;0.0;0.0;0.0;0.0
development,1439,ligand_ligand_only,4.82,4.787180239707233,0.0;0.0;0.0;0.0;0.0
development,1440,ligand_ligand_only,5.18,4.285408467708456,0.0;0.0;0.0;0.0;0.0
development,1441,ligand_ligand_only,4.74,4.046526820410029,0.0;0.0;0.0;0.0;0.0
development,1442,ligand_ligand_only,3.17,3.6930483049451444,0.0;0.0;0.0;0.0;0.0
development,1443,ligand_ligand_only,4.3,4.348630675420986,0.0;0.0;0.0;0.0;0.0
development,1444,ligand_ligand_only,3.78,4.013647431067553,0.0;0.0;0.0;0.0;0.0
development,1445,ligand_ligand_only,4.6,4.035993005714007,0.0;0.0;0.0;0.0;0.0
development,1446,ligand_ligand_only,3.68,5.459035810765839,0.0;0.0;0.0;0.0;0.0
development,1447,ligand_ligand_only,2.96,4.013901095194215,0.0;0.0;0.0;0.0;0.0
development,1448,ligand_ligand_only,5.03,4.856803576126385,0.0;0.0;0.0;0.0;0.0
development,1449,ligand_ligand_only,5.22,4.257858207166153,0.0;0.0;0.0;0.0;0.0
development,1452,ligand_ligand_only,2.25,4.236431310925823,0.0;0.0;0.0;0.0;0.0
development,1453,ligand_ligand_only,4.87,3.9496492963217014,0.0;0.0;0.0;0.0;0.0
development,1454,ligand_ligand_only,3.47,3.9963743694503444,0.0;0.0;0.0;0.0;0.0
development,1455,ligand_ligand_only,4.35,4.875359875950402,0.0;0.0;0.0;0.0;0.0
development,1456,ligand_ligand_only,4.83,4.2215605954396205,0.0;0.0;0.0;0.0;0.0
development,1457,ligand_ligand_only,5.83,4.714417307382883,0.0;0.0;0.0;0.0;0.0
development,1458,ligand_ligand_only,5.55,5.280279590544745,0.0;0.0;0.0;0.0;0.0
development,1459,ligand_ligand_only,2.1,4.040979492214243,0.0;0.0;0.0;0.0;0.0
development,1460,ligand_ligand_only,4.33,4.099270438502162,0.0;0.0;0.0;0.0;0.0
development,1462,ligand_ligand_only,5.945,4.865350218250592,0.0;0.0;0.0;0.0;0.0
development,1463,ligand_ligand_only,4.28,4.087452839892795,0.0;0.0;0.0;0.0;0.0
development,1465,ligand_ligand_only,5.38,5.016558042177153,0.0;0.0;0.0;0.0;0.0
development,1466,ligand_ligand_only,4.63,4.720157976454366,0.0;0.0;0.0;0.0;0.0
development,1467,ligand_ligand_only,3.02,3.8346070903305076,0.0;0.0;0.0;0.0;0.0
development,1468,ligand_ligand_only,4.65,3.7998195033868534,0.0;0.0;0.0;0.0;0.0
development,1470,ligand_ligand_only,3.87,4.0405686339313895,0.0;0.0;0.0;0.0;0.0
development,1471,ligand_ligand_only,2.75,3.880507092861903,0.0;0.0;0.0;0.0;0.0
development,1473,ligand_ligand_only,3.07,4.297893670161665,0.0;0.0;0.0;0.0;0.0
development,1474,ligand_ligand_only,4.59,4.794230024269099,0.0;0.0;0.0;0.0;0.0
development,1475,ligand_ligand_only,3.94,4.676529686016916,0.0;0.0;0.0;0.0;0.0
development,1476,ligand_ligand_only,5.87,5.084536180666135,0.0;0.0;0.0;0.0;0.0
development,1477,ligand_ligand_only,4.59,4.312149713995951,0.0;0.0;0.0;0.0;0.0
development,1478,ligand_ligand_only,5.19,3.7301323121861425,0.0;0.0;0.0;0.0;0.0
development,1480,ligand_ligand_only,4.78,4.124735721126305,0.0;0.0;0.0;0.0;0.0
development,1483,ligand_ligand_only,4.91,4.794573806629538,0.0;0.0;0.0;0.0;0.0
development,1484,ligand_ligand_only,5.11,4.739234305720391,0.0;0.0;0.0;0.0;0.0
development,1486,ligand_ligand_only,5.19,4.699134123756448,0.0;0.0;0.0;0.0;0.0
development,1488,ligand_ligand_only,4.85,5.179605342032248,0.0;0.0;0.0;0.0;0.0
development,1489,ligand_ligand_only,4.81,4.122141889914264,0.0;0.0;0.0;0.0;0.0
development,1490,ligand_ligand_only,4.96,4.44372901088901,0.0;0.0;0.0;0.0;0.0
development,1491,ligand_ligand_only,3.79,4.004886328332659,0.0;0.0;0.0;0.0;0.0
development,1493,ligand_ligand_only,4.88,4.268514602259217,0.0;0.0;0.0;0.0;0.0
development,1494,ligand_ligand_only,5.84,4.965298738251324,0.0;0.0;0.0;0.0;0.0
development,1495,ligand_ligand_only,4.23,4.994723958380137,0.0;0.0;0.0;0.0;0.0
development,1496,ligand_ligand_only,4.99,4.75989742527641,0.0;0.0;0.0;0.0;0.0
development,1498,ligand_ligand_only,4.57,4.37758422005754,0.0;0.0;0.0;0.0;0.0
development,1499,ligand_ligand_only,4.67,3.8485775119123566,0.0;0.0;0.0;0.0;0.0
development,1500,ligand_ligand_only,5.1,4.398578091334715,0.0;0.0;0.0;0.0;0.0
development,1501,ligand_ligand_only,4.91,4.411507938646875,0.0;0.0;0.0;0.0;0.0
development,1502,ligand_ligand_only,4.26,4.010141201778575,0.0;0.0;0.0;0.0;0.0
development,1503,ligand_ligand_only,3.48,4.356742848165984,0.0;0.0;0.0;0.0;0.0
development,1504,ligand_ligand_only,4.87,4.1876812676069,0.0;0.0;0.0;0.0;0.0
development,1506,ligand_ligand_only,5.08,4.375184488383155,0.0;0.0;0.0;0.0;0.0
development,1507,ligand_ligand_only,5.55,3.9779095116198304,0.0;0.0;0.0;0.0;0.0
development,1508,ligand_ligand_only,4.82,4.198620579775904,0.0;0.0;0.0;0.0;0.0
development,1511,ligand_ligand_only,3.69,4.043223436689603,0.0;0.0;0.0;0.0;0.0
development,1512,ligand_ligand_only,4.67,4.5287289064641465,0.0;0.0;0.0;0.0;0.0
development,1513,ligand_ligand_only,4.09,3.961406335426676,0.0;0.0;0.0;0.0;0.0
development,1514,ligand_ligand_only,1.82,5.0720234264637805,0.0;0.0;0.0;0.0;0.0
development,1515,ligand_ligand_only,2.93,4.777901459798735,0.0;0.0;0.0;0.0;0.0
development,1516,ligand_ligand_only,5.44,4.850641869681638,0.0;0.0;0.0;0.0;0.0
development,1517,ligand_ligand_only,5.05,4.101588508191556,0.0;0.0;0.0;0.0;0.0
development,1518,ligand_ligand_only,4.66,3.7669787624493423,0.0;0.0;0.0;0.0;0.0
development,1519,ligand_ligand_only,5.38,4.477329102413419,0.0;0.0;0.0;0.0;0.0
development,1520,ligand_ligand_only,5.13,4.349905592867748,0.0;0.0;0.0;0.0;0.0
development,1521,ligand_ligand_only,4.24,4.013416552879842,0.0;0.0;0.0;0.0;0.0
development,1523,ligand_ligand_only,5.42,3.766460499982391,0.0;0.0;0.0;0.0;0.0
development,1525,ligand_ligand_only,2.96,3.9279107624008347,0.0;0.0;0.0;0.0;0.0
development,1526,ligand_ligand_only,3.83,4.686704745063482,0.0;0.0;0.0;0.0;0.0
development,1527,ligand_ligand_only,2.47,3.950171489378802,0.0;0.0;0.0;0.0;0.0
development,1528,ligand_ligand_only,5.03,3.824406127244211,0.0;0.0;0.0;0.0;0.0
development,1529,ligand_ligand_only,3.19,4.004257773595397,0.0;0.0;0.0;0.0;0.0
development,1530,ligand_ligand_only,1.74,3.8277606469468446,0.0;0.0;0.0;0.0;0.0
development,1531,ligand_ligand_only,2.72,4.5121769633189395,0.0;0.0;0.0;0.0;0.0
development,1532,ligand_ligand_only,5.7,4.49097566254934,0.0;0.0;0.0;0.0;0.0
development,1533,ligand_ligand_only,3.09,3.696118143754905,0.0;0.0;0.0;0.0;0.0
development,1534,ligand_ligand_only,5.22,4.42559794672841,0.0;0.0;0.0;0.0;0.0
development,1535,ligand_ligand_only,5.06,4.27085346630997,0.0;0.0;0.0;0.0;0.0
development,1536,ligand_ligand_only,5.2,4.686816082025958,0.0;0.0;0.0;0.0;0.0
development,1537,ligand_ligand_only,3.86,4.386893945466019,0.0;0.0;0.0;0.0;0.0
development,1538,ligand_ligand_only,4.9,5.357254327847947,0.0;0.0;0.0;0.0;0.0
development,1540,ligand_ligand_only,2.25,4.411532156003977,0.0;0.0;0.0;0.0;0.0
development,1541,ligand_ligand_only,5.17,4.289710526166704,0.0;0.0;0.0;0.0;0.0
development,1542,ligand_ligand_only,4.12,4.039397527628937,0.0;0.0;0.0;0.0;0.0
development,1543,ligand_ligand_only,1.67,4.325632223078453,0.0;0.0;0.0;0.0;0.0
development,1544,ligand_ligand_only,1.94,4.5250781899344865,0.0;0.0;0.0;0.0;0.0
development,1545,ligand_ligand_only,4.61,5.1162171458219365,0.0;0.0;0.0;0.0;0.0
development,1546,ligand_ligand_only,4.87,4.625243361463553,0.0;0.0;0.0;0.0;0.0
development,1547,ligand_ligand_only,4.38,4.661413126693957,0.0;0.0;0.0;0.0;0.0
development,1549,ligand_ligand_only,4.42,3.86713937651518,0.0;0.0;0.0;0.0;0.0
development,1550,ligand_ligand_only,3.1,4.349505170428911,0.0;0.0;0.0;0.0;0.0
development,1551,ligand_ligand_only,4.92,4.781224486738682,0.0;0.0;0.0;0.0;0.0
development,1552,ligand_ligand_only,5.83,4.256225109105054,0.0;0.0;0.0;0.0;0.0
development,1553,ligand_ligand_only,4.69,4.049565785620064,0.0;0.0;0.0;0.0;0.0
development,1554,ligand_ligand_only,3.23,3.9890860651436357,0.0;0.0;0.0;0.0;0.0
development,1556,ligand_ligand_only,4.54,3.9143072481723578,0.0;0.0;0.0;0.0;0.0
development,1557,ligand_ligand_only,4.36,5.557241976466413,0.0;0.0;0.0;0.0;0.0
development,1559,ligand_ligand_only,4.49,4.182548330254021,0.0;0.0;0.0;0.0;0.0
development,1560,ligand_ligand_only,4.39,4.379682883022283,0.0;0.0;0.0;0.0;0.0
development,1561,ligand_ligand_only,5.865,4.737627173209771,0.0;0.0;0.0;0.0;0.0
development,1562,ligand_ligand_only,5.19,4.277971335131268,0.0;0.0;0.0;0.0;0.0
development,1563,ligand_ligand_only,1.76,5.913977696508535,0.0;0.0;0.0;0.0;0.0
development,1564,ligand_ligand_only,5.74,4.3237453459160955,0.0;0.0;0.0;0.0;0.0
development,1565,ligand_ligand_only,4.22,4.520955988758192,0.0;0.0;0.0;0.0;0.0
development,1566,ligand_ligand_only,5.11,4.346178013651688,0.0;0.0;0.0;0.0;0.0
development,1567,ligand_ligand_only,3.86,3.859293572961863,0.0;0.0;0.0;0.0;0.0
development,1570,ligand_ligand_only,4.66,5.140021334079349,0.0;0.0;0.0;0.0;0.0
development,1571,ligand_ligand_only,5.05,4.043434247318078,0.0;0.0;0.0;0.0;0.0
development,1572,ligand_ligand_only,3.86,4.456624496518498,0.0;0.0;0.0;0.0;0.0
development,1573,ligand_ligand_only,3.53,3.930289931248613,0.0;0.0;0.0;0.0;0.0
development,1574,ligand_ligand_only,5.62,5.05002311371742,0.0;0.0;0.0;0.0;0.0
development,1576,ligand_ligand_only,4.8,4.213798152016661,0.0;0.0;0.0;0.0;0.0
development,1577,ligand_ligand_only,2.71,3.888574253835007,0.0;0.0;0.0;0.0;0.0
development,1578,ligand_ligand_only,5.19,4.0852323929233885,0.0;0.0;0.0;0.0;0.0
development,1581,ligand_ligand_only,4.97,4.59719708473733,0.0;0.0;0.0;0.0;0.0
development,1584,ligand_ligand_only,5.29,4.719575105733444,0.0;0.0;0.0;0.0;0.0
development,1585,ligand_ligand_only,4.52,3.998112209335301,0.0;0.0;0.0;0.0;0.0
development,1587,ligand_ligand_only,5.54,4.633102496060954,0.0;0.0;0.0;0.0;0.0
development,1588,ligand_ligand_only,5.06,4.371896014583054,0.0;0.0;0.0;0.0;0.0
development,1589,ligand_ligand_only,4.92,3.756905999210773,0.0;0.0;0.0;0.0;0.0
development,1590,ligand_ligand_only,4.36,4.246527809984731,0.0;0.0;0.0;0.0;0.0
development,1591,ligand_ligand_only,4.95,3.883804846693357,0.0;0.0;0.0;0.0;0.0
development,1593,ligand_ligand_only,4.81,4.015167184544181,0.0;0.0;0.0;0.0;0.0
development,1594,ligand_ligand_only,3.28,4.330261729672759,0.0;0.0;0.0;0.0;0.0
development,1595,ligand_ligand_only,3.04,4.049874645522235,0.0;0.0;0.0;0.0;0.0
development,1596,ligand_ligand_only,4.93,4.013240770476429,0.0;0.0;0.0;0.0;0.0
development,1597,ligand_ligand_only,4.53,4.055633581970233,0.0;0.0;0.0;0.0;0.0
development,1598,ligand_ligand_only,5.16,4.110458708984229,0.0;0.0;0.0;0.0;0.0
development,1599,ligand_ligand_only,4.87,4.5183019651244924,0.0;0.0;0.0;0.0;0.0
development,1600,ligand_ligand_only,5.33,4.135731285997243,0.0;0.0;0.0;0.0;0.0
development,1603,ligand_ligand_only,2.04,3.9771087440966926,0.0;0.0;0.0;0.0;0.0
development,1605,ligand_ligand_only,4.71,4.196887421992539,0.0;0.0;0.0;0.0;0.0
development,1606,ligand_ligand_only,4.99,4.523365716285501,0.0;0.0;0.0;0.0;0.0
development,1607,ligand_ligand_only,4.95,4.741167456853759,0.0;0.0;0.0;0.0;0.0
development,1609,ligand_ligand_only,5.24,4.464982221668129,0.0;0.0;0.0;0.0;0.0
development,1611,ligand_ligand_only,5.03,4.652079301800396,0.0;0.0;0.0;0.0;0.0
development,1613,ligand_ligand_only,4.33,4.601712077243199,0.0;0.0;0.0;0.0;0.0
development,1614,ligand_ligand_only,4.38,3.855857381933382,0.0;0.0;0.0;0.0;0.0
development,1616,ligand_ligand_only,5.17,4.4387324590310495,0.0;0.0;0.0;0.0;0.0
development,1618,ligand_ligand_only,5.06,3.846285022971508,0.0;0.0;0.0;0.0;0.0
development,1619,ligand_ligand_only,4.43,4.382983717195569,0.0;0.0;0.0;0.0;0.0
development,1620,ligand_ligand_only,5.27,4.274020737331084,0.0;0.0;0.0;0.0;0.0
development,1621,ligand_ligand_only,5.12,3.9413765459487125,0.0;0.0;0.0;0.0;0.0
development,1623,ligand_ligand_only,4.53,3.6762869161499387,0.0;0.0;0.0;0.0;0.0
development,1624,ligand_ligand_only,5.0,4.1576174577362925,0.0;0.0;0.0;0.0;0.0
development,1626,ligand_ligand_only,2.45,3.596047317459482,0.0;0.0;0.0;0.0;0.0
development,1627,ligand_ligand_only,5.52,3.7263732079421388,0.0;0.0;0.0;0.0;0.0
development,1628,ligand_ligand_only,4.27,4.123697139156144,0.0;0.0;0.0;0.0;0.0
development,1629,ligand_ligand_only,2.86,4.55824548866853,0.0;0.0;0.0;0.0;0.0
development,1630,ligand_ligand_only,4.78,4.322422779706797,0.0;0.0;0.0;0.0;0.0
development,1631,ligand_ligand_only,4.99,4.1786164863011726,0.0;0.0;0.0;0.0;0.0
development,1632,ligand_ligand_only,4.52,4.6418727809338085,0.0;0.0;0.0;0.0;0.0
development,1633,ligand_ligand_only,4.04,3.851333394340559,0.0;0.0;0.0;0.0;0.0
development,1634,ligand_ligand_only,3.1,4.271608174866349,0.0;0.0;0.0;0.0;0.0
development,1635,ligand_ligand_only,3.03,3.7703937435846764,0.0;0.0;0.0;0.0;0.0
development,1636,ligand_ligand_only,5.23,4.446789710232813,0.0;0.0;0.0;0.0;0.0
development,1637,ligand_ligand_only,5.03,5.355992077972186,0.0;0.0;0.0;0.0;0.0
development,1638,ligand_ligand_only,4.23,3.9632507815558666,0.0;0.0;0.0;0.0;0.0
development,1639,ligand_ligand_only,5.59,5.350031473789321,0.0;0.0;0.0;0.0;0.0
development,1640,ligand_ligand_only,4.73,4.725641602615443,0.0;0.0;0.0;0.0;0.0
development,1641,ligand_ligand_only,3.44,3.969009793201886,0.0;0.0;0.0;0.0;0.0
development,1642,ligand_ligand_only,5.01,4.81154846129772,0.0;0.0;0.0;0.0;0.0
development,1643,ligand_ligand_only,6.56,4.781285138369607,0.0;0.0;0.0;0.0;0.0
development,1644,ligand_ligand_only,5.8,4.110847798352843,0.0;0.0;0.0;0.0;0.0
development,1645,ligand_ligand_only,4.54,4.08748568056564,0.0;0.0;0.0;0.0;0.0
development,1646,ligand_ligand_only,5.08,4.188441093068702,0.0;0.0;0.0;0.0;0.0
development,1649,ligand_ligand_only,1.82,4.069338293509209,0.0;0.0;0.0;0.0;0.0
development,1650,ligand_ligand_only,4.91,4.385741084319617,0.0;0.0;0.0;0.0;0.0
development,1651,ligand_ligand_only,2.84,3.827185207044955,0.0;0.0;0.0;0.0;0.0
development,1652,ligand_ligand_only,4.89,4.271953377674241,0.0;0.0;0.0;0.0;0.0
development,1653,ligand_ligand_only,2.95,3.4867340788169434,0.0;0.0;0.0;0.0;0.0
development,1656,ligand_ligand_only,4.83,4.037799788437291,0.0;0.0;0.0;0.0;0.0
development,1658,ligand_ligand_only,5.11,4.3093838648580265,0.0;0.0;0.0;0.0;0.0
development,1659,ligand_ligand_only,2.96,3.778942626784226,0.0;0.0;0.0;0.0;0.0
development,1660,ligand_ligand_only,1.81,4.7991829587001344,0.0;0.0;0.0;0.0;0.0
development,1661,ligand_ligand_only,5.02,3.825293474031192,0.0;0.0;0.0;0.0;0.0
development,1662,ligand_ligand_only,5.74,4.253476275674077,0.0;0.0;0.0;0.0;0.0
development,1663,ligand_ligand_only,2.11,3.482041747184186,0.0;0.0;0.0;0.0;0.0
development,1664,ligand_ligand_only,4.88,3.915605788423296,0.0;0.0;0.0;0.0;0.0
development,1665,ligand_ligand_only,5.4,4.644143539279879,0.0;0.0;0.0;0.0;0.0
development,1666,ligand_ligand_only,5.18,3.9865790714689964,0.0;0.0;0.0;0.0;0.0
development,1667,ligand_ligand_only,3.05,4.171691286916282,0.0;0.0;0.0;0.0;0.0
development,1668,ligand_ligand_only,3.4,3.8721928045909983,0.0;0.0;0.0;0.0;0.0
development,1669,ligand_ligand_only,5.17,4.257521479775597,0.0;0.0;0.0;0.0;0.0
development,1670,ligand_ligand_only,4.54,4.424818395483188,0.0;0.0;0.0;0.0;0.0
development,1671,ligand_ligand_only,5.07,4.622202461854558,0.0;0.0;0.0;0.0;0.0
development,1672,ligand_ligand_only,4.81,4.341464904813671,0.0;0.0;0.0;0.0;0.0
development,1673,ligand_ligand_only,5.08,4.622806812170742,0.0;0.0;0.0;0.0;0.0
development,1674,ligand_ligand_only,5.16,4.26498972584259,0.0;0.0;0.0;0.0;0.0
development,1675,ligand_ligand_only,3.95,4.957970057948625,0.0;0.0;0.0;0.0;0.0
development,1676,ligand_ligand_only,4.33,4.342989744546898,0.0;0.0;0.0;0.0;0.0
development,1677,ligand_ligand_only,4.98,4.865569054997449,0.0;0.0;0.0;0.0;0.0
development,1678,ligand_ligand_only,1.82,3.8221562791208763,0.0;0.0;0.0;0.0;0.0
development,1680,ligand_ligand_only,1.77,4.595257084817299,0.0;0.0;0.0;0.0;0.0
development,1681,ligand_ligand_only,4.23,4.10120271582058,0.0;0.0;0.0;0.0;0.0
development,1683,ligand_ligand_only,1.85,4.861814106127855,0.0;0.0;0.0;0.0;0.0
development,1685,ligand_ligand_only,5.09,4.401637184293536,0.0;0.0;0.0;0.0;0.0
development,1686,ligand_ligand_only,4.76,4.58884242449272,0.0;0.0;0.0;0.0;0.0
development,1687,ligand_ligand_only,5.0,4.211497132879799,0.0;0.0;0.0;0.0;0.0
development,1688,ligand_ligand_only,2.94,4.541860429680994,0.0;0.0;0.0;0.0;0.0
development,1689,ligand_ligand_only,5.21,4.345165249051068,0.0;0.0;0.0;0.0;0.0
development,1690,ligand_ligand_only,4.6,3.8377555164853687,0.0;0.0;0.0;0.0;0.0
development,1691,ligand_ligand_only,4.86,4.830228462423012,0.0;0.0;0.0;0.0;0.0
development,1692,ligand_ligand_only,5.26,3.853534875690114,0.0;0.0;0.0;0.0;0.0
development,1693,ligand_ligand_only,4.78,4.169902753173875,0.0;0.0;0.0;0.0;0.0
development,1694,ligand_ligand_only,3.38,3.7345269539413923,0.0;0.0;0.0;0.0;0.0
development,1695,ligand_ligand_only,5.47,5.11155394649507,0.0;0.0;0.0;0.0;0.0
development,1696,ligand_ligand_only,5.04,4.159812657336978,0.0;0.0;0.0;0.0;0.0
development,1697,ligand_ligand_only,2.42,3.7424494611136563,0.0;0.0;0.0;0.0;0.0
development,1698,ligand_ligand_only,5.61,4.226129202692822,0.0;0.0;0.0;0.0;0.0
development,1699,ligand_ligand_only,4.33,4.77866253252703,0.0;0.0;0.0;0.0;0.0
development,1700,ligand_ligand_only,3.01,4.171345507513107,0.0;0.0;0.0;0.0;0.0
development,1702,ligand_ligand_only,5.16,4.401629685135617,0.0;0.0;0.0;0.0;0.0
development,1703,ligand_ligand_only,5.1,4.418054429129892,0.0;0.0;0.0;0.0;0.0
development,1704,ligand_ligand_only,4.25,4.6523494588010985,0.0;0.0;0.0;0.0;0.0
development,1706,ligand_ligand_only,3.98,3.874867857349678,0.0;0.0;0.0;0.0;0.0
development,1707,ligand_ligand_only,3.1,4.02365135566349,0.0;0.0;0.0;0.0;0.0
development,1709,ligand_ligand_only,2.94,4.0744686332136,0.0;0.0;0.0;0.0;0.0
development,1710,ligand_ligand_only,4.09,4.30067043362891,0.0;0.0;0.0;0.0;0.0
development,1711,ligand_ligand_only,4.91,4.0390780323626005,0.0;0.0;0.0;0.0;0.0
development,1712,ligand_ligand_only,3.89,4.077454679307973,0.0;0.0;0.0;0.0;0.0
development,1713,ligand_ligand_only,1.79,4.373383712711385,0.0;0.0;0.0;0.0;0.0
development,1714,ligand_ligand_only,4.17,4.154768600120338,0.0;0.0;0.0;0.0;0.0
development,1716,ligand_ligand_only,1.86,5.312767243894282,0.0;0.0;0.0;0.0;0.0
development,1717,ligand_ligand_only,1.63,3.875789679878391,0.0;0.0;0.0;0.0;0.0
development,1718,ligand_ligand_only,3.89,4.1850693625607205,0.0;0.0;0.0;0.0;0.0
development,1719,ligand_ligand_only,4.61,5.806455616230024,0.0;0.0;0.0;0.0;0.0
development,1720,ligand_ligand_only,4.44,4.755955889918275,0.0;0.0;0.0;0.0;0.0
development,1721,ligand_ligand_only,5.46,4.125470452581472,0.0;0.0;0.0;0.0;0.0
development,1723,ligand_ligand_only,3.09,3.7983375383873414,0.0;0.0;0.0;0.0;0.0
development,1724,ligand_ligand_only,5.3,3.988541832166396,0.0;0.0;0.0;0.0;0.0
development,1726,ligand_ligand_only,5.0,4.619386814779892,0.0;0.0;0.0;0.0;0.0
development,1727,ligand_ligand_only,4.36,4.165384238891013,0.0;0.0;0.0;0.0;0.0
development,1728,ligand_ligand_only,5.19,4.250179010258991,0.0;0.0;0.0;0.0;0.0
development,1729,ligand_ligand_only,4.58,4.760873494939804,0.0;0.0;0.0;0.0;0.0
development,1730,ligand_ligand_only,3.92,4.081854785575164,0.0;0.0;0.0;0.0;0.0
development,1731,ligand_ligand_only,4.57,4.030671650377927,0.0;0.0;0.0;0.0;0.0
development,1732,ligand_ligand_only,1.81,5.0757638605144875,0.0;0.0;0.0;0.0;0.0
development,1733,ligand_ligand_only,5.52,4.6431706672413675,0.0;0.0;0.0;0.0;0.0
development,1734,ligand_ligand_only,4.09,3.9375875882921605,0.0;0.0;0.0;0.0;0.0
development,1736,ligand_ligand_only,4.59,4.690004330775066,0.0;0.0;0.0;0.0;0.0
development,1737,ligand_ligand_only,5.89,4.2127185977969255,0.0;0.0;0.0;0.0;0.0
development,1738,ligand_ligand_only,5.07,4.8684552973820745,0.0;0.0;0.0;0.0;0.0
development,1739,ligand_ligand_only,4.86,4.042096375508482,0.0;0.0;0.0;0.0;0.0
development,1740,ligand_ligand_only,5.77,4.387476890705434,0.0;0.0;0.0;0.0;0.0
development,1741,ligand_ligand_only,5.23,5.0813500750177925,0.0;0.0;0.0;0.0;0.0
development,1742,ligand_ligand_only,3.55,4.397420772442064,0.0;0.0;0.0;0.0;0.0
development,1743,ligand_ligand_only,2.62,4.044422303971779,0.0;0.0;0.0;0.0;0.0
development,1744,ligand_ligand_only,4.74,3.631294419328161,0.0;0.0;0.0;0.0;0.0
development,1745,ligand_ligand_only,4.06,4.161561361456847,0.0;0.0;0.0;0.0;0.0
development,1746,ligand_ligand_only,2.96,4.03031802204736,0.0;0.0;0.0;0.0;0.0
development,1747,ligand_ligand_only,4.67,4.222780107044912,0.0;0.0;0.0;0.0;0.0
development,1748,ligand_ligand_only,4.89,4.416901329790657,0.0;0.0;0.0;0.0;0.0
development,1749,ligand_ligand_only,4.29,4.070389614890932,0.0;0.0;0.0;0.0;0.0
development,1750,ligand_ligand_only,2.64,3.423257801894958,0.0;0.0;0.0;0.0;0.0
development,1751,ligand_ligand_only,5.24,4.100528423360914,0.0;0.0;0.0;0.0;0.0
development,1752,ligand_ligand_only,4.38,4.524593642896765,0.0;0.0;0.0;0.0;0.0
development,1754,ligand_ligand_only,5.33,4.3567736822570415,0.0;0.0;0.0;0.0;0.0
development,1755,ligand_ligand_only,4.09,4.320122625792578,0.0;0.0;0.0;0.0;0.0
development,1756,ligand_ligand_only,5.455,3.720742820577716,0.0;0.0;0.0;0.0;0.0
development,1757,ligand_ligand_only,4.24,4.292376918289511,0.0;0.0;0.0;0.0;0.0
development,1758,ligand_ligand_only,3.76,4.380380974541429,0.0;0.0;0.0;0.0;0.0
development,1760,ligand_ligand_only,4.44,3.72222446347242,0.0;0.0;0.0;0.0;0.0
development,1761,ligand_ligand_only,5.38,4.132450092974101,0.0;0.0;0.0;0.0;0.0
development,1762,ligand_ligand_only,4.41,4.398705316017603,0.0;0.0;0.0;0.0;0.0
development,1763,ligand_ligand_only,2.01,3.7787873663669425,0.0;0.0;0.0;0.0;0.0
development,1764,ligand_ligand_only,4.67,4.5336239282921476,0.0;0.0;0.0;0.0;0.0
development,1765,ligand_ligand_only,4.41,4.7869563482192445,0.0;0.0;0.0;0.0;0.0
development,1766,ligand_ligand_only,4.73,4.120538059056608,0.0;0.0;0.0;0.0;0.0
development,1769,ligand_ligand_only,4.885,4.658506361313464,0.0;0.0;0.0;0.0;0.0
development,1771,ligand_ligand_only,5.66,4.153365060053251,0.0;0.0;0.0;0.0;0.0
development,1772,ligand_ligand_only,3.01,3.3472739304969585,0.0;0.0;0.0;0.0;0.0
development,1773,ligand_ligand_only,6.21,4.274994326054514,0.0;0.0;0.0;0.0;0.0
development,1774,ligand_ligand_only,4.98,5.023483047169002,0.0;0.0;0.0;0.0;0.0
development,1775,ligand_ligand_only,1.87,4.230914319564175,0.0;0.0;0.0;0.0;0.0
development,1776,ligand_ligand_only,4.89,4.361083049498938,0.0;0.0;0.0;0.0;0.0
development,1777,ligand_ligand_only,5.41,4.00942336243658,0.0;0.0;0.0;0.0;0.0
development,1778,ligand_ligand_only,5.31,4.6195476506707385,0.0;0.0;0.0;0.0;0.0
development,1779,ligand_ligand_only,5.13,4.4291032198229034,0.0;0.0;0.0;0.0;0.0
development,1780,ligand_ligand_only,4.94,3.949755367183714,0.0;0.0;0.0;0.0;0.0
development,1782,ligand_ligand_only,1.72,4.72093917114068,0.0;0.0;0.0;0.0;0.0
development,1783,ligand_ligand_only,3.71,3.484263610151296,0.0;0.0;0.0;0.0;0.0
development,1784,ligand_ligand_only,4.59,4.961094538347658,0.0;0.0;0.0;0.0;0.0
development,1785,ligand_ligand_only,4.81,4.615484030354833,0.0;0.0;0.0;0.0;0.0
development,1786,ligand_ligand_only,3.73,3.961485606667969,0.0;0.0;0.0;0.0;0.0
development,1787,ligand_ligand_only,5.15,4.58419704672076,0.0;0.0;0.0;0.0;0.0
development,1788,ligand_ligand_only,5.64,4.124609218228992,0.0;0.0;0.0;0.0;0.0
development,1789,ligand_ligand_only,3.35,3.697771540437958,0.0;0.0;0.0;0.0;0.0
development,1791,ligand_ligand_only,2.57,4.414650682338088,0.0;0.0;0.0;0.0;0.0
development,1792,ligand_ligand_only,4.6,4.140594783218096,0.0;0.0;0.0;0.0;0.0
development,1793,ligand_ligand_only,5.06,3.923133541870122,0.0;0.0;0.0;0.0;0.0
development,1794,ligand_ligand_only,5.63,3.9807104211873283,0.0;0.0;0.0;0.0;0.0
development,1795,ligand_ligand_only,4.77,4.213733321467028,0.0;0.0;0.0;0.0;0.0
development,1796,ligand_ligand_only,2.51,4.194867022043451,0.0;0.0;0.0;0.0;0.0
development,1797,ligand_ligand_only,5.33,4.349058651251897,0.0;0.0;0.0;0.0;0.0
development,1798,ligand_ligand_only,2.87,4.148232204015311,0.0;0.0;0.0;0.0;0.0
development,1799,ligand_ligand_only,3.48,4.657890453907181,0.0;0.0;0.0;0.0;0.0
development,1801,ligand_ligand_only,4.61,4.962530159001062,0.0;0.0;0.0;0.0;0.0
development,1802,ligand_ligand_only,4.63,4.590500513286811,0.0;0.0;0.0;0.0;0.0
development,1803,ligand_ligand_only,2.97,4.0271692733777416,0.0;0.0;0.0;0.0;0.0
development,1804,ligand_ligand_only,4.27,4.1575126350042755,0.0;0.0;0.0;0.0;0.0
development,1805,ligand_ligand_only,6.14,4.204347636886944,0.0;0.0;0.0;0.0;0.0
development,1806,ligand_ligand_only,5.25,4.302816825791992,0.0;0.0;0.0;0.0;0.0
development,1807,ligand_ligand_only,3.7,3.647347912800055,0.0;0.0;0.0;0.0;0.0
development,1808,ligand_ligand_only,1.96,4.170357612802622,0.0;0.0;0.0;0.0;0.0
development,1809,ligand_ligand_only,5.17,4.4518897004963405,0.0;0.0;0.0;0.0;0.0
development,1810,ligand_ligand_only,2.88,4.027567800762888,0.0;0.0;0.0;0.0;0.0
development,1811,ligand_ligand_only,3.61,4.2341084873823025,0.0;0.0;0.0;0.0;0.0
development,1812,ligand_ligand_only,3.01,3.7607504437595694,0.0;0.0;0.0;0.0;0.0
development,1814,ligand_ligand_only,2.49,3.8992667249348223,0.0;0.0;0.0;0.0;0.0
development,1816,ligand_ligand_only,4.04,4.053892176410606,0.0;0.0;0.0;0.0;0.0
development,1817,ligand_ligand_only,5.11,4.4196114961394235,0.0;0.0;0.0;0.0;0.0
development,1818,ligand_ligand_only,5.22,4.168624569244179,0.0;0.0;0.0;0.0;0.0
development,1819,ligand_ligand_only,5.32,4.153331605791806,0.0;0.0;0.0;0.0;0.0
development,1820,ligand_ligand_only,5.09,4.91051237786489,0.0;0.0;0.0;0.0;0.0
development,1822,ligand_ligand_only,3.15,3.945410679165731,0.0;0.0;0.0;0.0;0.0
development,1823,ligand_ligand_only,2.81,3.9221965608925577,0.0;0.0;0.0;0.0;0.0
development,1824,ligand_ligand_only,4.27,4.529719288376671,0.0;0.0;0.0;0.0;0.0
development,1825,ligand_ligand_only,2.13,3.955895149877992,0.0;0.0;0.0;0.0;0.0
development,1826,ligand_ligand_only,3.01,3.9189475876868127,0.0;0.0;0.0;0.0;0.0
development,1827,ligand_ligand_only,5.015000000000001,3.852339139787379,0.0;0.0;0.0;0.0;0.0
development,1828,ligand_ligand_only,5.48,4.547012202977694,0.0;0.0;0.0;0.0;0.0
development,1829,ligand_ligand_only,1.79,3.9832972742569144,0.0;0.0;0.0;0.0;0.0
development,1830,ligand_ligand_only,4.67,4.187100359216127,0.0;0.0;0.0;0.0;0.0
development,1831,ligand_ligand_only,2.01,4.5469870405658686,0.0;0.0;0.0;0.0;0.0
development,1832,ligand_ligand_only,4.11,4.046383174363709,0.0;0.0;0.0;0.0;0.0
development,1834,ligand_ligand_only,5.17,4.396151645927326,0.0;0.0;0.0;0.0;0.0
development,1835,ligand_ligand_only,4.67,4.552731169233303,0.0;0.0;0.0;0.0;0.0
development,1836,ligand_ligand_only,2.39,3.7770614755552634,0.0;0.0;0.0;0.0;0.0
development,1837,ligand_ligand_only,5.365,4.895007921274177,0.0;0.0;0.0;0.0;0.0
development,1838,ligand_ligand_only,2.28,4.176251756956082,0.0;0.0;0.0;0.0;0.0
development,1839,ligand_ligand_only,4.77,4.152388979778827,0.0;0.0;0.0;0.0;0.0
development,1840,ligand_ligand_only,5.27,3.8353874041309153,0.0;0.0;0.0;0.0;0.0
development,1841,ligand_ligand_only,3.28,3.9813847847265738,0.0;0.0;0.0;0.0;0.0
development,1842,ligand_ligand_only,4.95,3.7878119025590378,0.0;0.0;0.0;0.0;0.0
development,1843,ligand_ligand_only,4.74,4.086521920118341,0.0;0.0;0.0;0.0;0.0
development,1844,ligand_ligand_only,5.56,4.529552674729316,0.0;0.0;0.0;0.0;0.0
development,1845,ligand_ligand_only,3.28,4.3400936764940585,0.0;0.0;0.0;0.0;0.0
development,1846,ligand_ligand_only,4.67,3.679582201583011,0.0;0.0;0.0;0.0;0.0
development,1847,ligand_ligand_only,2.47,3.6734797595284934,0.0;0.0;0.0;0.0;0.0
development,1848,ligand_ligand_only,2.54,3.961032848303059,0.0;0.0;0.0;0.0;0.0
development,1850,ligand_ligand_only,2.66,4.037576092565064,0.0;0.0;0.0;0.0;0.0
development,1851,ligand_ligand_only,6.18,4.547966023890331,0.0;0.0;0.0;0.0;0.0
development,1853,ligand_ligand_only,2.93,3.8358874771069007,0.0;0.0;0.0;0.0;0.0
development,1854,ligand_ligand_only,4.52,4.3673451239848395,0.0;0.0;0.0;0.0;0.0
development,1855,ligand_ligand_only,5.1,4.90001181628326,0.0;0.0;0.0;0.0;0.0
development,1857,ligand_ligand_only,4.79,4.143814408574548,0.0;0.0;0.0;0.0;0.0
development,1858,ligand_ligand_only,1.98,4.624749998220825,0.0;0.0;0.0;0.0;0.0
development,1859,ligand_ligand_only,4.36,4.507578135974174,0.0;0.0;0.0;0.0;0.0
development,1861,ligand_ligand_only,4.8,4.251334665911362,0.0;0.0;0.0;0.0;0.0
development,1863,ligand_ligand_only,3.26,4.2440522344907565,0.0;0.0;0.0;0.0;0.0
development,1864,ligand_ligand_only,4.7,4.274494259086952,0.0;0.0;0.0;0.0;0.0
development,1865,ligand_ligand_only,4.59,4.016534259196971,0.0;0.0;0.0;0.0;0.0
development,1867,ligand_ligand_only,4.15,3.941107490927316,0.0;0.0;0.0;0.0;0.0
development,1868,ligand_ligand_only,4.87,5.307039851176893,0.0;0.0;0.0;0.0;0.0
development,1869,ligand_ligand_only,2.51,4.055944421325547,0.0;0.0;0.0;0.0;0.0
development,1870,ligand_ligand_only,4.55,4.242903158095893,0.0;0.0;0.0;0.0;0.0
development,1871,ligand_ligand_only,4.42,4.010799569504659,0.0;0.0;0.0;0.0;0.0
development,1872,ligand_ligand_only,3.56,4.707949181269542,0.0;0.0;0.0;0.0;0.0
development,1873,ligand_ligand_only,5.33,3.813260997684626,0.0;0.0;0.0;0.0;0.0
development,1874,ligand_ligand_only,4.58,4.533750744824782,0.0;0.0;0.0;0.0;0.0
development,1875,ligand_ligand_only,3.39,3.706596494671266,0.0;0.0;0.0;0.0;0.0
development,1876,ligand_ligand_only,4.24,3.651631715080531,0.0;0.0;0.0;0.0;0.0
development,1878,ligand_ligand_only,4.56,4.061098678485838,0.0;0.0;0.0;0.0;0.0
development,1879,ligand_ligand_only,4.72,3.877989550504183,0.0;0.0;0.0;0.0;0.0
development,1880,ligand_ligand_only,5.3,4.1354662370499495,0.0;0.0;0.0;0.0;0.0
development,1881,ligand_ligand_only,3.54,4.204661007927823,0.0;0.0;0.0;0.0;0.0
development,1883,ligand_ligand_only,3.92,4.0012577309260315,0.0;0.0;0.0;0.0;0.0
development,1884,ligand_ligand_only,3.16,4.014454171428609,0.0;0.0;0.0;0.0;0.0
development,1885,ligand_ligand_only,4.89,4.903026634585817,0.0;0.0;0.0;0.0;0.0
development,1886,ligand_ligand_only,5.79,5.214015228030262,0.0;0.0;0.0;0.0;0.0
development,1887,ligand_ligand_only,4.97,4.4929024237025805,0.0;0.0;0.0;0.0;0.0
development,1888,ligand_ligand_only,5.21,4.200542197844673,0.0;0.0;0.0;0.0;0.0
development,1889,ligand_ligand_only,2.82,4.0998301938344115,0.0;0.0;0.0;0.0;0.0
development,1890,ligand_ligand_only,5.06,4.217166776199376,0.0;0.0;0.0;0.0;0.0
development,1891,ligand_ligand_only,1.84,3.9558500846943523,0.0;0.0;0.0;0.0;0.0
development,1892,ligand_ligand_only,4.89,4.191665725308241,0.0;0.0;0.0;0.0;0.0
development,1893,ligand_ligand_only,4.53,4.532770995447484,0.0;0.0;0.0;0.0;0.0
development,1894,ligand_ligand_only,5.41,4.770973975068516,0.0;0.0;0.0;0.0;0.0
development,1895,ligand_ligand_only,5.66,4.476353406622619,0.0;0.0;0.0;0.0;0.0
development,1896,ligand_ligand_only,4.02,3.809576478618003,0.0;0.0;0.0;0.0;0.0
development,1897,ligand_ligand_only,1.88,3.6625258469145425,0.0;0.0;0.0;0.0;0.0
development,1899,ligand_ligand_only,6.23,4.503682848980331,0.0;0.0;0.0;0.0;0.0
development,1900,ligand_ligand_only,4.95,3.9410272553240207,0.0;0.0;0.0;0.0;0.0
development,1901,ligand_ligand_only,4.81,4.257875866472911,0.0;0.0;0.0;0.0;0.0
development,1902,ligand_ligand_only,4.24,4.166972903407734,0.0;0.0;0.0;0.0;0.0
development,1903,ligand_ligand_only,4.74,4.308687963832292,0.0;0.0;0.0;0.0;0.0
development,1904,ligand_ligand_only,5.28,5.5282238221846765,0.0;0.0;0.0;0.0;0.0
development,1905,ligand_ligand_only,4.66,4.436749835136374,0.0;0.0;0.0;0.0;0.0
development,1906,ligand_ligand_only,5.1,4.958076622759071,0.0;0.0;0.0;0.0;0.0
development,1907,ligand_ligand_only,4.85,4.372378454813755,0.0;0.0;0.0;0.0;0.0
development,1908,ligand_ligand_only,4.71,4.445785151187939,0.0;0.0;0.0;0.0;0.0
development,1909,ligand_ligand_only,2.88,4.457669074306876,0.0;0.0;0.0;0.0;0.0
development,1910,ligand_ligand_only,4.93,4.4018955018217145,0.0;0.0;0.0;0.0;0.0
development,1911,ligand_ligand_only,4.11,4.3099551852607325,0.0;0.0;0.0;0.0;0.0
development,1915,ligand_ligand_only,4.16,4.106217941458952,0.0;0.0;0.0;0.0;0.0
development,1916,ligand_ligand_only,4.37,4.277784847271442,0.0;0.0;0.0;0.0;0.0
development,1918,ligand_ligand_only,2.06,4.571063798316296,0.0;0.0;0.0;0.0;0.0
development,1919,ligand_ligand_only,3.66,5.045936159249107,0.0;0.0;0.0;0.0;0.0
development,1920,ligand_ligand_only,2.67,4.063601491022322,0.0;0.0;0.0;0.0;0.0
development,1921,ligand_ligand_only,1.98,3.5734652602116794,0.0;0.0;0.0;0.0;0.0
development,1922,ligand_ligand_only,5.08,4.6822890680976235,0.0;0.0;0.0;0.0;0.0
development,1924,ligand_ligand_only,4.86,3.994509350219981,0.0;0.0;0.0;0.0;0.0
development,1925,ligand_ligand_only,6.14,4.479914503099336,0.0;0.0;0.0;0.0;0.0
development,1926,ligand_ligand_only,4.53,4.205588487135693,0.0;0.0;0.0;0.0;0.0
development,1927,ligand_ligand_only,5.31,5.4420361616246336,0.0;0.0;0.0;0.0;0.0
development,1928,ligand_ligand_only,5.37,4.055332788040197,0.0;0.0;0.0;0.0;0.0
development,1929,ligand_ligand_only,5.33,3.7805191941143743,0.0;0.0;0.0;0.0;0.0
development,1930,ligand_ligand_only,4.15,3.9714475936632865,0.0;0.0;0.0;0.0;0.0
development,1931,ligand_ligand_only,3.5,3.470854371716809,0.0;0.0;0.0;0.0;0.0
development,1932,ligand_ligand_only,4.8,4.105649097755239,0.0;0.0;0.0;0.0;0.0
development,1933,ligand_ligand_only,5.14,4.230415667312669,0.0;0.0;0.0;0.0;0.0
development,1934,ligand_ligand_only,5.09,4.196126397738217,0.0;0.0;0.0;0.0;0.0
development,1935,ligand_ligand_only,5.1,4.163704004861002,0.0;0.0;0.0;0.0;0.0
development,1936,ligand_ligand_only,4.75,3.9685618593179353,0.0;0.0;0.0;0.0;0.0
development,1937,ligand_ligand_only,4.97,4.339141557936101,0.0;0.0;0.0;0.0;0.0
development,1938,ligand_ligand_only,5.23,4.070491883805023,0.0;0.0;0.0;0.0;0.0
development,1939,ligand_ligand_only,4.61,4.328082099934568,0.0;0.0;0.0;0.0;0.0
development,1940,ligand_ligand_only,4.26,4.429727582218542,0.0;0.0;0.0;0.0;0.0
development,1941,ligand_ligand_only,4.42,4.249296009917175,0.0;0.0;0.0;0.0;0.0
development,1943,ligand_ligand_only,2.82,4.127909631215847,0.0;0.0;0.0;0.0;0.0
development,1944,ligand_ligand_only,5.43,3.9911299884127214,0.0;0.0;0.0;0.0;0.0
development,1945,ligand_ligand_only,4.56,4.32545569902939,0.0;0.0;0.0;0.0;0.0
development,1946,ligand_ligand_only,4.84,5.103900153001286,0.0;0.0;0.0;0.0;0.0
development,1947,ligand_ligand_only,4.63,4.216596041973916,0.0;0.0;0.0;0.0;0.0
development,1948,ligand_ligand_only,5.46,4.365585161353647,0.0;0.0;0.0;0.0;0.0
development,1949,ligand_ligand_only,5.82,4.826801143485545,0.0;0.0;0.0;0.0;0.0
development,1951,ligand_ligand_only,3.39,3.895226191277767,0.0;0.0;0.0;0.0;0.0
development,1952,ligand_ligand_only,4.11,4.551228868317666,0.0;0.0;0.0;0.0;0.0
development,1953,ligand_ligand_only,4.31,4.141425622432827,0.0;0.0;0.0;0.0;0.0
development,1954,ligand_ligand_only,4.39,4.362299544801309,0.0;0.0;0.0;0.0;0.0
development,1955,ligand_ligand_only,1.7,4.048927436827912,0.0;0.0;0.0;0.0;0.0
development,1956,ligand_ligand_only,4.45,4.427446892085047,0.0;0.0;0.0;0.0;0.0
development,1957,ligand_ligand_only,4.73,3.893185107645873,0.0;0.0;0.0;0.0;0.0
development,1958,ligand_ligand_only,1.83,4.7683546339733764,0.0;0.0;0.0;0.0;0.0
development,1959,ligand_ligand_only,4.18,3.862213763048368,0.0;0.0;0.0;0.0;0.0
development,1960,ligand_ligand_only,5.11,4.459902338152327,0.0;0.0;0.0;0.0;0.0
development,1961,ligand_ligand_only,1.91,4.056935278922198,0.0;0.0;0.0;0.0;0.0
development,1963,ligand_ligand_only,5.09,4.178257052917516,0.0;0.0;0.0;0.0;0.0
development,1965,ligand_ligand_only,5.56,4.359186757996615,0.0;0.0;0.0;0.0;0.0
development,1966,ligand_ligand_only,4.87,3.9566215487458103,0.0;0.0;0.0;0.0;0.0
development,1967,ligand_ligand_only,4.84,3.743146418618884,0.0;0.0;0.0;0.0;0.0
development,1968,ligand_ligand_only,3.78,4.143886767840272,0.0;0.0;0.0;0.0;0.0
development,1969,ligand_ligand_only,4.63,4.043559733067261,0.0;0.0;0.0;0.0;0.0
development,1971,ligand_ligand_only,4.4,4.191971880842653,0.0;0.0;0.0;0.0;0.0
development,1972,ligand_ligand_only,5.48,4.0965263549379936,0.0;0.0;0.0;0.0;0.0
development,1973,ligand_ligand_only,4.41,4.700804339592785,0.0;0.0;0.0;0.0;0.0
development,1974,ligand_ligand_only,2.89,3.774112571184758,0.0;0.0;0.0;0.0;0.0
development,1975,ligand_ligand_only,3.2,4.091258888566602,0.0;0.0;0.0;0.0;0.0
development,1976,ligand_ligand_only,5.05,4.085855895200717,0.0;0.0;0.0;0.0;0.0
development,1977,ligand_ligand_only,4.19,4.731599331098622,0.0;0.0;0.0;0.0;0.0
development,1978,ligand_ligand_only,3.85,4.077426760653128,0.0;0.0;0.0;0.0;0.0
development,1979,ligand_ligand_only,3.75,4.415934271527644,0.0;0.0;0.0;0.0;0.0
development,1980,ligand_ligand_only,5.4,4.343274553357899,0.0;0.0;0.0;0.0;0.0
development,1981,ligand_ligand_only,5.55,4.258103326404642,0.0;0.0;0.0;0.0;0.0
development,1982,ligand_ligand_only,5.27,4.451356271242728,0.0;0.0;0.0;0.0;0.0
development,1984,ligand_ligand_only,3.18,3.967577629302036,0.0;0.0;0.0;0.0;0.0
development,1987,ligand_ligand_only,4.81,4.089481917490164,0.0;0.0;0.0;0.0;0.0
development,1988,ligand_ligand_only,2.45,3.380596278654604,0.0;0.0;0.0;0.0;0.0
development,1989,ligand_ligand_only,2.94,3.781172223504193,0.0;0.0;0.0;0.0;0.0
development,1990,ligand_ligand_only,5.05,4.540529630300305,0.0;0.0;0.0;0.0;0.0
development,1991,ligand_ligand_only,4.57,4.24896996033871,0.0;0.0;0.0;0.0;0.0
development,1992,ligand_ligand_only,5.37,4.2621076672032965,0.0;0.0;0.0;0.0;0.0
development,1994,ligand_ligand_only,4.56,4.084120167173728,0.0;0.0;0.0;0.0;0.0
development,1995,ligand_ligand_only,4.49,5.22113999533597,0.0;0.0;0.0;0.0;0.0
development,1997,ligand_ligand_only,4.09,4.558988334846218,0.0;0.0;0.0;0.0;0.0
development,1999,ligand_ligand_only,5.23,4.55165401710945,0.0;0.0;0.0;0.0;0.0
development,2001,ligand_ligand_only,4.67,4.15419048205679,0.0;0.0;0.0;0.0;0.0
development,2002,ligand_ligand_only,4.53,4.751241372455571,0.0;0.0;0.0;0.0;0.0
development,2004,ligand_ligand_only,4.98,4.226272983935528,0.0;0.0;0.0;0.0;0.0
development,2005,ligand_ligand_only,3.92,4.057174904723572,0.0;0.0;0.0;0.0;0.0
development,2007,ligand_ligand_only,4.53,4.302385114708722,0.0;0.0;0.0;0.0;0.0
development,2008,ligand_ligand_only,5.11,4.319683868971171,0.0;0.0;0.0;0.0;0.0
development,2009,ligand_ligand_only,4.54,4.128268988333339,0.0;0.0;0.0;0.0;0.0
development,2010,ligand_ligand_only,4.87,4.889627170652993,0.0;0.0;0.0;0.0;0.0
development,2011,ligand_ligand_only,3.87,3.780340239353138,0.0;0.0;0.0;0.0;0.0
development,2012,ligand_ligand_only,4.54,3.772316816430818,0.0;0.0;0.0;0.0;0.0
development,2014,ligand_ligand_only,5.69,4.078569429373115,0.0;0.0;0.0;0.0;0.0
development,2015,ligand_ligand_only,4.51,4.198224276555074,0.0;0.0;0.0;0.0;0.0
development,2016,ligand_ligand_only,5.22,4.429972782664518,0.0;0.0;0.0;0.0;0.0
development,2017,ligand_ligand_only,4.27,3.777019772296428,0.0;0.0;0.0;0.0;0.0
development,2020,ligand_ligand_only,4.81,4.015304051526334,0.0;0.0;0.0;0.0;0.0
development,2021,ligand_ligand_only,4.57,4.318580995072838,0.0;0.0;0.0;0.0;0.0
development,2022,ligand_ligand_only,3.65,3.901264843847117,0.0;0.0;0.0;0.0;0.0
development,2023,ligand_ligand_only,5.24,5.062256841162547,0.0;0.0;0.0;0.0;0.0
development,2025,ligand_ligand_only,5.21,4.465698888185064,0.0;0.0;0.0;0.0;0.0
development,2026,ligand_ligand_only,4.34,4.883910395910936,0.0;0.0;0.0;0.0;0.0
development,2027,ligand_ligand_only,4.8,4.3890945452974925,0.0;0.0;0.0;0.0;0.0
development,2028,ligand_ligand_only,4.86,4.102718337146844,0.0;0.0;0.0;0.0;0.0
development,2029,ligand_ligand_only,4.86,4.054215194848174,0.0;0.0;0.0;0.0;0.0
development,2030,ligand_ligand_only,3.19,3.508177031961938,0.0;0.0;0.0;0.0;0.0
development,2031,ligand_ligand_only,5.66,4.332839033727337,0.0;0.0;0.0;0.0;0.0
development,2033,ligand_ligand_only,6.32,4.89697283005318,0.0;0.0;0.0;0.0;0.0
development,2034,ligand_ligand_only,3.93,3.915047104582405,0.0;0.0;0.0;0.0;0.0
development,2035,ligand_ligand_only,4.98,3.93231685632822,0.0;0.0;0.0;0.0;0.0
development,2036,ligand_ligand_only,4.96,4.719223016297219,0.0;0.0;0.0;0.0;0.0
development,2037,ligand_ligand_only,4.25,4.388102340642005,0.0;0.0;0.0;0.0;0.0
development,2038,ligand_ligand_only,4.61,3.6905774651427024,0.0;0.0;0.0;0.0;0.0
development,2039,ligand_ligand_only,4.97,4.2760850537029125,0.0;0.0;0.0;0.0;0.0
development,2040,ligand_ligand_only,4.67,4.041583007145292,0.0;0.0;0.0;0.0;0.0
development,2041,ligand_ligand_only,2.69,4.504223269457695,0.0;0.0;0.0;0.0;0.0
development,2042,ligand_ligand_only,4.78,4.7634361021444915,0.0;0.0;0.0;0.0;0.0
development,2044,ligand_ligand_only,5.16,4.292230917665617,0.0;0.0;0.0;0.0;0.0
development,2045,ligand_ligand_only,1.81,3.5501514854705376,0.0;0.0;0.0;0.0;0.0
development,2046,ligand_ligand_only,2.69,3.640877206100416,0.0;0.0;0.0;0.0;0.0
development,2047,ligand_ligand_only,5.22,4.3529814368948125,0.0;0.0;0.0;0.0;0.0
development,2048,ligand_ligand_only,3.9,3.91087249644474,0.0;0.0;0.0;0.0;0.0
development,2049,ligand_ligand_only,3.16,3.7773730438929176,0.0;0.0;0.0;0.0;0.0
development,2050,ligand_ligand_only,5.09,4.981950652601961,0.0;0.0;0.0;0.0;0.0
development,2051,ligand_ligand_only,5.29,4.577485321964913,0.0;0.0;0.0;0.0;0.0
development,2052,ligand_ligand_only,7.54855421686747,6.5222943092577585,0.0;0.0;0.0;0.0;0.0
development,2053,ligand_ligand_only,4.68,4.335610619410023,0.0;0.0;0.0;0.0;0.0
development,2054,ligand_ligand_only,5.53,4.959904954368676,0.0;0.0;0.0;0.0;0.0
development,2055,ligand_ligand_only,4.13,4.36968907717767,0.0;0.0;0.0;0.0;0.0
development,2058,ligand_ligand_only,5.25,4.324633931740447,0.0;0.0;0.0;0.0;0.0
development,2059,ligand_ligand_only,3.91,4.80484540471947,0.0;0.0;0.0;0.0;0.0
development,2060,ligand_ligand_only,4.72,3.8016930932011004,0.0;0.0;0.0;0.0;0.0
development,2061,ligand_ligand_only,3.16,4.8560356135916445,0.0;0.0;0.0;0.0;0.0
development,2062,ligand_ligand_only,5.1,5.255866012464262,0.0;0.0;0.0;0.0;0.0
development,2064,ligand_ligand_only,2.17,4.133528757569866,0.0;0.0;0.0;0.0;0.0
development,2065,ligand_ligand_only,4.69,3.809068193391036,0.0;0.0;0.0;0.0;0.0
development,2066,ligand_ligand_only,3.59,4.631211793156528,0.0;0.0;0.0;0.0;0.0
development,2067,ligand_ligand_only,5.04,4.063414978389134,0.0;0.0;0.0;0.0;0.0
development,2068,ligand_ligand_only,4.52,4.280001900048899,0.0;0.0;0.0;0.0;0.0
development,2069,ligand_ligand_only,3.13,3.8318811498155316,0.0;0.0;0.0;0.0;0.0
development,2070,ligand_ligand_only,5.355,4.261931929370499,0.0;0.0;0.0;0.0;0.0
development,2071,ligand_ligand_only,4.81,4.274169194156873,0.0;0.0;0.0;0.0;0.0
development,2072,ligand_ligand_only,5.08,4.020472309522679,0.0;0.0;0.0;0.0;0.0
development,2074,ligand_ligand_only,4.65,4.373550397916738,0.0;0.0;0.0;0.0;0.0
development,2075,ligand_ligand_only,5.6,4.697118481855848,0.0;0.0;0.0;0.0;0.0
development,2077,ligand_ligand_only,4.65,4.248936432329966,0.0;0.0;0.0;0.0;0.0
development,2078,ligand_ligand_only,4.78,4.665292720987326,0.0;0.0;0.0;0.0;0.0
development,2079,ligand_ligand_only,3.27,4.27631945316606,0.0;0.0;0.0;0.0;0.0
development,2082,ligand_ligand_only,5.26,4.062586203338166,0.0;0.0;0.0;0.0;0.0
development,2083,ligand_ligand_only,1.79,4.01801839620267,0.0;0.0;0.0;0.0;0.0
development,2086,ligand_ligand_only,4.56,4.259406021658139,0.0;0.0;0.0;0.0;0.0
development,2087,ligand_ligand_only,2.77,4.21825444457662,0.0;0.0;0.0;0.0;0.0
development,2088,ligand_ligand_only,4.89,4.112536668156894,0.0;0.0;0.0;0.0;0.0
development,2089,ligand_ligand_only,4.6,4.700939098302497,0.0;0.0;0.0;0.0;0.0
development,2090,ligand_ligand_only,5.74,4.64278119100465,0.0;0.0;0.0;0.0;0.0
development,2091,ligand_ligand_only,4.65,3.6129282437763814,0.0;0.0;0.0;0.0;0.0
development,2092,ligand_ligand_only,4.4,4.37451092525196,0.0;0.0;0.0;0.0;0.0
development,2093,ligand_ligand_only,5.08,4.9729566118990824,0.0;0.0;0.0;0.0;0.0
development,2094,ligand_ligand_only,5.2,4.525874793851952,0.0;0.0;0.0;0.0;0.0
development,2095,ligand_ligand_only,4.84,4.223169396274506,0.0;0.0;0.0;0.0;0.0
development,2097,ligand_ligand_only,1.86,4.562426489596888,0.0;0.0;0.0;0.0;0.0
development,2098,ligand_ligand_only,5.3,4.736197537149484,0.0;0.0;0.0;0.0;0.0
development,2099,ligand_ligand_only,1.97,4.315446702813969,0.0;0.0;0.0;0.0;0.0
development,2100,ligand_ligand_only,2.97,3.9941566742739,0.0;0.0;0.0;0.0;0.0
development,2101,ligand_ligand_only,2.12,3.890371982755818,0.0;0.0;0.0;0.0;0.0
development,2104,ligand_ligand_only,2.93,3.5735393675258242,0.0;0.0;0.0;0.0;0.0
development,2105,ligand_ligand_only,4.71,4.048300573282574,0.0;0.0;0.0;0.0;0.0
development,2108,ligand_ligand_only,5.18,4.201242725580734,0.0;0.0;0.0;0.0;0.0
development,2110,ligand_ligand_only,4.29,4.193019740862066,0.0;0.0;0.0;0.0;0.0
development,2111,ligand_ligand_only,5.11,4.147918573467797,0.0;0.0;0.0;0.0;0.0
development,2112,ligand_ligand_only,2.72,3.867713310641666,0.0;0.0;0.0;0.0;0.0
development,2113,ligand_ligand_only,5.74,4.336064835437922,0.0;0.0;0.0;0.0;0.0
development,2114,ligand_ligand_only,5.59,4.52372250412511,0.0;0.0;0.0;0.0;0.0
development,2115,ligand_ligand_only,4.56,4.135512083523075,0.0;0.0;0.0;0.0;0.0
development,2118,ligand_ligand_only,4.31,4.426611959078404,0.0;0.0;0.0;0.0;0.0
development,2119,ligand_ligand_only,4.22,4.414664765956567,0.0;0.0;0.0;0.0;0.0
development,2120,ligand_ligand_only,4.79,3.809267511245664,0.0;0.0;0.0;0.0;0.0
development,2121,ligand_ligand_only,3.98,4.276468175387505,0.0;0.0;0.0;0.0;0.0
development,2122,ligand_ligand_only,4.7,4.679449166615957,0.0;0.0;0.0;0.0;0.0
development,2123,ligand_ligand_only,3.7,4.643071433668074,0.0;0.0;0.0;0.0;0.0
development,2124,ligand_ligand_only,4.96,4.069887566809777,0.0;0.0;0.0;0.0;0.0
development,2125,ligand_ligand_only,2.43,3.789002089308664,0.0;0.0;0.0;0.0;0.0
development,2126,ligand_ligand_only,5.41,4.14125985690727,0.0;0.0;0.0;0.0;0.0
development,2129,ligand_ligand_only,4.39,5.1936561453981644,0.0;0.0;0.0;0.0;0.0
development,2130,ligand_ligand_only,5.31,3.802338256460915,0.0;0.0;0.0;0.0;0.0
development,2131,ligand_ligand_only,4.5,3.806594135621264,0.0;0.0;0.0;0.0;0.0
development,2132,ligand_ligand_only,4.99,4.002286698170975,0.0;0.0;0.0;0.0;0.0
development,2133,ligand_ligand_only,4.65,4.266792153036118,0.0;0.0;0.0;0.0;0.0
development,2134,ligand_ligand_only,4.87,4.029558935745943,0.0;0.0;0.0;0.0;0.0
development,2135,ligand_ligand_only,5.99,4.759895166789304,0.0;0.0;0.0;0.0;0.0
development,2137,ligand_ligand_only,4.24,4.071955821570964,0.0;0.0;0.0;0.0;0.0
development,2138,ligand_ligand_only,1.85,3.4558426258871666,0.0;0.0;0.0;0.0;0.0
development,2139,ligand_ligand_only,3.11,3.9969927890870522,0.0;0.0;0.0;0.0;0.0
development,2140,ligand_ligand_only,5.04,4.21990526835358,0.0;0.0;0.0;0.0;0.0
development,2141,ligand_ligand_only,5.25,4.806822633531946,0.0;0.0;0.0;0.0;0.0
development,2142,ligand_ligand_only,4.72,4.0615370977274505,0.0;0.0;0.0;0.0;0.0
development,2144,ligand_ligand_only,4.51,4.237418573828337,0.0;0.0;0.0;0.0;0.0
development,2145,ligand_ligand_only,3.09,3.6179342174447533,0.0;0.0;0.0;0.0;0.0
development,2146,ligand_ligand_only,4.49,4.050544188419683,0.0;0.0;0.0;0.0;0.0
development,2147,ligand_ligand_only,5.16,4.703987127866851,0.0;0.0;0.0;0.0;0.0
development,2149,ligand_ligand_only,4.66,4.634412156849872,0.0;0.0;0.0;0.0;0.0
development,2150,ligand_ligand_only,3.06,3.94575005152295,0.0;0.0;0.0;0.0;0.0
development,2151,ligand_ligand_only,3.16,3.9658675254860256,0.0;0.0;0.0;0.0;0.0
development,2152,ligand_ligand_only,4.43,3.7086219426817446,0.0;0.0;0.0;0.0;0.0
development,2153,ligand_ligand_only,4.61,3.808788923395838,0.0;0.0;0.0;0.0;0.0
development,2154,ligand_ligand_only,4.5,3.883754415071787,0.0;0.0;0.0;0.0;0.0
development,2155,ligand_ligand_only,3.02,4.0829041165904405,0.0;0.0;0.0;0.0;0.0
development,2157,ligand_ligand_only,4.89,4.634001577974183,0.0;0.0;0.0;0.0;0.0
development,2159,ligand_ligand_only,6.205,3.920970721720859,0.0;0.0;0.0;0.0;0.0
development,2160,ligand_ligand_only,5.28,4.2506740765664155,0.0;0.0;0.0;0.0;0.0
development,2161,ligand_ligand_only,4.93,3.9095438881213185,0.0;0.0;0.0;0.0;0.0
development,2163,ligand_ligand_only,4.93,3.9293465205858036,0.0;0.0;0.0;0.0;0.0
development,2164,ligand_ligand_only,5.19,3.902318716119962,0.0;0.0;0.0;0.0;0.0
development,2165,ligand_ligand_only,5.03,4.197092584564328,0.0;0.0;0.0;0.0;0.0
development,2166,ligand_ligand_only,6.13,4.940874299476853,0.0;0.0;0.0;0.0;0.0
development,2167,ligand_ligand_only,4.35,4.4052164326381495,0.0;0.0;0.0;0.0;0.0
development,2168,ligand_ligand_only,3.05,5.159017972930818,0.0;0.0;0.0;0.0;0.0
development,2169,ligand_ligand_only,5.12,4.437613616915348,0.0;0.0;0.0;0.0;0.0
development,2170,ligand_ligand_only,5.48,4.644010773432869,0.0;0.0;0.0;0.0;0.0
development,2171,ligand_ligand_only,2.13,3.616301948822942,0.0;0.0;0.0;0.0;0.0
development,2172,ligand_ligand_only,1.82,4.305164483136219,0.0;0.0;0.0;0.0;0.0
development,2173,ligand_ligand_only,5.16,4.389802147549653,0.0;0.0;0.0;0.0;0.0
development,2174,ligand_ligand_only,2.82,4.276888325672336,0.0;0.0;0.0;0.0;0.0
development,2175,ligand_ligand_only,5.13,4.141177514076612,0.0;0.0;0.0;0.0;0.0
development,2176,ligand_ligand_only,3.47,5.510077413557584,0.0;0.0;0.0;0.0;0.0
development,2177,ligand_ligand_only,5.13,4.93064709698607,0.0;0.0;0.0;0.0;0.0
development,2178,ligand_ligand_only,4.69,4.130337939071269,0.0;0.0;0.0;0.0;0.0
development,2179,ligand_ligand_only,5.69,5.14723806194972,0.0;0.0;0.0;0.0;0.0
development,2180,ligand_ligand_only,5.16,5.161294975328883,0.0;0.0;0.0;0.0;0.0
development,2181,ligand_ligand_only,5.63,4.253557174467527,0.0;0.0;0.0;0.0;0.0
development,2183,ligand_ligand_only,3.65,3.500292894792995,0.0;0.0;0.0;0.0;0.0
development,2184,ligand_ligand_only,4.73,4.4567081199868115,0.0;0.0;0.0;0.0;0.0
development,2185,ligand_ligand_only,1.99,3.8031140271697916,0.0;0.0;0.0;0.0;0.0
development,2186,ligand_ligand_only,5.55,4.37790074252724,0.0;0.0;0.0;0.0;0.0
development,2188,ligand_ligand_only,5.28,5.1677975154180045,0.0;0.0;0.0;0.0;0.0
development,2190,ligand_ligand_only,5.66,5.691076517534502,0.0;0.0;0.0;0.0;0.0
development,2192,ligand_ligand_only,1.85,4.295469301852546,0.0;0.0;0.0;0.0;0.0
development,2193,ligand_ligand_only,3.61,3.909380058543332,0.0;0.0;0.0;0.0;0.0
development,2195,ligand_ligand_only,1.88,3.7442745141043727,0.0;0.0;0.0;0.0;0.0
development,2196,ligand_ligand_only,4.86,4.153615902732183,0.0;0.0;0.0;0.0;0.0
development,2197,ligand_ligand_only,3.95,4.007099763906954,0.0;0.0;0.0;0.0;0.0
development,2198,ligand_ligand_only,5.3,4.558092791775655,0.0;0.0;0.0;0.0;0.0
development,2200,ligand_ligand_only,5.67,4.389049970553739,0.0;0.0;0.0;0.0;0.0
development,2201,ligand_ligand_only,2.48,3.645105356183194,0.0;0.0;0.0;0.0;0.0
development,2203,ligand_ligand_only,4.69,4.288529329481039,0.0;0.0;0.0;0.0;0.0
development,2204,ligand_ligand_only,4.85,4.456265829375289,0.0;0.0;0.0;0.0;0.0
development,2205,ligand_ligand_only,3.21,4.489615316182668,0.0;0.0;0.0;0.0;0.0
development,2206,ligand_ligand_only,4.34,4.394183692906189,0.0;0.0;0.0;0.0;0.0
development,2207,ligand_ligand_only,2.34,3.9881615271936375,0.0;0.0;0.0;0.0;0.0
development,2208,ligand_ligand_only,5.49,4.5447913348335405,0.0;0.0;0.0;0.0;0.0
development,2211,ligand_ligand_only,4.68,4.665664690567542,0.0;0.0;0.0;0.0;0.0
development,2212,ligand_ligand_only,1.63,4.014317992729559,0.0;0.0;0.0;0.0;0.0
development,2214,ligand_ligand_only,5.26,4.1931040026762245,0.0;0.0;0.0;0.0;0.0
development,2216,ligand_ligand_only,5.08,4.331514825031018,0.0;0.0;0.0;0.0;0.0
development,2218,ligand_ligand_only,4.75,4.305200571494566,0.0;0.0;0.0;0.0;0.0
development,2219,ligand_ligand_only,5.77,4.158861828557525,0.0;0.0;0.0;0.0;0.0
development,2221,ligand_ligand_only,5.62,4.0109303159509295,0.0;0.0;0.0;0.0;0.0
development,2223,ligand_ligand_only,4.76,4.227752846128099,0.0;0.0;0.0;0.0;0.0
development,2224,ligand_ligand_only,4.66,4.390458491038168,0.0;0.0;0.0;0.0;0.0
development,2225,ligand_ligand_only,5.42,4.594278346928481,0.0;0.0;0.0;0.0;0.0
development,2227,ligand_ligand_only,4.67,4.480791352686183,0.0;0.0;0.0;0.0;0.0
development,2228,ligand_ligand_only,2.07,4.352482402243929,0.0;0.0;0.0;0.0;0.0
development,2229,ligand_ligand_only,5.21,4.207839838887682,0.0;0.0;0.0;0.0;0.0
development,2230,ligand_ligand_only,2.82,3.8600397407161817,0.0;0.0;0.0;0.0;0.0
development,2231,ligand_ligand_only,4.85,4.183002817489283,0.0;0.0;0.0;0.0;0.0
development,2232,ligand_ligand_only,4.65,4.41910023298923,0.0;0.0;0.0;0.0;0.0
development,2233,ligand_ligand_only,4.13,4.646122195369422,0.0;0.0;0.0;0.0;0.0
development,2234,ligand_ligand_only,3.99,3.9939078159348695,0.0;0.0;0.0;0.0;0.0
development,2235,ligand_ligand_only,4.4,3.8131371269253815,0.0;0.0;0.0;0.0;0.0
development,2236,ligand_ligand_only,4.21,3.9127299875514954,0.0;0.0;0.0;0.0;0.0
development,2237,ligand_ligand_only,3.97,4.546531685107859,0.0;0.0;0.0;0.0;0.0
development,2238,ligand_ligand_only,4.175,3.7546501054084085,0.0;0.0;0.0;0.0;0.0
development,2239,ligand_ligand_only,3.34,4.386433012487318,0.0;0.0;0.0;0.0;0.0
development,2240,ligand_ligand_only,3.92,4.226448724293537,0.0;0.0;0.0;0.0;0.0
development,2241,ligand_ligand_only,5.51,4.42735396837324,0.0;0.0;0.0;0.0;0.0
development,2242,ligand_ligand_only,5.86,4.3553745380708255,0.0;0.0;0.0;0.0;0.0
development,2243,ligand_ligand_only,4.32,4.873582054328411,0.0;0.0;0.0;0.0;0.0
development,2245,ligand_ligand_only,3.34,4.2149503674828335,0.0;0.0;0.0;0.0;0.0
development,2246,ligand_ligand_only,4.1,4.617814006866771,0.0;0.0;0.0;0.0;0.0
development,2247,ligand_ligand_only,4.6,4.126508201707068,0.0;0.0;0.0;0.0;0.0
development,2248,ligand_ligand_only,4.94,4.241148852952588,0.0;0.0;0.0;0.0;0.0
development,2249,ligand_ligand_only,4.53,4.196745828772452,0.0;0.0;0.0;0.0;0.0
development,2250,ligand_ligand_only,4.64,3.9282292476733476,0.0;0.0;0.0;0.0;0.0
development,2251,ligand_ligand_only,2.515,3.672284534633393,0.0;0.0;0.0;0.0;0.0
development,2252,ligand_ligand_only,3.29,4.213825748371118,0.0;0.0;0.0;0.0;0.0
development,2254,ligand_ligand_only,3.27,5.188695520724261,0.0;0.0;0.0;0.0;0.0
development,2255,ligand_ligand_only,6.06,3.880871151874634,0.0;0.0;0.0;0.0;0.0
development,2256,ligand_ligand_only,2.81,3.9304487345855508,0.0;0.0;0.0;0.0;0.0
development,2257,ligand_ligand_only,3.75,4.2108952265023145,0.0;0.0;0.0;0.0;0.0
development,2258,ligand_ligand_only,4.77,4.899730870454558,0.0;0.0;0.0;0.0;0.0
development,2259,ligand_ligand_only,4.95,4.330101501658878,0.0;0.0;0.0;0.0;0.0
development,2260,ligand_ligand_only,6.325,4.588394381794258,0.0;0.0;0.0;0.0;0.0
development,2261,ligand_ligand_only,5.04,4.1064733140920575,0.0;0.0;0.0;0.0;0.0
development,2262,ligand_ligand_only,5.47,4.808678007783573,0.0;0.0;0.0;0.0;0.0
development,2263,ligand_ligand_only,4.17,4.4158074146905735,0.0;0.0;0.0;0.0;0.0
development,2265,ligand_ligand_only,3.53,4.1051506860239435,0.0;0.0;0.0;0.0;0.0
development,2266,ligand_ligand_only,5.1,4.26097041238896,0.0;0.0;0.0;0.0;0.0
development,2267,ligand_ligand_only,5.36,5.004175652380997,0.0;0.0;0.0;0.0;0.0
development,2268,ligand_ligand_only,1.82,3.947447607818302,0.0;0.0;0.0;0.0;0.0
development,2269,ligand_ligand_only,1.98,3.2787206320214324,0.0;0.0;0.0;0.0;0.0
development,2270,ligand_ligand_only,4.73,3.9411503205283864,0.0;0.0;0.0;0.0;0.0
development,2271,ligand_ligand_only,5.66,3.9625720430704128,0.0;0.0;0.0;0.0;0.0
development,2272,ligand_ligand_only,4.58,4.747303755446285,0.0;0.0;0.0;0.0;0.0
development,2273,ligand_ligand_only,4.2,4.4460799845459,0.0;0.0;0.0;0.0;0.0
development,2276,ligand_ligand_only,3.82,4.768412439739413,0.0;0.0;0.0;0.0;0.0
development,2279,ligand_ligand_only,2.06,4.079399029768696,0.0;0.0;0.0;0.0;0.0
development,2280,ligand_ligand_only,5.85,4.052828881031842,0.0;0.0;0.0;0.0;0.0
development,2281,ligand_ligand_only,3.47,3.9007488129990024,0.0;0.0;0.0;0.0;0.0
development,2282,ligand_ligand_only,4.52,4.054145030547644,0.0;0.0;0.0;0.0;0.0
development,2283,ligand_ligand_only,4.62,3.7411371770302018,0.0;0.0;0.0;0.0;0.0
development,2284,ligand_ligand_only,4.94,4.772289655329469,0.0;0.0;0.0;0.0;0.0
development,2285,ligand_ligand_only,5.42,4.085861239707323,0.0;0.0;0.0;0.0;0.0
development,2286,ligand_ligand_only,1.77,3.8504723153134828,0.0;0.0;0.0;0.0;0.0
development,2287,ligand_ligand_only,5.18,5.409470660936336,0.0;0.0;0.0;0.0;0.0
development,2289,ligand_ligand_only,4.56,4.746230816356149,0.0;0.0;0.0;0.0;0.0
development,2290,ligand_ligand_only,4.47,4.137626098624546,0.0;0.0;0.0;0.0;0.0
development,2291,ligand_ligand_only,5.42,4.301520382423318,0.0;0.0;0.0;0.0;0.0
development,2294,ligand_ligand_only,4.68,4.410799437066271,0.0;0.0;0.0;0.0;0.0
development,2297,ligand_ligand_only,5.25,5.146593683161304,0.0;0.0;0.0;0.0;0.0
development,2298,ligand_ligand_only,2.36,3.5435587521414975,0.0;0.0;0.0;0.0;0.0
development,2299,ligand_ligand_only,4.67,4.020002358875703,0.0;0.0;0.0;0.0;0.0
development,2300,ligand_ligand_only,4.3,5.257936308208461,0.0;0.0;0.0;0.0;0.0
development,2302,ligand_ligand_only,4.26,4.142270859484685,0.0;0.0;0.0;0.0;0.0
development,2303,ligand_ligand_only,4.46,3.8629512299645934,0.0;0.0;0.0;0.0;0.0
development,2304,ligand_ligand_only,5.48,4.896411445250987,0.0;0.0;0.0;0.0;0.0
development,2305,ligand_ligand_only,3.83,4.181069297050269,0.0;0.0;0.0;0.0;0.0
development,2306,ligand_ligand_only,4.6,4.269724472474404,0.0;0.0;0.0;0.0;0.0
development,2309,ligand_ligand_only,3.25,4.045457502853193,0.0;0.0;0.0;0.0;0.0
development,2310,ligand_ligand_only,5.58,4.454964981572656,0.0;0.0;0.0;0.0;0.0
development,2311,ligand_ligand_only,3.66,4.219926165568864,0.0;0.0;0.0;0.0;0.0
development,2312,ligand_ligand_only,5.14,4.073749136086466,0.0;0.0;0.0;0.0;0.0
development,2313,ligand_ligand_only,2.15,3.914708583190748,0.0;0.0;0.0;0.0;0.0
development,2314,ligand_ligand_only,5.16,4.350223386826122,0.0;0.0;0.0;0.0;0.0
development,2315,ligand_ligand_only,3.68,4.593153046564034,0.0;0.0;0.0;0.0;0.0
development,2316,ligand_ligand_only,5.35,4.250290429319523,0.0;0.0;0.0;0.0;0.0
development,2317,ligand_ligand_only,4.95,4.016217490591597,0.0;0.0;0.0;0.0;0.0
development,2318,ligand_ligand_only,4.26,3.9607018776933196,0.0;0.0;0.0;0.0;0.0
development,2320,ligand_ligand_only,5.47,4.560419976640525,0.0;0.0;0.0;0.0;0.0
development,2321,ligand_ligand_only,3.91,4.503721326400473,0.0;0.0;0.0;0.0;0.0
development,2322,ligand_ligand_only,5.03,4.464618517741891,0.0;0.0;0.0;0.0;0.0
development,2323,ligand_ligand_only,4.83,5.343971892711247,0.0;0.0;0.0;0.0;0.0
development,2324,ligand_ligand_only,5.04,4.544861733313169,0.0;0.0;0.0;0.0;0.0
development,2325,ligand_ligand_only,4.03,3.749727065260471,0.0;0.0;0.0;0.0;0.0
development,2326,ligand_ligand_only,5.14,4.559140049541419,0.0;0.0;0.0;0.0;0.0
development,2327,ligand_ligand_only,5.36,5.149955167180709,0.0;0.0;0.0;0.0;0.0
development,2328,ligand_ligand_only,5.28,4.111581999389303,0.0;0.0;0.0;0.0;0.0
development,2330,ligand_ligand_only,4.26,4.1098930545562045,0.0;0.0;0.0;0.0;0.0
development,2332,ligand_ligand_only,5.07,4.515865398068665,0.0;0.0;0.0;0.0;0.0
development,2333,ligand_ligand_only,5.15,4.456468123506594,0.0;0.0;0.0;0.0;0.0
development,2334,ligand_ligand_only,4.1,3.915217736924023,0.0;0.0;0.0;0.0;0.0
development,2335,ligand_ligand_only,1.82,3.893742084548643,0.0;0.0;0.0;0.0;0.0
development,2336,ligand_ligand_only,5.22,3.9154539395094945,0.0;0.0;0.0;0.0;0.0
development,2337,ligand_ligand_only,4.84,4.20939947108097,0.0;0.0;0.0;0.0;0.0
development,2339,ligand_ligand_only,5.37,4.519407133806636,0.0;0.0;0.0;0.0;0.0
development,2341,ligand_ligand_only,4.56,4.390127869601204,0.0;0.0;0.0;0.0;0.0
development,2342,ligand_ligand_only,3.76,3.626216351381417,0.0;0.0;0.0;0.0;0.0
development,2343,ligand_ligand_only,4.73,4.117761446250679,0.0;0.0;0.0;0.0;0.0
development,2346,ligand_ligand_only,5.66,4.36456734350441,0.0;0.0;0.0;0.0;0.0
development,2347,ligand_ligand_only,4.12,3.934451585703854,0.0;0.0;0.0;0.0;0.0
development,2348,ligand_ligand_only,3.87,4.297102751140981,0.0;0.0;0.0;0.0;0.0
development,2351,ligand_ligand_only,3.59,4.593708270158041,0.0;0.0;0.0;0.0;0.0
development,2353,ligand_ligand_only,4.66,4.072254044447321,0.0;0.0;0.0;0.0;0.0
development,2354,ligand_ligand_only,4.87,4.014960318931032,0.0;0.0;0.0;0.0;0.0
development,2355,ligand_ligand_only,3.92,5.362682987850753,0.0;0.0;0.0;0.0;0.0
development,2357,ligand_ligand_only,5.18,5.628737326046885,0.0;0.0;0.0;0.0;0.0
development,2358,ligand_ligand_only,5.58,5.379129525657524,0.0;0.0;0.0;0.0;0.0
development,2360,ligand_ligand_only,4.6,4.717661910118045,0.0;0.0;0.0;0.0;0.0
development,2361,ligand_ligand_only,4.61,5.138912069331627,0.0;0.0;0.0;0.0;0.0
development,2362,ligand_ligand_only,4.18,3.880325189207254,0.0;0.0;0.0;0.0;0.0
development,2363,ligand_ligand_only,3.61,4.129215479489392,0.0;0.0;0.0;0.0;0.0
development,2364,ligand_ligand_only,2.86,2.689022418243438,0.0;0.0;0.0;0.0;0.0
development,2365,ligand_ligand_only,4.65,4.779316456508516,0.0;0.0;0.0;0.0;0.0
development,2366,ligand_ligand_only,5.23,4.028744951421737,0.0;0.0;0.0;0.0;0.0
development,2369,ligand_ligand_only,5.31,4.600834741732048,0.0;0.0;0.0;0.0;0.0
development,2370,ligand_ligand_only,5.37,4.9126842438961225,0.0;0.0;0.0;0.0;0.0
development,2371,ligand_ligand_only,5.84,5.148670830533578,0.0;0.0;0.0;0.0;0.0
development,2372,ligand_ligand_only,5.06,3.753629093264909,0.0;0.0;0.0;0.0;0.0
development,2373,ligand_ligand_only,5.07,4.758729920152058,0.0;0.0;0.0;0.0;0.0
development,2375,ligand_ligand_only,4.47,4.768563933492293,0.0;0.0;0.0;0.0;0.0
development,2377,ligand_ligand_only,1.97,5.161139461776619,0.0;0.0;0.0;0.0;0.0
development,2378,ligand_ligand_only,5.15,5.182812234656101,0.0;0.0;0.0;0.0;0.0
development,2379,ligand_ligand_only,5.0,4.8272152909924415,0.0;0.0;0.0;0.0;0.0
development,2380,ligand_ligand_only,5.3,4.687069812228092,0.0;0.0;0.0;0.0;0.0
development,2381,ligand_ligand_only,3.32,4.147827765192574,0.0;0.0;0.0;0.0;0.0
development,2382,ligand_ligand_only,3.57,4.011372305983437,0.0;0.0;0.0;0.0;0.0
development,2383,ligand_ligand_only,4.86,3.757876875835395,0.0;0.0;0.0;0.0;0.0
development,2384,ligand_ligand_only,2.13,4.534307616906064,0.0;0.0;0.0;0.0;0.0
development,2386,ligand_ligand_only,4.1,4.047481635268641,0.0;0.0;0.0;0.0;0.0
development,2388,ligand_ligand_only,3.16,3.643594812948814,0.0;0.0;0.0;0.0;0.0
development,2389,ligand_ligand_only,4.85,4.167847088595315,0.0;0.0;0.0;0.0;0.0
development,2390,ligand_ligand_only,3.56,3.7243895320198463,0.0;0.0;0.0;0.0;0.0
development,2393,ligand_ligand_only,4.41,4.142306377003038,0.0;0.0;0.0;0.0;0.0
development,2394,ligand_ligand_only,4.57,4.2127037857549015,0.0;0.0;0.0;0.0;0.0
development,2395,ligand_ligand_only,4.81,4.3684093282561,0.0;0.0;0.0;0.0;0.0
development,2396,ligand_ligand_only,4.65,4.281274490963229,0.0;0.0;0.0;0.0;0.0
development,2397,ligand_ligand_only,4.95,4.74321074038729,0.0;0.0;0.0;0.0;0.0
development,2398,ligand_ligand_only,4.7,3.9713731880052645,0.0;0.0;0.0;0.0;0.0
development,2399,ligand_ligand_only,4.83,4.102199690459187,0.0;0.0;0.0;0.0;0.0
development,2400,ligand_ligand_only,5.76,4.982629304349917,0.0;0.0;0.0;0.0;0.0
development,2401,ligand_ligand_only,4.66,3.8707729401338176,0.0;0.0;0.0;0.0;0.0
development,2402,ligand_ligand_only,4.77,4.463553948266251,0.0;0.0;0.0;0.0;0.0
development,2403,ligand_ligand_only,5.07,4.457830896647687,0.0;0.0;0.0;0.0;0.0
development,2404,ligand_ligand_only,5.19,4.221214340860468,0.0;0.0;0.0;0.0;0.0
development,2406,ligand_ligand_only,4.8,3.98264300444018,0.0;0.0;0.0;0.0;0.0
development,2407,ligand_ligand_only,4.42,4.047821871039979,0.0;0.0;0.0;0.0;0.0
development,2408,ligand_ligand_only,3.33,3.45102812470763,0.0;0.0;0.0;0.0;0.0
development,2409,ligand_ligand_only,4.41,3.7754298535358153,0.0;0.0;0.0;0.0;0.0
development,2410,ligand_ligand_only,2.9,3.6060220738967574,0.0;0.0;0.0;0.0;0.0
development,2411,ligand_ligand_only,5.07,4.456445365170096,0.0;0.0;0.0;0.0;0.0
development,2412,ligand_ligand_only,4.83,4.645642922203306,0.0;0.0;0.0;0.0;0.0
development,2413,ligand_ligand_only,2.57,3.7100127289827816,0.0;0.0;0.0;0.0;0.0
development,2416,ligand_ligand_only,2.33,3.906861524818617,0.0;0.0;0.0;0.0;0.0
development,2417,ligand_ligand_only,2.6,2.4710372793599866,0.0;0.0;0.0;0.0;0.0
development,2418,ligand_ligand_only,5.29,4.493349499189172,0.0;0.0;0.0;0.0;0.0
development,2419,ligand_ligand_only,5.08,4.573926492479523,0.0;0.0;0.0;0.0;0.0
development,2420,ligand_ligand_only,4.81,4.318089772956376,0.0;0.0;0.0;0.0;0.0
development,2422,ligand_ligand_only,3.16,3.8362280102237563,0.0;0.0;0.0;0.0;0.0
development,2423,ligand_ligand_only,1.96,4.001410753312873,0.0;0.0;0.0;0.0;0.0
development,2424,ligand_ligand_only,4.13,4.337728827986378,0.0;0.0;0.0;0.0;0.0
development,2426,ligand_ligand_only,4.06,5.16312512185428,0.0;0.0;0.0;0.0;0.0
development,2427,ligand_ligand_only,4.21,4.371314134646345,0.0;0.0;0.0;0.0;0.0
development,2428,ligand_ligand_only,4.58,5.184722563093801,0.0;0.0;0.0;0.0;0.0
development,2429,ligand_ligand_only,3.42,3.4939740609975294,0.0;0.0;0.0;0.0;0.0
development,2430,ligand_ligand_only,2.65,3.9407819138860827,0.0;0.0;0.0;0.0;0.0
development,2431,ligand_ligand_only,4.42,4.2369904783964865,0.0;0.0;0.0;0.0;0.0
development,2432,ligand_ligand_only,4.07,4.008570110814972,0.0;0.0;0.0;0.0;0.0
development,2434,ligand_ligand_only,5.68,4.211005776533478,0.0;0.0;0.0;0.0;0.0
development,2435,ligand_ligand_only,5.44,3.872966959968647,0.0;0.0;0.0;0.0;0.0
development,2436,ligand_ligand_only,5.44,4.680648629530574,0.0;0.0;0.0;0.0;0.0
development,2437,ligand_ligand_only,3.33,4.062859969222069,0.0;0.0;0.0;0.0;0.0
development,2438,ligand_ligand_only,5.12,3.458242857932504,0.0;0.0;0.0;0.0;0.0
development,2439,ligand_ligand_only,4.35,3.9282048176322366,0.0;0.0;0.0;0.0;0.0
development,2440,ligand_ligand_only,4.65,3.924043198825766,0.0;0.0;0.0;0.0;0.0
development,2441,ligand_ligand_only,5.01,5.132099219059219,0.0;0.0;0.0;0.0;0.0
development,2442,ligand_ligand_only,4.65,4.097526184810108,0.0;0.0;0.0;0.0;0.0
development,2443,ligand_ligand_only,4.71,4.561131539629106,0.0;0.0;0.0;0.0;0.0
development,2445,ligand_ligand_only,4.8,4.875592258063048,0.0;0.0;0.0;0.0;0.0
development,2447,ligand_ligand_only,4.93,4.092540714044243,0.0;0.0;0.0;0.0;0.0
development,2448,ligand_ligand_only,5.12,4.394277720474907,0.0;0.0;0.0;0.0;0.0
development,2449,ligand_ligand_only,5.91,4.478771398680504,0.0;0.0;0.0;0.0;0.0
development,2450,ligand_ligand_only,5.31,4.868304140759506,0.0;0.0;0.0;0.0;0.0
development,2452,ligand_ligand_only,4.19,4.902222286048849,0.0;0.0;0.0;0.0;0.0
development,2453,ligand_ligand_only,4.72,4.2819765366478,0.0;0.0;0.0;0.0;0.0
development,2454,ligand_ligand_only,5.37,4.429044616523374,0.0;0.0;0.0;0.0;0.0
development,2455,ligand_ligand_only,5.01,4.495049161666417,0.0;0.0;0.0;0.0;0.0
development,2456,ligand_ligand_only,1.85,3.8449620893391687,0.0;0.0;0.0;0.0;0.0
development,2457,ligand_ligand_only,4.89,4.99255510860749,0.0;0.0;0.0;0.0;0.0
development,2458,ligand_ligand_only,4.69,4.054529025571162,0.0;0.0;0.0;0.0;0.0
development,2460,ligand_ligand_only,2.32,3.467848047559978,0.0;0.0;0.0;0.0;0.0
development,2461,ligand_ligand_only,5.27,5.297719118415719,0.0;0.0;0.0;0.0;0.0
development,2462,ligand_ligand_only,4.6,4.614022714398167,0.0;0.0;0.0;0.0;0.0
development,2463,ligand_ligand_only,2.36,3.561343824021127,0.0;0.0;0.0;0.0;0.0
development,2464,ligand_ligand_only,4.48,3.9083362496111778,0.0;0.0;0.0;0.0;0.0
development,2465,ligand_ligand_only,4.78,4.830296778766248,0.0;0.0;0.0;0.0;0.0
development,2466,ligand_ligand_only,5.59,4.6319155564561685,0.0;0.0;0.0;0.0;0.0
development,2468,ligand_ligand_only,1.94,5.199894220671458,0.0;0.0;0.0;0.0;0.0
development,2469,ligand_ligand_only,2.9,3.9994423439038043,0.0;0.0;0.0;0.0;0.0
development,2471,ligand_ligand_only,5.82,4.8187832646292055,0.0;0.0;0.0;0.0;0.0
development,2472,ligand_ligand_only,5.54,4.204168045643647,0.0;0.0;0.0;0.0;0.0
development,2473,ligand_ligand_only,1.89,3.60382117473341,0.0;0.0;0.0;0.0;0.0
development,2474,ligand_ligand_only,4.88,3.838444274417325,0.0;0.0;0.0;0.0;0.0
development,2475,ligand_ligand_only,5.07,4.24640756642351,0.0;0.0;0.0;0.0;0.0
development,2477,ligand_ligand_only,3.58,4.087937841914865,0.0;0.0;0.0;0.0;0.0
development,2478,ligand_ligand_only,4.2,4.784442700390894,0.0;0.0;0.0;0.0;0.0
development,2479,ligand_ligand_only,4.81,4.473256383619553,0.0;0.0;0.0;0.0;0.0
development,2480,ligand_ligand_only,1.87,3.957267498767828,0.0;0.0;0.0;0.0;0.0
development,2482,ligand_ligand_only,6.195,4.673020703041161,0.0;0.0;0.0;0.0;0.0
development,2485,ligand_ligand_only,2.82,3.180409951373406,0.0;0.0;0.0;0.0;0.0
development,2486,ligand_ligand_only,5.32,5.046923377099273,0.0;0.0;0.0;0.0;0.0
development,2487,ligand_ligand_only,4.88,4.229487873873118,0.0;0.0;0.0;0.0;0.0
development,2488,ligand_ligand_only,3.98,4.552987065907421,0.0;0.0;0.0;0.0;0.0
development,2489,ligand_ligand_only,5.69,3.9821146983748177,0.0;0.0;0.0;0.0;0.0
development,2490,ligand_ligand_only,5.2,4.056440853214962,0.0;0.0;0.0;0.0;0.0
development,2492,ligand_ligand_only,5.08,3.997597666508856,0.0;0.0;0.0;0.0;0.0
development,2493,ligand_ligand_only,4.2,4.195575021713567,0.0;0.0;0.0;0.0;0.0
development,2494,ligand_ligand_only,6.0,4.2374280191887745,0.0;0.0;0.0;0.0;0.0
development,2495,ligand_ligand_only,4.21,4.232196307019032,0.0;0.0;0.0;0.0;0.0
development,2497,ligand_ligand_only,2.82,4.168358851543993,0.0;0.0;0.0;0.0;0.0
development,2498,ligand_ligand_only,1.99,2.613880140026091,0.0;0.0;0.0;0.0;0.0
development,2499,ligand_ligand_only,4.94,3.9881912058389037,0.0;0.0;0.0;0.0;0.0
development,2500,ligand_ligand_only,5.19,4.973866055964086,0.0;0.0;0.0;0.0;0.0
development,2501,ligand_ligand_only,5.28,4.217802375848926,0.0;0.0;0.0;0.0;0.0
development,2502,ligand_ligand_only,4.35,4.121554917899963,0.0;0.0;0.0;0.0;0.0
development,2506,ligand_ligand_only,4.81,4.12407459375665,0.0;0.0;0.0;0.0;0.0
development,2508,ligand_ligand_only,3.17,3.8256095731935487,0.0;0.0;0.0;0.0;0.0
development,2509,ligand_ligand_only,5.04,4.4907759004956045,0.0;0.0;0.0;0.0;0.0
development,2510,ligand_ligand_only,2.69,3.95417925234067,0.0;0.0;0.0;0.0;0.0
development,2511,ligand_ligand_only,4.75,4.296302285400206,0.0;0.0;0.0;0.0;0.0
development,2514,ligand_ligand_only,2.05,3.949125042471166,0.0;0.0;0.0;0.0;0.0
development,2515,ligand_ligand_only,5.02,4.8149606423044045,0.0;0.0;0.0;0.0;0.0
development,2516,ligand_ligand_only,2.77,4.3600112142671845,0.0;0.0;0.0;0.0;0.0
development,2517,ligand_ligand_only,5.38,4.35909530159444,0.0;0.0;0.0;0.0;0.0
development,2518,ligand_ligand_only,4.7,4.285360432214937,0.0;0.0;0.0;0.0;0.0
development,2519,ligand_ligand_only,4.7,4.379683202641017,0.0;0.0;0.0;0.0;0.0
development,2520,ligand_ligand_only,5.23,4.6064207947805995,0.0;0.0;0.0;0.0;0.0
development,2521,ligand_ligand_only,4.46,3.953565172016499,0.0;0.0;0.0;0.0;0.0
development,2522,ligand_ligand_only,4.92,4.2898993155693095,0.0;0.0;0.0;0.0;0.0
development,2523,ligand_ligand_only,3.91,4.3148083621361435,0.0;0.0;0.0;0.0;0.0
development,2524,ligand_ligand_only,3.6,3.831176846941182,0.0;0.0;0.0;0.0;0.0
development,2525,ligand_ligand_only,4.28,3.7155527865018048,0.0;0.0;0.0;0.0;0.0
development,2528,ligand_ligand_only,4.83,4.806197395912295,0.0;0.0;0.0;0.0;0.0
development,2529,ligand_ligand_only,4.55,4.361194602029631,0.0;0.0;0.0;0.0;0.0
development,2530,ligand_ligand_only,5.05,4.013060464948248,0.0;0.0;0.0;0.0;0.0
development,2532,ligand_ligand_only,3.03,4.528023448331036,0.0;0.0;0.0;0.0;0.0
development,2533,ligand_ligand_only,4.38,4.094417638294715,0.0;0.0;0.0;0.0;0.0
development,2534,ligand_ligand_only,4.87,3.9932878264315637,0.0;0.0;0.0;0.0;0.0
development,2535,ligand_ligand_only,4.45,3.943630603734979,0.0;0.0;0.0;0.0;0.0
development,2536,ligand_ligand_only,3.6,4.214804156982707,0.0;0.0;0.0;0.0;0.0
development,2537,ligand_ligand_only,4.4,4.891580299324917,0.0;0.0;0.0;0.0;0.0
development,2538,ligand_ligand_only,3.25,4.455638713888754,0.0;0.0;0.0;0.0;0.0
development,2539,ligand_ligand_only,5.47,4.299661700344428,0.0;0.0;0.0;0.0;0.0
development,2541,ligand_ligand_only,4.43,4.232738423914458,0.0;0.0;0.0;0.0;0.0
development,2542,ligand_ligand_only,4.48,5.0983480741864575,0.0;0.0;0.0;0.0;0.0
development,2543,ligand_ligand_only,3.14,3.81294369564622,0.0;0.0;0.0;0.0;0.0
development,2544,ligand_ligand_only,2.03,4.911212531131467,0.0;0.0;0.0;0.0;0.0
development,2545,ligand_ligand_only,2.26,3.7908032281268413,0.0;0.0;0.0;0.0;0.0
development,2548,ligand_ligand_only,2.18,4.031206289673446,0.0;0.0;0.0;0.0;0.0
development,2550,ligand_ligand_only,4.94,3.667248296096897,0.0;0.0;0.0;0.0;0.0
development,2551,ligand_ligand_only,5.71,4.818603222399636,0.0;0.0;0.0;0.0;0.0
development,2552,ligand_ligand_only,4.82,4.47694598138993,0.0;0.0;0.0;0.0;0.0
development,2554,ligand_ligand_only,3.34,3.860905171095035,0.0;0.0;0.0;0.0;0.0
development,2556,ligand_ligand_only,4.8,3.9499097723845695,0.0;0.0;0.0;0.0;0.0
development,2558,ligand_ligand_only,1.74,3.843550303701619,0.0;0.0;0.0;0.0;0.0
development,2559,ligand_ligand_only,4.81,4.1545955522995826,0.0;0.0;0.0;0.0;0.0
development,2560,ligand_ligand_only,4.97,4.779897652299867,0.0;0.0;0.0;0.0;0.0
development,2562,ligand_ligand_only,4.83,4.3343278636163465,0.0;0.0;0.0;0.0;0.0
development,2563,ligand_ligand_only,4.2,4.7495747901548615,0.0;0.0;0.0;0.0;0.0
development,2564,ligand_ligand_only,2.68,3.801317808583136,0.0;0.0;0.0;0.0;0.0
development,2565,ligand_ligand_only,5.66,4.814520409417909,0.0;0.0;0.0;0.0;0.0
development,2566,ligand_ligand_only,5.81,5.159800723032689,0.0;0.0;0.0;0.0;0.0
development,2568,ligand_ligand_only,4.93,3.946861321503308,0.0;0.0;0.0;0.0;0.0
development,2569,ligand_ligand_only,4.43,4.285295449996202,0.0;0.0;0.0;0.0;0.0
development,2570,ligand_ligand_only,2.57,3.568722106631069,0.0;0.0;0.0;0.0;0.0
development,2572,ligand_ligand_only,5.53,4.25012435504505,0.0;0.0;0.0;0.0;0.0
development,2573,ligand_ligand_only,3.88,3.968094540617167,0.0;0.0;0.0;0.0;0.0
development,2574,ligand_ligand_only,4.23,4.005557566803253,0.0;0.0;0.0;0.0;0.0
development,2575,ligand_ligand_only,4.1,5.389173668673568,0.0;0.0;0.0;0.0;0.0
development,2577,ligand_ligand_only,5.29,4.5235763336843045,0.0;0.0;0.0;0.0;0.0
development,2578,ligand_ligand_only,4.78,4.284749272154197,0.0;0.0;0.0;0.0;0.0
development,2579,ligand_ligand_only,4.44,4.420098017241502,0.0;0.0;0.0;0.0;0.0
development,2580,ligand_ligand_only,4.79,5.095022550605472,0.0;0.0;0.0;0.0;0.0
development,2582,ligand_ligand_only,5.52,4.680610783179814,0.0;0.0;0.0;0.0;0.0
development,2583,ligand_ligand_only,2.11,5.105012087321653,0.0;0.0;0.0;0.0;0.0
development,2586,ligand_ligand_only,4.96,4.766872209724337,0.0;0.0;0.0;0.0;0.0
development,2587,ligand_ligand_only,5.2,4.729097486523644,0.0;0.0;0.0;0.0;0.0
development,2588,ligand_ligand_only,4.87,4.677603765003873,0.0;0.0;0.0;0.0;0.0
development,2589,ligand_ligand_only,4.63,4.23530072768582,0.0;0.0;0.0;0.0;0.0
development,2590,ligand_ligand_only,4.19,3.823639155420755,0.0;0.0;0.0;0.0;0.0
development,2591,ligand_ligand_only,1.95,3.778010585885499,0.0;0.0;0.0;0.0;0.0
development,2593,ligand_ligand_only,5.08,5.390261971975047,0.0;0.0;0.0;0.0;0.0
development,2594,ligand_ligand_only,5.64,4.39167420566707,0.0;0.0;0.0;0.0;0.0
development,2595,ligand_ligand_only,2.73,3.6785029763496846,0.0;0.0;0.0;0.0;0.0
development,2596,ligand_ligand_only,4.89,4.542732752932099,0.0;0.0;0.0;0.0;0.0
development,2599,ligand_ligand_only,4.95,4.65559811287765,0.0;0.0;0.0;0.0;0.0
development,2600,ligand_ligand_only,4.78,4.391154350805265,0.0;0.0;0.0;0.0;0.0
development,2601,ligand_ligand_only,2.02,4.0996700026571204,0.0;0.0;0.0;0.0;0.0
development,2602,ligand_ligand_only,5.43,5.0566283442471445,0.0;0.0;0.0;0.0;0.0
development,2604,ligand_ligand_only,5.16,4.356955198141627,0.0;0.0;0.0;0.0;0.0
development,2605,ligand_ligand_only,4.35,4.641235445503675,0.0;0.0;0.0;0.0;0.0
development,2606,ligand_ligand_only,3.37,3.8460993679685913,0.0;0.0;0.0;0.0;0.0
development,2607,ligand_ligand_only,4.46,4.12440499157507,0.0;0.0;0.0;0.0;0.0
development,2609,ligand_ligand_only,2.17,5.076307624726819,0.0;0.0;0.0;0.0;0.0
development,2610,ligand_ligand_only,4.25,4.541917100735831,0.0;0.0;0.0;0.0;0.0
development,2611,ligand_ligand_only,3.26,3.8695124463022132,0.0;0.0;0.0;0.0;0.0
development,2612,ligand_ligand_only,6.23,4.809643101193403,0.0;0.0;0.0;0.0;0.0
development,2613,ligand_ligand_only,2.19,4.617238944280425,0.0;0.0;0.0;0.0;0.0
development,2614,ligand_ligand_only,4.53,4.809670188339497,0.0;0.0;0.0;0.0;0.0
development,2616,ligand_ligand_only,2.03,4.103635583152287,0.0;0.0;0.0;0.0;0.0
development,2617,ligand_ligand_only,1.62,4.007788235019197,0.0;0.0;0.0;0.0;0.0
development,2620,ligand_ligand_only,5.39,4.984365585592707,0.0;0.0;0.0;0.0;0.0
development,2622,ligand_ligand_only,5.02,5.206559304694906,0.0;0.0;0.0;0.0;0.0
development,2623,ligand_ligand_only,4.17,4.342035130027001,0.0;0.0;0.0;0.0;0.0
development,2625,ligand_ligand_only,5.25,4.38609101551334,0.0;0.0;0.0;0.0;0.0
development,2626,ligand_ligand_only,2.36,4.150764460371108,0.0;0.0;0.0;0.0;0.0
development,2628,ligand_ligand_only,1.88,4.349280525442968,0.0;0.0;0.0;0.0;0.0
development,2629,ligand_ligand_only,4.06,4.294229536728457,0.0;0.0;0.0;0.0;0.0
development,2630,ligand_ligand_only,2.61,4.13945599716959,0.0;0.0;0.0;0.0;0.0
development,2631,ligand_ligand_only,5.2,4.66034968669842,0.0;0.0;0.0;0.0;0.0
development,2632,ligand_ligand_only,4.77,4.250409337617931,0.0;0.0;0.0;0.0;0.0
development,2634,ligand_ligand_only,2.48,3.6363624511947963,0.0;0.0;0.0;0.0;0.0
development,2636,ligand_ligand_only,5.56,4.63753675943241,0.0;0.0;0.0;0.0;0.0
development,2637,ligand_ligand_only,4.78,5.181028249040481,0.0;0.0;0.0;0.0;0.0
development,2639,ligand_ligand_only,4.220000000000001,4.016760016148425,0.0;0.0;0.0;0.0;0.0
development,2640,ligand_ligand_only,1.9,4.306971239236505,0.0;0.0;0.0;0.0;0.0
development,2641,ligand_ligand_only,5.44,4.715242354871304,0.0;0.0;0.0;0.0;0.0
development,2643,ligand_ligand_only,3.75,4.175374585957093,0.0;0.0;0.0;0.0;0.0
development,2644,ligand_ligand_only,4.65,4.819176733746273,0.0;0.0;0.0;0.0;0.0
development,2645,ligand_ligand_only,2.2,3.6868126117533917,0.0;0.0;0.0;0.0;0.0
development,2646,ligand_ligand_only,4.98,4.009814465882696,0.0;0.0;0.0;0.0;0.0
development,2647,ligand_ligand_only,1.66,4.347436998846998,0.0;0.0;0.0;0.0;0.0
development,2650,ligand_ligand_only,4.45,4.125939683126214,0.0;0.0;0.0;0.0;0.0
development,2651,ligand_ligand_only,2.71,3.7330183472059435,0.0;0.0;0.0;0.0;0.0
development,2652,ligand_ligand_only,5.32,4.394902708283597,0.0;0.0;0.0;0.0;0.0
development,2653,ligand_ligand_only,5.11,4.8620237084213755,0.0;0.0;0.0;0.0;0.0
development,2654,ligand_ligand_only,5.98,4.669128805875686,0.0;0.0;0.0;0.0;0.0
development,2656,ligand_ligand_only,5.38,4.009083344910723,0.0;0.0;0.0;0.0;0.0
development,2657,ligand_ligand_only,5.21,3.9556341183635784,0.0;0.0;0.0;0.0;0.0
development,2658,ligand_ligand_only,5.43,4.520160853884642,0.0;0.0;0.0;0.0;0.0
development,2659,ligand_ligand_only,4.26,4.495003526543357,0.0;0.0;0.0;0.0;0.0
development,2660,ligand_ligand_only,4.68,4.262421921696932,0.0;0.0;0.0;0.0;0.0
development,2662,ligand_ligand_only,5.52,4.903142694781656,0.0;0.0;0.0;0.0;0.0
development,2663,ligand_ligand_only,2.89,4.181660595891712,0.0;0.0;0.0;0.0;0.0
development,2664,ligand_ligand_only,5.22,4.568972620244907,0.0;0.0;0.0;0.0;0.0
development,2666,ligand_ligand_only,5.49,4.818925686193169,0.0;0.0;0.0;0.0;0.0
development,2667,ligand_ligand_only,5.0,4.227361504591826,0.0;0.0;0.0;0.0;0.0
development,2668,ligand_ligand_only,1.91,4.282362722682119,0.0;0.0;0.0;0.0;0.0
development,2669,ligand_ligand_only,4.11,4.159896513453578,0.0;0.0;0.0;0.0;0.0
development,2670,ligand_ligand_only,5.28,4.410350154188506,0.0;0.0;0.0;0.0;0.0
development,2671,ligand_ligand_only,5.23,4.759644076864725,0.0;0.0;0.0;0.0;0.0
development,2672,ligand_ligand_only,3.92,4.3420867273473,0.0;0.0;0.0;0.0;0.0
development,2674,ligand_ligand_only,3.05,3.963395696405004,0.0;0.0;0.0;0.0;0.0
development,2675,ligand_ligand_only,5.15,4.6463965249086865,0.0;0.0;0.0;0.0;0.0
development,2677,ligand_ligand_only,3.25,3.887636525594313,0.0;0.0;0.0;0.0;0.0
development,2679,ligand_ligand_only,5.07,4.995580723306967,0.0;0.0;0.0;0.0;0.0
development,2680,ligand_ligand_only,3.05,4.213943099213248,0.0;0.0;0.0;0.0;0.0
development,2681,ligand_ligand_only,3.14,3.853936521128199,0.0;0.0;0.0;0.0;0.0
development,2682,ligand_ligand_only,4.87,4.24761187944427,0.0;0.0;0.0;0.0;0.0
development,2684,ligand_ligand_only,4.67,4.620594898485496,0.0;0.0;0.0;0.0;0.0
development,2685,ligand_ligand_only,5.04,5.200877581579488,0.0;0.0;0.0;0.0;0.0
development,2686,ligand_ligand_only,5.15,4.441387951746455,0.0;0.0;0.0;0.0;0.0
development,2687,ligand_ligand_only,4.11,5.174181829482704,0.0;0.0;0.0;0.0;0.0
development,2688,ligand_ligand_only,5.98,4.702145529620502,0.0;0.0;0.0;0.0;0.0
development,2689,ligand_ligand_only,6.15,4.541878652253145,0.0;0.0;0.0;0.0;0.0
development,2690,ligand_ligand_only,3.85,3.923018177703646,0.0;0.0;0.0;0.0;0.0
development,2691,ligand_ligand_only,4.65,4.024468143355379,0.0;0.0;0.0;0.0;0.0
development,2692,ligand_ligand_only,1.95,3.96311178637038,0.0;0.0;0.0;0.0;0.0
development,2695,ligand_ligand_only,5.41,4.126686719455948,0.0;0.0;0.0;0.0;0.0
development,2697,ligand_ligand_only,4.99,3.933058104287328,0.0;0.0;0.0;0.0;0.0
development,2698,ligand_ligand_only,4.64,3.929309427706787,0.0;0.0;0.0;0.0;0.0
development,2700,ligand_ligand_only,4.49,4.0807928172253085,0.0;0.0;0.0;0.0;0.0
development,2701,ligand_ligand_only,3.03,3.931244293924847,0.0;0.0;0.0;0.0;0.0
development,2702,ligand_ligand_only,4.72,4.121683693875035,0.0;0.0;0.0;0.0;0.0
development,2704,ligand_ligand_only,5.34,4.400566797556027,0.0;0.0;0.0;0.0;0.0
development,2706,ligand_ligand_only,4.98,4.988882122542618,0.0;0.0;0.0;0.0;0.0
development,2708,ligand_ligand_only,5.88,3.958789643141252,0.0;0.0;0.0;0.0;0.0
development,2710,ligand_ligand_only,4.84,3.838238518787717,0.0;0.0;0.0;0.0;0.0
development,2711,ligand_ligand_only,5.4,4.106230675253575,0.0;0.0;0.0;0.0;0.0
development,2712,ligand_ligand_only,5.24,4.594669329418249,0.0;0.0;0.0;0.0;0.0
development,2714,ligand_ligand_only,4.24,3.8974913917461906,0.0;0.0;0.0;0.0;0.0
development,2715,ligand_ligand_only,4.75,4.8861854909501705,0.0;0.0;0.0;0.0;0.0
development,2717,ligand_ligand_only,2.81,3.6260995323454703,0.0;0.0;0.0;0.0;0.0
development,2718,ligand_ligand_only,3.77,3.8748774059134994,0.0;0.0;0.0;0.0;0.0
development,2719,ligand_ligand_only,2.42,4.233951572921921,0.0;0.0;0.0;0.0;0.0
development,2720,ligand_ligand_only,1.97,3.5948948712769586,0.0;0.0;0.0;0.0;0.0
development,2721,ligand_ligand_only,4.74,3.989465788889466,0.0;0.0;0.0;0.0;0.0
development,2722,ligand_ligand_only,4.95,4.480050833683481,0.0;0.0;0.0;0.0;0.0
development,2723,ligand_ligand_only,4.27,3.9782613990217053,0.0;0.0;0.0;0.0;0.0
development,2725,ligand_ligand_only,5.04,3.9439093198194697,0.0;0.0;0.0;0.0;0.0
development,2726,ligand_ligand_only,4.73,4.16287988393192,0.0;0.0;0.0;0.0;0.0
development,2727,ligand_ligand_only,5.6,5.1409521020883915,0.0;0.0;0.0;0.0;0.0
development,2728,ligand_ligand_only,4.44,3.8171965596276394,0.0;0.0;0.0;0.0;0.0
development,2729,ligand_ligand_only,3.63,3.577715327285099,0.0;0.0;0.0;0.0;0.0
development,2730,ligand_ligand_only,5.04,4.206099693071382,0.0;0.0;0.0;0.0;0.0
development,2731,ligand_ligand_only,3.8,4.332140900035438,0.0;0.0;0.0;0.0;0.0
development,2732,ligand_ligand_only,4.93,4.243669546250915,0.0;0.0;0.0;0.0;0.0
development,2734,ligand_ligand_only,2.86,3.9390082123405827,0.0;0.0;0.0;0.0;0.0
development,2736,ligand_ligand_only,5.79,4.176842401591281,0.0;0.0;0.0;0.0;0.0
development,2737,ligand_ligand_only,4.76,4.396348148642049,0.0;0.0;0.0;0.0;0.0
development,2739,ligand_ligand_only,4.85,4.59808255330416,0.0;0.0;0.0;0.0;0.0
development,2740,ligand_ligand_only,4.68,3.823118095217474,0.0;0.0;0.0;0.0;0.0
development,2741,ligand_ligand_only,5.77,5.685796308956678,0.0;0.0;0.0;0.0;0.0
development,2743,ligand_ligand_only,3.62,4.216582422073749,0.0;0.0;0.0;0.0;0.0
development,2745,ligand_ligand_only,4.96,4.490168002707705,0.0;0.0;0.0;0.0;0.0
development,2746,ligand_ligand_only,5.1,4.030968397232966,0.0;0.0;0.0;0.0;0.0
development,2747,ligand_ligand_only,4.28,4.362858064136261,0.0;0.0;0.0;0.0;0.0
development,2748,ligand_ligand_only,4.41,4.180103975288122,0.0;0.0;0.0;0.0;0.0
development,2750,ligand_ligand_only,4.88,3.9757430523251553,0.0;0.0;0.0;0.0;0.0
development,2752,ligand_ligand_only,4.95,4.437797457575275,0.0;0.0;0.0;0.0;0.0
development,2753,ligand_ligand_only,5.27,4.739251377799327,0.0;0.0;0.0;0.0;0.0
development,2754,ligand_ligand_only,5.12,4.187706003628911,0.0;0.0;0.0;0.0;0.0
development,2755,ligand_ligand_only,3.28,3.5114149003002035,0.0;0.0;0.0;0.0;0.0
development,2757,ligand_ligand_only,2.1,4.628393510943023,0.0;0.0;0.0;0.0;0.0
development,2758,ligand_ligand_only,2.74,3.820195359757707,0.0;0.0;0.0;0.0;0.0
development,2759,ligand_ligand_only,4.57,4.24768538900818,0.0;0.0;0.0;0.0;0.0
development,2762,ligand_ligand_only,4.22,4.390032653042425,0.0;0.0;0.0;0.0;0.0
development,2763,ligand_ligand_only,3.92,3.9540664910268752,0.0;0.0;0.0;0.0;0.0
development,2764,ligand_ligand_only,2.75,3.725438058618383,0.0;0.0;0.0;0.0;0.0
development,2765,ligand_ligand_only,4.71,4.4565495374849355,0.0;0.0;0.0;0.0;0.0
development,2766,ligand_ligand_only,5.22,4.730828732726122,0.0;0.0;0.0;0.0;0.0
development,2767,ligand_ligand_only,4.21,3.955066239254314,0.0;0.0;0.0;0.0;0.0
development,2768,ligand_ligand_only,5.4,4.793319523251737,0.0;0.0;0.0;0.0;0.0
development,2769,ligand_ligand_only,4.44,3.7018634838207474,0.0;0.0;0.0;0.0;0.0
development,2770,ligand_ligand_only,5.800000000000001,4.748394849331022,0.0;0.0;0.0;0.0;0.0
development,2772,ligand_ligand_only,2.9,3.936850315748855,0.0;0.0;0.0;0.0;0.0
development,2773,ligand_ligand_only,5.02,4.688418477994953,0.0;0.0;0.0;0.0;0.0
development,2774,ligand_ligand_only,4.705,4.512663197550709,0.0;0.0;0.0;0.0;0.0
development,2775,ligand_ligand_only,3.1,4.021493479667116,0.0;0.0;0.0;0.0;0.0
development,2776,ligand_ligand_only,3.03,3.9878802543720733,0.0;0.0;0.0;0.0;0.0
development,2777,ligand_ligand_only,4.45,3.8729113409206337,0.0;0.0;0.0;0.0;0.0
development,2778,ligand_ligand_only,5.78,4.164924156099461,0.0;0.0;0.0;0.0;0.0
development,2779,ligand_ligand_only,4.87,4.040132271545723,0.0;0.0;0.0;0.0;0.0
development,2780,ligand_ligand_only,5.25,4.816524432010784,0.0;0.0;0.0;0.0;0.0
development,2781,ligand_ligand_only,5.0,4.817517474155453,0.0;0.0;0.0;0.0;0.0
development,2782,ligand_ligand_only,5.6,4.455194908064097,0.0;0.0;0.0;0.0;0.0
development,2783,ligand_ligand_only,3.24,3.796414189515344,0.0;0.0;0.0;0.0;0.0
development,2785,ligand_ligand_only,3.27,4.244082552601907,0.0;0.0;0.0;0.0;0.0
development,2787,ligand_ligand_only,2.42,4.008495519159493,0.0;0.0;0.0;0.0;0.0
development,2788,ligand_ligand_only,4.59,4.167009594851527,0.0;0.0;0.0;0.0;0.0
development,2789,ligand_ligand_only,1.77,3.839682013210494,0.0;0.0;0.0;0.0;0.0
development,2790,ligand_ligand_only,4.22,3.8722663773355137,0.0;0.0;0.0;0.0;0.0
development,2792,ligand_ligand_only,2.51,4.670374261963863,0.0;0.0;0.0;0.0;0.0
development,2797,ligand_ligand_only,1.68,3.7366788504542545,0.0;0.0;0.0;0.0;0.0
development,2798,ligand_ligand_only,5.03,4.167137052808441,0.0;0.0;0.0;0.0;0.0
development,2799,ligand_ligand_only,2.15,4.256576261023319,0.0;0.0;0.0;0.0;0.0
development,2800,ligand_ligand_only,3.52,4.13094350979889,0.0;0.0;0.0;0.0;0.0
development,2801,ligand_ligand_only,2.71,3.5431220607024,0.0;0.0;0.0;0.0;0.0
development,2802,ligand_ligand_only,4.86,4.597899150797337,0.0;0.0;0.0;0.0;0.0
development,2803,ligand_ligand_only,1.88,3.926328104035311,0.0;0.0;0.0;0.0;0.0
development,2804,ligand_ligand_only,5.77,5.149142575701662,0.0;0.0;0.0;0.0;0.0
development,2805,ligand_ligand_only,3.34,3.592659839151538,0.0;0.0;0.0;0.0;0.0
development,2806,ligand_ligand_only,4.42,4.827164641516941,0.0;0.0;0.0;0.0;0.0
development,2808,ligand_ligand_only,4.55,4.0737493539980685,0.0;0.0;0.0;0.0;0.0
development,2809,ligand_ligand_only,4.6,4.370173832740039,0.0;0.0;0.0;0.0;0.0
development,2810,ligand_ligand_only,4.96,4.460244672931239,0.0;0.0;0.0;0.0;0.0
development,2811,ligand_ligand_only,4.56,4.343482342219436,0.0;0.0;0.0;0.0;0.0
development,2812,ligand_ligand_only,5.44,4.345807659732966,0.0;0.0;0.0;0.0;0.0
development,2813,ligand_ligand_only,5.3,4.388861316358759,0.0;0.0;0.0;0.0;0.0
development,2814,ligand_ligand_only,4.98,4.0412196711954085,0.0;0.0;0.0;0.0;0.0
development,2816,ligand_ligand_only,3.49,3.713855932035586,0.0;0.0;0.0;0.0;0.0
development,2817,ligand_ligand_only,5.01,4.4923510722132844,0.0;0.0;0.0;0.0;0.0
development,2819,ligand_ligand_only,3.26,4.473504988649595,0.0;0.0;0.0;0.0;0.0
development,2820,ligand_ligand_only,5.6,4.347876619989327,0.0;0.0;0.0;0.0;0.0
development,2821,ligand_ligand_only,5.33,4.178057514128272,0.0;0.0;0.0;0.0;0.0
development,2822,ligand_ligand_only,5.08,3.9950365709620246,0.0;0.0;0.0;0.0;0.0
development,2823,ligand_ligand_only,4.79,3.993204956264109,0.0;0.0;0.0;0.0;0.0
development,2824,ligand_ligand_only,3.02,4.197451708226488,0.0;0.0;0.0;0.0;0.0
development,2826,ligand_ligand_only,1.84,4.328804977033521,0.0;0.0;0.0;0.0;0.0
development,2827,ligand_ligand_only,4.38,4.321185750196311,0.0;0.0;0.0;0.0;0.0
development,2828,ligand_ligand_only,4.87,4.184667873941265,0.0;0.0;0.0;0.0;0.0
development,2829,ligand_ligand_only,5.33,4.694523097595354,0.0;0.0;0.0;0.0;0.0
development,2830,ligand_ligand_only,1.91,3.841625023109588,0.0;0.0;0.0;0.0;0.0
development,2831,ligand_ligand_only,4.38,3.7676992974860477,0.0;0.0;0.0;0.0;0.0
development,2832,ligand_ligand_only,3.92,4.438778721891167,0.0;0.0;0.0;0.0;0.0
development,2833,ligand_ligand_only,4.85,4.012022827123623,0.0;0.0;0.0;0.0;0.0
development,2834,ligand_ligand_only,4.84,4.691850959059184,0.0;0.0;0.0;0.0;0.0
development,2835,ligand_ligand_only,4.87,4.760698945817687,0.0;0.0;0.0;0.0;0.0
development,2836,ligand_ligand_only,5.85,4.35525156562786,0.0;0.0;0.0;0.0;0.0
development,2837,ligand_ligand_only,4.99,4.378759184472515,0.0;0.0;0.0;0.0;0.0
development,2838,ligand_ligand_only,2.55,4.005307911358864,0.0;0.0;0.0;0.0;0.0
development,2839,ligand_ligand_only,5.24,4.512664154235525,0.0;0.0;0.0;0.0;0.0
development,2840,ligand_ligand_only,5.51,5.339745190245603,0.0;0.0;0.0;0.0;0.0
development,2842,ligand_ligand_only,2.64,3.813049371274969,0.0;0.0;0.0;0.0;0.0
development,2843,ligand_ligand_only,4.65,4.157702143542945,0.0;0.0;0.0;0.0;0.0
development,2844,ligand_ligand_only,5.22,4.169409190791474,0.0;0.0;0.0;0.0;0.0
development,2845,ligand_ligand_only,4.82,3.830810339372182,0.0;0.0;0.0;0.0;0.0
development,2846,ligand_ligand_only,2.83,4.423834314979489,0.0;0.0;0.0;0.0;0.0
development,2847,ligand_ligand_only,4.75,4.70711165728445,0.0;0.0;0.0;0.0;0.0
development,2848,ligand_ligand_only,2.43,4.25847286769814,0.0;0.0;0.0;0.0;0.0
development,2849,ligand_ligand_only,5.61,4.53775902125546,0.0;0.0;0.0;0.0;0.0
development,2851,ligand_ligand_only,4.77,4.059101918102622,0.0;0.0;0.0;0.0;0.0
development,2852,ligand_ligand_only,4.61,3.993667169777916,0.0;0.0;0.0;0.0;0.0
development,2854,ligand_ligand_only,4.72,5.2792547471761075,0.0;0.0;0.0;0.0;0.0
development,2855,ligand_ligand_only,1.75,5.2802253136385815,0.0;0.0;0.0;0.0;0.0
development,2858,ligand_ligand_only,3.26,4.10314693590044,0.0;0.0;0.0;0.0;0.0
development,2860,ligand_ligand_only,3.52,3.704704013126493,0.0;0.0;0.0;0.0;0.0
development,2861,ligand_ligand_only,4.48,4.921633578613791,0.0;0.0;0.0;0.0;0.0
development,2862,ligand_ligand_only,3.69,4.052724926107736,0.0;0.0;0.0;0.0;0.0
development,2863,ligand_ligand_only,5.44,4.18591771131393,0.0;0.0;0.0;0.0;0.0
development,2864,ligand_ligand_only,3.46,3.8091279046475055,0.0;0.0;0.0;0.0;0.0
development,2865,ligand_ligand_only,4.89,4.087870155461884,0.0;0.0;0.0;0.0;0.0
development,2868,ligand_ligand_only,3.69,3.7097040224848334,0.0;0.0;0.0;0.0;0.0
development,2870,ligand_ligand_only,3.48,4.467456904077288,0.0;0.0;0.0;0.0;0.0
development,2871,ligand_ligand_only,2.23,4.103080238017055,0.0;0.0;0.0;0.0;0.0
development,2872,ligand_ligand_only,5.13,4.438148946607429,0.0;0.0;0.0;0.0;0.0
development,2873,ligand_ligand_only,4.78,3.8613498332292453,0.0;0.0;0.0;0.0;0.0
development,2874,ligand_ligand_only,4.63,3.858902382045022,0.0;0.0;0.0;0.0;0.0
development,2875,ligand_ligand_only,4.24,4.1990038888455254,0.0;0.0;0.0;0.0;0.0
development,2876,ligand_ligand_only,1.76,4.786128264060728,0.0;0.0;0.0;0.0;0.0
development,2877,ligand_ligand_only,4.63,4.140592343582437,0.0;0.0;0.0;0.0;0.0
development,2878,ligand_ligand_only,4.57,4.3915097673951395,0.0;0.0;0.0;0.0;0.0
development,2880,ligand_ligand_only,4.85,4.5462141422670195,0.0;0.0;0.0;0.0;0.0
development,2881,ligand_ligand_only,4.77,4.426347555579792,0.0;0.0;0.0;0.0;0.0
development,2883,ligand_ligand_only,5.2,4.268070427353106,0.0;0.0;0.0;0.0;0.0
development,2884,ligand_ligand_only,4.45,4.688511158553806,0.0;0.0;0.0;0.0;0.0
development,2885,ligand_ligand_only,3.5,3.870183649051831,0.0;0.0;0.0;0.0;0.0
development,2886,ligand_ligand_only,4.55,4.600084798694848,0.0;0.0;0.0;0.0;0.0
development,2887,ligand_ligand_only,2.74,4.0484462600893,0.0;0.0;0.0;0.0;0.0
development,2888,ligand_ligand_only,4.96,4.505496672222715,0.0;0.0;0.0;0.0;0.0
development,2889,ligand_ligand_only,5.28,4.005755474977869,0.0;0.0;0.0;0.0;0.0
development,2890,ligand_ligand_only,4.91,4.544681394760805,0.0;0.0;0.0;0.0;0.0
development,2892,ligand_ligand_only,4.56,4.188920703109722,0.0;0.0;0.0;0.0;0.0
development,2893,ligand_ligand_only,5.01,4.8229402120807565,0.0;0.0;0.0;0.0;0.0
development,2894,ligand_ligand_only,4.56,4.371226622842369,0.0;0.0;0.0;0.0;0.0
development,2895,ligand_ligand_only,4.95,4.611460598952962,0.0;0.0;0.0;0.0;0.0
development,2896,ligand_ligand_only,5.66,4.947706460541114,0.0;0.0;0.0;0.0;0.0
development,2897,ligand_ligand_only,5.18,4.314462468751656,0.0;0.0;0.0;0.0;0.0
development,2898,ligand_ligand_only,4.98,5.2601872507745275,0.0;0.0;0.0;0.0;0.0
development,2899,ligand_ligand_only,3.18,5.068893452443918,0.0;0.0;0.0;0.0;0.0
development,2900,ligand_ligand_only,6.255,5.252198306020614,0.0;0.0;0.0;0.0;0.0
development,2901,ligand_ligand_only,5.02,4.368809917258197,0.0;0.0;0.0;0.0;0.0
development,2902,ligand_ligand_only,4.94,4.001480057236218,0.0;0.0;0.0;0.0;0.0
development,2903,ligand_ligand_only,3.82,4.088639403799308,0.0;0.0;0.0;0.0;0.0
development,2905,ligand_ligand_only,5.39,5.146559117061955,0.0;0.0;0.0;0.0;0.0
development,2906,ligand_ligand_only,2.88,3.821132936021113,0.0;0.0;0.0;0.0;0.0
development,2908,ligand_ligand_only,3.04,3.8271423668174007,0.0;0.0;0.0;0.0;0.0
development,2909,ligand_ligand_only,5.14,4.6312087151689125,0.0;0.0;0.0;0.0;0.0
development,2910,ligand_ligand_only,3.1,4.203068697452694,0.0;0.0;0.0;0.0;0.0
development,2911,ligand_ligand_only,2.61,3.4944919840147493,0.0;0.0;0.0;0.0;0.0
development,2912,ligand_ligand_only,5.24,4.8367680951763,0.0;0.0;0.0;0.0;0.0
development,2913,ligand_ligand_only,5.98,4.37816479379995,0.0;0.0;0.0;0.0;0.0
development,2915,ligand_ligand_only,5.11,4.454735707579413,0.0;0.0;0.0;0.0;0.0
development,2917,ligand_ligand_only,5.03,4.1406439061425875,0.0;0.0;0.0;0.0;0.0
development,2918,ligand_ligand_only,1.83,4.315341756303292,0.0;0.0;0.0;0.0;0.0
development,2919,ligand_ligand_only,5.06,5.510604413507996,0.0;0.0;0.0;0.0;0.0
development,2920,ligand_ligand_only,4.51,3.950756229020891,0.0;0.0;0.0;0.0;0.0
development,2921,ligand_ligand_only,2.06,3.4796632853119727,0.0;0.0;0.0;0.0;0.0
development,2922,ligand_ligand_only,2.14,3.9837476707887385,0.0;0.0;0.0;0.0;0.0
development,2923,ligand_ligand_only,3.52,4.03368680805838,0.0;0.0;0.0;0.0;0.0
development,2925,ligand_ligand_only,5.01,4.55950157643784,0.0;0.0;0.0;0.0;0.0
development,2926,ligand_ligand_only,4.58,4.455953988298951,0.0;0.0;0.0;0.0;0.0
development,2927,ligand_ligand_only,4.83,4.599776102583672,0.0;0.0;0.0;0.0;0.0
development,2928,ligand_ligand_only,6.215,5.111037040368853,0.0;0.0;0.0;0.0;0.0
development,2929,ligand_ligand_only,2.09,3.7265998915016576,0.0;0.0;0.0;0.0;0.0
development,2930,ligand_ligand_only,4.75,3.992818042464661,0.0;0.0;0.0;0.0;0.0
development,2931,ligand_ligand_only,2.22,3.871186823647117,0.0;0.0;0.0;0.0;0.0
development,2932,ligand_ligand_only,4.28,4.082190897056254,0.0;0.0;0.0;0.0;0.0
development,2934,ligand_ligand_only,5.3,3.7640614955431695,0.0;0.0;0.0;0.0;0.0
development,2935,ligand_ligand_only,2.01,3.6192092807671603,0.0;0.0;0.0;0.0;0.0
development,2936,ligand_ligand_only,4.83,4.439575085508256,0.0;0.0;0.0;0.0;0.0
development,2937,ligand_ligand_only,6.105,4.365954781232369,0.0;0.0;0.0;0.0;0.0
development,2938,ligand_ligand_only,3.4,3.900924347023084,0.0;0.0;0.0;0.0;0.0
development,2939,ligand_ligand_only,1.84,4.273223614274702,0.0;0.0;0.0;0.0;0.0
development,2940,ligand_ligand_only,5.42,4.1235670968545355,0.0;0.0;0.0;0.0;0.0
development,2941,ligand_ligand_only,2.6,3.9684994422351227,0.0;0.0;0.0;0.0;0.0
development,2942,ligand_ligand_only,4.62,4.811902095120329,0.0;0.0;0.0;0.0;0.0
development,2943,ligand_ligand_only,3.38,3.9532405346037245,0.0;0.0;0.0;0.0;0.0
development,2944,ligand_ligand_only,3.92,3.6601212170822546,0.0;0.0;0.0;0.0;0.0
development,2945,ligand_ligand_only,4.93,4.232732654705093,0.0;0.0;0.0;0.0;0.0
development,2946,ligand_ligand_only,2.97,3.817365011936503,0.0;0.0;0.0;0.0;0.0
development,2947,ligand_ligand_only,5.27,4.51982360433502,0.0;0.0;0.0;0.0;0.0
development,2948,ligand_ligand_only,5.25,4.7458038183085325,0.0;0.0;0.0;0.0;0.0
development,2949,ligand_ligand_only,4.53,4.556660155745526,0.0;0.0;0.0;0.0;0.0
development,2950,ligand_ligand_only,5.1,4.587948798396341,0.0;0.0;0.0;0.0;0.0
development,2951,ligand_ligand_only,3.69,3.620546679268695,0.0;0.0;0.0;0.0;0.0
development,2952,ligand_ligand_only,4.68,3.8695157429496794,0.0;0.0;0.0;0.0;0.0
development,2953,ligand_ligand_only,4.93,4.297884745469599,0.0;0.0;0.0;0.0;0.0
development,2956,ligand_ligand_only,4.62,3.732370023379234,0.0;0.0;0.0;0.0;0.0
development,2958,ligand_ligand_only,5.95,4.941260077730786,0.0;0.0;0.0;0.0;0.0
development,2959,ligand_ligand_only,5.1,4.098665887078039,0.0;0.0;0.0;0.0;0.0
development,2960,ligand_ligand_only,5.33,4.1576699510067545,0.0;0.0;0.0;0.0;0.0
development,2961,ligand_ligand_only,4.47,4.341014083035454,0.0;0.0;0.0;0.0;0.0
development,2962,ligand_ligand_only,5.22,4.284317261350088,0.0;0.0;0.0;0.0;0.0
development,2963,ligand_ligand_only,3.42,3.975503495757481,0.0;0.0;0.0;0.0;0.0
development,2965,ligand_ligand_only,3.66,3.902694776326341,0.0;0.0;0.0;0.0;0.0
development,2966,ligand_ligand_only,5.3,3.9831762213333697,0.0;0.0;0.0;0.0;0.0
development,2967,ligand_ligand_only,5.36,4.24820450248015,0.0;0.0;0.0;0.0;0.0
development,2968,ligand_ligand_only,5.16,3.738889139816518,0.0;0.0;0.0;0.0;0.0
development,2969,ligand_ligand_only,4.26,4.214305932951681,0.0;0.0;0.0;0.0;0.0
development,2971,ligand_ligand_only,5.81,4.29363571532368,0.0;0.0;0.0;0.0;0.0
development,2973,ligand_ligand_only,2.19,3.594668452126124,0.0;0.0;0.0;0.0;0.0
development,2976,ligand_ligand_only,5.6,4.580039269800389,0.0;0.0;0.0;0.0;0.0
development,2977,ligand_ligand_only,3.96,3.88655707796478,0.0;0.0;0.0;0.0;0.0
development,2978,ligand_ligand_only,4.06,4.156694358526536,0.0;0.0;0.0;0.0;0.0
development,2980,ligand_ligand_only,4.18,3.8656779937617123,0.0;0.0;0.0;0.0;0.0
development,2981,ligand_ligand_only,4.13,4.30607363093999,0.0;0.0;0.0;0.0;0.0
development,2982,ligand_ligand_only,1.67,3.9179790158132737,0.0;0.0;0.0;0.0;0.0
development,2983,ligand_ligand_only,3.99,4.136845456349869,0.0;0.0;0.0;0.0;0.0
development,2984,ligand_ligand_only,4.46,4.773547329802369,0.0;0.0;0.0;0.0;0.0
development,2985,ligand_ligand_only,3.51,4.598727120426532,0.0;0.0;0.0;0.0;0.0
development,2987,ligand_ligand_only,5.37,4.901125812758154,0.0;0.0;0.0;0.0;0.0
development,2988,ligand_ligand_only,4.89,3.6619280123926847,0.0;0.0;0.0;0.0;0.0
development,2989,ligand_ligand_only,2.7,4.076095611892383,0.0;0.0;0.0;0.0;0.0
development,2990,ligand_ligand_only,4.8,3.8847771310862305,0.0;0.0;0.0;0.0;0.0
development,2991,ligand_ligand_only,5.32,4.280767329412779,0.0;0.0;0.0;0.0;0.0
development,2992,ligand_ligand_only,5.01,3.7702286692594678,0.0;0.0;0.0;0.0;0.0
development,2993,ligand_ligand_only,2.09,4.120002378546211,0.0;0.0;0.0;0.0;0.0
development,2994,ligand_ligand_only,4.51,4.278598564619669,0.0;0.0;0.0;0.0;0.0
development,2995,ligand_ligand_only,5.35,3.595276786477206,0.0;0.0;0.0;0.0;0.0
development,2996,ligand_ligand_only,2.91,3.8686806388541353,0.0;0.0;0.0;0.0;0.0
development,2999,ligand_ligand_only,5.57,4.4295838520712305,0.0;0.0;0.0;0.0;0.0
development,3000,ligand_ligand_only,1.87,4.312502518809974,0.0;0.0;0.0;0.0;0.0
development,3001,ligand_ligand_only,5.07,4.1841817758979625,0.0;0.0;0.0;0.0;0.0
development,3002,ligand_ligand_only,4.68,4.376365805794209,0.0;0.0;0.0;0.0;0.0
development,3003,ligand_ligand_only,5.99,4.709783434084189,0.0;0.0;0.0;0.0;0.0
development,3004,ligand_ligand_only,4.84,4.650872231651406,0.0;0.0;0.0;0.0;0.0
development,3005,ligand_ligand_only,4.79,5.240216968437489,0.0;0.0;0.0;0.0;0.0
development,3006,ligand_ligand_only,4.05,4.275332312776401,0.0;0.0;0.0;0.0;0.0
development,3008,ligand_ligand_only,3.49,4.265281757732595,0.0;0.0;0.0;0.0;0.0
development,3009,ligand_ligand_only,4.9,4.2379299207283,0.0;0.0;0.0;0.0;0.0
development,3010,ligand_ligand_only,4.33,4.237608863952543,0.0;0.0;0.0;0.0;0.0
development,3011,ligand_ligand_only,4.51,4.783094114266265,0.0;0.0;0.0;0.0;0.0
development,3012,ligand_ligand_only,5.57,4.764790752460952,0.0;0.0;0.0;0.0;0.0
development,3013,ligand_ligand_only,2.6,4.078549400436315,0.0;0.0;0.0;0.0;0.0
development,3014,ligand_ligand_only,4.0,4.029563491955221,0.0;0.0;0.0;0.0;0.0
development,3015,ligand_ligand_only,4.18,5.500326153289798,0.0;0.0;0.0;0.0;0.0
development,3016,ligand_ligand_only,3.46,4.652834071074681,0.0;0.0;0.0;0.0;0.0
development,3017,ligand_ligand_only,4.6,4.228703489478562,0.0;0.0;0.0;0.0;0.0
development,3018,ligand_ligand_only,2.58,3.60032114761647,0.0;0.0;0.0;0.0;0.0
development,3019,ligand_ligand_only,1.76,4.265839017875971,0.0;0.0;0.0;0.0;0.0
development,3020,ligand_ligand_only,4.37,4.034278871292541,0.0;0.0;0.0;0.0;0.0
development,3021,ligand_ligand_only,5.08,4.010959557681214,0.0;0.0;0.0;0.0;0.0
development,3023,ligand_ligand_only,3.27,5.282842227536346,0.0;0.0;0.0;0.0;0.0
development,3026,ligand_ligand_only,1.87,3.6516618643619503,0.0;0.0;0.0;0.0;0.0
development,3027,ligand_ligand_only,6.37,4.844660556208604,0.0;0.0;0.0;0.0;0.0
development,3028,ligand_ligand_only,3.93,3.863702077082513,0.0;0.0;0.0;0.0;0.0
development,3029,ligand_ligand_only,3.09,4.045169665626811,0.0;0.0;0.0;0.0;0.0
development,3030,ligand_ligand_only,5.16,4.128190012732077,0.0;0.0;0.0;0.0;0.0
development,3034,ligand_ligand_only,4.76,4.17444545079811,0.0;0.0;0.0;0.0;0.0
development,3035,ligand_ligand_only,3.9,3.9174238450509167,0.0;0.0;0.0;0.0;0.0
development,3037,ligand_ligand_only,5.34,4.0202966650935785,0.0;0.0;0.0;0.0;0.0
development,3040,ligand_ligand_only,5.18,4.332048964350484,0.0;0.0;0.0;0.0;0.0
development,3041,ligand_ligand_only,4.01,4.331831416648278,0.0;0.0;0.0;0.0;0.0
development,3042,ligand_ligand_only,5.6,4.341866416829954,0.0;0.0;0.0;0.0;0.0
development,3043,ligand_ligand_only,6.325,4.68021920869657,0.0;0.0;0.0;0.0;0.0
development,3044,ligand_ligand_only,4.91,3.9818396611960427,0.0;0.0;0.0;0.0;0.0
development,3046,ligand_ligand_only,4.86,4.402573146544783,0.0;0.0;0.0;0.0;0.0
development,3047,ligand_ligand_only,4.3,4.461027857644294,0.0;0.0;0.0;0.0;0.0
development,3048,ligand_ligand_only,1.77,3.8562824376969016,0.0;0.0;0.0;0.0;0.0
development,3049,ligand_ligand_only,4.26,4.275315773146879,0.0;0.0;0.0;0.0;0.0
development,3050,ligand_ligand_only,2.87,4.953720583250258,0.0;0.0;0.0;0.0;0.0
development,3052,ligand_ligand_only,3.94,3.9076050111219764,0.0;0.0;0.0;0.0;0.0
development,3053,ligand_ligand_only,4.94,4.2702626484633575,0.0;0.0;0.0;0.0;0.0
development,3054,ligand_ligand_only,4.24,4.383177363436231,0.0;0.0;0.0;0.0;0.0
development,3056,ligand_ligand_only,4.83,3.8396314869128063,0.0;0.0;0.0;0.0;0.0
development,3057,ligand_ligand_only,5.955,4.498685287362225,0.0;0.0;0.0;0.0;0.0
development,3058,ligand_ligand_only,1.91,3.8686339697538425,0.0;0.0;0.0;0.0;0.0
development,3059,ligand_ligand_only,4.69,3.8461544741195985,0.0;0.0;0.0;0.0;0.0
development,3061,ligand_ligand_only,5.1,4.834042655783908,0.0;0.0;0.0;0.0;0.0
development,3062,ligand_ligand_only,5.51,4.608913379595605,0.0;0.0;0.0;0.0;0.0
development,3063,ligand_ligand_only,2.415,5.117904748154993,0.0;0.0;0.0;0.0;0.0
development,3064,ligand_ligand_only,3.18,4.076986451867018,0.0;0.0;0.0;0.0;0.0
development,3065,ligand_ligand_only,4.63,4.380585003268485,0.0;0.0;0.0;0.0;0.0
development,3066,ligand_ligand_only,5.42,4.481623292312217,0.0;0.0;0.0;0.0;0.0
development,3067,ligand_ligand_only,4.74,4.460856269359077,0.0;0.0;0.0;0.0;0.0
development,3068,ligand_ligand_only,2.36,4.402971813676885,0.0;0.0;0.0;0.0;0.0
development,3069,ligand_ligand_only,4.81,4.246373057634266,0.0;0.0;0.0;0.0;0.0
development,3070,ligand_ligand_only,4.98,3.8699324028079327,0.0;0.0;0.0;0.0;0.0
development,3071,ligand_ligand_only,5.3,4.750073205960648,0.0;0.0;0.0;0.0;0.0
development,3072,ligand_ligand_only,4.63,4.7891040683688395,0.0;0.0;0.0;0.0;0.0
development,3073,ligand_ligand_only,4.27,4.981597050655018,0.0;0.0;0.0;0.0;0.0
development,3074,ligand_ligand_only,3.18,4.086530129594408,0.0;0.0;0.0;0.0;0.0
development,3076,ligand_ligand_only,4.12,3.7723884166813715,0.0;0.0;0.0;0.0;0.0
development,3079,ligand_ligand_only,5.17,4.0500024309033735,0.0;0.0;0.0;0.0;0.0
development,3080,ligand_ligand_only,4.58,4.27446645568863,0.0;0.0;0.0;0.0;0.0
development,3081,ligand_ligand_only,5.26,5.014615219551576,0.0;0.0;0.0;0.0;0.0
development,3082,ligand_ligand_only,4.91,4.263058780434247,0.0;0.0;0.0;0.0;0.0
development,3083,ligand_ligand_only,2.27,4.198823351516021,0.0;0.0;0.0;0.0;0.0
development,3084,ligand_ligand_only,3.19,4.350836996712355,0.0;0.0;0.0;0.0;0.0
development,3085,ligand_ligand_only,4.84,4.985728870555985,0.0;0.0;0.0;0.0;0.0
development,3087,ligand_ligand_only,5.28,4.168889115835704,0.0;0.0;0.0;0.0;0.0
development,3088,ligand_ligand_only,4.43,3.972131750154334,0.0;0.0;0.0;0.0;0.0
development,3089,ligand_ligand_only,4.18,4.1839382431837935,0.0;0.0;0.0;0.0;0.0
development,3090,ligand_ligand_only,5.12,4.52671519790748,0.0;0.0;0.0;0.0;0.0
development,3091,ligand_ligand_only,5.02,4.487801647812988,0.0;0.0;0.0;0.0;0.0
development,3092,ligand_ligand_only,5.04,3.943981749477684,0.0;0.0;0.0;0.0;0.0
development,3093,ligand_ligand_only,5.67,4.383433324089072,0.0;0.0;0.0;0.0;0.0
development,3094,ligand_ligand_only,2.74,3.9060602900342305,0.0;0.0;0.0;0.0;0.0
development,3096,ligand_ligand_only,5.04,4.757498787267964,0.0;0.0;0.0;0.0;0.0
development,3097,ligand_ligand_only,2.56,4.158686502488201,0.0;0.0;0.0;0.0;0.0
development,3098,ligand_ligand_only,5.16,3.9908859715635483,0.0;0.0;0.0;0.0;0.0
development,3099,ligand_ligand_only,4.38,4.002510675155987,0.0;0.0;0.0;0.0;0.0
development,3100,ligand_ligand_only,1.9,4.42377189196282,0.0;0.0;0.0;0.0;0.0
development,3101,ligand_ligand_only,3.49,4.239043915792972,0.0;0.0;0.0;0.0;0.0
development,3102,ligand_ligand_only,4.07,4.1851145770898155,0.0;0.0;0.0;0.0;0.0
development,3103,ligand_ligand_only,1.73,4.102574725257301,0.0;0.0;0.0;0.0;0.0
development,3104,ligand_ligand_only,5.46,4.7667201863756645,0.0;0.0;0.0;0.0;0.0
development,3105,ligand_ligand_only,1.78,3.906131993623812,0.0;0.0;0.0;0.0;0.0
development,3106,ligand_ligand_only,1.92,3.3174483236642103,0.0;0.0;0.0;0.0;0.0
development,3107,ligand_ligand_only,4.05,4.194523129156731,0.0;0.0;0.0;0.0;0.0
development,3108,ligand_ligand_only,5.4,3.9124856896646705,0.0;0.0;0.0;0.0;0.0
development,3109,ligand_ligand_only,5.28,4.566788448389101,0.0;0.0;0.0;0.0;0.0
development,3111,ligand_ligand_only,4.73,4.669854202941514,0.0;0.0;0.0;0.0;0.0
development,3112,ligand_ligand_only,4.83,3.8637010739009003,0.0;0.0;0.0;0.0;0.0
development,3113,ligand_ligand_only,5.4,4.810168336689548,0.0;0.0;0.0;0.0;0.0
development,3114,ligand_ligand_only,5.61,5.021850107808476,0.0;0.0;0.0;0.0;0.0
development,3115,ligand_ligand_only,4.9,3.8522434925505746,0.0;0.0;0.0;0.0;0.0
development,3116,ligand_ligand_only,2.81,5.54886464401741,0.0;0.0;0.0;0.0;0.0
development,3117,ligand_ligand_only,2.33,3.8623610367662136,0.0;0.0;0.0;0.0;0.0
development,3119,ligand_ligand_only,4.78,4.008982971794133,0.0;0.0;0.0;0.0;0.0
development,3122,ligand_ligand_only,3.2,3.9908176024634963,0.0;0.0;0.0;0.0;0.0
development,3123,ligand_ligand_only,1.7,3.80078360797082,0.0;0.0;0.0;0.0;0.0
development,3124,ligand_ligand_only,2.31,3.734690472541959,0.0;0.0;0.0;0.0;0.0
development,3126,ligand_ligand_only,3.41,3.813470961516277,0.0;0.0;0.0;0.0;0.0
development,3127,ligand_ligand_only,5.15,4.485455564239958,0.0;0.0;0.0;0.0;0.0
development,3128,ligand_ligand_only,4.89,4.488778388987004,0.0;0.0;0.0;0.0;0.0
development,3129,ligand_ligand_only,3.6,3.7800696973574146,0.0;0.0;0.0;0.0;0.0
development,3130,ligand_ligand_only,5.44,4.2912030596015605,0.0;0.0;0.0;0.0;0.0
development,3131,ligand_ligand_only,2.76,3.914187398563173,0.0;0.0;0.0;0.0;0.0
development,3132,ligand_ligand_only,4.51,4.254185244246786,0.0;0.0;0.0;0.0;0.0
development,3133,ligand_ligand_only,4.82,4.600220093533621,0.0;0.0;0.0;0.0;0.0
development,3134,ligand_ligand_only,2.4,4.316075603986298,0.0;0.0;0.0;0.0;0.0
development,3135,ligand_ligand_only,3.82,3.9795940316319967,0.0;0.0;0.0;0.0;0.0
development,3136,ligand_ligand_only,5.52,5.13155792115036,0.0;0.0;0.0;0.0;0.0
development,3137,ligand_ligand_only,5.5,3.9856469959751686,0.0;0.0;0.0;0.0;0.0
development,3138,ligand_ligand_only,2.98,4.848820899539387,0.0;0.0;0.0;0.0;0.0
development,3140,ligand_ligand_only,5.79,4.284142589535808,0.0;0.0;0.0;0.0;0.0
development,3141,ligand_ligand_only,1.72,3.9412084764006456,0.0;0.0;0.0;0.0;0.0
development,3142,ligand_ligand_only,6.215,5.092547238820712,0.0;0.0;0.0;0.0;0.0
development,3143,ligand_ligand_only,4.92,4.372265366826841,0.0;0.0;0.0;0.0;0.0
development,3144,ligand_ligand_only,2.6,3.6853117992189603,0.0;0.0;0.0;0.0;0.0
development,3146,ligand_ligand_only,4.94,4.013906907504503,0.0;0.0;0.0;0.0;0.0
development,3147,ligand_ligand_only,4.79,4.857985363423807,0.0;0.0;0.0;0.0;0.0
development,3148,ligand_ligand_only,3.76,3.8176053839410735,0.0;0.0;0.0;0.0;0.0
development,3149,ligand_ligand_only,5.89,4.388798960733231,0.0;0.0;0.0;0.0;0.0
development,3150,ligand_ligand_only,1.75,3.839827425278348,0.0;0.0;0.0;0.0;0.0
development,3151,ligand_ligand_only,5.79,4.271940918735623,0.0;0.0;0.0;0.0;0.0
development,3152,ligand_ligand_only,4.94,4.054309192286235,0.0;0.0;0.0;0.0;0.0
development,3153,ligand_ligand_only,5.35,4.8522803735852715,0.0;0.0;0.0;0.0;0.0
development,3155,ligand_ligand_only,4.81,3.869231210456048,0.0;0.0;0.0;0.0;0.0
development,3156,ligand_ligand_only,5.2,4.529829617289781,0.0;0.0;0.0;0.0;0.0
development,3157,ligand_ligand_only,4.57,5.107908481005216,0.0;0.0;0.0;0.0;0.0
development,3158,ligand_ligand_only,1.85,4.487724372884073,0.0;0.0;0.0;0.0;0.0
development,3159,ligand_ligand_only,4.36,4.005580220390669,0.0;0.0;0.0;0.0;0.0
development,3160,ligand_ligand_only,5.53,4.967901860424552,0.0;0.0;0.0;0.0;0.0
development,3161,ligand_ligand_only,2.76,4.359662513536731,0.0;0.0;0.0;0.0;0.0
development,3165,ligand_ligand_only,5.09,4.429666658298596,0.0;0.0;0.0;0.0;0.0
development,3166,ligand_ligand_only,5.265000000000001,4.120624792534449,0.0;0.0;0.0;0.0;0.0
development,3167,ligand_ligand_only,2.66,3.4590006601217915,0.0;0.0;0.0;0.0;0.0
development,3168,ligand_ligand_only,3.2,4.073514857563666,0.0;0.0;0.0;0.0;0.0
development,3171,ligand_ligand_only,5.0,4.49392986479569,0.0;0.0;0.0;0.0;0.0
development,3172,ligand_ligand_only,2.65,4.45288421814261,0.0;0.0;0.0;0.0;0.0
development,3173,ligand_ligand_only,2.48,3.850578162861156,0.0;0.0;0.0;0.0;0.0
development,3174,ligand_ligand_only,2.52,3.6836340321824865,0.0;0.0;0.0;0.0;0.0
development,3175,ligand_ligand_only,4.83,4.006388924931361,0.0;0.0;0.0;0.0;0.0
development,3176,ligand_ligand_only,5.975,5.480823424901336,0.0;0.0;0.0;0.0;0.0
development,3177,ligand_ligand_only,2.86,3.765882603929193,0.0;0.0;0.0;0.0;0.0
development,3178,ligand_ligand_only,5.67,5.180571695697298,0.0;0.0;0.0;0.0;0.0
development,3179,ligand_ligand_only,4.51,4.326233481644065,0.0;0.0;0.0;0.0;0.0
development,3180,ligand_ligand_only,5.859999999999999,4.370234462446401,0.0;0.0;0.0;0.0;0.0
development,3181,ligand_ligand_only,5.36,4.077433412432204,0.0;0.0;0.0;0.0;0.0
development,3182,ligand_ligand_only,4.69,4.472753954893724,0.0;0.0;0.0;0.0;0.0
development,3186,ligand_ligand_only,4.37,4.0966461452995,0.0;0.0;0.0;0.0;0.0
development,3187,ligand_ligand_only,5.01,4.255814686464373,0.0;0.0;0.0;0.0;0.0
development,3188,ligand_ligand_only,3.33,3.7246853588656768,0.0;0.0;0.0;0.0;0.0
development,3189,ligand_ligand_only,1.83,3.894674541084684,0.0;0.0;0.0;0.0;0.0
development,3190,ligand_ligand_only,4.61,4.265753847420552,0.0;0.0;0.0;0.0;0.0
development,3191,ligand_ligand_only,5.1,5.437641856718175,0.0;0.0;0.0;0.0;0.0
development,3192,ligand_ligand_only,5.22,4.385872907654958,0.0;0.0;0.0;0.0;0.0
development,3193,ligand_ligand_only,5.33,4.23797885212677,0.0;0.0;0.0;0.0;0.0
development,3194,ligand_ligand_only,5.14,5.2580115613028005,0.0;0.0;0.0;0.0;0.0
development,3195,ligand_ligand_only,3.04,4.139022715545923,0.0;0.0;0.0;0.0;0.0
development,3196,ligand_ligand_only,4.36,4.22175637011968,0.0;0.0;0.0;0.0;0.0
development,3198,ligand_ligand_only,5.37,4.111910154148937,0.0;0.0;0.0;0.0;0.0
development,3199,ligand_ligand_only,1.84,4.7560004225550045,0.0;0.0;0.0;0.0;0.0
development,3200,ligand_ligand_only,5.64,4.278232307921588,0.0;0.0;0.0;0.0;0.0
development,3201,ligand_ligand_only,3.87,3.9816115541621224,0.0;0.0;0.0;0.0;0.0
development,3202,ligand_ligand_only,4.43,3.6922221823348953,0.0;0.0;0.0;0.0;0.0
development,3203,ligand_ligand_only,4.69,4.041991842559357,0.0;0.0;0.0;0.0;0.0
development,3206,ligand_ligand_only,3.43,4.434339933952651,0.0;0.0;0.0;0.0;0.0
development,3207,ligand_ligand_only,3.5,4.116089778712843,0.0;0.0;0.0;0.0;0.0
development,3208,ligand_ligand_only,3.65,4.569470698790648,0.0;0.0;0.0;0.0;0.0
development,3210,ligand_ligand_only,5.29,5.04941804034048,0.0;0.0;0.0;0.0;0.0
development,3211,ligand_ligand_only,2.0,4.54287534061265,0.0;0.0;0.0;0.0;0.0
development,3212,ligand_ligand_only,4.47,4.405271180158442,0.0;0.0;0.0;0.0;0.0
development,3213,ligand_ligand_only,5.11,4.757877585764973,0.0;0.0;0.0;0.0;0.0
development,3215,ligand_ligand_only,3.37,4.676635989381347,0.0;0.0;0.0;0.0;0.0
development,3216,ligand_ligand_only,6.87,4.759650030442976,0.0;0.0;0.0;0.0;0.0
development,3217,ligand_ligand_only,4.3,5.18510683063619,0.0;0.0;0.0;0.0;0.0
development,3218,ligand_ligand_only,5.09,4.493862872359231,0.0;0.0;0.0;0.0;0.0
development,3219,ligand_ligand_only,5.17,4.42147397396399,0.0;0.0;0.0;0.0;0.0
development,3222,ligand_ligand_only,4.51,4.2612861236357995,0.0;0.0;0.0;0.0;0.0
development,3223,ligand_ligand_only,5.63,4.205747116561103,0.0;0.0;0.0;0.0;0.0
development,3224,ligand_ligand_only,5.15,3.9781372716008003,0.0;0.0;0.0;0.0;0.0
development,3225,ligand_ligand_only,3.88,4.031177885679881,0.0;0.0;0.0;0.0;0.0
development,3226,ligand_ligand_only,3.21,4.0679725618910485,0.0;0.0;0.0;0.0;0.0
development,3227,ligand_ligand_only,4.9,3.878022087390378,0.0;0.0;0.0;0.0;0.0
development,3228,ligand_ligand_only,4.19,4.271854514994876,0.0;0.0;0.0;0.0;0.0
development,3229,ligand_ligand_only,4.52,3.7867526525896653,0.0;0.0;0.0;0.0;0.0
development,3230,ligand_ligand_only,3.49,3.551471831621444,0.0;0.0;0.0;0.0;0.0
development,3231,ligand_ligand_only,5.2,4.030506878907846,0.0;0.0;0.0;0.0;0.0
development,3232,ligand_ligand_only,3.95,4.039049365096812,0.0;0.0;0.0;0.0;0.0
development,3234,ligand_ligand_only,6.39,4.211703537801093,0.0;0.0;0.0;0.0;0.0
development,3235,ligand_ligand_only,5.28,4.5805254740603365,0.0;0.0;0.0;0.0;0.0
development,3236,ligand_ligand_only,3.81,4.406976902114923,0.0;0.0;0.0;0.0;0.0
development,3237,ligand_ligand_only,5.765000000000001,4.360676576243219,0.0;0.0;0.0;0.0;0.0
development,3238,ligand_ligand_only,3.91,4.110377691675595,0.0;0.0;0.0;0.0;0.0
development,3239,ligand_ligand_only,1.88,4.493000406676028,0.0;0.0;0.0;0.0;0.0
development,3240,ligand_ligand_only,4.65,4.159484338788448,0.0;0.0;0.0;0.0;0.0
development,3241,ligand_ligand_only,4.88,4.390888040550315,0.0;0.0;0.0;0.0;0.0
development,3242,ligand_ligand_only,3.33,3.8021019279051016,0.0;0.0;0.0;0.0;0.0
development,3243,ligand_ligand_only,2.77,3.9514295059685183,0.0;0.0;0.0;0.0;0.0
development,3244,ligand_ligand_only,5.14,3.859380284148287,0.0;0.0;0.0;0.0;0.0
development,3245,ligand_ligand_only,3.8,4.307267248017958,0.0;0.0;0.0;0.0;0.0
development,3246,ligand_ligand_only,5.67,4.533294418669384,0.0;0.0;0.0;0.0;0.0
development,3247,ligand_ligand_only,5.2,4.668713039187553,0.0;0.0;0.0;0.0;0.0
development,3248,ligand_ligand_only,5.05,4.43288032086749,0.0;0.0;0.0;0.0;0.0
development,3249,ligand_ligand_only,6.0600000000000005,4.989145122577481,0.0;0.0;0.0;0.0;0.0
development,3250,ligand_ligand_only,4.93,4.265638411296671,0.0;0.0;0.0;0.0;0.0
development,3251,ligand_ligand_only,5.18,4.075370074748301,0.0;0.0;0.0;0.0;0.0
development,3252,ligand_ligand_only,4.78,3.560067114825221,0.0;0.0;0.0;0.0;0.0
development,3253,ligand_ligand_only,5.23,3.7234524821800146,0.0;0.0;0.0;0.0;0.0
development,3255,ligand_ligand_only,5.3,4.4302045504107435,0.0;0.0;0.0;0.0;0.0
development,3256,ligand_ligand_only,2.49,3.7927689293758524,0.0;0.0;0.0;0.0;0.0
development,3257,ligand_ligand_only,4.86,4.7743971369283305,0.0;0.0;0.0;0.0;0.0
development,3259,ligand_ligand_only,4.9,4.111881939101409,0.0;0.0;0.0;0.0;0.0
development,3260,ligand_ligand_only,4.45,3.9928357136551775,0.0;0.0;0.0;0.0;0.0
development,3261,ligand_ligand_only,4.31,4.102673475100508,0.0;0.0;0.0;0.0;0.0
development,3262,ligand_ligand_only,4.86,4.747491728059584,0.0;0.0;0.0;0.0;0.0
development,3263,ligand_ligand_only,2.36,3.7164254632879272,0.0;0.0;0.0;0.0;0.0
development,3264,ligand_ligand_only,2.02,3.661634100833531,0.0;0.0;0.0;0.0;0.0
development,3266,ligand_ligand_only,2.17,3.9323768491889237,0.0;0.0;0.0;0.0;0.0
development,3267,ligand_ligand_only,2.85,3.8347654301365917,0.0;0.0;0.0;0.0;0.0
development,3268,ligand_ligand_only,2.83,3.8845622839929788,0.0;0.0;0.0;0.0;0.0
development,3269,ligand_ligand_only,4.75,4.268330272559484,0.0;0.0;0.0;0.0;0.0
development,3270,ligand_ligand_only,4.65,4.821320260533586,0.0;0.0;0.0;0.0;0.0
development,3271,ligand_ligand_only,4.68,4.124519917315412,0.0;0.0;0.0;0.0;0.0
development,3273,ligand_ligand_only,4.68,4.373485265332176,0.0;0.0;0.0;0.0;0.0
development,3274,ligand_ligand_only,2.59,3.8561563008524904,0.0;0.0;0.0;0.0;0.0
development,3277,ligand_ligand_only,2.56,3.836459127547353,0.0;0.0;0.0;0.0;0.0
development,3281,ligand_ligand_only,3.67,3.8535152117674856,0.0;0.0;0.0;0.0;0.0
development,3282,ligand_ligand_only,3.63,3.9864660088756434,0.0;0.0;0.0;0.0;0.0
development,3283,ligand_ligand_only,3.73,4.293758720509763,0.0;0.0;0.0;0.0;0.0
development,3284,ligand_ligand_only,4.16,4.514402194794047,0.0;0.0;0.0;0.0;0.0
development,3285,ligand_ligand_only,4.92,3.73559909179143,0.0;0.0;0.0;0.0;0.0
development,3286,ligand_ligand_only,6.125,4.9009657896726715,0.0;0.0;0.0;0.0;0.0
development,3288,ligand_ligand_only,5.48,5.106009186149546,0.0;0.0;0.0;0.0;0.0
development,3289,ligand_ligand_only,5.87,3.927422025166665,0.0;0.0;0.0;0.0;0.0
development,3290,ligand_ligand_only,4.1,4.458982990780144,0.0;0.0;0.0;0.0;0.0
development,3291,ligand_ligand_only,4.48,4.583987732733421,0.0;0.0;0.0;0.0;0.0
development,3292,ligand_ligand_only,5.14,4.217307485342517,0.0;0.0;0.0;0.0;0.0
development,3293,ligand_ligand_only,2.49,3.140422134450306,0.0;0.0;0.0;0.0;0.0
development,3295,ligand_ligand_only,2.45,3.967654011140999,0.0;0.0;0.0;0.0;0.0
development,3296,ligand_ligand_only,5.1,4.814470820083361,0.0;0.0;0.0;0.0;0.0
development,3297,ligand_ligand_only,5.2,4.486754591690235,0.0;0.0;0.0;0.0;0.0
development,3298,ligand_ligand_only,4.53,4.0670269811777935,0.0;0.0;0.0;0.0;0.0
development,3299,ligand_ligand_only,4.07,4.169632354343505,0.0;0.0;0.0;0.0;0.0
development,3300,ligand_ligand_only,6.345000000000001,5.069630498890413,0.0;0.0;0.0;0.0;0.0
development,3301,ligand_ligand_only,2.28,3.9199671686920574,0.0;0.0;0.0;0.0;0.0
development,3302,ligand_ligand_only,5.23,4.321967798273495,0.0;0.0;0.0;0.0;0.0
development,3303,ligand_ligand_only,5.25,4.700277922280904,0.0;0.0;0.0;0.0;0.0
development,3304,ligand_ligand_only,4.5,3.9631041235525455,0.0;0.0;0.0;0.0;0.0
development,3305,ligand_ligand_only,1.91,3.8230641404334795,0.0;0.0;0.0;0.0;0.0
development,3306,ligand_ligand_only,3.57,3.852130944179635,0.0;0.0;0.0;0.0;0.0
development,3308,ligand_ligand_only,4.94,4.25816668975544,0.0;0.0;0.0;0.0;0.0
development,3309,ligand_ligand_only,2.85,3.9373148311660433,0.0;0.0;0.0;0.0;0.0
development,3310,ligand_ligand_only,1.79,3.833089386053624,0.0;0.0;0.0;0.0;0.0
development,3311,ligand_ligand_only,5.51,4.355165110933795,0.0;0.0;0.0;0.0;0.0
development,3314,ligand_ligand_only,4.7,5.078094505077565,0.0;0.0;0.0;0.0;0.0
development,3315,ligand_ligand_only,4.97,4.4245605921324875,0.0;0.0;0.0;0.0;0.0
development,3316,ligand_ligand_only,4.38,4.311993097142703,0.0;0.0;0.0;0.0;0.0
development,3317,ligand_ligand_only,2.92,4.234132995584961,0.0;0.0;0.0;0.0;0.0
development,3318,ligand_ligand_only,4.43,4.932144437167025,0.0;0.0;0.0;0.0;0.0
development,3319,ligand_ligand_only,4.56,4.508159073084674,0.0;0.0;0.0;0.0;0.0
development,3320,ligand_ligand_only,5.73,4.405290569093318,0.0;0.0;0.0;0.0;0.0
development,3322,ligand_ligand_only,4.73,4.042964195747975,0.0;0.0;0.0;0.0;0.0
development,3323,ligand_ligand_only,4.61,4.516200540597543,0.0;0.0;0.0;0.0;0.0
development,3324,ligand_ligand_only,4.86,4.470190843405211,0.0;0.0;0.0;0.0;0.0
development,3325,ligand_ligand_only,2.69,4.044408745597602,0.0;0.0;0.0;0.0;0.0
development,3326,ligand_ligand_only,3.08,4.077489167519987,0.0;0.0;0.0;0.0;0.0
development,3327,ligand_ligand_only,4.4,4.076033746220107,0.0;0.0;0.0;0.0;0.0
development,3328,ligand_ligand_only,5.9,4.848088179915804,0.0;0.0;0.0;0.0;0.0
development,3329,ligand_ligand_only,3.66,4.105455296673092,0.0;0.0;0.0;0.0;0.0
development,3330,ligand_ligand_only,4.46,4.43296670394983,0.0;0.0;0.0;0.0;0.0
development,3332,ligand_ligand_only,2.93,3.857661034176772,0.0;0.0;0.0;0.0;0.0
development,3333,ligand_ligand_only,4.3,3.678423680908261,0.0;0.0;0.0;0.0;0.0
development,3334,ligand_ligand_only,2.35,3.877717189767674,0.0;0.0;0.0;0.0;0.0
development,3335,ligand_ligand_only,1.83,4.808598013341339,0.0;0.0;0.0;0.0;0.0
development,3336,ligand_ligand_only,4.99,4.32822147507003,0.0;0.0;0.0;0.0;0.0
development,3337,ligand_ligand_only,5.12,4.953083307838222,0.0;0.0;0.0;0.0;0.0
development,3338,ligand_ligand_only,4.83,4.11125370672304,0.0;0.0;0.0;0.0;0.0
development,3339,ligand_ligand_only,1.96,3.952405249465103,0.0;0.0;0.0;0.0;0.0
development,3340,ligand_ligand_only,4.59,3.97372708704947,0.0;0.0;0.0;0.0;0.0
development,3341,ligand_ligand_only,4.46,4.032887035307986,0.0;0.0;0.0;0.0;0.0
development,3342,ligand_ligand_only,4.49,4.115507187845407,0.0;0.0;0.0;0.0;0.0
development,3343,ligand_ligand_only,5.3,4.918564580757507,0.0;0.0;0.0;0.0;0.0
development,3344,ligand_ligand_only,4.91,4.1480765631039525,0.0;0.0;0.0;0.0;0.0
development,3345,ligand_ligand_only,2.76,3.6000835526081905,0.0;0.0;0.0;0.0;0.0
development,3348,ligand_ligand_only,4.38,4.030583518844138,0.0;0.0;0.0;0.0;0.0
development,3349,ligand_ligand_only,3.68,3.496303205583297,0.0;0.0;0.0;0.0;0.0
development,3350,ligand_ligand_only,4.55,4.116205396814745,0.0;0.0;0.0;0.0;0.0
development,3353,ligand_ligand_only,5.21,3.675075764811668,0.0;0.0;0.0;0.0;0.0
development,3354,ligand_ligand_only,4.0,4.041784507220804,0.0;0.0;0.0;0.0;0.0
development,3355,ligand_ligand_only,1.75,4.347963455846181,0.0;0.0;0.0;0.0;0.0
development,3357,ligand_ligand_only,4.05,4.492663860521131,0.0;0.0;0.0;0.0;0.0
development,3359,ligand_ligand_only,3.77,4.04937280770305,0.0;0.0;0.0;0.0;0.0
development,3361,ligand_ligand_only,5.68,4.995026311338905,0.0;0.0;0.0;0.0;0.0
development,3362,ligand_ligand_only,5.15,4.515421419548345,0.0;0.0;0.0;0.0;0.0
development,3363,ligand_ligand_only,5.41,4.68199493200362,0.0;0.0;0.0;0.0;0.0
development,3364,ligand_ligand_only,2.57,3.9811621350450364,0.0;0.0;0.0;0.0;0.0
development,3365,ligand_ligand_only,5.16,4.702082664530391,0.0;0.0;0.0;0.0;0.0
development,3366,ligand_ligand_only,5.22,4.690722090053807,0.0;0.0;0.0;0.0;0.0
development,3367,ligand_ligand_only,5.14,5.73400240372528,0.0;0.0;0.0;0.0;0.0
development,3368,ligand_ligand_only,3.02,3.600218213940762,0.0;0.0;0.0;0.0;0.0
development,3369,ligand_ligand_only,2.96,3.9671949257276378,0.0;0.0;0.0;0.0;0.0
development,3370,ligand_ligand_only,5.88,4.85901435595187,0.0;0.0;0.0;0.0;0.0
development,3371,ligand_ligand_only,3.94,3.967926907085317,0.0;0.0;0.0;0.0;0.0
development,3373,ligand_ligand_only,4.63,4.035421232846828,0.0;0.0;0.0;0.0;0.0
development,3375,ligand_ligand_only,5.63,4.147020176538897,0.0;0.0;0.0;0.0;0.0
development,3376,ligand_ligand_only,3.03,4.084866423572538,0.0;0.0;0.0;0.0;0.0
development,3377,ligand_ligand_only,5.28,5.010800625945887,0.0;0.0;0.0;0.0;0.0
development,3378,ligand_ligand_only,4.45,3.9700106508626956,0.0;0.0;0.0;0.0;0.0
development,3379,ligand_ligand_only,3.37,4.44984413510185,0.0;0.0;0.0;0.0;0.0
development,3380,ligand_ligand_only,5.21,4.344262982681442,0.0;0.0;0.0;0.0;0.0
development,3382,ligand_ligand_only,4.29,4.660409954003713,0.0;0.0;0.0;0.0;0.0
development,3384,ligand_ligand_only,5.61,4.320031141260766,0.0;0.0;0.0;0.0;0.0
development,3385,ligand_ligand_only,5.04,4.7340720619810925,0.0;0.0;0.0;0.0;0.0
development,3386,ligand_ligand_only,4.86,4.086795002002022,0.0;0.0;0.0;0.0;0.0
development,3388,ligand_ligand_only,4.67,4.561391103211491,0.0;0.0;0.0;0.0;0.0
development,3389,ligand_ligand_only,4.34,3.9563567849227157,0.0;0.0;0.0;0.0;0.0
development,3391,ligand_ligand_only,4.63,4.841577869192191,0.0;0.0;0.0;0.0;0.0
development,3392,ligand_ligand_only,1.92,3.570027420007578,0.0;0.0;0.0;0.0;0.0
development,3393,ligand_ligand_only,5.18,4.622570127472134,0.0;0.0;0.0;0.0;0.0
development,3394,ligand_ligand_only,3.64,3.9510949773030797,0.0;0.0;0.0;0.0;0.0
development,3395,ligand_ligand_only,4.58,3.9988401101879196,0.0;0.0;0.0;0.0;0.0
development,3396,ligand_ligand_only,2.53,3.804262673298257,0.0;0.0;0.0;0.0;0.0
development,3397,ligand_ligand_only,4.64,4.17135172876861,0.0;0.0;0.0;0.0;0.0
development,3398,ligand_ligand_only,5.17,5.01850658119661,0.0;0.0;0.0;0.0;0.0
development,3399,ligand_ligand_only,5.19,4.07064152155321,0.0;0.0;0.0;0.0;0.0
development,3400,ligand_ligand_only,4.9,5.238700734703851,0.0;0.0;0.0;0.0;0.0
development,3401,ligand_ligand_only,1.73,4.082859840976848,0.0;0.0;0.0;0.0;0.0
development,3402,ligand_ligand_only,3.93,3.9596359064457207,0.0;0.0;0.0;0.0;0.0
development,3403,ligand_ligand_only,2.83,4.114980469065473,0.0;0.0;0.0;0.0;0.0
development,3404,ligand_ligand_only,4.86,4.663516299246912,0.0;0.0;0.0;0.0;0.0
development,3405,ligand_ligand_only,4.33,4.0129060836440145,0.0;0.0;0.0;0.0;0.0
development,3407,ligand_ligand_only,5.64,4.267519715319909,0.0;0.0;0.0;0.0;0.0
development,3408,ligand_ligand_only,2.83,4.174293318647632,0.0;0.0;0.0;0.0;0.0
development,3409,ligand_ligand_only,4.6,4.572905263092224,0.0;0.0;0.0;0.0;0.0
development,3410,ligand_ligand_only,3.52,3.84679816102905,0.0;0.0;0.0;0.0;0.0
development,3411,ligand_ligand_only,4.26,4.019656798021514,0.0;0.0;0.0;0.0;0.0
development,3413,ligand_ligand_only,4.11,4.200632558622996,0.0;0.0;0.0;0.0;0.0
development,3414,ligand_ligand_only,5.59,4.4339335081507345,0.0;0.0;0.0;0.0;0.0
development,3416,ligand_ligand_only,5.82,4.6919705635886535,0.0;0.0;0.0;0.0;0.0
development,3417,ligand_ligand_only,4.77,4.573139341759785,0.0;0.0;0.0;0.0;0.0
development,3418,ligand_ligand_only,5.54,4.356082605879881,0.0;0.0;0.0;0.0;0.0
development,3419,ligand_ligand_only,1.86,4.351008345917926,0.0;0.0;0.0;0.0;0.0
development,3421,ligand_ligand_only,1.98,4.453446897550919,0.0;0.0;0.0;0.0;0.0
development,3422,ligand_ligand_only,4.86,5.283329289670419,0.0;0.0;0.0;0.0;0.0
development,3423,ligand_ligand_only,3.53,3.8951833166989385,0.0;0.0;0.0;0.0;0.0
development,3424,ligand_ligand_only,5.48,4.232474625263753,0.0;0.0;0.0;0.0;0.0
development,3425,ligand_ligand_only,5.24,4.995175324753458,0.0;0.0;0.0;0.0;0.0
development,3426,ligand_ligand_only,5.11,4.1949122485956645,0.0;0.0;0.0;0.0;0.0
development,3429,ligand_ligand_only,4.63,4.042119236973278,0.0;0.0;0.0;0.0;0.0
development,3430,ligand_ligand_only,4.49,4.960350351279761,0.0;0.0;0.0;0.0;0.0
development,3431,ligand_ligand_only,5.02,5.1519276005780785,0.0;0.0;0.0;0.0;0.0
development,3434,ligand_ligand_only,5.44,4.772766303179569,0.0;0.0;0.0;0.0;0.0
development,3436,ligand_ligand_only,4.21,5.139502793444508,0.0;0.0;0.0;0.0;0.0
development,3437,ligand_ligand_only,2.53,3.8120555944779637,0.0;0.0;0.0;0.0;0.0
development,3438,ligand_ligand_only,3.44,3.8622710310529946,0.0;0.0;0.0;0.0;0.0
development,3439,ligand_ligand_only,4.53,4.335180492253135,0.0;0.0;0.0;0.0;0.0
development,3440,ligand_ligand_only,4.51,4.047287768866481,0.0;0.0;0.0;0.0;0.0
development,3441,ligand_ligand_only,4.0,4.060164885989089,0.0;0.0;0.0;0.0;0.0
development,3442,ligand_ligand_only,3.25,4.959915142171482,0.0;0.0;0.0;0.0;0.0
development,3444,ligand_ligand_only,3.58,4.048612825080253,0.0;0.0;0.0;0.0;0.0
development,3445,ligand_ligand_only,5.49,4.107877381065066,0.0;0.0;0.0;0.0;0.0
development,3446,ligand_ligand_only,4.74,4.2969894777556386,0.0;0.0;0.0;0.0;0.0
development,3447,ligand_ligand_only,4.99,4.2133985454056475,0.0;0.0;0.0;0.0;0.0
development,3448,ligand_ligand_only,3.34,3.878332248568012,0.0;0.0;0.0;0.0;0.0
development,3449,ligand_ligand_only,4.84,4.40802416390286,0.0;0.0;0.0;0.0;0.0
development,3450,ligand_ligand_only,3.4,3.912285787634497,0.0;0.0;0.0;0.0;0.0
development,3452,ligand_ligand_only,5.05,4.640482503924078,0.0;0.0;0.0;0.0;0.0
development,3453,ligand_ligand_only,4.69,4.0215049203555555,0.0;0.0;0.0;0.0;0.0
development,3455,ligand_ligand_only,5.58,4.160172982874021,0.0;0.0;0.0;0.0;0.0
development,3456,ligand_ligand_only,4.05,4.408033622060621,0.0;0.0;0.0;0.0;0.0
development,3457,ligand_ligand_only,4.72,4.240181350258293,0.0;0.0;0.0;0.0;0.0
development,3458,ligand_ligand_only,3.81,3.8216277794886855,0.0;0.0;0.0;0.0;0.0
development,3459,ligand_ligand_only,4.78,4.3582513605564595,0.0;0.0;0.0;0.0;0.0
development,3460,ligand_ligand_only,2.67,3.941994382437366,0.0;0.0;0.0;0.0;0.0
development,3461,ligand_ligand_only,5.46,4.274088498380787,0.0;0.0;0.0;0.0;0.0
development,3462,ligand_ligand_only,4.79,3.934762424225122,0.0;0.0;0.0;0.0;0.0
development,3463,ligand_ligand_only,5.17,4.020505009196596,0.0;0.0;0.0;0.0;0.0
development,3464,ligand_ligand_only,2.67,3.9792397134303217,0.0;0.0;0.0;0.0;0.0
development,3466,ligand_ligand_only,4.55,4.316523252798475,0.0;0.0;0.0;0.0;0.0
development,3467,ligand_ligand_only,4.01,4.329091502639301,0.0;0.0;0.0;0.0;0.0
development,3468,ligand_ligand_only,2.67,3.830345610413221,0.0;0.0;0.0;0.0;0.0
development,3470,ligand_ligand_only,4.5,4.392339368514756,0.0;0.0;0.0;0.0;0.0
development,3471,ligand_ligand_only,4.64,4.4111030087401595,0.0;0.0;0.0;0.0;0.0
development,3472,ligand_ligand_only,6.26,4.664585993863171,0.0;0.0;0.0;0.0;0.0
development,3473,ligand_ligand_only,4.13,4.8208360037790845,0.0;0.0;0.0;0.0;0.0
development,3475,ligand_ligand_only,4.09,3.6696426487627414,0.0;0.0;0.0;0.0;0.0
development,3476,ligand_ligand_only,5.07,4.067229503702373,0.0;0.0;0.0;0.0;0.0
development,3477,ligand_ligand_only,4.74,4.563767787143863,0.0;0.0;0.0;0.0;0.0
development,3478,ligand_ligand_only,2.94,3.788491828927269,0.0;0.0;0.0;0.0;0.0
development,3479,ligand_ligand_only,3.86,4.598526766507602,0.0;0.0;0.0;0.0;0.0
development,3480,ligand_ligand_only,3.79,4.256064276134444,0.0;0.0;0.0;0.0;0.0
development,3481,ligand_ligand_only,4.21,3.6685798732679484,0.0;0.0;0.0;0.0;0.0
development,3482,ligand_ligand_only,4.5,4.360475877533697,0.0;0.0;0.0;0.0;0.0
development,3483,ligand_ligand_only,4.72,3.77734270511947,0.0;0.0;0.0;0.0;0.0
development,3484,ligand_ligand_only,1.76,3.8478147352101404,0.0;0.0;0.0;0.0;0.0
development,3485,ligand_ligand_only,4.45,4.001767151562614,0.0;0.0;0.0;0.0;0.0
development,3486,ligand_ligand_only,2.4,3.8485418024663143,0.0;0.0;0.0;0.0;0.0
development,3487,ligand_ligand_only,5.34,4.978620525596476,0.0;0.0;0.0;0.0;0.0
development,3488,ligand_ligand_only,4.42,4.228057085035413,0.0;0.0;0.0;0.0;0.0
development,3489,ligand_ligand_only,4.94,4.9612464034751875,0.0;0.0;0.0;0.0;0.0
development,3490,ligand_ligand_only,5.65,4.317060041852184,0.0;0.0;0.0;0.0;0.0
development,3491,ligand_ligand_only,4.66,4.3890855857411175,0.0;0.0;0.0;0.0;0.0
development,3492,ligand_ligand_only,3.95,3.980701874583042,0.0;0.0;0.0;0.0;0.0
development,3493,ligand_ligand_only,3.25,4.1982370592485205,0.0;0.0;0.0;0.0;0.0
development,3494,ligand_ligand_only,4.89,4.7866341979178815,0.0;0.0;0.0;0.0;0.0
development,3495,ligand_ligand_only,2.97,3.7239801135163244,0.0;0.0;0.0;0.0;0.0
development,3496,ligand_ligand_only,5.67,4.451182746273692,0.0;0.0;0.0;0.0;0.0
development,3497,ligand_ligand_only,3.85,4.321856942956951,0.0;0.0;0.0;0.0;0.0
development,3499,ligand_ligand_only,3.14,3.7100385036340047,0.0;0.0;0.0;0.0;0.0
development,3501,ligand_ligand_only,4.81,4.180433276880958,0.0;0.0;0.0;0.0;0.0
development,3502,ligand_ligand_only,1.97,3.6584806381349075,0.0;0.0;0.0;0.0;0.0
development,3503,ligand_ligand_only,4.85,4.089366583904411,0.0;0.0;0.0;0.0;0.0
development,3506,ligand_ligand_only,3.79,4.384896706419686,0.0;0.0;0.0;0.0;0.0
development,3507,ligand_ligand_only,2.5,4.274903176577132,0.0;0.0;0.0;0.0;0.0
development,3508,ligand_ligand_only,3.28,3.9231366973054023,0.0;0.0;0.0;0.0;0.0
development,3509,ligand_ligand_only,2.04,5.0212130492930545,0.0;0.0;0.0;0.0;0.0
development,3510,ligand_ligand_only,5.12,4.196778094936342,0.0;0.0;0.0;0.0;0.0
development,3511,ligand_ligand_only,3.33,4.0577492017530545,0.0;0.0;0.0;0.0;0.0
development,3512,ligand_ligand_only,2.53,4.154252111977838,0.0;0.0;0.0;0.0;0.0
development,3513,ligand_ligand_only,5.11,4.6995270234519335,0.0;0.0;0.0;0.0;0.0
development,3514,ligand_ligand_only,4.79,4.169557871009465,0.0;0.0;0.0;0.0;0.0
development,3516,ligand_ligand_only,5.175,4.345603971250858,0.0;0.0;0.0;0.0;0.0
development,3520,ligand_ligand_only,3.88,5.027038400077803,0.0;0.0;0.0;0.0;0.0
development,3522,ligand_ligand_only,4.9,4.146242088911155,0.0;0.0;0.0;0.0;0.0
development,3523,ligand_ligand_only,4.64,4.03203664569202,0.0;0.0;0.0;0.0;0.0
development,3524,ligand_ligand_only,4.57,4.810215111143201,0.0;0.0;0.0;0.0;0.0
development,3525,ligand_ligand_only,2.88,4.162081969028572,0.0;0.0;0.0;0.0;0.0
development,3526,ligand_ligand_only,5.3,4.556451134683676,0.0;0.0;0.0;0.0;0.0
development,3527,ligand_ligand_only,5.1,4.700166513150454,0.0;0.0;0.0;0.0;0.0
development,3528,ligand_ligand_only,5.3,4.809667477468675,0.0;0.0;0.0;0.0;0.0
development,3529,ligand_ligand_only,5.01,4.07653161957213,0.0;0.0;0.0;0.0;0.0
development,3530,ligand_ligand_only,5.05,4.06601149154422,0.0;0.0;0.0;0.0;0.0
development,3531,ligand_ligand_only,5.19,3.8271471466279716,0.0;0.0;0.0;0.0;0.0
development,3533,ligand_ligand_only,5.47,4.391664525076508,0.0;0.0;0.0;0.0;0.0
development,3534,ligand_ligand_only,4.25,4.237340477850171,0.0;0.0;0.0;0.0;0.0
development,3535,ligand_ligand_only,3.78,4.16582977892021,0.0;0.0;0.0;0.0;0.0
development,3537,ligand_ligand_only,2.59,3.310607785506363,0.0;0.0;0.0;0.0;0.0
development,3539,ligand_ligand_only,5.09,4.775644435920371,0.0;0.0;0.0;0.0;0.0
development,3540,ligand_ligand_only,5.17,4.325459891630459,0.0;0.0;0.0;0.0;0.0
development,3541,ligand_ligand_only,4.28,4.457755568824846,0.0;0.0;0.0;0.0;0.0
development,3542,ligand_ligand_only,5.63,4.190510107452709,0.0;0.0;0.0;0.0;0.0
development,3543,ligand_ligand_only,5.55,4.366457057592054,0.0;0.0;0.0;0.0;0.0
development,3544,ligand_ligand_only,4.54,4.06799440927878,0.0;0.0;0.0;0.0;0.0
development,3545,ligand_ligand_only,3.75,3.523245760119675,0.0;0.0;0.0;0.0;0.0
development,3546,ligand_ligand_only,6.22,4.271982605071221,0.0;0.0;0.0;0.0;0.0
development,3548,ligand_ligand_only,4.28,4.45000863787125,0.0;0.0;0.0;0.0;0.0
development,3549,ligand_ligand_only,4.44,3.9001024349640536,0.0;0.0;0.0;0.0;0.0
development,3550,ligand_ligand_only,2.49,3.7293977326537915,0.0;0.0;0.0;0.0;0.0
development,3551,ligand_ligand_only,4.9,3.9200963363349985,0.0;0.0;0.0;0.0;0.0
development,3552,ligand_ligand_only,1.79,4.135385871920595,0.0;0.0;0.0;0.0;0.0
development,3553,ligand_ligand_only,4.15,4.398535480112371,0.0;0.0;0.0;0.0;0.0
development,3554,ligand_ligand_only,6.855,4.3425552764318205,0.0;0.0;0.0;0.0;0.0
development,3555,ligand_ligand_only,4.94,5.041673494446756,0.0;0.0;0.0;0.0;0.0
development,3558,ligand_ligand_only,4.25,3.8630602364278475,0.0;0.0;0.0;0.0;0.0
development,3561,ligand_ligand_only,2.79,3.6064620342681417,0.0;0.0;0.0;0.0;0.0
development,3562,ligand_ligand_only,4.7,4.7907353764492475,0.0;0.0;0.0;0.0;0.0
development,3563,ligand_ligand_only,4.97,3.940136949619136,0.0;0.0;0.0;0.0;0.0
development,3564,ligand_ligand_only,5.925000000000001,4.146274158926217,0.0;0.0;0.0;0.0;0.0
development,3565,ligand_ligand_only,5.62,4.767632916588445,0.0;0.0;0.0;0.0;0.0
development,3568,ligand_ligand_only,2.2,3.643118275905013,0.0;0.0;0.0;0.0;0.0
development,3569,ligand_ligand_only,5.85,4.537072674272843,0.0;0.0;0.0;0.0;0.0
development,3570,ligand_ligand_only,4.64,4.704532257490603,0.0;0.0;0.0;0.0;0.0
development,3571,ligand_ligand_only,5.42,4.632348130497833,0.0;0.0;0.0;0.0;0.0
development,3572,ligand_ligand_only,1.89,4.6968482244180985,0.0;0.0;0.0;0.0;0.0
development,3573,ligand_ligand_only,4.68,4.098945817797798,0.0;0.0;0.0;0.0;0.0
development,3574,ligand_ligand_only,1.82,3.589000508816616,0.0;0.0;0.0;0.0;0.0
development,3575,ligand_ligand_only,4.85,4.248229678029723,0.0;0.0;0.0;0.0;0.0
development,3576,ligand_ligand_only,1.78,4.2696287006397,0.0;0.0;0.0;0.0;0.0
development,3577,ligand_ligand_only,3.58,4.371961205904217,0.0;0.0;0.0;0.0;0.0
development,3578,ligand_ligand_only,4.82,4.219990539000222,0.0;0.0;0.0;0.0;0.0
development,3579,ligand_ligand_only,5.02,4.721485327907046,0.0;0.0;0.0;0.0;0.0
development,3580,ligand_ligand_only,5.11,4.6526349129753095,0.0;0.0;0.0;0.0;0.0
development,3581,ligand_ligand_only,4.71,4.704607781514617,0.0;0.0;0.0;0.0;0.0
development,3582,ligand_ligand_only,2.28,3.937583478216849,0.0;0.0;0.0;0.0;0.0
development,3583,ligand_ligand_only,4.42,3.918863271075552,0.0;0.0;0.0;0.0;0.0
development,3584,ligand_ligand_only,3.28,3.8126414358601854,0.0;0.0;0.0;0.0;0.0
development,3585,ligand_ligand_only,3.68,3.813927683947646,0.0;0.0;0.0;0.0;0.0
development,3586,ligand_ligand_only,5.04,4.76261214956474,0.0;0.0;0.0;0.0;0.0
development,3587,ligand_ligand_only,4.82,5.035357274090822,0.0;0.0;0.0;0.0;0.0
development,3588,ligand_ligand_only,2.54,3.895628679934236,0.0;0.0;0.0;0.0;0.0
development,3589,ligand_ligand_only,2.97,4.362594375687829,0.0;0.0;0.0;0.0;0.0
development,3590,ligand_ligand_only,5.76,5.118873582014847,0.0;0.0;0.0;0.0;0.0
development,3591,ligand_ligand_only,5.15,3.9912436500979203,0.0;0.0;0.0;0.0;0.0
development,3593,ligand_ligand_only,2.02,3.660614906134863,0.0;0.0;0.0;0.0;0.0
development,3594,ligand_ligand_only,5.66,4.763243701944468,0.0;0.0;0.0;0.0;0.0
development,3596,ligand_ligand_only,2.01,2.917317293556966,0.0;0.0;0.0;0.0;0.0
development,3597,ligand_ligand_only,5.09,5.049663317388749,0.0;0.0;0.0;0.0;0.0
development,3598,ligand_ligand_only,2.18,4.08517991003539,0.0;0.0;0.0;0.0;0.0
development,3599,ligand_ligand_only,3.0,4.492155672479824,0.0;0.0;0.0;0.0;0.0
development,3600,ligand_ligand_only,2.2,3.8429863144675775,0.0;0.0;0.0;0.0;0.0
development,3601,ligand_ligand_only,5.01,4.147612090700808,0.0;0.0;0.0;0.0;0.0
development,3602,ligand_ligand_only,4.47,4.119023709587774,0.0;0.0;0.0;0.0;0.0
development,3604,ligand_ligand_only,4.23,4.52911491608102,0.0;0.0;0.0;0.0;0.0
development,3607,ligand_ligand_only,2.57,4.0699080798067735,0.0;0.0;0.0;0.0;0.0
development,3610,ligand_ligand_only,4.87,4.697461334942016,0.0;0.0;0.0;0.0;0.0
development,3611,ligand_ligand_only,4.57,4.60392219389872,0.0;0.0;0.0;0.0;0.0
development,3612,ligand_ligand_only,5.42,4.2076712678688235,0.0;0.0;0.0;0.0;0.0
development,3613,ligand_ligand_only,5.54,4.068168253272379,0.0;0.0;0.0;0.0;0.0
development,3615,ligand_ligand_only,4.4,4.139337528050978,0.0;0.0;0.0;0.0;0.0
development,3616,ligand_ligand_only,4.54,3.88977269332894,0.0;0.0;0.0;0.0;0.0
development,3617,ligand_ligand_only,2.37,3.5556632670939923,0.0;0.0;0.0;0.0;0.0
development,3618,ligand_ligand_only,5.24,3.7983438716413263,0.0;0.0;0.0;0.0;0.0
development,3619,ligand_ligand_only,4.82,4.468742555629548,0.0;0.0;0.0;0.0;0.0
development,3620,ligand_ligand_only,4.7,3.9704372211484102,0.0;0.0;0.0;0.0;0.0
development,3621,ligand_ligand_only,4.7,4.319918466079001,0.0;0.0;0.0;0.0;0.0
development,3622,ligand_ligand_only,2.91,3.9384306013078536,0.0;0.0;0.0;0.0;0.0
development,3625,ligand_ligand_only,5.38,4.472770580875643,0.0;0.0;0.0;0.0;0.0
development,3626,ligand_ligand_only,5.76,4.589692678168038,0.0;0.0;0.0;0.0;0.0
development,3627,ligand_ligand_only,5.404999999999999,4.294781967801064,0.0;0.0;0.0;0.0;0.0
development,3628,ligand_ligand_only,4.43,4.614360329834265,0.0;0.0;0.0;0.0;0.0
development,3629,ligand_ligand_only,2.05,3.7907299669464622,0.0;0.0;0.0;0.0;0.0
development,3630,ligand_ligand_only,5.58,4.84013012266187,0.0;0.0;0.0;0.0;0.0
development,3631,ligand_ligand_only,4.16,3.9736353487526532,0.0;0.0;0.0;0.0;0.0
development,3633,ligand_ligand_only,4.73,4.101537095951023,0.0;0.0;0.0;0.0;0.0
development,3637,ligand_ligand_only,5.45,3.986789722738381,0.0;0.0;0.0;0.0;0.0
development,3638,ligand_ligand_only,4.78,3.7753598113860223,0.0;0.0;0.0;0.0;0.0
development,3639,ligand_ligand_only,5.61,4.519873308369002,0.0;0.0;0.0;0.0;0.0
development,3640,ligand_ligand_only,2.61,3.578626551261295,0.0;0.0;0.0;0.0;0.0
development,3641,ligand_ligand_only,4.65,4.545934652428702,0.0;0.0;0.0;0.0;0.0
development,3642,ligand_ligand_only,5.46,4.087625948239694,0.0;0.0;0.0;0.0;0.0
development,3643,ligand_ligand_only,2.69,3.6206600615322153,0.0;0.0;0.0;0.0;0.0
development,3644,ligand_ligand_only,4.47,4.051379869121744,0.0;0.0;0.0;0.0;0.0
development,3645,ligand_ligand_only,3.5,3.9135188951919186,0.0;0.0;0.0;0.0;0.0
development,3646,ligand_ligand_only,4.85,4.191653564369162,0.0;0.0;0.0;0.0;0.0
development,3647,ligand_ligand_only,4.91,4.525173684186934,0.0;0.0;0.0;0.0;0.0
development,3648,ligand_ligand_only,3.21,3.9110351379233625,0.0;0.0;0.0;0.0;0.0
development,3649,ligand_ligand_only,6.12,4.810899056744709,0.0;0.0;0.0;0.0;0.0
development,3650,ligand_ligand_only,4.53,4.944916613806182,0.0;0.0;0.0;0.0;0.0
development,3651,ligand_ligand_only,1.89,4.625185533316006,0.0;0.0;0.0;0.0;0.0
development,3652,ligand_ligand_only,5.09,4.071459193755292,0.0;0.0;0.0;0.0;0.0
development,3653,ligand_ligand_only,4.1,5.23007802108873,0.0;0.0;0.0;0.0;0.0
development,3654,ligand_ligand_only,4.87,4.3099984331701,0.0;0.0;0.0;0.0;0.0
development,3655,ligand_ligand_only,1.81,3.8124099588652016,0.0;0.0;0.0;0.0;0.0
development,3657,ligand_ligand_only,1.81,3.916353829225958,0.0;0.0;0.0;0.0;0.0
development,3658,ligand_ligand_only,5.83,4.885964234981564,0.0;0.0;0.0;0.0;0.0
development,3659,ligand_ligand_only,3.94,4.107256254847806,0.0;0.0;0.0;0.0;0.0
development,3660,ligand_ligand_only,2.54,4.516557507879258,0.0;0.0;0.0;0.0;0.0
development,3661,ligand_ligand_only,4.83,4.1572824946413585,0.0;0.0;0.0;0.0;0.0
development,3663,ligand_ligand_only,3.73,5.657129646205672,0.0;0.0;0.0;0.0;0.0
development,3664,ligand_ligand_only,4.39,4.368632123336364,0.0;0.0;0.0;0.0;0.0
development,3665,ligand_ligand_only,5.25,3.978687472543093,0.0;0.0;0.0;0.0;0.0
development,3666,ligand_ligand_only,5.84,4.280306013898606,0.0;0.0;0.0;0.0;0.0
development,3668,ligand_ligand_only,3.35,3.976910935279809,0.0;0.0;0.0;0.0;0.0
development,3670,ligand_ligand_only,5.32,4.6357367537177065,0.0;0.0;0.0;0.0;0.0
development,3671,ligand_ligand_only,4.3,4.065826929850856,0.0;0.0;0.0;0.0;0.0
development,3672,ligand_ligand_only,3.94,4.283457092091937,0.0;0.0;0.0;0.0;0.0
development,3674,ligand_ligand_only,5.23,3.8913963120014072,0.0;0.0;0.0;0.0;0.0
development,3675,ligand_ligand_only,4.68,3.695088929017933,0.0;0.0;0.0;0.0;0.0
development,3676,ligand_ligand_only,5.4,5.236150095448171,0.0;0.0;0.0;0.0;0.0
development,3677,ligand_ligand_only,4.46,5.529469253512765,0.0;0.0;0.0;0.0;0.0
development,3678,ligand_ligand_only,5.17,4.328065532745172,0.0;0.0;0.0;0.0;0.0
development,3679,ligand_ligand_only,4.76,4.613265016691638,0.0;0.0;0.0;0.0;0.0
development,3681,ligand_ligand_only,5.01,4.644657797680204,0.0;0.0;0.0;0.0;0.0
development,3682,ligand_ligand_only,2.12,4.096798138345107,0.0;0.0;0.0;0.0;0.0
development,3683,ligand_ligand_only,4.04,4.219407718355876,0.0;0.0;0.0;0.0;0.0
development,3684,ligand_ligand_only,3.69,3.8888605179803184,0.0;0.0;0.0;0.0;0.0
development,3685,ligand_ligand_only,4.99,4.286789614867631,0.0;0.0;0.0;0.0;0.0
development,3687,ligand_ligand_only,5.89,4.800136462052475,0.0;0.0;0.0;0.0;0.0
development,3688,ligand_ligand_only,4.57,4.880689659731122,0.0;0.0;0.0;0.0;0.0
development,3689,ligand_ligand_only,2.05,4.469740986816652,0.0;0.0;0.0;0.0;0.0
development,3690,ligand_ligand_only,3.33,4.058580964899109,0.0;0.0;0.0;0.0;0.0
development,3691,ligand_ligand_only,5.45,3.6502505541615555,0.0;0.0;0.0;0.0;0.0
development,3692,ligand_ligand_only,5.17,3.7693077833043884,0.0;0.0;0.0;0.0;0.0
development,3693,ligand_ligand_only,5.52,4.868311192927748,0.0;0.0;0.0;0.0;0.0
development,3694,ligand_ligand_only,3.31,3.7533983276187364,0.0;0.0;0.0;0.0;0.0
development,3695,ligand_ligand_only,4.91,4.523438122054283,0.0;0.0;0.0;0.0;0.0
development,3696,ligand_ligand_only,4.95,3.7877189265475764,0.0;0.0;0.0;0.0;0.0
development,3697,ligand_ligand_only,5.68,4.017129915158336,0.0;0.0;0.0;0.0;0.0
development,3698,ligand_ligand_only,2.92,4.8521234841490415,0.0;0.0;0.0;0.0;0.0
development,3700,ligand_ligand_only,4.92,4.5183413694835775,0.0;0.0;0.0;0.0;0.0
development,3701,ligand_ligand_only,5.01,5.230932178569576,0.0;0.0;0.0;0.0;0.0
development,3702,ligand_ligand_only,1.86,3.927485266300934,0.0;0.0;0.0;0.0;0.0
development,3703,ligand_ligand_only,2.08,3.846716540741862,0.0;0.0;0.0;0.0;0.0
development,3704,ligand_ligand_only,5.12,4.696606678541252,0.0;0.0;0.0;0.0;0.0
development,3706,ligand_ligand_only,3.39,3.7351983352456575,0.0;0.0;0.0;0.0;0.0
development,3708,ligand_ligand_only,5.29,4.374273812448896,0.0;0.0;0.0;0.0;0.0
development,3709,ligand_ligand_only,2.51,3.868165182597842,0.0;0.0;0.0;0.0;0.0
development,3711,ligand_ligand_only,1.89,3.464243281217416,0.0;0.0;0.0;0.0;0.0
development,3712,ligand_ligand_only,5.88,5.530084500372653,0.0;0.0;0.0;0.0;0.0
development,3713,ligand_ligand_only,5.05,5.404558114401484,0.0;0.0;0.0;0.0;0.0
development,3714,ligand_ligand_only,5.32,4.021308195093471,0.0;0.0;0.0;0.0;0.0
development,3715,ligand_ligand_only,4.12,3.922715551813538,0.0;0.0;0.0;0.0;0.0
development,3716,ligand_ligand_only,5.2,5.448626623171428,0.0;0.0;0.0;0.0;0.0
development,3717,ligand_ligand_only,4.81,3.9551635269285548,0.0;0.0;0.0;0.0;0.0
development,3718,ligand_ligand_only,3.97,3.5166484093825137,0.0;0.0;0.0;0.0;0.0
development,3719,ligand_ligand_only,3.56,4.6725638574915225,0.0;0.0;0.0;0.0;0.0
development,3720,ligand_ligand_only,5.13,4.052724107492397,0.0;0.0;0.0;0.0;0.0
development,3722,ligand_ligand_only,1.7,3.8501695693187163,0.0;0.0;0.0;0.0;0.0
development,3723,ligand_ligand_only,4.01,4.379182509462049,0.0;0.0;0.0;0.0;0.0
development,3724,ligand_ligand_only,4.97,3.8889390372923525,0.0;0.0;0.0;0.0;0.0
development,3725,ligand_ligand_only,4.95,4.6398254601732125,0.0;0.0;0.0;0.0;0.0
development,3726,ligand_ligand_only,3.27,3.989942400455585,0.0;0.0;0.0;0.0;0.0
development,3727,ligand_ligand_only,2.07,3.7319608417551566,0.0;0.0;0.0;0.0;0.0
development,3728,ligand_ligand_only,4.85,4.294904309313835,0.0;0.0;0.0;0.0;0.0
development,3729,ligand_ligand_only,5.18,4.430868551212466,0.0;0.0;0.0;0.0;0.0
development,3730,ligand_ligand_only,5.25,4.583450778317079,0.0;0.0;0.0;0.0;0.0
development,3731,ligand_ligand_only,4.97,4.497293440683338,0.0;0.0;0.0;0.0;0.0
development,3732,ligand_ligand_only,4.88,4.294426206803988,0.0;0.0;0.0;0.0;0.0
development,3733,ligand_ligand_only,1.8,4.061682813048767,0.0;0.0;0.0;0.0;0.0
development,3734,ligand_ligand_only,4.08,4.53052284058015,0.0;0.0;0.0;0.0;0.0
development,3735,ligand_ligand_only,5.029999999999999,4.573762340278787,0.0;0.0;0.0;0.0;0.0
development,3736,ligand_ligand_only,4.56,4.916659900371661,0.0;0.0;0.0;0.0;0.0
development,3737,ligand_ligand_only,5.22,4.376548080263973,0.0;0.0;0.0;0.0;0.0
development,3738,ligand_ligand_only,4.84,4.5249606427717195,0.0;0.0;0.0;0.0;0.0
development,3739,ligand_ligand_only,2.89,4.38564758235145,0.0;0.0;0.0;0.0;0.0
development,3740,ligand_ligand_only,4.55,4.3697192298118495,0.0;0.0;0.0;0.0;0.0
development,3741,ligand_ligand_only,5.47,3.946015699415235,0.0;0.0;0.0;0.0;0.0
development,3742,ligand_ligand_only,1.8,4.3705914966062425,0.0;0.0;0.0;0.0;0.0
development,3744,ligand_ligand_only,4.49,4.156552790891754,0.0;0.0;0.0;0.0;0.0
development,3745,ligand_ligand_only,5.21,3.882734555104545,0.0;0.0;0.0;0.0;0.0
development,3748,ligand_ligand_only,3.53,3.385695883650313,0.0;0.0;0.0;0.0;0.0
development,3749,ligand_ligand_only,5.83,4.885607467369843,0.0;0.0;0.0;0.0;0.0
development,3750,ligand_ligand_only,4.35,3.975191076450753,0.0;0.0;0.0;0.0;0.0
development,3751,ligand_ligand_only,5.11,3.6751192993793067,0.0;0.0;0.0;0.0;0.0
development,3754,ligand_ligand_only,5.27,4.75685104375372,0.0;0.0;0.0;0.0;0.0
development,3756,ligand_ligand_only,2.38,3.992843983956923,0.0;0.0;0.0;0.0;0.0
development,3758,ligand_ligand_only,4.93,4.123111273066847,0.0;0.0;0.0;0.0;0.0
development,3759,ligand_ligand_only,4.89,4.515031984089859,0.0;0.0;0.0;0.0;0.0
development,3760,ligand_ligand_only,4.6,4.795261954823363,0.0;0.0;0.0;0.0;0.0
development,3761,ligand_ligand_only,5.46,5.651498753758051,0.0;0.0;0.0;0.0;0.0
development,3763,ligand_ligand_only,4.47,4.215519482333746,0.0;0.0;0.0;0.0;0.0
development,3764,ligand_ligand_only,4.41,3.985710308464777,0.0;0.0;0.0;0.0;0.0
development,3765,ligand_ligand_only,5.09,4.566262874854797,0.0;0.0;0.0;0.0;0.0
development,3766,ligand_ligand_only,4.63,3.780544861720821,0.0;0.0;0.0;0.0;0.0
development,3767,ligand_ligand_only,4.64,4.198555326020292,0.0;0.0;0.0;0.0;0.0
development,3768,ligand_ligand_only,4.63,4.505814966985565,0.0;0.0;0.0;0.0;0.0
development,3769,ligand_ligand_only,5.02,4.267467338409041,0.0;0.0;0.0;0.0;0.0
development,3770,ligand_ligand_only,5.28,4.692456791925056,0.0;0.0;0.0;0.0;0.0
development,3771,ligand_ligand_only,3.1100000000000003,4.394317236260561,0.0;0.0;0.0;0.0;0.0
development,3772,ligand_ligand_only,5.41,4.24739044091808,0.0;0.0;0.0;0.0;0.0
development,3774,ligand_ligand_only,5.57,4.524740340566952,0.0;0.0;0.0;0.0;0.0
development,3775,ligand_ligand_only,5.5,4.29130865577052,0.0;0.0;0.0;0.0;0.0
development,3776,ligand_ligand_only,2.11,3.8493129001957453,0.0;0.0;0.0;0.0;0.0
development,3777,ligand_ligand_only,1.8,3.919123602975377,0.0;0.0;0.0;0.0;0.0
development,3780,ligand_ligand_only,5.19,4.04076888973454,0.0;0.0;0.0;0.0;0.0
development,3781,ligand_ligand_only,2.64,4.485280644594594,0.0;0.0;0.0;0.0;0.0
development,3783,ligand_ligand_only,4.63,4.201610536443753,0.0;0.0;0.0;0.0;0.0
development,3784,ligand_ligand_only,4.57,5.305240080275436,0.0;0.0;0.0;0.0;0.0
development,3786,ligand_ligand_only,5.19,4.1339547611510925,0.0;0.0;0.0;0.0;0.0
development,3787,ligand_ligand_only,3.67,4.335582649890288,0.0;0.0;0.0;0.0;0.0
development,3788,ligand_ligand_only,4.41,4.185459663988984,0.0;0.0;0.0;0.0;0.0
development,3789,ligand_ligand_only,3.89,4.3852487798937805,0.0;0.0;0.0;0.0;0.0
development,3790,ligand_ligand_only,4.85,4.4727702885123035,0.0;0.0;0.0;0.0;0.0
development,3791,ligand_ligand_only,4.19,4.590979863158722,0.0;0.0;0.0;0.0;0.0
development,3793,ligand_ligand_only,2.42,4.777040159669275,0.0;0.0;0.0;0.0;0.0
development,3794,ligand_ligand_only,5.22,4.831533396401159,0.0;0.0;0.0;0.0;0.0
development,3795,ligand_ligand_only,4.19,4.308809787985881,0.0;0.0;0.0;0.0;0.0
development,3797,ligand_ligand_only,4.39,4.03151446404601,0.0;0.0;0.0;0.0;0.0
development,3798,ligand_ligand_only,3.76,4.611084378780958,0.0;0.0;0.0;0.0;0.0
development,3799,ligand_ligand_only,2.02,2.940618480771641,0.0;0.0;0.0;0.0;0.0
development,3801,ligand_ligand_only,4.98,4.7882516596320865,0.0;0.0;0.0;0.0;0.0
development,3803,ligand_ligand_only,5.2,4.811929010470565,0.0;0.0;0.0;0.0;0.0
development,3804,ligand_ligand_only,4.81,4.335462616655421,0.0;0.0;0.0;0.0;0.0
development,3806,ligand_ligand_only,4.79,4.775076666776669,0.0;0.0;0.0;0.0;0.0
development,3807,ligand_ligand_only,4.53,3.936846982830816,0.0;0.0;0.0;0.0;0.0
development,3808,ligand_ligand_only,5.28,4.278256621940535,0.0;0.0;0.0;0.0;0.0
development,3809,ligand_ligand_only,4.78,3.971861978221962,0.0;0.0;0.0;0.0;0.0
development,3811,ligand_ligand_only,4.5,4.018455829752349,0.0;0.0;0.0;0.0;0.0
development,3812,ligand_ligand_only,4.48,5.038380524941323,0.0;0.0;0.0;0.0;0.0
development,3813,ligand_ligand_only,3.63,4.095056464514269,0.0;0.0;0.0;0.0;0.0
development,3814,ligand_ligand_only,1.87,4.155535607058593,0.0;0.0;0.0;0.0;0.0
development,3815,ligand_ligand_only,4.76,4.184457361291103,0.0;0.0;0.0;0.0;0.0
development,3816,ligand_ligand_only,4.46,4.890902561878392,0.0;0.0;0.0;0.0;0.0
development,3817,ligand_ligand_only,2.94,3.9743229969626865,0.0;0.0;0.0;0.0;0.0
development,3818,ligand_ligand_only,5.12,4.322997799740239,0.0;0.0;0.0;0.0;0.0
development,3819,ligand_ligand_only,4.4,4.425244996250292,0.0;0.0;0.0;0.0;0.0
development,3820,ligand_ligand_only,5.18,4.254630523531421,0.0;0.0;0.0;0.0;0.0
development,3821,ligand_ligand_only,1.77,3.8972205196567113,0.0;0.0;0.0;0.0;0.0
development,3823,ligand_ligand_only,4.87,4.296763240205375,0.0;0.0;0.0;0.0;0.0
development,3824,ligand_ligand_only,4.4,4.496866059631051,0.0;0.0;0.0;0.0;0.0
development,3827,ligand_ligand_only,5.32,4.506429493877089,0.0;0.0;0.0;0.0;0.0
development,3828,ligand_ligand_only,2.51,3.7755978500901772,0.0;0.0;0.0;0.0;0.0
development,3829,ligand_ligand_only,4.43,4.02299906746447,0.0;0.0;0.0;0.0;0.0
development,3830,ligand_ligand_only,3.73,4.193595671305265,0.0;0.0;0.0;0.0;0.0
development,3831,ligand_ligand_only,3.03,3.8903124429302753,0.0;0.0;0.0;0.0;0.0
development,3832,ligand_ligand_only,2.01,3.5441260027525754,0.0;0.0;0.0;0.0;0.0
development,3833,ligand_ligand_only,5.22,4.006066572850837,0.0;0.0;0.0;0.0;0.0
development,3834,ligand_ligand_only,4.26,4.140501585927544,0.0;0.0;0.0;0.0;0.0
development,3836,ligand_ligand_only,2.97,2.8879957234738165,0.0;0.0;0.0;0.0;0.0
development,3837,ligand_ligand_only,5.07,4.194509272938479,0.0;0.0;0.0;0.0;0.0
development,3838,ligand_ligand_only,5.22,4.574965672843697,0.0;0.0;0.0;0.0;0.0
development,3839,ligand_ligand_only,5.26,4.129757139658801,0.0;0.0;0.0;0.0;0.0
development,3840,ligand_ligand_only,4.36,4.155573986236919,0.0;0.0;0.0;0.0;0.0
development,3842,ligand_ligand_only,5.6,4.020253229781112,0.0;0.0;0.0;0.0;0.0
development,3844,ligand_ligand_only,5.48,3.908697850536063,0.0;0.0;0.0;0.0;0.0
development,3845,ligand_ligand_only,5.02,4.623437233384979,0.0;0.0;0.0;0.0;0.0
development,3846,ligand_ligand_only,4.19,4.1581642135093455,0.0;0.0;0.0;0.0;0.0
development,3848,ligand_ligand_only,4.4,5.192909112259135,0.0;0.0;0.0;0.0;0.0
development,3849,ligand_ligand_only,4.08,4.303191336765089,0.0;0.0;0.0;0.0;0.0
development,3850,ligand_ligand_only,4.69,4.245683377206252,0.0;0.0;0.0;0.0;0.0
development,3851,ligand_ligand_only,4.29,4.0084645188221835,0.0;0.0;0.0;0.0;0.0
development,3852,ligand_ligand_only,5.35,4.722977220366791,0.0;0.0;0.0;0.0;0.0
development,3853,ligand_ligand_only,2.54,4.220343675097042,0.0;0.0;0.0;0.0;0.0
development,3854,ligand_ligand_only,5.8100000000000005,4.640227607797727,0.0;0.0;0.0;0.0;0.0
development,3855,ligand_ligand_only,2.37,4.0657062471473955,0.0;0.0;0.0;0.0;0.0
development,3856,ligand_ligand_only,5.59,4.681609898400117,0.0;0.0;0.0;0.0;0.0
development,3857,ligand_ligand_only,3.11,4.510036271399872,0.0;0.0;0.0;0.0;0.0
development,3858,ligand_ligand_only,4.94,4.479660491295927,0.0;0.0;0.0;0.0;0.0
development,3859,ligand_ligand_only,1.92,3.8177863625131945,0.0;0.0;0.0;0.0;0.0
development,3860,ligand_ligand_only,1.99,4.88087402262051,0.0;0.0;0.0;0.0;0.0
development,3862,ligand_ligand_only,5.17,4.535314603127415,0.0;0.0;0.0;0.0;0.0
development,3863,ligand_ligand_only,4.26,4.287963499331786,0.0;0.0;0.0;0.0;0.0
development,3865,ligand_ligand_only,1.87,3.788178171151471,0.0;0.0;0.0;0.0;0.0
development,3866,ligand_ligand_only,4.18,4.547437521629362,0.0;0.0;0.0;0.0;0.0
development,3867,ligand_ligand_only,5.09,5.2865348112426105,0.0;0.0;0.0;0.0;0.0
development,3869,ligand_ligand_only,4.4,4.621514022677442,0.0;0.0;0.0;0.0;0.0
development,3871,ligand_ligand_only,4.38,4.483344588764156,0.0;0.0;0.0;0.0;0.0
development,3873,ligand_ligand_only,4.8,4.274263596701598,0.0;0.0;0.0;0.0;0.0
development,3876,ligand_ligand_only,5.21,4.548177339778097,0.0;0.0;0.0;0.0;0.0
development,3877,ligand_ligand_only,6.46,5.273117477703266,0.0;0.0;0.0;0.0;0.0
development,3878,ligand_ligand_only,5.7,4.269348296346632,0.0;0.0;0.0;0.0;0.0
development,3879,ligand_ligand_only,3.53,4.140132302126008,0.0;0.0;0.0;0.0;0.0
development,3880,ligand_ligand_only,4.08,3.992539934982122,0.0;0.0;0.0;0.0;0.0
development,3881,ligand_ligand_only,4.66,4.105157046587415,0.0;0.0;0.0;0.0;0.0
development,3882,ligand_ligand_only,5.555,4.787316478385298,0.0;0.0;0.0;0.0;0.0
development,3883,ligand_ligand_only,4.77,4.489116095265526,0.0;0.0;0.0;0.0;0.0
development,3884,ligand_ligand_only,2.54,4.382750033416767,0.0;0.0;0.0;0.0;0.0
development,3885,ligand_ligand_only,5.28,4.2195374493901525,0.0;0.0;0.0;0.0;0.0
development,3886,ligand_ligand_only,3.0,3.5844329846334526,0.0;0.0;0.0;0.0;0.0
development,3887,ligand_ligand_only,3.87,4.190380326891384,0.0;0.0;0.0;0.0;0.0
development,3888,ligand_ligand_only,5.23,3.9524474397374574,0.0;0.0;0.0;0.0;0.0
development,3889,ligand_ligand_only,4.89,4.190568374106435,0.0;0.0;0.0;0.0;0.0
development,3890,ligand_ligand_only,5.53,4.1500865478575175,0.0;0.0;0.0;0.0;0.0
development,3892,ligand_ligand_only,1.74,4.367018758030268,0.0;0.0;0.0;0.0;0.0
development,3893,ligand_ligand_only,3.9,4.476903390853156,0.0;0.0;0.0;0.0;0.0
development,3894,ligand_ligand_only,5.6,4.591153002400768,0.0;0.0;0.0;0.0;0.0
development,3895,ligand_ligand_only,2.32,3.8769198595020393,0.0;0.0;0.0;0.0;0.0
development,3896,ligand_ligand_only,4.51,4.215080785765625,0.0;0.0;0.0;0.0;0.0
development,3897,ligand_ligand_only,3.0,3.9242270206064314,0.0;0.0;0.0;0.0;0.0
development,3898,ligand_ligand_only,3.9,4.409756962295814,0.0;0.0;0.0;0.0;0.0
development,3899,ligand_ligand_only,4.2,4.02078605882576,0.0;0.0;0.0;0.0;0.0
development,3900,ligand_ligand_only,4.95,5.14734404039887,0.0;0.0;0.0;0.0;0.0
development,3901,ligand_ligand_only,4.04,4.1135825257533405,0.0;0.0;0.0;0.0;0.0
development,3902,ligand_ligand_only,4.12,4.651880410637006,0.0;0.0;0.0;0.0;0.0
development,3903,ligand_ligand_only,4.92,5.571688062212287,0.0;0.0;0.0;0.0;0.0
development,3904,ligand_ligand_only,4.58,4.264099846799716,0.0;0.0;0.0;0.0;0.0
development,3905,ligand_ligand_only,5.2,3.8907937486106947,0.0;0.0;0.0;0.0;0.0
development,3906,ligand_ligand_only,2.62,3.761966010187627,0.0;0.0;0.0;0.0;0.0
development,3907,ligand_ligand_only,1.98,3.8169865525034696,0.0;0.0;0.0;0.0;0.0
development,3908,ligand_ligand_only,3.97,4.157262272856429,0.0;0.0;0.0;0.0;0.0
development,3909,ligand_ligand_only,4.7,4.513057624283761,0.0;0.0;0.0;0.0;0.0
development,3911,ligand_ligand_only,5.2,4.658854972666712,0.0;0.0;0.0;0.0;0.0
development,3912,ligand_ligand_only,4.57,4.261691089157881,0.0;0.0;0.0;0.0;0.0
development,3913,ligand_ligand_only,2.51,3.7947674785761194,0.0;0.0;0.0;0.0;0.0
development,3915,ligand_ligand_only,2.97,3.868398615147034,0.0;0.0;0.0;0.0;0.0
development,3916,ligand_ligand_only,1.79,4.595375684110919,0.0;0.0;0.0;0.0;0.0
development,3917,ligand_ligand_only,5.35,4.237271149821865,0.0;0.0;0.0;0.0;0.0
development,3918,ligand_ligand_only,3.23,3.9682216765300162,0.0;0.0;0.0;0.0;0.0
development,3919,ligand_ligand_only,4.5,4.199417684095758,0.0;0.0;0.0;0.0;0.0
development,3920,ligand_ligand_only,1.73,4.593244686936097,0.0;0.0;0.0;0.0;0.0
development,3921,ligand_ligand_only,4.58,4.470139947019596,0.0;0.0;0.0;0.0;0.0
development,3922,ligand_ligand_only,2.88,3.768459606302292,0.0;0.0;0.0;0.0;0.0
development,3923,ligand_ligand_only,3.19,3.810273958423033,0.0;0.0;0.0;0.0;0.0
development,3924,ligand_ligand_only,5.29,4.495914961553737,0.0;0.0;0.0;0.0;0.0
development,3925,ligand_ligand_only,1.75,3.897005832662343,0.0;0.0;0.0;0.0;0.0
development,3926,ligand_ligand_only,2.36,4.237280501310598,0.0;0.0;0.0;0.0;0.0
development,3928,ligand_ligand_only,6.015000000000001,4.7661497407284035,0.0;0.0;0.0;0.0;0.0
development,3930,ligand_ligand_only,4.57,4.670852769207459,0.0;0.0;0.0;0.0;0.0
development,3933,ligand_ligand_only,4.65,4.360291850299556,0.0;0.0;0.0;0.0;0.0
development,3934,ligand_ligand_only,2.76,4.286865983761325,0.0;0.0;0.0;0.0;0.0
development,3935,ligand_ligand_only,4.13,4.611727461186856,0.0;0.0;0.0;0.0;0.0
development,3936,ligand_ligand_only,5.0,4.664273709473956,0.0;0.0;0.0;0.0;0.0
development,3937,ligand_ligand_only,5.55,5.047046916827939,0.0;0.0;0.0;0.0;0.0
development,3938,ligand_ligand_only,3.96,3.987615509255639,0.0;0.0;0.0;0.0;0.0
development,3939,ligand_ligand_only,1.77,4.163728793362869,0.0;0.0;0.0;0.0;0.0
development,3940,ligand_ligand_only,5.16,4.488119667278997,0.0;0.0;0.0;0.0;0.0
development,3941,ligand_ligand_only,5.83,4.38220691862764,0.0;0.0;0.0;0.0;0.0
development,3942,ligand_ligand_only,4.78,3.9662115737848156,0.0;0.0;0.0;0.0;0.0
development,3944,ligand_ligand_only,5.04,4.005618268370366,0.0;0.0;0.0;0.0;0.0
development,3945,ligand_ligand_only,2.61,3.4832974401436285,0.0;0.0;0.0;0.0;0.0
development,3946,ligand_ligand_only,4.72,4.302966741887268,0.0;0.0;0.0;0.0;0.0
development,3948,ligand_ligand_only,5.04,3.931213133047401,0.0;0.0;0.0;0.0;0.0
development,3949,ligand_ligand_only,4.11,4.0704701319765535,0.0;0.0;0.0;0.0;0.0
development,3950,ligand_ligand_only,5.41,5.4150878710740455,0.0;0.0;0.0;0.0;0.0
development,3951,ligand_ligand_only,3.43,4.062544179236074,0.0;0.0;0.0;0.0;0.0
development,3952,ligand_ligand_only,4.95,4.530891780319105,0.0;0.0;0.0;0.0;0.0
development,3953,ligand_ligand_only,2.26,4.350772914197107,0.0;0.0;0.0;0.0;0.0
development,3955,ligand_ligand_only,4.67,4.318775415178606,0.0;0.0;0.0;0.0;0.0
development,3956,ligand_ligand_only,4.5,4.294702703432927,0.0;0.0;0.0;0.0;0.0
development,3957,ligand_ligand_only,4.93,3.9082684890064456,0.0;0.0;0.0;0.0;0.0
development,3958,ligand_ligand_only,3.58,4.226114821180366,0.0;0.0;0.0;0.0;0.0
development,3959,ligand_ligand_only,6.140000000000001,4.821583759984782,0.0;0.0;0.0;0.0;0.0
development,3960,ligand_ligand_only,5.05,4.1121227803397575,0.0;0.0;0.0;0.0;0.0
development,3961,ligand_ligand_only,4.18,4.171914625161974,0.0;0.0;0.0;0.0;0.0
development,3962,ligand_ligand_only,3.62,4.1135004673587785,0.0;0.0;0.0;0.0;0.0
development,3963,ligand_ligand_only,4.15,4.37284003220272,0.0;0.0;0.0;0.0;0.0
development,3964,ligand_ligand_only,4.88,4.315508868872942,0.0;0.0;0.0;0.0;0.0
development,3965,ligand_ligand_only,4.52,3.78420976945668,0.0;0.0;0.0;0.0;0.0
development,3966,ligand_ligand_only,3.29,4.328008851882602,0.0;0.0;0.0;0.0;0.0
development,3967,ligand_ligand_only,4.63,3.9162660835411742,0.0;0.0;0.0;0.0;0.0
development,3968,ligand_ligand_only,2.59,3.9197389339933055,0.0;0.0;0.0;0.0;0.0
development,3969,ligand_ligand_only,2.28,3.6897018551187224,0.0;0.0;0.0;0.0;0.0
development,3971,ligand_ligand_only,5.58,4.827500345775821,0.0;0.0;0.0;0.0;0.0
development,3972,ligand_ligand_only,4.11,5.129466456115584,0.0;0.0;0.0;0.0;0.0
development,3973,ligand_ligand_only,1.96,3.6923502643312194,0.0;0.0;0.0;0.0;0.0
development,3974,ligand_ligand_only,5.915,5.348395043733088,0.0;0.0;0.0;0.0;0.0
development,3975,ligand_ligand_only,4.22,5.088221759203793,0.0;0.0;0.0;0.0;0.0
development,3976,ligand_ligand_only,1.76,4.154196299181299,0.0;0.0;0.0;0.0;0.0
development,3977,ligand_ligand_only,5.005,5.061470785903158,0.0;0.0;0.0;0.0;0.0
development,3978,ligand_ligand_only,5.15,4.01766607523247,0.0;0.0;0.0;0.0;0.0
development,3979,ligand_ligand_only,4.56,4.870362293734888,0.0;0.0;0.0;0.0;0.0
development,3980,ligand_ligand_only,2.45,4.217527579274439,0.0;0.0;0.0;0.0;0.0
development,3981,ligand_ligand_only,6.115,4.20659877876834,0.0;0.0;0.0;0.0;0.0
development,3982,ligand_ligand_only,4.68,4.179259126840096,0.0;0.0;0.0;0.0;0.0
development,3983,ligand_ligand_only,5.13,4.781812081589177,0.0;0.0;0.0;0.0;0.0
development,3985,ligand_ligand_only,1.91,3.883290817955173,0.0;0.0;0.0;0.0;0.0
development,3987,ligand_ligand_only,4.87,4.308552310846358,0.0;0.0;0.0;0.0;0.0
development,3988,ligand_ligand_only,3.64,4.0735556484433335,0.0;0.0;0.0;0.0;0.0
development,3989,ligand_ligand_only,5.39,4.462149838939348,0.0;0.0;0.0;0.0;0.0
development,3990,ligand_ligand_only,2.39,3.9049653627214127,0.0;0.0;0.0;0.0;0.0
development,3991,ligand_ligand_only,4.46,4.212167710268659,0.0;0.0;0.0;0.0;0.0
development,3992,ligand_ligand_only,5.76,4.577127558260733,0.0;0.0;0.0;0.0;0.0
development,3993,ligand_ligand_only,3.4,4.180481418965152,0.0;0.0;0.0;0.0;0.0
development,3994,ligand_ligand_only,4.5,4.757091428081765,0.0;0.0;0.0;0.0;0.0
development,3995,ligand_ligand_only,5.41,4.498994424701631,0.0;0.0;0.0;0.0;0.0
development,3996,ligand_ligand_only,3.62,4.013081391376495,0.0;0.0;0.0;0.0;0.0
development,3997,ligand_ligand_only,3.55,4.915228490123021,0.0;0.0;0.0;0.0;0.0
development,3998,ligand_ligand_only,4.6,4.125670983840901,0.0;0.0;0.0;0.0;0.0
development,3999,ligand_ligand_only,5.02,3.987499892382522,0.0;0.0;0.0;0.0;0.0
development,4000,ligand_ligand_only,3.36,3.79001887936662,0.0;0.0;0.0;0.0;0.0
development,4001,ligand_ligand_only,2.89,3.8606202814134094,0.0;0.0;0.0;0.0;0.0
development,4002,ligand_ligand_only,3.63,4.379845102515648,0.0;0.0;0.0;0.0;0.0
development,4003,ligand_ligand_only,6.02,4.747740153460645,0.0;0.0;0.0;0.0;0.0
development,4004,ligand_ligand_only,4.34,3.890944915043295,0.0;0.0;0.0;0.0;0.0
development,4005,ligand_ligand_only,5.4,4.479210152353907,0.0;0.0;0.0;0.0;0.0
development,4006,ligand_ligand_only,3.85,4.348225339386508,0.0;0.0;0.0;0.0;0.0
development,4007,ligand_ligand_only,5.37,4.104207094671436,0.0;0.0;0.0;0.0;0.0
development,4009,ligand_ligand_only,4.61,4.14594829159223,0.0;0.0;0.0;0.0;0.0
development,4010,ligand_ligand_only,2.73,2.861698569548225,0.0;0.0;0.0;0.0;0.0
development,4011,ligand_ligand_only,5.16,3.9260475864353683,0.0;0.0;0.0;0.0;0.0
development,4012,ligand_ligand_only,5.06,4.08434528991147,0.0;0.0;0.0;0.0;0.0
development,4015,ligand_ligand_only,4.07,4.421897508612921,0.0;0.0;0.0;0.0;0.0
development,4016,ligand_ligand_only,4.09,4.3125129447060795,0.0;0.0;0.0;0.0;0.0
development,4017,ligand_ligand_only,4.98,4.180769797452992,0.0;0.0;0.0;0.0;0.0
development,4018,ligand_ligand_only,4.26,4.397110577235216,0.0;0.0;0.0;0.0;0.0
development,4019,ligand_ligand_only,5.52,4.585182082739902,0.0;0.0;0.0;0.0;0.0
development,4020,ligand_ligand_only,4.87,4.541273329944433,0.0;0.0;0.0;0.0;0.0
development,4021,ligand_ligand_only,4.39,4.254178320191778,0.0;0.0;0.0;0.0;0.0
development,4022,ligand_ligand_only,4.17,4.529818310415331,0.0;0.0;0.0;0.0;0.0
development,4023,ligand_ligand_only,5.0,4.312587786315107,0.0;0.0;0.0;0.0;0.0
development,4024,ligand_ligand_only,4.62,4.221548627226148,0.0;0.0;0.0;0.0;0.0
development,4025,ligand_ligand_only,5.25,4.120901482341976,0.0;0.0;0.0;0.0;0.0
development,4026,ligand_ligand_only,4.77,4.6326318075005775,0.0;0.0;0.0;0.0;0.0
development,4027,ligand_ligand_only,2.55,4.215144831151412,0.0;0.0;0.0;0.0;0.0
development,4028,ligand_ligand_only,2.97,3.8816566432342343,0.0;0.0;0.0;0.0;0.0
development,4029,ligand_ligand_only,4.74,3.800031313053152,0.0;0.0;0.0;0.0;0.0
development,4030,ligand_ligand_only,4.62,4.418471006507689,0.0;0.0;0.0;0.0;0.0
development,4031,ligand_ligand_only,2.06,3.8588881477982677,0.0;0.0;0.0;0.0;0.0
development,4033,ligand_ligand_only,5.77,5.156279945299641,0.0;0.0;0.0;0.0;0.0
development,4034,ligand_ligand_only,5.42,4.444668788903041,0.0;0.0;0.0;0.0;0.0
development,4035,ligand_ligand_only,4.85,4.694380845527833,0.0;0.0;0.0;0.0;0.0
development,4036,ligand_ligand_only,5.6,4.150223490846235,0.0;0.0;0.0;0.0;0.0
development,4038,ligand_ligand_only,3.81,4.766420729408761,0.0;0.0;0.0;0.0;0.0
development,4039,ligand_ligand_only,4.74,4.6636151400921735,0.0;0.0;0.0;0.0;0.0
development,4040,ligand_ligand_only,3.54,3.8336401455156177,0.0;0.0;0.0;0.0;0.0
development,4041,ligand_ligand_only,2.99,3.873428153055051,0.0;0.0;0.0;0.0;0.0
development,4042,ligand_ligand_only,3.0,4.831316653332301,0.0;0.0;0.0;0.0;0.0
development,4043,ligand_ligand_only,6.22,4.391073190099798,0.0;0.0;0.0;0.0;0.0
development,4044,ligand_ligand_only,4.04,4.034683507358303,0.0;0.0;0.0;0.0;0.0
development,4045,ligand_ligand_only,1.74,4.007929230712522,0.0;0.0;0.0;0.0;0.0
development,4046,ligand_ligand_only,4.64,4.918685117679333,0.0;0.0;0.0;0.0;0.0
development,4047,ligand_ligand_only,6.34,4.912413748909458,0.0;0.0;0.0;0.0;0.0
development,4048,ligand_ligand_only,2.5,3.648238807511385,0.0;0.0;0.0;0.0;0.0
development,4050,ligand_ligand_only,3.53,4.226990651381888,0.0;0.0;0.0;0.0;0.0
development,4051,ligand_ligand_only,2.67,3.8028678685578026,0.0;0.0;0.0;0.0;0.0
development,4052,ligand_ligand_only,4.82,3.9604253468464012,0.0;0.0;0.0;0.0;0.0
development,4053,ligand_ligand_only,5.19,4.353892948431888,0.0;0.0;0.0;0.0;0.0
development,4054,ligand_ligand_only,5.43,4.173764417605787,0.0;0.0;0.0;0.0;0.0
development,4055,ligand_ligand_only,2.76,4.097012248055387,0.0;0.0;0.0;0.0;0.0
development,4056,ligand_ligand_only,1.95,4.109148154813136,0.0;0.0;0.0;0.0;0.0
development,4057,ligand_ligand_only,4.79,4.220861309508953,0.0;0.0;0.0;0.0;0.0
development,4058,ligand_ligand_only,5.78,4.571216441685824,0.0;0.0;0.0;0.0;0.0
development,4059,ligand_ligand_only,4.93,4.23607854276735,0.0;0.0;0.0;0.0;0.0
development,4061,ligand_ligand_only,5.91,4.365027322306452,0.0;0.0;0.0;0.0;0.0
development,4062,ligand_ligand_only,4.39,3.9916078829906017,0.0;0.0;0.0;0.0;0.0
development,4064,ligand_ligand_only,4.98,4.493486592585444,0.0;0.0;0.0;0.0;0.0
development,4066,ligand_ligand_only,4.89,4.489264009755051,0.0;0.0;0.0;0.0;0.0
development,4067,ligand_ligand_only,5.82,4.2322869341412925,0.0;0.0;0.0;0.0;0.0
development,4068,ligand_ligand_only,5.74,4.855190578068655,0.0;0.0;0.0;0.0;0.0
development,4069,ligand_ligand_only,4.45,3.9082347007251284,0.0;0.0;0.0;0.0;0.0
development,4070,ligand_ligand_only,5.29,4.090162109058572,0.0;0.0;0.0;0.0;0.0
development,4071,ligand_ligand_only,4.72,4.111809607742304,0.0;0.0;0.0;0.0;0.0
development,4072,ligand_ligand_only,1.82,4.319877330949207,0.0;0.0;0.0;0.0;0.0
development,4073,ligand_ligand_only,2.65,4.406342059787273,0.0;0.0;0.0;0.0;0.0
development,4074,ligand_ligand_only,1.78,3.837465067766525,0.0;0.0;0.0;0.0;0.0
development,4075,ligand_ligand_only,5.46,3.933255509379136,0.0;0.0;0.0;0.0;0.0
development,4076,ligand_ligand_only,4.43,5.031699082927723,0.0;0.0;0.0;0.0;0.0
development,4077,ligand_ligand_only,5.71,5.243350436990414,0.0;0.0;0.0;0.0;0.0
development,4079,ligand_ligand_only,5.05,4.646643182348015,0.0;0.0;0.0;0.0;0.0
development,4080,ligand_ligand_only,5.18,4.894031690159001,0.0;0.0;0.0;0.0;0.0
development,4081,ligand_ligand_only,5.13,4.260730470500824,0.0;0.0;0.0;0.0;0.0
development,4082,ligand_ligand_only,6.43,4.5068586010671305,0.0;0.0;0.0;0.0;0.0
development,4083,ligand_ligand_only,5.43,5.15644647135103,0.0;0.0;0.0;0.0;0.0
development,4084,ligand_ligand_only,4.71,4.4926042898163825,0.0;0.0;0.0;0.0;0.0
development,4085,ligand_ligand_only,4.15,4.317898878087618,0.0;0.0;0.0;0.0;0.0
development,4086,ligand_ligand_only,3.92,4.074402356439937,0.0;0.0;0.0;0.0;0.0
development,4088,ligand_ligand_only,5.56,5.064684340130768,0.0;0.0;0.0;0.0;0.0
development,4089,ligand_ligand_only,5.34,4.608057030638615,0.0;0.0;0.0;0.0;0.0
development,4090,ligand_ligand_only,3.98,4.018854047557466,0.0;0.0;0.0;0.0;0.0
development,4092,ligand_ligand_only,2.45,5.373308895051608,0.0;0.0;0.0;0.0;0.0
development,4093,ligand_ligand_only,4.94,4.369435024758367,0.0;0.0;0.0;0.0;0.0
development,4094,ligand_ligand_only,5.64,4.409633562143999,0.0;0.0;0.0;0.0;0.0
development,4095,ligand_ligand_only,4.79,4.118277197593728,0.0;0.0;0.0;0.0;0.0
development,4097,ligand_ligand_only,4.68,3.8561719992103516,0.0;0.0;0.0;0.0;0.0
development,4098,ligand_ligand_only,5.27,3.956575230448489,0.0;0.0;0.0;0.0;0.0
development,4099,ligand_ligand_only,2.61,4.122625250692531,0.0;0.0;0.0;0.0;0.0
development,4101,ligand_ligand_only,2.49,4.099051539067559,0.0;0.0;0.0;0.0;0.0
development,4102,ligand_ligand_only,2.95,3.441069209446181,0.0;0.0;0.0;0.0;0.0
development,4103,ligand_ligand_only,6.69,4.74746656007147,0.0;0.0;0.0;0.0;0.0
development,4104,ligand_ligand_only,5.03,5.327746551454795,0.0;0.0;0.0;0.0;0.0
development,4105,ligand_ligand_only,5.58,4.436551576378135,0.0;0.0;0.0;0.0;0.0
development,4106,ligand_ligand_only,4.45,4.333687943388267,0.0;0.0;0.0;0.0;0.0
development,4107,ligand_ligand_only,3.26,4.621628671594106,0.0;0.0;0.0;0.0;0.0
development,4109,ligand_ligand_only,5.39,4.650474873711461,0.0;0.0;0.0;0.0;0.0
development,4111,ligand_ligand_only,4.92,4.607028566649749,0.0;0.0;0.0;0.0;0.0
development,4112,ligand_ligand_only,4.32,4.256483106267868,0.0;0.0;0.0;0.0;0.0
development,4113,ligand_ligand_only,2.92,3.9442047006669725,0.0;0.0;0.0;0.0;0.0
development,4114,ligand_ligand_only,1.88,3.8844755300614713,0.0;0.0;0.0;0.0;0.0
development,4115,ligand_ligand_only,4.82,4.4316544809703435,0.0;0.0;0.0;0.0;0.0
development,4116,ligand_ligand_only,4.41,3.7665350830397837,0.0;0.0;0.0;0.0;0.0
development,4117,ligand_ligand_only,6.14,4.301769463541047,0.0;0.0;0.0;0.0;0.0
development,4118,ligand_ligand_only,5.14,4.549705130331104,0.0;0.0;0.0;0.0;0.0
development,4119,ligand_ligand_only,4.86,4.4148614955297685,0.0;0.0;0.0;0.0;0.0
development,4120,ligand_ligand_only,5.39,4.281097368264464,0.0;0.0;0.0;0.0;0.0
development,4121,ligand_ligand_only,4.33,4.574941364355141,0.0;0.0;0.0;0.0;0.0
development,4122,ligand_ligand_only,3.14,4.525766279957842,0.0;0.0;0.0;0.0;0.0
development,4123,ligand_ligand_only,3.62,3.9704315362073084,0.0;0.0;0.0;0.0;0.0
development,4124,ligand_ligand_only,4.84,4.3701089210218536,0.0;0.0;0.0;0.0;0.0
development,4126,ligand_ligand_only,3.07,4.056619437697316,0.0;0.0;0.0;0.0;0.0
development,4127,ligand_ligand_only,4.875,4.684030778825,0.0;0.0;0.0;0.0;0.0
development,4128,ligand_ligand_only,4.64,4.506673971142888,0.0;0.0;0.0;0.0;0.0
development,4129,ligand_ligand_only,4.89,4.335485828809564,0.0;0.0;0.0;0.0;0.0
development,4130,ligand_ligand_only,3.01,3.804478848421865,0.0;0.0;0.0;0.0;0.0
development,4131,ligand_ligand_only,5.2,5.217353905723473,0.0;0.0;0.0;0.0;0.0
development,4132,ligand_ligand_only,4.35,4.451141539763335,0.0;0.0;0.0;0.0;0.0
validation,0,ligand_ligand_only,5.27,4.422871605964432,0.0
validation,2,ligand_ligand_only,2.54,3.592475484105371,0.0
validation,10,ligand_ligand_only,6.16,5.086930804165514,0.0
validation,11,ligand_ligand_only,1.73,3.7887438383244456,0.0
validation,38,ligand_ligand_only,3.41,4.128412862416787,0.0
validation,39,ligand_ligand_only,3.19,4.495722214415518,0.0
validation,41,ligand_ligand_only,4.01,3.7250437564443977,0.0
validation,42,ligand_ligand_only,1.83,3.563806066904037,0.0
validation,46,ligand_ligand_only,4.8,3.995535401334079,0.0
validation,60,ligand_ligand_only,5.67,4.803062377359503,0.0
validation,62,ligand_ligand_only,2.19,3.4645377091992184,0.0
validation,71,ligand_ligand_only,5.42,3.9723847458305173,0.0
validation,72,ligand_ligand_only,4.57,3.844738745955985,0.0
validation,79,ligand_ligand_only,5.06,5.058974047583432,0.0
validation,80,ligand_ligand_only,5.18,4.522406577956316,0.0
validation,84,ligand_ligand_only,4.91,3.9971675278296503,0.0
validation,85,ligand_ligand_only,5.08,3.972451382512234,0.0
validation,87,ligand_ligand_only,4.31,4.273815196301973,0.0
validation,88,ligand_ligand_only,4.76,4.680782379380332,0.0
validation,98,ligand_ligand_only,4.08,4.2483080072827875,0.0
validation,103,ligand_ligand_only,5.05,4.463796213316279,0.0
validation,107,ligand_ligand_only,3.27,3.9297260076545473,0.0
validation,110,ligand_ligand_only,4.47,4.181531287659583,0.0
validation,112,ligand_ligand_only,5.25,4.0103161672038175,0.0
validation,117,ligand_ligand_only,3.33,3.917378621149175,0.0
validation,134,ligand_ligand_only,4.48,4.184785767908415,0.0
validation,137,ligand_ligand_only,5.42,5.309541915249209,0.0
validation,144,ligand_ligand_only,5.3,4.634692392353999,0.0
validation,145,ligand_ligand_only,4.65,4.8993286879487306,0.0
validation,151,ligand_ligand_only,4.61,4.861516622890949,0.0
validation,153,ligand_ligand_only,5.2,3.8055702750930243,0.0
validation,155,ligand_ligand_only,5.19,3.7786407228928254,0.0
validation,156,ligand_ligand_only,4.78,4.589114479269895,0.0
validation,160,ligand_ligand_only,5.15,4.01284612409529,0.0
validation,188,ligand_ligand_only,5.44,4.912978651575262,0.0
validation,192,ligand_ligand_only,5.08,3.662745759438562,0.0
validation,195,ligand_ligand_only,5.36,4.059947241994086,0.0
validation,199,ligand_ligand_only,5.69,4.245987136613511,0.0
validation,200,ligand_ligand_only,5.37,3.920484494764521,0.0
validation,202,ligand_ligand_only,4.4,4.759940463459498,0.0
validation,210,ligand_ligand_only,4.92,3.9807612272048942,0.0
validation,212,ligand_ligand_only,4.47,4.2373775137215794,0.0
validation,213,ligand_ligand_only,4.29,4.2430856419825895,0.0
validation,218,ligand_ligand_only,5.43,4.256065108489029,0.0
validation,219,ligand_ligand_only,5.28,4.487339079881625,0.0
validation,250,ligand_ligand_only,5.14,5.334178975597979,0.0
validation,256,ligand_ligand_only,4.95,4.414941012042587,0.0
validation,258,ligand_ligand_only,1.84,4.15817695216204,0.0
validation,259,ligand_ligand_only,5.28,4.316882955649094,0.0
validation,262,ligand_ligand_only,3.56,4.281823800391582,0.0
validation,264,ligand_ligand_only,4.69,4.188105730759251,0.0
validation,269,ligand_ligand_only,5.46,4.0849959324549525,0.0
validation,276,ligand_ligand_only,5.15,4.39790541696746,0.0
validation,280,ligand_ligand_only,4.84,4.1916050204439355,0.0
validation,281,ligand_ligand_only,5.13,3.830259687244764,0.0
validation,282,ligand_ligand_only,4.31,4.719249012353548,0.0
validation,284,ligand_ligand_only,4.92,3.919672173327669,0.0
validation,293,ligand_ligand_only,5.42,4.64409580450711,0.0
validation,294,ligand_ligand_only,3.86,4.167782973503408,0.0
validation,295,ligand_ligand_only,5.71,5.232901344303672,0.0
validation,306,ligand_ligand_only,2.68,3.773832640168679,0.0
validation,313,ligand_ligand_only,3.31,3.7654362146843745,0.0
validation,318,ligand_ligand_only,2.62,4.477629685338358,0.0
validation,320,ligand_ligand_only,5.23,4.675664006073827,0.0
validation,323,ligand_ligand_only,1.69,4.240436297757999,0.0
validation,326,ligand_ligand_only,5.28,4.061765433430866,0.0
validation,334,ligand_ligand_only,5.38,4.23784672216184,0.0
validation,338,ligand_ligand_only,5.33,3.9947686832398444,0.0
validation,339,ligand_ligand_only,4.63,4.737746008853777,0.0
validation,342,ligand_ligand_only,5.13,3.9003340014339063,0.0
validation,344,ligand_ligand_only,4.6,3.973803732062999,0.0
validation,346,ligand_ligand_only,4.24,3.926251698773315,0.0
validation,347,ligand_ligand_only,5.0,3.8306138785271706,0.0
validation,350,ligand_ligand_only,3.81,4.012986109002217,0.0
validation,356,ligand_ligand_only,4.88,4.4886198677541636,0.0
validation,358,ligand_ligand_only,4.61,4.140170200350951,0.0
validation,362,ligand_ligand_only,5.06,4.998500178788074,0.0
validation,366,ligand_ligand_only,5.08,4.845653980957951,0.0
validation,372,ligand_ligand_only,2.22,3.883839583670523,0.0
validation,380,ligand_ligand_only,3.49,4.465831364077603,0.0
validation,390,ligand_ligand_only,4.24,3.9373045319632785,0.0
validation,397,ligand_ligand_only,4.9,4.366509772592203,0.0
validation,398,ligand_ligand_only,4.21,4.297178995505729,0.0
validation,399,ligand_ligand_only,4.68,4.450955664765095,0.0
validation,417,ligand_ligand_only,4.94,4.480824864612012,0.0
validation,419,ligand_ligand_only,4.77,4.208099450902205,0.0
validation,420,ligand_ligand_only,4.19,4.640251861607843,0.0
validation,423,ligand_ligand_only,4.34,4.230418035460858,0.0
validation,426,ligand_ligand_only,3.92,3.850095407092182,0.0
validation,430,ligand_ligand_only,3.25,4.189042128524708,0.0
validation,431,ligand_ligand_only,4.59,4.1142149451048375,0.0
validation,447,ligand_ligand_only,2.66,3.9543828973086828,0.0
validation,453,ligand_ligand_only,3.09,4.204373666875915,0.0
validation,456,ligand_ligand_only,4.73,4.032751285047247,0.0
validation,458,ligand_ligand_only,5.21,4.3323461179088145,0.0
validation,460,ligand_ligand_only,5.43,4.088573130411492,0.0
validation,461,ligand_ligand_only,4.79,4.6969488320970365,0.0
validation,463,ligand_ligand_only,2.54,3.809184282317446,0.0
validation,468,ligand_ligand_only,4.09,5.13312405793085,0.0
validation,469,ligand_ligand_only,4.93,3.908075818845288,0.0
validation,473,ligand_ligand_only,4.7,4.0991708853750035,0.0
validation,474,ligand_ligand_only,3.43,4.1636486625603935,0.0
validation,488,ligand_ligand_only,4.26,4.444556699427679,0.0
validation,495,ligand_ligand_only,3.49,3.7043133307599705,0.0
validation,512,ligand_ligand_only,5.07,5.077304535282238,0.0
validation,518,ligand_ligand_only,2.78,3.74675038966651,0.0
validation,520,ligand_ligand_only,4.75,4.17815621144299,0.0
validation,521,ligand_ligand_only,5.06,4.14833396087465,0.0
validation,526,ligand_ligand_only,4.87,4.402688577516793,0.0
validation,537,ligand_ligand_only,4.28,4.387899986332949,0.0
validation,541,ligand_ligand_only,5.12,4.4348095972639205,0.0
validation,544,ligand_ligand_only,5.2,4.15584365189503,0.0
validation,546,ligand_ligand_only,4.85,4.303670832241021,0.0
validation,550,ligand_ligand_only,4.41,4.806593217040528,0.0
validation,554,ligand_ligand_only,5.54,4.436341690023848,0.0
validation,559,ligand_ligand_only,4.96,4.090081565813767,0.0
validation,563,ligand_ligand_only,4.83,4.8833681971370275,0.0
validation,569,ligand_ligand_only,4.44,4.165427112033524,0.0
validation,586,ligand_ligand_only,5.09,4.178384374283844,0.0
validation,589,ligand_ligand_only,3.96,4.210815779410485,0.0
validation,591,ligand_ligand_only,5.1,4.128076828769142,0.0
validation,595,ligand_ligand_only,4.67,4.410386694282032,0.0
validation,609,ligand_ligand_only,5.2,4.810948478080622,0.0
validation,624,ligand_ligand_only,5.2,4.54557214404632,0.0
validation,628,ligand_ligand_only,4.34,3.672716292561841,0.0
validation,640,ligand_ligand_only,5.14,4.410194451223328,0.0
validation,647,ligand_ligand_only,5.19,4.114924188452892,0.0
validation,652,ligand_ligand_only,3.63,4.155260453731369,0.0
validation,653,ligand_ligand_only,5.31,4.659732052371198,0.0
validation,663,ligand_ligand_only,4.35,4.227333369778522,0.0
validation,666,ligand_ligand_only,4.39,4.191166741554613,0.0
validation,672,ligand_ligand_only,4.72,4.375654380183222,0.0
validation,675,ligand_ligand_only,2.4,3.4709830260949106,0.0
validation,682,ligand_ligand_only,5.27,4.409082799762492,0.0
validation,685,ligand_ligand_only,4.61,4.197170841016727,0.0
validation,701,ligand_ligand_only,4.72,4.337399307949202,0.0
validation,709,ligand_ligand_only,3.81,3.8987884959411256,0.0
validation,712,ligand_ligand_only,5.13,4.708676201298996,0.0
validation,713,ligand_ligand_only,6.3100000000000005,5.182041745666068,0.0
validation,715,ligand_ligand_only,1.9,4.028270332826761,0.0
validation,721,ligand_ligand_only,4.86,4.0597843112310725,0.0
validation,724,ligand_ligand_only,4.44,4.6517953854054435,0.0
validation,732,ligand_ligand_only,6.045,4.90416538843928,0.0
validation,735,ligand_ligand_only,5.54,5.123414967861316,0.0
validation,736,ligand_ligand_only,5.05,4.24735847201213,0.0
validation,737,ligand_ligand_only,2.64,3.1500951026140616,0.0
validation,749,ligand_ligand_only,5.43,4.764980517478754,0.0
validation,751,ligand_ligand_only,5.65,5.709782256963723,0.0
validation,752,ligand_ligand_only,4.44,4.6046887569694555,0.0
validation,753,ligand_ligand_only,5.59,4.514811976812656,0.0
validation,757,ligand_ligand_only,5.26,4.191740354835775,0.0
validation,760,ligand_ligand_only,4.3,4.554480076359448,0.0
validation,764,ligand_ligand_only,2.25,4.1297052757989166,0.0
validation,765,ligand_ligand_only,5.12,4.09556722156155,0.0
validation,766,ligand_ligand_only,4.99,5.187557865732246,0.0
validation,774,ligand_ligand_only,1.83,4.152365983229547,0.0
validation,775,ligand_ligand_only,5.0,4.9992841542612085,0.0
validation,776,ligand_ligand_only,5.41,4.254970933447797,0.0
validation,777,ligand_ligand_only,2.08,4.840007202808769,0.0
validation,779,ligand_ligand_only,4.7,5.113736393890592,0.0
validation,787,ligand_ligand_only,5.61,4.568130587196455,0.0
validation,793,ligand_ligand_only,5.11,4.422082787604072,0.0
validation,797,ligand_ligand_only,2.88,4.849703072879624,0.0
validation,801,ligand_ligand_only,5.08,4.11275170672202,0.0
validation,805,ligand_ligand_only,4.54,4.7560900022204855,0.0
validation,808,ligand_ligand_only,4.68,4.093677403525052,0.0
validation,811,ligand_ligand_only,5.11,4.072031150795073,0.0
validation,825,ligand_ligand_only,4.93,3.9137490240004786,0.0
validation,846,ligand_ligand_only,4.26,3.902124383105877,0.0
validation,851,ligand_ligand_only,3.13,3.7478334346701616,0.0
validation,853,ligand_ligand_only,4.29,3.7869349718858203,0.0
validation,858,ligand_ligand_only,2.36,3.9662948249240344,0.0
validation,874,ligand_ligand_only,5.51,4.23055962091952,0.0
validation,879,ligand_ligand_only,4.72,4.200215076928278,0.0
validation,885,ligand_ligand_only,5.86,4.0693627944671675,0.0
validation,890,ligand_ligand_only,5.0,4.045578706549288,0.0
validation,891,ligand_ligand_only,2.7,4.0288635572987115,0.0
validation,892,ligand_ligand_only,4.63,3.6438826129307014,0.0
validation,902,ligand_ligand_only,2.26,4.3232238738807105,0.0
validation,924,ligand_ligand_only,4.89,3.637700451981156,0.0
validation,929,ligand_ligand_only,4.79,4.79616704028544,0.0
validation,934,ligand_ligand_only,1.89,3.701136741400381,0.0
validation,939,ligand_ligand_only,4.07,4.490126696114343,0.0
validation,943,ligand_ligand_only,4.68,3.8575125983223706,0.0
validation,947,ligand_ligand_only,2.55,3.973824967746644,0.0
validation,949,ligand_ligand_only,2.55,3.597496963218806,0.0
validation,958,ligand_ligand_only,5.31,4.362967443458902,0.0
validation,963,ligand_ligand_only,5.13,4.123444290669265,0.0
validation,971,ligand_ligand_only,4.91,4.206937831777933,0.0
validation,980,ligand_ligand_only,4.73,4.853654380432016,0.0
validation,984,ligand_ligand_only,2.3,3.932941702219844,0.0
validation,1000,ligand_ligand_only,5.69,3.837775333214214,0.0
validation,1007,ligand_ligand_only,3.01,4.72423455852495,0.0
validation,1014,ligand_ligand_only,4.45,4.146035783977685,0.0
validation,1017,ligand_ligand_only,4.86,3.7545325327332346,0.0
validation,1022,ligand_ligand_only,4.75,3.9476419751171856,0.0
validation,1025,ligand_ligand_only,5.02,5.029077441057645,0.0
validation,1027,ligand_ligand_only,5.14,4.090709387282491,0.0
validation,1038,ligand_ligand_only,2.74,4.2875295757596685,0.0
validation,1043,ligand_ligand_only,5.37,4.6984126138312,0.0
validation,1070,ligand_ligand_only,1.77,3.87482278087222,0.0
validation,1072,ligand_ligand_only,5.19,5.034933260356227,0.0
validation,1076,ligand_ligand_only,5.78,4.599452589329178,0.0
validation,1081,ligand_ligand_only,5.15,4.259623970831363,0.0
validation,1085,ligand_ligand_only,3.37,3.9082161267357054,0.0
validation,1089,ligand_ligand_only,5.19,4.396971764621312,0.0
validation,1090,ligand_ligand_only,4.92,4.3855141711133445,0.0
validation,1092,ligand_ligand_only,2.58,3.5737116501878585,0.0
validation,1098,ligand_ligand_only,4.93,3.926347584138543,0.0
validation,1102,ligand_ligand_only,2.93,4.006920213554011,0.0
validation,1103,ligand_ligand_only,2.9,4.006109393857554,0.0
validation,1105,ligand_ligand_only,1.76,4.136085033804631,0.0
validation,1107,ligand_ligand_only,2.32,3.854097731850767,0.0
validation,1110,ligand_ligand_only,2.87,4.2247537489748055,0.0
validation,1115,ligand_ligand_only,2.27,3.8124311430058055,0.0
validation,1119,ligand_ligand_only,3.55,3.93830202428087,0.0
validation,1120,ligand_ligand_only,4.4,4.916771035902311,0.0
validation,1124,ligand_ligand_only,5.04,4.844142473954334,0.0
validation,1126,ligand_ligand_only,1.98,5.130187553512005,0.0
validation,1127,ligand_ligand_only,5.25,4.7551492367307775,0.0
validation,1132,ligand_ligand_only,4.28,4.845796412962346,0.0
validation,1136,ligand_ligand_only,4.92,5.209515526580823,0.0
validation,1137,ligand_ligand_only,5.62,4.135854415743321,0.0
validation,1138,ligand_ligand_only,4.08,4.407507100751344,0.0
validation,1140,ligand_ligand_only,4.87,4.693601008039035,0.0
validation,1149,ligand_ligand_only,2.86,3.735651013622877,0.0
validation,1151,ligand_ligand_only,4.47,4.274294745133305,0.0
validation,1152,ligand_ligand_only,1.98,3.5193593435427473,0.0
validation,1161,ligand_ligand_only,1.64,3.847792255544477,0.0
validation,1163,ligand_ligand_only,3.96,4.575144741391351,0.0
validation,1165,ligand_ligand_only,2.65,3.9254604310101513,0.0
validation,1168,ligand_ligand_only,5.22,3.9414536351470577,0.0
validation,1182,ligand_ligand_only,2.52,3.9431193598419108,0.0
validation,1184,ligand_ligand_only,4.3,4.027709134716424,0.0
validation,1187,ligand_ligand_only,4.67,4.367847492269933,0.0
validation,1191,ligand_ligand_only,3.94,4.0207094847540885,0.0
validation,1195,ligand_ligand_only,5.83,4.374198941327296,0.0
validation,1198,ligand_ligand_only,5.29,4.589092253860016,0.0
validation,1199,ligand_ligand_only,4.53,4.564015812528087,0.0
validation,1201,ligand_ligand_only,5.62,3.9424338550951727,0.0
validation,1211,ligand_ligand_only,4.9,4.230915617468738,0.0
validation,1212,ligand_ligand_only,4.95,4.536204948097376,0.0
validation,1213,ligand_ligand_only,5.21,4.680848842693091,0.0
validation,1215,ligand_ligand_only,2.74,3.790150661659659,0.0
validation,1216,ligand_ligand_only,4.82,4.302994292022526,0.0
validation,1222,ligand_ligand_only,5.06,5.225582475213158,0.0
validation,1236,ligand_ligand_only,4.43,4.356076677758587,0.0
validation,1241,ligand_ligand_only,4.7,4.44978813982619,0.0
validation,1245,ligand_ligand_only,3.7,4.1720650035301095,0.0
validation,1247,ligand_ligand_only,5.06,4.227721780919557,0.0
validation,1252,ligand_ligand_only,5.215,4.375375380743727,0.0
validation,1258,ligand_ligand_only,3.43,4.521880378110009,0.0
validation,1264,ligand_ligand_only,5.0,4.447817454078243,0.0
validation,1269,ligand_ligand_only,4.82,3.9865776157640727,0.0
validation,1270,ligand_ligand_only,5.62,5.522475354466184,0.0
validation,1272,ligand_ligand_only,2.98,4.071307564712698,0.0
validation,1287,ligand_ligand_only,5.31,3.848015692337831,0.0
validation,1290,ligand_ligand_only,2.86,4.139863250344756,0.0
validation,1293,ligand_ligand_only,5.949999999999999,4.612455214172729,0.0
validation,1304,ligand_ligand_only,3.14,4.2160731686448125,0.0
validation,1315,ligand_ligand_only,4.06,4.72653051843796,0.0
validation,1318,ligand_ligand_only,4.36,4.32937280570929,0.0
validation,1322,ligand_ligand_only,4.74,4.421280838659066,0.0
validation,1326,ligand_ligand_only,1.73,4.024383629322636,0.0
validation,1330,ligand_ligand_only,4.35,4.373556164198995,0.0
validation,1335,ligand_ligand_only,2.77,3.331976491251492,0.0
validation,1342,ligand_ligand_only,4.6,4.475438171109319,0.0
validation,1343,ligand_ligand_only,4.61,3.894020940447407,0.0
validation,1347,ligand_ligand_only,5.0,3.9043305932106316,0.0
validation,1360,ligand_ligand_only,4.41,4.709860682334297,0.0
validation,1369,ligand_ligand_only,4.46,3.7840619818291996,0.0
validation,1374,ligand_ligand_only,4.18,4.868293470755108,0.0
validation,1377,ligand_ligand_only,4.83,4.139658596626598,0.0
validation,1378,ligand_ligand_only,4.09,4.032981112244968,0.0
validation,1383,ligand_ligand_only,3.76,4.436624718982073,0.0
validation,1384,ligand_ligand_only,5.23,3.9730270511551904,0.0
validation,1388,ligand_ligand_only,4.24,3.949400029749463,0.0
validation,1391,ligand_ligand_only,5.26,4.391485248916657,0.0
validation,1394,ligand_ligand_only,3.39,3.552815203243375,0.0
validation,1403,ligand_ligand_only,5.27,4.320864809744741,0.0
validation,1409,ligand_ligand_only,2.42,4.804572226661411,0.0
validation,1412,ligand_ligand_only,1.75,4.411981793650667,0.0
validation,1415,ligand_ligand_only,4.92,4.642313689203872,0.0
validation,1417,ligand_ligand_only,1.93,3.408420105236365,0.0
validation,1419,ligand_ligand_only,5.54,4.684594283189796,0.0
validation,1420,ligand_ligand_only,5.99,4.770271003588141,0.0
validation,1424,ligand_ligand_only,2.09,4.125667678337426,0.0
validation,1430,ligand_ligand_only,3.35,4.2262630356690405,0.0
validation,1436,ligand_ligand_only,5.15,4.270662873102775,0.0
validation,1450,ligand_ligand_only,4.6,4.009009420595046,0.0
validation,1451,ligand_ligand_only,5.27,3.941534750155791,0.0
validation,1461,ligand_ligand_only,5.1,4.421413406936937,0.0
validation,1464,ligand_ligand_only,3.73,4.223546066159621,0.0
validation,1469,ligand_ligand_only,3.44,4.095812452146343,0.0
validation,1472,ligand_ligand_only,3.89,4.000493610825884,0.0
validation,1479,ligand_ligand_only,3.04,4.1033575284889485,0.0
validation,1481,ligand_ligand_only,4.87,4.141030519906054,0.0
validation,1482,ligand_ligand_only,4.87,4.53664822181517,0.0
validation,1485,ligand_ligand_only,1.96,4.298742806988967,0.0
validation,1487,ligand_ligand_only,5.23,4.40719222411843,0.0
validation,1492,ligand_ligand_only,5.34,4.886625262505378,0.0
validation,1497,ligand_ligand_only,5.02,4.305765403585277,0.0
validation,1505,ligand_ligand_only,5.45,4.710212299709344,0.0
validation,1509,ligand_ligand_only,5.23,4.178988341953297,0.0
validation,1510,ligand_ligand_only,4.89,4.369879137581728,0.0
validation,1522,ligand_ligand_only,4.68,4.335772283139302,0.0
validation,1524,ligand_ligand_only,4.82,4.1705425065037,0.0
validation,1539,ligand_ligand_only,5.51,4.662017633659701,0.0
validation,1548,ligand_ligand_only,4.24,3.821324401058926,0.0
validation,1555,ligand_ligand_only,5.42,4.0878485778112275,0.0
validation,1558,ligand_ligand_only,2.48,3.8946787119016535,0.0
validation,1568,ligand_ligand_only,5.16,4.283512238987635,0.0
validation,1569,ligand_ligand_only,4.88,3.8694193832322044,0.0
validation,1575,ligand_ligand_only,3.05,4.199395400691032,0.0
validation,1579,ligand_ligand_only,5.93,4.452955659315574,0.0
validation,1580,ligand_ligand_only,5.11,4.264461347363748,0.0
validation,1582,ligand_ligand_only,4.06,4.534407499389132,0.0
validation,1583,ligand_ligand_only,3.04,3.9906021365562525,0.0
validation,1586,ligand_ligand_only,4.6,4.345645451052402,0.0
validation,1592,ligand_ligand_only,5.18,4.220498395474497,0.0
validation,1601,ligand_ligand_only,4.71,4.655774402059814,0.0
validation,1602,ligand_ligand_only,5.34,4.309690191033707,0.0
validation,1604,ligand_ligand_only,4.78,4.550141598779418,0.0
validation,1608,ligand_ligand_only,2.55,4.100313186409007,0.0
validation,1610,ligand_ligand_only,4.72,4.24601647728887,0.0
validation,1612,ligand_ligand_only,2.41,3.906824496712187,0.0
validation,1615,ligand_ligand_only,4.87,4.020499909801112,0.0
validation,1617,ligand_ligand_only,5.19,4.569387912960918,0.0
validation,1622,ligand_ligand_only,5.19,4.607644572769884,0.0
validation,1625,ligand_ligand_only,4.76,4.109723683798673,0.0
validation,1647,ligand_ligand_only,4.6,4.283455913858661,0.0
validation,1648,ligand_ligand_only,5.27,4.195208052710409,0.0
validation,1654,ligand_ligand_only,5.1,4.8765200897065215,0.0
validation,1655,ligand_ligand_only,5.83,4.460381432742083,0.0
validation,1657,ligand_ligand_only,5.48,5.272832574163431,0.0
validation,1679,ligand_ligand_only,2.04,3.7909535584975504,0.0
validation,1682,ligand_ligand_only,2.0,3.3361954202901125,0.0
validation,1684,ligand_ligand_only,4.09,4.8561083377714525,0.0
validation,1701,ligand_ligand_only,3.98,3.906826009571043,0.0
validation,1705,ligand_ligand_only,2.77,4.100745488805424,0.0
validation,1708,ligand_ligand_only,4.75,4.457755581126995,0.0
validation,1715,ligand_ligand_only,4.76,4.184776276663712,0.0
validation,1722,ligand_ligand_only,3.85,4.133438763648,0.0
validation,1725,ligand_ligand_only,5.13,5.2770605953596,0.0
validation,1735,ligand_ligand_only,4.77,3.9892005559423183,0.0
validation,1753,ligand_ligand_only,2.77,4.210696828312636,0.0
validation,1759,ligand_ligand_only,2.95,3.6527015375677974,0.0
validation,1767,ligand_ligand_only,5.17,3.9746156315280157,0.0
validation,1768,ligand_ligand_only,2.24,4.125777651512725,0.0
validation,1770,ligand_ligand_only,5.01,4.405572588093532,0.0
validation,1781,ligand_ligand_only,4.49,4.217304340749275,0.0
validation,1790,ligand_ligand_only,4.67,4.748575913228363,0.0
validation,1800,ligand_ligand_only,5.26,4.891995642345714,0.0
validation,1813,ligand_ligand_only,4.88,5.066756415753247,0.0
validation,1815,ligand_ligand_only,5.38,4.758126130830608,0.0
validation,1821,ligand_ligand_only,4.84,4.289246692824078,0.0
validation,1833,ligand_ligand_only,4.9,4.408477607257619,0.0
validation,1849,ligand_ligand_only,5.43,4.935389184344057,0.0
validation,1852,ligand_ligand_only,3.55,3.606817259087648,0.0
validation,1856,ligand_ligand_only,4.64,4.402191970643242,0.0
validation,1860,ligand_ligand_only,4.75,4.373668750787608,0.0
validation,1862,ligand_ligand_only,5.11,4.325624715416781,0.0
validation,1866,ligand_ligand_only,4.27,5.194659697337606,0.0
validation,1877,ligand_ligand_only,5.28,3.954030832751621,0.0
validation,1882,ligand_ligand_only,5.15,4.509682545930812,0.0
validation,1898,ligand_ligand_only,4.91,4.344203749956488,0.0
validation,1912,ligand_ligand_only,4.62,4.559053008229325,0.0
validation,1913,ligand_ligand_only,4.99,3.873314718160287,0.0
validation,1914,ligand_ligand_only,5.16,4.432616804834958,0.0
validation,1917,ligand_ligand_only,4.48,3.9854730981072257,0.0
validation,1923,ligand_ligand_only,5.1,3.9864407734613154,0.0
validation,1942,ligand_ligand_only,5.54,4.06817343105981,0.0
validation,1950,ligand_ligand_only,5.11,4.1133545571881625,0.0
validation,1962,ligand_ligand_only,1.8,4.190621883939444,0.0
validation,1964,ligand_ligand_only,4.79,3.8263101272986444,0.0
validation,1970,ligand_ligand_only,2.84,4.634999742102038,0.0
validation,1983,ligand_ligand_only,4.99,3.8323187978030377,0.0
validation,1985,ligand_ligand_only,5.33,5.08415946083149,0.0
validation,1986,ligand_ligand_only,4.98,4.46243393823925,0.0
validation,1993,ligand_ligand_only,4.47,4.416526503152864,0.0
validation,1996,ligand_ligand_only,4.11,4.077704481416171,0.0
validation,1998,ligand_ligand_only,4.92,3.9169186034499144,0.0
validation,2000,ligand_ligand_only,4.609999999999999,4.733348181134252,0.0
validation,2003,ligand_ligand_only,5.25,4.235410923163037,0.0
validation,2006,ligand_ligand_only,4.84,4.077945651749588,0.0
validation,2013,ligand_ligand_only,4.73,4.32583566719103,0.0
validation,2018,ligand_ligand_only,5.28,4.918604147664859,0.0
validation,2019,ligand_ligand_only,5.82,5.372927996622016,0.0
validation,2024,ligand_ligand_only,4.48,3.997581027573322,0.0
validation,2032,ligand_ligand_only,5.71,4.148468927983709,0.0
validation,2043,ligand_ligand_only,3.0,4.83432598041264,0.0
validation,2056,ligand_ligand_only,2.14,4.114892293892975,0.0
validation,2057,ligand_ligand_only,3.88,4.073909798593468,0.0
validation,2063,ligand_ligand_only,4.4,4.199324510808447,0.0
validation,2073,ligand_ligand_only,4.76,4.359366791298175,0.0
validation,2076,ligand_ligand_only,3.5,4.303939075872865,0.0
validation,2080,ligand_ligand_only,4.93,4.1633285719873525,0.0
validation,2081,ligand_ligand_only,4.8,3.9690304516139725,0.0
validation,2084,ligand_ligand_only,4.73,4.442428027626854,0.0
validation,2085,ligand_ligand_only,5.3,4.178446830840595,0.0
validation,2096,ligand_ligand_only,5.22,4.233056332510812,0.0
validation,2102,ligand_ligand_only,3.79,4.006989360958887,0.0
validation,2103,ligand_ligand_only,2.45,3.779921756294611,0.0
validation,2106,ligand_ligand_only,3.66,3.6239109243400196,0.0
validation,2107,ligand_ligand_only,5.81,5.177440803096654,0.0
validation,2109,ligand_ligand_only,4.73,4.0719647701512445,0.0
validation,2116,ligand_ligand_only,1.85,4.281492157514404,0.0
validation,2117,ligand_ligand_only,5.63,4.377247467618835,0.0
validation,2127,ligand_ligand_only,5.12,4.418057943758768,0.0
validation,2128,ligand_ligand_only,4.63,4.078101512665613,0.0
validation,2136,ligand_ligand_only,5.22,3.7628702039857407,0.0
validation,2143,ligand_ligand_only,3.08,3.8503093086171076,0.0
validation,2148,ligand_ligand_only,5.22,4.3223003809806055,0.0
validation,2156,ligand_ligand_only,3.81,5.046993792786498,0.0
validation,2158,ligand_ligand_only,4.07,4.904700325768897,0.0
validation,2162,ligand_ligand_only,2.45,3.9108682561813173,0.0
validation,2182,ligand_ligand_only,2.1,3.613298714727277,0.0
validation,2187,ligand_ligand_only,3.72,3.9303395952769655,0.0
validation,2189,ligand_ligand_only,5.53,4.135658457703041,0.0
validation,2191,ligand_ligand_only,5.31,3.9989985845358453,0.0
validation,2194,ligand_ligand_only,5.35,3.7522111176458393,0.0
validation,2199,ligand_ligand_only,3.95,4.2412112861043525,0.0
validation,2202,ligand_ligand_only,4.98,4.128741360065182,0.0
validation,2209,ligand_ligand_only,5.33,4.300039913817831,0.0
validation,2210,ligand_ligand_only,5.16,4.8526781544948445,0.0
validation,2213,ligand_ligand_only,4.92,4.048151730035029,0.0
validation,2215,ligand_ligand_only,5.27,4.5717001121231355,0.0
validation,2217,ligand_ligand_only,4.6,4.483326382989877,0.0
validation,2220,ligand_ligand_only,2.63,4.383653705754637,0.0
validation,2222,ligand_ligand_only,5.28,4.436727415652629,0.0
validation,2226,ligand_ligand_only,4.84,4.223583024761639,0.0
validation,2244,ligand_ligand_only,2.8,3.777937292315629,0.0
validation,2253,ligand_ligand_only,4.74,4.504228781297252,0.0
validation,2264,ligand_ligand_only,4.87,4.226371177995664,0.0
validation,2274,ligand_ligand_only,4.47,5.776552984107809,0.0
validation,2275,ligand_ligand_only,5.47,4.255917662523029,0.0
validation,2277,ligand_ligand_only,4.75,4.330816151885949,0.0
validation,2278,ligand_ligand_only,2.65,3.5464324671245104,0.0
validation,2288,ligand_ligand_only,2.94,3.9297364311091614,0.0
validation,2292,ligand_ligand_only,4.54,4.227256704190911,0.0
validation,2293,ligand_ligand_only,4.3,3.9557400316487357,0.0
validation,2295,ligand_ligand_only,4.48,3.746392279107596,0.0
validation,2296,ligand_ligand_only,5.0,4.269917069721295,0.0
validation,2301,ligand_ligand_only,5.33,5.246402568730074,0.0
validation,2307,ligand_ligand_only,5.43,4.673184300147877,0.0
validation,2308,ligand_ligand_only,2.95,4.274873035006551,0.0
validation,2319,ligand_ligand_only,4.84,4.0171882564099874,0.0
validation,2329,ligand_ligand_only,4.58,4.299491908744799,0.0
validation,2331,ligand_ligand_only,4.73,4.61368451491991,0.0
validation,2338,ligand_ligand_only,5.0,4.058925841199835,0.0
validation,2340,ligand_ligand_only,2.5,3.765748101249055,0.0
validation,2344,ligand_ligand_only,3.2,3.938539434565656,0.0
validation,2345,ligand_ligand_only,5.45,4.511140166026469,0.0
validation,2349,ligand_ligand_only,3.9,3.950004686612351,0.0
validation,2350,ligand_ligand_only,1.82,3.700542471066552,0.0
validation,2352,ligand_ligand_only,1.98,4.169463297323962,0.0
validation,2356,ligand_ligand_only,5.795,4.31156749649353,0.0
validation,2359,ligand_ligand_only,5.91,4.67149208358714,0.0
validation,2367,ligand_ligand_only,2.82,4.046253702804712,0.0
validation,2368,ligand_ligand_only,1.97,2.9200399042223646,0.0
validation,2374,ligand_ligand_only,4.94,3.832616101663261,0.0
validation,2376,ligand_ligand_only,5.48,4.130072316044555,0.0
validation,2385,ligand_ligand_only,4.79,4.580722868759032,0.0
validation,2387,ligand_ligand_only,2.27,4.3148633556946425,0.0
validation,2391,ligand_ligand_only,5.14,3.935757391498459,0.0
validation,2392,ligand_ligand_only,4.34,4.7668720052324,0.0
validation,2405,ligand_ligand_only,3.27,4.522727868180465,0.0
validation,2414,ligand_ligand_only,5.1,4.582026203790322,0.0
validation,2415,ligand_ligand_only,4.67,3.903161198745306,0.0
validation,2421,ligand_ligand_only,5.29,4.5931641414609015,0.0
validation,2425,ligand_ligand_only,4.5,5.312354159042657,0.0
validation,2433,ligand_ligand_only,3.24,4.072019975596539,0.0
validation,2444,ligand_ligand_only,5.19,4.502360009151694,0.0
validation,2446,ligand_ligand_only,4.5,4.411766989754729,0.0
validation,2451,ligand_ligand_only,5.3,4.269582670010274,0.0
validation,2459,ligand_ligand_only,5.24,3.9248945066663645,0.0
validation,2467,ligand_ligand_only,5.09,3.8795355222097783,0.0
validation,2470,ligand_ligand_only,4.83,4.2125508141775105,0.0
validation,2476,ligand_ligand_only,3.9,4.471645837658172,0.0
validation,2481,ligand_ligand_only,4.53,3.8569081571828816,0.0
validation,2483,ligand_ligand_only,5.04,4.3988289232665645,0.0
validation,2484,ligand_ligand_only,6.04,4.415322346558783,0.0
validation,2491,ligand_ligand_only,3.4,4.140797515841707,0.0
validation,2496,ligand_ligand_only,5.3,4.351287330457371,0.0
validation,2503,ligand_ligand_only,3.79,3.8190865061387522,0.0
validation,2504,ligand_ligand_only,5.04,4.889480247996341,0.0
validation,2505,ligand_ligand_only,4.81,3.965353710494637,0.0
validation,2507,ligand_ligand_only,4.9,4.6350479228614505,0.0
validation,2512,ligand_ligand_only,5.06,4.391001990905251,0.0
validation,2513,ligand_ligand_only,5.45,4.029347771592147,0.0
validation,2526,ligand_ligand_only,5.16,4.494694428227335,0.0
validation,2527,ligand_ligand_only,5.16,4.763253871480067,0.0
validation,2531,ligand_ligand_only,5.67,4.531559095511071,0.0
validation,2540,ligand_ligand_only,5.26,5.091438549700045,0.0
validation,2546,ligand_ligand_only,4.45,4.221199839451603,0.0
validation,2547,ligand_ligand_only,2.01,3.6828473498969174,0.0
validation,2549,ligand_ligand_only,4.66,4.579263125123486,0.0
validation,2553,ligand_ligand_only,1.81,4.660419211253249,0.0
validation,2555,ligand_ligand_only,5.09,4.937357979962744,0.0
validation,2557,ligand_ligand_only,5.22,4.255621943331684,0.0
validation,2561,ligand_ligand_only,5.39,4.820702938029565,0.0
validation,2567,ligand_ligand_only,5.0,4.333282769391046,0.0
validation,2571,ligand_ligand_only,4.53,4.5325111185963785,0.0
validation,2576,ligand_ligand_only,5.19,5.0927026721931075,0.0
validation,2581,ligand_ligand_only,4.77,4.756282364172017,0.0
validation,2584,ligand_ligand_only,4.76,4.494177511404271,0.0
validation,2585,ligand_ligand_only,4.85,5.637125161079637,0.0
validation,2592,ligand_ligand_only,5.8,4.5845694233920895,0.0
validation,2597,ligand_ligand_only,5.3,5.4090669775692355,0.0
validation,2598,ligand_ligand_only,5.23,4.439412067351455,0.0
validation,2603,ligand_ligand_only,4.53,4.4121486481159025,0.0
validation,2608,ligand_ligand_only,4.93,4.67679498581188,0.0
validation,2615,ligand_ligand_only,3.36,4.2669540580753385,0.0
validation,2618,ligand_ligand_only,4.81,4.278411465760216,0.0
validation,2619,ligand_ligand_only,3.2,4.807366787370185,0.0
validation,2621,ligand_ligand_only,2.01,3.280508697317573,0.0
validation,2624,ligand_ligand_only,4.75,4.195564163849575,0.0
validation,2627,ligand_ligand_only,5.01,4.075447999416496,0.0
validation,2633,ligand_ligand_only,2.2,4.095310862827828,0.0
validation,2635,ligand_ligand_only,4.9,4.880911897433732,0.0
validation,2638,ligand_ligand_only,3.36,3.7591101312057646,0.0
validation,2642,ligand_ligand_only,3.79,4.48734512213516,0.0
validation,2648,ligand_ligand_only,5.28,4.316505959636271,0.0
validation,2649,ligand_ligand_only,5.37,4.451588773894313,0.0
validation,2655,ligand_ligand_only,3.18,3.92641907721249,0.0
validation,2661,ligand_ligand_only,4.63,4.368123508419179,0.0
validation,2665,ligand_ligand_only,5.98,4.194825124420316,0.0
validation,2673,ligand_ligand_only,4.82,4.296427580262348,0.0
validation,2676,ligand_ligand_only,4.97,4.1367317075617,0.0
validation,2678,ligand_ligand_only,1.67,3.9540870033112827,0.0
validation,2683,ligand_ligand_only,5.21,4.001612113358441,0.0
validation,2693,ligand_ligand_only,4.61,3.955653488234219,0.0
validation,2694,ligand_ligand_only,5.57,4.413929976759391,0.0
validation,2696,ligand_ligand_only,5.24,4.308316740461434,0.0
validation,2699,ligand_ligand_only,2.78,3.4447127543047995,0.0
validation,2703,ligand_ligand_only,5.33,6.120776629416907,0.0
validation,2705,ligand_ligand_only,3.93,4.111854911538545,0.0
validation,2707,ligand_ligand_only,5.37,4.781294728735349,0.0
validation,2709,ligand_ligand_only,4.17,3.722003201728022,0.0
validation,2713,ligand_ligand_only,4.26,3.7616328693269665,0.0
validation,2716,ligand_ligand_only,5.14,4.157290876423263,0.0
validation,2724,ligand_ligand_only,5.31,4.282831352209657,0.0
validation,2733,ligand_ligand_only,4.99,3.633592901757761,0.0
validation,2735,ligand_ligand_only,4.82,4.181991368969991,0.0
validation,2738,ligand_ligand_only,5.12,4.337670466781563,0.0
validation,2742,ligand_ligand_only,3.39,4.08992582282959,0.0
validation,2744,ligand_ligand_only,5.64,5.764664812573251,0.0
validation,2749,ligand_ligand_only,2.81,3.4534060514665583,0.0
validation,2751,ligand_ligand_only,5.28,4.065635254474156,0.0
validation,2756,ligand_ligand_only,4.57,4.2089535009286525,0.0
validation,2760,ligand_ligand_only,5.33,4.292705316315661,0.0
validation,2761,ligand_ligand_only,3.95,4.5092442185610935,0.0
validation,2771,ligand_ligand_only,2.6,3.828942952796331,0.0
validation,2784,ligand_ligand_only,2.84,4.034094716522224,0.0
validation,2786,ligand_ligand_only,4.96,4.167680385074264,0.0
validation,2791,ligand_ligand_only,5.35,4.558635158065328,0.0
validation,2793,ligand_ligand_only,3.1,4.3170926989875165,0.0
validation,2794,ligand_ligand_only,4.7,4.4451883541835,0.0
validation,2795,ligand_ligand_only,4.56,3.787263453285321,0.0
validation,2796,ligand_ligand_only,4.78,4.312070545853187,0.0
validation,2807,ligand_ligand_only,3.24,3.878678030815324,0.0
validation,2815,ligand_ligand_only,4.63,4.053032625753326,0.0
validation,2818,ligand_ligand_only,3.98,4.315256562889531,0.0
validation,2825,ligand_ligand_only,2.45,3.707197190572319,0.0
validation,2841,ligand_ligand_only,5.33,4.300934219839408,0.0
validation,2850,ligand_ligand_only,5.1,4.111794929508446,0.0
validation,2853,ligand_ligand_only,3.98,3.7670528439610984,0.0
validation,2856,ligand_ligand_only,1.77,4.409372043023573,0.0
validation,2857,ligand_ligand_only,3.47,4.3634409636687455,0.0
validation,2859,ligand_ligand_only,5.16,4.235010898195302,0.0
validation,2866,ligand_ligand_only,6.16,4.145577467735719,0.0
validation,2867,ligand_ligand_only,4.45,4.356617735979781,0.0
validation,2869,ligand_ligand_only,5.07,4.1308276395535515,0.0
validation,2879,ligand_ligand_only,2.87,3.815260884330499,0.0
validation,2882,ligand_ligand_only,4.82,3.7763916214982225,0.0
validation,2891,ligand_ligand_only,5.53,4.548884451049234,0.0
validation,2904,ligand_ligand_only,4.49,4.412313006075814,0.0
validation,2907,ligand_ligand_only,4.58,4.786689547449661,0.0
validation,2914,ligand_ligand_only,5.47,4.21318122911238,0.0
validation,2916,ligand_ligand_only,5.82,4.342921335087367,0.0
validation,2924,ligand_ligand_only,3.26,3.81628104482205,0.0
validation,2933,ligand_ligand_only,4.97,3.760297956187228,0.0
validation,2954,ligand_ligand_only,5.14,4.243337027226577,0.0
validation,2955,ligand_ligand_only,3.22,4.356739857040517,0.0
validation,2957,ligand_ligand_only,4.62,4.651932234354916,0.0
validation,2964,ligand_ligand_only,1.79,4.623822773541496,0.0
validation,2970,ligand_ligand_only,5.03,4.326199171171989,0.0
validation,2972,ligand_ligand_only,3.34,3.8323035976175346,0.0
validation,2974,ligand_ligand_only,4.83,3.9750805624946346,0.0
validation,2975,ligand_ligand_only,4.93,4.147843230634691,0.0
validation,2979,ligand_ligand_only,5.26,5.012428373869719,0.0
validation,2986,ligand_ligand_only,2.28,4.001806247211669,0.0
validation,2997,ligand_ligand_only,5.03,4.820064960532464,0.0
validation,2998,ligand_ligand_only,5.8,3.935149641532575,0.0
validation,3007,ligand_ligand_only,5.64,4.377741720830633,0.0
validation,3022,ligand_ligand_only,5.1,4.448470803583563,0.0
validation,3024,ligand_ligand_only,4.1,3.7618378044993666,0.0
validation,3025,ligand_ligand_only,5.51,4.061137221132701,0.0
validation,3031,ligand_ligand_only,5.28,4.075417198663939,0.0
validation,3032,ligand_ligand_only,4.635,4.103568911344017,0.0
validation,3033,ligand_ligand_only,4.975,4.864122610092152,0.0
validation,3036,ligand_ligand_only,1.74,4.451514230513447,0.0
validation,3038,ligand_ligand_only,4.77,3.8829022616269815,0.0
validation,3039,ligand_ligand_only,4.16,4.340296577681141,0.0
validation,3045,ligand_ligand_only,4.92,4.641951060316117,0.0
validation,3051,ligand_ligand_only,4.26,5.035265974597258,0.0
validation,3055,ligand_ligand_only,5.06,3.9532759049959316,0.0
validation,3060,ligand_ligand_only,5.37,4.371082012030029,0.0
validation,3075,ligand_ligand_only,2.75,4.085577607582597,0.0
validation,3077,ligand_ligand_only,4.19,4.332111555579259,0.0
validation,3078,ligand_ligand_only,4.78,4.571704921383159,0.0
validation,3086,ligand_ligand_only,1.91,4.324783870478928,0.0
validation,3095,ligand_ligand_only,4.26,3.920605591947017,0.0
validation,3110,ligand_ligand_only,4.11,4.3735215774145555,0.0
validation,3118,ligand_ligand_only,4.54,4.717609901403103,0.0
validation,3120,ligand_ligand_only,3.36,4.3079748639956765,0.0
validation,3121,ligand_ligand_only,4.36,3.9535573587302655,0.0
validation,3125,ligand_ligand_only,4.88,4.234977887126025,0.0
validation,3139,ligand_ligand_only,5.42,3.638094851298252,0.0
validation,3145,ligand_ligand_only,4.24,4.653117358533872,0.0
validation,3154,ligand_ligand_only,5.55,5.306095661376916,0.0
validation,3162,ligand_ligand_only,3.21,4.007298598924778,0.0
validation,3163,ligand_ligand_only,5.14,5.153080956141858,0.0
validation,3164,ligand_ligand_only,5.52,4.486816000586399,0.0
validation,3169,ligand_ligand_only,4.88,4.428244051614505,0.0
validation,3170,ligand_ligand_only,5.27,4.651532350543671,0.0
validation,3183,ligand_ligand_only,5.31,4.2189956091708725,0.0
validation,3184,ligand_ligand_only,4.79,4.6701831091262305,0.0
validation,3185,ligand_ligand_only,2.82,2.1485108551909056,0.0
validation,3197,ligand_ligand_only,4.78,4.737413052077566,0.0
validation,3204,ligand_ligand_only,5.81,4.558303489635944,0.0
validation,3205,ligand_ligand_only,4.16,4.73310473857704,0.0
validation,3209,ligand_ligand_only,2.5,4.3404306886692545,0.0
validation,3214,ligand_ligand_only,5.03,4.5673680322489405,0.0
validation,3220,ligand_ligand_only,3.88,4.058131644539108,0.0
validation,3221,ligand_ligand_only,4.65,4.1365259678950395,0.0
validation,3233,ligand_ligand_only,4.25,3.976404739974096,0.0
validation,3254,ligand_ligand_only,4.34,4.081257128138272,0.0
validation,3258,ligand_ligand_only,5.31,4.251769687986245,0.0
validation,3265,ligand_ligand_only,5.18,4.069767125851882,0.0
validation,3272,ligand_ligand_only,2.75,3.611736042219432,0.0
validation,3275,ligand_ligand_only,4.51,4.076563387338256,0.0
validation,3276,ligand_ligand_only,5.23,4.08607883048734,0.0
validation,3278,ligand_ligand_only,5.49,4.493188679385612,0.0
validation,3279,ligand_ligand_only,5.2,4.356783011321429,0.0
validation,3280,ligand_ligand_only,3.2,3.6431531888936104,0.0
validation,3287,ligand_ligand_only,4.89,3.7905708563463456,0.0
validation,3294,ligand_ligand_only,5.22,4.022361836020466,0.0
validation,3307,ligand_ligand_only,2.37,3.7385925457556795,0.0
validation,3312,ligand_ligand_only,5.865,4.533128120706711,0.0
validation,3313,ligand_ligand_only,3.67,4.663395024091887,0.0
validation,3321,ligand_ligand_only,5.01,4.553377353858781,0.0
validation,3331,ligand_ligand_only,5.95,4.756169297304582,0.0
validation,3346,ligand_ligand_only,3.99,4.769086405302476,0.0
validation,3347,ligand_ligand_only,4.33,4.008183054736401,0.0
validation,3351,ligand_ligand_only,1.78,4.059153277887998,0.0
validation,3352,ligand_ligand_only,3.86,3.755219053603766,0.0
validation,3356,ligand_ligand_only,4.76,4.248230136956803,0.0
validation,3358,ligand_ligand_only,5.03,4.072654686428695,0.0
validation,3360,ligand_ligand_only,4.34,4.48123944201395,0.0
validation,3372,ligand_ligand_only,3.33,4.675811031761112,0.0
validation,3374,ligand_ligand_only,4.66,4.244490094551734,0.0
validation,3381,ligand_ligand_only,2.05,3.048115374039006,0.0
validation,3383,ligand_ligand_only,5.29,4.76064259942464,0.0
validation,3387,ligand_ligand_only,5.55,4.483554901869313,0.0
validation,3390,ligand_ligand_only,2.95,4.82684077719607,0.0
validation,3406,ligand_ligand_only,2.54,4.6226040874896155,0.0
validation,3412,ligand_ligand_only,5.38,4.511485301991421,0.0
validation,3415,ligand_ligand_only,4.8,3.931478734391698,0.0
validation,3420,ligand_ligand_only,2.16,3.7684540655626044,0.0
validation,3427,ligand_ligand_only,4.45,3.8923253751249236,0.0
validation,3428,ligand_ligand_only,5.35,4.155499473378317,0.0
validation,3432,ligand_ligand_only,5.78,5.295374494004374,0.0
validation,3433,ligand_ligand_only,1.9,4.9248413694195365,0.0
validation,3435,ligand_ligand_only,5.31,4.5553837455255515,0.0
validation,3443,ligand_ligand_only,4.95,5.038026348434501,0.0
validation,3451,ligand_ligand_only,5.2,4.470890300825455,0.0
validation,3454,ligand_ligand_only,5.6,5.19012215756679,0.0
validation,3465,ligand_ligand_only,4.85,4.194651344064759,0.0
validation,3469,ligand_ligand_only,4.48,4.3033107710895475,0.0
validation,3474,ligand_ligand_only,4.05,4.5120452935671205,0.0
validation,3498,ligand_ligand_only,4.41,4.1625837524355305,0.0
validation,3500,ligand_ligand_only,4.79,4.441493561948857,0.0
validation,3504,ligand_ligand_only,4.28,3.9988814714438106,0.0
validation,3505,ligand_ligand_only,4.859999999999999,4.583126741690691,0.0
validation,3515,ligand_ligand_only,4.38,4.305547893748323,0.0
validation,3517,ligand_ligand_only,4.97,4.432995445130635,0.0
validation,3518,ligand_ligand_only,1.88,3.896158383939251,0.0
validation,3519,ligand_ligand_only,1.84,3.7317679938887816,0.0
validation,3521,ligand_ligand_only,5.66,4.729316337895946,0.0
validation,3532,ligand_ligand_only,4.63,4.4163731110884346,0.0
validation,3536,ligand_ligand_only,5.84,4.561588526410115,0.0
validation,3538,ligand_ligand_only,4.85,3.9972990763175877,0.0
validation,3547,ligand_ligand_only,5.33,4.592074636222537,0.0
validation,3556,ligand_ligand_only,5.21,5.0757179895279405,0.0
validation,3557,ligand_ligand_only,5.4,4.328813016774961,0.0
validation,3559,ligand_ligand_only,4.63,4.304071189526377,0.0
validation,3560,ligand_ligand_only,4.75,4.566138177247802,0.0
validation,3566,ligand_ligand_only,5.61,3.889131153493969,0.0
validation,3567,ligand_ligand_only,3.06,3.7579193146712804,0.0
validation,3592,ligand_ligand_only,4.2,3.946306347243987,0.0
validation,3595,ligand_ligand_only,4.93,4.424922716663088,0.0
validation,3603,ligand_ligand_only,4.97,3.8621336462899825,0.0
validation,3605,ligand_ligand_only,4.92,4.11217011237423,0.0
validation,3606,ligand_ligand_only,5.3,4.261007939015436,0.0
validation,3608,ligand_ligand_only,5.15,3.887709615299577,0.0
validation,3609,ligand_ligand_only,4.67,4.198185636181118,0.0
validation,3614,ligand_ligand_only,3.64,4.491647497793917,0.0
validation,3623,ligand_ligand_only,4.86,4.442263562175751,0.0
validation,3624,ligand_ligand_only,3.99,4.162902044573877,0.0
validation,3632,ligand_ligand_only,5.54,4.566559971894132,0.0
validation,3634,ligand_ligand_only,3.93,4.92180837463645,0.0
validation,3635,ligand_ligand_only,5.06,4.076302747361077,0.0
validation,3636,ligand_ligand_only,4.5,4.693524314497905,0.0
validation,3656,ligand_ligand_only,3.9,4.286716477320136,0.0
validation,3662,ligand_ligand_only,4.53,3.962372943828238,0.0
validation,3667,ligand_ligand_only,1.82,3.993300015106058,0.0
validation,3669,ligand_ligand_only,6.605,4.072949402894098,0.0
validation,3673,ligand_ligand_only,5.01,3.8368748670347137,0.0
validation,3680,ligand_ligand_only,4.58,3.821074503309876,0.0
validation,3686,ligand_ligand_only,4.22,4.0934711626633415,0.0
validation,3699,ligand_ligand_only,5.01,4.371168506086981,0.0
validation,3705,ligand_ligand_only,4.95,4.45727224225192,0.0
validation,3707,ligand_ligand_only,4.92,4.0863619748287885,0.0
validation,3710,ligand_ligand_only,4.86,5.218374061920525,0.0
validation,3721,ligand_ligand_only,5.23,4.744031257522568,0.0
validation,3743,ligand_ligand_only,6.6850000000000005,4.255680830478166,0.0
validation,3746,ligand_ligand_only,3.59,3.8899129770985876,0.0
validation,3747,ligand_ligand_only,3.78,4.2908490216242745,0.0
validation,3752,ligand_ligand_only,4.52,4.158633397122559,0.0
validation,3753,ligand_ligand_only,4.58,5.0983029663408805,0.0
validation,3755,ligand_ligand_only,2.98,4.120089755636116,0.0
validation,3757,ligand_ligand_only,2.44,4.470646462176284,0.0
validation,3762,ligand_ligand_only,3.95,3.97290185724156,0.0
validation,3773,ligand_ligand_only,4.8,4.09157641624632,0.0
validation,3778,ligand_ligand_only,4.96,4.603410960235644,0.0
validation,3779,ligand_ligand_only,4.46,4.0437865533990704,0.0
validation,3782,ligand_ligand_only,4.42,3.974587852801682,0.0
validation,3785,ligand_ligand_only,5.33,4.04571645000261,0.0
validation,3792,ligand_ligand_only,4.6850000000000005,4.682592456553651,0.0
validation,3796,ligand_ligand_only,4.79,5.292760321876376,0.0
validation,3800,ligand_ligand_only,4.99,4.582869883471948,0.0
validation,3802,ligand_ligand_only,4.16,3.7381544795415964,0.0
validation,3805,ligand_ligand_only,4.49,4.395837163628881,0.0
validation,3810,ligand_ligand_only,5.03,4.175274125964669,0.0
validation,3822,ligand_ligand_only,5.38,4.808432088622457,0.0
validation,3825,ligand_ligand_only,5.34,4.07879461026806,0.0
validation,3826,ligand_ligand_only,5.04,5.313297261873473,0.0
validation,3835,ligand_ligand_only,4.755,3.806130583547716,0.0
validation,3841,ligand_ligand_only,4.22,5.486428464443765,0.0
validation,3843,ligand_ligand_only,4.56,3.572690502685025,0.0
validation,3847,ligand_ligand_only,3.24,4.5928167997635745,0.0
validation,3861,ligand_ligand_only,4.2,3.675870837635955,0.0
validation,3864,ligand_ligand_only,4.96,4.060781511237302,0.0
validation,3868,ligand_ligand_only,5.28,3.9367412559806385,0.0
validation,3870,ligand_ligand_only,5.01,4.373353157949105,0.0
validation,3872,ligand_ligand_only,4.92,3.994369722579819,0.0
validation,3874,ligand_ligand_only,5.3,4.3371472124869825,0.0
validation,3875,ligand_ligand_only,5.58,3.7412555528128926,0.0
validation,3891,ligand_ligand_only,2.68,4.033524615034605,0.0
validation,3910,ligand_ligand_only,5.36,4.293897776745172,0.0
validation,3914,ligand_ligand_only,4.0,3.796104151683054,0.0
validation,3927,ligand_ligand_only,3.91,5.127471769242238,0.0
validation,3929,ligand_ligand_only,3.41,3.8355574378981387,0.0
validation,3931,ligand_ligand_only,5.24,5.029690729940025,0.0
validation,3932,ligand_ligand_only,3.71,3.8805430898250943,0.0
validation,3943,ligand_ligand_only,2.91,3.6445109864106144,0.0
validation,3947,ligand_ligand_only,3.97,4.051161875667488,0.0
validation,3954,ligand_ligand_only,5.06,4.349187856396949,0.0
validation,3970,ligand_ligand_only,1.74,3.854978906195738,0.0
validation,3984,ligand_ligand_only,3.99,4.161618190593771,0.0
validation,3986,ligand_ligand_only,2.92,3.7730107775135986,0.0
validation,4008,ligand_ligand_only,4.78,4.695981685705422,0.0
validation,4013,ligand_ligand_only,4.22,4.53574501044293,0.0
validation,4014,ligand_ligand_only,4.99,3.862598853130157,0.0
validation,4032,ligand_ligand_only,4.66,4.55276207504534,0.0
validation,4037,ligand_ligand_only,6.225,4.248449439874275,0.0
validation,4049,ligand_ligand_only,1.97,4.159306743143409,0.0
validation,4060,ligand_ligand_only,4.83,4.268619671933198,0.0
validation,4063,ligand_ligand_only,5.33,3.9871780709786897,0.0
validation,4065,ligand_ligand_only,4.54,4.1454709846751525,0.0
validation,4078,ligand_ligand_only,4.64,4.416393137718428,0.0
validation,4087,ligand_ligand_only,4.98,5.041574159054546,0.0
validation,4091,ligand_ligand_only,3.96,4.647812734960526,0.0
validation,4096,ligand_ligand_only,5.57,5.064973907952652,0.0
validation,4100,ligand_ligand_only,4.45,4.169350637398192,0.0
validation,4108,ligand_ligand_only,4.48,4.153743637335187,0.0
validation,4110,ligand_ligand_only,5.15,5.006382095513436,0.0
validation,4125,ligand_ligand_only,6.27,5.117220632346638,0.0
validation,4133,ligand_ligand_only,4.18,4.62317590632517,0.0
development,1,receptor_ligand_only,4.36,3.917812196940495,0.0;0.0;0.0;0.0;0.0
development,3,receptor_ligand_only,5.41,4.314359441897874,0.0;0.0;0.0;0.0;0.0
development,4,receptor_ligand_only,5.01,4.089292043264817,0.0;0.0;0.0;0.0;0.0
development,5,receptor_ligand_only,5.07,4.247814806095279,0.0;0.0;0.0;0.0;0.0
development,6,receptor_ligand_only,5.03,4.159050256148631,0.0;0.0;0.0;0.0;0.0
development,7,receptor_ligand_only,3.62,4.530991401920106,0.0;0.0;0.0;0.0;0.0
development,8,receptor_ligand_only,2.34,3.6039697916160316,0.0;0.0;0.0;0.0;0.0
development,9,receptor_ligand_only,5.915,4.322589398979608,0.0;0.0;0.0;0.0;0.0
development,12,receptor_ligand_only,3.73,3.838097739846612,0.0;0.0;0.0;0.0;0.0
development,13,receptor_ligand_only,4.73,4.699830185807688,0.0;0.0;0.0;0.0;0.0
development,14,receptor_ligand_only,5.48,4.83818785143824,0.0;0.0;0.0;0.0;0.0
development,15,receptor_ligand_only,5.21,3.9800641463758315,0.0;0.0;0.0;0.0;0.0
development,16,receptor_ligand_only,4.84,5.00127512039553,0.0;0.0;0.0;0.0;0.0
development,17,receptor_ligand_only,4.86,5.476368934866112,0.0;0.0;0.0;0.0;0.0
development,18,receptor_ligand_only,4.86,3.966555814698549,0.0;0.0;0.0;0.0;0.0
development,19,receptor_ligand_only,5.74,4.055660458017357,0.0;0.0;0.0;0.0;0.0
development,20,receptor_ligand_only,4.44,4.321242836525108,0.0;0.0;0.0;0.0;0.0
development,21,receptor_ligand_only,5.3,4.442402045370337,0.0;0.0;0.0;0.0;0.0
development,22,receptor_ligand_only,5.88,5.114734476588863,0.0;0.0;0.0;0.0;0.0
development,23,receptor_ligand_only,4.75,5.188537481798635,0.0;0.0;0.0;0.0;0.0
development,24,receptor_ligand_only,4.43,4.5624566268449644,0.0;0.0;0.0;0.0;0.0
development,25,receptor_ligand_only,4.57,4.071372228662425,0.0;0.0;0.0;0.0;0.0
development,26,receptor_ligand_only,2.27,3.645142509086317,0.0;0.0;0.0;0.0;0.0
development,27,receptor_ligand_only,5.54,4.633222116691943,0.0;0.0;0.0;0.0;0.0
development,28,receptor_ligand_only,2.49,4.04908665467929,0.0;0.0;0.0;0.0;0.0
development,29,receptor_ligand_only,3.36,4.723280604831387,0.0;0.0;0.0;0.0;0.0
development,30,receptor_ligand_only,5.28,4.469135761071375,0.0;0.0;0.0;0.0;0.0
development,31,receptor_ligand_only,4.72,4.892551871155229,0.0;0.0;0.0;0.0;0.0
development,32,receptor_ligand_only,5.46,4.662749730674801,0.0;0.0;0.0;0.0;0.0
development,33,receptor_ligand_only,3.52,4.744242384480897,0.0;0.0;0.0;0.0;0.0
development,34,receptor_ligand_only,5.3,4.131532336970632,0.0;0.0;0.0;0.0;0.0
development,35,receptor_ligand_only,3.76,4.054455852308513,0.0;0.0;0.0;0.0;0.0
development,36,receptor_ligand_only,4.89,4.711292252936862,0.0;0.0;0.0;0.0;0.0
development,37,receptor_ligand_only,1.83,4.026582076847936,0.0;0.0;0.0;0.0;0.0
development,40,receptor_ligand_only,2.28,3.907447663744602,0.0;0.0;0.0;0.0;0.0
development,43,receptor_ligand_only,4.12,4.491500863050578,0.0;0.0;0.0;0.0;0.0
development,44,receptor_ligand_only,4.64,3.744293106093713,0.0;0.0;0.0;0.0;0.0
development,45,receptor_ligand_only,3.13,4.1439207064502535,0.0;0.0;0.0;0.0;0.0
development,47,receptor_ligand_only,5.19,4.714419325407347,0.0;0.0;0.0;0.0;0.0
development,48,receptor_ligand_only,5.2,4.484479900488475,0.0;0.0;0.0;0.0;0.0
development,49,receptor_ligand_only,4.69,4.325785907021135,0.0;0.0;0.0;0.0;0.0
development,50,receptor_ligand_only,4.93,4.034763398802834,0.0;0.0;0.0;0.0;0.0
development,51,receptor_ligand_only,3.41,4.181914669661746,0.0;0.0;0.0;0.0;0.0
development,52,receptor_ligand_only,2.78,4.688527256956324,0.0;0.0;0.0;0.0;0.0
development,53,receptor_ligand_only,5.12,4.635555941809427,0.0;0.0;0.0;0.0;0.0
development,54,receptor_ligand_only,5.09,4.866822536717629,0.0;0.0;0.0;0.0;0.0
development,55,receptor_ligand_only,5.54,4.266935060977005,0.0;0.0;0.0;0.0;0.0
development,56,receptor_ligand_only,4.42,4.194824272946705,0.0;0.0;0.0;0.0;0.0
development,57,receptor_ligand_only,4.77,4.149405473361653,0.0;0.0;0.0;0.0;0.0
development,58,receptor_ligand_only,3.0,5.18613331839638,0.0;0.0;0.0;0.0;0.0
development,59,receptor_ligand_only,6.470000000000001,4.80591114928928,0.0;0.0;0.0;0.0;0.0
development,61,receptor_ligand_only,4.66,4.62459595068966,0.0;0.0;0.0;0.0;0.0
development,63,receptor_ligand_only,2.01,4.78856608152642,0.0;0.0;0.0;0.0;0.0
development,64,receptor_ligand_only,2.79,4.042929222238886,0.0;0.0;0.0;0.0;0.0
development,65,receptor_ligand_only,5.035,3.8909536151288693,0.0;0.0;0.0;0.0;0.0
development,66,receptor_ligand_only,3.04,4.548626791277147,0.0;0.0;0.0;0.0;0.0
development,67,receptor_ligand_only,3.43,4.081420099540899,0.0;0.0;0.0;0.0;0.0
development,68,receptor_ligand_only,3.99,5.117019396437365,0.0;0.0;0.0;0.0;0.0
development,69,receptor_ligand_only,6.01,5.3554964703218415,0.0;0.0;0.0;0.0;0.0
development,70,receptor_ligand_only,5.14,4.623771169636235,0.0;0.0;0.0;0.0;0.0
development,73,receptor_ligand_only,4.56,4.852910707991647,0.0;0.0;0.0;0.0;0.0
development,74,receptor_ligand_only,4.74,4.272648978186697,0.0;0.0;0.0;0.0;0.0
development,75,receptor_ligand_only,4.39,4.860052243322521,0.0;0.0;0.0;0.0;0.0
development,76,receptor_ligand_only,4.75,4.133544925792995,0.0;0.0;0.0;0.0;0.0
development,77,receptor_ligand_only,4.06,4.180629931505239,0.0;0.0;0.0;0.0;0.0
development,78,receptor_ligand_only,4.75,4.330873272655252,0.0;0.0;0.0;0.0;0.0
development,81,receptor_ligand_only,4.07,4.346127680623953,0.0;0.0;0.0;0.0;0.0
development,82,receptor_ligand_only,4.03,4.652595449396355,0.0;0.0;0.0;0.0;0.0
development,83,receptor_ligand_only,1.76,4.29893441630914,0.0;0.0;0.0;0.0;0.0
development,86,receptor_ligand_only,5.45,4.414370739542485,0.0;0.0;0.0;0.0;0.0
development,89,receptor_ligand_only,5.74,4.535641973396904,0.0;0.0;0.0;0.0;0.0
development,90,receptor_ligand_only,5.2,4.274035108941387,0.0;0.0;0.0;0.0;0.0
development,91,receptor_ligand_only,5.25,4.0709664469239355,0.0;0.0;0.0;0.0;0.0
development,92,receptor_ligand_only,5.57,4.550754952121796,0.0;0.0;0.0;0.0;0.0
development,93,receptor_ligand_only,5.59,4.59062356314185,0.0;0.0;0.0;0.0;0.0
development,94,receptor_ligand_only,2.59,4.489656444013335,0.0;0.0;0.0;0.0;0.0
development,95,receptor_ligand_only,5.25,4.968028763403039,0.0;0.0;0.0;0.0;0.0
development,96,receptor_ligand_only,2.02,4.187590454767198,0.0;0.0;0.0;0.0;0.0
development,97,receptor_ligand_only,3.69,4.02280320687643,0.0;0.0;0.0;0.0;0.0
development,99,receptor_ligand_only,2.05,3.2717390034034017,0.0;0.0;0.0;0.0;0.0
development,100,receptor_ligand_only,5.12,4.142087073063243,0.0;0.0;0.0;0.0;0.0
development,101,receptor_ligand_only,2.44,4.434771149160691,0.0;0.0;0.0;0.0;0.0
development,102,receptor_ligand_only,3.79,3.5790673475680523,0.0;0.0;0.0;0.0;0.0
development,104,receptor_ligand_only,4.87,4.003875934401281,0.0;0.0;0.0;0.0;0.0
development,105,receptor_ligand_only,4.1,4.523087918462701,0.0;0.0;0.0;0.0;0.0
development,106,receptor_ligand_only,2.86,4.1733066986513645,0.0;0.0;0.0;0.0;0.0
development,108,receptor_ligand_only,1.89,4.545210462736176,0.0;0.0;0.0;0.0;0.0
development,109,receptor_ligand_only,3.35,4.3023158669059045,0.0;0.0;0.0;0.0;0.0
development,111,receptor_ligand_only,3.91,5.134562239471991,0.0;0.0;0.0;0.0;0.0
development,113,receptor_ligand_only,4.71,3.849136634727213,0.0;0.0;0.0;0.0;0.0
development,114,receptor_ligand_only,4.66,4.388216440702304,0.0;0.0;0.0;0.0;0.0
development,115,receptor_ligand_only,4.88,4.017471797293956,0.0;0.0;0.0;0.0;0.0
development,116,receptor_ligand_only,4.8,4.062111989041432,0.0;0.0;0.0;0.0;0.0
development,118,receptor_ligand_only,1.94,3.9999712764221127,0.0;0.0;0.0;0.0;0.0
development,119,receptor_ligand_only,4.98,4.711142351796444,0.0;0.0;0.0;0.0;0.0
development,120,receptor_ligand_only,4.63,3.8409704153986755,0.0;0.0;0.0;0.0;0.0
development,121,receptor_ligand_only,4.34,4.087354398829461,0.0;0.0;0.0;0.0;0.0
development,122,receptor_ligand_only,5.19,4.490512533642672,0.0;0.0;0.0;0.0;0.0
development,123,receptor_ligand_only,2.22,4.4868435827350295,0.0;0.0;0.0;0.0;0.0
development,124,receptor_ligand_only,5.02,3.960476515312308,0.0;0.0;0.0;0.0;0.0
development,125,receptor_ligand_only,2.39,3.4668345874302933,0.0;0.0;0.0;0.0;0.0
development,126,receptor_ligand_only,5.96,4.401954778389792,0.0;0.0;0.0;0.0;0.0
development,127,receptor_ligand_only,4.41,5.01282362535147,0.0;0.0;0.0;0.0;0.0
development,128,receptor_ligand_only,4.32,4.16717812247717,0.0;0.0;0.0;0.0;0.0
development,129,receptor_ligand_only,4.14,4.213429009877149,0.0;0.0;0.0;0.0;0.0
development,130,receptor_ligand_only,4.4,4.232695492165145,0.0;0.0;0.0;0.0;0.0
development,131,receptor_ligand_only,5.52,4.615303385295998,0.0;0.0;0.0;0.0;0.0
development,132,receptor_ligand_only,4.57,3.830258098356387,0.0;0.0;0.0;0.0;0.0
development,133,receptor_ligand_only,4.97,4.034664058979465,0.0;0.0;0.0;0.0;0.0
development,135,receptor_ligand_only,5.28,4.9118725102930725,0.0;0.0;0.0;0.0;0.0
development,136,receptor_ligand_only,5.34,4.388973740788958,0.0;0.0;0.0;0.0;0.0
development,138,receptor_ligand_only,4.92,5.330722521379681,0.0;0.0;0.0;0.0;0.0
development,139,receptor_ligand_only,5.38,4.612599690059921,0.0;0.0;0.0;0.0;0.0
development,140,receptor_ligand_only,4.58,4.447376330744658,0.0;0.0;0.0;0.0;0.0
development,141,receptor_ligand_only,5.22,4.1213779230864676,0.0;0.0;0.0;0.0;0.0
development,142,receptor_ligand_only,5.16,4.708363561188186,0.0;0.0;0.0;0.0;0.0
development,143,receptor_ligand_only,4.97,4.7608751176875606,0.0;0.0;0.0;0.0;0.0
development,146,receptor_ligand_only,4.83,4.0926389572936355,0.0;0.0;0.0;0.0;0.0
development,147,receptor_ligand_only,3.15,3.910275026893811,0.0;0.0;0.0;0.0;0.0
development,148,receptor_ligand_only,4.9,4.348759409597163,0.0;0.0;0.0;0.0;0.0
development,149,receptor_ligand_only,5.13,4.144968200566153,0.0;0.0;0.0;0.0;0.0
development,150,receptor_ligand_only,5.28,4.6947668502355455,0.0;0.0;0.0;0.0;0.0
development,152,receptor_ligand_only,3.94,4.4771350472039115,0.0;0.0;0.0;0.0;0.0
development,154,receptor_ligand_only,5.35,4.20648954671762,0.0;0.0;0.0;0.0;0.0
development,157,receptor_ligand_only,5.42,4.656875940955399,0.0;0.0;0.0;0.0;0.0
development,158,receptor_ligand_only,2.98,3.817991074090931,0.0;0.0;0.0;0.0;0.0
development,159,receptor_ligand_only,2.63,4.75113850012509,0.0;0.0;0.0;0.0;0.0
development,161,receptor_ligand_only,2.85,3.54607589593143,0.0;0.0;0.0;0.0;0.0
development,162,receptor_ligand_only,5.41,4.412325558850453,0.0;0.0;0.0;0.0;0.0
development,163,receptor_ligand_only,1.86,3.648362670297097,0.0;0.0;0.0;0.0;0.0
development,164,receptor_ligand_only,2.08,5.607674059588285,0.0;0.0;0.0;0.0;0.0
development,165,receptor_ligand_only,4.95,4.089275645983078,0.0;0.0;0.0;0.0;0.0
development,166,receptor_ligand_only,4.91,4.385847080797879,0.0;0.0;0.0;0.0;0.0
development,167,receptor_ligand_only,5.13,3.877044155928767,0.0;0.0;0.0;0.0;0.0
development,168,receptor_ligand_only,5.06,4.744879414783649,0.0;0.0;0.0;0.0;0.0
development,169,receptor_ligand_only,5.0,4.487594414856851,0.0;0.0;0.0;0.0;0.0
development,170,receptor_ligand_only,5.6,4.4082943444506535,0.0;0.0;0.0;0.0;0.0
development,171,receptor_ligand_only,5.32,4.627411853552053,0.0;0.0;0.0;0.0;0.0
development,172,receptor_ligand_only,4.31,4.025940263732656,0.0;0.0;0.0;0.0;0.0
development,173,receptor_ligand_only,1.71,5.178924846184247,0.0;0.0;0.0;0.0;0.0
development,174,receptor_ligand_only,2.53,3.4928191569367266,0.0;0.0;0.0;0.0;0.0
development,175,receptor_ligand_only,6.63,4.335672142892277,0.0;0.0;0.0;0.0;0.0
development,176,receptor_ligand_only,4.57,3.7793867959859324,0.0;0.0;0.0;0.0;0.0
development,177,receptor_ligand_only,4.08,3.7692810481162793,0.0;0.0;0.0;0.0;0.0
development,178,receptor_ligand_only,3.9,4.09472661338978,0.0;0.0;0.0;0.0;0.0
development,179,receptor_ligand_only,2.1,3.248770881729043,0.0;0.0;0.0;0.0;0.0
development,180,receptor_ligand_only,3.63,4.754179097798111,0.0;0.0;0.0;0.0;0.0
development,181,receptor_ligand_only,4.31,4.07641643360015,0.0;0.0;0.0;0.0;0.0
development,182,receptor_ligand_only,1.73,4.441676896808862,0.0;0.0;0.0;0.0;0.0
development,183,receptor_ligand_only,5.13,4.35483770958825,0.0;0.0;0.0;0.0;0.0
development,184,receptor_ligand_only,4.15,4.299785962435309,0.0;0.0;0.0;0.0;0.0
development,185,receptor_ligand_only,4.44,4.108244380358303,0.0;0.0;0.0;0.0;0.0
development,186,receptor_ligand_only,2.7,4.1164713236410115,0.0;0.0;0.0;0.0;0.0
development,187,receptor_ligand_only,4.63,4.09026690143773,0.0;0.0;0.0;0.0;0.0
development,189,receptor_ligand_only,4.5,4.242165389950767,0.0;0.0;0.0;0.0;0.0
development,190,receptor_ligand_only,4.58,4.3044858993478075,0.0;0.0;0.0;0.0;0.0
development,191,receptor_ligand_only,3.38,4.510426069158342,0.0;0.0;0.0;0.0;0.0
development,193,receptor_ligand_only,2.55,4.153238767279677,0.0;0.0;0.0;0.0;0.0
development,194,receptor_ligand_only,3.35,4.062687676136764,0.0;0.0;0.0;0.0;0.0
development,196,receptor_ligand_only,4.61,4.326747637581327,0.0;0.0;0.0;0.0;0.0
development,197,receptor_ligand_only,1.66,4.370887591772859,0.0;0.0;0.0;0.0;0.0
development,198,receptor_ligand_only,3.96,4.137823270731167,0.0;0.0;0.0;0.0;0.0
development,201,receptor_ligand_only,2.79,3.7480000475885453,0.0;0.0;0.0;0.0;0.0
development,203,receptor_ligand_only,5.44,3.9721526366252586,0.0;0.0;0.0;0.0;0.0
development,204,receptor_ligand_only,3.08,4.279625722539493,0.0;0.0;0.0;0.0;0.0
development,205,receptor_ligand_only,4.47,3.6842576366007425,0.0;0.0;0.0;0.0;0.0
development,206,receptor_ligand_only,4.23,4.551126525774251,0.0;0.0;0.0;0.0;0.0
development,207,receptor_ligand_only,4.22,4.276258681618642,0.0;0.0;0.0;0.0;0.0
development,208,receptor_ligand_only,5.51,4.0333978330511675,0.0;0.0;0.0;0.0;0.0
development,209,receptor_ligand_only,5.13,4.828736414092042,0.0;0.0;0.0;0.0;0.0
development,211,receptor_ligand_only,2.42,4.140957048243767,0.0;0.0;0.0;0.0;0.0
development,214,receptor_ligand_only,1.72,3.93326302848977,0.0;0.0;0.0;0.0;0.0
development,215,receptor_ligand_only,5.05,4.195290262700238,0.0;0.0;0.0;0.0;0.0
development,216,receptor_ligand_only,1.94,3.7179389734683514,0.0;0.0;0.0;0.0;0.0
development,217,receptor_ligand_only,5.03,4.349758629467247,0.0;0.0;0.0;0.0;0.0
development,220,receptor_ligand_only,5.31,4.112520123340915,0.0;0.0;0.0;0.0;0.0
development,221,receptor_ligand_only,5.22,4.394489486612591,0.0;0.0;0.0;0.0;0.0
development,222,receptor_ligand_only,3.29,3.9277422478539328,0.0;0.0;0.0;0.0;0.0
development,223,receptor_ligand_only,5.48,5.133242123070753,0.0;0.0;0.0;0.0;0.0
development,224,receptor_ligand_only,5.05,5.030766876501048,0.0;0.0;0.0;0.0;0.0
development,225,receptor_ligand_only,5.45,4.704201797961728,0.0;0.0;0.0;0.0;0.0
development,226,receptor_ligand_only,4.81,4.944763823435287,0.0;0.0;0.0;0.0;0.0
development,227,receptor_ligand_only,3.9,4.876929154719692,0.0;0.0;0.0;0.0;0.0
development,228,receptor_ligand_only,3.49,4.1919650375279165,0.0;0.0;0.0;0.0;0.0
development,229,receptor_ligand_only,4.82,4.385587797339645,0.0;0.0;0.0;0.0;0.0
development,230,receptor_ligand_only,5.27,4.571576695085241,0.0;0.0;0.0;0.0;0.0
development,231,receptor_ligand_only,5.32,4.546735591913836,0.0;0.0;0.0;0.0;0.0
development,232,receptor_ligand_only,4.87,4.475475398855014,0.0;0.0;0.0;0.0;0.0
development,233,receptor_ligand_only,4.61,4.494667910810501,0.0;0.0;0.0;0.0;0.0
development,234,receptor_ligand_only,5.41,4.081083807965535,0.0;0.0;0.0;0.0;0.0
development,235,receptor_ligand_only,3.56,3.901604157083614,0.0;0.0;0.0;0.0;0.0
development,236,receptor_ligand_only,4.93,3.5662422841352637,0.0;0.0;0.0;0.0;0.0
development,237,receptor_ligand_only,4.8,3.8506988600236998,0.0;0.0;0.0;0.0;0.0
development,238,receptor_ligand_only,3.49,3.9065919532850892,0.0;0.0;0.0;0.0;0.0
development,239,receptor_ligand_only,3.01,3.5880834320678474,0.0;0.0;0.0;0.0;0.0
development,240,receptor_ligand_only,5.82,4.074478468158353,0.0;0.0;0.0;0.0;0.0
development,241,receptor_ligand_only,5.33,4.5410939999887505,0.0;0.0;0.0;0.0;0.0
development,242,receptor_ligand_only,3.0,4.0520176546405375,0.0;0.0;0.0;0.0;0.0
development,243,receptor_ligand_only,1.76,4.547916501696884,0.0;0.0;0.0;0.0;0.0
development,244,receptor_ligand_only,5.3,4.359527215989611,0.0;0.0;0.0;0.0;0.0
development,245,receptor_ligand_only,5.58,4.013779697932856,0.0;0.0;0.0;0.0;0.0
development,246,receptor_ligand_only,3.14,3.4891002582714723,0.0;0.0;0.0;0.0;0.0
development,247,receptor_ligand_only,5.0,4.9475348079329,0.0;0.0;0.0;0.0;0.0
development,248,receptor_ligand_only,3.21,4.150840233211021,0.0;0.0;0.0;0.0;0.0
development,249,receptor_ligand_only,1.84,3.977617951288255,0.0;0.0;0.0;0.0;0.0
development,251,receptor_ligand_only,4.62,4.777585998461229,0.0;0.0;0.0;0.0;0.0
development,252,receptor_ligand_only,3.34,3.604741536939849,0.0;0.0;0.0;0.0;0.0
development,253,receptor_ligand_only,1.74,4.404100406357667,0.0;0.0;0.0;0.0;0.0
development,254,receptor_ligand_only,4.72,4.639491011104111,0.0;0.0;0.0;0.0;0.0
development,255,receptor_ligand_only,4.97,4.067274872742936,0.0;0.0;0.0;0.0;0.0
development,257,receptor_ligand_only,5.74,4.794568376700555,0.0;0.0;0.0;0.0;0.0
development,260,receptor_ligand_only,3.53,3.6331133205918147,0.0;0.0;0.0;0.0;0.0
development,261,receptor_ligand_only,5.67,4.360467931452978,0.0;0.0;0.0;0.0;0.0
development,263,receptor_ligand_only,1.91,3.829993057379112,0.0;0.0;0.0;0.0;0.0
development,265,receptor_ligand_only,5.15,4.42508296560654,0.0;0.0;0.0;0.0;0.0
development,266,receptor_ligand_only,5.12,4.418103439677073,0.0;0.0;0.0;0.0;0.0
development,267,receptor_ligand_only,2.24,4.371248051631168,0.0;0.0;0.0;0.0;0.0
development,268,receptor_ligand_only,5.18,4.65682438928063,0.0;0.0;0.0;0.0;0.0
development,270,receptor_ligand_only,5.01,3.9046967229171465,0.0;0.0;0.0;0.0;0.0
development,271,receptor_ligand_only,1.62,4.478500802132857,0.0;0.0;0.0;0.0;0.0
development,272,receptor_ligand_only,5.35,4.169743046673906,0.0;0.0;0.0;0.0;0.0
development,273,receptor_ligand_only,4.87,4.511246944696245,0.0;0.0;0.0;0.0;0.0
development,274,receptor_ligand_only,4.72,4.395278347754901,0.0;0.0;0.0;0.0;0.0
development,275,receptor_ligand_only,5.08,4.9220565674785774,0.0;0.0;0.0;0.0;0.0
development,277,receptor_ligand_only,5.2,4.916288507367311,0.0;0.0;0.0;0.0;0.0
development,278,receptor_ligand_only,4.39,4.087846673344456,0.0;0.0;0.0;0.0;0.0
development,279,receptor_ligand_only,4.39,4.636709838578978,0.0;0.0;0.0;0.0;0.0
development,283,receptor_ligand_only,2.53,4.2670461974445635,0.0;0.0;0.0;0.0;0.0
development,285,receptor_ligand_only,4.85,4.160956281019262,0.0;0.0;0.0;0.0;0.0
development,286,receptor_ligand_only,5.09,4.631433576197154,0.0;0.0;0.0;0.0;0.0
development,287,receptor_ligand_only,3.0,4.2244225078015525,0.0;0.0;0.0;0.0;0.0
development,288,receptor_ligand_only,4.14,4.29962954569874,0.0;0.0;0.0;0.0;0.0
development,289,receptor_ligand_only,1.86,4.259305313255095,0.0;0.0;0.0;0.0;0.0
development,290,receptor_ligand_only,4.7,4.2786002035479305,0.0;0.0;0.0;0.0;0.0
development,291,receptor_ligand_only,2.14,3.9756745838514145,0.0;0.0;0.0;0.0;0.0
development,292,receptor_ligand_only,5.64,4.2244985073966665,0.0;0.0;0.0;0.0;0.0
development,296,receptor_ligand_only,5.29,4.728499464840379,0.0;0.0;0.0;0.0;0.0
development,297,receptor_ligand_only,2.91,3.227364122282735,0.0;0.0;0.0;0.0;0.0
development,298,receptor_ligand_only,5.12,4.201256322493546,0.0;0.0;0.0;0.0;0.0
development,299,receptor_ligand_only,4.3,4.044604361082813,0.0;0.0;0.0;0.0;0.0
development,300,receptor_ligand_only,5.59,4.7842641846869025,0.0;0.0;0.0;0.0;0.0
development,301,receptor_ligand_only,2.92,3.846085477314833,0.0;0.0;0.0;0.0;0.0
development,302,receptor_ligand_only,5.29,3.706027669526166,0.0;0.0;0.0;0.0;0.0
development,303,receptor_ligand_only,4.84,4.666642065986836,0.0;0.0;0.0;0.0;0.0
development,304,receptor_ligand_only,4.53,4.2139404874854,0.0;0.0;0.0;0.0;0.0
development,305,receptor_ligand_only,5.18,4.031884063017018,0.0;0.0;0.0;0.0;0.0
development,307,receptor_ligand_only,5.63,4.347176440964692,0.0;0.0;0.0;0.0;0.0
development,308,receptor_ligand_only,5.23,4.631776872579554,0.0;0.0;0.0;0.0;0.0
development,309,receptor_ligand_only,4.61,4.595815263442369,0.0;0.0;0.0;0.0;0.0
development,310,receptor_ligand_only,4.2,4.382709371901335,0.0;0.0;0.0;0.0;0.0
development,311,receptor_ligand_only,5.04,4.110172214083746,0.0;0.0;0.0;0.0;0.0
development,312,receptor_ligand_only,3.23,3.9309260053934882,0.0;0.0;0.0;0.0;0.0
development,314,receptor_ligand_only,5.12,3.374443256894823,0.0;0.0;0.0;0.0;0.0
development,315,receptor_ligand_only,1.82,3.5595145000725177,0.0;0.0;0.0;0.0;0.0
development,316,receptor_ligand_only,2.68,4.143499545110728,0.0;0.0;0.0;0.0;0.0
development,317,receptor_ligand_only,5.61,4.309950932441881,0.0;0.0;0.0;0.0;0.0
development,319,receptor_ligand_only,4.87,4.217212679295694,0.0;0.0;0.0;0.0;0.0
development,321,receptor_ligand_only,1.95,4.237874218540639,0.0;0.0;0.0;0.0;0.0
development,322,receptor_ligand_only,2.92,3.940516761965018,0.0;0.0;0.0;0.0;0.0
development,324,receptor_ligand_only,5.24,4.460775531068535,0.0;0.0;0.0;0.0;0.0
development,325,receptor_ligand_only,2.54,3.576644008552959,0.0;0.0;0.0;0.0;0.0
development,327,receptor_ligand_only,5.16,4.134584764612582,0.0;0.0;0.0;0.0;0.0
development,328,receptor_ligand_only,6.41,5.158315835245642,0.0;0.0;0.0;0.0;0.0
development,329,receptor_ligand_only,4.59,4.415636452651793,0.0;0.0;0.0;0.0;0.0
development,330,receptor_ligand_only,5.56,4.655035288435435,0.0;0.0;0.0;0.0;0.0
development,331,receptor_ligand_only,2.28,3.4821868221547425,0.0;0.0;0.0;0.0;0.0
development,332,receptor_ligand_only,4.12,4.586248054521747,0.0;0.0;0.0;0.0;0.0
development,333,receptor_ligand_only,4.9,4.737366002812622,0.0;0.0;0.0;0.0;0.0
development,335,receptor_ligand_only,3.13,4.066142157276079,0.0;0.0;0.0;0.0;0.0
development,336,receptor_ligand_only,3.88,4.599050451740734,0.0;0.0;0.0;0.0;0.0
development,337,receptor_ligand_only,5.09,4.229267185660839,0.0;0.0;0.0;0.0;0.0
development,340,receptor_ligand_only,2.01,4.378190590942089,0.0;0.0;0.0;0.0;0.0
development,341,receptor_ligand_only,1.94,3.265349871097322,0.0;0.0;0.0;0.0;0.0
development,343,receptor_ligand_only,3.89,4.060004063578379,0.0;0.0;0.0;0.0;0.0
development,345,receptor_ligand_only,2.24,5.438384560659644,0.0;0.0;0.0;0.0;0.0
development,348,receptor_ligand_only,4.16,4.866645162562724,0.0;0.0;0.0;0.0;0.0
development,349,receptor_ligand_only,5.09,3.8809507967157377,0.0;0.0;0.0;0.0;0.0
development,351,receptor_ligand_only,4.82,4.126546986840035,0.0;0.0;0.0;0.0;0.0
development,352,receptor_ligand_only,3.67,4.499036435477032,0.0;0.0;0.0;0.0;0.0
development,353,receptor_ligand_only,1.82,4.7640244490504555,0.0;0.0;0.0;0.0;0.0
development,354,receptor_ligand_only,4.84,4.07166663602147,0.0;0.0;0.0;0.0;0.0
development,355,receptor_ligand_only,5.75,4.400866416071361,0.0;0.0;0.0;0.0;0.0
development,357,receptor_ligand_only,5.09,4.785602930083335,0.0;0.0;0.0;0.0;0.0
development,359,receptor_ligand_only,4.22,4.059881412544455,0.0;0.0;0.0;0.0;0.0
development,360,receptor_ligand_only,5.835,4.979363306925435,0.0;0.0;0.0;0.0;0.0
development,361,receptor_ligand_only,4.29,4.76389835276662,0.0;0.0;0.0;0.0;0.0
development,363,receptor_ligand_only,4.6,3.835165835195875,0.0;0.0;0.0;0.0;0.0
development,364,receptor_ligand_only,4.31,4.688923256113215,0.0;0.0;0.0;0.0;0.0
development,365,receptor_ligand_only,5.12,4.611224350494975,0.0;0.0;0.0;0.0;0.0
development,367,receptor_ligand_only,2.69,5.014447121518235,0.0;0.0;0.0;0.0;0.0
development,368,receptor_ligand_only,2.3,3.9634562840929344,0.0;0.0;0.0;0.0;0.0
development,369,receptor_ligand_only,4.34,4.128091245066312,0.0;0.0;0.0;0.0;0.0
development,370,receptor_ligand_only,5.16,4.830398248896391,0.0;0.0;0.0;0.0;0.0
development,371,receptor_ligand_only,5.14,4.814864169698139,0.0;0.0;0.0;0.0;0.0
development,373,receptor_ligand_only,2.91,4.649027682476878,0.0;0.0;0.0;0.0;0.0
development,374,receptor_ligand_only,5.35,4.3897575647189635,0.0;0.0;0.0;0.0;0.0
development,375,receptor_ligand_only,4.71,4.418100327609985,0.0;0.0;0.0;0.0;0.0
development,376,receptor_ligand_only,5.29,4.167088336345381,0.0;0.0;0.0;0.0;0.0
development,377,receptor_ligand_only,4.51,4.19509986040532,0.0;0.0;0.0;0.0;0.0
development,378,receptor_ligand_only,3.93,4.242519099809468,0.0;0.0;0.0;0.0;0.0
development,379,receptor_ligand_only,5.2,4.503352433787665,0.0;0.0;0.0;0.0;0.0
development,381,receptor_ligand_only,1.87,3.8059216270519998,0.0;0.0;0.0;0.0;0.0
development,382,receptor_ligand_only,5.29,4.8460972217361995,0.0;0.0;0.0;0.0;0.0
development,383,receptor_ligand_only,4.55,3.3614929045846944,0.0;0.0;0.0;0.0;0.0
development,384,receptor_ligand_only,4.0,5.933160338767003,0.0;0.0;0.0;0.0;0.0
development,385,receptor_ligand_only,4.83,4.465367989256253,0.0;0.0;0.0;0.0;0.0
development,386,receptor_ligand_only,5.45,4.283467361069678,0.0;0.0;0.0;0.0;0.0
development,387,receptor_ligand_only,5.61,4.390287104052624,0.0;0.0;0.0;0.0;0.0
development,388,receptor_ligand_only,4.4,4.10339915817026,0.0;0.0;0.0;0.0;0.0
development,389,receptor_ligand_only,5.975,4.335976125608871,0.0;0.0;0.0;0.0;0.0
development,391,receptor_ligand_only,4.75,4.527229234020818,0.0;0.0;0.0;0.0;0.0
development,392,receptor_ligand_only,2.89,4.1797017400728445,0.0;0.0;0.0;0.0;0.0
development,393,receptor_ligand_only,4.16,4.140296327264167,0.0;0.0;0.0;0.0;0.0
development,394,receptor_ligand_only,5.31,4.5536620886795305,0.0;0.0;0.0;0.0;0.0
development,395,receptor_ligand_only,4.76,4.903024783314628,0.0;0.0;0.0;0.0;0.0
development,396,receptor_ligand_only,4.69,4.002446266160559,0.0;0.0;0.0;0.0;0.0
development,400,receptor_ligand_only,5.0,4.69489662570713,0.0;0.0;0.0;0.0;0.0
development,401,receptor_ligand_only,3.09,3.839871871876869,0.0;0.0;0.0;0.0;0.0
development,402,receptor_ligand_only,3.58,4.560219219895045,0.0;0.0;0.0;0.0;0.0
development,403,receptor_ligand_only,4.04,4.188220565358555,0.0;0.0;0.0;0.0;0.0
development,404,receptor_ligand_only,4.36,3.7298764399316857,0.0;0.0;0.0;0.0;0.0
development,405,receptor_ligand_only,5.27,4.040918980090687,0.0;0.0;0.0;0.0;0.0
development,406,receptor_ligand_only,4.11,3.78453763416061,0.0;0.0;0.0;0.0;0.0
development,407,receptor_ligand_only,5.08,6.21429850377334,0.0;0.0;0.0;0.0;0.0
development,408,receptor_ligand_only,5.22,3.866451711660714,0.0;0.0;0.0;0.0;0.0
development,409,receptor_ligand_only,3.11,3.9631703470565296,0.0;0.0;0.0;0.0;0.0
development,410,receptor_ligand_only,3.62,3.982923931640116,0.0;0.0;0.0;0.0;0.0
development,411,receptor_ligand_only,4.9,4.638645906854039,0.0;0.0;0.0;0.0;0.0
development,412,receptor_ligand_only,4.83,4.249487920670159,0.0;0.0;0.0;0.0;0.0
development,413,receptor_ligand_only,4.93,4.651537313745571,0.0;0.0;0.0;0.0;0.0
development,414,receptor_ligand_only,5.06,4.387042262477402,0.0;0.0;0.0;0.0;0.0
development,415,receptor_ligand_only,1.88,3.436314924668487,0.0;0.0;0.0;0.0;0.0
development,416,receptor_ligand_only,6.140000000000001,4.723945324992257,0.0;0.0;0.0;0.0;0.0
development,418,receptor_ligand_only,2.83,3.877715466730058,0.0;0.0;0.0;0.0;0.0
development,421,receptor_ligand_only,4.4,4.342482289667056,0.0;0.0;0.0;0.0;0.0
development,422,receptor_ligand_only,4.51,4.166721736467296,0.0;0.0;0.0;0.0;0.0
development,424,receptor_ligand_only,5.53,4.17359663003812,0.0;0.0;0.0;0.0;0.0
development,425,receptor_ligand_only,2.31,3.6978030954847765,0.0;0.0;0.0;0.0;0.0
development,427,receptor_ligand_only,5.22,3.773603439783068,0.0;0.0;0.0;0.0;0.0
development,428,receptor_ligand_only,4.98,6.038800945830131,0.0;0.0;0.0;0.0;0.0
development,429,receptor_ligand_only,6.58,5.1013615133130505,0.0;0.0;0.0;0.0;0.0
development,432,receptor_ligand_only,5.44,4.629826890352643,0.0;0.0;0.0;0.0;0.0
development,433,receptor_ligand_only,5.45,4.421282594285245,0.0;0.0;0.0;0.0;0.0
development,434,receptor_ligand_only,3.97,4.813070740208657,0.0;0.0;0.0;0.0;0.0
development,435,receptor_ligand_only,3.73,3.9018171462386286,0.0;0.0;0.0;0.0;0.0
development,436,receptor_ligand_only,4.97,4.07825564764642,0.0;0.0;0.0;0.0;0.0
development,437,receptor_ligand_only,4.98,4.155208120686567,0.0;0.0;0.0;0.0;0.0
development,438,receptor_ligand_only,4.73,4.458350110926033,0.0;0.0;0.0;0.0;0.0
development,439,receptor_ligand_only,4.66,4.539364923376668,0.0;0.0;0.0;0.0;0.0
development,440,receptor_ligand_only,3.38,4.374687241250611,0.0;0.0;0.0;0.0;0.0
development,441,receptor_ligand_only,5.53,4.681546869493081,0.0;0.0;0.0;0.0;0.0
development,442,receptor_ligand_only,2.49,3.9434366700613146,0.0;0.0;0.0;0.0;0.0
development,443,receptor_ligand_only,5.55,4.4896194254668575,0.0;0.0;0.0;0.0;0.0
development,444,receptor_ligand_only,5.04,4.691553076926554,0.0;0.0;0.0;0.0;0.0
development,445,receptor_ligand_only,4.42,3.870468697408855,0.0;0.0;0.0;0.0;0.0
development,446,receptor_ligand_only,4.88,4.283189221686038,0.0;0.0;0.0;0.0;0.0
development,448,receptor_ligand_only,5.46,3.9880779738609577,0.0;0.0;0.0;0.0;0.0
development,449,receptor_ligand_only,5.2,4.2398637637046654,0.0;0.0;0.0;0.0;0.0
development,450,receptor_ligand_only,4.745,3.8139111322200914,0.0;0.0;0.0;0.0;0.0
development,451,receptor_ligand_only,4.45,3.9714913388370685,0.0;0.0;0.0;0.0;0.0
development,452,receptor_ligand_only,4.55,4.434537566239536,0.0;0.0;0.0;0.0;0.0
development,454,receptor_ligand_only,4.83,5.027557073831004,0.0;0.0;0.0;0.0;0.0
development,455,receptor_ligand_only,2.85,3.4653042818885815,0.0;0.0;0.0;0.0;0.0
development,457,receptor_ligand_only,4.8,3.8598376668222127,0.0;0.0;0.0;0.0;0.0
development,459,receptor_ligand_only,5.7,4.529976865844873,0.0;0.0;0.0;0.0;0.0
development,462,receptor_ligand_only,4.15,3.793021579753186,0.0;0.0;0.0;0.0;0.0
development,464,receptor_ligand_only,5.12,4.2294571006038835,0.0;0.0;0.0;0.0;0.0
development,465,receptor_ligand_only,4.78,3.977046597644953,0.0;0.0;0.0;0.0;0.0
development,466,receptor_ligand_only,2.0,4.299211186563893,0.0;0.0;0.0;0.0;0.0
development,467,receptor_ligand_only,4.64,3.9326459477375537,0.0;0.0;0.0;0.0;0.0
development,470,receptor_ligand_only,2.56,3.6368649529589803,0.0;0.0;0.0;0.0;0.0
development,471,receptor_ligand_only,4.85,4.029146887047682,0.0;0.0;0.0;0.0;0.0
development,472,receptor_ligand_only,3.84,4.150691577033036,0.0;0.0;0.0;0.0;0.0
development,475,receptor_ligand_only,4.78,4.342759371942782,0.0;0.0;0.0;0.0;0.0
development,476,receptor_ligand_only,4.49,4.354640633897281,0.0;0.0;0.0;0.0;0.0
development,477,receptor_ligand_only,4.91,4.828583198187992,0.0;0.0;0.0;0.0;0.0
development,478,receptor_ligand_only,5.19,5.000413861029789,0.0;0.0;0.0;0.0;0.0
development,479,receptor_ligand_only,4.79,4.171479078808788,0.0;0.0;0.0;0.0;0.0
development,480,receptor_ligand_only,4.17,5.246990107689757,0.0;0.0;0.0;0.0;0.0
development,481,receptor_ligand_only,2.57,4.30547431481862,0.0;0.0;0.0;0.0;0.0
development,482,receptor_ligand_only,5.07,4.6217416352539615,0.0;0.0;0.0;0.0;0.0
development,483,receptor_ligand_only,4.21,4.108032690914726,0.0;0.0;0.0;0.0;0.0
development,484,receptor_ligand_only,2.88,3.4368183266162657,0.0;0.0;0.0;0.0;0.0
development,485,receptor_ligand_only,4.46,4.492607159222065,0.0;0.0;0.0;0.0;0.0
development,486,receptor_ligand_only,3.37,4.151495025890385,0.0;0.0;0.0;0.0;0.0
development,487,receptor_ligand_only,5.775,4.356757740837512,0.0;0.0;0.0;0.0;0.0
development,489,receptor_ligand_only,4.88,6.023600636502421,0.0;0.0;0.0;0.0;0.0
development,490,receptor_ligand_only,1.83,4.249326748183886,0.0;0.0;0.0;0.0;0.0
development,491,receptor_ligand_only,4.79,4.099747800387081,0.0;0.0;0.0;0.0;0.0
development,492,receptor_ligand_only,3.95,3.986010523253944,0.0;0.0;0.0;0.0;0.0
development,493,receptor_ligand_only,4.97,4.5021443521076465,0.0;0.0;0.0;0.0;0.0
development,494,receptor_ligand_only,5.5,4.605553249682909,0.0;0.0;0.0;0.0;0.0
development,496,receptor_ligand_only,4.99,4.019465579154741,0.0;0.0;0.0;0.0;0.0
development,497,receptor_ligand_only,5.16,4.222947920767415,0.0;0.0;0.0;0.0;0.0
development,498,receptor_ligand_only,5.04,4.102329670226312,0.0;0.0;0.0;0.0;0.0
development,499,receptor_ligand_only,4.53,4.330347994833153,0.0;0.0;0.0;0.0;0.0
development,500,receptor_ligand_only,4.15,4.500181310720769,0.0;0.0;0.0;0.0;0.0
development,501,receptor_ligand_only,1.92,3.40063043008322,0.0;0.0;0.0;0.0;0.0
development,502,receptor_ligand_only,5.15,4.580014130768969,0.0;0.0;0.0;0.0;0.0
development,503,receptor_ligand_only,5.74,4.327512783659806,0.0;0.0;0.0;0.0;0.0
development,504,receptor_ligand_only,4.73,4.347681147885751,0.0;0.0;0.0;0.0;0.0
development,505,receptor_ligand_only,5.21,4.576020985098558,0.0;0.0;0.0;0.0;0.0
development,506,receptor_ligand_only,2.5,3.8597575668618296,0.0;0.0;0.0;0.0;0.0
development,507,receptor_ligand_only,3.98,3.828035652486497,0.0;0.0;0.0;0.0;0.0
development,508,receptor_ligand_only,4.57,3.9963116617315864,0.0;0.0;0.0;0.0;0.0
development,509,receptor_ligand_only,5.0,4.433233034556603,0.0;0.0;0.0;0.0;0.0
development,510,receptor_ligand_only,5.25,3.8434176960924704,0.0;0.0;0.0;0.0;0.0
development,511,receptor_ligand_only,5.22,4.262679159448174,0.0;0.0;0.0;0.0;0.0
development,513,receptor_ligand_only,6.845,4.71099955987824,0.0;0.0;0.0;0.0;0.0
development,514,receptor_ligand_only,5.37,4.88483608201469,0.0;0.0;0.0;0.0;0.0
development,515,receptor_ligand_only,4.57,5.089259363793017,0.0;0.0;0.0;0.0;0.0
development,516,receptor_ligand_only,2.79,3.278532165750206,0.0;0.0;0.0;0.0;0.0
development,517,receptor_ligand_only,5.09,4.736604728588001,0.0;0.0;0.0;0.0;0.0
development,519,receptor_ligand_only,3.93,4.828759530878398,0.0;0.0;0.0;0.0;0.0
development,522,receptor_ligand_only,5.26,4.1106812396374846,0.0;0.0;0.0;0.0;0.0
development,523,receptor_ligand_only,1.82,4.547236443517569,0.0;0.0;0.0;0.0;0.0
development,524,receptor_ligand_only,4.77,4.639538495372799,0.0;0.0;0.0;0.0;0.0
development,525,receptor_ligand_only,5.31,4.5022324616516,0.0;0.0;0.0;0.0;0.0
development,527,receptor_ligand_only,4.12,5.366148128981848,0.0;0.0;0.0;0.0;0.0
development,528,receptor_ligand_only,4.76,4.477322677351364,0.0;0.0;0.0;0.0;0.0
development,529,receptor_ligand_only,5.11,4.08323345843084,0.0;0.0;0.0;0.0;0.0
development,530,receptor_ligand_only,4.61,3.806106009218838,0.0;0.0;0.0;0.0;0.0
development,531,receptor_ligand_only,4.96,4.837844695089439,0.0;0.0;0.0;0.0;0.0
development,532,receptor_ligand_only,4.38,4.421927435113445,0.0;0.0;0.0;0.0;0.0
development,533,receptor_ligand_only,3.29,3.48711029782048,0.0;0.0;0.0;0.0;0.0
development,534,receptor_ligand_only,5.52,4.469913128871774,0.0;0.0;0.0;0.0;0.0
development,535,receptor_ligand_only,4.63,4.4223349056842824,0.0;0.0;0.0;0.0;0.0
development,536,receptor_ligand_only,4.71,4.302061949696303,0.0;0.0;0.0;0.0;0.0
development,538,receptor_ligand_only,3.59,4.525959468997672,0.0;0.0;0.0;0.0;0.0
development,539,receptor_ligand_only,5.44,4.308757193776627,0.0;0.0;0.0;0.0;0.0
development,540,receptor_ligand_only,2.57,3.798385319078186,0.0;0.0;0.0;0.0;0.0
development,542,receptor_ligand_only,2.56,4.360951616875442,0.0;0.0;0.0;0.0;0.0
development,543,receptor_ligand_only,4.99,3.977547546566822,0.0;0.0;0.0;0.0;0.0
development,545,receptor_ligand_only,4.21,4.28394102461804,0.0;0.0;0.0;0.0;0.0
development,547,receptor_ligand_only,5.27,4.544386241709312,0.0;0.0;0.0;0.0;0.0
development,548,receptor_ligand_only,3.92,3.9824020752214118,0.0;0.0;0.0;0.0;0.0
development,549,receptor_ligand_only,5.39,4.199247173939806,0.0;0.0;0.0;0.0;0.0
development,551,receptor_ligand_only,4.21,4.4876553363588805,0.0;0.0;0.0;0.0;0.0
development,552,receptor_ligand_only,5.57,4.263531040941167,0.0;0.0;0.0;0.0;0.0
development,553,receptor_ligand_only,5.23,4.071639914892146,0.0;0.0;0.0;0.0;0.0
development,555,receptor_ligand_only,4.38,4.495498044144172,0.0;0.0;0.0;0.0;0.0
development,556,receptor_ligand_only,5.25,4.348907261419752,0.0;0.0;0.0;0.0;0.0
development,557,receptor_ligand_only,5.09,4.5014441991186676,0.0;0.0;0.0;0.0;0.0
development,558,receptor_ligand_only,5.09,4.26429770008308,0.0;0.0;0.0;0.0;0.0
development,560,receptor_ligand_only,4.48,4.559197458299917,0.0;0.0;0.0;0.0;0.0
development,561,receptor_ligand_only,1.96,3.6391006234376166,0.0;0.0;0.0;0.0;0.0
development,562,receptor_ligand_only,2.34,3.892361937810592,0.0;0.0;0.0;0.0;0.0
development,564,receptor_ligand_only,6.27,4.71497830687378,0.0;0.0;0.0;0.0;0.0
development,565,receptor_ligand_only,3.22,3.634486974799084,0.0;0.0;0.0;0.0;0.0
development,566,receptor_ligand_only,3.66,3.9111019109265,0.0;0.0;0.0;0.0;0.0
development,567,receptor_ligand_only,5.41,4.767411909836788,0.0;0.0;0.0;0.0;0.0
development,568,receptor_ligand_only,4.8,4.632299929696464,0.0;0.0;0.0;0.0;0.0
development,570,receptor_ligand_only,3.4,3.7098081303793693,0.0;0.0;0.0;0.0;0.0
development,571,receptor_ligand_only,5.57,4.03628891285806,0.0;0.0;0.0;0.0;0.0
development,572,receptor_ligand_only,3.82,3.9785860824419417,0.0;0.0;0.0;0.0;0.0
development,573,receptor_ligand_only,1.77,4.366194470697034,0.0;0.0;0.0;0.0;0.0
development,574,receptor_ligand_only,4.35,4.145995396160166,0.0;0.0;0.0;0.0;0.0
development,575,receptor_ligand_only,4.9,4.3424608043968576,0.0;0.0;0.0;0.0;0.0
development,576,receptor_ligand_only,4.68,4.889081746062802,0.0;0.0;0.0;0.0;0.0
development,577,receptor_ligand_only,4.27,4.468195467881124,0.0;0.0;0.0;0.0;0.0
development,578,receptor_ligand_only,2.44,3.836572602652418,0.0;0.0;0.0;0.0;0.0
development,579,receptor_ligand_only,5.25,4.251149662176072,0.0;0.0;0.0;0.0;0.0
development,580,receptor_ligand_only,3.14,3.6962060475138934,0.0;0.0;0.0;0.0;0.0
development,581,receptor_ligand_only,1.78,5.062365117335201,0.0;0.0;0.0;0.0;0.0
development,582,receptor_ligand_only,5.25,5.917890666605357,0.0;0.0;0.0;0.0;0.0
development,583,receptor_ligand_only,4.67,3.599304431904744,0.0;0.0;0.0;0.0;0.0
development,584,receptor_ligand_only,3.11,3.9150898398954688,0.0;0.0;0.0;0.0;0.0
development,585,receptor_ligand_only,5.28,4.961241034955033,0.0;0.0;0.0;0.0;0.0
development,587,receptor_ligand_only,5.18,4.155054617983639,0.0;0.0;0.0;0.0;0.0
development,588,receptor_ligand_only,5.38,4.265847529839636,0.0;0.0;0.0;0.0;0.0
development,590,receptor_ligand_only,5.12,4.246307405421191,0.0;0.0;0.0;0.0;0.0
development,592,receptor_ligand_only,4.58,3.942862815786409,0.0;0.0;0.0;0.0;0.0
development,593,receptor_ligand_only,4.73,4.226381179657508,0.0;0.0;0.0;0.0;0.0
development,594,receptor_ligand_only,5.16,4.504859327596091,0.0;0.0;0.0;0.0;0.0
development,596,receptor_ligand_only,5.0,4.562115021540943,0.0;0.0;0.0;0.0;0.0
development,597,receptor_ligand_only,3.98,3.997523426945937,0.0;0.0;0.0;0.0;0.0
development,598,receptor_ligand_only,4.66,4.875328419271859,0.0;0.0;0.0;0.0;0.0
development,599,receptor_ligand_only,4.88,4.117310152036563,0.0;0.0;0.0;0.0;0.0
development,600,receptor_ligand_only,4.08,4.59688918670692,0.0;0.0;0.0;0.0;0.0
development,601,receptor_ligand_only,5.09,4.71334140200274,0.0;0.0;0.0;0.0;0.0
development,602,receptor_ligand_only,4.79,4.256932305745887,0.0;0.0;0.0;0.0;0.0
development,603,receptor_ligand_only,4.05,4.188585743756309,0.0;0.0;0.0;0.0;0.0
development,604,receptor_ligand_only,4.27,5.006001107841571,0.0;0.0;0.0;0.0;0.0
development,605,receptor_ligand_only,5.965,4.372224277424559,0.0;0.0;0.0;0.0;0.0
development,606,receptor_ligand_only,2.86,3.9302229487786042,0.0;0.0;0.0;0.0;0.0
development,607,receptor_ligand_only,4.41,4.195772583141709,0.0;0.0;0.0;0.0;0.0
development,608,receptor_ligand_only,4.84,4.456434830041681,0.0;0.0;0.0;0.0;0.0
development,610,receptor_ligand_only,5.27,4.622546848497461,0.0;0.0;0.0;0.0;0.0
development,611,receptor_ligand_only,4.64,4.230417058802415,0.0;0.0;0.0;0.0;0.0
development,612,receptor_ligand_only,4.92,4.150094852830583,0.0;0.0;0.0;0.0;0.0
development,613,receptor_ligand_only,5.44,4.867914792349511,0.0;0.0;0.0;0.0;0.0
development,614,receptor_ligand_only,5.02,5.478019404927643,0.0;0.0;0.0;0.0;0.0
development,615,receptor_ligand_only,4.46,4.404399003649715,0.0;0.0;0.0;0.0;0.0
development,616,receptor_ligand_only,4.67,4.164832692674341,0.0;0.0;0.0;0.0;0.0
development,617,receptor_ligand_only,4.53,3.327552915992254,0.0;0.0;0.0;0.0;0.0
development,618,receptor_ligand_only,3.94,4.027775787612837,0.0;0.0;0.0;0.0;0.0
development,619,receptor_ligand_only,5.43,4.779086707035102,0.0;0.0;0.0;0.0;0.0
development,620,receptor_ligand_only,3.04,3.8652551845836496,0.0;0.0;0.0;0.0;0.0
development,621,receptor_ligand_only,4.4,4.321475364014463,0.0;0.0;0.0;0.0;0.0
development,622,receptor_ligand_only,5.05,4.839553012863244,0.0;0.0;0.0;0.0;0.0
development,623,receptor_ligand_only,3.11,3.581222203470708,0.0;0.0;0.0;0.0;0.0
development,625,receptor_ligand_only,5.14,4.0433330066855655,0.0;0.0;0.0;0.0;0.0
development,626,receptor_ligand_only,4.61,4.182683172965923,0.0;0.0;0.0;0.0;0.0
development,627,receptor_ligand_only,3.44,4.377932481995049,0.0;0.0;0.0;0.0;0.0
development,629,receptor_ligand_only,6.07,4.517127984997315,0.0;0.0;0.0;0.0;0.0
development,630,receptor_ligand_only,4.54,4.306187038798791,0.0;0.0;0.0;0.0;0.0
development,631,receptor_ligand_only,5.62,4.906870372623814,0.0;0.0;0.0;0.0;0.0
development,632,receptor_ligand_only,4.13,4.329616947485747,0.0;0.0;0.0;0.0;0.0
development,633,receptor_ligand_only,4.29,3.8832242091960953,0.0;0.0;0.0;0.0;0.0
development,634,receptor_ligand_only,3.72,4.181577717543419,0.0;0.0;0.0;0.0;0.0
development,635,receptor_ligand_only,6.050000000000001,4.728724939786438,0.0;0.0;0.0;0.0;0.0
development,636,receptor_ligand_only,3.47,4.430711820757818,0.0;0.0;0.0;0.0;0.0
development,637,receptor_ligand_only,4.3,4.627207996824885,0.0;0.0;0.0;0.0;0.0
development,638,receptor_ligand_only,2.37,3.7027847574032307,0.0;0.0;0.0;0.0;0.0
development,639,receptor_ligand_only,5.44,4.642328033209087,0.0;0.0;0.0;0.0;0.0
development,641,receptor_ligand_only,2.01,3.9942993073668536,0.0;0.0;0.0;0.0;0.0
development,642,receptor_ligand_only,4.77,4.671018110371735,0.0;0.0;0.0;0.0;0.0
development,643,receptor_ligand_only,4.85,4.1793997014980935,0.0;0.0;0.0;0.0;0.0
development,644,receptor_ligand_only,5.06,4.168928853995625,0.0;0.0;0.0;0.0;0.0
development,645,receptor_ligand_only,4.49,4.54544510767248,0.0;0.0;0.0;0.0;0.0
development,646,receptor_ligand_only,5.54,5.158911803957275,0.0;0.0;0.0;0.0;0.0
development,648,receptor_ligand_only,2.68,4.303170662823766,0.0;0.0;0.0;0.0;0.0
development,649,receptor_ligand_only,3.35,3.9802953500004215,0.0;0.0;0.0;0.0;0.0
development,650,receptor_ligand_only,4.87,4.275278836356781,0.0;0.0;0.0;0.0;0.0
development,651,receptor_ligand_only,3.63,4.905663406141957,0.0;0.0;0.0;0.0;0.0
development,654,receptor_ligand_only,4.3,4.446884445380882,0.0;0.0;0.0;0.0;0.0
development,655,receptor_ligand_only,2.02,4.047713566834246,0.0;0.0;0.0;0.0;0.0
development,656,receptor_ligand_only,4.6,4.01298052053317,0.0;0.0;0.0;0.0;0.0
development,657,receptor_ligand_only,5.62,4.077220825682696,0.0;0.0;0.0;0.0;0.0
development,658,receptor_ligand_only,4.54,4.1981035420533725,0.0;0.0;0.0;0.0;0.0
development,659,receptor_ligand_only,4.94,4.459377253765065,0.0;0.0;0.0;0.0;0.0
development,660,receptor_ligand_only,5.904999999999999,3.972566023976065,0.0;0.0;0.0;0.0;0.0
development,661,receptor_ligand_only,5.39,4.215277860050075,0.0;0.0;0.0;0.0;0.0
development,662,receptor_ligand_only,5.57,4.674606242818427,0.0;0.0;0.0;0.0;0.0
development,664,receptor_ligand_only,4.55,4.961390898461523,0.0;0.0;0.0;0.0;0.0
development,665,receptor_ligand_only,5.0,4.040623811075335,0.0;0.0;0.0;0.0;0.0
development,667,receptor_ligand_only,4.73,5.102654738903071,0.0;0.0;0.0;0.0;0.0
development,668,receptor_ligand_only,4.38,4.526488156136766,0.0;0.0;0.0;0.0;0.0
development,669,receptor_ligand_only,5.68,4.129054899070783,0.0;0.0;0.0;0.0;0.0
development,670,receptor_ligand_only,5.71,4.425261734163815,0.0;0.0;0.0;0.0;0.0
development,671,receptor_ligand_only,4.54,4.217590000086124,0.0;0.0;0.0;0.0;0.0
development,673,receptor_ligand_only,4.09,4.470572129816818,0.0;0.0;0.0;0.0;0.0
development,674,receptor_ligand_only,5.25,4.887455969174775,0.0;0.0;0.0;0.0;0.0
development,676,receptor_ligand_only,5.56,4.202720390049824,0.0;0.0;0.0;0.0;0.0
development,677,receptor_ligand_only,3.95,4.285766540379915,0.0;0.0;0.0;0.0;0.0
development,678,receptor_ligand_only,1.93,5.1078033854827245,0.0;0.0;0.0;0.0;0.0
development,679,receptor_ligand_only,2.53,4.15316040230617,0.0;0.0;0.0;0.0;0.0
development,680,receptor_ligand_only,1.92,3.8155964125257427,0.0;0.0;0.0;0.0;0.0
development,681,receptor_ligand_only,4.97,4.421087079446271,0.0;0.0;0.0;0.0;0.0
development,683,receptor_ligand_only,5.44,4.717719003852798,0.0;0.0;0.0;0.0;0.0
development,684,receptor_ligand_only,5.5,4.336923428703534,0.0;0.0;0.0;0.0;0.0
development,686,receptor_ligand_only,4.73,4.457849605132151,0.0;0.0;0.0;0.0;0.0
development,687,receptor_ligand_only,4.25,4.706467575351576,0.0;0.0;0.0;0.0;0.0
development,688,receptor_ligand_only,4.57,4.0422771173616345,0.0;0.0;0.0;0.0;0.0
development,689,receptor_ligand_only,5.04,4.174614491116879,0.0;0.0;0.0;0.0;0.0
development,690,receptor_ligand_only,5.06,4.206506534204204,0.0;0.0;0.0;0.0;0.0
development,691,receptor_ligand_only,3.1,3.542690572781845,0.0;0.0;0.0;0.0;0.0
development,692,receptor_ligand_only,4.83,3.9876805022902224,0.0;0.0;0.0;0.0;0.0
development,693,receptor_ligand_only,3.31,3.8104362990145235,0.0;0.0;0.0;0.0;0.0
development,694,receptor_ligand_only,4.62,3.92786878730214,0.0;0.0;0.0;0.0;0.0
development,695,receptor_ligand_only,4.2,4.736273289338023,0.0;0.0;0.0;0.0;0.0
development,696,receptor_ligand_only,2.96,4.403276477580044,0.0;0.0;0.0;0.0;0.0
development,697,receptor_ligand_only,3.79,4.605059312098076,0.0;0.0;0.0;0.0;0.0
development,698,receptor_ligand_only,4.87,4.3464945158479065,0.0;0.0;0.0;0.0;0.0
development,699,receptor_ligand_only,4.82,4.524455315608066,0.0;0.0;0.0;0.0;0.0
development,700,receptor_ligand_only,3.99,3.806388138025883,0.0;0.0;0.0;0.0;0.0
development,702,receptor_ligand_only,4.43,3.9578040815992486,0.0;0.0;0.0;0.0;0.0
development,703,receptor_ligand_only,4.66,4.38411654312918,0.0;0.0;0.0;0.0;0.0
development,704,receptor_ligand_only,5.07,4.656534896792321,0.0;0.0;0.0;0.0;0.0
development,705,receptor_ligand_only,1.68,4.118563179793917,0.0;0.0;0.0;0.0;0.0
development,706,receptor_ligand_only,4.63,4.171087424408234,0.0;0.0;0.0;0.0;0.0
development,707,receptor_ligand_only,2.23,3.7594587522271103,0.0;0.0;0.0;0.0;0.0
development,708,receptor_ligand_only,2.58,4.3181555207824385,0.0;0.0;0.0;0.0;0.0
development,710,receptor_ligand_only,4.71,4.2120252748818485,0.0;0.0;0.0;0.0;0.0
development,711,receptor_ligand_only,5.2,4.197462311083135,0.0;0.0;0.0;0.0;0.0
development,714,receptor_ligand_only,5.27,4.3058709648493,0.0;0.0;0.0;0.0;0.0
development,716,receptor_ligand_only,3.41,3.439852993073856,0.0;0.0;0.0;0.0;0.0
development,717,receptor_ligand_only,4.93,3.7601204040919525,0.0;0.0;0.0;0.0;0.0
development,718,receptor_ligand_only,4.99,4.1415102565522925,0.0;0.0;0.0;0.0;0.0
development,719,receptor_ligand_only,3.48,3.371676984877266,0.0;0.0;0.0;0.0;0.0
development,720,receptor_ligand_only,3.3,3.9560893569632487,0.0;0.0;0.0;0.0;0.0
development,722,receptor_ligand_only,5.58,4.480405564649053,0.0;0.0;0.0;0.0;0.0
development,723,receptor_ligand_only,5.27,4.243386965790712,0.0;0.0;0.0;0.0;0.0
development,725,receptor_ligand_only,4.1,3.850538283966108,0.0;0.0;0.0;0.0;0.0
development,726,receptor_ligand_only,5.42,4.128747333221235,0.0;0.0;0.0;0.0;0.0
development,727,receptor_ligand_only,5.48,4.502180796469027,0.0;0.0;0.0;0.0;0.0
development,728,receptor_ligand_only,4.96,4.6105831026188655,0.0;0.0;0.0;0.0;0.0
development,729,receptor_ligand_only,1.71,4.2993765677151785,0.0;0.0;0.0;0.0;0.0
development,730,receptor_ligand_only,2.84,3.9712638013602293,0.0;0.0;0.0;0.0;0.0
development,731,receptor_ligand_only,4.7,4.758139036829903,0.0;0.0;0.0;0.0;0.0
development,733,receptor_ligand_only,5.04,4.206638792054692,0.0;0.0;0.0;0.0;0.0
development,734,receptor_ligand_only,5.65,4.407625799215128,0.0;0.0;0.0;0.0;0.0
development,738,receptor_ligand_only,4.33,3.838260468044451,0.0;0.0;0.0;0.0;0.0
development,739,receptor_ligand_only,2.99,3.7308072535437904,0.0;0.0;0.0;0.0;0.0
development,740,receptor_ligand_only,4.38,4.1591608154596225,0.0;0.0;0.0;0.0;0.0
development,741,receptor_ligand_only,2.48,3.7944069099178384,0.0;0.0;0.0;0.0;0.0
development,742,receptor_ligand_only,4.39,4.775903322892683,0.0;0.0;0.0;0.0;0.0
development,743,receptor_ligand_only,5.71,4.47412350847901,0.0;0.0;0.0;0.0;0.0
development,744,receptor_ligand_only,4.46,4.151074606288297,0.0;0.0;0.0;0.0;0.0
development,745,receptor_ligand_only,5.07,4.646557775482751,0.0;0.0;0.0;0.0;0.0
development,746,receptor_ligand_only,5.42,4.828117354631577,0.0;0.0;0.0;0.0;0.0
development,747,receptor_ligand_only,4.98,4.623098043850615,0.0;0.0;0.0;0.0;0.0
development,748,receptor_ligand_only,3.52,4.276686153743169,0.0;0.0;0.0;0.0;0.0
development,750,receptor_ligand_only,4.53,4.170413192044083,0.0;0.0;0.0;0.0;0.0
development,754,receptor_ligand_only,3.43,3.7861259255354485,0.0;0.0;0.0;0.0;0.0
development,755,receptor_ligand_only,3.74,4.005240243234356,0.0;0.0;0.0;0.0;0.0
development,756,receptor_ligand_only,5.41,4.458473993377345,0.0;0.0;0.0;0.0;0.0
development,758,receptor_ligand_only,5.29,5.586950130712653,0.0;0.0;0.0;0.0;0.0
development,759,receptor_ligand_only,5.31,4.403493749342752,0.0;0.0;0.0;0.0;0.0
development,761,receptor_ligand_only,3.8,5.373671052932482,0.0;0.0;0.0;0.0;0.0
development,762,receptor_ligand_only,2.37,4.0957886320475945,0.0;0.0;0.0;0.0;0.0
development,763,receptor_ligand_only,4.69,4.651324931005393,0.0;0.0;0.0;0.0;0.0
development,767,receptor_ligand_only,3.44,4.277444201072799,0.0;0.0;0.0;0.0;0.0
development,768,receptor_ligand_only,5.91,5.291064660221471,0.0;0.0;0.0;0.0;0.0
development,769,receptor_ligand_only,1.73,4.048185652481646,0.0;0.0;0.0;0.0;0.0
development,770,receptor_ligand_only,4.06,4.43065195079289,0.0;0.0;0.0;0.0;0.0
development,771,receptor_ligand_only,3.12,3.8234335969933553,0.0;0.0;0.0;0.0;0.0
development,772,receptor_ligand_only,4.81,4.320470732474342,0.0;0.0;0.0;0.0;0.0
development,773,receptor_ligand_only,4.37,4.430661090449407,0.0;0.0;0.0;0.0;0.0
development,778,receptor_ligand_only,3.13,3.8632424695941587,0.0;0.0;0.0;0.0;0.0
development,780,receptor_ligand_only,5.2,4.184012823402279,0.0;0.0;0.0;0.0;0.0
development,781,receptor_ligand_only,4.87,4.57729187323912,0.0;0.0;0.0;0.0;0.0
development,782,receptor_ligand_only,3.08,3.9774115890593476,0.0;0.0;0.0;0.0;0.0
development,783,receptor_ligand_only,4.53,3.963185239964258,0.0;0.0;0.0;0.0;0.0
development,784,receptor_ligand_only,3.15,4.144719903790532,0.0;0.0;0.0;0.0;0.0
development,785,receptor_ligand_only,4.08,4.706602238691713,0.0;0.0;0.0;0.0;0.0
development,786,receptor_ligand_only,3.47,5.402033921194454,0.0;0.0;0.0;0.0;0.0
development,788,receptor_ligand_only,2.94,4.145055024339837,0.0;0.0;0.0;0.0;0.0
development,789,receptor_ligand_only,4.93,4.424490050564683,0.0;0.0;0.0;0.0;0.0
development,790,receptor_ligand_only,5.26,3.8404982687835636,0.0;0.0;0.0;0.0;0.0
development,791,receptor_ligand_only,4.41,4.159136934977647,0.0;0.0;0.0;0.0;0.0
development,792,receptor_ligand_only,5.7,5.148890649771121,0.0;0.0;0.0;0.0;0.0
development,794,receptor_ligand_only,4.71,4.025531522861863,0.0;0.0;0.0;0.0;0.0
development,795,receptor_ligand_only,4.7,4.093039388113921,0.0;0.0;0.0;0.0;0.0
development,796,receptor_ligand_only,3.91,4.3592574485592,0.0;0.0;0.0;0.0;0.0
development,798,receptor_ligand_only,4.57,4.385215670781366,0.0;0.0;0.0;0.0;0.0
development,799,receptor_ligand_only,4.56,4.3596397035121255,0.0;0.0;0.0;0.0;0.0
development,800,receptor_ligand_only,4.42,4.2181517804613184,0.0;0.0;0.0;0.0;0.0
development,802,receptor_ligand_only,4.23,4.460098591633216,0.0;0.0;0.0;0.0;0.0
development,803,receptor_ligand_only,4.73,4.427813225922798,0.0;0.0;0.0;0.0;0.0
development,804,receptor_ligand_only,5.23,4.421755482267875,0.0;0.0;0.0;0.0;0.0
development,806,receptor_ligand_only,5.25,4.422774938166594,0.0;0.0;0.0;0.0;0.0
development,807,receptor_ligand_only,4.83,4.770998640132438,0.0;0.0;0.0;0.0;0.0
development,809,receptor_ligand_only,2.02,4.321098797860479,0.0;0.0;0.0;0.0;0.0
development,810,receptor_ligand_only,4.68,3.912607401772795,0.0;0.0;0.0;0.0;0.0
development,812,receptor_ligand_only,5.21,4.126843057638089,0.0;0.0;0.0;0.0;0.0
development,813,receptor_ligand_only,4.57,4.800469779348951,0.0;0.0;0.0;0.0;0.0
development,814,receptor_ligand_only,4.09,4.266126980025177,0.0;0.0;0.0;0.0;0.0
development,815,receptor_ligand_only,5.88,4.131788363672234,0.0;0.0;0.0;0.0;0.0
development,816,receptor_ligand_only,4.29,4.478255351719945,0.0;0.0;0.0;0.0;0.0
development,817,receptor_ligand_only,4.74,4.622331515162639,0.0;0.0;0.0;0.0;0.0
development,818,receptor_ligand_only,4.7,5.433490648943975,0.0;0.0;0.0;0.0;0.0
development,819,receptor_ligand_only,4.35,4.606224097217717,0.0;0.0;0.0;0.0;0.0
development,820,receptor_ligand_only,3.43,4.104002060773241,0.0;0.0;0.0;0.0;0.0
development,821,receptor_ligand_only,4.71,4.7572927410881976,0.0;0.0;0.0;0.0;0.0
development,822,receptor_ligand_only,2.51,3.7132612502883173,0.0;0.0;0.0;0.0;0.0
development,823,receptor_ligand_only,4.41,4.036968987662645,0.0;0.0;0.0;0.0;0.0
development,824,receptor_ligand_only,5.17,4.264595363915988,0.0;0.0;0.0;0.0;0.0
development,826,receptor_ligand_only,3.72,4.278271652246849,0.0;0.0;0.0;0.0;0.0
development,827,receptor_ligand_only,2.82,4.165313666943243,0.0;0.0;0.0;0.0;0.0
development,828,receptor_ligand_only,4.0,5.34406121681502,0.0;0.0;0.0;0.0;0.0
development,829,receptor_ligand_only,1.78,4.1955842761306545,0.0;0.0;0.0;0.0;0.0
development,830,receptor_ligand_only,5.23,4.3265648947868,0.0;0.0;0.0;0.0;0.0
development,831,receptor_ligand_only,4.6,4.384489947104663,0.0;0.0;0.0;0.0;0.0
development,832,receptor_ligand_only,1.66,4.042496074804729,0.0;0.0;0.0;0.0;0.0
development,833,receptor_ligand_only,4.78,4.297681548943917,0.0;0.0;0.0;0.0;0.0
development,834,receptor_ligand_only,2.52,3.596098012843174,0.0;0.0;0.0;0.0;0.0
development,835,receptor_ligand_only,4.24,4.32308585944332,0.0;0.0;0.0;0.0;0.0
development,836,receptor_ligand_only,1.79,4.0663041768474,0.0;0.0;0.0;0.0;0.0
development,837,receptor_ligand_only,5.105,5.164818749362126,0.0;0.0;0.0;0.0;0.0
development,838,receptor_ligand_only,5.85,4.0231533335025365,0.0;0.0;0.0;0.0;0.0
development,839,receptor_ligand_only,4.95,4.839145595872326,0.0;0.0;0.0;0.0;0.0
development,840,receptor_ligand_only,4.01,3.9915217107928265,0.0;0.0;0.0;0.0;0.0
development,841,receptor_ligand_only,4.17,4.229758830735584,0.0;0.0;0.0;0.0;0.0
development,842,receptor_ligand_only,5.18,4.900272188606193,0.0;0.0;0.0;0.0;0.0
development,843,receptor_ligand_only,2.73,4.244631217485992,0.0;0.0;0.0;0.0;0.0
development,844,receptor_ligand_only,5.47,4.339915023691261,0.0;0.0;0.0;0.0;0.0
development,845,receptor_ligand_only,5.22,4.362616561316735,0.0;0.0;0.0;0.0;0.0
development,847,receptor_ligand_only,4.14,4.00469260543781,0.0;0.0;0.0;0.0;0.0
development,848,receptor_ligand_only,5.92,4.857577440605043,0.0;0.0;0.0;0.0;0.0
development,849,receptor_ligand_only,5.58,4.383618941552971,0.0;0.0;0.0;0.0;0.0
development,850,receptor_ligand_only,6.09,4.766133856591518,0.0;0.0;0.0;0.0;0.0
development,852,receptor_ligand_only,1.78,3.830122678040872,0.0;0.0;0.0;0.0;0.0
development,854,receptor_ligand_only,1.74,4.772188312338856,0.0;0.0;0.0;0.0;0.0
development,855,receptor_ligand_only,3.26,4.213512998652038,0.0;0.0;0.0;0.0;0.0
development,856,receptor_ligand_only,5.36,4.645230063039662,0.0;0.0;0.0;0.0;0.0
development,857,receptor_ligand_only,4.77,4.125998466418738,0.0;0.0;0.0;0.0;0.0
development,859,receptor_ligand_only,5.11,4.331488445269334,0.0;0.0;0.0;0.0;0.0
development,860,receptor_ligand_only,2.55,3.9813473363904923,0.0;0.0;0.0;0.0;0.0
development,861,receptor_ligand_only,1.75,4.5383807247534325,0.0;0.0;0.0;0.0;0.0
development,862,receptor_ligand_only,4.9,4.907759638460104,0.0;0.0;0.0;0.0;0.0
development,863,receptor_ligand_only,4.57,4.513783982339189,0.0;0.0;0.0;0.0;0.0
development,864,receptor_ligand_only,5.14,4.483071364220552,0.0;0.0;0.0;0.0;0.0
development,865,receptor_ligand_only,3.89,4.074840709530229,0.0;0.0;0.0;0.0;0.0
development,866,receptor_ligand_only,3.58,3.9768408715950065,0.0;0.0;0.0;0.0;0.0
development,867,receptor_ligand_only,4.96,4.678553571757905,0.0;0.0;0.0;0.0;0.0
development,868,receptor_ligand_only,3.47,4.014056155478071,0.0;0.0;0.0;0.0;0.0
development,869,receptor_ligand_only,4.74,3.8077635148690314,0.0;0.0;0.0;0.0;0.0
development,870,receptor_ligand_only,2.8,3.7896456598436834,0.0;0.0;0.0;0.0;0.0
development,871,receptor_ligand_only,2.89,3.7608342817586906,0.0;0.0;0.0;0.0;0.0
development,872,receptor_ligand_only,5.16,4.2201342855006905,0.0;0.0;0.0;0.0;0.0
development,873,receptor_ligand_only,5.91,4.239107557154117,0.0;0.0;0.0;0.0;0.0
development,875,receptor_ligand_only,5.3,4.209581839491696,0.0;0.0;0.0;0.0;0.0
development,876,receptor_ligand_only,3.85,4.665068705811064,0.0;0.0;0.0;0.0;0.0
development,877,receptor_ligand_only,1.98,3.7813949863972387,0.0;0.0;0.0;0.0;0.0
development,878,receptor_ligand_only,3.05,4.347534596334978,0.0;0.0;0.0;0.0;0.0
development,880,receptor_ligand_only,4.92,4.362610452341398,0.0;0.0;0.0;0.0;0.0
development,881,receptor_ligand_only,4.97,4.154766078414094,0.0;0.0;0.0;0.0;0.0
development,882,receptor_ligand_only,5.04,4.403090026503847,0.0;0.0;0.0;0.0;0.0
development,883,receptor_ligand_only,2.56,3.850879277800947,0.0;0.0;0.0;0.0;0.0
development,884,receptor_ligand_only,4.4,3.852518629268979,0.0;0.0;0.0;0.0;0.0
development,886,receptor_ligand_only,5.18,4.1168281833654925,0.0;0.0;0.0;0.0;0.0
development,887,receptor_ligand_only,1.95,3.679663999581078,0.0;0.0;0.0;0.0;0.0
development,888,receptor_ligand_only,5.32,4.260065108954327,0.0;0.0;0.0;0.0;0.0
development,889,receptor_ligand_only,4.64,4.009190984849235,0.0;0.0;0.0;0.0;0.0
development,893,receptor_ligand_only,5.66,4.3661539241853715,0.0;0.0;0.0;0.0;0.0
development,894,receptor_ligand_only,2.44,4.048864612216037,0.0;0.0;0.0;0.0;0.0
development,895,receptor_ligand_only,5.7,5.196771441941298,0.0;0.0;0.0;0.0;0.0
development,896,receptor_ligand_only,4.24,4.302275531066948,0.0;0.0;0.0;0.0;0.0
development,897,receptor_ligand_only,3.61,4.279495964003272,0.0;0.0;0.0;0.0;0.0
development,898,receptor_ligand_only,4.73,3.759529326820894,0.0;0.0;0.0;0.0;0.0
development,899,receptor_ligand_only,4.21,4.461261616962876,0.0;0.0;0.0;0.0;0.0
development,900,receptor_ligand_only,4.41,3.903016998943259,0.0;0.0;0.0;0.0;0.0
development,901,receptor_ligand_only,3.05,3.9303511452825703,0.0;0.0;0.0;0.0;0.0
development,903,receptor_ligand_only,5.34,4.55944300653968,0.0;0.0;0.0;0.0;0.0
development,904,receptor_ligand_only,5.11,4.096054431066223,0.0;0.0;0.0;0.0;0.0
development,905,receptor_ligand_only,3.94,4.000409551669673,0.0;0.0;0.0;0.0;0.0
development,906,receptor_ligand_only,5.35,4.204310460472298,0.0;0.0;0.0;0.0;0.0
development,907,receptor_ligand_only,5.21,4.174538500872051,0.0;0.0;0.0;0.0;0.0
development,908,receptor_ligand_only,3.43,4.172202687328255,0.0;0.0;0.0;0.0;0.0
development,909,receptor_ligand_only,1.85,3.509224581032046,0.0;0.0;0.0;0.0;0.0
development,910,receptor_ligand_only,2.75,4.040038049568528,0.0;0.0;0.0;0.0;0.0
development,911,receptor_ligand_only,4.73,4.093462877087642,0.0;0.0;0.0;0.0;0.0
development,912,receptor_ligand_only,5.06,4.137448462503651,0.0;0.0;0.0;0.0;0.0
development,913,receptor_ligand_only,4.65,4.8332448667309995,0.0;0.0;0.0;0.0;0.0
development,914,receptor_ligand_only,5.17,4.428017719352753,0.0;0.0;0.0;0.0;0.0
development,915,receptor_ligand_only,1.76,4.314519971551918,0.0;0.0;0.0;0.0;0.0
development,916,receptor_ligand_only,2.74,4.792525318192286,0.0;0.0;0.0;0.0;0.0
development,917,receptor_ligand_only,5.64,4.963883363535512,0.0;0.0;0.0;0.0;0.0
development,918,receptor_ligand_only,2.85,4.019572784873326,0.0;0.0;0.0;0.0;0.0
development,919,receptor_ligand_only,4.89,4.2665220594403,0.0;0.0;0.0;0.0;0.0
development,920,receptor_ligand_only,2.21,3.7847770944095567,0.0;0.0;0.0;0.0;0.0
development,921,receptor_ligand_only,5.88,6.055639520374181,0.0;0.0;0.0;0.0;0.0
development,922,receptor_ligand_only,5.33,4.042350179989529,0.0;0.0;0.0;0.0;0.0
development,923,receptor_ligand_only,3.0,4.184464143301444,0.0;0.0;0.0;0.0;0.0
development,925,receptor_ligand_only,4.85,4.359936747061656,0.0;0.0;0.0;0.0;0.0
development,926,receptor_ligand_only,5.66,4.441843080091694,0.0;0.0;0.0;0.0;0.0
development,927,receptor_ligand_only,5.05,4.4169827700184365,0.0;0.0;0.0;0.0;0.0
development,928,receptor_ligand_only,5.87,4.111198172626801,0.0;0.0;0.0;0.0;0.0
development,930,receptor_ligand_only,2.79,3.8751509531785278,0.0;0.0;0.0;0.0;0.0
development,931,receptor_ligand_only,2.5,4.264053110686652,0.0;0.0;0.0;0.0;0.0
development,932,receptor_ligand_only,3.3,4.0975056121133795,0.0;0.0;0.0;0.0;0.0
development,933,receptor_ligand_only,4.3,4.572102445137246,0.0;0.0;0.0;0.0;0.0
development,935,receptor_ligand_only,2.24,3.5601816266095865,0.0;0.0;0.0;0.0;0.0
development,936,receptor_ligand_only,4.56,4.253803899239661,0.0;0.0;0.0;0.0;0.0
development,937,receptor_ligand_only,3.86,3.452512368139691,0.0;0.0;0.0;0.0;0.0
development,938,receptor_ligand_only,1.81,3.7963660530600185,0.0;0.0;0.0;0.0;0.0
development,940,receptor_ligand_only,4.37,4.276659714826758,0.0;0.0;0.0;0.0;0.0
development,941,receptor_ligand_only,2.45,3.494145373166802,0.0;0.0;0.0;0.0;0.0
development,942,receptor_ligand_only,3.87,4.585686794185782,0.0;0.0;0.0;0.0;0.0
development,944,receptor_ligand_only,5.58,4.494422420739998,0.0;0.0;0.0;0.0;0.0
development,945,receptor_ligand_only,5.98,4.530872539101344,0.0;0.0;0.0;0.0;0.0
development,946,receptor_ligand_only,4.89,4.520683187902539,0.0;0.0;0.0;0.0;0.0
development,948,receptor_ligand_only,4.36,4.176620441161204,0.0;0.0;0.0;0.0;0.0
development,950,receptor_ligand_only,4.48,4.460437420847481,0.0;0.0;0.0;0.0;0.0
development,951,receptor_ligand_only,3.65,3.8200001655166664,0.0;0.0;0.0;0.0;0.0
development,952,receptor_ligand_only,3.92,4.92594338481433,0.0;0.0;0.0;0.0;0.0
development,953,receptor_ligand_only,4.98,4.353196565512222,0.0;0.0;0.0;0.0;0.0
development,954,receptor_ligand_only,5.67,4.881567105946956,0.0;0.0;0.0;0.0;0.0
development,955,receptor_ligand_only,2.45,4.037181600839032,0.0;0.0;0.0;0.0;0.0
development,956,receptor_ligand_only,4.64,4.999164858499213,0.0;0.0;0.0;0.0;0.0
development,957,receptor_ligand_only,3.67,4.318908985943295,0.0;0.0;0.0;0.0;0.0
development,959,receptor_ligand_only,5.68,4.669414783501242,0.0;0.0;0.0;0.0;0.0
development,960,receptor_ligand_only,4.82,4.348793404663955,0.0;0.0;0.0;0.0;0.0
development,961,receptor_ligand_only,4.68,4.506421272561295,0.0;0.0;0.0;0.0;0.0
development,962,receptor_ligand_only,5.78,4.939170125495445,0.0;0.0;0.0;0.0;0.0
development,964,receptor_ligand_only,2.67,4.480951212203786,0.0;0.0;0.0;0.0;0.0
development,965,receptor_ligand_only,4.63,4.2271007401530305,0.0;0.0;0.0;0.0;0.0
development,966,receptor_ligand_only,2.92,3.8166976273805284,0.0;0.0;0.0;0.0;0.0
development,967,receptor_ligand_only,5.49,4.610259616512831,0.0;0.0;0.0;0.0;0.0
development,968,receptor_ligand_only,5.25,4.543916100190607,0.0;0.0;0.0;0.0;0.0
development,969,receptor_ligand_only,5.16,4.956829363864957,0.0;0.0;0.0;0.0;0.0
development,970,receptor_ligand_only,3.31,4.87529281289454,0.0;0.0;0.0;0.0;0.0
development,972,receptor_ligand_only,5.49,4.769107595709397,0.0;0.0;0.0;0.0;0.0
development,973,receptor_ligand_only,4.99,5.188552500634377,0.0;0.0;0.0;0.0;0.0
development,974,receptor_ligand_only,4.81,4.795030364200187,0.0;0.0;0.0;0.0;0.0
development,975,receptor_ligand_only,4.95,4.234658324520747,0.0;0.0;0.0;0.0;0.0
development,976,receptor_ligand_only,2.96,4.274045705391655,0.0;0.0;0.0;0.0;0.0
development,977,receptor_ligand_only,4.59,4.028780510401352,0.0;0.0;0.0;0.0;0.0
development,978,receptor_ligand_only,1.86,4.346281927857995,0.0;0.0;0.0;0.0;0.0
development,979,receptor_ligand_only,3.38,4.8698996383909705,0.0;0.0;0.0;0.0;0.0
development,981,receptor_ligand_only,3.73,3.8484513109828775,0.0;0.0;0.0;0.0;0.0
development,982,receptor_ligand_only,4.25,5.2438451798776935,0.0;0.0;0.0;0.0;0.0
development,983,receptor_ligand_only,2.44,3.329596393850788,0.0;0.0;0.0;0.0;0.0
development,985,receptor_ligand_only,5.45,4.28580441225974,0.0;0.0;0.0;0.0;0.0
development,986,receptor_ligand_only,3.87,4.393563032029356,0.0;0.0;0.0;0.0;0.0
development,987,receptor_ligand_only,2.9,3.9079841393582826,0.0;0.0;0.0;0.0;0.0
development,988,receptor_ligand_only,4.73,3.8436619108547276,0.0;0.0;0.0;0.0;0.0
development,989,receptor_ligand_only,4.49,4.246278730597807,0.0;0.0;0.0;0.0;0.0
development,990,receptor_ligand_only,2.52,4.002692030402058,0.0;0.0;0.0;0.0;0.0
development,991,receptor_ligand_only,1.88,3.9998389072361773,0.0;0.0;0.0;0.0;0.0
development,992,receptor_ligand_only,4.13,4.799144833185117,0.0;0.0;0.0;0.0;0.0
development,993,receptor_ligand_only,3.29,3.9588827283946797,0.0;0.0;0.0;0.0;0.0
development,994,receptor_ligand_only,3.81,3.713264577527555,0.0;0.0;0.0;0.0;0.0
development,995,receptor_ligand_only,4.45,4.581120798466542,0.0;0.0;0.0;0.0;0.0
development,996,receptor_ligand_only,4.01,4.219566770779536,0.0;0.0;0.0;0.0;0.0
development,997,receptor_ligand_only,3.56,3.7143069246054847,0.0;0.0;0.0;0.0;0.0
development,998,receptor_ligand_only,4.95,4.689664680238755,0.0;0.0;0.0;0.0;0.0
development,999,receptor_ligand_only,4.05,5.214359186354471,0.0;0.0;0.0;0.0;0.0
development,1001,receptor_ligand_only,5.880000000000001,4.94537680909354,0.0;0.0;0.0;0.0;0.0
development,1002,receptor_ligand_only,4.67,4.749670285704901,0.0;0.0;0.0;0.0;0.0
development,1003,receptor_ligand_only,4.8,4.708261997111965,0.0;0.0;0.0;0.0;0.0
development,1004,receptor_ligand_only,3.64,4.255860583094002,0.0;0.0;0.0;0.0;0.0
development,1005,receptor_ligand_only,3.53,4.167052385214349,0.0;0.0;0.0;0.0;0.0
development,1006,receptor_ligand_only,3.4,5.108758798517271,0.0;0.0;0.0;0.0;0.0
development,1008,receptor_ligand_only,4.39,4.586746007345459,0.0;0.0;0.0;0.0;0.0
development,1009,receptor_ligand_only,4.91,4.466641386258606,0.0;0.0;0.0;0.0;0.0
development,1010,receptor_ligand_only,2.97,3.623158400427478,0.0;0.0;0.0;0.0;0.0
development,1011,receptor_ligand_only,5.11,4.316674879705514,0.0;0.0;0.0;0.0;0.0
development,1012,receptor_ligand_only,5.18,4.304681322968666,0.0;0.0;0.0;0.0;0.0
development,1013,receptor_ligand_only,5.36,4.665563469655923,0.0;0.0;0.0;0.0;0.0
development,1015,receptor_ligand_only,2.87,3.582186961647785,0.0;0.0;0.0;0.0;0.0
development,1016,receptor_ligand_only,4.76,4.454104937459694,0.0;0.0;0.0;0.0;0.0
development,1018,receptor_ligand_only,5.23,5.424445032992267,0.0;0.0;0.0;0.0;0.0
development,1019,receptor_ligand_only,4.38,4.12699443228268,0.0;0.0;0.0;0.0;0.0
development,1020,receptor_ligand_only,2.84,3.60143244899242,0.0;0.0;0.0;0.0;0.0
development,1021,receptor_ligand_only,5.13,5.332653172146087,0.0;0.0;0.0;0.0;0.0
development,1023,receptor_ligand_only,3.29,4.754635945446152,0.0;0.0;0.0;0.0;0.0
development,1024,receptor_ligand_only,5.44,4.454055992367288,0.0;0.0;0.0;0.0;0.0
development,1026,receptor_ligand_only,5.22,4.369177643181415,0.0;0.0;0.0;0.0;0.0
development,1028,receptor_ligand_only,3.42,3.8247211533383436,0.0;0.0;0.0;0.0;0.0
development,1029,receptor_ligand_only,4.4,4.56043352165175,0.0;0.0;0.0;0.0;0.0
development,1030,receptor_ligand_only,5.02,4.375111394460539,0.0;0.0;0.0;0.0;0.0
development,1031,receptor_ligand_only,3.05,3.9865849532664868,0.0;0.0;0.0;0.0;0.0
development,1032,receptor_ligand_only,3.78,4.405897189402275,0.0;0.0;0.0;0.0;0.0
development,1033,receptor_ligand_only,2.02,3.53377245611939,0.0;0.0;0.0;0.0;0.0
development,1034,receptor_ligand_only,4.66,4.505523510767053,0.0;0.0;0.0;0.0;0.0
development,1035,receptor_ligand_only,3.63,3.8872547173029632,0.0;0.0;0.0;0.0;0.0
development,1036,receptor_ligand_only,5.29,4.210418170332107,0.0;0.0;0.0;0.0;0.0
development,1037,receptor_ligand_only,1.71,4.381473728707875,0.0;0.0;0.0;0.0;0.0
development,1039,receptor_ligand_only,5.45,4.05795255441656,0.0;0.0;0.0;0.0;0.0
development,1040,receptor_ligand_only,4.92,4.863732728237202,0.0;0.0;0.0;0.0;0.0
development,1041,receptor_ligand_only,1.82,4.8685957285773585,0.0;0.0;0.0;0.0;0.0
development,1042,receptor_ligand_only,4.34,4.397182851475204,0.0;0.0;0.0;0.0;0.0
development,1044,receptor_ligand_only,5.41,4.142856163745799,0.0;0.0;0.0;0.0;0.0
development,1045,receptor_ligand_only,4.17,4.052992071674702,0.0;0.0;0.0;0.0;0.0
development,1046,receptor_ligand_only,4.98,3.651074974799055,0.0;0.0;0.0;0.0;0.0
development,1047,receptor_ligand_only,4.8,4.437169704471164,0.0;0.0;0.0;0.0;0.0
development,1048,receptor_ligand_only,4.04,4.8292419649725336,0.0;0.0;0.0;0.0;0.0
development,1049,receptor_ligand_only,4.62,4.217171398455162,0.0;0.0;0.0;0.0;0.0
development,1050,receptor_ligand_only,5.06,4.195305248282298,0.0;0.0;0.0;0.0;0.0
development,1051,receptor_ligand_only,5.07,4.073656409106717,0.0;0.0;0.0;0.0;0.0
development,1052,receptor_ligand_only,4.99,4.606088605854417,0.0;0.0;0.0;0.0;0.0
development,1053,receptor_ligand_only,2.93,3.2351289590181684,0.0;0.0;0.0;0.0;0.0
development,1054,receptor_ligand_only,5.58,4.276675760420429,0.0;0.0;0.0;0.0;0.0
development,1055,receptor_ligand_only,5.87,4.642735642518283,0.0;0.0;0.0;0.0;0.0
development,1056,receptor_ligand_only,4.43,4.289897461157316,0.0;0.0;0.0;0.0;0.0
development,1057,receptor_ligand_only,4.24,4.809388816846251,0.0;0.0;0.0;0.0;0.0
development,1058,receptor_ligand_only,2.25,3.5062671140950212,0.0;0.0;0.0;0.0;0.0
development,1059,receptor_ligand_only,2.22,3.7528915494046062,0.0;0.0;0.0;0.0;0.0
development,1060,receptor_ligand_only,5.64,4.853429667494023,0.0;0.0;0.0;0.0;0.0
development,1061,receptor_ligand_only,2.88,3.730971154408665,0.0;0.0;0.0;0.0;0.0
development,1062,receptor_ligand_only,1.78,3.234975685580984,0.0;0.0;0.0;0.0;0.0
development,1063,receptor_ligand_only,3.52,4.667845483513571,0.0;0.0;0.0;0.0;0.0
development,1064,receptor_ligand_only,4.22,4.132148809613355,0.0;0.0;0.0;0.0;0.0
development,1065,receptor_ligand_only,2.16,3.5653799504083885,0.0;0.0;0.0;0.0;0.0
development,1066,receptor_ligand_only,5.1,3.773459094025151,0.0;0.0;0.0;0.0;0.0
development,1067,receptor_ligand_only,6.11,4.683977023251405,0.0;0.0;0.0;0.0;0.0
development,1068,receptor_ligand_only,4.23,4.831752880423397,0.0;0.0;0.0;0.0;0.0
development,1069,receptor_ligand_only,5.65,4.8694217406884714,0.0;0.0;0.0;0.0;0.0
development,1071,receptor_ligand_only,4.9,4.6660010403855345,0.0;0.0;0.0;0.0;0.0
development,1073,receptor_ligand_only,2.44,4.020752914780163,0.0;0.0;0.0;0.0;0.0
development,1074,receptor_ligand_only,5.39,4.1999810602276035,0.0;0.0;0.0;0.0;0.0
development,1075,receptor_ligand_only,2.68,3.7381656342376877,0.0;0.0;0.0;0.0;0.0
development,1077,receptor_ligand_only,3.05,3.9118374628448276,0.0;0.0;0.0;0.0;0.0
development,1078,receptor_ligand_only,1.65,4.359572451256954,0.0;0.0;0.0;0.0;0.0
development,1079,receptor_ligand_only,5.15,4.195606178519739,0.0;0.0;0.0;0.0;0.0
development,1080,receptor_ligand_only,4.26,3.8704354726931625,0.0;0.0;0.0;0.0;0.0
development,1082,receptor_ligand_only,5.72,4.232598556490634,0.0;0.0;0.0;0.0;0.0
development,1083,receptor_ligand_only,5.08,4.293858041242036,0.0;0.0;0.0;0.0;0.0
development,1084,receptor_ligand_only,1.95,3.7352612355240917,0.0;0.0;0.0;0.0;0.0
development,1086,receptor_ligand_only,4.44,4.737609794950353,0.0;0.0;0.0;0.0;0.0
development,1087,receptor_ligand_only,4.25,4.483575443131774,0.0;0.0;0.0;0.0;0.0
development,1088,receptor_ligand_only,3.05,3.933913955193932,0.0;0.0;0.0;0.0;0.0
development,1091,receptor_ligand_only,5.3,5.1759235772358165,0.0;0.0;0.0;0.0;0.0
development,1093,receptor_ligand_only,3.45,3.760203420740567,0.0;0.0;0.0;0.0;0.0
development,1094,receptor_ligand_only,4.07,4.435530088024753,0.0;0.0;0.0;0.0;0.0
development,1095,receptor_ligand_only,4.91,4.364991841032042,0.0;0.0;0.0;0.0;0.0
development,1096,receptor_ligand_only,4.16,4.155130212570695,0.0;0.0;0.0;0.0;0.0
development,1097,receptor_ligand_only,5.38,3.710859042138693,0.0;0.0;0.0;0.0;0.0
development,1099,receptor_ligand_only,5.34,4.153952235524465,0.0;0.0;0.0;0.0;0.0
development,1100,receptor_ligand_only,3.55,3.6976117845661722,0.0;0.0;0.0;0.0;0.0
development,1101,receptor_ligand_only,5.49,4.418184776826311,0.0;0.0;0.0;0.0;0.0
development,1104,receptor_ligand_only,4.68,4.484139421651233,0.0;0.0;0.0;0.0;0.0
development,1106,receptor_ligand_only,5.53,4.0919297622797615,0.0;0.0;0.0;0.0;0.0
development,1108,receptor_ligand_only,2.96,4.214276669107064,0.0;0.0;0.0;0.0;0.0
development,1109,receptor_ligand_only,1.96,4.323482155323904,0.0;0.0;0.0;0.0;0.0
development,1111,receptor_ligand_only,1.91,3.9535640625986077,0.0;0.0;0.0;0.0;0.0
development,1112,receptor_ligand_only,4.66,4.380106481473686,0.0;0.0;0.0;0.0;0.0
development,1113,receptor_ligand_only,4.3,3.7051646638579614,0.0;0.0;0.0;0.0;0.0
development,1114,receptor_ligand_only,4.56,3.8823662246989192,0.0;0.0;0.0;0.0;0.0
development,1116,receptor_ligand_only,1.79,4.081219530997731,0.0;0.0;0.0;0.0;0.0
development,1117,receptor_ligand_only,3.77,4.168270443469132,0.0;0.0;0.0;0.0;0.0
development,1118,receptor_ligand_only,4.77,4.13214492631819,0.0;0.0;0.0;0.0;0.0
development,1121,receptor_ligand_only,4.38,4.452968367600647,0.0;0.0;0.0;0.0;0.0
development,1122,receptor_ligand_only,5.89,4.594949611777439,0.0;0.0;0.0;0.0;0.0
development,1123,receptor_ligand_only,4.52,4.341099964680049,0.0;0.0;0.0;0.0;0.0
development,1125,receptor_ligand_only,4.64,4.551400871935709,0.0;0.0;0.0;0.0;0.0
development,1128,receptor_ligand_only,5.11,4.33358362393825,0.0;0.0;0.0;0.0;0.0
development,1129,receptor_ligand_only,5.9,4.821678830627181,0.0;0.0;0.0;0.0;0.0
development,1130,receptor_ligand_only,4.74,4.1680843833512276,0.0;0.0;0.0;0.0;0.0
development,1131,receptor_ligand_only,4.85,5.181889799358259,0.0;0.0;0.0;0.0;0.0
development,1133,receptor_ligand_only,5.05,4.905707097074926,0.0;0.0;0.0;0.0;0.0
development,1134,receptor_ligand_only,3.9,3.9689175817291056,0.0;0.0;0.0;0.0;0.0
development,1135,receptor_ligand_only,5.08,4.378229654391243,0.0;0.0;0.0;0.0;0.0
development,1139,receptor_ligand_only,2.7,3.9362957964259073,0.0;0.0;0.0;0.0;0.0
development,1141,receptor_ligand_only,2.79,4.024111420490291,0.0;0.0;0.0;0.0;0.0
development,1142,receptor_ligand_only,4.96,4.012364729841224,0.0;0.0;0.0;0.0;0.0
development,1143,receptor_ligand_only,4.95,3.6010075102432246,0.0;0.0;0.0;0.0;0.0
development,1144,receptor_ligand_only,1.73,4.774446881440037,0.0;0.0;0.0;0.0;0.0
development,1145,receptor_ligand_only,5.21,4.722477113978373,0.0;0.0;0.0;0.0;0.0
development,1146,receptor_ligand_only,5.11,4.546067192847088,0.0;0.0;0.0;0.0;0.0
development,1147,receptor_ligand_only,5.33,5.286251569651611,0.0;0.0;0.0;0.0;0.0
development,1148,receptor_ligand_only,3.8,3.9859478108567243,0.0;0.0;0.0;0.0;0.0
development,1150,receptor_ligand_only,5.03,4.000189493163242,0.0;0.0;0.0;0.0;0.0
development,1153,receptor_ligand_only,4.54,4.217400576555625,0.0;0.0;0.0;0.0;0.0
development,1154,receptor_ligand_only,5.89,4.658154391229065,0.0;0.0;0.0;0.0;0.0
development,1155,receptor_ligand_only,5.14,4.556409027958647,0.0;0.0;0.0;0.0;0.0
development,1156,receptor_ligand_only,4.29,3.919600321666527,0.0;0.0;0.0;0.0;0.0
development,1157,receptor_ligand_only,5.04,4.633359859271601,0.0;0.0;0.0;0.0;0.0
development,1158,receptor_ligand_only,5.39,4.1178724268132445,0.0;0.0;0.0;0.0;0.0
development,1159,receptor_ligand_only,2.45,3.477671154196849,0.0;0.0;0.0;0.0;0.0
development,1160,receptor_ligand_only,3.41,4.100484827972246,0.0;0.0;0.0;0.0;0.0
development,1162,receptor_ligand_only,5.27,4.624383896806989,0.0;0.0;0.0;0.0;0.0
development,1164,receptor_ligand_only,4.68,4.190920624145826,0.0;0.0;0.0;0.0;0.0
development,1166,receptor_ligand_only,3.17,3.5966654905719873,0.0;0.0;0.0;0.0;0.0
development,1167,receptor_ligand_only,4.21,4.144204694359762,0.0;0.0;0.0;0.0;0.0
development,1169,receptor_ligand_only,4.65,4.153950029958487,0.0;0.0;0.0;0.0;0.0
development,1170,receptor_ligand_only,3.95,3.8054662320447123,0.0;0.0;0.0;0.0;0.0
development,1171,receptor_ligand_only,4.37,5.032073378598674,0.0;0.0;0.0;0.0;0.0
development,1172,receptor_ligand_only,4.67,4.009715007812,0.0;0.0;0.0;0.0;0.0
development,1173,receptor_ligand_only,3.99,4.1393817859787685,0.0;0.0;0.0;0.0;0.0
development,1174,receptor_ligand_only,4.6,4.2550745183488425,0.0;0.0;0.0;0.0;0.0
development,1175,receptor_ligand_only,5.44,4.376712957160635,0.0;0.0;0.0;0.0;0.0
development,1176,receptor_ligand_only,4.55,3.9035571050006204,0.0;0.0;0.0;0.0;0.0
development,1177,receptor_ligand_only,4.69,4.9301842501597015,0.0;0.0;0.0;0.0;0.0
development,1178,receptor_ligand_only,5.09,4.23810024730986,0.0;0.0;0.0;0.0;0.0
development,1179,receptor_ligand_only,1.8,4.703435208269987,0.0;0.0;0.0;0.0;0.0
development,1180,receptor_ligand_only,2.64,3.142658300113921,0.0;0.0;0.0;0.0;0.0
development,1181,receptor_ligand_only,4.12,3.9916150336662417,0.0;0.0;0.0;0.0;0.0
development,1183,receptor_ligand_only,5.08,4.100795816510879,0.0;0.0;0.0;0.0;0.0
development,1185,receptor_ligand_only,4.9,4.775522987128563,0.0;0.0;0.0;0.0;0.0
development,1186,receptor_ligand_only,5.24,4.580126505240774,0.0;0.0;0.0;0.0;0.0
development,1188,receptor_ligand_only,4.16,4.261990837689923,0.0;0.0;0.0;0.0;0.0
development,1189,receptor_ligand_only,5.14,4.546917007659032,0.0;0.0;0.0;0.0;0.0
development,1190,receptor_ligand_only,5.88,4.508911678947741,0.0;0.0;0.0;0.0;0.0
development,1192,receptor_ligand_only,4.39,5.451252458603815,0.0;0.0;0.0;0.0;0.0
development,1193,receptor_ligand_only,4.41,3.632304929737609,0.0;0.0;0.0;0.0;0.0
development,1194,receptor_ligand_only,3.39,3.449722268136264,0.0;0.0;0.0;0.0;0.0
development,1196,receptor_ligand_only,4.5,4.512664780735022,0.0;0.0;0.0;0.0;0.0
development,1197,receptor_ligand_only,3.98,4.880366982133304,0.0;0.0;0.0;0.0;0.0
development,1200,receptor_ligand_only,2.27,3.7260346591433686,0.0;0.0;0.0;0.0;0.0
development,1202,receptor_ligand_only,4.97,4.4822788150392325,0.0;0.0;0.0;0.0;0.0
development,1203,receptor_ligand_only,3.1,4.6642088101216626,0.0;0.0;0.0;0.0;0.0
development,1204,receptor_ligand_only,5.06,4.305938495479402,0.0;0.0;0.0;0.0;0.0
development,1205,receptor_ligand_only,4.86,4.488045600624987,0.0;0.0;0.0;0.0;0.0
development,1206,receptor_ligand_only,3.42,4.3669954801229665,0.0;0.0;0.0;0.0;0.0
development,1207,receptor_ligand_only,1.81,4.0664563061718795,0.0;0.0;0.0;0.0;0.0
development,1208,receptor_ligand_only,5.57,4.777023712486316,0.0;0.0;0.0;0.0;0.0
development,1209,receptor_ligand_only,4.5,4.5249309523385906,0.0;0.0;0.0;0.0;0.0
development,1210,receptor_ligand_only,5.75,4.843508807226414,0.0;0.0;0.0;0.0;0.0
development,1214,receptor_ligand_only,4.97,5.189511333680435,0.0;0.0;0.0;0.0;0.0
development,1217,receptor_ligand_only,1.75,3.877083435082868,0.0;0.0;0.0;0.0;0.0
development,1218,receptor_ligand_only,2.57,3.9393553686523517,0.0;0.0;0.0;0.0;0.0
development,1219,receptor_ligand_only,5.15,4.095407905124639,0.0;0.0;0.0;0.0;0.0
development,1220,receptor_ligand_only,4.87,4.417581996744483,0.0;0.0;0.0;0.0;0.0
development,1221,receptor_ligand_only,4.83,4.531241404661555,0.0;0.0;0.0;0.0;0.0
development,1223,receptor_ligand_only,1.72,4.259681344925392,0.0;0.0;0.0;0.0;0.0
development,1224,receptor_ligand_only,5.07,4.4339908108114745,0.0;0.0;0.0;0.0;0.0
development,1225,receptor_ligand_only,4.37,4.786710709932288,0.0;0.0;0.0;0.0;0.0
development,1226,receptor_ligand_only,3.09,3.7767899808978234,0.0;0.0;0.0;0.0;0.0
development,1227,receptor_ligand_only,5.25,4.221483963487861,0.0;0.0;0.0;0.0;0.0
development,1228,receptor_ligand_only,5.08,4.658139280724276,0.0;0.0;0.0;0.0;0.0
development,1229,receptor_ligand_only,5.33,4.340853761101765,0.0;0.0;0.0;0.0;0.0
development,1230,receptor_ligand_only,5.19,4.109590220194027,0.0;0.0;0.0;0.0;0.0
development,1231,receptor_ligand_only,5.34,4.263266520537946,0.0;0.0;0.0;0.0;0.0
development,1232,receptor_ligand_only,5.69,4.797128129538891,0.0;0.0;0.0;0.0;0.0
development,1233,receptor_ligand_only,4.04,4.321281965991933,0.0;0.0;0.0;0.0;0.0
development,1234,receptor_ligand_only,4.26,4.100660306249173,0.0;0.0;0.0;0.0;0.0
development,1235,receptor_ligand_only,4.26,4.7675591837006905,0.0;0.0;0.0;0.0;0.0
development,1237,receptor_ligand_only,1.62,4.089329578419746,0.0;0.0;0.0;0.0;0.0
development,1238,receptor_ligand_only,4.04,4.080503934364491,0.0;0.0;0.0;0.0;0.0
development,1239,receptor_ligand_only,4.53,4.52274280009191,0.0;0.0;0.0;0.0;0.0
development,1240,receptor_ligand_only,5.24,4.7289315337845155,0.0;0.0;0.0;0.0;0.0
development,1242,receptor_ligand_only,2.55,3.9745186163122987,0.0;0.0;0.0;0.0;0.0
development,1243,receptor_ligand_only,4.46,4.45696626521654,0.0;0.0;0.0;0.0;0.0
development,1244,receptor_ligand_only,5.46,4.015728732738434,0.0;0.0;0.0;0.0;0.0
development,1246,receptor_ligand_only,2.95,3.7753807576329264,0.0;0.0;0.0;0.0;0.0
development,1248,receptor_ligand_only,4.41,3.92587327195436,0.0;0.0;0.0;0.0;0.0
development,1249,receptor_ligand_only,5.58,4.443827299078248,0.0;0.0;0.0;0.0;0.0
development,1250,receptor_ligand_only,5.33,3.9621547460721276,0.0;0.0;0.0;0.0;0.0
development,1251,receptor_ligand_only,5.36,4.789551459871131,0.0;0.0;0.0;0.0;0.0
development,1253,receptor_ligand_only,3.35,4.251891308583819,0.0;0.0;0.0;0.0;0.0
development,1254,receptor_ligand_only,4.29,4.4195287892213235,0.0;0.0;0.0;0.0;0.0
development,1255,receptor_ligand_only,4.2,4.260559772034951,0.0;0.0;0.0;0.0;0.0
development,1256,receptor_ligand_only,2.06,5.013971182658847,0.0;0.0;0.0;0.0;0.0
development,1257,receptor_ligand_only,5.03,4.5943239364817385,0.0;0.0;0.0;0.0;0.0
development,1259,receptor_ligand_only,3.99,4.4232622503192935,0.0;0.0;0.0;0.0;0.0
development,1260,receptor_ligand_only,4.37,4.811877388566721,0.0;0.0;0.0;0.0;0.0
development,1261,receptor_ligand_only,5.2,4.524899884812681,0.0;0.0;0.0;0.0;0.0
development,1262,receptor_ligand_only,2.73,4.218778655648428,0.0;0.0;0.0;0.0;0.0
development,1263,receptor_ligand_only,5.46,4.334085908174936,0.0;0.0;0.0;0.0;0.0
development,1265,receptor_ligand_only,5.6,4.361669932080774,0.0;0.0;0.0;0.0;0.0
development,1266,receptor_ligand_only,3.46,4.180687373261702,0.0;0.0;0.0;0.0;0.0
development,1267,receptor_ligand_only,5.54,4.226190974959893,0.0;0.0;0.0;0.0;0.0
development,1268,receptor_ligand_only,5.545,4.3176426054803505,0.0;0.0;0.0;0.0;0.0
development,1271,receptor_ligand_only,4.97,4.511005617028196,0.0;0.0;0.0;0.0;0.0
development,1273,receptor_ligand_only,2.64,3.5993717326298973,0.0;0.0;0.0;0.0;0.0
development,1274,receptor_ligand_only,5.06,4.014573075443742,0.0;0.0;0.0;0.0;0.0
development,1275,receptor_ligand_only,4.73,4.655850382780705,0.0;0.0;0.0;0.0;0.0
development,1276,receptor_ligand_only,2.11,4.0133343277036895,0.0;0.0;0.0;0.0;0.0
development,1277,receptor_ligand_only,4.55,4.323075236645766,0.0;0.0;0.0;0.0;0.0
development,1278,receptor_ligand_only,6.494999999999999,4.413849916750642,0.0;0.0;0.0;0.0;0.0
development,1279,receptor_ligand_only,5.69,4.5074744000681015,0.0;0.0;0.0;0.0;0.0
development,1280,receptor_ligand_only,4.79,4.54461439062996,0.0;0.0;0.0;0.0;0.0
development,1281,receptor_ligand_only,3.89,4.986656483670856,0.0;0.0;0.0;0.0;0.0
development,1282,receptor_ligand_only,4.27,4.441810531905351,0.0;0.0;0.0;0.0;0.0
development,1283,receptor_ligand_only,2.69,3.258009591260399,0.0;0.0;0.0;0.0;0.0
development,1284,receptor_ligand_only,2.95,3.672348790491312,0.0;0.0;0.0;0.0;0.0
development,1285,receptor_ligand_only,1.92,3.7171101867242395,0.0;0.0;0.0;0.0;0.0
development,1286,receptor_ligand_only,5.02,4.319259589933715,0.0;0.0;0.0;0.0;0.0
development,1288,receptor_ligand_only,3.25,3.978600255637778,0.0;0.0;0.0;0.0;0.0
development,1289,receptor_ligand_only,2.49,3.002766299625253,0.0;0.0;0.0;0.0;0.0
development,1291,receptor_ligand_only,4.34,4.817376803151387,0.0;0.0;0.0;0.0;0.0
development,1292,receptor_ligand_only,5.38,4.456259870972939,0.0;0.0;0.0;0.0;0.0
development,1294,receptor_ligand_only,4.79,4.344595688328576,0.0;0.0;0.0;0.0;0.0
development,1295,receptor_ligand_only,4.59,4.245110587171921,0.0;0.0;0.0;0.0;0.0
development,1296,receptor_ligand_only,4.59,4.951179995539209,0.0;0.0;0.0;0.0;0.0
development,1297,receptor_ligand_only,4.73,4.293032070091686,0.0;0.0;0.0;0.0;0.0
development,1298,receptor_ligand_only,3.67,4.015956342112021,0.0;0.0;0.0;0.0;0.0
development,1299,receptor_ligand_only,4.26,4.232088444366984,0.0;0.0;0.0;0.0;0.0
development,1300,receptor_ligand_only,2.05,5.212970990911608,0.0;0.0;0.0;0.0;0.0
development,1301,receptor_ligand_only,3.49,3.7323224091883667,0.0;0.0;0.0;0.0;0.0
development,1302,receptor_ligand_only,5.02,4.23964305068008,0.0;0.0;0.0;0.0;0.0
development,1303,receptor_ligand_only,5.05,4.35499799984287,0.0;0.0;0.0;0.0;0.0
development,1305,receptor_ligand_only,4.64,4.530441632929169,0.0;0.0;0.0;0.0;0.0
development,1306,receptor_ligand_only,1.81,4.207835642639518,0.0;0.0;0.0;0.0;0.0
development,1307,receptor_ligand_only,4.59,4.4605799580075916,0.0;0.0;0.0;0.0;0.0
development,1308,receptor_ligand_only,5.39,5.1354198768589345,0.0;0.0;0.0;0.0;0.0
development,1309,receptor_ligand_only,4.78,4.605565631084407,0.0;0.0;0.0;0.0;0.0
development,1310,receptor_ligand_only,5.97,4.522246542353803,0.0;0.0;0.0;0.0;0.0
development,1311,receptor_ligand_only,3.61,4.7817296504753655,0.0;0.0;0.0;0.0;0.0
development,1312,receptor_ligand_only,4.84,4.4817602887780845,0.0;0.0;0.0;0.0;0.0
development,1313,receptor_ligand_only,3.32,3.7838044972513383,0.0;0.0;0.0;0.0;0.0
development,1314,receptor_ligand_only,2.73,2.8223461887705934,0.0;0.0;0.0;0.0;0.0
development,1316,receptor_ligand_only,5.1,4.692268314235315,0.0;0.0;0.0;0.0;0.0
development,1317,receptor_ligand_only,3.48,4.0986768053103555,0.0;0.0;0.0;0.0;0.0
development,1319,receptor_ligand_only,1.61,4.305270884594581,0.0;0.0;0.0;0.0;0.0
development,1320,receptor_ligand_only,4.96,4.2396524127183115,0.0;0.0;0.0;0.0;0.0
development,1321,receptor_ligand_only,4.31,4.222721572812635,0.0;0.0;0.0;0.0;0.0
development,1323,receptor_ligand_only,5.3,4.579712363539821,0.0;0.0;0.0;0.0;0.0
development,1324,receptor_ligand_only,4.99,4.23724196721052,0.0;0.0;0.0;0.0;0.0
development,1325,receptor_ligand_only,5.22,4.048000626188122,0.0;0.0;0.0;0.0;0.0
development,1327,receptor_ligand_only,2.68,3.67496324295079,0.0;0.0;0.0;0.0;0.0
development,1328,receptor_ligand_only,5.12,4.033401368612947,0.0;0.0;0.0;0.0;0.0
development,1329,receptor_ligand_only,5.35,4.559038026471969,0.0;0.0;0.0;0.0;0.0
development,1331,receptor_ligand_only,2.74,3.7669426776403583,0.0;0.0;0.0;0.0;0.0
development,1332,receptor_ligand_only,4.42,4.697827398310835,0.0;0.0;0.0;0.0;0.0
development,1333,receptor_ligand_only,5.04,4.019593910348926,0.0;0.0;0.0;0.0;0.0
development,1334,receptor_ligand_only,4.64,4.190493068179395,0.0;0.0;0.0;0.0;0.0
development,1336,receptor_ligand_only,4.49,4.884967211419504,0.0;0.0;0.0;0.0;0.0
development,1337,receptor_ligand_only,5.19,4.5526977827045245,0.0;0.0;0.0;0.0;0.0
development,1338,receptor_ligand_only,5.47,4.250202868664296,0.0;0.0;0.0;0.0;0.0
development,1339,receptor_ligand_only,5.38,3.9006574951825344,0.0;0.0;0.0;0.0;0.0
development,1340,receptor_ligand_only,5.14,4.756863291525997,0.0;0.0;0.0;0.0;0.0
development,1341,receptor_ligand_only,3.97,4.153572110347543,0.0;0.0;0.0;0.0;0.0
development,1344,receptor_ligand_only,4.05,4.2345120852107385,0.0;0.0;0.0;0.0;0.0
development,1345,receptor_ligand_only,5.03,4.1222010722803315,0.0;0.0;0.0;0.0;0.0
development,1346,receptor_ligand_only,3.25,4.9924451280684705,0.0;0.0;0.0;0.0;0.0
development,1348,receptor_ligand_only,5.25,4.1994302650079165,0.0;0.0;0.0;0.0;0.0
development,1349,receptor_ligand_only,5.48,4.2693159856620655,0.0;0.0;0.0;0.0;0.0
development,1350,receptor_ligand_only,2.58,4.353843707628932,0.0;0.0;0.0;0.0;0.0
development,1351,receptor_ligand_only,4.49,3.974215144974724,0.0;0.0;0.0;0.0;0.0
development,1352,receptor_ligand_only,4.35,4.067986623537319,0.0;0.0;0.0;0.0;0.0
development,1353,receptor_ligand_only,5.48,4.591579661677697,0.0;0.0;0.0;0.0;0.0
development,1354,receptor_ligand_only,5.72,4.596822352025755,0.0;0.0;0.0;0.0;0.0
development,1355,receptor_ligand_only,2.23,4.445735877958445,0.0;0.0;0.0;0.0;0.0
development,1356,receptor_ligand_only,4.58,4.588973849424075,0.0;0.0;0.0;0.0;0.0
development,1357,receptor_ligand_only,4.28,4.378208931984031,0.0;0.0;0.0;0.0;0.0
development,1358,receptor_ligand_only,2.35,3.6636263022876916,0.0;0.0;0.0;0.0;0.0
development,1359,receptor_ligand_only,4.8,3.763210593120353,0.0;0.0;0.0;0.0;0.0
development,1361,receptor_ligand_only,5.14,4.002100733801659,0.0;0.0;0.0;0.0;0.0
development,1362,receptor_ligand_only,4.26,6.0714695897380855,0.0;0.0;0.0;0.0;0.0
development,1363,receptor_ligand_only,3.15,3.7200030399650323,0.0;0.0;0.0;0.0;0.0
development,1364,receptor_ligand_only,4.6,4.37079352952081,0.0;0.0;0.0;0.0;0.0
development,1365,receptor_ligand_only,6.33,5.262696374331808,0.0;0.0;0.0;0.0;0.0
development,1366,receptor_ligand_only,2.08,3.8778191291164914,0.0;0.0;0.0;0.0;0.0
development,1367,receptor_ligand_only,4.47,4.243108307569178,0.0;0.0;0.0;0.0;0.0
development,1368,receptor_ligand_only,5.51,4.339499430925375,0.0;0.0;0.0;0.0;0.0
development,1370,receptor_ligand_only,5.05,4.059202454896601,0.0;0.0;0.0;0.0;0.0
development,1371,receptor_ligand_only,4.89,4.414649481893104,0.0;0.0;0.0;0.0;0.0
development,1372,receptor_ligand_only,4.31,4.375773366380694,0.0;0.0;0.0;0.0;0.0
development,1373,receptor_ligand_only,2.69,4.471804005418146,0.0;0.0;0.0;0.0;0.0
development,1375,receptor_ligand_only,1.83,4.086700447021762,0.0;0.0;0.0;0.0;0.0
development,1376,receptor_ligand_only,4.65,4.410407650785317,0.0;0.0;0.0;0.0;0.0
development,1379,receptor_ligand_only,3.48,3.9127437031734686,0.0;0.0;0.0;0.0;0.0
development,1380,receptor_ligand_only,5.23,4.631667865455229,0.0;0.0;0.0;0.0;0.0
development,1381,receptor_ligand_only,5.4,4.474193387841483,0.0;0.0;0.0;0.0;0.0
development,1382,receptor_ligand_only,4.86,4.498434191048325,0.0;0.0;0.0;0.0;0.0
development,1385,receptor_ligand_only,2.69,4.772161464117554,0.0;0.0;0.0;0.0;0.0
development,1386,receptor_ligand_only,4.43,4.670697696737078,0.0;0.0;0.0;0.0;0.0
development,1387,receptor_ligand_only,2.59,3.847173078719833,0.0;0.0;0.0;0.0;0.0
development,1389,receptor_ligand_only,3.33,4.313249992388053,0.0;0.0;0.0;0.0;0.0
development,1390,receptor_ligand_only,2.98,3.919638310883854,0.0;0.0;0.0;0.0;0.0
development,1392,receptor_ligand_only,2.43,3.825571412202038,0.0;0.0;0.0;0.0;0.0
development,1393,receptor_ligand_only,5.03,5.301648477220334,0.0;0.0;0.0;0.0;0.0
development,1395,receptor_ligand_only,4.71,3.5876630530722053,0.0;0.0;0.0;0.0;0.0
development,1396,receptor_ligand_only,4.81,3.874762650185832,0.0;0.0;0.0;0.0;0.0
development,1397,receptor_ligand_only,4.28,4.728077154861397,0.0;0.0;0.0;0.0;0.0
development,1398,receptor_ligand_only,5.35,4.1652972419736916,0.0;0.0;0.0;0.0;0.0
development,1399,receptor_ligand_only,4.38,4.0426903596496295,0.0;0.0;0.0;0.0;0.0
development,1400,receptor_ligand_only,4.75,3.987265482693046,0.0;0.0;0.0;0.0;0.0
development,1401,receptor_ligand_only,5.07,4.882857004230772,0.0;0.0;0.0;0.0;0.0
development,1402,receptor_ligand_only,6.52,5.628475575502275,0.0;0.0;0.0;0.0;0.0
development,1404,receptor_ligand_only,5.08,4.558246528646839,0.0;0.0;0.0;0.0;0.0
development,1405,receptor_ligand_only,5.01,4.451802101190136,0.0;0.0;0.0;0.0;0.0
development,1406,receptor_ligand_only,5.69,4.480662295239524,0.0;0.0;0.0;0.0;0.0
development,1407,receptor_ligand_only,2.04,5.521603935361476,0.0;0.0;0.0;0.0;0.0
development,1408,receptor_ligand_only,4.71,4.622929146802319,0.0;0.0;0.0;0.0;0.0
development,1410,receptor_ligand_only,4.84,4.065714658165532,0.0;0.0;0.0;0.0;0.0
development,1411,receptor_ligand_only,4.86,4.724668744016654,0.0;0.0;0.0;0.0;0.0
development,1413,receptor_ligand_only,2.13,3.406156321460758,0.0;0.0;0.0;0.0;0.0
development,1414,receptor_ligand_only,1.88,3.751297114401706,0.0;0.0;0.0;0.0;0.0
development,1416,receptor_ligand_only,3.96,4.372235229627202,0.0;0.0;0.0;0.0;0.0
development,1418,receptor_ligand_only,1.76,4.7650894688803005,0.0;0.0;0.0;0.0;0.0
development,1421,receptor_ligand_only,2.69,3.4475298933758163,0.0;0.0;0.0;0.0;0.0
development,1422,receptor_ligand_only,5.68,4.174700270803317,0.0;0.0;0.0;0.0;0.0
development,1423,receptor_ligand_only,4.45,3.6872177165804976,0.0;0.0;0.0;0.0;0.0
development,1425,receptor_ligand_only,1.75,4.3722894872123,0.0;0.0;0.0;0.0;0.0
development,1426,receptor_ligand_only,5.39,4.545232787553141,0.0;0.0;0.0;0.0;0.0
development,1427,receptor_ligand_only,2.3,4.176107770743186,0.0;0.0;0.0;0.0;0.0
development,1428,receptor_ligand_only,5.86,4.284466892282049,0.0;0.0;0.0;0.0;0.0
development,1429,receptor_ligand_only,4.52,3.9133544269759333,0.0;0.0;0.0;0.0;0.0
development,1431,receptor_ligand_only,5.29,5.114428996825109,0.0;0.0;0.0;0.0;0.0
development,1432,receptor_ligand_only,5.62,4.585608269472511,0.0;0.0;0.0;0.0;0.0
development,1433,receptor_ligand_only,4.15,4.378887574015012,0.0;0.0;0.0;0.0;0.0
development,1434,receptor_ligand_only,1.89,4.151492045800671,0.0;0.0;0.0;0.0;0.0
development,1435,receptor_ligand_only,4.34,5.040781051874809,0.0;0.0;0.0;0.0;0.0
development,1437,receptor_ligand_only,5.77,4.364148114384693,0.0;0.0;0.0;0.0;0.0
development,1438,receptor_ligand_only,4.46,4.3764297111068835,0.0;0.0;0.0;0.0;0.0
development,1439,receptor_ligand_only,4.82,4.788292706117738,0.0;0.0;0.0;0.0;0.0
development,1440,receptor_ligand_only,5.18,4.349147956731781,0.0;0.0;0.0;0.0;0.0
development,1441,receptor_ligand_only,4.74,4.036196744999933,0.0;0.0;0.0;0.0;0.0
development,1442,receptor_ligand_only,3.17,3.668931035616377,0.0;0.0;0.0;0.0;0.0
development,1443,receptor_ligand_only,4.3,4.276969690755289,0.0;0.0;0.0;0.0;0.0
development,1444,receptor_ligand_only,3.78,4.350064474396763,0.0;0.0;0.0;0.0;0.0
development,1445,receptor_ligand_only,4.6,4.324451190705859,0.0;0.0;0.0;0.0;0.0
development,1446,receptor_ligand_only,3.68,4.988203444681015,0.0;0.0;0.0;0.0;0.0
development,1447,receptor_ligand_only,2.96,4.2319122445824116,0.0;0.0;0.0;0.0;0.0
development,1448,receptor_ligand_only,5.03,4.974226506081658,0.0;0.0;0.0;0.0;0.0
development,1449,receptor_ligand_only,5.22,4.285669043928635,0.0;0.0;0.0;0.0;0.0
development,1452,receptor_ligand_only,2.25,4.303525501930119,0.0;0.0;0.0;0.0;0.0
development,1453,receptor_ligand_only,4.87,4.073117002309818,0.0;0.0;0.0;0.0;0.0
development,1454,receptor_ligand_only,3.47,4.031658703824919,0.0;0.0;0.0;0.0;0.0
development,1455,receptor_ligand_only,4.35,5.065514913936916,0.0;0.0;0.0;0.0;0.0
development,1456,receptor_ligand_only,4.83,4.036872486143545,0.0;0.0;0.0;0.0;0.0
development,1457,receptor_ligand_only,5.83,5.296533605343772,0.0;0.0;0.0;0.0;0.0
development,1458,receptor_ligand_only,5.55,5.392948537987961,0.0;0.0;0.0;0.0;0.0
development,1459,receptor_ligand_only,2.1,4.208932649249884,0.0;0.0;0.0;0.0;0.0
development,1460,receptor_ligand_only,4.33,3.9285148118476823,0.0;0.0;0.0;0.0;0.0
development,1462,receptor_ligand_only,5.945,5.150841280365359,0.0;0.0;0.0;0.0;0.0
development,1463,receptor_ligand_only,4.28,3.722609088730107,0.0;0.0;0.0;0.0;0.0
development,1465,receptor_ligand_only,5.38,4.900368821682892,0.0;0.0;0.0;0.0;0.0
development,1466,receptor_ligand_only,4.63,4.423074905805817,0.0;0.0;0.0;0.0;0.0
development,1467,receptor_ligand_only,3.02,3.752734344030735,0.0;0.0;0.0;0.0;0.0
development,1468,receptor_ligand_only,4.65,3.9815856498308726,0.0;0.0;0.0;0.0;0.0
development,1470,receptor_ligand_only,3.87,4.196709107640582,0.0;0.0;0.0;0.0;0.0
development,1471,receptor_ligand_only,2.75,3.9794319708112336,0.0;0.0;0.0;0.0;0.0
development,1473,receptor_ligand_only,3.07,4.1455809593660575,0.0;0.0;0.0;0.0;0.0
development,1474,receptor_ligand_only,4.59,4.455625217150044,0.0;0.0;0.0;0.0;0.0
development,1475,receptor_ligand_only,3.94,4.2369267880495585,0.0;0.0;0.0;0.0;0.0
development,1476,receptor_ligand_only,5.87,4.966939754155021,0.0;0.0;0.0;0.0;0.0
development,1477,receptor_ligand_only,4.59,4.618734094130145,0.0;0.0;0.0;0.0;0.0
development,1478,receptor_ligand_only,5.19,4.169130309216407,0.0;0.0;0.0;0.0;0.0
development,1480,receptor_ligand_only,4.78,4.475107731189117,0.0;0.0;0.0;0.0;0.0
development,1483,receptor_ligand_only,4.91,4.547227835547553,0.0;0.0;0.0;0.0;0.0
development,1484,receptor_ligand_only,5.11,4.830994074950167,0.0;0.0;0.0;0.0;0.0
development,1486,receptor_ligand_only,5.19,4.6121863178371,0.0;0.0;0.0;0.0;0.0
development,1488,receptor_ligand_only,4.85,4.848901975973444,0.0;0.0;0.0;0.0;0.0
development,1489,receptor_ligand_only,4.81,4.062990722741054,0.0;0.0;0.0;0.0;0.0
development,1490,receptor_ligand_only,4.96,4.3331798930232575,0.0;0.0;0.0;0.0;0.0
development,1491,receptor_ligand_only,3.79,4.025988895742757,0.0;0.0;0.0;0.0;0.0
development,1493,receptor_ligand_only,4.88,3.885042603051896,0.0;0.0;0.0;0.0;0.0
development,1494,receptor_ligand_only,5.84,5.034965938860344,0.0;0.0;0.0;0.0;0.0
development,1495,receptor_ligand_only,4.23,4.603171673774231,0.0;0.0;0.0;0.0;0.0
development,1496,receptor_ligand_only,4.99,5.1442178996049215,0.0;0.0;0.0;0.0;0.0
development,1498,receptor_ligand_only,4.57,4.784997222657019,0.0;0.0;0.0;0.0;0.0
development,1499,receptor_ligand_only,4.67,3.6408416778588726,0.0;0.0;0.0;0.0;0.0
development,1500,receptor_ligand_only,5.1,4.407724599383305,0.0;0.0;0.0;0.0;0.0
development,1501,receptor_ligand_only,4.91,4.572547614615124,0.0;0.0;0.0;0.0;0.0
development,1502,receptor_ligand_only,4.26,4.099247903539984,0.0;0.0;0.0;0.0;0.0
development,1503,receptor_ligand_only,3.48,4.372243103097912,0.0;0.0;0.0;0.0;0.0
development,1504,receptor_ligand_only,4.87,4.424007281752671,0.0;0.0;0.0;0.0;0.0
development,1506,receptor_ligand_only,5.08,4.150180541103261,0.0;0.0;0.0;0.0;0.0
development,1507,receptor_ligand_only,5.55,4.256506736292707,0.0;0.0;0.0;0.0;0.0
development,1508,receptor_ligand_only,4.82,4.019107148880722,0.0;0.0;0.0;0.0;0.0
development,1511,receptor_ligand_only,3.69,4.064884975113024,0.0;0.0;0.0;0.0;0.0
development,1512,receptor_ligand_only,4.67,4.411141886223531,0.0;0.0;0.0;0.0;0.0
development,1513,receptor_ligand_only,4.09,4.012701230696786,0.0;0.0;0.0;0.0;0.0
development,1514,receptor_ligand_only,1.82,4.2441472091790455,0.0;0.0;0.0;0.0;0.0
development,1515,receptor_ligand_only,2.93,4.837703201628223,0.0;0.0;0.0;0.0;0.0
development,1516,receptor_ligand_only,5.44,4.401906831908286,0.0;0.0;0.0;0.0;0.0
development,1517,receptor_ligand_only,5.05,4.323098942285093,0.0;0.0;0.0;0.0;0.0
development,1518,receptor_ligand_only,4.66,3.699971922356288,0.0;0.0;0.0;0.0;0.0
development,1519,receptor_ligand_only,5.38,4.361530517491571,0.0;0.0;0.0;0.0;0.0
development,1520,receptor_ligand_only,5.13,4.241748976322243,0.0;0.0;0.0;0.0;0.0
development,1521,receptor_ligand_only,4.24,4.163972289510179,0.0;0.0;0.0;0.0;0.0
development,1523,receptor_ligand_only,5.42,4.040287244502975,0.0;0.0;0.0;0.0;0.0
development,1525,receptor_ligand_only,2.96,3.6682624814305305,0.0;0.0;0.0;0.0;0.0
development,1526,receptor_ligand_only,3.83,4.517591349620978,0.0;0.0;0.0;0.0;0.0
development,1527,receptor_ligand_only,2.47,3.943521198947691,0.0;0.0;0.0;0.0;0.0
development,1528,receptor_ligand_only,5.03,4.075160126770495,0.0;0.0;0.0;0.0;0.0
development,1529,receptor_ligand_only,3.19,4.250656901202774,0.0;0.0;0.0;0.0;0.0
development,1530,receptor_ligand_only,1.74,4.160911766898,0.0;0.0;0.0;0.0;0.0
development,1531,receptor_ligand_only,2.72,4.168507679795127,0.0;0.0;0.0;0.0;0.0
development,1532,receptor_ligand_only,5.7,4.525646643493041,0.0;0.0;0.0;0.0;0.0
development,1533,receptor_ligand_only,3.09,3.945017147884906,0.0;0.0;0.0;0.0;0.0
development,1534,receptor_ligand_only,5.22,4.205220571359764,0.0;0.0;0.0;0.0;0.0
development,1535,receptor_ligand_only,5.06,4.333166370172343,0.0;0.0;0.0;0.0;0.0
development,1536,receptor_ligand_only,5.2,4.566286253790018,0.0;0.0;0.0;0.0;0.0
development,1537,receptor_ligand_only,3.86,4.368031428973289,0.0;0.0;0.0;0.0;0.0
development,1538,receptor_ligand_only,4.9,4.619330706906356,0.0;0.0;0.0;0.0;0.0
development,1540,receptor_ligand_only,2.25,4.22877467128748,0.0;0.0;0.0;0.0;0.0
development,1541,receptor_ligand_only,5.17,4.0196738601719435,0.0;0.0;0.0;0.0;0.0
development,1542,receptor_ligand_only,4.12,4.123064506227793,0.0;0.0;0.0;0.0;0.0
development,1543,receptor_ligand_only,1.67,4.225224665981275,0.0;0.0;0.0;0.0;0.0
development,1544,receptor_ligand_only,1.94,4.500696850232862,0.0;0.0;0.0;0.0;0.0
development,1545,receptor_ligand_only,4.61,4.933588365350983,0.0;0.0;0.0;0.0;0.0
development,1546,receptor_ligand_only,4.87,4.362530320739177,0.0;0.0;0.0;0.0;0.0
development,1547,receptor_ligand_only,4.38,4.809216279387329,0.0;0.0;0.0;0.0;0.0
development,1549,receptor_ligand_only,4.42,3.851519272616982,0.0;0.0;0.0;0.0;0.0
development,1550,receptor_ligand_only,3.1,4.60858570052207,0.0;0.0;0.0;0.0;0.0
development,1551,receptor_ligand_only,4.92,4.77885300443918,0.0;0.0;0.0;0.0;0.0
development,1552,receptor_ligand_only,5.83,4.214829309843724,0.0;0.0;0.0;0.0;0.0
development,1553,receptor_ligand_only,4.69,4.196433001513187,0.0;0.0;0.0;0.0;0.0
development,1554,receptor_ligand_only,3.23,4.60090361181045,0.0;0.0;0.0;0.0;0.0
development,1556,receptor_ligand_only,4.54,3.7738584206903125,0.0;0.0;0.0;0.0;0.0
development,1557,receptor_ligand_only,4.36,5.1935019175223776,0.0;0.0;0.0;0.0;0.0
development,1559,receptor_ligand_only,4.49,4.349301839788864,0.0;0.0;0.0;0.0;0.0
development,1560,receptor_ligand_only,4.39,4.297711717818178,0.0;0.0;0.0;0.0;0.0
development,1561,receptor_ligand_only,5.865,4.612278068461757,0.0;0.0;0.0;0.0;0.0
development,1562,receptor_ligand_only,5.19,4.533823488293269,0.0;0.0;0.0;0.0;0.0
development,1563,receptor_ligand_only,1.76,6.051310568340218,0.0;0.0;0.0;0.0;0.0
development,1564,receptor_ligand_only,5.74,4.322033917936118,0.0;0.0;0.0;0.0;0.0
development,1565,receptor_ligand_only,4.22,4.460348200634213,0.0;0.0;0.0;0.0;0.0
development,1566,receptor_ligand_only,5.11,4.268836808874825,0.0;0.0;0.0;0.0;0.0
development,1567,receptor_ligand_only,3.86,4.436413515708691,0.0;0.0;0.0;0.0;0.0
development,1570,receptor_ligand_only,4.66,5.430675220533745,0.0;0.0;0.0;0.0;0.0
development,1571,receptor_ligand_only,5.05,4.306556244438939,0.0;0.0;0.0;0.0;0.0
development,1572,receptor_ligand_only,3.86,4.340566433564568,0.0;0.0;0.0;0.0;0.0
development,1573,receptor_ligand_only,3.53,4.302237186100461,0.0;0.0;0.0;0.0;0.0
development,1574,receptor_ligand_only,5.62,4.553778600842324,0.0;0.0;0.0;0.0;0.0
development,1576,receptor_ligand_only,4.8,4.405729375532496,0.0;0.0;0.0;0.0;0.0
development,1577,receptor_ligand_only,2.71,3.6822269056035064,0.0;0.0;0.0;0.0;0.0
development,1578,receptor_ligand_only,5.19,4.232382085219134,0.0;0.0;0.0;0.0;0.0
development,1581,receptor_ligand_only,4.97,4.568521926740965,0.0;0.0;0.0;0.0;0.0
development,1584,receptor_ligand_only,5.29,4.552024287509763,0.0;0.0;0.0;0.0;0.0
development,1585,receptor_ligand_only,4.52,3.79066418326262,0.0;0.0;0.0;0.0;0.0
development,1587,receptor_ligand_only,5.54,4.827162852955014,0.0;0.0;0.0;0.0;0.0
development,1588,receptor_ligand_only,5.06,4.42315960821948,0.0;0.0;0.0;0.0;0.0
development,1589,receptor_ligand_only,4.92,4.428030190653894,0.0;0.0;0.0;0.0;0.0
development,1590,receptor_ligand_only,4.36,4.111697954078063,0.0;0.0;0.0;0.0;0.0
development,1591,receptor_ligand_only,4.95,4.098926536986439,0.0;0.0;0.0;0.0;0.0
development,1593,receptor_ligand_only,4.81,4.096792533877985,0.0;0.0;0.0;0.0;0.0
development,1594,receptor_ligand_only,3.28,4.4446929248948335,0.0;0.0;0.0;0.0;0.0
development,1595,receptor_ligand_only,3.04,4.101745378584159,0.0;0.0;0.0;0.0;0.0
development,1596,receptor_ligand_only,4.93,4.045091513670233,0.0;0.0;0.0;0.0;0.0
development,1597,receptor_ligand_only,4.53,4.059698478126316,0.0;0.0;0.0;0.0;0.0
development,1598,receptor_ligand_only,5.16,4.296616402211084,0.0;0.0;0.0;0.0;0.0
development,1599,receptor_ligand_only,4.87,4.821927662431571,0.0;0.0;0.0;0.0;0.0
development,1600,receptor_ligand_only,5.33,4.248062882562242,0.0;0.0;0.0;0.0;0.0
development,1603,receptor_ligand_only,2.04,4.052218499199652,0.0;0.0;0.0;0.0;0.0
development,1605,receptor_ligand_only,4.71,4.860050931816171,0.0;0.0;0.0;0.0;0.0
development,1606,receptor_ligand_only,4.99,4.297006797847296,0.0;0.0;0.0;0.0;0.0
development,1607,receptor_ligand_only,4.95,4.506333103601307,0.0;0.0;0.0;0.0;0.0
development,1609,receptor_ligand_only,5.24,4.122789600777248,0.0;0.0;0.0;0.0;0.0
development,1611,receptor_ligand_only,5.03,4.963913147183305,0.0;0.0;0.0;0.0;0.0
development,1613,receptor_ligand_only,4.33,4.532297872181223,0.0;0.0;0.0;0.0;0.0
development,1614,receptor_ligand_only,4.38,3.89342095273063,0.0;0.0;0.0;0.0;0.0
development,1616,receptor_ligand_only,5.17,4.376022877735692,0.0;0.0;0.0;0.0;0.0
development,1618,receptor_ligand_only,5.06,3.8724290766817075,0.0;0.0;0.0;0.0;0.0
development,1619,receptor_ligand_only,4.43,4.726611442779596,0.0;0.0;0.0;0.0;0.0
development,1620,receptor_ligand_only,5.27,4.102097491243242,0.0;0.0;0.0;0.0;0.0
development,1621,receptor_ligand_only,5.12,4.119206559070731,0.0;0.0;0.0;0.0;0.0
development,1623,receptor_ligand_only,4.53,3.721301380064113,0.0;0.0;0.0;0.0;0.0
development,1624,receptor_ligand_only,5.0,4.414375758383958,0.0;0.0;0.0;0.0;0.0
development,1626,receptor_ligand_only,2.45,2.9726550116281576,0.0;0.0;0.0;0.0;0.0
development,1627,receptor_ligand_only,5.52,3.77360338546211,0.0;0.0;0.0;0.0;0.0
development,1628,receptor_ligand_only,4.27,4.297068976596423,0.0;0.0;0.0;0.0;0.0
development,1629,receptor_ligand_only,2.86,4.201952395710116,0.0;0.0;0.0;0.0;0.0
development,1630,receptor_ligand_only,4.78,4.378054052009484,0.0;0.0;0.0;0.0;0.0
development,1631,receptor_ligand_only,4.99,4.127823593279194,0.0;0.0;0.0;0.0;0.0
development,1632,receptor_ligand_only,4.52,4.452541851500526,0.0;0.0;0.0;0.0;0.0
development,1633,receptor_ligand_only,4.04,3.720082103749552,0.0;0.0;0.0;0.0;0.0
development,1634,receptor_ligand_only,3.1,4.42082192623003,0.0;0.0;0.0;0.0;0.0
development,1635,receptor_ligand_only,3.03,3.75418579563709,0.0;0.0;0.0;0.0;0.0
development,1636,receptor_ligand_only,5.23,4.809191224750565,0.0;0.0;0.0;0.0;0.0
development,1637,receptor_ligand_only,5.03,4.858809525620657,0.0;0.0;0.0;0.0;0.0
development,1638,receptor_ligand_only,4.23,4.173769779726261,0.0;0.0;0.0;0.0;0.0
development,1639,receptor_ligand_only,5.59,4.941716458900529,0.0;0.0;0.0;0.0;0.0
development,1640,receptor_ligand_only,4.73,4.7669073680998535,0.0;0.0;0.0;0.0;0.0
development,1641,receptor_ligand_only,3.44,3.8817660270934153,0.0;0.0;0.0;0.0;0.0
development,1642,receptor_ligand_only,5.01,4.392882590858728,0.0;0.0;0.0;0.0;0.0
development,1643,receptor_ligand_only,6.56,4.973887154529094,0.0;0.0;0.0;0.0;0.0
development,1644,receptor_ligand_only,5.8,4.614244715136624,0.0;0.0;0.0;0.0;0.0
development,1645,receptor_ligand_only,4.54,4.026349386917161,0.0;0.0;0.0;0.0;0.0
development,1646,receptor_ligand_only,5.08,4.33590052337391,0.0;0.0;0.0;0.0;0.0
development,1649,receptor_ligand_only,1.82,4.219904519894744,0.0;0.0;0.0;0.0;0.0
development,1650,receptor_ligand_only,4.91,4.259686635458318,0.0;0.0;0.0;0.0;0.0
development,1651,receptor_ligand_only,2.84,4.148191107213659,0.0;0.0;0.0;0.0;0.0
development,1652,receptor_ligand_only,4.89,4.582930528900444,0.0;0.0;0.0;0.0;0.0
development,1653,receptor_ligand_only,2.95,3.7630109547720134,0.0;0.0;0.0;0.0;0.0
development,1656,receptor_ligand_only,4.83,4.172418805565152,0.0;0.0;0.0;0.0;0.0
development,1658,receptor_ligand_only,5.11,4.3948031072983715,0.0;0.0;0.0;0.0;0.0
development,1659,receptor_ligand_only,2.96,3.7358857216148387,0.0;0.0;0.0;0.0;0.0
development,1660,receptor_ligand_only,1.81,4.617458006593672,0.0;0.0;0.0;0.0;0.0
development,1661,receptor_ligand_only,5.02,3.683135744556889,0.0;0.0;0.0;0.0;0.0
development,1662,receptor_ligand_only,5.74,4.326707680164473,0.0;0.0;0.0;0.0;0.0
development,1663,receptor_ligand_only,2.11,3.2923483249259684,0.0;0.0;0.0;0.0;0.0
development,1664,receptor_ligand_only,4.88,3.7264160954171226,0.0;0.0;0.0;0.0;0.0
development,1665,receptor_ligand_only,5.4,4.6891499488721795,0.0;0.0;0.0;0.0;0.0
development,1666,receptor_ligand_only,5.18,4.06020406141235,0.0;0.0;0.0;0.0;0.0
development,1667,receptor_ligand_only,3.05,4.057763987462047,0.0;0.0;0.0;0.0;0.0
development,1668,receptor_ligand_only,3.4,4.028444092783172,0.0;0.0;0.0;0.0;0.0
development,1669,receptor_ligand_only,5.17,4.170844742257262,0.0;0.0;0.0;0.0;0.0
development,1670,receptor_ligand_only,4.54,4.435024919244237,0.0;0.0;0.0;0.0;0.0
development,1671,receptor_ligand_only,5.07,4.409252636163511,0.0;0.0;0.0;0.0;0.0
development,1672,receptor_ligand_only,4.81,4.549580720061691,0.0;0.0;0.0;0.0;0.0
development,1673,receptor_ligand_only,5.08,4.5518787445527735,0.0;0.0;0.0;0.0;0.0
development,1674,receptor_ligand_only,5.16,4.640851810774981,0.0;0.0;0.0;0.0;0.0
development,1675,receptor_ligand_only,3.95,4.9753352032193305,0.0;0.0;0.0;0.0;0.0
development,1676,receptor_ligand_only,4.33,4.145916220090621,0.0;0.0;0.0;0.0;0.0
development,1677,receptor_ligand_only,4.98,4.712171015449888,0.0;0.0;0.0;0.0;0.0
development,1678,receptor_ligand_only,1.82,3.4608439896214804,0.0;0.0;0.0;0.0;0.0
development,1680,receptor_ligand_only,1.77,4.521049066006238,0.0;0.0;0.0;0.0;0.0
development,1681,receptor_ligand_only,4.23,3.9705182257579077,0.0;0.0;0.0;0.0;0.0
development,1683,receptor_ligand_only,1.85,4.902561877749127,0.0;0.0;0.0;0.0;0.0
development,1685,receptor_ligand_only,5.09,3.9385669120190707,0.0;0.0;0.0;0.0;0.0
development,1686,receptor_ligand_only,4.76,4.688987468167134,0.0;0.0;0.0;0.0;0.0
development,1687,receptor_ligand_only,5.0,4.093665488444454,0.0;0.0;0.0;0.0;0.0
development,1688,receptor_ligand_only,2.94,3.9206696079170746,0.0;0.0;0.0;0.0;0.0
development,1689,receptor_ligand_only,5.21,4.219191795017993,0.0;0.0;0.0;0.0;0.0
development,1690,receptor_ligand_only,4.6,3.997348259796139,0.0;0.0;0.0;0.0;0.0
development,1691,receptor_ligand_only,4.86,4.654772479245798,0.0;0.0;0.0;0.0;0.0
development,1692,receptor_ligand_only,5.26,4.31225989170961,0.0;0.0;0.0;0.0;0.0
development,1693,receptor_ligand_only,4.78,4.177725542452511,0.0;0.0;0.0;0.0;0.0
development,1694,receptor_ligand_only,3.38,3.9445104853584128,0.0;0.0;0.0;0.0;0.0
development,1695,receptor_ligand_only,5.47,4.976533044014262,0.0;0.0;0.0;0.0;0.0
development,1696,receptor_ligand_only,5.04,4.162390164786968,0.0;0.0;0.0;0.0;0.0
development,1697,receptor_ligand_only,2.42,3.801921849678874,0.0;0.0;0.0;0.0;0.0
development,1698,receptor_ligand_only,5.61,4.358455759644177,0.0;0.0;0.0;0.0;0.0
development,1699,receptor_ligand_only,4.33,4.8746391130391045,0.0;0.0;0.0;0.0;0.0
development,1700,receptor_ligand_only,3.01,4.288798510635337,0.0;0.0;0.0;0.0;0.0
development,1702,receptor_ligand_only,5.16,4.464491585072251,0.0;0.0;0.0;0.0;0.0
development,1703,receptor_ligand_only,5.1,4.13724317822793,0.0;0.0;0.0;0.0;0.0
development,1704,receptor_ligand_only,4.25,4.471508356346316,0.0;0.0;0.0;0.0;0.0
development,1706,receptor_ligand_only,3.98,4.070852988918474,0.0;0.0;0.0;0.0;0.0
development,1707,receptor_ligand_only,3.1,4.186587275417219,0.0;0.0;0.0;0.0;0.0
development,1709,receptor_ligand_only,2.94,3.831604684529698,0.0;0.0;0.0;0.0;0.0
development,1710,receptor_ligand_only,4.09,4.350243510657275,0.0;0.0;0.0;0.0;0.0
development,1711,receptor_ligand_only,4.91,3.969792859824226,0.0;0.0;0.0;0.0;0.0
development,1712,receptor_ligand_only,3.89,3.991825898265517,0.0;0.0;0.0;0.0;0.0
development,1713,receptor_ligand_only,1.79,4.3513974462282725,0.0;0.0;0.0;0.0;0.0
development,1714,receptor_ligand_only,4.17,4.282545817100488,0.0;0.0;0.0;0.0;0.0
development,1716,receptor_ligand_only,1.86,5.321820943419236,0.0;0.0;0.0;0.0;0.0
development,1717,receptor_ligand_only,1.63,3.975619404645123,0.0;0.0;0.0;0.0;0.0
development,1718,receptor_ligand_only,3.89,4.303120234699826,0.0;0.0;0.0;0.0;0.0
development,1719,receptor_ligand_only,4.61,5.6423575690896905,0.0;0.0;0.0;0.0;0.0
development,1720,receptor_ligand_only,4.44,4.717689606195027,0.0;0.0;0.0;0.0;0.0
development,1721,receptor_ligand_only,5.46,4.41170919538802,0.0;0.0;0.0;0.0;0.0
development,1723,receptor_ligand_only,3.09,3.607118313916072,0.0;0.0;0.0;0.0;0.0
development,1724,receptor_ligand_only,5.3,4.297527612471793,0.0;0.0;0.0;0.0;0.0
development,1726,receptor_ligand_only,5.0,4.776726754916964,0.0;0.0;0.0;0.0;0.0
development,1727,receptor_ligand_only,4.36,4.706669670828432,0.0;0.0;0.0;0.0;0.0
development,1728,receptor_ligand_only,5.19,3.934216507209383,0.0;0.0;0.0;0.0;0.0
development,1729,receptor_ligand_only,4.58,4.77656044057215,0.0;0.0;0.0;0.0;0.0
development,1730,receptor_ligand_only,3.92,4.112908129945315,0.0;0.0;0.0;0.0;0.0
development,1731,receptor_ligand_only,4.57,4.140761017257629,0.0;0.0;0.0;0.0;0.0
development,1732,receptor_ligand_only,1.81,5.100429932628636,0.0;0.0;0.0;0.0;0.0
development,1733,receptor_ligand_only,5.52,4.549912881661688,0.0;0.0;0.0;0.0;0.0
development,1734,receptor_ligand_only,4.09,3.898714678293341,0.0;0.0;0.0;0.0;0.0
development,1736,receptor_ligand_only,4.59,4.713512315383153,0.0;0.0;0.0;0.0;0.0
development,1737,receptor_ligand_only,5.89,4.166522875223397,0.0;0.0;0.0;0.0;0.0
development,1738,receptor_ligand_only,5.07,4.489495557763697,0.0;0.0;0.0;0.0;0.0
development,1739,receptor_ligand_only,4.86,4.339545797051859,0.0;0.0;0.0;0.0;0.0
development,1740,receptor_ligand_only,5.77,4.392433762174445,0.0;0.0;0.0;0.0;0.0
development,1741,receptor_ligand_only,5.23,4.896565209222507,0.0;0.0;0.0;0.0;0.0
development,1742,receptor_ligand_only,3.55,4.218338468282306,0.0;0.0;0.0;0.0;0.0
development,1743,receptor_ligand_only,2.62,3.9521866103934844,0.0;0.0;0.0;0.0;0.0
development,1744,receptor_ligand_only,4.74,3.514527735842187,0.0;0.0;0.0;0.0;0.0
development,1745,receptor_ligand_only,4.06,4.430258801919759,0.0;0.0;0.0;0.0;0.0
development,1746,receptor_ligand_only,2.96,3.649691501258299,0.0;0.0;0.0;0.0;0.0
development,1747,receptor_ligand_only,4.67,4.3874843644950445,0.0;0.0;0.0;0.0;0.0
development,1748,receptor_ligand_only,4.89,4.158003172881587,0.0;0.0;0.0;0.0;0.0
development,1749,receptor_ligand_only,4.29,4.144844339040591,0.0;0.0;0.0;0.0;0.0
development,1750,receptor_ligand_only,2.64,3.4644592707290465,0.0;0.0;0.0;0.0;0.0
development,1751,receptor_ligand_only,5.24,4.0208071467556685,0.0;0.0;0.0;0.0;0.0
development,1752,receptor_ligand_only,4.38,4.391835930128588,0.0;0.0;0.0;0.0;0.0
development,1754,receptor_ligand_only,5.33,4.637188829764808,0.0;0.0;0.0;0.0;0.0
development,1755,receptor_ligand_only,4.09,4.34575518446994,0.0;0.0;0.0;0.0;0.0
development,1756,receptor_ligand_only,5.455,3.804573954163775,0.0;0.0;0.0;0.0;0.0
development,1757,receptor_ligand_only,4.24,4.010669286013645,0.0;0.0;0.0;0.0;0.0
development,1758,receptor_ligand_only,3.76,4.374030392819469,0.0;0.0;0.0;0.0;0.0
development,1760,receptor_ligand_only,4.44,3.7353447127872377,0.0;0.0;0.0;0.0;0.0
development,1761,receptor_ligand_only,5.38,4.120493710523299,0.0;0.0;0.0;0.0;0.0
development,1762,receptor_ligand_only,4.41,3.909275803391035,0.0;0.0;0.0;0.0;0.0
development,1763,receptor_ligand_only,2.01,4.029279598986324,0.0;0.0;0.0;0.0;0.0
development,1764,receptor_ligand_only,4.67,4.370479274959992,0.0;0.0;0.0;0.0;0.0
development,1765,receptor_ligand_only,4.41,4.66071849532262,0.0;0.0;0.0;0.0;0.0
development,1766,receptor_ligand_only,4.73,4.092042094619819,0.0;0.0;0.0;0.0;0.0
development,1769,receptor_ligand_only,4.885,4.7043424541550465,0.0;0.0;0.0;0.0;0.0
development,1771,receptor_ligand_only,5.66,4.199160663059054,0.0;0.0;0.0;0.0;0.0
development,1772,receptor_ligand_only,3.01,3.7965094081872466,0.0;0.0;0.0;0.0;0.0
development,1773,receptor_ligand_only,6.21,4.4297935745622565,0.0;0.0;0.0;0.0;0.0
development,1774,receptor_ligand_only,4.98,5.248065110438559,0.0;0.0;0.0;0.0;0.0
development,1775,receptor_ligand_only,1.87,4.552243491767085,0.0;0.0;0.0;0.0;0.0
development,1776,receptor_ligand_only,4.89,4.393684232335782,0.0;0.0;0.0;0.0;0.0
development,1777,receptor_ligand_only,5.41,4.2911687028613565,0.0;0.0;0.0;0.0;0.0
development,1778,receptor_ligand_only,5.31,4.599707509799898,0.0;0.0;0.0;0.0;0.0
development,1779,receptor_ligand_only,5.13,4.7337796430764145,0.0;0.0;0.0;0.0;0.0
development,1780,receptor_ligand_only,4.94,4.041430562617783,0.0;0.0;0.0;0.0;0.0
development,1782,receptor_ligand_only,1.72,4.652166790851326,0.0;0.0;0.0;0.0;0.0
development,1783,receptor_ligand_only,3.71,3.785235690943258,0.0;0.0;0.0;0.0;0.0
development,1784,receptor_ligand_only,4.59,4.639058896023336,0.0;0.0;0.0;0.0;0.0
development,1785,receptor_ligand_only,4.81,4.547348264131252,0.0;0.0;0.0;0.0;0.0
development,1786,receptor_ligand_only,3.73,4.160239727772444,0.0;0.0;0.0;0.0;0.0
development,1787,receptor_ligand_only,5.15,4.641923059792652,0.0;0.0;0.0;0.0;0.0
development,1788,receptor_ligand_only,5.64,4.148592713225386,0.0;0.0;0.0;0.0;0.0
development,1789,receptor_ligand_only,3.35,3.639150837226392,0.0;0.0;0.0;0.0;0.0
development,1791,receptor_ligand_only,2.57,4.495970240402616,0.0;0.0;0.0;0.0;0.0
development,1792,receptor_ligand_only,4.6,4.572499712170096,0.0;0.0;0.0;0.0;0.0
development,1793,receptor_ligand_only,5.06,3.976384097051462,0.0;0.0;0.0;0.0;0.0
development,1794,receptor_ligand_only,5.63,4.26856049433818,0.0;0.0;0.0;0.0;0.0
development,1795,receptor_ligand_only,4.77,4.504484446303396,0.0;0.0;0.0;0.0;0.0
development,1796,receptor_ligand_only,2.51,3.9330564841272673,0.0;0.0;0.0;0.0;0.0
development,1797,receptor_ligand_only,5.33,4.301205449628672,0.0;0.0;0.0;0.0;0.0
development,1798,receptor_ligand_only,2.87,3.4706388615925587,0.0;0.0;0.0;0.0;0.0
development,1799,receptor_ligand_only,3.48,4.606591816597397,0.0;0.0;0.0;0.0;0.0
development,1801,receptor_ligand_only,4.61,4.848969439847172,0.0;0.0;0.0;0.0;0.0
development,1802,receptor_ligand_only,4.63,4.977365104428338,0.0;0.0;0.0;0.0;0.0
development,1803,receptor_ligand_only,2.97,4.131063894477282,0.0;0.0;0.0;0.0;0.0
development,1804,receptor_ligand_only,4.27,4.437656841688753,0.0;0.0;0.0;0.0;0.0
development,1805,receptor_ligand_only,6.14,4.338266287135466,0.0;0.0;0.0;0.0;0.0
development,1806,receptor_ligand_only,5.25,4.435124096207013,0.0;0.0;0.0;0.0;0.0
development,1807,receptor_ligand_only,3.7,4.092107483705338,0.0;0.0;0.0;0.0;0.0
development,1808,receptor_ligand_only,1.96,3.711132398616929,0.0;0.0;0.0;0.0;0.0
development,1809,receptor_ligand_only,5.17,4.447520882957182,0.0;0.0;0.0;0.0;0.0
development,1810,receptor_ligand_only,2.88,4.0536630956317055,0.0;0.0;0.0;0.0;0.0
development,1811,receptor_ligand_only,3.61,4.4688543980000475,0.0;0.0;0.0;0.0;0.0
development,1812,receptor_ligand_only,3.01,3.7155790408338496,0.0;0.0;0.0;0.0;0.0
development,1814,receptor_ligand_only,2.49,3.9962503976409924,0.0;0.0;0.0;0.0;0.0
development,1816,receptor_ligand_only,4.04,3.873081330963139,0.0;0.0;0.0;0.0;0.0
development,1817,receptor_ligand_only,5.11,4.152238223861295,0.0;0.0;0.0;0.0;0.0
development,1818,receptor_ligand_only,5.22,4.144444960296935,0.0;0.0;0.0;0.0;0.0
development,1819,receptor_ligand_only,5.32,4.262361417043868,0.0;0.0;0.0;0.0;0.0
development,1820,receptor_ligand_only,5.09,4.719161157649569,0.0;0.0;0.0;0.0;0.0
development,1822,receptor_ligand_only,3.15,3.7677381170480375,0.0;0.0;0.0;0.0;0.0
development,1823,receptor_ligand_only,2.81,3.63891479762432,0.0;0.0;0.0;0.0;0.0
development,1824,receptor_ligand_only,4.27,4.70161322615512,0.0;0.0;0.0;0.0;0.0
development,1825,receptor_ligand_only,2.13,2.959060093433978,0.0;0.0;0.0;0.0;0.0
development,1826,receptor_ligand_only,3.01,3.6857331778082116,0.0;0.0;0.0;0.0;0.0
development,1827,receptor_ligand_only,5.015000000000001,3.8278094203750066,0.0;0.0;0.0;0.0;0.0
development,1828,receptor_ligand_only,5.48,4.3189148533006465,0.0;0.0;0.0;0.0;0.0
development,1829,receptor_ligand_only,1.79,3.6045767568033584,0.0;0.0;0.0;0.0;0.0
development,1830,receptor_ligand_only,4.67,3.9814568176369396,0.0;0.0;0.0;0.0;0.0
development,1831,receptor_ligand_only,2.01,4.409991392741745,0.0;0.0;0.0;0.0;0.0
development,1832,receptor_ligand_only,4.11,4.1139002218734015,0.0;0.0;0.0;0.0;0.0
development,1834,receptor_ligand_only,5.17,4.38351984737643,0.0;0.0;0.0;0.0;0.0
development,1835,receptor_ligand_only,4.67,4.399483012983023,0.0;0.0;0.0;0.0;0.0
development,1836,receptor_ligand_only,2.39,4.204224442604031,0.0;0.0;0.0;0.0;0.0
development,1837,receptor_ligand_only,5.365,4.454516516092057,0.0;0.0;0.0;0.0;0.0
development,1838,receptor_ligand_only,2.28,4.429735595065247,0.0;0.0;0.0;0.0;0.0
development,1839,receptor_ligand_only,4.77,4.06439387109521,0.0;0.0;0.0;0.0;0.0
development,1840,receptor_ligand_only,5.27,4.126025956840779,0.0;0.0;0.0;0.0;0.0
development,1841,receptor_ligand_only,3.28,4.009267936740277,0.0;0.0;0.0;0.0;0.0
development,1842,receptor_ligand_only,4.95,3.772898905985263,0.0;0.0;0.0;0.0;0.0
development,1843,receptor_ligand_only,4.74,4.065827408218005,0.0;0.0;0.0;0.0;0.0
development,1844,receptor_ligand_only,5.56,4.539503549889193,0.0;0.0;0.0;0.0;0.0
development,1845,receptor_ligand_only,3.28,4.175244803925487,0.0;0.0;0.0;0.0;0.0
development,1846,receptor_ligand_only,4.67,3.7247668045823663,0.0;0.0;0.0;0.0;0.0
development,1847,receptor_ligand_only,2.47,3.9292570403182503,0.0;0.0;0.0;0.0;0.0
development,1848,receptor_ligand_only,2.54,4.266287131078554,0.0;0.0;0.0;0.0;0.0
development,1850,receptor_ligand_only,2.66,4.01625462291392,0.0;0.0;0.0;0.0;0.0
development,1851,receptor_ligand_only,6.18,4.77795870153698,0.0;0.0;0.0;0.0;0.0
development,1853,receptor_ligand_only,2.93,3.662758096544414,0.0;0.0;0.0;0.0;0.0
development,1854,receptor_ligand_only,4.52,4.244877720222337,0.0;0.0;0.0;0.0;0.0
development,1855,receptor_ligand_only,5.1,5.022253442274131,0.0;0.0;0.0;0.0;0.0
development,1857,receptor_ligand_only,4.79,4.166646509910912,0.0;0.0;0.0;0.0;0.0
development,1858,receptor_ligand_only,1.98,5.190168060866324,0.0;0.0;0.0;0.0;0.0
development,1859,receptor_ligand_only,4.36,4.431095185333676,0.0;0.0;0.0;0.0;0.0
development,1861,receptor_ligand_only,4.8,4.436210592469955,0.0;0.0;0.0;0.0;0.0
development,1863,receptor_ligand_only,3.26,4.232529931292877,0.0;0.0;0.0;0.0;0.0
development,1864,receptor_ligand_only,4.7,4.150611397510042,0.0;0.0;0.0;0.0;0.0
development,1865,receptor_ligand_only,4.59,3.9209249225081027,0.0;0.0;0.0;0.0;0.0
development,1867,receptor_ligand_only,4.15,3.71047670927569,0.0;0.0;0.0;0.0;0.0
development,1868,receptor_ligand_only,4.87,5.065189888109561,0.0;0.0;0.0;0.0;0.0
development,1869,receptor_ligand_only,2.51,4.278839636053124,0.0;0.0;0.0;0.0;0.0
development,1870,receptor_ligand_only,4.55,4.466392496194185,0.0;0.0;0.0;0.0;0.0
development,1871,receptor_ligand_only,4.42,4.223284094698591,0.0;0.0;0.0;0.0;0.0
development,1872,receptor_ligand_only,3.56,4.807542523493118,0.0;0.0;0.0;0.0;0.0
development,1873,receptor_ligand_only,5.33,3.8756609238632755,0.0;0.0;0.0;0.0;0.0
development,1874,receptor_ligand_only,4.58,4.382927927813802,0.0;0.0;0.0;0.0;0.0
development,1875,receptor_ligand_only,3.39,3.5666983008208257,0.0;0.0;0.0;0.0;0.0
development,1876,receptor_ligand_only,4.24,3.438651514381954,0.0;0.0;0.0;0.0;0.0
development,1878,receptor_ligand_only,4.56,3.903151324004733,0.0;0.0;0.0;0.0;0.0
development,1879,receptor_ligand_only,4.72,4.141259329469427,0.0;0.0;0.0;0.0;0.0
development,1880,receptor_ligand_only,5.3,4.278943100321006,0.0;0.0;0.0;0.0;0.0
development,1881,receptor_ligand_only,3.54,3.862883973487547,0.0;0.0;0.0;0.0;0.0
development,1883,receptor_ligand_only,3.92,4.518314962747321,0.0;0.0;0.0;0.0;0.0
development,1884,receptor_ligand_only,3.16,3.878436556358145,0.0;0.0;0.0;0.0;0.0
development,1885,receptor_ligand_only,4.89,4.644007953133673,0.0;0.0;0.0;0.0;0.0
development,1886,receptor_ligand_only,5.79,5.0452911517520995,0.0;0.0;0.0;0.0;0.0
development,1887,receptor_ligand_only,4.97,4.213873444943575,0.0;0.0;0.0;0.0;0.0
development,1888,receptor_ligand_only,5.21,4.453496461325462,0.0;0.0;0.0;0.0;0.0
development,1889,receptor_ligand_only,2.82,4.026220801948476,0.0;0.0;0.0;0.0;0.0
development,1890,receptor_ligand_only,5.06,4.465221177088521,0.0;0.0;0.0;0.0;0.0
development,1891,receptor_ligand_only,1.84,3.9501293108770614,0.0;0.0;0.0;0.0;0.0
development,1892,receptor_ligand_only,4.89,4.096843594503419,0.0;0.0;0.0;0.0;0.0
development,1893,receptor_ligand_only,4.53,4.369751497509819,0.0;0.0;0.0;0.0;0.0
development,1894,receptor_ligand_only,5.41,4.698921274455235,0.0;0.0;0.0;0.0;0.0
development,1895,receptor_ligand_only,5.66,4.154390292960105,0.0;0.0;0.0;0.0;0.0
development,1896,receptor_ligand_only,4.02,3.7263193261288627,0.0;0.0;0.0;0.0;0.0
development,1897,receptor_ligand_only,1.88,3.4727566145659607,0.0;0.0;0.0;0.0;0.0
development,1899,receptor_ligand_only,6.23,4.359179432988563,0.0;0.0;0.0;0.0;0.0
development,1900,receptor_ligand_only,4.95,3.847373816303228,0.0;0.0;0.0;0.0;0.0
development,1901,receptor_ligand_only,4.81,4.19504058849271,0.0;0.0;0.0;0.0;0.0
development,1902,receptor_ligand_only,4.24,4.295907572421356,0.0;0.0;0.0;0.0;0.0
development,1903,receptor_ligand_only,4.74,4.16625341930119,0.0;0.0;0.0;0.0;0.0
development,1904,receptor_ligand_only,5.28,4.87883396801093,0.0;0.0;0.0;0.0;0.0
development,1905,receptor_ligand_only,4.66,4.695390764620233,0.0;0.0;0.0;0.0;0.0
development,1906,receptor_ligand_only,5.1,4.571906414858952,0.0;0.0;0.0;0.0;0.0
development,1907,receptor_ligand_only,4.85,4.533383830472219,0.0;0.0;0.0;0.0;0.0
development,1908,receptor_ligand_only,4.71,4.2747663457271905,0.0;0.0;0.0;0.0;0.0
development,1909,receptor_ligand_only,2.88,3.9053417265300503,0.0;0.0;0.0;0.0;0.0
development,1910,receptor_ligand_only,4.93,4.731187731977967,0.0;0.0;0.0;0.0;0.0
development,1911,receptor_ligand_only,4.11,4.105071408815836,0.0;0.0;0.0;0.0;0.0
development,1915,receptor_ligand_only,4.16,4.224002433305574,0.0;0.0;0.0;0.0;0.0
development,1916,receptor_ligand_only,4.37,4.448626949879215,0.0;0.0;0.0;0.0;0.0
development,1918,receptor_ligand_only,2.06,4.366535389560647,0.0;0.0;0.0;0.0;0.0
development,1919,receptor_ligand_only,3.66,4.62284634476444,0.0;0.0;0.0;0.0;0.0
development,1920,receptor_ligand_only,2.67,4.324891727433327,0.0;0.0;0.0;0.0;0.0
development,1921,receptor_ligand_only,1.98,3.3043158371372927,0.0;0.0;0.0;0.0;0.0
development,1922,receptor_ligand_only,5.08,4.769269204638352,0.0;0.0;0.0;0.0;0.0
development,1924,receptor_ligand_only,4.86,4.270362714183027,0.0;0.0;0.0;0.0;0.0
development,1925,receptor_ligand_only,6.14,4.221906424034183,0.0;0.0;0.0;0.0;0.0
development,1926,receptor_ligand_only,4.53,4.289092816487251,0.0;0.0;0.0;0.0;0.0
development,1927,receptor_ligand_only,5.31,5.153585301026411,0.0;0.0;0.0;0.0;0.0
development,1928,receptor_ligand_only,5.37,3.9788773922730054,0.0;0.0;0.0;0.0;0.0
development,1929,receptor_ligand_only,5.33,4.116668952437602,0.0;0.0;0.0;0.0;0.0
development,1930,receptor_ligand_only,4.15,4.114653752235635,0.0;0.0;0.0;0.0;0.0
development,1931,receptor_ligand_only,3.5,3.3770919032603053,0.0;0.0;0.0;0.0;0.0
development,1932,receptor_ligand_only,4.8,4.2445839102593,0.0;0.0;0.0;0.0;0.0
development,1933,receptor_ligand_only,5.14,4.3016711660987985,0.0;0.0;0.0;0.0;0.0
development,1934,receptor_ligand_only,5.09,4.444949975349603,0.0;0.0;0.0;0.0;0.0
development,1935,receptor_ligand_only,5.1,3.9671833711035926,0.0;0.0;0.0;0.0;0.0
development,1936,receptor_ligand_only,4.75,4.067444643471383,0.0;0.0;0.0;0.0;0.0
development,1937,receptor_ligand_only,4.97,4.41087517270789,0.0;0.0;0.0;0.0;0.0
development,1938,receptor_ligand_only,5.23,4.354488852989799,0.0;0.0;0.0;0.0;0.0
development,1939,receptor_ligand_only,4.61,4.249295586007691,0.0;0.0;0.0;0.0;0.0
development,1940,receptor_ligand_only,4.26,4.475772598011583,0.0;0.0;0.0;0.0;0.0
development,1941,receptor_ligand_only,4.42,4.374134086775325,0.0;0.0;0.0;0.0;0.0
development,1943,receptor_ligand_only,2.82,3.9548188743934896,0.0;0.0;0.0;0.0;0.0
development,1944,receptor_ligand_only,5.43,3.9763389066670505,0.0;0.0;0.0;0.0;0.0
development,1945,receptor_ligand_only,4.56,4.222127208733484,0.0;0.0;0.0;0.0;0.0
development,1946,receptor_ligand_only,4.84,4.992558498815861,0.0;0.0;0.0;0.0;0.0
development,1947,receptor_ligand_only,4.63,3.9996410237862623,0.0;0.0;0.0;0.0;0.0
development,1948,receptor_ligand_only,5.46,4.237463273801095,0.0;0.0;0.0;0.0;0.0
development,1949,receptor_ligand_only,5.82,4.724668873696232,0.0;0.0;0.0;0.0;0.0
development,1951,receptor_ligand_only,3.39,3.9081478436581913,0.0;0.0;0.0;0.0;0.0
development,1952,receptor_ligand_only,4.11,4.722915138172679,0.0;0.0;0.0;0.0;0.0
development,1953,receptor_ligand_only,4.31,4.215213658892403,0.0;0.0;0.0;0.0;0.0
development,1954,receptor_ligand_only,4.39,4.228348499714463,0.0;0.0;0.0;0.0;0.0
development,1955,receptor_ligand_only,1.7,4.383088345669906,0.0;0.0;0.0;0.0;0.0
development,1956,receptor_ligand_only,4.45,4.170922185838629,0.0;0.0;0.0;0.0;0.0
development,1957,receptor_ligand_only,4.73,4.061206196220026,0.0;0.0;0.0;0.0;0.0
development,1958,receptor_ligand_only,1.83,4.7060091595177855,0.0;0.0;0.0;0.0;0.0
development,1959,receptor_ligand_only,4.18,4.382443745030366,0.0;0.0;0.0;0.0;0.0
development,1960,receptor_ligand_only,5.11,4.555717398755744,0.0;0.0;0.0;0.0;0.0
development,1961,receptor_ligand_only,1.91,3.6190611275480835,0.0;0.0;0.0;0.0;0.0
development,1963,receptor_ligand_only,5.09,4.1987210404759105,0.0;0.0;0.0;0.0;0.0
development,1965,receptor_ligand_only,5.56,4.272247093546628,0.0;0.0;0.0;0.0;0.0
development,1966,receptor_ligand_only,4.87,4.047638228656665,0.0;0.0;0.0;0.0;0.0
development,1967,receptor_ligand_only,4.84,3.775696057208886,0.0;0.0;0.0;0.0;0.0
development,1968,receptor_ligand_only,3.78,4.639753095521017,0.0;0.0;0.0;0.0;0.0
development,1969,receptor_ligand_only,4.63,3.9318331319913393,0.0;0.0;0.0;0.0;0.0
development,1971,receptor_ligand_only,4.4,4.34760764554271,0.0;0.0;0.0;0.0;0.0
development,1972,receptor_ligand_only,5.48,4.043271488584956,0.0;0.0;0.0;0.0;0.0
development,1973,receptor_ligand_only,4.41,4.425273380092429,0.0;0.0;0.0;0.0;0.0
development,1974,receptor_ligand_only,2.89,3.3451024377568985,0.0;0.0;0.0;0.0;0.0
development,1975,receptor_ligand_only,3.2,4.135607319791945,0.0;0.0;0.0;0.0;0.0
development,1976,receptor_ligand_only,5.05,4.104216233858513,0.0;0.0;0.0;0.0;0.0
development,1977,receptor_ligand_only,4.19,4.509819148491906,0.0;0.0;0.0;0.0;0.0
development,1978,receptor_ligand_only,3.85,4.151299931102231,0.0;0.0;0.0;0.0;0.0
development,1979,receptor_ligand_only,3.75,4.355578063304272,0.0;0.0;0.0;0.0;0.0
development,1980,receptor_ligand_only,5.4,4.6118383611226115,0.0;0.0;0.0;0.0;0.0
development,1981,receptor_ligand_only,5.55,4.27128967218458,0.0;0.0;0.0;0.0;0.0
development,1982,receptor_ligand_only,5.27,4.5339980800936575,0.0;0.0;0.0;0.0;0.0
development,1984,receptor_ligand_only,3.18,3.883565566348132,0.0;0.0;0.0;0.0;0.0
development,1987,receptor_ligand_only,4.81,4.688079858675306,0.0;0.0;0.0;0.0;0.0
development,1988,receptor_ligand_only,2.45,3.8755636781599008,0.0;0.0;0.0;0.0;0.0
development,1989,receptor_ligand_only,2.94,3.3177641704003156,0.0;0.0;0.0;0.0;0.0
development,1990,receptor_ligand_only,5.05,4.327468963367554,0.0;0.0;0.0;0.0;0.0
development,1991,receptor_ligand_only,4.57,4.346943312572198,0.0;0.0;0.0;0.0;0.0
development,1992,receptor_ligand_only,5.37,4.415576865002523,0.0;0.0;0.0;0.0;0.0
development,1994,receptor_ligand_only,4.56,4.374596043744124,0.0;0.0;0.0;0.0;0.0
development,1995,receptor_ligand_only,4.49,4.888705121073531,0.0;0.0;0.0;0.0;0.0
development,1997,receptor_ligand_only,4.09,4.599480962759884,0.0;0.0;0.0;0.0;0.0
development,1999,receptor_ligand_only,5.23,4.2237557530330845,0.0;0.0;0.0;0.0;0.0
development,2001,receptor_ligand_only,4.67,4.253607204446073,0.0;0.0;0.0;0.0;0.0
development,2002,receptor_ligand_only,4.53,4.824620546336968,0.0;0.0;0.0;0.0;0.0
development,2004,receptor_ligand_only,4.98,4.7268741576517215,0.0;0.0;0.0;0.0;0.0
development,2005,receptor_ligand_only,3.92,4.249891728580758,0.0;0.0;0.0;0.0;0.0
development,2007,receptor_ligand_only,4.53,4.1076387506308825,0.0;0.0;0.0;0.0;0.0
development,2008,receptor_ligand_only,5.11,4.8833678911068,0.0;0.0;0.0;0.0;0.0
development,2009,receptor_ligand_only,4.54,4.190726255630657,0.0;0.0;0.0;0.0;0.0
development,2010,receptor_ligand_only,4.87,5.216814173399874,0.0;0.0;0.0;0.0;0.0
development,2011,receptor_ligand_only,3.87,3.7877793303468428,0.0;0.0;0.0;0.0;0.0
development,2012,receptor_ligand_only,4.54,4.132258639077222,0.0;0.0;0.0;0.0;0.0
development,2014,receptor_ligand_only,5.69,4.114105171521376,0.0;0.0;0.0;0.0;0.0
development,2015,receptor_ligand_only,4.51,3.9822468538375544,0.0;0.0;0.0;0.0;0.0
development,2016,receptor_ligand_only,5.22,4.457913209999753,0.0;0.0;0.0;0.0;0.0
development,2017,receptor_ligand_only,4.27,4.012457229943212,0.0;0.0;0.0;0.0;0.0
development,2020,receptor_ligand_only,4.81,3.969028985543194,0.0;0.0;0.0;0.0;0.0
development,2021,receptor_ligand_only,4.57,4.078329290229653,0.0;0.0;0.0;0.0;0.0
development,2022,receptor_ligand_only,3.65,4.347155157372743,0.0;0.0;0.0;0.0;0.0
development,2023,receptor_ligand_only,5.24,4.971512449650067,0.0;0.0;0.0;0.0;0.0
development,2025,receptor_ligand_only,5.21,4.499700550736287,0.0;0.0;0.0;0.0;0.0
development,2026,receptor_ligand_only,4.34,4.511151558623861,0.0;0.0;0.0;0.0;0.0
development,2027,receptor_ligand_only,4.8,4.330875344491416,0.0;0.0;0.0;0.0;0.0
development,2028,receptor_ligand_only,4.86,3.923466330695913,0.0;0.0;0.0;0.0;0.0
development,2029,receptor_ligand_only,4.86,4.273946736538772,0.0;0.0;0.0;0.0;0.0
development,2030,receptor_ligand_only,3.19,3.9264997533476285,0.0;0.0;0.0;0.0;0.0
development,2031,receptor_ligand_only,5.66,4.396494118877273,0.0;0.0;0.0;0.0;0.0
development,2033,receptor_ligand_only,6.32,4.778072712507574,0.0;0.0;0.0;0.0;0.0
development,2034,receptor_ligand_only,3.93,3.9168137149772027,0.0;0.0;0.0;0.0;0.0
development,2035,receptor_ligand_only,4.98,3.996779713259669,0.0;0.0;0.0;0.0;0.0
development,2036,receptor_ligand_only,4.96,4.776226354768239,0.0;0.0;0.0;0.0;0.0
development,2037,receptor_ligand_only,4.25,4.573370405822958,0.0;0.0;0.0;0.0;0.0
development,2038,receptor_ligand_only,4.61,3.7282910887664964,0.0;0.0;0.0;0.0;0.0
development,2039,receptor_ligand_only,4.97,4.176942913359553,0.0;0.0;0.0;0.0;0.0
development,2040,receptor_ligand_only,4.67,4.072221501667375,0.0;0.0;0.0;0.0;0.0
development,2041,receptor_ligand_only,2.69,4.606816124513475,0.0;0.0;0.0;0.0;0.0
development,2042,receptor_ligand_only,4.78,4.552184405956079,0.0;0.0;0.0;0.0;0.0
development,2044,receptor_ligand_only,5.16,4.7298687218608375,0.0;0.0;0.0;0.0;0.0
development,2045,receptor_ligand_only,1.81,3.381195061699568,0.0;0.0;0.0;0.0;0.0
development,2046,receptor_ligand_only,2.69,3.422754844813334,0.0;0.0;0.0;0.0;0.0
development,2047,receptor_ligand_only,5.22,4.488525610258627,0.0;0.0;0.0;0.0;0.0
development,2048,receptor_ligand_only,3.9,4.163870949154866,0.0;0.0;0.0;0.0;0.0
development,2049,receptor_ligand_only,3.16,3.91590759855391,0.0;0.0;0.0;0.0;0.0
development,2050,receptor_ligand_only,5.09,4.383213159338208,0.0;0.0;0.0;0.0;0.0
development,2051,receptor_ligand_only,5.29,4.848157089899365,0.0;0.0;0.0;0.0;0.0
development,2052,receptor_ligand_only,7.54855421686747,7.218861212803464,0.0;0.0;0.0;0.0;0.0
development,2053,receptor_ligand_only,4.68,4.249688574569606,0.0;0.0;0.0;0.0;0.0
development,2054,receptor_ligand_only,5.53,4.810600894533364,0.0;0.0;0.0;0.0;0.0
development,2055,receptor_ligand_only,4.13,4.268061357308637,0.0;0.0;0.0;0.0;0.0
development,2058,receptor_ligand_only,5.25,4.0907036016434,0.0;0.0;0.0;0.0;0.0
development,2059,receptor_ligand_only,3.91,4.526078223115784,0.0;0.0;0.0;0.0;0.0
development,2060,receptor_ligand_only,4.72,3.972670481332339,0.0;0.0;0.0;0.0;0.0
development,2061,receptor_ligand_only,3.16,4.683613881635917,0.0;0.0;0.0;0.0;0.0
development,2062,receptor_ligand_only,5.1,5.222824122630446,0.0;0.0;0.0;0.0;0.0
development,2064,receptor_ligand_only,2.17,3.7525385850740722,0.0;0.0;0.0;0.0;0.0
development,2065,receptor_ligand_only,4.69,3.992473342163215,0.0;0.0;0.0;0.0;0.0
development,2066,receptor_ligand_only,3.59,4.391879616994335,0.0;0.0;0.0;0.0;0.0
development,2067,receptor_ligand_only,5.04,4.200705849768464,0.0;0.0;0.0;0.0;0.0
development,2068,receptor_ligand_only,4.52,4.3052247488077535,0.0;0.0;0.0;0.0;0.0
development,2069,receptor_ligand_only,3.13,3.737718120715005,0.0;0.0;0.0;0.0;0.0
development,2070,receptor_ligand_only,5.355,4.462089369838143,0.0;0.0;0.0;0.0;0.0
development,2071,receptor_ligand_only,4.81,4.129884395266206,0.0;0.0;0.0;0.0;0.0
development,2072,receptor_ligand_only,5.08,3.89778916313774,0.0;0.0;0.0;0.0;0.0
development,2074,receptor_ligand_only,4.65,4.607712214450424,0.0;0.0;0.0;0.0;0.0
development,2075,receptor_ligand_only,5.6,4.555057438697535,0.0;0.0;0.0;0.0;0.0
development,2077,receptor_ligand_only,4.65,4.101131038580055,0.0;0.0;0.0;0.0;0.0
development,2078,receptor_ligand_only,4.78,4.782992143954379,0.0;0.0;0.0;0.0;0.0
development,2079,receptor_ligand_only,3.27,4.476316873096933,0.0;0.0;0.0;0.0;0.0
development,2082,receptor_ligand_only,5.26,4.021955959439258,0.0;0.0;0.0;0.0;0.0
development,2083,receptor_ligand_only,1.79,4.023550330638037,0.0;0.0;0.0;0.0;0.0
development,2086,receptor_ligand_only,4.56,4.651739581056586,0.0;0.0;0.0;0.0;0.0
development,2087,receptor_ligand_only,2.77,4.1499513921684095,0.0;0.0;0.0;0.0;0.0
development,2088,receptor_ligand_only,4.89,4.162429439223212,0.0;0.0;0.0;0.0;0.0
development,2089,receptor_ligand_only,4.6,5.290569693465803,0.0;0.0;0.0;0.0;0.0
development,2090,receptor_ligand_only,5.74,4.465758485584332,0.0;0.0;0.0;0.0;0.0
development,2091,receptor_ligand_only,4.65,3.8720785514278306,0.0;0.0;0.0;0.0;0.0
development,2092,receptor_ligand_only,4.4,4.304657995832011,0.0;0.0;0.0;0.0;0.0
development,2093,receptor_ligand_only,5.08,4.9591416272653515,0.0;0.0;0.0;0.0;0.0
development,2094,receptor_ligand_only,5.2,4.245523792472355,0.0;0.0;0.0;0.0;0.0
development,2095,receptor_ligand_only,4.84,4.464592311070494,0.0;0.0;0.0;0.0;0.0
development,2097,receptor_ligand_only,1.86,4.342175110007134,0.0;0.0;0.0;0.0;0.0
development,2098,receptor_ligand_only,5.3,4.827636592063924,0.0;0.0;0.0;0.0;0.0
development,2099,receptor_ligand_only,1.97,3.901280231272515,0.0;0.0;0.0;0.0;0.0
development,2100,receptor_ligand_only,2.97,4.127185765089886,0.0;0.0;0.0;0.0;0.0
development,2101,receptor_ligand_only,2.12,3.736559676477466,0.0;0.0;0.0;0.0;0.0
development,2104,receptor_ligand_only,2.93,3.713810134291473,0.0;0.0;0.0;0.0;0.0
development,2105,receptor_ligand_only,4.71,4.2663368239651644,0.0;0.0;0.0;0.0;0.0
development,2108,receptor_ligand_only,5.18,4.380967003091818,0.0;0.0;0.0;0.0;0.0
development,2110,receptor_ligand_only,4.29,4.171498833642635,0.0;0.0;0.0;0.0;0.0
development,2111,receptor_ligand_only,5.11,4.28350556374544,0.0;0.0;0.0;0.0;0.0
development,2112,receptor_ligand_only,2.72,3.654875491968779,0.0;0.0;0.0;0.0;0.0
development,2113,receptor_ligand_only,5.74,4.281339593923748,0.0;0.0;0.0;0.0;0.0
development,2114,receptor_ligand_only,5.59,4.666693643491799,0.0;0.0;0.0;0.0;0.0
development,2115,receptor_ligand_only,4.56,4.356517436516679,0.0;0.0;0.0;0.0;0.0
development,2118,receptor_ligand_only,4.31,4.739956638414302,0.0;0.0;0.0;0.0;0.0
development,2119,receptor_ligand_only,4.22,4.71769244254768,0.0;0.0;0.0;0.0;0.0
development,2120,receptor_ligand_only,4.79,3.894397841354654,0.0;0.0;0.0;0.0;0.0
development,2121,receptor_ligand_only,3.98,4.438435354779414,0.0;0.0;0.0;0.0;0.0
development,2122,receptor_ligand_only,4.7,4.597866145271386,0.0;0.0;0.0;0.0;0.0
development,2123,receptor_ligand_only,3.7,4.776089033050179,0.0;0.0;0.0;0.0;0.0
development,2124,receptor_ligand_only,4.96,4.205903238695658,0.0;0.0;0.0;0.0;0.0
development,2125,receptor_ligand_only,2.43,3.497421572467686,0.0;0.0;0.0;0.0;0.0
development,2126,receptor_ligand_only,5.41,4.0694961311662565,0.0;0.0;0.0;0.0;0.0
development,2129,receptor_ligand_only,4.39,5.43681917960883,0.0;0.0;0.0;0.0;0.0
development,2130,receptor_ligand_only,5.31,3.885061014223011,0.0;0.0;0.0;0.0;0.0
development,2131,receptor_ligand_only,4.5,3.8417538927008126,0.0;0.0;0.0;0.0;0.0
development,2132,receptor_ligand_only,4.99,4.099125343499718,0.0;0.0;0.0;0.0;0.0
development,2133,receptor_ligand_only,4.65,4.316559995606755,0.0;0.0;0.0;0.0;0.0
development,2134,receptor_ligand_only,4.87,4.090119629076919,0.0;0.0;0.0;0.0;0.0
development,2135,receptor_ligand_only,5.99,4.469317761483036,0.0;0.0;0.0;0.0;0.0
development,2137,receptor_ligand_only,4.24,3.9789287399167073,0.0;0.0;0.0;0.0;0.0
development,2138,receptor_ligand_only,1.85,3.246959027726872,0.0;0.0;0.0;0.0;0.0
development,2139,receptor_ligand_only,3.11,4.338883433267388,0.0;0.0;0.0;0.0;0.0
development,2140,receptor_ligand_only,5.04,4.197264963486845,0.0;0.0;0.0;0.0;0.0
development,2141,receptor_ligand_only,5.25,4.61858186434349,0.0;0.0;0.0;0.0;0.0
development,2142,receptor_ligand_only,4.72,4.189912892889401,0.0;0.0;0.0;0.0;0.0
development,2144,receptor_ligand_only,4.51,4.266449779181153,0.0;0.0;0.0;0.0;0.0
development,2145,receptor_ligand_only,3.09,3.612681079698939,0.0;0.0;0.0;0.0;0.0
development,2146,receptor_ligand_only,4.49,4.00682517077339,0.0;0.0;0.0;0.0;0.0
development,2147,receptor_ligand_only,5.16,4.510851966932032,0.0;0.0;0.0;0.0;0.0
development,2149,receptor_ligand_only,4.66,4.4056553653144634,0.0;0.0;0.0;0.0;0.0
development,2150,receptor_ligand_only,3.06,3.8687120320759876,0.0;0.0;0.0;0.0;0.0
development,2151,receptor_ligand_only,3.16,4.032955563365433,0.0;0.0;0.0;0.0;0.0
development,2152,receptor_ligand_only,4.43,4.00685630657108,0.0;0.0;0.0;0.0;0.0
development,2153,receptor_ligand_only,4.61,3.973204010008873,0.0;0.0;0.0;0.0;0.0
development,2154,receptor_ligand_only,4.5,3.7296366784847415,0.0;0.0;0.0;0.0;0.0
development,2155,receptor_ligand_only,3.02,4.302274792782998,0.0;0.0;0.0;0.0;0.0
development,2157,receptor_ligand_only,4.89,4.435973190865151,0.0;0.0;0.0;0.0;0.0
development,2159,receptor_ligand_only,6.205,3.6569823144997464,0.0;0.0;0.0;0.0;0.0
development,2160,receptor_ligand_only,5.28,4.25966788403846,0.0;0.0;0.0;0.0;0.0
development,2161,receptor_ligand_only,4.93,4.131457553070337,0.0;0.0;0.0;0.0;0.0
development,2163,receptor_ligand_only,4.93,4.257860917784218,0.0;0.0;0.0;0.0;0.0
development,2164,receptor_ligand_only,5.19,3.955025822153061,0.0;0.0;0.0;0.0;0.0
development,2165,receptor_ligand_only,5.03,4.223828715087016,0.0;0.0;0.0;0.0;0.0
development,2166,receptor_ligand_only,6.13,4.856213798940653,0.0;0.0;0.0;0.0;0.0
development,2167,receptor_ligand_only,4.35,4.173013192874737,0.0;0.0;0.0;0.0;0.0
development,2168,receptor_ligand_only,3.05,4.6158800318105175,0.0;0.0;0.0;0.0;0.0
development,2169,receptor_ligand_only,5.12,4.313831137323565,0.0;0.0;0.0;0.0;0.0
development,2170,receptor_ligand_only,5.48,4.446293851718035,0.0;0.0;0.0;0.0;0.0
development,2171,receptor_ligand_only,2.13,3.6396158954040962,0.0;0.0;0.0;0.0;0.0
development,2172,receptor_ligand_only,1.82,4.3353224683365,0.0;0.0;0.0;0.0;0.0
development,2173,receptor_ligand_only,5.16,4.364784545005963,0.0;0.0;0.0;0.0;0.0
development,2174,receptor_ligand_only,2.82,4.089694276551529,0.0;0.0;0.0;0.0;0.0
development,2175,receptor_ligand_only,5.13,4.287000176054621,0.0;0.0;0.0;0.0;0.0
development,2176,receptor_ligand_only,3.47,5.137571906389524,0.0;0.0;0.0;0.0;0.0
development,2177,receptor_ligand_only,5.13,4.834224277150027,0.0;0.0;0.0;0.0;0.0
development,2178,receptor_ligand_only,4.69,3.9843057774182777,0.0;0.0;0.0;0.0;0.0
development,2179,receptor_ligand_only,5.69,4.868986740973297,0.0;0.0;0.0;0.0;0.0
development,2180,receptor_ligand_only,5.16,4.890563281157787,0.0;0.0;0.0;0.0;0.0
development,2181,receptor_ligand_only,5.63,4.460072807824618,0.0;0.0;0.0;0.0;0.0
development,2183,receptor_ligand_only,3.65,3.7060021731458805,0.0;0.0;0.0;0.0;0.0
development,2184,receptor_ligand_only,4.73,4.4114210208527425,0.0;0.0;0.0;0.0;0.0
development,2185,receptor_ligand_only,1.99,4.315511916294308,0.0;0.0;0.0;0.0;0.0
development,2186,receptor_ligand_only,5.55,4.524143957373351,0.0;0.0;0.0;0.0;0.0
development,2188,receptor_ligand_only,5.28,5.139396275267311,0.0;0.0;0.0;0.0;0.0
development,2190,receptor_ligand_only,5.66,5.333201973362102,0.0;0.0;0.0;0.0;0.0
development,2192,receptor_ligand_only,1.85,3.4416647222746946,0.0;0.0;0.0;0.0;0.0
development,2193,receptor_ligand_only,3.61,4.153207933165296,0.0;0.0;0.0;0.0;0.0
development,2195,receptor_ligand_only,1.88,3.429897039627073,0.0;0.0;0.0;0.0;0.0
development,2196,receptor_ligand_only,4.86,3.961926250152924,0.0;0.0;0.0;0.0;0.0
development,2197,receptor_ligand_only,3.95,3.799813129687585,0.0;0.0;0.0;0.0;0.0
development,2198,receptor_ligand_only,5.3,4.273565415392313,0.0;0.0;0.0;0.0;0.0
development,2200,receptor_ligand_only,5.67,4.42832464376563,0.0;0.0;0.0;0.0;0.0
development,2201,receptor_ligand_only,2.48,3.3383800560163874,0.0;0.0;0.0;0.0;0.0
development,2203,receptor_ligand_only,4.69,4.311635035954479,0.0;0.0;0.0;0.0;0.0
development,2204,receptor_ligand_only,4.85,4.2585834185422025,0.0;0.0;0.0;0.0;0.0
development,2205,receptor_ligand_only,3.21,4.390036706800541,0.0;0.0;0.0;0.0;0.0
development,2206,receptor_ligand_only,4.34,4.2739956956971215,0.0;0.0;0.0;0.0;0.0
development,2207,receptor_ligand_only,2.34,3.799265537407067,0.0;0.0;0.0;0.0;0.0
development,2208,receptor_ligand_only,5.49,4.137776693072065,0.0;0.0;0.0;0.0;0.0
development,2211,receptor_ligand_only,4.68,4.453051390776309,0.0;0.0;0.0;0.0;0.0
development,2212,receptor_ligand_only,1.63,3.912875510607106,0.0;0.0;0.0;0.0;0.0
development,2214,receptor_ligand_only,5.26,4.210796833287363,0.0;0.0;0.0;0.0;0.0
development,2216,receptor_ligand_only,5.08,4.415051339941664,0.0;0.0;0.0;0.0;0.0
development,2218,receptor_ligand_only,4.75,4.559887782378165,0.0;0.0;0.0;0.0;0.0
development,2219,receptor_ligand_only,5.77,4.046231913622888,0.0;0.0;0.0;0.0;0.0
development,2221,receptor_ligand_only,5.62,3.7836855515744148,0.0;0.0;0.0;0.0;0.0
development,2223,receptor_ligand_only,4.76,4.415782991312515,0.0;0.0;0.0;0.0;0.0
development,2224,receptor_ligand_only,4.66,4.4945890742280845,0.0;0.0;0.0;0.0;0.0
development,2225,receptor_ligand_only,5.42,4.4810489743250255,0.0;0.0;0.0;0.0;0.0
development,2227,receptor_ligand_only,4.67,4.325891243858959,0.0;0.0;0.0;0.0;0.0
development,2228,receptor_ligand_only,2.07,3.735909127013742,0.0;0.0;0.0;0.0;0.0
development,2229,receptor_ligand_only,5.21,4.103610137050511,0.0;0.0;0.0;0.0;0.0
development,2230,receptor_ligand_only,2.82,4.691959540708449,0.0;0.0;0.0;0.0;0.0
development,2231,receptor_ligand_only,4.85,4.35442713067706,0.0;0.0;0.0;0.0;0.0
development,2232,receptor_ligand_only,4.65,4.1041798961511,0.0;0.0;0.0;0.0;0.0
development,2233,receptor_ligand_only,4.13,4.56735515495901,0.0;0.0;0.0;0.0;0.0
development,2234,receptor_ligand_only,3.99,4.024669814074194,0.0;0.0;0.0;0.0;0.0
development,2235,receptor_ligand_only,4.4,3.8885805041967823,0.0;0.0;0.0;0.0;0.0
development,2236,receptor_ligand_only,4.21,3.9144861231010575,0.0;0.0;0.0;0.0;0.0
development,2237,receptor_ligand_only,3.97,4.433129659875785,0.0;0.0;0.0;0.0;0.0
development,2238,receptor_ligand_only,4.175,3.644697618247683,0.0;0.0;0.0;0.0;0.0
development,2239,receptor_ligand_only,3.34,4.738162892761819,0.0;0.0;0.0;0.0;0.0
development,2240,receptor_ligand_only,3.92,4.022691775792139,0.0;0.0;0.0;0.0;0.0
development,2241,receptor_ligand_only,5.51,4.32754775054791,0.0;0.0;0.0;0.0;0.0
development,2242,receptor_ligand_only,5.86,4.569593666719454,0.0;0.0;0.0;0.0;0.0
development,2243,receptor_ligand_only,4.32,5.174611812849453,0.0;0.0;0.0;0.0;0.0
development,2245,receptor_ligand_only,3.34,4.363746897557814,0.0;0.0;0.0;0.0;0.0
development,2246,receptor_ligand_only,4.1,4.650103303463568,0.0;0.0;0.0;0.0;0.0
development,2247,receptor_ligand_only,4.6,4.0528320917235,0.0;0.0;0.0;0.0;0.0
development,2248,receptor_ligand_only,4.94,4.474285666484292,0.0;0.0;0.0;0.0;0.0
development,2249,receptor_ligand_only,4.53,3.969473942702416,0.0;0.0;0.0;0.0;0.0
development,2250,receptor_ligand_only,4.64,4.0235236796328335,0.0;0.0;0.0;0.0;0.0
development,2251,receptor_ligand_only,2.515,4.5692208107981775,0.0;0.0;0.0;0.0;0.0
development,2252,receptor_ligand_only,3.29,3.842552841478297,0.0;0.0;0.0;0.0;0.0
development,2254,receptor_ligand_only,3.27,5.486099834819218,0.0;0.0;0.0;0.0;0.0
development,2255,receptor_ligand_only,6.06,4.148804149178461,0.0;0.0;0.0;0.0;0.0
development,2256,receptor_ligand_only,2.81,3.5850587713166138,0.0;0.0;0.0;0.0;0.0
development,2257,receptor_ligand_only,3.75,4.419021245922666,0.0;0.0;0.0;0.0;0.0
development,2258,receptor_ligand_only,4.77,4.640786228551647,0.0;0.0;0.0;0.0;0.0
development,2259,receptor_ligand_only,4.95,4.3787486934762425,0.0;0.0;0.0;0.0;0.0
development,2260,receptor_ligand_only,6.325,4.8870970870062145,0.0;0.0;0.0;0.0;0.0
development,2261,receptor_ligand_only,5.04,4.512325347063368,0.0;0.0;0.0;0.0;0.0
development,2262,receptor_ligand_only,5.47,4.539116398649275,0.0;0.0;0.0;0.0;0.0
development,2263,receptor_ligand_only,4.17,4.423223339631715,0.0;0.0;0.0;0.0;0.0
development,2265,receptor_ligand_only,3.53,4.134449003907466,0.0;0.0;0.0;0.0;0.0
development,2266,receptor_ligand_only,5.1,4.376305133861304,0.0;0.0;0.0;0.0;0.0
development,2267,receptor_ligand_only,5.36,5.130304243718239,0.0;0.0;0.0;0.0;0.0
development,2268,receptor_ligand_only,1.82,3.863280594049254,0.0;0.0;0.0;0.0;0.0
development,2269,receptor_ligand_only,1.98,4.258140387928804,0.0;0.0;0.0;0.0;0.0
development,2270,receptor_ligand_only,4.73,3.9766212873554894,0.0;0.0;0.0;0.0;0.0
development,2271,receptor_ligand_only,5.66,4.171909140051563,0.0;0.0;0.0;0.0;0.0
development,2272,receptor_ligand_only,4.58,4.424215599585309,0.0;0.0;0.0;0.0;0.0
development,2273,receptor_ligand_only,4.2,4.569933345648093,0.0;0.0;0.0;0.0;0.0
development,2276,receptor_ligand_only,3.82,4.39674993689239,0.0;0.0;0.0;0.0;0.0
development,2279,receptor_ligand_only,2.06,4.349291394852834,0.0;0.0;0.0;0.0;0.0
development,2280,receptor_ligand_only,5.85,4.098702287722513,0.0;0.0;0.0;0.0;0.0
development,2281,receptor_ligand_only,3.47,3.854352094402829,0.0;0.0;0.0;0.0;0.0
development,2282,receptor_ligand_only,4.52,3.9672645984472554,0.0;0.0;0.0;0.0;0.0
development,2283,receptor_ligand_only,4.62,4.0117181066904095,0.0;0.0;0.0;0.0;0.0
development,2284,receptor_ligand_only,4.94,4.678189799639396,0.0;0.0;0.0;0.0;0.0
development,2285,receptor_ligand_only,5.42,3.9325298855759616,0.0;0.0;0.0;0.0;0.0
development,2286,receptor_ligand_only,1.77,3.9952496422383295,0.0;0.0;0.0;0.0;0.0
development,2287,receptor_ligand_only,5.18,5.617679065851511,0.0;0.0;0.0;0.0;0.0
development,2289,receptor_ligand_only,4.56,4.5201807136273,0.0;0.0;0.0;0.0;0.0
development,2290,receptor_ligand_only,4.47,4.075494745618863,0.0;0.0;0.0;0.0;0.0
development,2291,receptor_ligand_only,5.42,4.743831945454387,0.0;0.0;0.0;0.0;0.0
development,2294,receptor_ligand_only,4.68,4.525898261565218,0.0;0.0;0.0;0.0;0.0
development,2297,receptor_ligand_only,5.25,5.5482696006598875,0.0;0.0;0.0;0.0;0.0
development,2298,receptor_ligand_only,2.36,3.27364195571887,0.0;0.0;0.0;0.0;0.0
development,2299,receptor_ligand_only,4.67,4.337467661903321,0.0;0.0;0.0;0.0;0.0
development,2300,receptor_ligand_only,4.3,5.052844250719859,0.0;0.0;0.0;0.0;0.0
development,2302,receptor_ligand_only,4.26,4.18304281282974,0.0;0.0;0.0;0.0;0.0
development,2303,receptor_ligand_only,4.46,3.8760688570571498,0.0;0.0;0.0;0.0;0.0
development,2304,receptor_ligand_only,5.48,4.61343365877514,0.0;0.0;0.0;0.0;0.0
development,2305,receptor_ligand_only,3.83,3.981898514041066,0.0;0.0;0.0;0.0;0.0
development,2306,receptor_ligand_only,4.6,4.0908841129659095,0.0;0.0;0.0;0.0;0.0
development,2309,receptor_ligand_only,3.25,4.080697391347332,0.0;0.0;0.0;0.0;0.0
development,2310,receptor_ligand_only,5.58,4.466954985521192,0.0;0.0;0.0;0.0;0.0
development,2311,receptor_ligand_only,3.66,4.1462189439822605,0.0;0.0;0.0;0.0;0.0
development,2312,receptor_ligand_only,5.14,4.0926385920695605,0.0;0.0;0.0;0.0;0.0
development,2313,receptor_ligand_only,2.15,3.7164568965058065,0.0;0.0;0.0;0.0;0.0
development,2314,receptor_ligand_only,5.16,4.2855728756561,0.0;0.0;0.0;0.0;0.0
development,2315,receptor_ligand_only,3.68,4.503282865860708,0.0;0.0;0.0;0.0;0.0
development,2316,receptor_ligand_only,5.35,4.359263210997661,0.0;0.0;0.0;0.0;0.0
development,2317,receptor_ligand_only,4.95,4.085930527343989,0.0;0.0;0.0;0.0;0.0
development,2318,receptor_ligand_only,4.26,4.0220829820303745,0.0;0.0;0.0;0.0;0.0
development,2320,receptor_ligand_only,5.47,4.124206320076575,0.0;0.0;0.0;0.0;0.0
development,2321,receptor_ligand_only,3.91,4.391074862874932,0.0;0.0;0.0;0.0;0.0
development,2322,receptor_ligand_only,5.03,4.373156443406852,0.0;0.0;0.0;0.0;0.0
development,2323,receptor_ligand_only,4.83,5.0965856298284535,0.0;0.0;0.0;0.0;0.0
development,2324,receptor_ligand_only,5.04,4.413423971355019,0.0;0.0;0.0;0.0;0.0
development,2325,receptor_ligand_only,4.03,3.9393969298597042,0.0;0.0;0.0;0.0;0.0
development,2326,receptor_ligand_only,5.14,4.430383397076928,0.0;0.0;0.0;0.0;0.0
development,2327,receptor_ligand_only,5.36,4.826026597292347,0.0;0.0;0.0;0.0;0.0
development,2328,receptor_ligand_only,5.28,4.37533863998655,0.0;0.0;0.0;0.0;0.0
development,2330,receptor_ligand_only,4.26,3.9577853241263914,0.0;0.0;0.0;0.0;0.0
development,2332,receptor_ligand_only,5.07,4.696566804338137,0.0;0.0;0.0;0.0;0.0
development,2333,receptor_ligand_only,5.15,4.343187539527941,0.0;0.0;0.0;0.0;0.0
development,2334,receptor_ligand_only,4.1,3.966354827579415,0.0;0.0;0.0;0.0;0.0
development,2335,receptor_ligand_only,1.82,3.91736325112931,0.0;0.0;0.0;0.0;0.0
development,2336,receptor_ligand_only,5.22,3.9083208034169883,0.0;0.0;0.0;0.0;0.0
development,2337,receptor_ligand_only,4.84,4.223057960256335,0.0;0.0;0.0;0.0;0.0
development,2339,receptor_ligand_only,5.37,4.491706931126115,0.0;0.0;0.0;0.0;0.0
development,2341,receptor_ligand_only,4.56,4.709888737294764,0.0;0.0;0.0;0.0;0.0
development,2342,receptor_ligand_only,3.76,3.565838600265467,0.0;0.0;0.0;0.0;0.0
development,2343,receptor_ligand_only,4.73,4.163124987802472,0.0;0.0;0.0;0.0;0.0
development,2346,receptor_ligand_only,5.66,4.499637394356984,0.0;0.0;0.0;0.0;0.0
development,2347,receptor_ligand_only,4.12,4.110193118307927,0.0;0.0;0.0;0.0;0.0
development,2348,receptor_ligand_only,3.87,4.014748692614903,0.0;0.0;0.0;0.0;0.0
development,2351,receptor_ligand_only,3.59,4.425408101495532,0.0;0.0;0.0;0.0;0.0
development,2353,receptor_ligand_only,4.66,4.096848396991658,0.0;0.0;0.0;0.0;0.0
development,2354,receptor_ligand_only,4.87,4.249219639776359,0.0;0.0;0.0;0.0;0.0
development,2355,receptor_ligand_only,3.92,5.617084673485305,0.0;0.0;0.0;0.0;0.0
development,2357,receptor_ligand_only,5.18,5.3836850073488804,0.0;0.0;0.0;0.0;0.0
development,2358,receptor_ligand_only,5.58,4.778055931354082,0.0;0.0;0.0;0.0;0.0
development,2360,receptor_ligand_only,4.6,5.081882590733757,0.0;0.0;0.0;0.0;0.0
development,2361,receptor_ligand_only,4.61,4.998063104622625,0.0;0.0;0.0;0.0;0.0
development,2362,receptor_ligand_only,4.18,3.555536006064351,0.0;0.0;0.0;0.0;0.0
development,2363,receptor_ligand_only,3.61,4.310255535771389,0.0;0.0;0.0;0.0;0.0
development,2364,receptor_ligand_only,2.86,3.8851229490991703,0.0;0.0;0.0;0.0;0.0
development,2365,receptor_ligand_only,4.65,4.640121133528063,0.0;0.0;0.0;0.0;0.0
development,2366,receptor_ligand_only,5.23,4.289164115417838,0.0;0.0;0.0;0.0;0.0
development,2369,receptor_ligand_only,5.31,4.841952963989638,0.0;0.0;0.0;0.0;0.0
development,2370,receptor_ligand_only,5.37,4.708933588951709,0.0;0.0;0.0;0.0;0.0
development,2371,receptor_ligand_only,5.84,5.0401692268103275,0.0;0.0;0.0;0.0;0.0
development,2372,receptor_ligand_only,5.06,4.084444274005547,0.0;0.0;0.0;0.0;0.0
development,2373,receptor_ligand_only,5.07,4.622202758593281,0.0;0.0;0.0;0.0;0.0
development,2375,receptor_ligand_only,4.47,4.665514145246124,0.0;0.0;0.0;0.0;0.0
development,2377,receptor_ligand_only,1.97,5.216711417147752,0.0;0.0;0.0;0.0;0.0
development,2378,receptor_ligand_only,5.15,4.916844397225361,0.0;0.0;0.0;0.0;0.0
development,2379,receptor_ligand_only,5.0,4.725611773482691,0.0;0.0;0.0;0.0;0.0
development,2380,receptor_ligand_only,5.3,4.599980627713614,0.0;0.0;0.0;0.0;0.0
development,2381,receptor_ligand_only,3.32,3.9455922472777787,0.0;0.0;0.0;0.0;0.0
development,2382,receptor_ligand_only,3.57,3.922762603082105,0.0;0.0;0.0;0.0;0.0
development,2383,receptor_ligand_only,4.86,3.447399736496763,0.0;0.0;0.0;0.0;0.0
development,2384,receptor_ligand_only,2.13,5.088943900119624,0.0;0.0;0.0;0.0;0.0
development,2386,receptor_ligand_only,4.1,4.250036839360126,0.0;0.0;0.0;0.0;0.0
development,2388,receptor_ligand_only,3.16,3.681245446421576,0.0;0.0;0.0;0.0;0.0
development,2389,receptor_ligand_only,4.85,4.141229372169756,0.0;0.0;0.0;0.0;0.0
development,2390,receptor_ligand_only,3.56,3.932998208021708,0.0;0.0;0.0;0.0;0.0
development,2393,receptor_ligand_only,4.41,4.276070425146418,0.0;0.0;0.0;0.0;0.0
development,2394,receptor_ligand_only,4.57,4.1350404698924335,0.0;0.0;0.0;0.0;0.0
development,2395,receptor_ligand_only,4.81,4.510513115153016,0.0;0.0;0.0;0.0;0.0
development,2396,receptor_ligand_only,4.65,4.066414065665338,0.0;0.0;0.0;0.0;0.0
development,2397,receptor_ligand_only,4.95,4.489215748670779,0.0;0.0;0.0;0.0;0.0
development,2398,receptor_ligand_only,4.7,3.9334249547465507,0.0;0.0;0.0;0.0;0.0
development,2399,receptor_ligand_only,4.83,4.120699492011624,0.0;0.0;0.0;0.0;0.0
development,2400,receptor_ligand_only,5.76,4.9984519646499574,0.0;0.0;0.0;0.0;0.0
development,2401,receptor_ligand_only,4.66,3.7636396608538867,0.0;0.0;0.0;0.0;0.0
development,2402,receptor_ligand_only,4.77,3.9962155732918907,0.0;0.0;0.0;0.0;0.0
development,2403,receptor_ligand_only,5.07,4.494485648653277,0.0;0.0;0.0;0.0;0.0
development,2404,receptor_ligand_only,5.19,4.2665351980211055,0.0;0.0;0.0;0.0;0.0
development,2406,receptor_ligand_only,4.8,3.985059731601256,0.0;0.0;0.0;0.0;0.0
development,2407,receptor_ligand_only,4.42,3.978535873211499,0.0;0.0;0.0;0.0;0.0
development,2408,receptor_ligand_only,3.33,3.2591097023886704,0.0;0.0;0.0;0.0;0.0
development,2409,receptor_ligand_only,4.41,3.753771331287229,0.0;0.0;0.0;0.0;0.0
development,2410,receptor_ligand_only,2.9,3.117379433868331,0.0;0.0;0.0;0.0;0.0
development,2411,receptor_ligand_only,5.07,4.062107044916303,0.0;0.0;0.0;0.0;0.0
development,2412,receptor_ligand_only,4.83,4.468042762850921,0.0;0.0;0.0;0.0;0.0
development,2413,receptor_ligand_only,2.57,3.503617523818789,0.0;0.0;0.0;0.0;0.0
development,2416,receptor_ligand_only,2.33,4.1262810537494,0.0;0.0;0.0;0.0;0.0
development,2417,receptor_ligand_only,2.6,3.904886451975441,0.0;0.0;0.0;0.0;0.0
development,2418,receptor_ligand_only,5.29,4.449836610558827,0.0;0.0;0.0;0.0;0.0
development,2419,receptor_ligand_only,5.08,4.540286355281119,0.0;0.0;0.0;0.0;0.0
development,2420,receptor_ligand_only,4.81,4.60904873141207,0.0;0.0;0.0;0.0;0.0
development,2422,receptor_ligand_only,3.16,3.9613302165077684,0.0;0.0;0.0;0.0;0.0
development,2423,receptor_ligand_only,1.96,3.950572551897213,0.0;0.0;0.0;0.0;0.0
development,2424,receptor_ligand_only,4.13,4.000784802174559,0.0;0.0;0.0;0.0;0.0
development,2426,receptor_ligand_only,4.06,5.047503111031358,0.0;0.0;0.0;0.0;0.0
development,2427,receptor_ligand_only,4.21,4.299974042863767,0.0;0.0;0.0;0.0;0.0
development,2428,receptor_ligand_only,4.58,5.286732195678927,0.0;0.0;0.0;0.0;0.0
development,2429,receptor_ligand_only,3.42,3.5755375288035207,0.0;0.0;0.0;0.0;0.0
development,2430,receptor_ligand_only,2.65,3.7962434735527086,0.0;0.0;0.0;0.0;0.0
development,2431,receptor_ligand_only,4.42,4.318994952778274,0.0;0.0;0.0;0.0;0.0
development,2432,receptor_ligand_only,4.07,4.406607231949724,0.0;0.0;0.0;0.0;0.0
development,2434,receptor_ligand_only,5.68,4.192532945904668,0.0;0.0;0.0;0.0;0.0
development,2435,receptor_ligand_only,5.44,4.274434774780885,0.0;0.0;0.0;0.0;0.0
development,2436,receptor_ligand_only,5.44,4.59824513160164,0.0;0.0;0.0;0.0;0.0
development,2437,receptor_ligand_only,3.33,3.847826852124385,0.0;0.0;0.0;0.0;0.0
development,2438,receptor_ligand_only,5.12,3.9148981611559783,0.0;0.0;0.0;0.0;0.0
development,2439,receptor_ligand_only,4.35,4.072775601965184,0.0;0.0;0.0;0.0;0.0
development,2440,receptor_ligand_only,4.65,3.8194397236399773,0.0;0.0;0.0;0.0;0.0
development,2441,receptor_ligand_only,5.01,4.78779692829219,0.0;0.0;0.0;0.0;0.0
development,2442,receptor_ligand_only,4.65,4.151493247908437,0.0;0.0;0.0;0.0;0.0
development,2443,receptor_ligand_only,4.71,4.123321202136101,0.0;0.0;0.0;0.0;0.0
development,2445,receptor_ligand_only,4.8,4.7922526428581,0.0;0.0;0.0;0.0;0.0
development,2447,receptor_ligand_only,4.93,4.174057245751825,0.0;0.0;0.0;0.0;0.0
development,2448,receptor_ligand_only,5.12,4.319313736514254,0.0;0.0;0.0;0.0;0.0
development,2449,receptor_ligand_only,5.91,4.449138830481393,0.0;0.0;0.0;0.0;0.0
development,2450,receptor_ligand_only,5.31,4.797316433634167,0.0;0.0;0.0;0.0;0.0
development,2452,receptor_ligand_only,4.19,4.7694767198870895,0.0;0.0;0.0;0.0;0.0
development,2453,receptor_ligand_only,4.72,4.307735934073428,0.0;0.0;0.0;0.0;0.0
development,2454,receptor_ligand_only,5.37,4.432143056657479,0.0;0.0;0.0;0.0;0.0
development,2455,receptor_ligand_only,5.01,4.5338493105434345,0.0;0.0;0.0;0.0;0.0
development,2456,receptor_ligand_only,1.85,3.9982554614898644,0.0;0.0;0.0;0.0;0.0
development,2457,receptor_ligand_only,4.89,4.969807667628389,0.0;0.0;0.0;0.0;0.0
development,2458,receptor_ligand_only,4.69,4.02305506585455,0.0;0.0;0.0;0.0;0.0
development,2460,receptor_ligand_only,2.32,3.4343231560465304,0.0;0.0;0.0;0.0;0.0
development,2461,receptor_ligand_only,5.27,4.793793301887858,0.0;0.0;0.0;0.0;0.0
development,2462,receptor_ligand_only,4.6,4.750869463129203,0.0;0.0;0.0;0.0;0.0
development,2463,receptor_ligand_only,2.36,3.578828267182502,0.0;0.0;0.0;0.0;0.0
development,2464,receptor_ligand_only,4.48,4.039773850432329,0.0;0.0;0.0;0.0;0.0
development,2465,receptor_ligand_only,4.78,4.206463409773401,0.0;0.0;0.0;0.0;0.0
development,2466,receptor_ligand_only,5.59,4.7505737515240805,0.0;0.0;0.0;0.0;0.0
development,2468,receptor_ligand_only,1.94,5.212340080437437,0.0;0.0;0.0;0.0;0.0
development,2469,receptor_ligand_only,2.9,3.284782861369678,0.0;0.0;0.0;0.0;0.0
development,2471,receptor_ligand_only,5.82,4.646256389034003,0.0;0.0;0.0;0.0;0.0
development,2472,receptor_ligand_only,5.54,4.3926859505684135,0.0;0.0;0.0;0.0;0.0
development,2473,receptor_ligand_only,1.89,3.7737737407036045,0.0;0.0;0.0;0.0;0.0
development,2474,receptor_ligand_only,4.88,4.095704325615529,0.0;0.0;0.0;0.0;0.0
development,2475,receptor_ligand_only,5.07,4.4965088424343085,0.0;0.0;0.0;0.0;0.0
development,2477,receptor_ligand_only,3.58,3.94207940706551,0.0;0.0;0.0;0.0;0.0
development,2478,receptor_ligand_only,4.2,4.703158704858039,0.0;0.0;0.0;0.0;0.0
development,2479,receptor_ligand_only,4.81,4.352810385234707,0.0;0.0;0.0;0.0;0.0
development,2480,receptor_ligand_only,1.87,3.981134067043978,0.0;0.0;0.0;0.0;0.0
development,2482,receptor_ligand_only,6.195,4.636318563136716,0.0;0.0;0.0;0.0;0.0
development,2485,receptor_ligand_only,2.82,3.3058812327851608,0.0;0.0;0.0;0.0;0.0
development,2486,receptor_ligand_only,5.32,4.9569238579062,0.0;0.0;0.0;0.0;0.0
development,2487,receptor_ligand_only,4.88,4.459988626600479,0.0;0.0;0.0;0.0;0.0
development,2488,receptor_ligand_only,3.98,4.368095064135146,0.0;0.0;0.0;0.0;0.0
development,2489,receptor_ligand_only,5.69,4.2047127275175145,0.0;0.0;0.0;0.0;0.0
development,2490,receptor_ligand_only,5.2,4.1619432938729295,0.0;0.0;0.0;0.0;0.0
development,2492,receptor_ligand_only,5.08,4.3986056882445475,0.0;0.0;0.0;0.0;0.0
development,2493,receptor_ligand_only,4.2,4.2331823809906375,0.0;0.0;0.0;0.0;0.0
development,2494,receptor_ligand_only,6.0,4.067453030821355,0.0;0.0;0.0;0.0;0.0
development,2495,receptor_ligand_only,4.21,4.571866641452755,0.0;0.0;0.0;0.0;0.0
development,2497,receptor_ligand_only,2.82,4.3144665739100185,0.0;0.0;0.0;0.0;0.0
development,2498,receptor_ligand_only,1.99,2.840465498097783,0.0;0.0;0.0;0.0;0.0
development,2499,receptor_ligand_only,4.94,4.096958464092791,0.0;0.0;0.0;0.0;0.0
development,2500,receptor_ligand_only,5.19,4.400085703718761,0.0;0.0;0.0;0.0;0.0
development,2501,receptor_ligand_only,5.28,4.37585435420554,0.0;0.0;0.0;0.0;0.0
development,2502,receptor_ligand_only,4.35,4.116344712092105,0.0;0.0;0.0;0.0;0.0
development,2506,receptor_ligand_only,4.81,4.121578124365547,0.0;0.0;0.0;0.0;0.0
development,2508,receptor_ligand_only,3.17,3.826377208595275,0.0;0.0;0.0;0.0;0.0
development,2509,receptor_ligand_only,5.04,4.324477475648144,0.0;0.0;0.0;0.0;0.0
development,2510,receptor_ligand_only,2.69,4.077024723917627,0.0;0.0;0.0;0.0;0.0
development,2511,receptor_ligand_only,4.75,4.422735785942669,0.0;0.0;0.0;0.0;0.0
development,2514,receptor_ligand_only,2.05,3.5704928102570417,0.0;0.0;0.0;0.0;0.0
development,2515,receptor_ligand_only,5.02,4.8598671050528575,0.0;0.0;0.0;0.0;0.0
development,2516,receptor_ligand_only,2.77,4.379867385033398,0.0;0.0;0.0;0.0;0.0
development,2517,receptor_ligand_only,5.38,4.839640529190423,0.0;0.0;0.0;0.0;0.0
development,2518,receptor_ligand_only,4.7,4.422408989321787,0.0;0.0;0.0;0.0;0.0
development,2519,receptor_ligand_only,4.7,4.223063607207019,0.0;0.0;0.0;0.0;0.0
development,2520,receptor_ligand_only,5.23,4.589373774215676,0.0;0.0;0.0;0.0;0.0
development,2521,receptor_ligand_only,4.46,4.035769398478995,0.0;0.0;0.0;0.0;0.0
development,2522,receptor_ligand_only,4.92,4.138131759517323,0.0;0.0;0.0;0.0;0.0
development,2523,receptor_ligand_only,3.91,4.16467690206806,0.0;0.0;0.0;0.0;0.0
development,2524,receptor_ligand_only,3.6,4.250071252865769,0.0;0.0;0.0;0.0;0.0
development,2525,receptor_ligand_only,4.28,3.9413903025011696,0.0;0.0;0.0;0.0;0.0
development,2528,receptor_ligand_only,4.83,4.650138874095095,0.0;0.0;0.0;0.0;0.0
development,2529,receptor_ligand_only,4.55,4.77572929594773,0.0;0.0;0.0;0.0;0.0
development,2530,receptor_ligand_only,5.05,4.388234850370141,0.0;0.0;0.0;0.0;0.0
development,2532,receptor_ligand_only,3.03,4.621332762294624,0.0;0.0;0.0;0.0;0.0
development,2533,receptor_ligand_only,4.38,4.206995487188702,0.0;0.0;0.0;0.0;0.0
development,2534,receptor_ligand_only,4.87,3.9071539531560524,0.0;0.0;0.0;0.0;0.0
development,2535,receptor_ligand_only,4.45,3.8941918821181156,0.0;0.0;0.0;0.0;0.0
development,2536,receptor_ligand_only,3.6,4.222231223188484,0.0;0.0;0.0;0.0;0.0
development,2537,receptor_ligand_only,4.4,4.714258130505053,0.0;0.0;0.0;0.0;0.0
development,2538,receptor_ligand_only,3.25,4.689985748119392,0.0;0.0;0.0;0.0;0.0
development,2539,receptor_ligand_only,5.47,4.095993489396953,0.0;0.0;0.0;0.0;0.0
development,2541,receptor_ligand_only,4.43,4.1921132574282325,0.0;0.0;0.0;0.0;0.0
development,2542,receptor_ligand_only,4.48,5.30224403893312,0.0;0.0;0.0;0.0;0.0
development,2543,receptor_ligand_only,3.14,3.5091543271833174,0.0;0.0;0.0;0.0;0.0
development,2544,receptor_ligand_only,2.03,4.805357161130271,0.0;0.0;0.0;0.0;0.0
development,2545,receptor_ligand_only,2.26,3.4215558008208733,0.0;0.0;0.0;0.0;0.0
development,2548,receptor_ligand_only,2.18,3.8202302442889065,0.0;0.0;0.0;0.0;0.0
development,2550,receptor_ligand_only,4.94,4.222005612529171,0.0;0.0;0.0;0.0;0.0
development,2551,receptor_ligand_only,5.71,4.516549543238775,0.0;0.0;0.0;0.0;0.0
development,2552,receptor_ligand_only,4.82,4.586818256335082,0.0;0.0;0.0;0.0;0.0
development,2554,receptor_ligand_only,3.34,3.668570060771925,0.0;0.0;0.0;0.0;0.0
development,2556,receptor_ligand_only,4.8,4.253912198952339,0.0;0.0;0.0;0.0;0.0
development,2558,receptor_ligand_only,1.74,3.8893853665504645,0.0;0.0;0.0;0.0;0.0
development,2559,receptor_ligand_only,4.81,4.491686700422335,0.0;0.0;0.0;0.0;0.0
development,2560,receptor_ligand_only,4.97,4.775185471716615,0.0;0.0;0.0;0.0;0.0
development,2562,receptor_ligand_only,4.83,4.058843586570353,0.0;0.0;0.0;0.0;0.0
development,2563,receptor_ligand_only,4.2,4.913368797792849,0.0;0.0;0.0;0.0;0.0
development,2564,receptor_ligand_only,2.68,3.313898778156845,0.0;0.0;0.0;0.0;0.0
development,2565,receptor_ligand_only,5.66,4.670884871523333,0.0;0.0;0.0;0.0;0.0
development,2566,receptor_ligand_only,5.81,5.011487840215848,0.0;0.0;0.0;0.0;0.0
development,2568,receptor_ligand_only,4.93,4.076204131012821,0.0;0.0;0.0;0.0;0.0
development,2569,receptor_ligand_only,4.43,4.524722209629774,0.0;0.0;0.0;0.0;0.0
development,2570,receptor_ligand_only,2.57,3.36017343751603,0.0;0.0;0.0;0.0;0.0
development,2572,receptor_ligand_only,5.53,4.114535362854092,0.0;0.0;0.0;0.0;0.0
development,2573,receptor_ligand_only,3.88,3.9608514304251345,0.0;0.0;0.0;0.0;0.0
development,2574,receptor_ligand_only,4.23,3.7853018253574087,0.0;0.0;0.0;0.0;0.0
development,2575,receptor_ligand_only,4.1,4.654733855102545,0.0;0.0;0.0;0.0;0.0
development,2577,receptor_ligand_only,5.29,4.205548417294794,0.0;0.0;0.0;0.0;0.0
development,2578,receptor_ligand_only,4.78,4.370626897779312,0.0;0.0;0.0;0.0;0.0
development,2579,receptor_ligand_only,4.44,4.642220352572955,0.0;0.0;0.0;0.0;0.0
development,2580,receptor_ligand_only,4.79,4.764859254322048,0.0;0.0;0.0;0.0;0.0
development,2582,receptor_ligand_only,5.52,4.656748962333416,0.0;0.0;0.0;0.0;0.0
development,2583,receptor_ligand_only,2.11,4.670996060699229,0.0;0.0;0.0;0.0;0.0
development,2586,receptor_ligand_only,4.96,4.75280237923345,0.0;0.0;0.0;0.0;0.0
development,2587,receptor_ligand_only,5.2,4.914969274399978,0.0;0.0;0.0;0.0;0.0
development,2588,receptor_ligand_only,4.87,4.811676271641315,0.0;0.0;0.0;0.0;0.0
development,2589,receptor_ligand_only,4.63,4.300447438189684,0.0;0.0;0.0;0.0;0.0
development,2590,receptor_ligand_only,4.19,3.7628822226601684,0.0;0.0;0.0;0.0;0.0
development,2591,receptor_ligand_only,1.95,3.4058470178030875,0.0;0.0;0.0;0.0;0.0
development,2593,receptor_ligand_only,5.08,5.105673343744296,0.0;0.0;0.0;0.0;0.0
development,2594,receptor_ligand_only,5.64,4.247747940448877,0.0;0.0;0.0;0.0;0.0
development,2595,receptor_ligand_only,2.73,3.643393771108713,0.0;0.0;0.0;0.0;0.0
development,2596,receptor_ligand_only,4.89,4.596796760430489,0.0;0.0;0.0;0.0;0.0
development,2599,receptor_ligand_only,4.95,4.791320346753387,0.0;0.0;0.0;0.0;0.0
development,2600,receptor_ligand_only,4.78,4.204269638241011,0.0;0.0;0.0;0.0;0.0
development,2601,receptor_ligand_only,2.02,4.165017177649745,0.0;0.0;0.0;0.0;0.0
development,2602,receptor_ligand_only,5.43,4.866785623155077,0.0;0.0;0.0;0.0;0.0
development,2604,receptor_ligand_only,5.16,4.558461831407223,0.0;0.0;0.0;0.0;0.0
development,2605,receptor_ligand_only,4.35,4.3754387264262995,0.0;0.0;0.0;0.0;0.0
development,2606,receptor_ligand_only,3.37,3.997128944734666,0.0;0.0;0.0;0.0;0.0
development,2607,receptor_ligand_only,4.46,4.1714144487263844,0.0;0.0;0.0;0.0;0.0
development,2609,receptor_ligand_only,2.17,4.530183822243426,0.0;0.0;0.0;0.0;0.0
development,2610,receptor_ligand_only,4.25,4.812196999687799,0.0;0.0;0.0;0.0;0.0
development,2611,receptor_ligand_only,3.26,3.7624279724890117,0.0;0.0;0.0;0.0;0.0
development,2612,receptor_ligand_only,6.23,4.815966193899863,0.0;0.0;0.0;0.0;0.0
development,2613,receptor_ligand_only,2.19,4.389319180830802,0.0;0.0;0.0;0.0;0.0
development,2614,receptor_ligand_only,4.53,4.073077216740727,0.0;0.0;0.0;0.0;0.0
development,2616,receptor_ligand_only,2.03,4.270020735206849,0.0;0.0;0.0;0.0;0.0
development,2617,receptor_ligand_only,1.62,3.9243645000006118,0.0;0.0;0.0;0.0;0.0
development,2620,receptor_ligand_only,5.39,4.827268427851031,0.0;0.0;0.0;0.0;0.0
development,2622,receptor_ligand_only,5.02,4.93186222038726,0.0;0.0;0.0;0.0;0.0
development,2623,receptor_ligand_only,4.17,3.9279804304817274,0.0;0.0;0.0;0.0;0.0
development,2625,receptor_ligand_only,5.25,4.2598531733811615,0.0;0.0;0.0;0.0;0.0
development,2626,receptor_ligand_only,2.36,3.940473918604697,0.0;0.0;0.0;0.0;0.0
development,2628,receptor_ligand_only,1.88,4.580638508641689,0.0;0.0;0.0;0.0;0.0
development,2629,receptor_ligand_only,4.06,4.015655391819206,0.0;0.0;0.0;0.0;0.0
development,2630,receptor_ligand_only,2.61,4.0750351037810235,0.0;0.0;0.0;0.0;0.0
development,2631,receptor_ligand_only,5.2,4.387882513693098,0.0;0.0;0.0;0.0;0.0
development,2632,receptor_ligand_only,4.77,4.126592930947466,0.0;0.0;0.0;0.0;0.0
development,2634,receptor_ligand_only,2.48,3.3471976720324834,0.0;0.0;0.0;0.0;0.0
development,2636,receptor_ligand_only,5.56,4.488323440413504,0.0;0.0;0.0;0.0;0.0
development,2637,receptor_ligand_only,4.78,5.101792407868729,0.0;0.0;0.0;0.0;0.0
development,2639,receptor_ligand_only,4.220000000000001,4.056859956410116,0.0;0.0;0.0;0.0;0.0
development,2640,receptor_ligand_only,1.9,4.393093858288536,0.0;0.0;0.0;0.0;0.0
development,2641,receptor_ligand_only,5.44,4.938128819763917,0.0;0.0;0.0;0.0;0.0
development,2643,receptor_ligand_only,3.75,4.306377666966638,0.0;0.0;0.0;0.0;0.0
development,2644,receptor_ligand_only,4.65,4.658771988624596,0.0;0.0;0.0;0.0;0.0
development,2645,receptor_ligand_only,2.2,3.6776047283400066,0.0;0.0;0.0;0.0;0.0
development,2646,receptor_ligand_only,4.98,3.8013337047888847,0.0;0.0;0.0;0.0;0.0
development,2647,receptor_ligand_only,1.66,4.271248015221648,0.0;0.0;0.0;0.0;0.0
development,2650,receptor_ligand_only,4.45,4.3576068575159885,0.0;0.0;0.0;0.0;0.0
development,2651,receptor_ligand_only,2.71,3.6017146941745457,0.0;0.0;0.0;0.0;0.0
development,2652,receptor_ligand_only,5.32,4.333805071788718,0.0;0.0;0.0;0.0;0.0
development,2653,receptor_ligand_only,5.11,5.1403313370894885,0.0;0.0;0.0;0.0;0.0
development,2654,receptor_ligand_only,5.98,4.428730204910838,0.0;0.0;0.0;0.0;0.0
development,2656,receptor_ligand_only,5.38,4.089516897160995,0.0;0.0;0.0;0.0;0.0
development,2657,receptor_ligand_only,5.21,4.001152309295746,0.0;0.0;0.0;0.0;0.0
development,2658,receptor_ligand_only,5.43,4.51785866402779,0.0;0.0;0.0;0.0;0.0
development,2659,receptor_ligand_only,4.26,4.373186462244858,0.0;0.0;0.0;0.0;0.0
development,2660,receptor_ligand_only,4.68,4.349577357559458,0.0;0.0;0.0;0.0;0.0
development,2662,receptor_ligand_only,5.52,4.841342498496962,0.0;0.0;0.0;0.0;0.0
development,2663,receptor_ligand_only,2.89,3.90301700793757,0.0;0.0;0.0;0.0;0.0
development,2664,receptor_ligand_only,5.22,4.380510985234621,0.0;0.0;0.0;0.0;0.0
development,2666,receptor_ligand_only,5.49,4.806748249753762,0.0;0.0;0.0;0.0;0.0
development,2667,receptor_ligand_only,5.0,3.982496229207313,0.0;0.0;0.0;0.0;0.0
development,2668,receptor_ligand_only,1.91,4.443938982684589,0.0;0.0;0.0;0.0;0.0
development,2669,receptor_ligand_only,4.11,4.108286634826854,0.0;0.0;0.0;0.0;0.0
development,2670,receptor_ligand_only,5.28,4.319294314211984,0.0;0.0;0.0;0.0;0.0
development,2671,receptor_ligand_only,5.23,4.754685294926166,0.0;0.0;0.0;0.0;0.0
development,2672,receptor_ligand_only,3.92,4.598391601664285,0.0;0.0;0.0;0.0;0.0
development,2674,receptor_ligand_only,3.05,4.016294625142371,0.0;0.0;0.0;0.0;0.0
development,2675,receptor_ligand_only,5.15,4.334602545173999,0.0;0.0;0.0;0.0;0.0
development,2677,receptor_ligand_only,3.25,3.7683374335180653,0.0;0.0;0.0;0.0;0.0
development,2679,receptor_ligand_only,5.07,4.490899422157632,0.0;0.0;0.0;0.0;0.0
development,2680,receptor_ligand_only,3.05,4.375579189829987,0.0;0.0;0.0;0.0;0.0
development,2681,receptor_ligand_only,3.14,3.5031503491054963,0.0;0.0;0.0;0.0;0.0
development,2682,receptor_ligand_only,4.87,4.3088956332874995,0.0;0.0;0.0;0.0;0.0
development,2684,receptor_ligand_only,4.67,4.380338774312468,0.0;0.0;0.0;0.0;0.0
development,2685,receptor_ligand_only,5.04,5.038841747462323,0.0;0.0;0.0;0.0;0.0
development,2686,receptor_ligand_only,5.15,4.535851589639259,0.0;0.0;0.0;0.0;0.0
development,2687,receptor_ligand_only,4.11,4.946281780265533,0.0;0.0;0.0;0.0;0.0
development,2688,receptor_ligand_only,5.98,5.068826012500974,0.0;0.0;0.0;0.0;0.0
development,2689,receptor_ligand_only,6.15,5.14996843691025,0.0;0.0;0.0;0.0;0.0
development,2690,receptor_ligand_only,3.85,3.9661654256625116,0.0;0.0;0.0;0.0;0.0
development,2691,receptor_ligand_only,4.65,3.9607804833375817,0.0;0.0;0.0;0.0;0.0
development,2692,receptor_ligand_only,1.95,3.3339264291203743,0.0;0.0;0.0;0.0;0.0
development,2695,receptor_ligand_only,5.41,4.390161156063447,0.0;0.0;0.0;0.0;0.0
development,2697,receptor_ligand_only,4.99,4.220338261159427,0.0;0.0;0.0;0.0;0.0
development,2698,receptor_ligand_only,4.64,3.8400288743428366,0.0;0.0;0.0;0.0;0.0
development,2700,receptor_ligand_only,4.49,4.051760721737372,0.0;0.0;0.0;0.0;0.0
development,2701,receptor_ligand_only,3.03,4.268759392583786,0.0;0.0;0.0;0.0;0.0
development,2702,receptor_ligand_only,4.72,4.052140038268061,0.0;0.0;0.0;0.0;0.0
development,2704,receptor_ligand_only,5.34,4.174228473687796,0.0;0.0;0.0;0.0;0.0
development,2706,receptor_ligand_only,4.98,4.942614291522469,0.0;0.0;0.0;0.0;0.0
development,2708,receptor_ligand_only,5.88,4.3151504922272546,0.0;0.0;0.0;0.0;0.0
development,2710,receptor_ligand_only,4.84,4.101955703208235,0.0;0.0;0.0;0.0;0.0
development,2711,receptor_ligand_only,5.4,4.58743389429567,0.0;0.0;0.0;0.0;0.0
development,2712,receptor_ligand_only,5.24,4.236202896772519,0.0;0.0;0.0;0.0;0.0
development,2714,receptor_ligand_only,4.24,4.135837214137425,0.0;0.0;0.0;0.0;0.0
development,2715,receptor_ligand_only,4.75,4.948307549012729,0.0;0.0;0.0;0.0;0.0
development,2717,receptor_ligand_only,2.81,4.018161892797286,0.0;0.0;0.0;0.0;0.0
development,2718,receptor_ligand_only,3.77,3.854913404304844,0.0;0.0;0.0;0.0;0.0
development,2719,receptor_ligand_only,2.42,4.229757739521733,0.0;0.0;0.0;0.0;0.0
development,2720,receptor_ligand_only,1.97,3.557509320948421,0.0;0.0;0.0;0.0;0.0
development,2721,receptor_ligand_only,4.74,4.069894836322538,0.0;0.0;0.0;0.0;0.0
development,2722,receptor_ligand_only,4.95,4.498192219098964,0.0;0.0;0.0;0.0;0.0
development,2723,receptor_ligand_only,4.27,4.745194167021563,0.0;0.0;0.0;0.0;0.0
development,2725,receptor_ligand_only,5.04,4.237528122645716,0.0;0.0;0.0;0.0;0.0
development,2726,receptor_ligand_only,4.73,4.1866149246711535,0.0;0.0;0.0;0.0;0.0
development,2727,receptor_ligand_only,5.6,5.244786791962213,0.0;0.0;0.0;0.0;0.0
development,2728,receptor_ligand_only,4.44,3.482593970420264,0.0;0.0;0.0;0.0;0.0
development,2729,receptor_ligand_only,3.63,3.6539463268900247,0.0;0.0;0.0;0.0;0.0
development,2730,receptor_ligand_only,5.04,4.25631030051823,0.0;0.0;0.0;0.0;0.0
development,2731,receptor_ligand_only,3.8,4.215051765817898,0.0;0.0;0.0;0.0;0.0
development,2732,receptor_ligand_only,4.93,5.1105652082522255,0.0;0.0;0.0;0.0;0.0
development,2734,receptor_ligand_only,2.86,4.581006830518367,0.0;0.0;0.0;0.0;0.0
development,2736,receptor_ligand_only,5.79,4.477080888397912,0.0;0.0;0.0;0.0;0.0
development,2737,receptor_ligand_only,4.76,4.48108034711272,0.0;0.0;0.0;0.0;0.0
development,2739,receptor_ligand_only,4.85,4.466808689321444,0.0;0.0;0.0;0.0;0.0
development,2740,receptor_ligand_only,4.68,4.31041419179787,0.0;0.0;0.0;0.0;0.0
development,2741,receptor_ligand_only,5.77,5.462985629260215,0.0;0.0;0.0;0.0;0.0
development,2743,receptor_ligand_only,3.62,4.00420466468528,0.0;0.0;0.0;0.0;0.0
development,2745,receptor_ligand_only,4.96,4.295626469680889,0.0;0.0;0.0;0.0;0.0
development,2746,receptor_ligand_only,5.1,4.017503739353691,0.0;0.0;0.0;0.0;0.0
development,2747,receptor_ligand_only,4.28,4.527576558680938,0.0;0.0;0.0;0.0;0.0
development,2748,receptor_ligand_only,4.41,4.025692916794568,0.0;0.0;0.0;0.0;0.0
development,2750,receptor_ligand_only,4.88,4.0721509443392225,0.0;0.0;0.0;0.0;0.0
development,2752,receptor_ligand_only,4.95,4.493697731701134,0.0;0.0;0.0;0.0;0.0
development,2753,receptor_ligand_only,5.27,4.346183589112944,0.0;0.0;0.0;0.0;0.0
development,2754,receptor_ligand_only,5.12,4.614815640516224,0.0;0.0;0.0;0.0;0.0
development,2755,receptor_ligand_only,3.28,3.669676471603098,0.0;0.0;0.0;0.0;0.0
development,2757,receptor_ligand_only,2.1,4.735720394878863,0.0;0.0;0.0;0.0;0.0
development,2758,receptor_ligand_only,2.74,4.226816351786196,0.0;0.0;0.0;0.0;0.0
development,2759,receptor_ligand_only,4.57,4.400680734214709,0.0;0.0;0.0;0.0;0.0
development,2762,receptor_ligand_only,4.22,4.541015738592281,0.0;0.0;0.0;0.0;0.0
development,2763,receptor_ligand_only,3.92,4.442304714321702,0.0;0.0;0.0;0.0;0.0
development,2764,receptor_ligand_only,2.75,3.738500182176696,0.0;0.0;0.0;0.0;0.0
development,2765,receptor_ligand_only,4.71,4.2512312868021835,0.0;0.0;0.0;0.0;0.0
development,2766,receptor_ligand_only,5.22,4.619865751287244,0.0;0.0;0.0;0.0;0.0
development,2767,receptor_ligand_only,4.21,3.8223809223398355,0.0;0.0;0.0;0.0;0.0
development,2768,receptor_ligand_only,5.4,4.657427624266962,0.0;0.0;0.0;0.0;0.0
development,2769,receptor_ligand_only,4.44,3.4532455306708183,0.0;0.0;0.0;0.0;0.0
development,2770,receptor_ligand_only,5.800000000000001,4.715337789240625,0.0;0.0;0.0;0.0;0.0
development,2772,receptor_ligand_only,2.9,4.303448802273261,0.0;0.0;0.0;0.0;0.0
development,2773,receptor_ligand_only,5.02,4.668811140366474,0.0;0.0;0.0;0.0;0.0
development,2774,receptor_ligand_only,4.705,4.553069859441249,0.0;0.0;0.0;0.0;0.0
development,2775,receptor_ligand_only,3.1,3.2908322336429787,0.0;0.0;0.0;0.0;0.0
development,2776,receptor_ligand_only,3.03,3.837466451367119,0.0;0.0;0.0;0.0;0.0
development,2777,receptor_ligand_only,4.45,3.739939266915276,0.0;0.0;0.0;0.0;0.0
development,2778,receptor_ligand_only,5.78,4.1865143665666995,0.0;0.0;0.0;0.0;0.0
development,2779,receptor_ligand_only,4.87,3.984755072678175,0.0;0.0;0.0;0.0;0.0
development,2780,receptor_ligand_only,5.25,4.502763757973271,0.0;0.0;0.0;0.0;0.0
development,2781,receptor_ligand_only,5.0,4.618675317735793,0.0;0.0;0.0;0.0;0.0
development,2782,receptor_ligand_only,5.6,4.3793625412466906,0.0;0.0;0.0;0.0;0.0
development,2783,receptor_ligand_only,3.24,3.6902929876808583,0.0;0.0;0.0;0.0;0.0
development,2785,receptor_ligand_only,3.27,4.254946540194836,0.0;0.0;0.0;0.0;0.0
development,2787,receptor_ligand_only,2.42,3.99097689177017,0.0;0.0;0.0;0.0;0.0
development,2788,receptor_ligand_only,4.59,4.360803853902363,0.0;0.0;0.0;0.0;0.0
development,2789,receptor_ligand_only,1.77,3.2399780872822808,0.0;0.0;0.0;0.0;0.0
development,2790,receptor_ligand_only,4.22,4.205617898961901,0.0;0.0;0.0;0.0;0.0
development,2792,receptor_ligand_only,2.51,5.246088046083264,0.0;0.0;0.0;0.0;0.0
development,2797,receptor_ligand_only,1.68,3.7317472329724115,0.0;0.0;0.0;0.0;0.0
development,2798,receptor_ligand_only,5.03,4.499435333866788,0.0;0.0;0.0;0.0;0.0
development,2799,receptor_ligand_only,2.15,4.203868204166054,0.0;0.0;0.0;0.0;0.0
development,2800,receptor_ligand_only,3.52,4.562153027571034,0.0;0.0;0.0;0.0;0.0
development,2801,receptor_ligand_only,2.71,3.3634599554292706,0.0;0.0;0.0;0.0;0.0
development,2802,receptor_ligand_only,4.86,4.386256949889643,0.0;0.0;0.0;0.0;0.0
development,2803,receptor_ligand_only,1.88,4.125767673549955,0.0;0.0;0.0;0.0;0.0
development,2804,receptor_ligand_only,5.77,5.191700446468504,0.0;0.0;0.0;0.0;0.0
development,2805,receptor_ligand_only,3.34,3.8060148838559704,0.0;0.0;0.0;0.0;0.0
development,2806,receptor_ligand_only,4.42,5.0260874364872565,0.0;0.0;0.0;0.0;0.0
development,2808,receptor_ligand_only,4.55,4.131311466420427,0.0;0.0;0.0;0.0;0.0
development,2809,receptor_ligand_only,4.6,4.509051032261392,0.0;0.0;0.0;0.0;0.0
development,2810,receptor_ligand_only,4.96,4.385369735937555,0.0;0.0;0.0;0.0;0.0
development,2811,receptor_ligand_only,4.56,4.536982972079278,0.0;0.0;0.0;0.0;0.0
development,2812,receptor_ligand_only,5.44,4.3532554507909484,0.0;0.0;0.0;0.0;0.0
development,2813,receptor_ligand_only,5.3,4.143188970304065,0.0;0.0;0.0;0.0;0.0
development,2814,receptor_ligand_only,4.98,3.9450076629902986,0.0;0.0;0.0;0.0;0.0
development,2816,receptor_ligand_only,3.49,3.707483454486505,0.0;0.0;0.0;0.0;0.0
development,2817,receptor_ligand_only,5.01,4.693920094346072,0.0;0.0;0.0;0.0;0.0
development,2819,receptor_ligand_only,3.26,5.101856103503759,0.0;0.0;0.0;0.0;0.0
development,2820,receptor_ligand_only,5.6,4.232547508122602,0.0;0.0;0.0;0.0;0.0
development,2821,receptor_ligand_only,5.33,4.203939975774237,0.0;0.0;0.0;0.0;0.0
development,2822,receptor_ligand_only,5.08,4.080062048175782,0.0;0.0;0.0;0.0;0.0
development,2823,receptor_ligand_only,4.79,3.761968285899747,0.0;0.0;0.0;0.0;0.0
development,2824,receptor_ligand_only,3.02,3.643886701703773,0.0;0.0;0.0;0.0;0.0
development,2826,receptor_ligand_only,1.84,4.586247943515368,0.0;0.0;0.0;0.0;0.0
development,2827,receptor_ligand_only,4.38,4.145448127091111,0.0;0.0;0.0;0.0;0.0
development,2828,receptor_ligand_only,4.87,4.25697595396892,0.0;0.0;0.0;0.0;0.0
development,2829,receptor_ligand_only,5.33,4.869947653238863,0.0;0.0;0.0;0.0;0.0
development,2830,receptor_ligand_only,1.91,4.11262356863171,0.0;0.0;0.0;0.0;0.0
development,2831,receptor_ligand_only,4.38,3.92571767696644,0.0;0.0;0.0;0.0;0.0
development,2832,receptor_ligand_only,3.92,4.320303520550873,0.0;0.0;0.0;0.0;0.0
development,2833,receptor_ligand_only,4.85,3.952384556596486,0.0;0.0;0.0;0.0;0.0
development,2834,receptor_ligand_only,4.84,4.396623666307706,0.0;0.0;0.0;0.0;0.0
development,2835,receptor_ligand_only,4.87,4.60388119523532,0.0;0.0;0.0;0.0;0.0
development,2836,receptor_ligand_only,5.85,4.22136961097433,0.0;0.0;0.0;0.0;0.0
development,2837,receptor_ligand_only,4.99,4.231419533543244,0.0;0.0;0.0;0.0;0.0
development,2838,receptor_ligand_only,2.55,4.387288464229817,0.0;0.0;0.0;0.0;0.0
development,2839,receptor_ligand_only,5.24,4.439027160324438,0.0;0.0;0.0;0.0;0.0
development,2840,receptor_ligand_only,5.51,4.994724614892371,0.0;0.0;0.0;0.0;0.0
development,2842,receptor_ligand_only,2.64,3.6121745414617927,0.0;0.0;0.0;0.0;0.0
development,2843,receptor_ligand_only,4.65,4.304740933241178,0.0;0.0;0.0;0.0;0.0
development,2844,receptor_ligand_only,5.22,3.8630222072978424,0.0;0.0;0.0;0.0;0.0
development,2845,receptor_ligand_only,4.82,3.8486119257152733,0.0;0.0;0.0;0.0;0.0
development,2846,receptor_ligand_only,2.83,4.160454150739973,0.0;0.0;0.0;0.0;0.0
development,2847,receptor_ligand_only,4.75,4.605831594047199,0.0;0.0;0.0;0.0;0.0
development,2848,receptor_ligand_only,2.43,4.219636850947768,0.0;0.0;0.0;0.0;0.0
development,2849,receptor_ligand_only,5.61,4.283281212502472,0.0;0.0;0.0;0.0;0.0
development,2851,receptor_ligand_only,4.77,4.076935398055743,0.0;0.0;0.0;0.0;0.0
development,2852,receptor_ligand_only,4.61,3.8178445920231545,0.0;0.0;0.0;0.0;0.0
development,2854,receptor_ligand_only,4.72,4.988459121469603,0.0;0.0;0.0;0.0;0.0
development,2855,receptor_ligand_only,1.75,5.454922685285982,0.0;0.0;0.0;0.0;0.0
development,2858,receptor_ligand_only,3.26,4.110604529609933,0.0;0.0;0.0;0.0;0.0
development,2860,receptor_ligand_only,3.52,3.907873890436914,0.0;0.0;0.0;0.0;0.0
development,2861,receptor_ligand_only,4.48,5.748466158487225,0.0;0.0;0.0;0.0;0.0
development,2862,receptor_ligand_only,3.69,4.7586553216203695,0.0;0.0;0.0;0.0;0.0
development,2863,receptor_ligand_only,5.44,4.237915086102427,0.0;0.0;0.0;0.0;0.0
development,2864,receptor_ligand_only,3.46,3.5346622004889308,0.0;0.0;0.0;0.0;0.0
development,2865,receptor_ligand_only,4.89,4.463695694119147,0.0;0.0;0.0;0.0;0.0
development,2868,receptor_ligand_only,3.69,3.760021051093943,0.0;0.0;0.0;0.0;0.0
development,2870,receptor_ligand_only,3.48,4.378734961428647,0.0;0.0;0.0;0.0;0.0
development,2871,receptor_ligand_only,2.23,4.3261055224109635,0.0;0.0;0.0;0.0;0.0
development,2872,receptor_ligand_only,5.13,4.386855732988517,0.0;0.0;0.0;0.0;0.0
development,2873,receptor_ligand_only,4.78,3.970145670831533,0.0;0.0;0.0;0.0;0.0
development,2874,receptor_ligand_only,4.63,3.484920920301141,0.0;0.0;0.0;0.0;0.0
development,2875,receptor_ligand_only,4.24,4.0465663972407695,0.0;0.0;0.0;0.0;0.0
development,2876,receptor_ligand_only,1.76,5.057125157004671,0.0;0.0;0.0;0.0;0.0
development,2877,receptor_ligand_only,4.63,4.076303350312907,0.0;0.0;0.0;0.0;0.0
development,2878,receptor_ligand_only,4.57,4.3475778815723505,0.0;0.0;0.0;0.0;0.0
development,2880,receptor_ligand_only,4.85,4.281495533134625,0.0;0.0;0.0;0.0;0.0
development,2881,receptor_ligand_only,4.77,4.252710797316793,0.0;0.0;0.0;0.0;0.0
development,2883,receptor_ligand_only,5.2,4.4747433506078576,0.0;0.0;0.0;0.0;0.0
development,2884,receptor_ligand_only,4.45,4.618594348531589,0.0;0.0;0.0;0.0;0.0
development,2885,receptor_ligand_only,3.5,3.837664916301496,0.0;0.0;0.0;0.0;0.0
development,2886,receptor_ligand_only,4.55,4.721174079646019,0.0;0.0;0.0;0.0;0.0
development,2887,receptor_ligand_only,2.74,3.8534569053470458,0.0;0.0;0.0;0.0;0.0
development,2888,receptor_ligand_only,4.96,4.441547881382735,0.0;0.0;0.0;0.0;0.0
development,2889,receptor_ligand_only,5.28,4.236325408451966,0.0;0.0;0.0;0.0;0.0
development,2890,receptor_ligand_only,4.91,4.372932928451623,0.0;0.0;0.0;0.0;0.0
development,2892,receptor_ligand_only,4.56,4.044215078443299,0.0;0.0;0.0;0.0;0.0
development,2893,receptor_ligand_only,5.01,4.667828726127692,0.0;0.0;0.0;0.0;0.0
development,2894,receptor_ligand_only,4.56,4.192809528961411,0.0;0.0;0.0;0.0;0.0
development,2895,receptor_ligand_only,4.95,5.211397567459647,0.0;0.0;0.0;0.0;0.0
development,2896,receptor_ligand_only,5.66,4.968232542196789,0.0;0.0;0.0;0.0;0.0
development,2897,receptor_ligand_only,5.18,4.412931378431865,0.0;0.0;0.0;0.0;0.0
development,2898,receptor_ligand_only,4.98,4.788126783389496,0.0;0.0;0.0;0.0;0.0
development,2899,receptor_ligand_only,3.18,4.9076282149184856,0.0;0.0;0.0;0.0;0.0
development,2900,receptor_ligand_only,6.255,5.10133003718248,0.0;0.0;0.0;0.0;0.0
development,2901,receptor_ligand_only,5.02,4.065306750736012,0.0;0.0;0.0;0.0;0.0
development,2902,receptor_ligand_only,4.94,4.136928398611332,0.0;0.0;0.0;0.0;0.0
development,2903,receptor_ligand_only,3.82,3.889719471379644,0.0;0.0;0.0;0.0;0.0
development,2905,receptor_ligand_only,5.39,5.002108873938778,0.0;0.0;0.0;0.0;0.0
development,2906,receptor_ligand_only,2.88,3.6472197984457573,0.0;0.0;0.0;0.0;0.0
development,2908,receptor_ligand_only,3.04,4.1299768004456014,0.0;0.0;0.0;0.0;0.0
development,2909,receptor_ligand_only,5.14,4.781828633097695,0.0;0.0;0.0;0.0;0.0
development,2910,receptor_ligand_only,3.1,4.393483325402046,0.0;0.0;0.0;0.0;0.0
development,2911,receptor_ligand_only,2.61,3.322889079944466,0.0;0.0;0.0;0.0;0.0
development,2912,receptor_ligand_only,5.24,4.756821431626421,0.0;0.0;0.0;0.0;0.0
development,2913,receptor_ligand_only,5.98,4.417908954834004,0.0;0.0;0.0;0.0;0.0
development,2915,receptor_ligand_only,5.11,4.542357336205428,0.0;0.0;0.0;0.0;0.0
development,2917,receptor_ligand_only,5.03,4.3525005860123045,0.0;0.0;0.0;0.0;0.0
development,2918,receptor_ligand_only,1.83,4.8218473879707675,0.0;0.0;0.0;0.0;0.0
development,2919,receptor_ligand_only,5.06,5.101954139385607,0.0;0.0;0.0;0.0;0.0
development,2920,receptor_ligand_only,4.51,4.303729876362094,0.0;0.0;0.0;0.0;0.0
development,2921,receptor_ligand_only,2.06,3.8295910594769085,0.0;0.0;0.0;0.0;0.0
development,2922,receptor_ligand_only,2.14,4.713485828016127,0.0;0.0;0.0;0.0;0.0
development,2923,receptor_ligand_only,3.52,3.906298085644626,0.0;0.0;0.0;0.0;0.0
development,2925,receptor_ligand_only,5.01,4.4620000939787765,0.0;0.0;0.0;0.0;0.0
development,2926,receptor_ligand_only,4.58,4.365434302811547,0.0;0.0;0.0;0.0;0.0
development,2927,receptor_ligand_only,4.83,4.544749448486833,0.0;0.0;0.0;0.0;0.0
development,2928,receptor_ligand_only,6.215,5.091700685250595,0.0;0.0;0.0;0.0;0.0
development,2929,receptor_ligand_only,2.09,3.8988331382156143,0.0;0.0;0.0;0.0;0.0
development,2930,receptor_ligand_only,4.75,3.8216265396319296,0.0;0.0;0.0;0.0;0.0
development,2931,receptor_ligand_only,2.22,3.7606811123464112,0.0;0.0;0.0;0.0;0.0
development,2932,receptor_ligand_only,4.28,4.279002331369619,0.0;0.0;0.0;0.0;0.0
development,2934,receptor_ligand_only,5.3,3.9183521084035045,0.0;0.0;0.0;0.0;0.0
development,2935,receptor_ligand_only,2.01,3.537514939949002,0.0;0.0;0.0;0.0;0.0
development,2936,receptor_ligand_only,4.83,4.41091323299687,0.0;0.0;0.0;0.0;0.0
development,2937,receptor_ligand_only,6.105,4.334293831701054,0.0;0.0;0.0;0.0;0.0
development,2938,receptor_ligand_only,3.4,3.951974304123915,0.0;0.0;0.0;0.0;0.0
development,2939,receptor_ligand_only,1.84,3.37170215870126,0.0;0.0;0.0;0.0;0.0
development,2940,receptor_ligand_only,5.42,4.463429122557117,0.0;0.0;0.0;0.0;0.0
development,2941,receptor_ligand_only,2.6,4.414302680007311,0.0;0.0;0.0;0.0;0.0
development,2942,receptor_ligand_only,4.62,4.592714124107436,0.0;0.0;0.0;0.0;0.0
development,2943,receptor_ligand_only,3.38,4.0331506329905675,0.0;0.0;0.0;0.0;0.0
development,2944,receptor_ligand_only,3.92,3.7162572272334193,0.0;0.0;0.0;0.0;0.0
development,2945,receptor_ligand_only,4.93,4.134453855000219,0.0;0.0;0.0;0.0;0.0
development,2946,receptor_ligand_only,2.97,3.612845826157508,0.0;0.0;0.0;0.0;0.0
development,2947,receptor_ligand_only,5.27,4.5032256079861,0.0;0.0;0.0;0.0;0.0
development,2948,receptor_ligand_only,5.25,4.627275953402442,0.0;0.0;0.0;0.0;0.0
development,2949,receptor_ligand_only,4.53,4.465043803785344,0.0;0.0;0.0;0.0;0.0
development,2950,receptor_ligand_only,5.1,4.604145704772827,0.0;0.0;0.0;0.0;0.0
development,2951,receptor_ligand_only,3.69,4.0287181705322315,0.0;0.0;0.0;0.0;0.0
development,2952,receptor_ligand_only,4.68,3.6395311455207016,0.0;0.0;0.0;0.0;0.0
development,2953,receptor_ligand_only,4.93,4.4527346665483725,0.0;0.0;0.0;0.0;0.0
development,2956,receptor_ligand_only,4.62,3.868324289725034,0.0;0.0;0.0;0.0;0.0
development,2958,receptor_ligand_only,5.95,4.833221021741398,0.0;0.0;0.0;0.0;0.0
development,2959,receptor_ligand_only,5.1,4.316116573197004,0.0;0.0;0.0;0.0;0.0
development,2960,receptor_ligand_only,5.33,4.383761201896656,0.0;0.0;0.0;0.0;0.0
development,2961,receptor_ligand_only,4.47,4.184454924071268,0.0;0.0;0.0;0.0;0.0
development,2962,receptor_ligand_only,5.22,4.087839006076345,0.0;0.0;0.0;0.0;0.0
development,2963,receptor_ligand_only,3.42,4.286548660662521,0.0;0.0;0.0;0.0;0.0
development,2965,receptor_ligand_only,3.66,3.9186886531697436,0.0;0.0;0.0;0.0;0.0
development,2966,receptor_ligand_only,5.3,3.906630176950498,0.0;0.0;0.0;0.0;0.0
development,2967,receptor_ligand_only,5.36,4.523303014828031,0.0;0.0;0.0;0.0;0.0
development,2968,receptor_ligand_only,5.16,3.4458853189582777,0.0;0.0;0.0;0.0;0.0
development,2969,receptor_ligand_only,4.26,4.175270367171043,0.0;0.0;0.0;0.0;0.0
development,2971,receptor_ligand_only,5.81,4.081778538376071,0.0;0.0;0.0;0.0;0.0
development,2973,receptor_ligand_only,2.19,3.3729947106412554,0.0;0.0;0.0;0.0;0.0
development,2976,receptor_ligand_only,5.6,4.4361375062864035,0.0;0.0;0.0;0.0;0.0
development,2977,receptor_ligand_only,3.96,3.407630412150174,0.0;0.0;0.0;0.0;0.0
development,2978,receptor_ligand_only,4.06,4.251013688053384,0.0;0.0;0.0;0.0;0.0
development,2980,receptor_ligand_only,4.18,3.6837347355563903,0.0;0.0;0.0;0.0;0.0
development,2981,receptor_ligand_only,4.13,4.059761993243397,0.0;0.0;0.0;0.0;0.0
development,2982,receptor_ligand_only,1.67,3.6590692271411047,0.0;0.0;0.0;0.0;0.0
development,2983,receptor_ligand_only,3.99,4.226548352363741,0.0;0.0;0.0;0.0;0.0
development,2984,receptor_ligand_only,4.46,4.611665149563834,0.0;0.0;0.0;0.0;0.0
development,2985,receptor_ligand_only,3.51,4.148213720619297,0.0;0.0;0.0;0.0;0.0
development,2987,receptor_ligand_only,5.37,4.775105303135294,0.0;0.0;0.0;0.0;0.0
development,2988,receptor_ligand_only,4.89,3.6152940762502173,0.0;0.0;0.0;0.0;0.0
development,2989,receptor_ligand_only,2.7,4.174784378645,0.0;0.0;0.0;0.0;0.0
development,2990,receptor_ligand_only,4.8,3.868262337671797,0.0;0.0;0.0;0.0;0.0
development,2991,receptor_ligand_only,5.32,4.288810992362991,0.0;0.0;0.0;0.0;0.0
development,2992,receptor_ligand_only,5.01,4.108111722020641,0.0;0.0;0.0;0.0;0.0
development,2993,receptor_ligand_only,2.09,3.608948301534698,0.0;0.0;0.0;0.0;0.0
development,2994,receptor_ligand_only,4.51,4.567845597147746,0.0;0.0;0.0;0.0;0.0
development,2995,receptor_ligand_only,5.35,3.6924907218869127,0.0;0.0;0.0;0.0;0.0
development,2996,receptor_ligand_only,2.91,3.569982321795889,0.0;0.0;0.0;0.0;0.0
development,2999,receptor_ligand_only,5.57,4.079547251819967,0.0;0.0;0.0;0.0;0.0
development,3000,receptor_ligand_only,1.87,4.653507379186332,0.0;0.0;0.0;0.0;0.0
development,3001,receptor_ligand_only,5.07,4.375439111933991,0.0;0.0;0.0;0.0;0.0
development,3002,receptor_ligand_only,4.68,4.769651501311463,0.0;0.0;0.0;0.0;0.0
development,3003,receptor_ligand_only,5.99,4.251719000689736,0.0;0.0;0.0;0.0;0.0
development,3004,receptor_ligand_only,4.84,4.353229662215891,0.0;0.0;0.0;0.0;0.0
development,3005,receptor_ligand_only,4.79,4.68214024700908,0.0;0.0;0.0;0.0;0.0
development,3006,receptor_ligand_only,4.05,4.591829200507751,0.0;0.0;0.0;0.0;0.0
development,3008,receptor_ligand_only,3.49,4.163532191594115,0.0;0.0;0.0;0.0;0.0
development,3009,receptor_ligand_only,4.9,4.418972495374287,0.0;0.0;0.0;0.0;0.0
development,3010,receptor_ligand_only,4.33,4.584739045424547,0.0;0.0;0.0;0.0;0.0
development,3011,receptor_ligand_only,4.51,4.252250324721809,0.0;0.0;0.0;0.0;0.0
development,3012,receptor_ligand_only,5.57,4.83012836969305,0.0;0.0;0.0;0.0;0.0
development,3013,receptor_ligand_only,2.6,4.12136910111527,0.0;0.0;0.0;0.0;0.0
development,3014,receptor_ligand_only,4.0,4.447810823676037,0.0;0.0;0.0;0.0;0.0
development,3015,receptor_ligand_only,4.18,5.358508326434727,0.0;0.0;0.0;0.0;0.0
development,3016,receptor_ligand_only,3.46,4.528362495020987,0.0;0.0;0.0;0.0;0.0
development,3017,receptor_ligand_only,4.6,4.104641080839635,0.0;0.0;0.0;0.0;0.0
development,3018,receptor_ligand_only,2.58,3.660016536935173,0.0;0.0;0.0;0.0;0.0
development,3019,receptor_ligand_only,1.76,4.303892206030718,0.0;0.0;0.0;0.0;0.0
development,3020,receptor_ligand_only,4.37,4.235800030653206,0.0;0.0;0.0;0.0;0.0
development,3021,receptor_ligand_only,5.08,4.003858317825596,0.0;0.0;0.0;0.0;0.0
development,3023,receptor_ligand_only,3.27,5.251370740805196,0.0;0.0;0.0;0.0;0.0
development,3026,receptor_ligand_only,1.87,3.5137659343454146,0.0;0.0;0.0;0.0;0.0
development,3027,receptor_ligand_only,6.37,4.533503396346841,0.0;0.0;0.0;0.0;0.0
development,3028,receptor_ligand_only,3.93,3.7415218859865242,0.0;0.0;0.0;0.0;0.0
development,3029,receptor_ligand_only,3.09,4.125834903836626,0.0;0.0;0.0;0.0;0.0
development,3030,receptor_ligand_only,5.16,4.086442190313567,0.0;0.0;0.0;0.0;0.0
development,3034,receptor_ligand_only,4.76,4.793785478568335,0.0;0.0;0.0;0.0;0.0
development,3035,receptor_ligand_only,3.9,3.7627262689746885,0.0;0.0;0.0;0.0;0.0
development,3037,receptor_ligand_only,5.34,3.9348958699150254,0.0;0.0;0.0;0.0;0.0
development,3040,receptor_ligand_only,5.18,4.449430685436493,0.0;0.0;0.0;0.0;0.0
development,3041,receptor_ligand_only,4.01,4.466170639097339,0.0;0.0;0.0;0.0;0.0
development,3042,receptor_ligand_only,5.6,4.079773414203827,0.0;0.0;0.0;0.0;0.0
development,3043,receptor_ligand_only,6.325,4.454743029930017,0.0;0.0;0.0;0.0;0.0
development,3044,receptor_ligand_only,4.91,4.256612595159121,0.0;0.0;0.0;0.0;0.0
development,3046,receptor_ligand_only,4.86,4.161206728056698,0.0;0.0;0.0;0.0;0.0
development,3047,receptor_ligand_only,4.3,4.388472932061259,0.0;0.0;0.0;0.0;0.0
development,3048,receptor_ligand_only,1.77,4.112958920200039,0.0;0.0;0.0;0.0;0.0
development,3049,receptor_ligand_only,4.26,4.0354405113110055,0.0;0.0;0.0;0.0;0.0
development,3050,receptor_ligand_only,2.87,4.341584140432401,0.0;0.0;0.0;0.0;0.0
development,3052,receptor_ligand_only,3.94,3.49745998321216,0.0;0.0;0.0;0.0;0.0
development,3053,receptor_ligand_only,4.94,4.956958286563931,0.0;0.0;0.0;0.0;0.0
development,3054,receptor_ligand_only,4.24,4.226755131507301,0.0;0.0;0.0;0.0;0.0
development,3056,receptor_ligand_only,4.83,4.050144553422551,0.0;0.0;0.0;0.0;0.0
development,3057,receptor_ligand_only,5.955,4.261163300933696,0.0;0.0;0.0;0.0;0.0
development,3058,receptor_ligand_only,1.91,3.450073266073365,0.0;0.0;0.0;0.0;0.0
development,3059,receptor_ligand_only,4.69,3.817825585602293,0.0;0.0;0.0;0.0;0.0
development,3061,receptor_ligand_only,5.1,4.5542787344383076,0.0;0.0;0.0;0.0;0.0
development,3062,receptor_ligand_only,5.51,4.630995919100009,0.0;0.0;0.0;0.0;0.0
development,3063,receptor_ligand_only,2.415,4.887680815526695,0.0;0.0;0.0;0.0;0.0
development,3064,receptor_ligand_only,3.18,3.848018616324861,0.0;0.0;0.0;0.0;0.0
development,3065,receptor_ligand_only,4.63,4.289036705498394,0.0;0.0;0.0;0.0;0.0
development,3066,receptor_ligand_only,5.42,4.712990410964215,0.0;0.0;0.0;0.0;0.0
development,3067,receptor_ligand_only,4.74,4.453365105023888,0.0;0.0;0.0;0.0;0.0
development,3068,receptor_ligand_only,2.36,4.114148966664587,0.0;0.0;0.0;0.0;0.0
development,3069,receptor_ligand_only,4.81,4.205605078669508,0.0;0.0;0.0;0.0;0.0
development,3070,receptor_ligand_only,4.98,3.9114552879980122,0.0;0.0;0.0;0.0;0.0
development,3071,receptor_ligand_only,5.3,4.743984780486963,0.0;0.0;0.0;0.0;0.0
development,3072,receptor_ligand_only,4.63,4.519156093161191,0.0;0.0;0.0;0.0;0.0
development,3073,receptor_ligand_only,4.27,4.531206065924014,0.0;0.0;0.0;0.0;0.0
development,3074,receptor_ligand_only,3.18,4.208744043085328,0.0;0.0;0.0;0.0;0.0
development,3076,receptor_ligand_only,4.12,4.065623971604398,0.0;0.0;0.0;0.0;0.0
development,3079,receptor_ligand_only,5.17,4.114452920160736,0.0;0.0;0.0;0.0;0.0
development,3080,receptor_ligand_only,4.58,4.595648610710441,0.0;0.0;0.0;0.0;0.0
development,3081,receptor_ligand_only,5.26,4.6450167408084955,0.0;0.0;0.0;0.0;0.0
development,3082,receptor_ligand_only,4.91,4.144143136659123,0.0;0.0;0.0;0.0;0.0
development,3083,receptor_ligand_only,2.27,3.853409456006323,0.0;0.0;0.0;0.0;0.0
development,3084,receptor_ligand_only,3.19,4.204831960799975,0.0;0.0;0.0;0.0;0.0
development,3085,receptor_ligand_only,4.84,4.559077474294405,0.0;0.0;0.0;0.0;0.0
development,3087,receptor_ligand_only,5.28,3.997208072153871,0.0;0.0;0.0;0.0;0.0
development,3088,receptor_ligand_only,4.43,3.977337164682095,0.0;0.0;0.0;0.0;0.0
development,3089,receptor_ligand_only,4.18,4.1766458673541385,0.0;0.0;0.0;0.0;0.0
development,3090,receptor_ligand_only,5.12,4.316651756421037,0.0;0.0;0.0;0.0;0.0
development,3091,receptor_ligand_only,5.02,4.607986682449485,0.0;0.0;0.0;0.0;0.0
development,3092,receptor_ligand_only,5.04,3.7687884416131414,0.0;0.0;0.0;0.0;0.0
development,3093,receptor_ligand_only,5.67,4.347266781088653,0.0;0.0;0.0;0.0;0.0
development,3094,receptor_ligand_only,2.74,3.6530950069922974,0.0;0.0;0.0;0.0;0.0
development,3096,receptor_ligand_only,5.04,4.606317823013618,0.0;0.0;0.0;0.0;0.0
development,3097,receptor_ligand_only,2.56,4.41738607461439,0.0;0.0;0.0;0.0;0.0
development,3098,receptor_ligand_only,5.16,4.100084554446836,0.0;0.0;0.0;0.0;0.0
development,3099,receptor_ligand_only,4.38,4.001139440217434,0.0;0.0;0.0;0.0;0.0
development,3100,receptor_ligand_only,1.9,4.477373670861632,0.0;0.0;0.0;0.0;0.0
development,3101,receptor_ligand_only,3.49,4.338384737610543,0.0;0.0;0.0;0.0;0.0
development,3102,receptor_ligand_only,4.07,4.5377062867070155,0.0;0.0;0.0;0.0;0.0
development,3103,receptor_ligand_only,1.73,3.9713147364375727,0.0;0.0;0.0;0.0;0.0
development,3104,receptor_ligand_only,5.46,4.726349987309884,0.0;0.0;0.0;0.0;0.0
development,3105,receptor_ligand_only,1.78,4.373321631149631,0.0;0.0;0.0;0.0;0.0
development,3106,receptor_ligand_only,1.92,3.4189631855986224,0.0;0.0;0.0;0.0;0.0
development,3107,receptor_ligand_only,4.05,4.317823309551676,0.0;0.0;0.0;0.0;0.0
development,3108,receptor_ligand_only,5.4,3.8695413668849006,0.0;0.0;0.0;0.0;0.0
development,3109,receptor_ligand_only,5.28,4.674531647910081,0.0;0.0;0.0;0.0;0.0
development,3111,receptor_ligand_only,4.73,4.10048294908413,0.0;0.0;0.0;0.0;0.0
development,3112,receptor_ligand_only,4.83,4.163069436491508,0.0;0.0;0.0;0.0;0.0
development,3113,receptor_ligand_only,5.4,4.356050256227424,0.0;0.0;0.0;0.0;0.0
development,3114,receptor_ligand_only,5.61,5.010034781593109,0.0;0.0;0.0;0.0;0.0
development,3115,receptor_ligand_only,4.9,3.917551586450151,0.0;0.0;0.0;0.0;0.0
development,3116,receptor_ligand_only,2.81,5.813136905934217,0.0;0.0;0.0;0.0;0.0
development,3117,receptor_ligand_only,2.33,3.912088694531251,0.0;0.0;0.0;0.0;0.0
development,3119,receptor_ligand_only,4.78,4.237114264108723,0.0;0.0;0.0;0.0;0.0
development,3122,receptor_ligand_only,3.2,3.853779963507228,0.0;0.0;0.0;0.0;0.0
development,3123,receptor_ligand_only,1.7,3.8343590086235713,0.0;0.0;0.0;0.0;0.0
development,3124,receptor_ligand_only,2.31,3.7168246685789876,0.0;0.0;0.0;0.0;0.0
development,3126,receptor_ligand_only,3.41,3.3115269860690812,0.0;0.0;0.0;0.0;0.0
development,3127,receptor_ligand_only,5.15,4.855366807888579,0.0;0.0;0.0;0.0;0.0
development,3128,receptor_ligand_only,4.89,4.593371645986767,0.0;0.0;0.0;0.0;0.0
development,3129,receptor_ligand_only,3.6,3.848805387781062,0.0;0.0;0.0;0.0;0.0
development,3130,receptor_ligand_only,5.44,4.142137455713414,0.0;0.0;0.0;0.0;0.0
development,3131,receptor_ligand_only,2.76,4.108681071054682,0.0;0.0;0.0;0.0;0.0
development,3132,receptor_ligand_only,4.51,4.544983052179502,0.0;0.0;0.0;0.0;0.0
development,3133,receptor_ligand_only,4.82,4.353615702179164,0.0;0.0;0.0;0.0;0.0
development,3134,receptor_ligand_only,2.4,4.6941787953184235,0.0;0.0;0.0;0.0;0.0
development,3135,receptor_ligand_only,3.82,3.83114480299619,0.0;0.0;0.0;0.0;0.0
development,3136,receptor_ligand_only,5.52,5.549450946029059,0.0;0.0;0.0;0.0;0.0
development,3137,receptor_ligand_only,5.5,4.262022458817458,0.0;0.0;0.0;0.0;0.0
development,3138,receptor_ligand_only,2.98,4.789283252635624,0.0;0.0;0.0;0.0;0.0
development,3140,receptor_ligand_only,5.79,4.404770721752084,0.0;0.0;0.0;0.0;0.0
development,3141,receptor_ligand_only,1.72,5.033353735163689,0.0;0.0;0.0;0.0;0.0
development,3142,receptor_ligand_only,6.215,4.822176670352798,0.0;0.0;0.0;0.0;0.0
development,3143,receptor_ligand_only,4.92,4.411292121368753,0.0;0.0;0.0;0.0;0.0
development,3144,receptor_ligand_only,2.6,3.574746507481412,0.0;0.0;0.0;0.0;0.0
development,3146,receptor_ligand_only,4.94,4.1143183053849,0.0;0.0;0.0;0.0;0.0
development,3147,receptor_ligand_only,4.79,5.115086835688718,0.0;0.0;0.0;0.0;0.0
development,3148,receptor_ligand_only,3.76,3.974632880692787,0.0;0.0;0.0;0.0;0.0
development,3149,receptor_ligand_only,5.89,4.346811044164156,0.0;0.0;0.0;0.0;0.0
development,3150,receptor_ligand_only,1.75,4.06322980950628,0.0;0.0;0.0;0.0;0.0
development,3151,receptor_ligand_only,5.79,4.759857092177486,0.0;0.0;0.0;0.0;0.0
development,3152,receptor_ligand_only,4.94,4.022915749959299,0.0;0.0;0.0;0.0;0.0
development,3153,receptor_ligand_only,5.35,4.921065716035663,0.0;0.0;0.0;0.0;0.0
development,3155,receptor_ligand_only,4.81,3.8045654680434406,0.0;0.0;0.0;0.0;0.0
development,3156,receptor_ligand_only,5.2,4.228326631413306,0.0;0.0;0.0;0.0;0.0
development,3157,receptor_ligand_only,4.57,5.047368603140553,0.0;0.0;0.0;0.0;0.0
development,3158,receptor_ligand_only,1.85,4.502861250760844,0.0;0.0;0.0;0.0;0.0
development,3159,receptor_ligand_only,4.36,3.9922358067274573,0.0;0.0;0.0;0.0;0.0
development,3160,receptor_ligand_only,5.53,4.621146048865734,0.0;0.0;0.0;0.0;0.0
development,3161,receptor_ligand_only,2.76,4.201859361394664,0.0;0.0;0.0;0.0;0.0
development,3165,receptor_ligand_only,5.09,4.407232503125595,0.0;0.0;0.0;0.0;0.0
development,3166,receptor_ligand_only,5.265000000000001,4.217182478651304,0.0;0.0;0.0;0.0;0.0
development,3167,receptor_ligand_only,2.66,3.3445491583763887,0.0;0.0;0.0;0.0;0.0
development,3168,receptor_ligand_only,3.2,3.857770240868448,0.0;0.0;0.0;0.0;0.0
development,3171,receptor_ligand_only,5.0,4.476161532324951,0.0;0.0;0.0;0.0;0.0
development,3172,receptor_ligand_only,2.65,4.50529591387209,0.0;0.0;0.0;0.0;0.0
development,3173,receptor_ligand_only,2.48,3.972108494274551,0.0;0.0;0.0;0.0;0.0
development,3174,receptor_ligand_only,2.52,3.7332353535455436,0.0;0.0;0.0;0.0;0.0
development,3175,receptor_ligand_only,4.83,4.229382481417078,0.0;0.0;0.0;0.0;0.0
development,3176,receptor_ligand_only,5.975,4.74356097061159,0.0;0.0;0.0;0.0;0.0
development,3177,receptor_ligand_only,2.86,3.780427309173546,0.0;0.0;0.0;0.0;0.0
development,3178,receptor_ligand_only,5.67,5.046462083645182,0.0;0.0;0.0;0.0;0.0
development,3179,receptor_ligand_only,4.51,3.9035308086082208,0.0;0.0;0.0;0.0;0.0
development,3180,receptor_ligand_only,5.859999999999999,4.401526125657255,0.0;0.0;0.0;0.0;0.0
development,3181,receptor_ligand_only,5.36,4.5212676144290125,0.0;0.0;0.0;0.0;0.0
development,3182,receptor_ligand_only,4.69,4.255781050153052,0.0;0.0;0.0;0.0;0.0
development,3186,receptor_ligand_only,4.37,4.105992792610984,0.0;0.0;0.0;0.0;0.0
development,3187,receptor_ligand_only,5.01,3.837274648550991,0.0;0.0;0.0;0.0;0.0
development,3188,receptor_ligand_only,3.33,4.094526853876431,0.0;0.0;0.0;0.0;0.0
development,3189,receptor_ligand_only,1.83,3.4535441015955106,0.0;0.0;0.0;0.0;0.0
development,3190,receptor_ligand_only,4.61,4.24418739461945,0.0;0.0;0.0;0.0;0.0
development,3191,receptor_ligand_only,5.1,5.299661851834214,0.0;0.0;0.0;0.0;0.0
development,3192,receptor_ligand_only,5.22,4.273851906447087,0.0;0.0;0.0;0.0;0.0
development,3193,receptor_ligand_only,5.33,4.3859274932017644,0.0;0.0;0.0;0.0;0.0
development,3194,receptor_ligand_only,5.14,5.1929759524791725,0.0;0.0;0.0;0.0;0.0
development,3195,receptor_ligand_only,3.04,4.302851596794508,0.0;0.0;0.0;0.0;0.0
development,3196,receptor_ligand_only,4.36,4.167157354742625,0.0;0.0;0.0;0.0;0.0
development,3198,receptor_ligand_only,5.37,4.261499704629998,0.0;0.0;0.0;0.0;0.0
development,3199,receptor_ligand_only,1.84,5.051110710040348,0.0;0.0;0.0;0.0;0.0
development,3200,receptor_ligand_only,5.64,4.536083777983063,0.0;0.0;0.0;0.0;0.0
development,3201,receptor_ligand_only,3.87,3.9829950865521275,0.0;0.0;0.0;0.0;0.0
development,3202,receptor_ligand_only,4.43,3.7069211417116,0.0;0.0;0.0;0.0;0.0
development,3203,receptor_ligand_only,4.69,4.05116773629396,0.0;0.0;0.0;0.0;0.0
development,3206,receptor_ligand_only,3.43,4.470721943088277,0.0;0.0;0.0;0.0;0.0
development,3207,receptor_ligand_only,3.5,4.0188295514211605,0.0;0.0;0.0;0.0;0.0
development,3208,receptor_ligand_only,3.65,4.236585225556315,0.0;0.0;0.0;0.0;0.0
development,3210,receptor_ligand_only,5.29,4.447763492291345,0.0;0.0;0.0;0.0;0.0
development,3211,receptor_ligand_only,2.0,3.9292974865495323,0.0;0.0;0.0;0.0;0.0
development,3212,receptor_ligand_only,4.47,4.4021790408657075,0.0;0.0;0.0;0.0;0.0
development,3213,receptor_ligand_only,5.11,4.697254644847986,0.0;0.0;0.0;0.0;0.0
development,3215,receptor_ligand_only,3.37,4.715597256279857,0.0;0.0;0.0;0.0;0.0
development,3216,receptor_ligand_only,6.87,4.488832282406275,0.0;0.0;0.0;0.0;0.0
development,3217,receptor_ligand_only,4.3,4.809819043269097,0.0;0.0;0.0;0.0;0.0
development,3218,receptor_ligand_only,5.09,4.556082343127614,0.0;0.0;0.0;0.0;0.0
development,3219,receptor_ligand_only,5.17,4.51805940794091,0.0;0.0;0.0;0.0;0.0
development,3222,receptor_ligand_only,4.51,4.402248817592235,0.0;0.0;0.0;0.0;0.0
development,3223,receptor_ligand_only,5.63,4.547980846496729,0.0;0.0;0.0;0.0;0.0
development,3224,receptor_ligand_only,5.15,4.14248085012406,0.0;0.0;0.0;0.0;0.0
development,3225,receptor_ligand_only,3.88,4.264748302898934,0.0;0.0;0.0;0.0;0.0
development,3226,receptor_ligand_only,3.21,4.01328610133593,0.0;0.0;0.0;0.0;0.0
development,3227,receptor_ligand_only,4.9,4.18555558116805,0.0;0.0;0.0;0.0;0.0
development,3228,receptor_ligand_only,4.19,4.470898495479205,0.0;0.0;0.0;0.0;0.0
development,3229,receptor_ligand_only,4.52,3.908727101006722,0.0;0.0;0.0;0.0;0.0
development,3230,receptor_ligand_only,3.49,3.346566865679478,0.0;0.0;0.0;0.0;0.0
development,3231,receptor_ligand_only,5.2,3.929947219239663,0.0;0.0;0.0;0.0;0.0
development,3232,receptor_ligand_only,3.95,3.917016589913224,0.0;0.0;0.0;0.0;0.0
development,3234,receptor_ligand_only,6.39,4.306199600149868,0.0;0.0;0.0;0.0;0.0
development,3235,receptor_ligand_only,5.28,4.594885421967814,0.0;0.0;0.0;0.0;0.0
development,3236,receptor_ligand_only,3.81,4.237334302658151,0.0;0.0;0.0;0.0;0.0
development,3237,receptor_ligand_only,5.765000000000001,4.56024028694406,0.0;0.0;0.0;0.0;0.0
development,3238,receptor_ligand_only,3.91,4.374128643737408,0.0;0.0;0.0;0.0;0.0
development,3239,receptor_ligand_only,1.88,3.9992027566487893,0.0;0.0;0.0;0.0;0.0
development,3240,receptor_ligand_only,4.65,4.680075139398959,0.0;0.0;0.0;0.0;0.0
development,3241,receptor_ligand_only,4.88,4.33944398684628,0.0;0.0;0.0;0.0;0.0
development,3242,receptor_ligand_only,3.33,4.012671394248859,0.0;0.0;0.0;0.0;0.0
development,3243,receptor_ligand_only,2.77,3.831454685210328,0.0;0.0;0.0;0.0;0.0
development,3244,receptor_ligand_only,5.14,3.979819361312554,0.0;0.0;0.0;0.0;0.0
development,3245,receptor_ligand_only,3.8,4.599937686159837,0.0;0.0;0.0;0.0;0.0
development,3246,receptor_ligand_only,5.67,4.58570191527284,0.0;0.0;0.0;0.0;0.0
development,3247,receptor_ligand_only,5.2,4.537302201372693,0.0;0.0;0.0;0.0;0.0
development,3248,receptor_ligand_only,5.05,4.363196202929142,0.0;0.0;0.0;0.0;0.0
development,3249,receptor_ligand_only,6.0600000000000005,4.888500059501534,0.0;0.0;0.0;0.0;0.0
development,3250,receptor_ligand_only,4.93,4.641487656788416,0.0;0.0;0.0;0.0;0.0
development,3251,receptor_ligand_only,5.18,4.181425911256587,0.0;0.0;0.0;0.0;0.0
development,3252,receptor_ligand_only,4.78,4.334461710057143,0.0;0.0;0.0;0.0;0.0
development,3253,receptor_ligand_only,5.23,3.814972664528655,0.0;0.0;0.0;0.0;0.0
development,3255,receptor_ligand_only,5.3,4.134883511477508,0.0;0.0;0.0;0.0;0.0
development,3256,receptor_ligand_only,2.49,3.819579257411559,0.0;0.0;0.0;0.0;0.0
development,3257,receptor_ligand_only,4.86,4.70729446188605,0.0;0.0;0.0;0.0;0.0
development,3259,receptor_ligand_only,4.9,3.9264216928399174,0.0;0.0;0.0;0.0;0.0
development,3260,receptor_ligand_only,4.45,3.8494773010999435,0.0;0.0;0.0;0.0;0.0
development,3261,receptor_ligand_only,4.31,4.145689892579265,0.0;0.0;0.0;0.0;0.0
development,3262,receptor_ligand_only,4.86,4.735222093300058,0.0;0.0;0.0;0.0;0.0
development,3263,receptor_ligand_only,2.36,3.8407106960307495,0.0;0.0;0.0;0.0;0.0
development,3264,receptor_ligand_only,2.02,3.904892777736889,0.0;0.0;0.0;0.0;0.0
development,3266,receptor_ligand_only,2.17,3.5602604767640997,0.0;0.0;0.0;0.0;0.0
development,3267,receptor_ligand_only,2.85,3.860893030199397,0.0;0.0;0.0;0.0;0.0
development,3268,receptor_ligand_only,2.83,3.8923118374032795,0.0;0.0;0.0;0.0;0.0
development,3269,receptor_ligand_only,4.75,4.2949175624489335,0.0;0.0;0.0;0.0;0.0
development,3270,receptor_ligand_only,4.65,4.46106109385905,0.0;0.0;0.0;0.0;0.0
development,3271,receptor_ligand_only,4.68,4.136320545816481,0.0;0.0;0.0;0.0;0.0
development,3273,receptor_ligand_only,4.68,4.405805089547202,0.0;0.0;0.0;0.0;0.0
development,3274,receptor_ligand_only,2.59,3.9024242029019316,0.0;0.0;0.0;0.0;0.0
development,3277,receptor_ligand_only,2.56,3.458141298073552,0.0;0.0;0.0;0.0;0.0
development,3281,receptor_ligand_only,3.67,3.5784790142232485,0.0;0.0;0.0;0.0;0.0
development,3282,receptor_ligand_only,3.63,3.9893281226525956,0.0;0.0;0.0;0.0;0.0
development,3283,receptor_ligand_only,3.73,4.5389097990607095,0.0;0.0;0.0;0.0;0.0
development,3284,receptor_ligand_only,4.16,5.032411714931514,0.0;0.0;0.0;0.0;0.0
development,3285,receptor_ligand_only,4.92,3.887447171735485,0.0;0.0;0.0;0.0;0.0
development,3286,receptor_ligand_only,6.125,4.887077124625312,0.0;0.0;0.0;0.0;0.0
development,3288,receptor_ligand_only,5.48,5.0802185267353055,0.0;0.0;0.0;0.0;0.0
development,3289,receptor_ligand_only,5.87,4.218400452014705,0.0;0.0;0.0;0.0;0.0
development,3290,receptor_ligand_only,4.1,4.539686551584587,0.0;0.0;0.0;0.0;0.0
development,3291,receptor_ligand_only,4.48,4.318331447387226,0.0;0.0;0.0;0.0;0.0
development,3292,receptor_ligand_only,5.14,4.058383005854869,0.0;0.0;0.0;0.0;0.0
development,3293,receptor_ligand_only,2.49,3.525586244068457,0.0;0.0;0.0;0.0;0.0
development,3295,receptor_ligand_only,2.45,3.886133394488641,0.0;0.0;0.0;0.0;0.0
development,3296,receptor_ligand_only,5.1,4.792612237628678,0.0;0.0;0.0;0.0;0.0
development,3297,receptor_ligand_only,5.2,4.171539640822063,0.0;0.0;0.0;0.0;0.0
development,3298,receptor_ligand_only,4.53,4.107708395846092,0.0;0.0;0.0;0.0;0.0
development,3299,receptor_ligand_only,4.07,4.036956415540116,0.0;0.0;0.0;0.0;0.0
development,3300,receptor_ligand_only,6.345000000000001,4.997428755248362,0.0;0.0;0.0;0.0;0.0
development,3301,receptor_ligand_only,2.28,3.848981757510427,0.0;0.0;0.0;0.0;0.0
development,3302,receptor_ligand_only,5.23,4.334749596258439,0.0;0.0;0.0;0.0;0.0
development,3303,receptor_ligand_only,5.25,4.531100337799838,0.0;0.0;0.0;0.0;0.0
development,3304,receptor_ligand_only,4.5,3.8857017065101487,0.0;0.0;0.0;0.0;0.0
development,3305,receptor_ligand_only,1.91,3.756581806201938,0.0;0.0;0.0;0.0;0.0
development,3306,receptor_ligand_only,3.57,3.66913865582488,0.0;0.0;0.0;0.0;0.0
development,3308,receptor_ligand_only,4.94,4.414283663594628,0.0;0.0;0.0;0.0;0.0
development,3309,receptor_ligand_only,2.85,3.3812280401812513,0.0;0.0;0.0;0.0;0.0
development,3310,receptor_ligand_only,1.79,3.8881852689810446,0.0;0.0;0.0;0.0;0.0
development,3311,receptor_ligand_only,5.51,4.523792844420397,0.0;0.0;0.0;0.0;0.0
development,3314,receptor_ligand_only,4.7,4.921026768577261,0.0;0.0;0.0;0.0;0.0
development,3315,receptor_ligand_only,4.97,4.363610087104162,0.0;0.0;0.0;0.0;0.0
development,3316,receptor_ligand_only,4.38,4.3699785715048325,0.0;0.0;0.0;0.0;0.0
development,3317,receptor_ligand_only,2.92,4.036371829486219,0.0;0.0;0.0;0.0;0.0
development,3318,receptor_ligand_only,4.43,5.07661938688351,0.0;0.0;0.0;0.0;0.0
development,3319,receptor_ligand_only,4.56,4.339522459540813,0.0;0.0;0.0;0.0;0.0
development,3320,receptor_ligand_only,5.73,4.526683660327937,0.0;0.0;0.0;0.0;0.0
development,3322,receptor_ligand_only,4.73,3.991696819749239,0.0;0.0;0.0;0.0;0.0
development,3323,receptor_ligand_only,4.61,4.456322208491772,0.0;0.0;0.0;0.0;0.0
development,3324,receptor_ligand_only,4.86,4.61935864010816,0.0;0.0;0.0;0.0;0.0
development,3325,receptor_ligand_only,2.69,2.614441077970308,0.0;0.0;0.0;0.0;0.0
development,3326,receptor_ligand_only,3.08,4.159032357644792,0.0;0.0;0.0;0.0;0.0
development,3327,receptor_ligand_only,4.4,4.1064918801486705,0.0;0.0;0.0;0.0;0.0
development,3328,receptor_ligand_only,5.9,4.564683424146022,0.0;0.0;0.0;0.0;0.0
development,3329,receptor_ligand_only,3.66,4.172304546134544,0.0;0.0;0.0;0.0;0.0
development,3330,receptor_ligand_only,4.46,4.319737112795566,0.0;0.0;0.0;0.0;0.0
development,3332,receptor_ligand_only,2.93,4.234171124948372,0.0;0.0;0.0;0.0;0.0
development,3333,receptor_ligand_only,4.3,3.661963649368432,0.0;0.0;0.0;0.0;0.0
development,3334,receptor_ligand_only,2.35,3.9082973482974195,0.0;0.0;0.0;0.0;0.0
development,3335,receptor_ligand_only,1.83,4.030663989296991,0.0;0.0;0.0;0.0;0.0
development,3336,receptor_ligand_only,4.99,4.313159900600084,0.0;0.0;0.0;0.0;0.0
development,3337,receptor_ligand_only,5.12,4.476318007996478,0.0;0.0;0.0;0.0;0.0
development,3338,receptor_ligand_only,4.83,4.107818504864879,0.0;0.0;0.0;0.0;0.0
development,3339,receptor_ligand_only,1.96,3.968879502891529,0.0;0.0;0.0;0.0;0.0
development,3340,receptor_ligand_only,4.59,3.852252115723883,0.0;0.0;0.0;0.0;0.0
development,3341,receptor_ligand_only,4.46,4.190407190651019,0.0;0.0;0.0;0.0;0.0
development,3342,receptor_ligand_only,4.49,4.06827352594203,0.0;0.0;0.0;0.0;0.0
development,3343,receptor_ligand_only,5.3,5.040086594010869,0.0;0.0;0.0;0.0;0.0
development,3344,receptor_ligand_only,4.91,4.2657652984866665,0.0;0.0;0.0;0.0;0.0
development,3345,receptor_ligand_only,2.76,3.7965093704874078,0.0;0.0;0.0;0.0;0.0
development,3348,receptor_ligand_only,4.38,4.145086076518529,0.0;0.0;0.0;0.0;0.0
development,3349,receptor_ligand_only,3.68,2.6647556193656303,0.0;0.0;0.0;0.0;0.0
development,3350,receptor_ligand_only,4.55,4.200902449600908,0.0;0.0;0.0;0.0;0.0
development,3353,receptor_ligand_only,5.21,3.875036896745528,0.0;0.0;0.0;0.0;0.0
development,3354,receptor_ligand_only,4.0,3.7724001680051114,0.0;0.0;0.0;0.0;0.0
development,3355,receptor_ligand_only,1.75,4.872542429246223,0.0;0.0;0.0;0.0;0.0
development,3357,receptor_ligand_only,4.05,4.350358828618715,0.0;0.0;0.0;0.0;0.0
development,3359,receptor_ligand_only,3.77,3.664001473293659,0.0;0.0;0.0;0.0;0.0
development,3361,receptor_ligand_only,5.68,4.6567579579392335,0.0;0.0;0.0;0.0;0.0
development,3362,receptor_ligand_only,5.15,4.350809695040693,0.0;0.0;0.0;0.0;0.0
development,3363,receptor_ligand_only,5.41,4.669590445288193,0.0;0.0;0.0;0.0;0.0
development,3364,receptor_ligand_only,2.57,3.4563280811585226,0.0;0.0;0.0;0.0;0.0
development,3365,receptor_ligand_only,5.16,4.508811502644318,0.0;0.0;0.0;0.0;0.0
development,3366,receptor_ligand_only,5.22,4.371496689973666,0.0;0.0;0.0;0.0;0.0
development,3367,receptor_ligand_only,5.14,5.769812508836882,0.0;0.0;0.0;0.0;0.0
development,3368,receptor_ligand_only,3.02,4.135249420157884,0.0;0.0;0.0;0.0;0.0
development,3369,receptor_ligand_only,2.96,4.143325720014741,0.0;0.0;0.0;0.0;0.0
development,3370,receptor_ligand_only,5.88,4.523035648196692,0.0;0.0;0.0;0.0;0.0
development,3371,receptor_ligand_only,3.94,4.130839813422356,0.0;0.0;0.0;0.0;0.0
development,3373,receptor_ligand_only,4.63,4.390387937654776,0.0;0.0;0.0;0.0;0.0
development,3375,receptor_ligand_only,5.63,4.3621904508372875,0.0;0.0;0.0;0.0;0.0
development,3376,receptor_ligand_only,3.03,3.934025994119662,0.0;0.0;0.0;0.0;0.0
development,3377,receptor_ligand_only,5.28,4.7780752388526295,0.0;0.0;0.0;0.0;0.0
development,3378,receptor_ligand_only,4.45,3.7686542168570156,0.0;0.0;0.0;0.0;0.0
development,3379,receptor_ligand_only,3.37,4.346628032899017,0.0;0.0;0.0;0.0;0.0
development,3380,receptor_ligand_only,5.21,4.410384639343226,0.0;0.0;0.0;0.0;0.0
development,3382,receptor_ligand_only,4.29,4.481043187934377,0.0;0.0;0.0;0.0;0.0
development,3384,receptor_ligand_only,5.61,4.732931271308125,0.0;0.0;0.0;0.0;0.0
development,3385,receptor_ligand_only,5.04,4.449763370052507,0.0;0.0;0.0;0.0;0.0
development,3386,receptor_ligand_only,4.86,4.804592777326236,0.0;0.0;0.0;0.0;0.0
development,3388,receptor_ligand_only,4.67,4.509678419130601,0.0;0.0;0.0;0.0;0.0
development,3389,receptor_ligand_only,4.34,4.01717161757398,0.0;0.0;0.0;0.0;0.0
development,3391,receptor_ligand_only,4.63,4.466815360754723,0.0;0.0;0.0;0.0;0.0
development,3392,receptor_ligand_only,1.92,3.4063481739838823,0.0;0.0;0.0;0.0;0.0
development,3393,receptor_ligand_only,5.18,4.804477464519971,0.0;0.0;0.0;0.0;0.0
development,3394,receptor_ligand_only,3.64,3.9585811733673957,0.0;0.0;0.0;0.0;0.0
development,3395,receptor_ligand_only,4.58,4.462894334168945,0.0;0.0;0.0;0.0;0.0
development,3396,receptor_ligand_only,2.53,3.740871357788048,0.0;0.0;0.0;0.0;0.0
development,3397,receptor_ligand_only,4.64,4.173672445085908,0.0;0.0;0.0;0.0;0.0
development,3398,receptor_ligand_only,5.17,5.04638905731624,0.0;0.0;0.0;0.0;0.0
development,3399,receptor_ligand_only,5.19,4.111362701414814,0.0;0.0;0.0;0.0;0.0
development,3400,receptor_ligand_only,4.9,5.044842839231524,0.0;0.0;0.0;0.0;0.0
development,3401,receptor_ligand_only,1.73,4.079659747365135,0.0;0.0;0.0;0.0;0.0
development,3402,receptor_ligand_only,3.93,4.228248820143452,0.0;0.0;0.0;0.0;0.0
development,3403,receptor_ligand_only,2.83,3.7424776237778334,0.0;0.0;0.0;0.0;0.0
development,3404,receptor_ligand_only,4.86,4.79382888692332,0.0;0.0;0.0;0.0;0.0
development,3405,receptor_ligand_only,4.33,4.224524496425498,0.0;0.0;0.0;0.0;0.0
development,3407,receptor_ligand_only,5.64,4.1900830798688995,0.0;0.0;0.0;0.0;0.0
development,3408,receptor_ligand_only,2.83,3.3048897702601163,0.0;0.0;0.0;0.0;0.0
development,3409,receptor_ligand_only,4.6,4.592815045523984,0.0;0.0;0.0;0.0;0.0
development,3410,receptor_ligand_only,3.52,3.7996299000771594,0.0;0.0;0.0;0.0;0.0
development,3411,receptor_ligand_only,4.26,3.7727697683387538,0.0;0.0;0.0;0.0;0.0
development,3413,receptor_ligand_only,4.11,4.396098872019371,0.0;0.0;0.0;0.0;0.0
development,3414,receptor_ligand_only,5.59,4.402157910750864,0.0;0.0;0.0;0.0;0.0
development,3416,receptor_ligand_only,5.82,4.424719627159764,0.0;0.0;0.0;0.0;0.0
development,3417,receptor_ligand_only,4.77,4.9213920967477005,0.0;0.0;0.0;0.0;0.0
development,3418,receptor_ligand_only,5.54,4.349930058496048,0.0;0.0;0.0;0.0;0.0
development,3419,receptor_ligand_only,1.86,4.739220867184632,0.0;0.0;0.0;0.0;0.0
development,3421,receptor_ligand_only,1.98,4.277512967335436,0.0;0.0;0.0;0.0;0.0
development,3422,receptor_ligand_only,4.86,5.81347375684444,0.0;0.0;0.0;0.0;0.0
development,3423,receptor_ligand_only,3.53,3.4255115743442177,0.0;0.0;0.0;0.0;0.0
development,3424,receptor_ligand_only,5.48,4.107119905905332,0.0;0.0;0.0;0.0;0.0
development,3425,receptor_ligand_only,5.24,4.736656935707726,0.0;0.0;0.0;0.0;0.0
development,3426,receptor_ligand_only,5.11,4.191723355207246,0.0;0.0;0.0;0.0;0.0
development,3429,receptor_ligand_only,4.63,4.037359800345517,0.0;0.0;0.0;0.0;0.0
development,3430,receptor_ligand_only,4.49,4.975617872261903,0.0;0.0;0.0;0.0;0.0
development,3431,receptor_ligand_only,5.02,4.89780891538378,0.0;0.0;0.0;0.0;0.0
development,3434,receptor_ligand_only,5.44,4.8069526791156365,0.0;0.0;0.0;0.0;0.0
development,3436,receptor_ligand_only,4.21,5.1473196304807045,0.0;0.0;0.0;0.0;0.0
development,3437,receptor_ligand_only,2.53,3.578146949076399,0.0;0.0;0.0;0.0;0.0
development,3438,receptor_ligand_only,3.44,4.004049144787966,0.0;0.0;0.0;0.0;0.0
development,3439,receptor_ligand_only,4.53,4.154140646409297,0.0;0.0;0.0;0.0;0.0
development,3440,receptor_ligand_only,4.51,3.9482177909304492,0.0;0.0;0.0;0.0;0.0
development,3441,receptor_ligand_only,4.0,4.337651954226072,0.0;0.0;0.0;0.0;0.0
development,3442,receptor_ligand_only,3.25,4.537947650732422,0.0;0.0;0.0;0.0;0.0
development,3444,receptor_ligand_only,3.58,4.146253194814838,0.0;0.0;0.0;0.0;0.0
development,3445,receptor_ligand_only,5.49,4.156579460028159,0.0;0.0;0.0;0.0;0.0
development,3446,receptor_ligand_only,4.74,4.479803568166766,0.0;0.0;0.0;0.0;0.0
development,3447,receptor_ligand_only,4.99,4.498270994334981,0.0;0.0;0.0;0.0;0.0
development,3448,receptor_ligand_only,3.34,3.697713649213733,0.0;0.0;0.0;0.0;0.0
development,3449,receptor_ligand_only,4.84,4.37723772469718,0.0;0.0;0.0;0.0;0.0
development,3450,receptor_ligand_only,3.4,4.2250249797445205,0.0;0.0;0.0;0.0;0.0
development,3452,receptor_ligand_only,5.05,4.876769865796729,0.0;0.0;0.0;0.0;0.0
development,3453,receptor_ligand_only,4.69,3.8528222941778023,0.0;0.0;0.0;0.0;0.0
development,3455,receptor_ligand_only,5.58,4.439233449006711,0.0;0.0;0.0;0.0;0.0
development,3456,receptor_ligand_only,4.05,4.468568475963459,0.0;0.0;0.0;0.0;0.0
development,3457,receptor_ligand_only,4.72,4.283637598007498,0.0;0.0;0.0;0.0;0.0
development,3458,receptor_ligand_only,3.81,3.7761624665567384,0.0;0.0;0.0;0.0;0.0
development,3459,receptor_ligand_only,4.78,4.181116555647606,0.0;0.0;0.0;0.0;0.0
development,3460,receptor_ligand_only,2.67,4.069882513760554,0.0;0.0;0.0;0.0;0.0
development,3461,receptor_ligand_only,5.46,4.10522596041859,0.0;0.0;0.0;0.0;0.0
development,3462,receptor_ligand_only,4.79,3.9118324755788407,0.0;0.0;0.0;0.0;0.0
development,3463,receptor_ligand_only,5.17,3.8067427885473264,0.0;0.0;0.0;0.0;0.0
development,3464,receptor_ligand_only,2.67,3.8303785053365886,0.0;0.0;0.0;0.0;0.0
development,3466,receptor_ligand_only,4.55,4.752978243146876,0.0;0.0;0.0;0.0;0.0
development,3467,receptor_ligand_only,4.01,4.215062488797584,0.0;0.0;0.0;0.0;0.0
development,3468,receptor_ligand_only,2.67,3.7555464580687676,0.0;0.0;0.0;0.0;0.0
development,3470,receptor_ligand_only,4.5,4.50010735643526,0.0;0.0;0.0;0.0;0.0
development,3471,receptor_ligand_only,4.64,4.164144746129374,0.0;0.0;0.0;0.0;0.0
development,3472,receptor_ligand_only,6.26,4.826121274161007,0.0;0.0;0.0;0.0;0.0
development,3473,receptor_ligand_only,4.13,4.5813189379197246,0.0;0.0;0.0;0.0;0.0
development,3475,receptor_ligand_only,4.09,3.999539163111818,0.0;0.0;0.0;0.0;0.0
development,3476,receptor_ligand_only,5.07,3.824757132439963,0.0;0.0;0.0;0.0;0.0
development,3477,receptor_ligand_only,4.74,4.378953555780666,0.0;0.0;0.0;0.0;0.0
development,3478,receptor_ligand_only,2.94,4.407107086056749,0.0;0.0;0.0;0.0;0.0
development,3479,receptor_ligand_only,3.86,4.4562832971315105,0.0;0.0;0.0;0.0;0.0
development,3480,receptor_ligand_only,3.79,4.254765861644355,0.0;0.0;0.0;0.0;0.0
development,3481,receptor_ligand_only,4.21,3.800885402604864,0.0;0.0;0.0;0.0;0.0
development,3482,receptor_ligand_only,4.5,4.23081186419915,0.0;0.0;0.0;0.0;0.0
development,3483,receptor_ligand_only,4.72,3.5248128463458013,0.0;0.0;0.0;0.0;0.0
development,3484,receptor_ligand_only,1.76,4.140544890233088,0.0;0.0;0.0;0.0;0.0
development,3485,receptor_ligand_only,4.45,4.1037895870136865,0.0;0.0;0.0;0.0;0.0
development,3486,receptor_ligand_only,2.4,3.549588844397923,0.0;0.0;0.0;0.0;0.0
development,3487,receptor_ligand_only,5.34,4.52250607606589,0.0;0.0;0.0;0.0;0.0
development,3488,receptor_ligand_only,4.42,4.234229701025285,0.0;0.0;0.0;0.0;0.0
development,3489,receptor_ligand_only,4.94,4.52842813968074,0.0;0.0;0.0;0.0;0.0
development,3490,receptor_ligand_only,5.65,4.195706906509189,0.0;0.0;0.0;0.0;0.0
development,3491,receptor_ligand_only,4.66,4.538066568468869,0.0;0.0;0.0;0.0;0.0
development,3492,receptor_ligand_only,3.95,3.8570837822637274,0.0;0.0;0.0;0.0;0.0
development,3493,receptor_ligand_only,3.25,3.959177104579596,0.0;0.0;0.0;0.0;0.0
development,3494,receptor_ligand_only,4.89,4.786393589728529,0.0;0.0;0.0;0.0;0.0
development,3495,receptor_ligand_only,2.97,3.210757409233189,0.0;0.0;0.0;0.0;0.0
development,3496,receptor_ligand_only,5.67,4.297816721553431,0.0;0.0;0.0;0.0;0.0
development,3497,receptor_ligand_only,3.85,4.466151484704216,0.0;0.0;0.0;0.0;0.0
development,3499,receptor_ligand_only,3.14,3.6853822482807232,0.0;0.0;0.0;0.0;0.0
development,3501,receptor_ligand_only,4.81,4.360735900977278,0.0;0.0;0.0;0.0;0.0
development,3502,receptor_ligand_only,1.97,3.537575903748469,0.0;0.0;0.0;0.0;0.0
development,3503,receptor_ligand_only,4.85,3.8115896249790358,0.0;0.0;0.0;0.0;0.0
development,3506,receptor_ligand_only,3.79,4.521753854976982,0.0;0.0;0.0;0.0;0.0
development,3507,receptor_ligand_only,2.5,4.194700181555475,0.0;0.0;0.0;0.0;0.0
development,3508,receptor_ligand_only,3.28,3.713853956378963,0.0;0.0;0.0;0.0;0.0
development,3509,receptor_ligand_only,2.04,5.157518669586284,0.0;0.0;0.0;0.0;0.0
development,3510,receptor_ligand_only,5.12,3.902665519601638,0.0;0.0;0.0;0.0;0.0
development,3511,receptor_ligand_only,3.33,3.8854743742853772,0.0;0.0;0.0;0.0;0.0
development,3512,receptor_ligand_only,2.53,3.7937629716273236,0.0;0.0;0.0;0.0;0.0
development,3513,receptor_ligand_only,5.11,4.448767800943987,0.0;0.0;0.0;0.0;0.0
development,3514,receptor_ligand_only,4.79,4.416828712574974,0.0;0.0;0.0;0.0;0.0
development,3516,receptor_ligand_only,5.175,4.637266689600266,0.0;0.0;0.0;0.0;0.0
development,3520,receptor_ligand_only,3.88,5.161161430649508,0.0;0.0;0.0;0.0;0.0
development,3522,receptor_ligand_only,4.9,4.336595744612466,0.0;0.0;0.0;0.0;0.0
development,3523,receptor_ligand_only,4.64,4.635895506472407,0.0;0.0;0.0;0.0;0.0
development,3524,receptor_ligand_only,4.57,4.371493809917939,0.0;0.0;0.0;0.0;0.0
development,3525,receptor_ligand_only,2.88,4.099511931114154,0.0;0.0;0.0;0.0;0.0
development,3526,receptor_ligand_only,5.3,4.200421909554473,0.0;0.0;0.0;0.0;0.0
development,3527,receptor_ligand_only,5.1,4.331583134292986,0.0;0.0;0.0;0.0;0.0
development,3528,receptor_ligand_only,5.3,4.949883244798993,0.0;0.0;0.0;0.0;0.0
development,3529,receptor_ligand_only,5.01,4.30114465173558,0.0;0.0;0.0;0.0;0.0
development,3530,receptor_ligand_only,5.05,4.562684738780557,0.0;0.0;0.0;0.0;0.0
development,3531,receptor_ligand_only,5.19,3.739541940575669,0.0;0.0;0.0;0.0;0.0
development,3533,receptor_ligand_only,5.47,4.596057698300747,0.0;0.0;0.0;0.0;0.0
development,3534,receptor_ligand_only,4.25,4.451697681846647,0.0;0.0;0.0;0.0;0.0
development,3535,receptor_ligand_only,3.78,4.3662657170227455,0.0;0.0;0.0;0.0;0.0
development,3537,receptor_ligand_only,2.59,3.3046125388602032,0.0;0.0;0.0;0.0;0.0
development,3539,receptor_ligand_only,5.09,5.0076915951894865,0.0;0.0;0.0;0.0;0.0
development,3540,receptor_ligand_only,5.17,4.423368123294628,0.0;0.0;0.0;0.0;0.0
development,3541,receptor_ligand_only,4.28,4.542342829998683,0.0;0.0;0.0;0.0;0.0
development,3542,receptor_ligand_only,5.63,3.9657876369097185,0.0;0.0;0.0;0.0;0.0
development,3543,receptor_ligand_only,5.55,4.6425879571507,0.0;0.0;0.0;0.0;0.0
development,3544,receptor_ligand_only,4.54,4.28081094339823,0.0;0.0;0.0;0.0;0.0
development,3545,receptor_ligand_only,3.75,3.6225726912683727,0.0;0.0;0.0;0.0;0.0
development,3546,receptor_ligand_only,6.22,4.704491513405627,0.0;0.0;0.0;0.0;0.0
development,3548,receptor_ligand_only,4.28,4.495728659035795,0.0;0.0;0.0;0.0;0.0
development,3549,receptor_ligand_only,4.44,3.968142599798042,0.0;0.0;0.0;0.0;0.0
development,3550,receptor_ligand_only,2.49,3.4232198782727683,0.0;0.0;0.0;0.0;0.0
development,3551,receptor_ligand_only,4.9,3.962066975358179,0.0;0.0;0.0;0.0;0.0
development,3552,receptor_ligand_only,1.79,4.347067682330781,0.0;0.0;0.0;0.0;0.0
development,3553,receptor_ligand_only,4.15,4.461165569469435,0.0;0.0;0.0;0.0;0.0
development,3554,receptor_ligand_only,6.855,4.495182281053119,0.0;0.0;0.0;0.0;0.0
development,3555,receptor_ligand_only,4.94,5.183006445932877,0.0;0.0;0.0;0.0;0.0
development,3558,receptor_ligand_only,4.25,4.132482494052028,0.0;0.0;0.0;0.0;0.0
development,3561,receptor_ligand_only,2.79,3.117171499820749,0.0;0.0;0.0;0.0;0.0
development,3562,receptor_ligand_only,4.7,4.7129773238770385,0.0;0.0;0.0;0.0;0.0
development,3563,receptor_ligand_only,4.97,3.99925519257517,0.0;0.0;0.0;0.0;0.0
development,3564,receptor_ligand_only,5.925000000000001,4.36184574494931,0.0;0.0;0.0;0.0;0.0
development,3565,receptor_ligand_only,5.62,4.908816581723702,0.0;0.0;0.0;0.0;0.0
development,3568,receptor_ligand_only,2.2,3.4159277994879873,0.0;0.0;0.0;0.0;0.0
development,3569,receptor_ligand_only,5.85,4.451023243518656,0.0;0.0;0.0;0.0;0.0
development,3570,receptor_ligand_only,4.64,4.5808642106105575,0.0;0.0;0.0;0.0;0.0
development,3571,receptor_ligand_only,5.42,4.59958825961687,0.0;0.0;0.0;0.0;0.0
development,3572,receptor_ligand_only,1.89,4.88631451958599,0.0;0.0;0.0;0.0;0.0
development,3573,receptor_ligand_only,4.68,3.8673713662002296,0.0;0.0;0.0;0.0;0.0
development,3574,receptor_ligand_only,1.82,3.6315589158674286,0.0;0.0;0.0;0.0;0.0
development,3575,receptor_ligand_only,4.85,4.064593487796667,0.0;0.0;0.0;0.0;0.0
development,3576,receptor_ligand_only,1.78,4.661693310852072,0.0;0.0;0.0;0.0;0.0
development,3577,receptor_ligand_only,3.58,3.842488979557717,0.0;0.0;0.0;0.0;0.0
development,3578,receptor_ligand_only,4.82,4.557672707135509,0.0;0.0;0.0;0.0;0.0
development,3579,receptor_ligand_only,5.02,4.328073763862604,0.0;0.0;0.0;0.0;0.0
development,3580,receptor_ligand_only,5.11,4.753811438933258,0.0;0.0;0.0;0.0;0.0
development,3581,receptor_ligand_only,4.71,4.545331715292346,0.0;0.0;0.0;0.0;0.0
development,3582,receptor_ligand_only,2.28,3.828744367352283,0.0;0.0;0.0;0.0;0.0
development,3583,receptor_ligand_only,4.42,4.146403117033265,0.0;0.0;0.0;0.0;0.0
development,3584,receptor_ligand_only,3.28,4.113433826128195,0.0;0.0;0.0;0.0;0.0
development,3585,receptor_ligand_only,3.68,3.9438927046466614,0.0;0.0;0.0;0.0;0.0
development,3586,receptor_ligand_only,5.04,5.314905244015126,0.0;0.0;0.0;0.0;0.0
development,3587,receptor_ligand_only,4.82,4.786236461777727,0.0;0.0;0.0;0.0;0.0
development,3588,receptor_ligand_only,2.54,3.78439398181804,0.0;0.0;0.0;0.0;0.0
development,3589,receptor_ligand_only,2.97,4.012451141356374,0.0;0.0;0.0;0.0;0.0
development,3590,receptor_ligand_only,5.76,4.470052203986638,0.0;0.0;0.0;0.0;0.0
development,3591,receptor_ligand_only,5.15,3.9644667383403647,0.0;0.0;0.0;0.0;0.0
development,3593,receptor_ligand_only,2.02,3.351599008230745,0.0;0.0;0.0;0.0;0.0
development,3594,receptor_ligand_only,5.66,4.423029208038798,0.0;0.0;0.0;0.0;0.0
development,3596,receptor_ligand_only,2.01,3.0923666051710184,0.0;0.0;0.0;0.0;0.0
development,3597,receptor_ligand_only,5.09,4.637628665223385,0.0;0.0;0.0;0.0;0.0
development,3598,receptor_ligand_only,2.18,3.9948716214560687,0.0;0.0;0.0;0.0;0.0
development,3599,receptor_ligand_only,3.0,4.279569241282083,0.0;0.0;0.0;0.0;0.0
development,3600,receptor_ligand_only,2.2,3.84131836990181,0.0;0.0;0.0;0.0;0.0
development,3601,receptor_ligand_only,5.01,4.277747485177507,0.0;0.0;0.0;0.0;0.0
development,3602,receptor_ligand_only,4.47,3.9867570563567947,0.0;0.0;0.0;0.0;0.0
development,3604,receptor_ligand_only,4.23,4.392689924934294,0.0;0.0;0.0;0.0;0.0
development,3607,receptor_ligand_only,2.57,4.10037229071102,0.0;0.0;0.0;0.0;0.0
development,3610,receptor_ligand_only,4.87,5.107562317188739,0.0;0.0;0.0;0.0;0.0
development,3611,receptor_ligand_only,4.57,4.565221034680821,0.0;0.0;0.0;0.0;0.0
development,3612,receptor_ligand_only,5.42,4.112010117667632,0.0;0.0;0.0;0.0;0.0
development,3613,receptor_ligand_only,5.54,4.3906282080349115,0.0;0.0;0.0;0.0;0.0
development,3615,receptor_ligand_only,4.4,4.326317385542352,0.0;0.0;0.0;0.0;0.0
development,3616,receptor_ligand_only,4.54,3.994669922507049,0.0;0.0;0.0;0.0;0.0
development,3617,receptor_ligand_only,2.37,3.347509508063321,0.0;0.0;0.0;0.0;0.0
development,3618,receptor_ligand_only,5.24,4.175277125442677,0.0;0.0;0.0;0.0;0.0
development,3619,receptor_ligand_only,4.82,4.06666443640283,0.0;0.0;0.0;0.0;0.0
development,3620,receptor_ligand_only,4.7,3.8594064025269934,0.0;0.0;0.0;0.0;0.0
development,3621,receptor_ligand_only,4.7,4.371589935419947,0.0;0.0;0.0;0.0;0.0
development,3622,receptor_ligand_only,2.91,3.9166354890512145,0.0;0.0;0.0;0.0;0.0
development,3625,receptor_ligand_only,5.38,4.165183392567873,0.0;0.0;0.0;0.0;0.0
development,3626,receptor_ligand_only,5.76,4.525746876226315,0.0;0.0;0.0;0.0;0.0
development,3627,receptor_ligand_only,5.404999999999999,4.30368056852409,0.0;0.0;0.0;0.0;0.0
development,3628,receptor_ligand_only,4.43,4.644010006455361,0.0;0.0;0.0;0.0;0.0
development,3629,receptor_ligand_only,2.05,3.8141814521437167,0.0;0.0;0.0;0.0;0.0
development,3630,receptor_ligand_only,5.58,4.64893352751958,0.0;0.0;0.0;0.0;0.0
development,3631,receptor_ligand_only,4.16,3.9152023092484245,0.0;0.0;0.0;0.0;0.0
development,3633,receptor_ligand_only,4.73,4.061642479145877,0.0;0.0;0.0;0.0;0.0
development,3637,receptor_ligand_only,5.45,4.146056358390441,0.0;0.0;0.0;0.0;0.0
development,3638,receptor_ligand_only,4.78,4.745965440557222,0.0;0.0;0.0;0.0;0.0
development,3639,receptor_ligand_only,5.61,3.95451248522247,0.0;0.0;0.0;0.0;0.0
development,3640,receptor_ligand_only,2.61,3.39335991824999,0.0;0.0;0.0;0.0;0.0
development,3641,receptor_ligand_only,4.65,4.469077321572618,0.0;0.0;0.0;0.0;0.0
development,3642,receptor_ligand_only,5.46,4.199980617215822,0.0;0.0;0.0;0.0;0.0
development,3643,receptor_ligand_only,2.69,3.540882675711622,0.0;0.0;0.0;0.0;0.0
development,3644,receptor_ligand_only,4.47,4.111997455899422,0.0;0.0;0.0;0.0;0.0
development,3645,receptor_ligand_only,3.5,4.17669448179622,0.0;0.0;0.0;0.0;0.0
development,3646,receptor_ligand_only,4.85,4.267412729282429,0.0;0.0;0.0;0.0;0.0
development,3647,receptor_ligand_only,4.91,4.121769706047773,0.0;0.0;0.0;0.0;0.0
development,3648,receptor_ligand_only,3.21,3.891456040274631,0.0;0.0;0.0;0.0;0.0
development,3649,receptor_ligand_only,6.12,5.342739786343334,0.0;0.0;0.0;0.0;0.0
development,3650,receptor_ligand_only,4.53,4.788900158899295,0.0;0.0;0.0;0.0;0.0
development,3651,receptor_ligand_only,1.89,4.8102359168528395,0.0;0.0;0.0;0.0;0.0
development,3652,receptor_ligand_only,5.09,4.143154034836464,0.0;0.0;0.0;0.0;0.0
development,3653,receptor_ligand_only,4.1,4.883825701912976,0.0;0.0;0.0;0.0;0.0
development,3654,receptor_ligand_only,4.87,4.697902798536225,0.0;0.0;0.0;0.0;0.0
development,3655,receptor_ligand_only,1.81,4.571903310962576,0.0;0.0;0.0;0.0;0.0
development,3657,receptor_ligand_only,1.81,4.5429984207825145,0.0;0.0;0.0;0.0;0.0
development,3658,receptor_ligand_only,5.83,4.861469069852909,0.0;0.0;0.0;0.0;0.0
development,3659,receptor_ligand_only,3.94,4.1576672676303,0.0;0.0;0.0;0.0;0.0
development,3660,receptor_ligand_only,2.54,4.286038411646321,0.0;0.0;0.0;0.0;0.0
development,3661,receptor_ligand_only,4.83,4.368405238081194,0.0;0.0;0.0;0.0;0.0
development,3663,receptor_ligand_only,3.73,5.487491299913922,0.0;0.0;0.0;0.0;0.0
development,3664,receptor_ligand_only,4.39,3.951597705087404,0.0;0.0;0.0;0.0;0.0
development,3665,receptor_ligand_only,5.25,4.0391779831504575,0.0;0.0;0.0;0.0;0.0
development,3666,receptor_ligand_only,5.84,4.520777867557689,0.0;0.0;0.0;0.0;0.0
development,3668,receptor_ligand_only,3.35,3.8111051193600907,0.0;0.0;0.0;0.0;0.0
development,3670,receptor_ligand_only,5.32,4.887962245810332,0.0;0.0;0.0;0.0;0.0
development,3671,receptor_ligand_only,4.3,4.35802097742507,0.0;0.0;0.0;0.0;0.0
development,3672,receptor_ligand_only,3.94,4.2781066100869625,0.0;0.0;0.0;0.0;0.0
development,3674,receptor_ligand_only,5.23,3.7842199229465714,0.0;0.0;0.0;0.0;0.0
development,3675,receptor_ligand_only,4.68,3.8778581337690357,0.0;0.0;0.0;0.0;0.0
development,3676,receptor_ligand_only,5.4,4.921899610102625,0.0;0.0;0.0;0.0;0.0
development,3677,receptor_ligand_only,4.46,5.897760777425349,0.0;0.0;0.0;0.0;0.0
development,3678,receptor_ligand_only,5.17,4.200335198260136,0.0;0.0;0.0;0.0;0.0
development,3679,receptor_ligand_only,4.76,4.977315296903317,0.0;0.0;0.0;0.0;0.0
development,3681,receptor_ligand_only,5.01,4.451998833784008,0.0;0.0;0.0;0.0;0.0
development,3682,receptor_ligand_only,2.12,4.181829108247669,0.0;0.0;0.0;0.0;0.0
development,3683,receptor_ligand_only,4.04,4.31992278093577,0.0;0.0;0.0;0.0;0.0
development,3684,receptor_ligand_only,3.69,3.8366969637643127,0.0;0.0;0.0;0.0;0.0
development,3685,receptor_ligand_only,4.99,4.148407283337179,0.0;0.0;0.0;0.0;0.0
development,3687,receptor_ligand_only,5.89,4.71952162263652,0.0;0.0;0.0;0.0;0.0
development,3688,receptor_ligand_only,4.57,5.233363117650463,0.0;0.0;0.0;0.0;0.0
development,3689,receptor_ligand_only,2.05,4.334766947869556,0.0;0.0;0.0;0.0;0.0
development,3690,receptor_ligand_only,3.33,4.206557089262186,0.0;0.0;0.0;0.0;0.0
development,3691,receptor_ligand_only,5.45,3.790587978280138,0.0;0.0;0.0;0.0;0.0
development,3692,receptor_ligand_only,5.17,3.716784377803767,0.0;0.0;0.0;0.0;0.0
development,3693,receptor_ligand_only,5.52,4.760432100861657,0.0;0.0;0.0;0.0;0.0
development,3694,receptor_ligand_only,3.31,3.572714980186378,0.0;0.0;0.0;0.0;0.0
development,3695,receptor_ligand_only,4.91,4.577608050958435,0.0;0.0;0.0;0.0;0.0
development,3696,receptor_ligand_only,4.95,3.7460537082708676,0.0;0.0;0.0;0.0;0.0
development,3697,receptor_ligand_only,5.68,4.531500922565301,0.0;0.0;0.0;0.0;0.0
development,3698,receptor_ligand_only,2.92,5.398786450409835,0.0;0.0;0.0;0.0;0.0
development,3700,receptor_ligand_only,4.92,4.477727967966829,0.0;0.0;0.0;0.0;0.0
development,3701,receptor_ligand_only,5.01,4.586309630236328,0.0;0.0;0.0;0.0;0.0
development,3702,receptor_ligand_only,1.86,3.523125913078408,0.0;0.0;0.0;0.0;0.0
development,3703,receptor_ligand_only,2.08,4.156416733717982,0.0;0.0;0.0;0.0;0.0
development,3704,receptor_ligand_only,5.12,4.640874796321595,0.0;0.0;0.0;0.0;0.0
development,3706,receptor_ligand_only,3.39,3.76332043584281,0.0;0.0;0.0;0.0;0.0
development,3708,receptor_ligand_only,5.29,4.284997781592495,0.0;0.0;0.0;0.0;0.0
development,3709,receptor_ligand_only,2.51,4.2782462176784755,0.0;0.0;0.0;0.0;0.0
development,3711,receptor_ligand_only,1.89,4.044636597618696,0.0;0.0;0.0;0.0;0.0
development,3712,receptor_ligand_only,5.88,5.299082760417155,0.0;0.0;0.0;0.0;0.0
development,3713,receptor_ligand_only,5.05,5.26743951299,0.0;0.0;0.0;0.0;0.0
development,3714,receptor_ligand_only,5.32,4.012800098412572,0.0;0.0;0.0;0.0;0.0
development,3715,receptor_ligand_only,4.12,4.103277272485747,0.0;0.0;0.0;0.0;0.0
development,3716,receptor_ligand_only,5.2,5.092162557274764,0.0;0.0;0.0;0.0;0.0
development,3717,receptor_ligand_only,4.81,4.400883324998342,0.0;0.0;0.0;0.0;0.0
development,3718,receptor_ligand_only,3.97,4.069528535294687,0.0;0.0;0.0;0.0;0.0
development,3719,receptor_ligand_only,3.56,4.439319049296586,0.0;0.0;0.0;0.0;0.0
development,3720,receptor_ligand_only,5.13,3.9047794977302934,0.0;0.0;0.0;0.0;0.0
development,3722,receptor_ligand_only,1.7,3.9207258375709735,0.0;0.0;0.0;0.0;0.0
development,3723,receptor_ligand_only,4.01,4.398623477832527,0.0;0.0;0.0;0.0;0.0
development,3724,receptor_ligand_only,4.97,4.162997864526309,0.0;0.0;0.0;0.0;0.0
development,3725,receptor_ligand_only,4.95,4.4901682040408915,0.0;0.0;0.0;0.0;0.0
development,3726,receptor_ligand_only,3.27,4.169483158809367,0.0;0.0;0.0;0.0;0.0
development,3727,receptor_ligand_only,2.07,3.3929041637535033,0.0;0.0;0.0;0.0;0.0
development,3728,receptor_ligand_only,4.85,4.129222038444417,0.0;0.0;0.0;0.0;0.0
development,3729,receptor_ligand_only,5.18,4.240966614420216,0.0;0.0;0.0;0.0;0.0
development,3730,receptor_ligand_only,5.25,4.511844173925904,0.0;0.0;0.0;0.0;0.0
development,3731,receptor_ligand_only,4.97,4.69121495012353,0.0;0.0;0.0;0.0;0.0
development,3732,receptor_ligand_only,4.88,4.132095542866947,0.0;0.0;0.0;0.0;0.0
development,3733,receptor_ligand_only,1.8,4.446553643746311,0.0;0.0;0.0;0.0;0.0
development,3734,receptor_ligand_only,4.08,4.1031726681162946,0.0;0.0;0.0;0.0;0.0
development,3735,receptor_ligand_only,5.029999999999999,4.4846516140769985,0.0;0.0;0.0;0.0;0.0
development,3736,receptor_ligand_only,4.56,4.88281845609287,0.0;0.0;0.0;0.0;0.0
development,3737,receptor_ligand_only,5.22,4.400811748899378,0.0;0.0;0.0;0.0;0.0
development,3738,receptor_ligand_only,4.84,4.251598179628207,0.0;0.0;0.0;0.0;0.0
development,3739,receptor_ligand_only,2.89,4.439400468851891,0.0;0.0;0.0;0.0;0.0
development,3740,receptor_ligand_only,4.55,4.337846552979664,0.0;0.0;0.0;0.0;0.0
development,3741,receptor_ligand_only,5.47,4.07711369808222,0.0;0.0;0.0;0.0;0.0
development,3742,receptor_ligand_only,1.8,3.638947756369501,0.0;0.0;0.0;0.0;0.0
development,3744,receptor_ligand_only,4.49,4.037555883181093,0.0;0.0;0.0;0.0;0.0
development,3745,receptor_ligand_only,5.21,3.9434034230505346,0.0;0.0;0.0;0.0;0.0
development,3748,receptor_ligand_only,3.53,3.4189481921670177,0.0;0.0;0.0;0.0;0.0
development,3749,receptor_ligand_only,5.83,4.628359166743405,0.0;0.0;0.0;0.0;0.0
development,3750,receptor_ligand_only,4.35,3.783047634646278,0.0;0.0;0.0;0.0;0.0
development,3751,receptor_ligand_only,5.11,4.148654710946429,0.0;0.0;0.0;0.0;0.0
development,3754,receptor_ligand_only,5.27,4.8287445454732625,0.0;0.0;0.0;0.0;0.0
development,3756,receptor_ligand_only,2.38,3.318246653418632,0.0;0.0;0.0;0.0;0.0
development,3758,receptor_ligand_only,4.93,4.1759621142207,0.0;0.0;0.0;0.0;0.0
development,3759,receptor_ligand_only,4.89,4.362871145577372,0.0;0.0;0.0;0.0;0.0
development,3760,receptor_ligand_only,4.6,4.862037122774165,0.0;0.0;0.0;0.0;0.0
development,3761,receptor_ligand_only,5.46,6.476619278411025,0.0;0.0;0.0;0.0;0.0
development,3763,receptor_ligand_only,4.47,4.275234696097197,0.0;0.0;0.0;0.0;0.0
development,3764,receptor_ligand_only,4.41,4.0401027477096605,0.0;0.0;0.0;0.0;0.0
development,3765,receptor_ligand_only,5.09,4.216544446937237,0.0;0.0;0.0;0.0;0.0
development,3766,receptor_ligand_only,4.63,4.020014917257628,0.0;0.0;0.0;0.0;0.0
development,3767,receptor_ligand_only,4.64,4.4091933187501375,0.0;0.0;0.0;0.0;0.0
development,3768,receptor_ligand_only,4.63,4.3649462780398505,0.0;0.0;0.0;0.0;0.0
development,3769,receptor_ligand_only,5.02,4.386671896641347,0.0;0.0;0.0;0.0;0.0
development,3770,receptor_ligand_only,5.28,4.580416493521097,0.0;0.0;0.0;0.0;0.0
development,3771,receptor_ligand_only,3.1100000000000003,4.860109373507331,0.0;0.0;0.0;0.0;0.0
development,3772,receptor_ligand_only,5.41,4.323849355620826,0.0;0.0;0.0;0.0;0.0
development,3774,receptor_ligand_only,5.57,4.362761247551906,0.0;0.0;0.0;0.0;0.0
development,3775,receptor_ligand_only,5.5,3.977488776618515,0.0;0.0;0.0;0.0;0.0
development,3776,receptor_ligand_only,2.11,3.9324163030656063,0.0;0.0;0.0;0.0;0.0
development,3777,receptor_ligand_only,1.8,4.174925381616177,0.0;0.0;0.0;0.0;0.0
development,3780,receptor_ligand_only,5.19,3.643200189309408,0.0;0.0;0.0;0.0;0.0
development,3781,receptor_ligand_only,2.64,4.490025114330489,0.0;0.0;0.0;0.0;0.0
development,3783,receptor_ligand_only,4.63,4.327589513307526,0.0;0.0;0.0;0.0;0.0
development,3784,receptor_ligand_only,4.57,5.2688041324208985,0.0;0.0;0.0;0.0;0.0
development,3786,receptor_ligand_only,5.19,4.3559897126908105,0.0;0.0;0.0;0.0;0.0
development,3787,receptor_ligand_only,3.67,4.120576321446975,0.0;0.0;0.0;0.0;0.0
development,3788,receptor_ligand_only,4.41,4.33119667991814,0.0;0.0;0.0;0.0;0.0
development,3789,receptor_ligand_only,3.89,4.465216649994989,0.0;0.0;0.0;0.0;0.0
development,3790,receptor_ligand_only,4.85,4.418482034720841,0.0;0.0;0.0;0.0;0.0
development,3791,receptor_ligand_only,4.19,4.49534952565635,0.0;0.0;0.0;0.0;0.0
development,3793,receptor_ligand_only,2.42,5.0507548192779534,0.0;0.0;0.0;0.0;0.0
development,3794,receptor_ligand_only,5.22,4.55219940811542,0.0;0.0;0.0;0.0;0.0
development,3795,receptor_ligand_only,4.19,3.9954794068792907,0.0;0.0;0.0;0.0;0.0
development,3797,receptor_ligand_only,4.39,4.428781120665081,0.0;0.0;0.0;0.0;0.0
development,3798,receptor_ligand_only,3.76,4.583889970277408,0.0;0.0;0.0;0.0;0.0
development,3799,receptor_ligand_only,2.02,3.3766286402604866,0.0;0.0;0.0;0.0;0.0
development,3801,receptor_ligand_only,4.98,4.838992452610819,0.0;0.0;0.0;0.0;0.0
development,3803,receptor_ligand_only,5.2,5.177635025967118,0.0;0.0;0.0;0.0;0.0
development,3804,receptor_ligand_only,4.81,4.355704751269892,0.0;0.0;0.0;0.0;0.0
development,3806,receptor_ligand_only,4.79,4.563081970741998,0.0;0.0;0.0;0.0;0.0
development,3807,receptor_ligand_only,4.53,3.840884935278453,0.0;0.0;0.0;0.0;0.0
development,3808,receptor_ligand_only,5.28,4.244420816743021,0.0;0.0;0.0;0.0;0.0
development,3809,receptor_ligand_only,4.78,4.560313419041046,0.0;0.0;0.0;0.0;0.0
development,3811,receptor_ligand_only,4.5,4.192649460969625,0.0;0.0;0.0;0.0;0.0
development,3812,receptor_ligand_only,4.48,4.836081895162048,0.0;0.0;0.0;0.0;0.0
development,3813,receptor_ligand_only,3.63,3.8598236781854305,0.0;0.0;0.0;0.0;0.0
development,3814,receptor_ligand_only,1.87,4.015384834872517,0.0;0.0;0.0;0.0;0.0
development,3815,receptor_ligand_only,4.76,4.239449134736159,0.0;0.0;0.0;0.0;0.0
development,3816,receptor_ligand_only,4.46,4.992803450868778,0.0;0.0;0.0;0.0;0.0
development,3817,receptor_ligand_only,2.94,3.732990991836841,0.0;0.0;0.0;0.0;0.0
development,3818,receptor_ligand_only,5.12,4.658725898100032,0.0;0.0;0.0;0.0;0.0
development,3819,receptor_ligand_only,4.4,4.307830264797523,0.0;0.0;0.0;0.0;0.0
development,3820,receptor_ligand_only,5.18,4.2119393755301635,0.0;0.0;0.0;0.0;0.0
development,3821,receptor_ligand_only,1.77,3.8656840059307185,0.0;0.0;0.0;0.0;0.0
development,3823,receptor_ligand_only,4.87,4.4633224492526065,0.0;0.0;0.0;0.0;0.0
development,3824,receptor_ligand_only,4.4,4.414719669739875,0.0;0.0;0.0;0.0;0.0
development,3827,receptor_ligand_only,5.32,4.903637800887653,0.0;0.0;0.0;0.0;0.0
development,3828,receptor_ligand_only,2.51,3.777761769646465,0.0;0.0;0.0;0.0;0.0
development,3829,receptor_ligand_only,4.43,4.21743218376682,0.0;0.0;0.0;0.0;0.0
development,3830,receptor_ligand_only,3.73,4.045610245625127,0.0;0.0;0.0;0.0;0.0
development,3831,receptor_ligand_only,3.03,4.250969725347752,0.0;0.0;0.0;0.0;0.0
development,3832,receptor_ligand_only,2.01,3.195014199177864,0.0;0.0;0.0;0.0;0.0
development,3833,receptor_ligand_only,5.22,4.313681164794525,0.0;0.0;0.0;0.0;0.0
development,3834,receptor_ligand_only,4.26,4.278105678985021,0.0;0.0;0.0;0.0;0.0
development,3836,receptor_ligand_only,2.97,3.874867934862325,0.0;0.0;0.0;0.0;0.0
development,3837,receptor_ligand_only,5.07,4.033463744340727,0.0;0.0;0.0;0.0;0.0
development,3838,receptor_ligand_only,5.22,4.425905455474819,0.0;0.0;0.0;0.0;0.0
development,3839,receptor_ligand_only,5.26,3.880893107400399,0.0;0.0;0.0;0.0;0.0
development,3840,receptor_ligand_only,4.36,4.5268078289937055,0.0;0.0;0.0;0.0;0.0
development,3842,receptor_ligand_only,5.6,3.9837543604905816,0.0;0.0;0.0;0.0;0.0
development,3844,receptor_ligand_only,5.48,4.445958647562221,0.0;0.0;0.0;0.0;0.0
development,3845,receptor_ligand_only,5.02,4.760019533422609,0.0;0.0;0.0;0.0;0.0
development,3846,receptor_ligand_only,4.19,4.048760736079631,0.0;0.0;0.0;0.0;0.0
development,3848,receptor_ligand_only,4.4,5.0100360101649235,0.0;0.0;0.0;0.0;0.0
development,3849,receptor_ligand_only,4.08,3.963722629415694,0.0;0.0;0.0;0.0;0.0
development,3850,receptor_ligand_only,4.69,4.601983103807252,0.0;0.0;0.0;0.0;0.0
development,3851,receptor_ligand_only,4.29,3.8383727228309787,0.0;0.0;0.0;0.0;0.0
development,3852,receptor_ligand_only,5.35,4.3215802579535945,0.0;0.0;0.0;0.0;0.0
development,3853,receptor_ligand_only,2.54,4.176482105395776,0.0;0.0;0.0;0.0;0.0
development,3854,receptor_ligand_only,5.8100000000000005,4.812569901428919,0.0;0.0;0.0;0.0;0.0
development,3855,receptor_ligand_only,2.37,3.9967861741780117,0.0;0.0;0.0;0.0;0.0
development,3856,receptor_ligand_only,5.59,4.99715302094309,0.0;0.0;0.0;0.0;0.0
development,3857,receptor_ligand_only,3.11,3.946168941708204,0.0;0.0;0.0;0.0;0.0
development,3858,receptor_ligand_only,4.94,4.222829074574132,0.0;0.0;0.0;0.0;0.0
development,3859,receptor_ligand_only,1.92,3.645855781377631,0.0;0.0;0.0;0.0;0.0
development,3860,receptor_ligand_only,1.99,4.84893317478307,0.0;0.0;0.0;0.0;0.0
development,3862,receptor_ligand_only,5.17,4.712202815510412,0.0;0.0;0.0;0.0;0.0
development,3863,receptor_ligand_only,4.26,4.6745462697826365,0.0;0.0;0.0;0.0;0.0
development,3865,receptor_ligand_only,1.87,3.5415823373158233,0.0;0.0;0.0;0.0;0.0
development,3866,receptor_ligand_only,4.18,4.593590891425142,0.0;0.0;0.0;0.0;0.0
development,3867,receptor_ligand_only,5.09,5.472383956508358,0.0;0.0;0.0;0.0;0.0
development,3869,receptor_ligand_only,4.4,4.5944588757737295,0.0;0.0;0.0;0.0;0.0
development,3871,receptor_ligand_only,4.38,4.814126473754026,0.0;0.0;0.0;0.0;0.0
development,3873,receptor_ligand_only,4.8,4.1423979252863115,0.0;0.0;0.0;0.0;0.0
development,3876,receptor_ligand_only,5.21,4.808983922422963,0.0;0.0;0.0;0.0;0.0
development,3877,receptor_ligand_only,6.46,4.842035257468659,0.0;0.0;0.0;0.0;0.0
development,3878,receptor_ligand_only,5.7,4.451673298110508,0.0;0.0;0.0;0.0;0.0
development,3879,receptor_ligand_only,3.53,4.474151506297985,0.0;0.0;0.0;0.0;0.0
development,3880,receptor_ligand_only,4.08,4.047792142499281,0.0;0.0;0.0;0.0;0.0
development,3881,receptor_ligand_only,4.66,4.1359143878282785,0.0;0.0;0.0;0.0;0.0
development,3882,receptor_ligand_only,5.555,4.777198055987804,0.0;0.0;0.0;0.0;0.0
development,3883,receptor_ligand_only,4.77,4.6231929948163675,0.0;0.0;0.0;0.0;0.0
development,3884,receptor_ligand_only,2.54,4.180261280781565,0.0;0.0;0.0;0.0;0.0
development,3885,receptor_ligand_only,5.28,4.278520938475017,0.0;0.0;0.0;0.0;0.0
development,3886,receptor_ligand_only,3.0,4.098770122448035,0.0;0.0;0.0;0.0;0.0
development,3887,receptor_ligand_only,3.87,3.902438612138875,0.0;0.0;0.0;0.0;0.0
development,3888,receptor_ligand_only,5.23,4.003629283934284,0.0;0.0;0.0;0.0;0.0
development,3889,receptor_ligand_only,4.89,4.050914429929051,0.0;0.0;0.0;0.0;0.0
development,3890,receptor_ligand_only,5.53,4.2093750853898975,0.0;0.0;0.0;0.0;0.0
development,3892,receptor_ligand_only,1.74,4.94915589929056,0.0;0.0;0.0;0.0;0.0
development,3893,receptor_ligand_only,3.9,4.428616029559267,0.0;0.0;0.0;0.0;0.0
development,3894,receptor_ligand_only,5.6,4.5254343609903245,0.0;0.0;0.0;0.0;0.0
development,3895,receptor_ligand_only,2.32,4.0633396591586255,0.0;0.0;0.0;0.0;0.0
development,3896,receptor_ligand_only,4.51,4.144838175755445,0.0;0.0;0.0;0.0;0.0
development,3897,receptor_ligand_only,3.0,4.026005849718601,0.0;0.0;0.0;0.0;0.0
development,3898,receptor_ligand_only,3.9,4.230163519319059,0.0;0.0;0.0;0.0;0.0
development,3899,receptor_ligand_only,4.2,4.139163310316997,0.0;0.0;0.0;0.0;0.0
development,3900,receptor_ligand_only,4.95,5.074366242512842,0.0;0.0;0.0;0.0;0.0
development,3901,receptor_ligand_only,4.04,3.897529622247444,0.0;0.0;0.0;0.0;0.0
development,3902,receptor_ligand_only,4.12,4.566593492682933,0.0;0.0;0.0;0.0;0.0
development,3903,receptor_ligand_only,4.92,5.455496062837487,0.0;0.0;0.0;0.0;0.0
development,3904,receptor_ligand_only,4.58,4.453437993300883,0.0;0.0;0.0;0.0;0.0
development,3905,receptor_ligand_only,5.2,4.187691834550922,0.0;0.0;0.0;0.0;0.0
development,3906,receptor_ligand_only,2.62,3.860775944692868,0.0;0.0;0.0;0.0;0.0
development,3907,receptor_ligand_only,1.98,3.566836105320791,0.0;0.0;0.0;0.0;0.0
development,3908,receptor_ligand_only,3.97,4.2213941266887325,0.0;0.0;0.0;0.0;0.0
development,3909,receptor_ligand_only,4.7,4.496421562912609,0.0;0.0;0.0;0.0;0.0
development,3911,receptor_ligand_only,5.2,4.564273544359284,0.0;0.0;0.0;0.0;0.0
development,3912,receptor_ligand_only,4.57,4.47364025141298,0.0;0.0;0.0;0.0;0.0
development,3913,receptor_ligand_only,2.51,3.5194938662489914,0.0;0.0;0.0;0.0;0.0
development,3915,receptor_ligand_only,2.97,3.9715406315418678,0.0;0.0;0.0;0.0;0.0
development,3916,receptor_ligand_only,1.79,4.717566248923591,0.0;0.0;0.0;0.0;0.0
development,3917,receptor_ligand_only,5.35,4.304257656010966,0.0;0.0;0.0;0.0;0.0
development,3918,receptor_ligand_only,3.23,3.852655283143488,0.0;0.0;0.0;0.0;0.0
development,3919,receptor_ligand_only,4.5,4.163030232146561,0.0;0.0;0.0;0.0;0.0
development,3920,receptor_ligand_only,1.73,4.814996879842647,0.0;0.0;0.0;0.0;0.0
development,3921,receptor_ligand_only,4.58,4.337449850111675,0.0;0.0;0.0;0.0;0.0
development,3922,receptor_ligand_only,2.88,3.8816339115977994,0.0;0.0;0.0;0.0;0.0
development,3923,receptor_ligand_only,3.19,3.9300197025901733,0.0;0.0;0.0;0.0;0.0
development,3924,receptor_ligand_only,5.29,4.578965560049642,0.0;0.0;0.0;0.0;0.0
development,3925,receptor_ligand_only,1.75,3.8202971150813307,0.0;0.0;0.0;0.0;0.0
development,3926,receptor_ligand_only,2.36,4.085257509531894,0.0;0.0;0.0;0.0;0.0
development,3928,receptor_ligand_only,6.015000000000001,4.724267754381184,0.0;0.0;0.0;0.0;0.0
development,3930,receptor_ligand_only,4.57,3.965018201552573,0.0;0.0;0.0;0.0;0.0
development,3933,receptor_ligand_only,4.65,4.65120813067669,0.0;0.0;0.0;0.0;0.0
development,3934,receptor_ligand_only,2.76,3.9841718821035945,0.0;0.0;0.0;0.0;0.0
development,3935,receptor_ligand_only,4.13,4.2511864873774465,0.0;0.0;0.0;0.0;0.0
development,3936,receptor_ligand_only,5.0,4.515184527061024,0.0;0.0;0.0;0.0;0.0
development,3937,receptor_ligand_only,5.55,5.369654400034442,0.0;0.0;0.0;0.0;0.0
development,3938,receptor_ligand_only,3.96,4.01683983326747,0.0;0.0;0.0;0.0;0.0
development,3939,receptor_ligand_only,1.77,3.9978870275184377,0.0;0.0;0.0;0.0;0.0
development,3940,receptor_ligand_only,5.16,4.409823919359487,0.0;0.0;0.0;0.0;0.0
development,3941,receptor_ligand_only,5.83,4.571235275946063,0.0;0.0;0.0;0.0;0.0
development,3942,receptor_ligand_only,4.78,4.063855546507988,0.0;0.0;0.0;0.0;0.0
development,3944,receptor_ligand_only,5.04,4.202505698652019,0.0;0.0;0.0;0.0;0.0
development,3945,receptor_ligand_only,2.61,3.1831046361363073,0.0;0.0;0.0;0.0;0.0
development,3946,receptor_ligand_only,4.72,4.341223099675707,0.0;0.0;0.0;0.0;0.0
development,3948,receptor_ligand_only,5.04,3.7625922901042683,0.0;0.0;0.0;0.0;0.0
development,3949,receptor_ligand_only,4.11,4.025324446918309,0.0;0.0;0.0;0.0;0.0
development,3950,receptor_ligand_only,5.41,5.446196721118067,0.0;0.0;0.0;0.0;0.0
development,3951,receptor_ligand_only,3.43,3.8822791079635035,0.0;0.0;0.0;0.0;0.0
development,3952,receptor_ligand_only,4.95,4.649332437194951,0.0;0.0;0.0;0.0;0.0
development,3953,receptor_ligand_only,2.26,4.436250302605974,0.0;0.0;0.0;0.0;0.0
development,3955,receptor_ligand_only,4.67,4.542178233163597,0.0;0.0;0.0;0.0;0.0
development,3956,receptor_ligand_only,4.5,4.331426619262487,0.0;0.0;0.0;0.0;0.0
development,3957,receptor_ligand_only,4.93,4.278225359159477,0.0;0.0;0.0;0.0;0.0
development,3958,receptor_ligand_only,3.58,4.30096984535021,0.0;0.0;0.0;0.0;0.0
development,3959,receptor_ligand_only,6.140000000000001,4.446429429359398,0.0;0.0;0.0;0.0;0.0
development,3960,receptor_ligand_only,5.05,4.39549919097619,0.0;0.0;0.0;0.0;0.0
development,3961,receptor_ligand_only,4.18,4.424802058879205,0.0;0.0;0.0;0.0;0.0
development,3962,receptor_ligand_only,3.62,3.857753180222433,0.0;0.0;0.0;0.0;0.0
development,3963,receptor_ligand_only,4.15,4.275279040330206,0.0;0.0;0.0;0.0;0.0
development,3964,receptor_ligand_only,4.88,4.3192657884520065,0.0;0.0;0.0;0.0;0.0
development,3965,receptor_ligand_only,4.52,3.757298565954894,0.0;0.0;0.0;0.0;0.0
development,3966,receptor_ligand_only,3.29,4.495103408444673,0.0;0.0;0.0;0.0;0.0
development,3967,receptor_ligand_only,4.63,4.055435811194723,0.0;0.0;0.0;0.0;0.0
development,3968,receptor_ligand_only,2.59,3.9841121428374437,0.0;0.0;0.0;0.0;0.0
development,3969,receptor_ligand_only,2.28,3.787689472469167,0.0;0.0;0.0;0.0;0.0
development,3971,receptor_ligand_only,5.58,4.958536268154526,0.0;0.0;0.0;0.0;0.0
development,3972,receptor_ligand_only,4.11,4.951640117040695,0.0;0.0;0.0;0.0;0.0
development,3973,receptor_ligand_only,1.96,3.472962526922287,0.0;0.0;0.0;0.0;0.0
development,3974,receptor_ligand_only,5.915,5.137139585865912,0.0;0.0;0.0;0.0;0.0
development,3975,receptor_ligand_only,4.22,4.895192353274858,0.0;0.0;0.0;0.0;0.0
development,3976,receptor_ligand_only,1.76,3.829590456549477,0.0;0.0;0.0;0.0;0.0
development,3977,receptor_ligand_only,5.005,4.7316929309739635,0.0;0.0;0.0;0.0;0.0
development,3978,receptor_ligand_only,5.15,3.7891968244903587,0.0;0.0;0.0;0.0;0.0
development,3979,receptor_ligand_only,4.56,4.867095541453033,0.0;0.0;0.0;0.0;0.0
development,3980,receptor_ligand_only,2.45,4.212994303665681,0.0;0.0;0.0;0.0;0.0
development,3981,receptor_ligand_only,6.115,4.305876413736873,0.0;0.0;0.0;0.0;0.0
development,3982,receptor_ligand_only,4.68,4.249876931992666,0.0;0.0;0.0;0.0;0.0
development,3983,receptor_ligand_only,5.13,4.582414647863941,0.0;0.0;0.0;0.0;0.0
development,3985,receptor_ligand_only,1.91,3.6260520370740936,0.0;0.0;0.0;0.0;0.0
development,3987,receptor_ligand_only,4.87,4.150790676451711,0.0;0.0;0.0;0.0;0.0
development,3988,receptor_ligand_only,3.64,3.989804896062606,0.0;0.0;0.0;0.0;0.0
development,3989,receptor_ligand_only,5.39,4.413339838406061,0.0;0.0;0.0;0.0;0.0
development,3990,receptor_ligand_only,2.39,4.148175830647935,0.0;0.0;0.0;0.0;0.0
development,3991,receptor_ligand_only,4.46,4.159376171560389,0.0;0.0;0.0;0.0;0.0
development,3992,receptor_ligand_only,5.76,4.601915587802155,0.0;0.0;0.0;0.0;0.0
development,3993,receptor_ligand_only,3.4,4.475337158842378,0.0;0.0;0.0;0.0;0.0
development,3994,receptor_ligand_only,4.5,4.843045000886704,0.0;0.0;0.0;0.0;0.0
development,3995,receptor_ligand_only,5.41,4.587092166696672,0.0;0.0;0.0;0.0;0.0
development,3996,receptor_ligand_only,3.62,4.369895632043896,0.0;0.0;0.0;0.0;0.0
development,3997,receptor_ligand_only,3.55,4.8112191811987906,0.0;0.0;0.0;0.0;0.0
development,3998,receptor_ligand_only,4.6,4.121321146544997,0.0;0.0;0.0;0.0;0.0
development,3999,receptor_ligand_only,5.02,4.179035681653906,0.0;0.0;0.0;0.0;0.0
development,4000,receptor_ligand_only,3.36,3.9477780303076333,0.0;0.0;0.0;0.0;0.0
development,4001,receptor_ligand_only,2.89,3.7936698271608322,0.0;0.0;0.0;0.0;0.0
development,4002,receptor_ligand_only,3.63,4.3987717777321516,0.0;0.0;0.0;0.0;0.0
development,4003,receptor_ligand_only,6.02,4.338756282652126,0.0;0.0;0.0;0.0;0.0
development,4004,receptor_ligand_only,4.34,4.2305683921250665,0.0;0.0;0.0;0.0;0.0
development,4005,receptor_ligand_only,5.4,4.560358374942908,0.0;0.0;0.0;0.0;0.0
development,4006,receptor_ligand_only,3.85,4.268300066381908,0.0;0.0;0.0;0.0;0.0
development,4007,receptor_ligand_only,5.37,4.159451368205231,0.0;0.0;0.0;0.0;0.0
development,4009,receptor_ligand_only,4.61,4.333983456593005,0.0;0.0;0.0;0.0;0.0
development,4010,receptor_ligand_only,2.73,4.673589991498168,0.0;0.0;0.0;0.0;0.0
development,4011,receptor_ligand_only,5.16,3.846245311603701,0.0;0.0;0.0;0.0;0.0
development,4012,receptor_ligand_only,5.06,4.358410055515709,0.0;0.0;0.0;0.0;0.0
development,4015,receptor_ligand_only,4.07,4.223735315249633,0.0;0.0;0.0;0.0;0.0
development,4016,receptor_ligand_only,4.09,4.31363401998927,0.0;0.0;0.0;0.0;0.0
development,4017,receptor_ligand_only,4.98,4.085864825749257,0.0;0.0;0.0;0.0;0.0
development,4018,receptor_ligand_only,4.26,4.532836405027502,0.0;0.0;0.0;0.0;0.0
development,4019,receptor_ligand_only,5.52,4.482013861768918,0.0;0.0;0.0;0.0;0.0
development,4020,receptor_ligand_only,4.87,4.4541700283697185,0.0;0.0;0.0;0.0;0.0
development,4021,receptor_ligand_only,4.39,4.256068250282783,0.0;0.0;0.0;0.0;0.0
development,4022,receptor_ligand_only,4.17,4.728535936236297,0.0;0.0;0.0;0.0;0.0
development,4023,receptor_ligand_only,5.0,4.516713967460399,0.0;0.0;0.0;0.0;0.0
development,4024,receptor_ligand_only,4.62,4.154542608230355,0.0;0.0;0.0;0.0;0.0
development,4025,receptor_ligand_only,5.25,4.331905111627558,0.0;0.0;0.0;0.0;0.0
development,4026,receptor_ligand_only,4.77,4.464221773272376,0.0;0.0;0.0;0.0;0.0
development,4027,receptor_ligand_only,2.55,4.185376282204561,0.0;0.0;0.0;0.0;0.0
development,4028,receptor_ligand_only,2.97,4.189946926340302,0.0;0.0;0.0;0.0;0.0
development,4029,receptor_ligand_only,4.74,3.6476531355667134,0.0;0.0;0.0;0.0;0.0
development,4030,receptor_ligand_only,4.62,4.576886912295871,0.0;0.0;0.0;0.0;0.0
development,4031,receptor_ligand_only,2.06,3.9718602729319064,0.0;0.0;0.0;0.0;0.0
development,4033,receptor_ligand_only,5.77,5.066131029407788,0.0;0.0;0.0;0.0;0.0
development,4034,receptor_ligand_only,5.42,4.447506940004166,0.0;0.0;0.0;0.0;0.0
development,4035,receptor_ligand_only,4.85,4.872414962859992,0.0;0.0;0.0;0.0;0.0
development,4036,receptor_ligand_only,5.6,4.305147429739384,0.0;0.0;0.0;0.0;0.0
development,4038,receptor_ligand_only,3.81,5.1831172962516145,0.0;0.0;0.0;0.0;0.0
development,4039,receptor_ligand_only,4.74,4.759373900077717,0.0;0.0;0.0;0.0;0.0
development,4040,receptor_ligand_only,3.54,3.90394813023079,0.0;0.0;0.0;0.0;0.0
development,4041,receptor_ligand_only,2.99,4.23661008540366,0.0;0.0;0.0;0.0;0.0
development,4042,receptor_ligand_only,3.0,4.663300666037672,0.0;0.0;0.0;0.0;0.0
development,4043,receptor_ligand_only,6.22,4.464149131840479,0.0;0.0;0.0;0.0;0.0
development,4044,receptor_ligand_only,4.04,3.923155201982449,0.0;0.0;0.0;0.0;0.0
development,4045,receptor_ligand_only,1.74,4.349310655817626,0.0;0.0;0.0;0.0;0.0
development,4046,receptor_ligand_only,4.64,4.915776943010071,0.0;0.0;0.0;0.0;0.0
development,4047,receptor_ligand_only,6.34,4.5310996011136755,0.0;0.0;0.0;0.0;0.0
development,4048,receptor_ligand_only,2.5,3.6761337318401788,0.0;0.0;0.0;0.0;0.0
development,4050,receptor_ligand_only,3.53,4.038894248229195,0.0;0.0;0.0;0.0;0.0
development,4051,receptor_ligand_only,2.67,3.9454400602258524,0.0;0.0;0.0;0.0;0.0
development,4052,receptor_ligand_only,4.82,4.018673296831132,0.0;0.0;0.0;0.0;0.0
development,4053,receptor_ligand_only,5.19,4.502562773100641,0.0;0.0;0.0;0.0;0.0
development,4054,receptor_ligand_only,5.43,4.444463009974289,0.0;0.0;0.0;0.0;0.0
development,4055,receptor_ligand_only,2.76,3.980350982264039,0.0;0.0;0.0;0.0;0.0
development,4056,receptor_ligand_only,1.95,4.147655565775187,0.0;0.0;0.0;0.0;0.0
development,4057,receptor_ligand_only,4.79,4.110105150245566,0.0;0.0;0.0;0.0;0.0
development,4058,receptor_ligand_only,5.78,4.766112357707598,0.0;0.0;0.0;0.0;0.0
development,4059,receptor_ligand_only,4.93,3.99393940310484,0.0;0.0;0.0;0.0;0.0
development,4061,receptor_ligand_only,5.91,4.17743444308925,0.0;0.0;0.0;0.0;0.0
development,4062,receptor_ligand_only,4.39,3.9717805048996913,0.0;0.0;0.0;0.0;0.0
development,4064,receptor_ligand_only,4.98,4.389633554802664,0.0;0.0;0.0;0.0;0.0
development,4066,receptor_ligand_only,4.89,4.574907474727981,0.0;0.0;0.0;0.0;0.0
development,4067,receptor_ligand_only,5.82,4.369453992728298,0.0;0.0;0.0;0.0;0.0
development,4068,receptor_ligand_only,5.74,4.224379292892602,0.0;0.0;0.0;0.0;0.0
development,4069,receptor_ligand_only,4.45,4.056361147913749,0.0;0.0;0.0;0.0;0.0
development,4070,receptor_ligand_only,5.29,3.815008022844331,0.0;0.0;0.0;0.0;0.0
development,4071,receptor_ligand_only,4.72,3.85974760879529,0.0;0.0;0.0;0.0;0.0
development,4072,receptor_ligand_only,1.82,4.0094803249913085,0.0;0.0;0.0;0.0;0.0
development,4073,receptor_ligand_only,2.65,4.3598586497857825,0.0;0.0;0.0;0.0;0.0
development,4074,receptor_ligand_only,1.78,4.10396480682093,0.0;0.0;0.0;0.0;0.0
development,4075,receptor_ligand_only,5.46,4.359801436700512,0.0;0.0;0.0;0.0;0.0
development,4076,receptor_ligand_only,4.43,4.891895255089755,0.0;0.0;0.0;0.0;0.0
development,4077,receptor_ligand_only,5.71,5.519636314933997,0.0;0.0;0.0;0.0;0.0
development,4079,receptor_ligand_only,5.05,4.719269801238509,0.0;0.0;0.0;0.0;0.0
development,4080,receptor_ligand_only,5.18,4.663265191413668,0.0;0.0;0.0;0.0;0.0
development,4081,receptor_ligand_only,5.13,4.227491349916237,0.0;0.0;0.0;0.0;0.0
development,4082,receptor_ligand_only,6.43,4.973380438967517,0.0;0.0;0.0;0.0;0.0
development,4083,receptor_ligand_only,5.43,5.172343969418571,0.0;0.0;0.0;0.0;0.0
development,4084,receptor_ligand_only,4.71,4.627509472863235,0.0;0.0;0.0;0.0;0.0
development,4085,receptor_ligand_only,4.15,4.090822991523939,0.0;0.0;0.0;0.0;0.0
development,4086,receptor_ligand_only,3.92,3.8753586834005365,0.0;0.0;0.0;0.0;0.0
development,4088,receptor_ligand_only,5.56,4.993591955975749,0.0;0.0;0.0;0.0;0.0
development,4089,receptor_ligand_only,5.34,4.4361079064740645,0.0;0.0;0.0;0.0;0.0
development,4090,receptor_ligand_only,3.98,4.257192314199583,0.0;0.0;0.0;0.0;0.0
development,4092,receptor_ligand_only,2.45,5.718115934822821,0.0;0.0;0.0;0.0;0.0
development,4093,receptor_ligand_only,4.94,4.263666296892329,0.0;0.0;0.0;0.0;0.0
development,4094,receptor_ligand_only,5.64,4.0221523433669,0.0;0.0;0.0;0.0;0.0
development,4095,receptor_ligand_only,4.79,4.248357639226283,0.0;0.0;0.0;0.0;0.0
development,4097,receptor_ligand_only,4.68,3.9649870309046906,0.0;0.0;0.0;0.0;0.0
development,4098,receptor_ligand_only,5.27,3.8862676621401486,0.0;0.0;0.0;0.0;0.0
development,4099,receptor_ligand_only,2.61,4.197528711679402,0.0;0.0;0.0;0.0;0.0
development,4101,receptor_ligand_only,2.49,4.205873945736045,0.0;0.0;0.0;0.0;0.0
development,4102,receptor_ligand_only,2.95,3.539119586891622,0.0;0.0;0.0;0.0;0.0
development,4103,receptor_ligand_only,6.69,5.330500618075256,0.0;0.0;0.0;0.0;0.0
development,4104,receptor_ligand_only,5.03,5.564271141616781,0.0;0.0;0.0;0.0;0.0
development,4105,receptor_ligand_only,5.58,4.442345645264242,0.0;0.0;0.0;0.0;0.0
development,4106,receptor_ligand_only,4.45,4.100806386747565,0.0;0.0;0.0;0.0;0.0
development,4107,receptor_ligand_only,3.26,4.603363206088491,0.0;0.0;0.0;0.0;0.0
development,4109,receptor_ligand_only,5.39,4.4114389785594215,0.0;0.0;0.0;0.0;0.0
development,4111,receptor_ligand_only,4.92,4.28788889228329,0.0;0.0;0.0;0.0;0.0
development,4112,receptor_ligand_only,4.32,4.403997613934417,0.0;0.0;0.0;0.0;0.0
development,4113,receptor_ligand_only,2.92,4.327525222391099,0.0;0.0;0.0;0.0;0.0
development,4114,receptor_ligand_only,1.88,3.8704407691091007,0.0;0.0;0.0;0.0;0.0
development,4115,receptor_ligand_only,4.82,4.378584044068222,0.0;0.0;0.0;0.0;0.0
development,4116,receptor_ligand_only,4.41,3.858583449980867,0.0;0.0;0.0;0.0;0.0
development,4117,receptor_ligand_only,6.14,4.32146006457866,0.0;0.0;0.0;0.0;0.0
development,4118,receptor_ligand_only,5.14,4.404564015244805,0.0;0.0;0.0;0.0;0.0
development,4119,receptor_ligand_only,4.86,4.661643410528014,0.0;0.0;0.0;0.0;0.0
development,4120,receptor_ligand_only,5.39,4.023637063016558,0.0;0.0;0.0;0.0;0.0
development,4121,receptor_ligand_only,4.33,4.706394276286895,0.0;0.0;0.0;0.0;0.0
development,4122,receptor_ligand_only,3.14,4.460592774989784,0.0;0.0;0.0;0.0;0.0
development,4123,receptor_ligand_only,3.62,3.6768194617302328,0.0;0.0;0.0;0.0;0.0
development,4124,receptor_ligand_only,4.84,4.282345471623107,0.0;0.0;0.0;0.0;0.0
development,4126,receptor_ligand_only,3.07,4.508584721771766,0.0;0.0;0.0;0.0;0.0
development,4127,receptor_ligand_only,4.875,4.429877574556106,0.0;0.0;0.0;0.0;0.0
development,4128,receptor_ligand_only,4.64,4.600637489460363,0.0;0.0;0.0;0.0;0.0
development,4129,receptor_ligand_only,4.89,4.483879571686592,0.0;0.0;0.0;0.0;0.0
development,4130,receptor_ligand_only,3.01,3.998031245097645,0.0;0.0;0.0;0.0;0.0
development,4131,receptor_ligand_only,5.2,5.311739628751895,0.0;0.0;0.0;0.0;0.0
development,4132,receptor_ligand_only,4.35,4.600239844628214,0.0;0.0;0.0;0.0;0.0
validation,0,receptor_ligand_only,5.27,4.147777376988942,0.0
validation,2,receptor_ligand_only,2.54,3.480200412247358,0.0
validation,10,receptor_ligand_only,6.16,5.036079700141029,0.0
validation,11,receptor_ligand_only,1.73,3.7162072822825283,0.0
validation,38,receptor_ligand_only,3.41,4.0982799316469976,0.0
validation,39,receptor_ligand_only,3.19,4.240940401817416,0.0
validation,41,receptor_ligand_only,4.01,3.393946393946794,0.0
validation,42,receptor_ligand_only,1.83,3.1267199869333093,0.0
validation,46,receptor_ligand_only,4.8,4.1668193005599745,0.0
validation,60,receptor_ligand_only,5.67,4.9416224119846675,0.0
validation,62,receptor_ligand_only,2.19,2.8583701521605347,0.0
validation,71,receptor_ligand_only,5.42,4.243955361742252,0.0
validation,72,receptor_ligand_only,4.57,3.8286334536950704,0.0
validation,79,receptor_ligand_only,5.06,4.420801569310511,0.0
validation,80,receptor_ligand_only,5.18,4.786837662127032,0.0
validation,84,receptor_ligand_only,4.91,3.9720805640959247,0.0
validation,85,receptor_ligand_only,5.08,3.960736904205134,0.0
validation,87,receptor_ligand_only,4.31,4.798597777221996,0.0
validation,88,receptor_ligand_only,4.76,4.5656637783225,0.0
validation,98,receptor_ligand_only,4.08,4.2757193204385215,0.0
validation,103,receptor_ligand_only,5.05,4.416123431470511,0.0
validation,107,receptor_ligand_only,3.27,3.9734559702663934,0.0
validation,110,receptor_ligand_only,4.47,4.441348178910628,0.0
validation,112,receptor_ligand_only,5.25,4.207767037241804,0.0
validation,117,receptor_ligand_only,3.33,3.382694729400213,0.0
validation,134,receptor_ligand_only,4.48,4.619669143713711,0.0
validation,137,receptor_ligand_only,5.42,5.102099083628493,0.0
validation,144,receptor_ligand_only,5.3,4.901731562550823,0.0
validation,145,receptor_ligand_only,4.65,4.667601301592767,0.0
validation,151,receptor_ligand_only,4.61,4.673211462526713,0.0
validation,153,receptor_ligand_only,5.2,3.7638488032505593,0.0
validation,155,receptor_ligand_only,5.19,3.9833538305477085,0.0
validation,156,receptor_ligand_only,4.78,4.375619149334101,0.0
validation,160,receptor_ligand_only,5.15,4.362523935333557,0.0
validation,188,receptor_ligand_only,5.44,4.398569325093642,0.0
validation,192,receptor_ligand_only,5.08,3.7490173952359296,0.0
validation,195,receptor_ligand_only,5.36,4.163418929158745,0.0
validation,199,receptor_ligand_only,5.69,4.199103651111556,0.0
validation,200,receptor_ligand_only,5.37,3.8798053066928344,0.0
validation,202,receptor_ligand_only,4.4,4.5261403626481505,0.0
validation,210,receptor_ligand_only,4.92,4.290254220582992,0.0
validation,212,receptor_ligand_only,4.47,4.2858799151158,0.0
validation,213,receptor_ligand_only,4.29,4.179771046655645,0.0
validation,218,receptor_ligand_only,5.43,4.476229261452155,0.0
validation,219,receptor_ligand_only,5.28,4.5450586128506805,0.0
validation,250,receptor_ligand_only,5.14,5.488114843498877,0.0
validation,256,receptor_ligand_only,4.95,4.275232317960089,0.0
validation,258,receptor_ligand_only,1.84,4.145219775411723,0.0
validation,259,receptor_ligand_only,5.28,4.408199778697096,0.0
validation,262,receptor_ligand_only,3.56,4.165815110795023,0.0
validation,264,receptor_ligand_only,4.69,4.176240417451629,0.0
validation,269,receptor_ligand_only,5.46,4.393569555739739,0.0
validation,276,receptor_ligand_only,5.15,4.418792219011611,0.0
validation,280,receptor_ligand_only,4.84,4.140690642701757,0.0
validation,281,receptor_ligand_only,5.13,4.004472880462901,0.0
validation,282,receptor_ligand_only,4.31,4.393391229686806,0.0
validation,284,receptor_ligand_only,4.92,3.914505368947485,0.0
validation,293,receptor_ligand_only,5.42,4.75743675420643,0.0
validation,294,receptor_ligand_only,3.86,4.165732364683409,0.0
validation,295,receptor_ligand_only,5.71,5.164451533998074,0.0
validation,306,receptor_ligand_only,2.68,3.9433257391528413,0.0
validation,313,receptor_ligand_only,3.31,3.816007249678292,0.0
validation,318,receptor_ligand_only,2.62,4.695708894394226,0.0
validation,320,receptor_ligand_only,5.23,4.5693942820470035,0.0
validation,323,receptor_ligand_only,1.69,4.344530520200996,0.0
validation,326,receptor_ligand_only,5.28,4.039562479744535,0.0
validation,334,receptor_ligand_only,5.38,4.017600850348359,0.0
validation,338,receptor_ligand_only,5.33,4.18069677920169,0.0
validation,339,receptor_ligand_only,4.63,4.582576569062835,0.0
validation,342,receptor_ligand_only,5.13,4.1349470732581795,0.0
validation,344,receptor_ligand_only,4.6,3.8369784399009523,0.0
validation,346,receptor_ligand_only,4.24,4.178702458614614,0.0
validation,347,receptor_ligand_only,5.0,3.843175839599681,0.0
validation,350,receptor_ligand_only,3.81,4.143831333555557,0.0
validation,356,receptor_ligand_only,4.88,4.720113788214067,0.0
validation,358,receptor_ligand_only,4.61,4.111701983462017,0.0
validation,362,receptor_ligand_only,5.06,4.624380995573526,0.0
validation,366,receptor_ligand_only,5.08,4.7544311819358205,0.0
validation,372,receptor_ligand_only,2.22,3.4854179545637143,0.0
validation,380,receptor_ligand_only,3.49,4.37988351503856,0.0
validation,390,receptor_ligand_only,4.24,3.954450152980503,0.0
validation,397,receptor_ligand_only,4.9,4.163240892208185,0.0
validation,398,receptor_ligand_only,4.21,4.199105625665202,0.0
validation,399,receptor_ligand_only,4.68,4.772383602254777,0.0
validation,417,receptor_ligand_only,4.94,4.523866987387879,0.0
validation,419,receptor_ligand_only,4.77,4.075013044742016,0.0
validation,420,receptor_ligand_only,4.19,4.380171324667473,0.0
validation,423,receptor_ligand_only,4.34,4.252041722469146,0.0
validation,426,receptor_ligand_only,3.92,4.025165200142334,0.0
validation,430,receptor_ligand_only,3.25,4.151271156446403,0.0
validation,431,receptor_ligand_only,4.59,4.157923100547414,0.0
validation,447,receptor_ligand_only,2.66,3.741901187379279,0.0
validation,453,receptor_ligand_only,3.09,4.105564052594953,0.0
validation,456,receptor_ligand_only,4.73,3.806900392307001,0.0
validation,458,receptor_ligand_only,5.21,4.231803353153325,0.0
validation,460,receptor_ligand_only,5.43,4.066952144012993,0.0
validation,461,receptor_ligand_only,4.79,4.220782813203694,0.0
validation,463,receptor_ligand_only,2.54,3.611787392339151,0.0
validation,468,receptor_ligand_only,4.09,5.025894318564888,0.0
validation,469,receptor_ligand_only,4.93,4.436708117135877,0.0
validation,473,receptor_ligand_only,4.7,4.561973514478016,0.0
validation,474,receptor_ligand_only,3.43,4.082313542988644,0.0
validation,488,receptor_ligand_only,4.26,4.671933704310625,0.0
validation,495,receptor_ligand_only,3.49,3.7036512076251142,0.0
validation,512,receptor_ligand_only,5.07,5.153161380175304,0.0
validation,518,receptor_ligand_only,2.78,3.750601271788117,0.0
validation,520,receptor_ligand_only,4.75,3.9962276674525263,0.0
validation,521,receptor_ligand_only,5.06,3.996573665311301,0.0
validation,526,receptor_ligand_only,4.87,4.45569100101848,0.0
validation,537,receptor_ligand_only,4.28,4.545381913505072,0.0
validation,541,receptor_ligand_only,5.12,4.379908613367231,0.0
validation,544,receptor_ligand_only,5.2,4.021475767421229,0.0
validation,546,receptor_ligand_only,4.85,4.3521633190202955,0.0
validation,550,receptor_ligand_only,4.41,4.652672303798105,0.0
validation,554,receptor_ligand_only,5.54,4.390984276254865,0.0
validation,559,receptor_ligand_only,4.96,4.058737939720375,0.0
validation,563,receptor_ligand_only,4.83,4.611980609160398,0.0
validation,569,receptor_ligand_only,4.44,4.069145568163193,0.0
validation,586,receptor_ligand_only,5.09,4.317146344119582,0.0
validation,589,receptor_ligand_only,3.96,4.147736260214386,0.0
validation,591,receptor_ligand_only,5.1,4.183279207463644,0.0
validation,595,receptor_ligand_only,4.67,4.311123105122649,0.0
validation,609,receptor_ligand_only,5.2,4.792354580346337,0.0
validation,624,receptor_ligand_only,5.2,4.358236126681901,0.0
validation,628,receptor_ligand_only,4.34,4.107062378269274,0.0
validation,640,receptor_ligand_only,5.14,4.64170845693351,0.0
validation,647,receptor_ligand_only,5.19,4.29940455853762,0.0
validation,652,receptor_ligand_only,3.63,4.244753074651795,0.0
validation,653,receptor_ligand_only,5.31,4.496864912621784,0.0
validation,663,receptor_ligand_only,4.35,4.098331415451403,0.0
validation,666,receptor_ligand_only,4.39,4.2758597571958825,0.0
validation,672,receptor_ligand_only,4.72,4.364718914829392,0.0
validation,675,receptor_ligand_only,2.4,4.347933628328209,0.0
validation,682,receptor_ligand_only,5.27,4.7084832558276934,0.0
validation,685,receptor_ligand_only,4.61,4.351934039356876,0.0
validation,701,receptor_ligand_only,4.72,4.345832765160983,0.0
validation,709,receptor_ligand_only,3.81,3.745713933898788,0.0
validation,712,receptor_ligand_only,5.13,4.493607678175918,0.0
validation,713,receptor_ligand_only,6.3100000000000005,5.075314927606925,0.0
validation,715,receptor_ligand_only,1.9,4.269024901360764,0.0
validation,721,receptor_ligand_only,4.86,4.023734919290575,0.0
validation,724,receptor_ligand_only,4.44,4.686887967564663,0.0
validation,732,receptor_ligand_only,6.045,4.5856188775785425,0.0
validation,735,receptor_ligand_only,5.54,4.556737740356843,0.0
validation,736,receptor_ligand_only,5.05,4.2621096122622895,0.0
validation,737,receptor_ligand_only,2.64,4.1423410343512,0.0
validation,749,receptor_ligand_only,5.43,4.281990790737324,0.0
validation,751,receptor_ligand_only,5.65,5.716237310968372,0.0
validation,752,receptor_ligand_only,4.44,4.521013586661065,0.0
validation,753,receptor_ligand_only,5.59,4.944355472313956,0.0
validation,757,receptor_ligand_only,5.26,4.14813787434028,0.0
validation,760,receptor_ligand_only,4.3,4.426688961103033,0.0
validation,764,receptor_ligand_only,2.25,3.5648171323232125,0.0
validation,765,receptor_ligand_only,5.12,4.175850934582172,0.0
validation,766,receptor_ligand_only,4.99,4.9013198833951,0.0
validation,774,receptor_ligand_only,1.83,4.533619859126262,0.0
validation,775,receptor_ligand_only,5.0,4.782766423548191,0.0
validation,776,receptor_ligand_only,5.41,4.2147543008730315,0.0
validation,777,receptor_ligand_only,2.08,4.800218985511729,0.0
validation,779,receptor_ligand_only,4.7,4.737114401733466,0.0
validation,787,receptor_ligand_only,5.61,4.917930324072426,0.0
validation,793,receptor_ligand_only,5.11,4.615199213688434,0.0
validation,797,receptor_ligand_only,2.88,5.0094803933005405,0.0
validation,801,receptor_ligand_only,5.08,4.371674672005345,0.0
validation,805,receptor_ligand_only,4.54,4.487430580091372,0.0
validation,808,receptor_ligand_only,4.68,4.268681678098273,0.0
validation,811,receptor_ligand_only,5.11,4.276667229801996,0.0
validation,825,receptor_ligand_only,4.93,3.947316693350852,0.0
validation,846,receptor_ligand_only,4.26,3.9041866396742373,0.0
validation,851,receptor_ligand_only,3.13,3.6493589756295712,0.0
validation,853,receptor_ligand_only,4.29,3.70867622941987,0.0
validation,858,receptor_ligand_only,2.36,3.7094598429593555,0.0
validation,874,receptor_ligand_only,5.51,4.30126505823972,0.0
validation,879,receptor_ligand_only,4.72,4.754065828107134,0.0
validation,885,receptor_ligand_only,5.86,4.146357541504546,0.0
validation,890,receptor_ligand_only,5.0,3.8863136721275224,0.0
validation,891,receptor_ligand_only,2.7,3.959319672891228,0.0
validation,892,receptor_ligand_only,4.63,3.8627636665132647,0.0
validation,902,receptor_ligand_only,2.26,4.210019550269526,0.0
validation,924,receptor_ligand_only,4.89,3.74219856146184,0.0
validation,929,receptor_ligand_only,4.79,4.36579938371694,0.0
validation,934,receptor_ligand_only,1.89,3.962838334493859,0.0
validation,939,receptor_ligand_only,4.07,4.395112701070782,0.0
validation,943,receptor_ligand_only,4.68,4.06717502639562,0.0
validation,947,receptor_ligand_only,2.55,3.7984133502414497,0.0
validation,949,receptor_ligand_only,2.55,3.393632373948058,0.0
validation,958,receptor_ligand_only,5.31,4.069944857121367,0.0
validation,963,receptor_ligand_only,5.13,4.636018304699473,0.0
validation,971,receptor_ligand_only,4.91,4.168772928483137,0.0
validation,980,receptor_ligand_only,4.73,4.848559919224795,0.0
validation,984,receptor_ligand_only,2.3,4.060345281289646,0.0
validation,1000,receptor_ligand_only,5.69,4.301853993487462,0.0
validation,1007,receptor_ligand_only,3.01,4.564712214851919,0.0
validation,1014,receptor_ligand_only,4.45,4.092649136331334,0.0
validation,1017,receptor_ligand_only,4.86,3.729069377519828,0.0
validation,1022,receptor_ligand_only,4.75,4.10846333324349,0.0
validation,1025,receptor_ligand_only,5.02,5.488769971025521,0.0
validation,1027,receptor_ligand_only,5.14,4.069454042466113,0.0
validation,1038,receptor_ligand_only,2.74,4.763481445329175,0.0
validation,1043,receptor_ligand_only,5.37,4.409546384277112,0.0
validation,1070,receptor_ligand_only,1.77,4.248964325516627,0.0
validation,1072,receptor_ligand_only,5.19,4.977204497882218,0.0
validation,1076,receptor_ligand_only,5.78,4.549950710086153,0.0
validation,1081,receptor_ligand_only,5.15,4.393200526335302,0.0
validation,1085,receptor_ligand_only,3.37,3.8562294284402396,0.0
validation,1089,receptor_ligand_only,5.19,4.3560239157068015,0.0
validation,1090,receptor_ligand_only,4.92,4.763892795295948,0.0
validation,1092,receptor_ligand_only,2.58,3.6953626103039965,0.0
validation,1098,receptor_ligand_only,4.93,4.058264232792054,0.0
validation,1102,receptor_ligand_only,2.93,4.132022423181732,0.0
validation,1103,receptor_ligand_only,2.9,4.088566765174022,0.0
validation,1105,receptor_ligand_only,1.76,4.07228109600795,0.0
validation,1107,receptor_ligand_only,2.32,3.506847322119091,0.0
validation,1110,receptor_ligand_only,2.87,4.407750116419512,0.0
validation,1115,receptor_ligand_only,2.27,4.069019540920887,0.0
validation,1119,receptor_ligand_only,3.55,3.629694547157807,0.0
validation,1120,receptor_ligand_only,4.4,4.795608061580852,0.0
validation,1124,receptor_ligand_only,5.04,4.814567898552977,0.0
validation,1126,receptor_ligand_only,1.98,5.771365161360778,0.0
validation,1127,receptor_ligand_only,5.25,4.676350851599814,0.0
validation,1132,receptor_ligand_only,4.28,4.793955499469108,0.0
validation,1136,receptor_ligand_only,4.92,4.968454962584796,0.0
validation,1137,receptor_ligand_only,5.62,4.1889070850373065,0.0
validation,1138,receptor_ligand_only,4.08,4.369742405955081,0.0
validation,1140,receptor_ligand_only,4.87,4.459001495093371,0.0
validation,1149,receptor_ligand_only,2.86,4.150056347557282,0.0
validation,1151,receptor_ligand_only,4.47,4.470182250749072,0.0
validation,1152,receptor_ligand_only,1.98,4.031406435464163,0.0
validation,1161,receptor_ligand_only,1.64,4.189476500388301,0.0
validation,1163,receptor_ligand_only,3.96,4.857837511220785,0.0
validation,1165,receptor_ligand_only,2.65,3.4635031452032266,0.0
validation,1168,receptor_ligand_only,5.22,4.071005468892345,0.0
validation,1182,receptor_ligand_only,2.52,3.4203389033780978,0.0
validation,1184,receptor_ligand_only,4.3,4.088470332138583,0.0
validation,1187,receptor_ligand_only,4.67,4.278228566575703,0.0
validation,1191,receptor_ligand_only,3.94,4.082203462805915,0.0
validation,1195,receptor_ligand_only,5.83,4.638894091745537,0.0
validation,1198,receptor_ligand_only,5.29,5.031410404772224,0.0
validation,1199,receptor_ligand_only,4.53,4.286699517377893,0.0
validation,1201,receptor_ligand_only,5.62,4.170168183137842,0.0
validation,1211,receptor_ligand_only,4.9,4.474507123952948,0.0
validation,1212,receptor_ligand_only,4.95,4.781696485349739,0.0
validation,1213,receptor_ligand_only,5.21,4.426877731546882,0.0
validation,1215,receptor_ligand_only,2.74,3.8627498784607472,0.0
validation,1216,receptor_ligand_only,4.82,4.191751379420152,0.0
validation,1222,receptor_ligand_only,5.06,5.103034077931126,0.0
validation,1236,receptor_ligand_only,4.43,4.168075571038215,0.0
validation,1241,receptor_ligand_only,4.7,4.27877287636938,0.0
validation,1245,receptor_ligand_only,3.7,4.152935120685121,0.0
validation,1247,receptor_ligand_only,5.06,3.9706798710070133,0.0
validation,1252,receptor_ligand_only,5.215,4.1286304094201745,0.0
validation,1258,receptor_ligand_only,3.43,4.348364465107762,0.0
validation,1264,receptor_ligand_only,5.0,4.667185869890044,0.0
validation,1269,receptor_ligand_only,4.82,4.167242023543146,0.0
validation,1270,receptor_ligand_only,5.62,5.490541071662722,0.0
validation,1272,receptor_ligand_only,2.98,4.1164585764104515,0.0
validation,1287,receptor_ligand_only,5.31,3.7272242132923306,0.0
validation,1290,receptor_ligand_only,2.86,3.961492685514365,0.0
validation,1293,receptor_ligand_only,5.949999999999999,4.296370171754017,0.0
validation,1304,receptor_ligand_only,3.14,4.497245330965464,0.0
validation,1315,receptor_ligand_only,4.06,4.64835122231883,0.0
validation,1318,receptor_ligand_only,4.36,4.362379587974129,0.0
validation,1322,receptor_ligand_only,4.74,4.1523526458821856,0.0
validation,1326,receptor_ligand_only,1.73,4.549121511275091,0.0
validation,1330,receptor_ligand_only,4.35,4.113395486671815,0.0
validation,1335,receptor_ligand_only,2.77,3.989574830523293,0.0
validation,1342,receptor_ligand_only,4.6,4.495248524303695,0.0
validation,1343,receptor_ligand_only,4.61,3.9640642714102037,0.0
validation,1347,receptor_ligand_only,5.0,4.283549062008344,0.0
validation,1360,receptor_ligand_only,4.41,4.535387066335958,0.0
validation,1369,receptor_ligand_only,4.46,4.194758319854341,0.0
validation,1374,receptor_ligand_only,4.18,5.07052050126084,0.0
validation,1377,receptor_ligand_only,4.83,4.1851683065740595,0.0
validation,1378,receptor_ligand_only,4.09,4.255282195887464,0.0
validation,1383,receptor_ligand_only,3.76,4.376806397057672,0.0
validation,1384,receptor_ligand_only,5.23,4.021459405935963,0.0
validation,1388,receptor_ligand_only,4.24,4.416747387885834,0.0
validation,1391,receptor_ligand_only,5.26,4.313990571225925,0.0
validation,1394,receptor_ligand_only,3.39,3.623682156908786,0.0
validation,1403,receptor_ligand_only,5.27,4.366446148809661,0.0
validation,1409,receptor_ligand_only,2.42,4.471500198470636,0.0
validation,1412,receptor_ligand_only,1.75,4.614733671800754,0.0
validation,1415,receptor_ligand_only,4.92,4.449822372404602,0.0
validation,1417,receptor_ligand_only,1.93,3.1977917348298215,0.0
validation,1419,receptor_ligand_only,5.54,4.62910918937791,0.0
validation,1420,receptor_ligand_only,5.99,5.245565693278445,0.0
validation,1424,receptor_ligand_only,2.09,3.2115798194491347,0.0
validation,1430,receptor_ligand_only,3.35,4.15274225674985,0.0
validation,1436,receptor_ligand_only,5.15,4.226503255275571,0.0
validation,1450,receptor_ligand_only,4.6,4.19399409692784,0.0
validation,1451,receptor_ligand_only,5.27,4.005108216526536,0.0
validation,1461,receptor_ligand_only,5.1,4.63500149026151,0.0
validation,1464,receptor_ligand_only,3.73,4.4801442563383,0.0
validation,1469,receptor_ligand_only,3.44,4.090456926020812,0.0
validation,1472,receptor_ligand_only,3.89,4.222525438872456,0.0
validation,1479,receptor_ligand_only,3.04,4.305551100409411,0.0
validation,1481,receptor_ligand_only,4.87,4.219672438386325,0.0
validation,1482,receptor_ligand_only,4.87,4.5665181961533134,0.0
validation,1485,receptor_ligand_only,1.96,3.676298554202421,0.0
validation,1487,receptor_ligand_only,5.23,4.489883955455639,0.0
validation,1492,receptor_ligand_only,5.34,4.646761065943893,0.0
validation,1497,receptor_ligand_only,5.02,4.181792686405372,0.0
validation,1505,receptor_ligand_only,5.45,4.441270032450772,0.0
validation,1509,receptor_ligand_only,5.23,4.703507228550861,0.0
validation,1510,receptor_ligand_only,4.89,4.514798561899887,0.0
validation,1522,receptor_ligand_only,4.68,4.4546962873609095,0.0
validation,1524,receptor_ligand_only,4.82,4.443407094951372,0.0
validation,1539,receptor_ligand_only,5.51,4.6555350095543275,0.0
validation,1548,receptor_ligand_only,4.24,3.6881025494297774,0.0
validation,1555,receptor_ligand_only,5.42,3.984271922724861,0.0
validation,1558,receptor_ligand_only,2.48,3.902640833205905,0.0
validation,1568,receptor_ligand_only,5.16,3.9843781675145324,0.0
validation,1569,receptor_ligand_only,4.88,3.8549741422093353,0.0
validation,1575,receptor_ligand_only,3.05,4.27263363272276,0.0
validation,1579,receptor_ligand_only,5.93,4.286982672919657,0.0
validation,1580,receptor_ligand_only,5.11,4.403441592443497,0.0
validation,1582,receptor_ligand_only,4.06,4.518434531841942,0.0
validation,1583,receptor_ligand_only,3.04,4.253430361680426,0.0
validation,1586,receptor_ligand_only,4.6,4.460872726998815,0.0
validation,1592,receptor_ligand_only,5.18,4.337687420181286,0.0
validation,1601,receptor_ligand_only,4.71,4.557073084645566,0.0
validation,1602,receptor_ligand_only,5.34,4.363510962118207,0.0
validation,1604,receptor_ligand_only,4.78,4.555256749891422,0.0
validation,1608,receptor_ligand_only,2.55,3.707452384464421,0.0
validation,1610,receptor_ligand_only,4.72,4.319879737014707,0.0
validation,1612,receptor_ligand_only,2.41,3.097385887441596,0.0
validation,1615,receptor_ligand_only,4.87,4.131284809294509,0.0
validation,1617,receptor_ligand_only,5.19,4.5850632693595585,0.0
validation,1622,receptor_ligand_only,5.19,4.5764671426750265,0.0
validation,1625,receptor_ligand_only,4.76,4.109914201870057,0.0
validation,1647,receptor_ligand_only,4.6,4.268580383466429,0.0
validation,1648,receptor_ligand_only,5.27,4.241846336272707,0.0
validation,1654,receptor_ligand_only,5.1,4.579499288249616,0.0
validation,1655,receptor_ligand_only,5.83,4.716876079699067,0.0
validation,1657,receptor_ligand_only,5.48,4.597265452801893,0.0
validation,1679,receptor_ligand_only,2.04,4.221750096604922,0.0
validation,1682,receptor_ligand_only,2.0,3.342765403079736,0.0
validation,1684,receptor_ligand_only,4.09,4.652606572297991,0.0
validation,1701,receptor_ligand_only,3.98,3.872880285812978,0.0
validation,1705,receptor_ligand_only,2.77,4.269572127084148,0.0
validation,1708,receptor_ligand_only,4.75,4.49534638822859,0.0
validation,1715,receptor_ligand_only,4.76,4.151966763760673,0.0
validation,1722,receptor_ligand_only,3.85,3.991838929369761,0.0
validation,1725,receptor_ligand_only,5.13,4.509505008682087,0.0
validation,1735,receptor_ligand_only,4.77,3.9737656757450956,0.0
validation,1753,receptor_ligand_only,2.77,4.266351172556211,0.0
validation,1759,receptor_ligand_only,2.95,3.9980277886640154,0.0
validation,1767,receptor_ligand_only,5.17,4.329564367175038,0.0
validation,1768,receptor_ligand_only,2.24,4.280607784855136,0.0
validation,1770,receptor_ligand_only,5.01,4.494398655228823,0.0
validation,1781,receptor_ligand_only,4.49,4.450160591032781,0.0
validation,1790,receptor_ligand_only,4.67,4.908226522013316,0.0
validation,1800,receptor_ligand_only,5.26,4.744244589113111,0.0
validation,1813,receptor_ligand_only,4.88,4.865340843002342,0.0
validation,1815,receptor_ligand_only,5.38,4.835636554608341,0.0
validation,1821,receptor_ligand_only,4.84,4.452185061283509,0.0
validation,1833,receptor_ligand_only,4.9,4.077375568800744,0.0
validation,1849,receptor_ligand_only,5.43,4.889485444839762,0.0
validation,1852,receptor_ligand_only,3.55,3.4433400435132637,0.0
validation,1856,receptor_ligand_only,4.64,5.031961764472801,0.0
validation,1860,receptor_ligand_only,4.75,4.105132998567595,0.0
validation,1862,receptor_ligand_only,5.11,4.3234643960039945,0.0
validation,1866,receptor_ligand_only,4.27,5.0860134156170815,0.0
validation,1877,receptor_ligand_only,5.28,4.226024392016933,0.0
validation,1882,receptor_ligand_only,5.15,4.3934384514433775,0.0
validation,1898,receptor_ligand_only,4.91,4.508406551669568,0.0
validation,1912,receptor_ligand_only,4.62,4.679922349002264,0.0
validation,1913,receptor_ligand_only,4.99,3.7617056884003346,0.0
validation,1914,receptor_ligand_only,5.16,4.140584092063709,0.0
validation,1917,receptor_ligand_only,4.48,4.288421814564369,0.0
validation,1923,receptor_ligand_only,5.1,4.031857115434157,0.0
validation,1942,receptor_ligand_only,5.54,4.443966630717566,0.0
validation,1950,receptor_ligand_only,5.11,3.987426916159728,0.0
validation,1962,receptor_ligand_only,1.8,4.145815315932085,0.0
validation,1964,receptor_ligand_only,4.79,3.7865163110656646,0.0
validation,1970,receptor_ligand_only,2.84,4.261612574727869,0.0
validation,1983,receptor_ligand_only,4.99,3.751210746512625,0.0
validation,1985,receptor_ligand_only,5.33,4.751477798146829,0.0
validation,1986,receptor_ligand_only,4.98,5.190983327356344,0.0
validation,1993,receptor_ligand_only,4.47,4.429526297104472,0.0
validation,1996,receptor_ligand_only,4.11,4.176426097645594,0.0
validation,1998,receptor_ligand_only,4.92,3.985893591572177,0.0
validation,2000,receptor_ligand_only,4.609999999999999,4.566304170405504,0.0
validation,2003,receptor_ligand_only,5.25,4.2472547794505635,0.0
validation,2006,receptor_ligand_only,4.84,4.328806087078563,0.0
validation,2013,receptor_ligand_only,4.73,4.234181827798563,0.0
validation,2018,receptor_ligand_only,5.28,4.727940599879009,0.0
validation,2019,receptor_ligand_only,5.82,5.308593638353011,0.0
validation,2024,receptor_ligand_only,4.48,4.151274964412059,0.0
validation,2032,receptor_ligand_only,5.71,4.016241357840949,0.0
validation,2043,receptor_ligand_only,3.0,4.611565697843524,0.0
validation,2056,receptor_ligand_only,2.14,3.9239730151193424,0.0
validation,2057,receptor_ligand_only,3.88,4.000421633967391,0.0
validation,2063,receptor_ligand_only,4.4,4.228090966696739,0.0
validation,2073,receptor_ligand_only,4.76,4.396572076539883,0.0
validation,2076,receptor_ligand_only,3.5,4.380627652152763,0.0
validation,2080,receptor_ligand_only,4.93,4.1617213213114,0.0
validation,2081,receptor_ligand_only,4.8,3.6991834066284146,0.0
validation,2084,receptor_ligand_only,4.73,4.312644976918229,0.0
validation,2085,receptor_ligand_only,5.3,4.017731033222074,0.0
validation,2096,receptor_ligand_only,5.22,4.213205418156019,0.0
validation,2102,receptor_ligand_only,3.79,4.193774845148111,0.0
validation,2103,receptor_ligand_only,2.45,3.304143673487217,0.0
validation,2106,receptor_ligand_only,3.66,3.925283649879656,0.0
validation,2107,receptor_ligand_only,5.81,4.651790849613253,0.0
validation,2109,receptor_ligand_only,4.73,3.8654324239131537,0.0
validation,2116,receptor_ligand_only,1.85,4.9180040983138875,0.0
validation,2117,receptor_ligand_only,5.63,4.486250211971007,0.0
validation,2127,receptor_ligand_only,5.12,4.406784874607125,0.0
validation,2128,receptor_ligand_only,4.63,4.120863771876014,0.0
validation,2136,receptor_ligand_only,5.22,3.946451921778379,0.0
validation,2143,receptor_ligand_only,3.08,3.885862475221681,0.0
validation,2148,receptor_ligand_only,5.22,3.985950671043991,0.0
validation,2156,receptor_ligand_only,3.81,5.057339433307911,0.0
validation,2158,receptor_ligand_only,4.07,4.543363150783239,0.0
validation,2162,receptor_ligand_only,2.45,3.837525258062254,0.0
validation,2182,receptor_ligand_only,2.1,2.7344791013508356,0.0
validation,2187,receptor_ligand_only,3.72,4.103891564034083,0.0
validation,2189,receptor_ligand_only,5.53,3.931032548847267,0.0
validation,2191,receptor_ligand_only,5.31,4.206903489694632,0.0
validation,2194,receptor_ligand_only,5.35,4.012474164315674,0.0
validation,2199,receptor_ligand_only,3.95,4.178847563242313,0.0
validation,2202,receptor_ligand_only,4.98,4.648564533844186,0.0
validation,2209,receptor_ligand_only,5.33,4.093913490566634,0.0
validation,2210,receptor_ligand_only,5.16,4.643386673822284,0.0
validation,2213,receptor_ligand_only,4.92,4.0455857697132505,0.0
validation,2215,receptor_ligand_only,5.27,4.522801271373213,0.0
validation,2217,receptor_ligand_only,4.6,4.349272539965883,0.0
validation,2220,receptor_ligand_only,2.63,3.594812018033232,0.0
validation,2222,receptor_ligand_only,5.28,4.312304802655221,0.0
validation,2226,receptor_ligand_only,4.84,4.5957038417349665,0.0
validation,2244,receptor_ligand_only,2.8,3.9409913796533016,0.0
validation,2253,receptor_ligand_only,4.74,4.219967849814487,0.0
validation,2264,receptor_ligand_only,4.87,4.408760969051883,0.0
validation,2274,receptor_ligand_only,4.47,5.67369218263428,0.0
validation,2275,receptor_ligand_only,5.47,4.243281820476436,0.0
validation,2277,receptor_ligand_only,4.75,4.50672013859794,0.0
validation,2278,receptor_ligand_only,2.65,3.2682242932139003,0.0
validation,2288,receptor_ligand_only,2.94,3.9226165848685466,0.0
validation,2292,receptor_ligand_only,4.54,4.249836338739286,0.0
validation,2293,receptor_ligand_only,4.3,4.201574493891764,0.0
validation,2295,receptor_ligand_only,4.48,3.589258005221466,0.0
validation,2296,receptor_ligand_only,5.0,4.294470746747417,0.0
validation,2301,receptor_ligand_only,5.33,5.008612537749856,0.0
validation,2307,receptor_ligand_only,5.43,4.343576071422254,0.0
validation,2308,receptor_ligand_only,2.95,4.795099483088035,0.0
validation,2319,receptor_ligand_only,4.84,4.256373200277667,0.0
validation,2329,receptor_ligand_only,4.58,4.258357603449281,0.0
validation,2331,receptor_ligand_only,4.73,4.45544472731012,0.0
validation,2338,receptor_ligand_only,5.0,4.1069099941271325,0.0
validation,2340,receptor_ligand_only,2.5,3.9783802248946216,0.0
validation,2344,receptor_ligand_only,3.2,3.992627072290851,0.0
validation,2345,receptor_ligand_only,5.45,4.453784465203362,0.0
validation,2349,receptor_ligand_only,3.9,3.7406363851675994,0.0
validation,2350,receptor_ligand_only,1.82,4.406617371966791,0.0
validation,2352,receptor_ligand_only,1.98,4.6481713406059,0.0
validation,2356,receptor_ligand_only,5.795,4.502273640021039,0.0
validation,2359,receptor_ligand_only,5.91,4.780552401150068,0.0
validation,2367,receptor_ligand_only,2.82,4.253961630878477,0.0
validation,2368,receptor_ligand_only,1.97,3.300695600681015,0.0
validation,2374,receptor_ligand_only,4.94,3.8339479756129875,0.0
validation,2376,receptor_ligand_only,5.48,4.056450159198937,0.0
validation,2385,receptor_ligand_only,4.79,4.943938921119844,0.0
validation,2387,receptor_ligand_only,2.27,4.436793046344943,0.0
validation,2391,receptor_ligand_only,5.14,3.8804735256068654,0.0
validation,2392,receptor_ligand_only,4.34,4.51644522779189,0.0
validation,2405,receptor_ligand_only,3.27,4.148097234070356,0.0
validation,2414,receptor_ligand_only,5.1,4.674968621330781,0.0
validation,2415,receptor_ligand_only,4.67,3.812816952037626,0.0
validation,2421,receptor_ligand_only,5.29,4.476783221022867,0.0
validation,2425,receptor_ligand_only,4.5,4.7765401996751065,0.0
validation,2433,receptor_ligand_only,3.24,4.058357556231019,0.0
validation,2444,receptor_ligand_only,5.19,4.346638494369671,0.0
validation,2446,receptor_ligand_only,4.5,3.9326362138739235,0.0
validation,2451,receptor_ligand_only,5.3,4.366806968764793,0.0
validation,2459,receptor_ligand_only,5.24,3.886408189140137,0.0
validation,2467,receptor_ligand_only,5.09,4.054354870387867,0.0
validation,2470,receptor_ligand_only,4.83,4.179412990267567,0.0
validation,2476,receptor_ligand_only,3.9,4.4640421860930655,0.0
validation,2481,receptor_ligand_only,4.53,3.9935145699573193,0.0
validation,2483,receptor_ligand_only,5.04,4.331960629410504,0.0
validation,2484,receptor_ligand_only,6.04,4.592828466462599,0.0
validation,2491,receptor_ligand_only,3.4,4.069975722682266,0.0
validation,2496,receptor_ligand_only,5.3,4.294592010097721,0.0
validation,2503,receptor_ligand_only,3.79,3.5443502847122303,0.0
validation,2504,receptor_ligand_only,5.04,4.695248166949241,0.0
validation,2505,receptor_ligand_only,4.81,4.2592198880652,0.0
validation,2507,receptor_ligand_only,4.9,4.3402294521347695,0.0
validation,2512,receptor_ligand_only,5.06,4.251625147026182,0.0
validation,2513,receptor_ligand_only,5.45,4.27692105633991,0.0
validation,2526,receptor_ligand_only,5.16,5.007091838589262,0.0
validation,2527,receptor_ligand_only,5.16,4.942641585994786,0.0
validation,2531,receptor_ligand_only,5.67,4.353702569992733,0.0
validation,2540,receptor_ligand_only,5.26,4.619503153385845,0.0
validation,2546,receptor_ligand_only,4.45,4.447331474255483,0.0
validation,2547,receptor_ligand_only,2.01,4.511937067940627,0.0
validation,2549,receptor_ligand_only,4.66,4.516702621631206,0.0
validation,2553,receptor_ligand_only,1.81,4.563458841036819,0.0
validation,2555,receptor_ligand_only,5.09,4.612042161293441,0.0
validation,2557,receptor_ligand_only,5.22,4.194564014977937,0.0
validation,2561,receptor_ligand_only,5.39,4.349616902050521,0.0
validation,2567,receptor_ligand_only,5.0,4.570376777626123,0.0
validation,2571,receptor_ligand_only,4.53,4.106690332791952,0.0
validation,2576,receptor_ligand_only,5.19,4.735823190801232,0.0
validation,2581,receptor_ligand_only,4.77,4.725210979056077,0.0
validation,2584,receptor_ligand_only,4.76,4.282643252556066,0.0
validation,2585,receptor_ligand_only,4.85,5.10469978398167,0.0
validation,2592,receptor_ligand_only,5.8,4.306456596588004,0.0
validation,2597,receptor_ligand_only,5.3,5.317973654156464,0.0
validation,2598,receptor_ligand_only,5.23,4.303395289296746,0.0
validation,2603,receptor_ligand_only,4.53,4.243733401651734,0.0
validation,2608,receptor_ligand_only,4.93,4.526669832024617,0.0
validation,2615,receptor_ligand_only,3.36,4.172556114234237,0.0
validation,2618,receptor_ligand_only,4.81,4.302167462357645,0.0
validation,2619,receptor_ligand_only,3.2,5.048693299996756,0.0
validation,2621,receptor_ligand_only,2.01,3.609806188278604,0.0
validation,2624,receptor_ligand_only,4.75,4.032247189681086,0.0
validation,2627,receptor_ligand_only,5.01,4.081679778019942,0.0
validation,2633,receptor_ligand_only,2.2,3.943617059100659,0.0
validation,2635,receptor_ligand_only,4.9,4.604811199582761,0.0
validation,2638,receptor_ligand_only,3.36,3.716053957767903,0.0
validation,2642,receptor_ligand_only,3.79,4.38410834026072,0.0
validation,2648,receptor_ligand_only,5.28,4.266363091116269,0.0
validation,2649,receptor_ligand_only,5.37,4.5025367950640875,0.0
validation,2655,receptor_ligand_only,3.18,3.3111263605599985,0.0
validation,2661,receptor_ligand_only,4.63,4.390355944842991,0.0
validation,2665,receptor_ligand_only,5.98,4.123163523319617,0.0
validation,2673,receptor_ligand_only,4.82,4.0731504213487835,0.0
validation,2676,receptor_ligand_only,4.97,4.425052330596638,0.0
validation,2678,receptor_ligand_only,1.67,3.877838750385638,0.0
validation,2683,receptor_ligand_only,5.21,4.294584728126509,0.0
validation,2693,receptor_ligand_only,4.61,3.9014133786341487,0.0
validation,2694,receptor_ligand_only,5.57,4.393820780422888,0.0
validation,2696,receptor_ligand_only,5.24,4.237566350559395,0.0
validation,2699,receptor_ligand_only,2.78,3.561597619479658,0.0
validation,2703,receptor_ligand_only,5.33,6.052793033311186,0.0
validation,2705,receptor_ligand_only,3.93,4.238625565985839,0.0
validation,2707,receptor_ligand_only,5.37,4.783455165730018,0.0
validation,2709,receptor_ligand_only,4.17,3.948557660647601,0.0
validation,2713,receptor_ligand_only,4.26,4.059115644004237,0.0
validation,2716,receptor_ligand_only,5.14,4.3512418656360285,0.0
validation,2724,receptor_ligand_only,5.31,4.509419345218287,0.0
validation,2733,receptor_ligand_only,4.99,4.2143153538695,0.0
validation,2735,receptor_ligand_only,4.82,3.9251784240990957,0.0
validation,2738,receptor_ligand_only,5.12,4.140313494418164,0.0
validation,2742,receptor_ligand_only,3.39,4.032231676564898,0.0
validation,2744,receptor_ligand_only,5.64,6.008103426544893,0.0
validation,2749,receptor_ligand_only,2.81,3.7763343157517832,0.0
validation,2751,receptor_ligand_only,5.28,4.208095648867234,0.0
validation,2756,receptor_ligand_only,4.57,4.18496383126456,0.0
validation,2760,receptor_ligand_only,5.33,4.311360542930175,0.0
validation,2761,receptor_ligand_only,3.95,4.3035861708893695,0.0
validation,2771,receptor_ligand_only,2.6,3.6677279394763733,0.0
validation,2784,receptor_ligand_only,2.84,4.418042464796325,0.0
validation,2786,receptor_ligand_only,4.96,4.123925555944412,0.0
validation,2791,receptor_ligand_only,5.35,4.678533824120051,0.0
validation,2793,receptor_ligand_only,3.1,4.195723837080845,0.0
validation,2794,receptor_ligand_only,4.7,4.547635222992141,0.0
validation,2795,receptor_ligand_only,4.56,4.031712602233518,0.0
validation,2796,receptor_ligand_only,4.78,4.073299935588532,0.0
validation,2807,receptor_ligand_only,3.24,3.6480242452244154,0.0
validation,2815,receptor_ligand_only,4.63,3.8702242601713617,0.0
validation,2818,receptor_ligand_only,3.98,4.329571338255202,0.0
validation,2825,receptor_ligand_only,2.45,3.473689441630122,0.0
validation,2841,receptor_ligand_only,5.33,4.30733580832486,0.0
validation,2850,receptor_ligand_only,5.1,4.133474233095867,0.0
validation,2853,receptor_ligand_only,3.98,3.6727371500851382,0.0
validation,2856,receptor_ligand_only,1.77,4.498694499081032,0.0
validation,2857,receptor_ligand_only,3.47,4.174251499222113,0.0
validation,2859,receptor_ligand_only,5.16,4.278369629839351,0.0
validation,2866,receptor_ligand_only,6.16,4.468749816051883,0.0
validation,2867,receptor_ligand_only,4.45,4.513354258361402,0.0
validation,2869,receptor_ligand_only,5.07,4.179404378739219,0.0
validation,2879,receptor_ligand_only,2.87,4.1293182361520495,0.0
validation,2882,receptor_ligand_only,4.82,4.11791573698992,0.0
validation,2891,receptor_ligand_only,5.53,4.601589170023657,0.0
validation,2904,receptor_ligand_only,4.49,4.6207224368537485,0.0
validation,2907,receptor_ligand_only,4.58,4.789799817194697,0.0
validation,2914,receptor_ligand_only,5.47,4.3545295495673475,0.0
validation,2916,receptor_ligand_only,5.82,4.4905375161320515,0.0
validation,2924,receptor_ligand_only,3.26,4.23666654616678,0.0
validation,2933,receptor_ligand_only,4.97,3.808671381512311,0.0
validation,2954,receptor_ligand_only,5.14,4.197653674559643,0.0
validation,2955,receptor_ligand_only,3.22,4.34873158426356,0.0
validation,2957,receptor_ligand_only,4.62,4.7406019380030875,0.0
validation,2964,receptor_ligand_only,1.79,4.131950033514699,0.0
validation,2970,receptor_ligand_only,5.03,4.150434392165341,0.0
validation,2972,receptor_ligand_only,3.34,3.705850945714507,0.0
validation,2974,receptor_ligand_only,4.83,4.397975297243545,0.0
validation,2975,receptor_ligand_only,4.93,4.25322067188302,0.0
validation,2979,receptor_ligand_only,5.26,4.961763137388874,0.0
validation,2986,receptor_ligand_only,2.28,3.968815846031541,0.0
validation,2997,receptor_ligand_only,5.03,4.50154420690041,0.0
validation,2998,receptor_ligand_only,5.8,4.101841209026075,0.0
validation,3007,receptor_ligand_only,5.64,4.246128489063195,0.0
validation,3022,receptor_ligand_only,5.1,4.609332125358506,0.0
validation,3024,receptor_ligand_only,4.1,4.140796999996953,0.0
validation,3025,receptor_ligand_only,5.51,4.388206630718758,0.0
validation,3031,receptor_ligand_only,5.28,3.9223289780847983,0.0
validation,3032,receptor_ligand_only,4.635,4.258160666177569,0.0
validation,3033,receptor_ligand_only,4.975,4.416895548272769,0.0
validation,3036,receptor_ligand_only,1.74,4.726594280382061,0.0
validation,3038,receptor_ligand_only,4.77,4.144813844247927,0.0
validation,3039,receptor_ligand_only,4.16,3.9703466776747756,0.0
validation,3045,receptor_ligand_only,4.92,4.561591969272741,0.0
validation,3051,receptor_ligand_only,4.26,4.435133669001865,0.0
validation,3055,receptor_ligand_only,5.06,4.112992097077616,0.0
validation,3060,receptor_ligand_only,5.37,4.268889925157439,0.0
validation,3075,receptor_ligand_only,2.75,4.207953991720847,0.0
validation,3077,receptor_ligand_only,4.19,4.259517256914819,0.0
validation,3078,receptor_ligand_only,4.78,4.6168739972903925,0.0
validation,3086,receptor_ligand_only,1.91,4.550376795236242,0.0
validation,3095,receptor_ligand_only,4.26,3.8007600833601782,0.0
validation,3110,receptor_ligand_only,4.11,4.542937986405105,0.0
validation,3118,receptor_ligand_only,4.54,4.899869899468753,0.0
validation,3120,receptor_ligand_only,3.36,4.368950555954736,0.0
validation,3121,receptor_ligand_only,4.36,3.7828695835511206,0.0
validation,3125,receptor_ligand_only,4.88,4.439216935140156,0.0
validation,3139,receptor_ligand_only,5.42,3.3946448361462354,0.0
validation,3145,receptor_ligand_only,4.24,4.654688101136718,0.0
validation,3154,receptor_ligand_only,5.55,5.652688760770762,0.0
validation,3162,receptor_ligand_only,3.21,4.1623753187598265,0.0
validation,3163,receptor_ligand_only,5.14,5.055732526268052,0.0
validation,3164,receptor_ligand_only,5.52,4.495970364295317,0.0
validation,3169,receptor_ligand_only,4.88,4.428882726467423,0.0
validation,3170,receptor_ligand_only,5.27,4.5069072624832165,0.0
validation,3183,receptor_ligand_only,5.31,4.196653877755683,0.0
validation,3184,receptor_ligand_only,4.79,4.413647626073936,0.0
validation,3185,receptor_ligand_only,2.82,3.3949625803879924,0.0
validation,3197,receptor_ligand_only,4.78,4.893715925062407,0.0
validation,3204,receptor_ligand_only,5.81,4.547119978256139,0.0
validation,3205,receptor_ligand_only,4.16,4.426441817419518,0.0
validation,3209,receptor_ligand_only,2.5,4.180381378752371,0.0
validation,3214,receptor_ligand_only,5.03,4.717387701786041,0.0
validation,3220,receptor_ligand_only,3.88,4.543026126414643,0.0
validation,3221,receptor_ligand_only,4.65,4.4107902848069225,0.0
validation,3233,receptor_ligand_only,4.25,3.7641212250865754,0.0
validation,3254,receptor_ligand_only,4.34,4.1990229384276185,0.0
validation,3258,receptor_ligand_only,5.31,4.3012680800581435,0.0
validation,3265,receptor_ligand_only,5.18,4.328073604436392,0.0
validation,3272,receptor_ligand_only,2.75,3.8425351123572575,0.0
validation,3275,receptor_ligand_only,4.51,3.8436542950848014,0.0
validation,3276,receptor_ligand_only,5.23,4.118763871291645,0.0
validation,3278,receptor_ligand_only,5.49,4.631706262648333,0.0
validation,3279,receptor_ligand_only,5.2,4.535853706474711,0.0
validation,3280,receptor_ligand_only,3.2,3.2201935075395616,0.0
validation,3287,receptor_ligand_only,4.89,3.7984524821958585,0.0
validation,3294,receptor_ligand_only,5.22,4.362245606742064,0.0
validation,3307,receptor_ligand_only,2.37,3.7670436758288135,0.0
validation,3312,receptor_ligand_only,5.865,4.458997536779896,0.0
validation,3313,receptor_ligand_only,3.67,4.355513256248532,0.0
validation,3321,receptor_ligand_only,5.01,4.413126744491122,0.0
validation,3331,receptor_ligand_only,5.95,4.615062109254424,0.0
validation,3346,receptor_ligand_only,3.99,4.492140417125028,0.0
validation,3347,receptor_ligand_only,4.33,4.146264911917592,0.0
validation,3351,receptor_ligand_only,1.78,4.034455793656177,0.0
validation,3352,receptor_ligand_only,3.86,3.5681860277915334,0.0
validation,3356,receptor_ligand_only,4.76,4.66918793932746,0.0
validation,3358,receptor_ligand_only,5.03,3.8505364156673205,0.0
validation,3360,receptor_ligand_only,4.34,4.2680625416160325,0.0
validation,3372,receptor_ligand_only,3.33,4.750272978651711,0.0
validation,3374,receptor_ligand_only,4.66,4.2519586920637495,0.0
validation,3381,receptor_ligand_only,2.05,3.407556230527365,0.0
validation,3383,receptor_ligand_only,5.29,4.696354078370677,0.0
validation,3387,receptor_ligand_only,5.55,4.936009092377705,0.0
validation,3390,receptor_ligand_only,2.95,4.601027305203939,0.0
validation,3406,receptor_ligand_only,2.54,5.11144341849446,0.0
validation,3412,receptor_ligand_only,5.38,4.569735494024057,0.0
validation,3415,receptor_ligand_only,4.8,4.021431666189362,0.0
validation,3420,receptor_ligand_only,2.16,4.083438441241882,0.0
validation,3427,receptor_ligand_only,4.45,4.083651045559649,0.0
validation,3428,receptor_ligand_only,5.35,3.849940213639699,0.0
validation,3432,receptor_ligand_only,5.78,5.206510732204139,0.0
validation,3433,receptor_ligand_only,1.9,4.56956728942872,0.0
validation,3435,receptor_ligand_only,5.31,4.4001168636587025,0.0
validation,3443,receptor_ligand_only,4.95,4.5946068855487185,0.0
validation,3451,receptor_ligand_only,5.2,4.550163247963033,0.0
validation,3454,receptor_ligand_only,5.6,5.025528552153936,0.0
validation,3465,receptor_ligand_only,4.85,4.190865331859108,0.0
validation,3469,receptor_ligand_only,4.48,4.31420113440309,0.0
validation,3474,receptor_ligand_only,4.05,4.349134150706671,0.0
validation,3498,receptor_ligand_only,4.41,4.008912493870463,0.0
validation,3500,receptor_ligand_only,4.79,4.573748436632571,0.0
validation,3504,receptor_ligand_only,4.28,4.157014863313536,0.0
validation,3505,receptor_ligand_only,4.859999999999999,4.616928417580222,0.0
validation,3515,receptor_ligand_only,4.38,4.266331984823208,0.0
validation,3517,receptor_ligand_only,4.97,4.273552025173831,0.0
validation,3518,receptor_ligand_only,1.88,3.510102157615653,0.0
validation,3519,receptor_ligand_only,1.84,3.397327029814374,0.0
validation,3521,receptor_ligand_only,5.66,4.6999506767212225,0.0
validation,3532,receptor_ligand_only,4.63,4.525788614978034,0.0
validation,3536,receptor_ligand_only,5.84,4.555918454636753,0.0
validation,3538,receptor_ligand_only,4.85,4.025678803826135,0.0
validation,3547,receptor_ligand_only,5.33,4.7497083029877105,0.0
validation,3556,receptor_ligand_only,5.21,4.797236000815696,0.0
validation,3557,receptor_ligand_only,5.4,4.29069854647923,0.0
validation,3559,receptor_ligand_only,4.63,4.23965022150971,0.0
validation,3560,receptor_ligand_only,4.75,4.524234181421451,0.0
validation,3566,receptor_ligand_only,5.61,3.891083246354227,0.0
validation,3567,receptor_ligand_only,3.06,3.9170097337073146,0.0
validation,3592,receptor_ligand_only,4.2,4.112338163925776,0.0
validation,3595,receptor_ligand_only,4.93,4.234686869016498,0.0
validation,3603,receptor_ligand_only,4.97,3.9996771465248564,0.0
validation,3605,receptor_ligand_only,4.92,4.318239962259777,0.0
validation,3606,receptor_ligand_only,5.3,4.394024383957794,0.0
validation,3608,receptor_ligand_only,5.15,3.718959810241368,0.0
validation,3609,receptor_ligand_only,4.67,4.166542630027759,0.0
validation,3614,receptor_ligand_only,3.64,5.05925002307875,0.0
validation,3623,receptor_ligand_only,4.86,4.897681239514908,0.0
validation,3624,receptor_ligand_only,3.99,4.134100790708363,0.0
validation,3632,receptor_ligand_only,5.54,4.378895946242399,0.0
validation,3634,receptor_ligand_only,3.93,4.587181282079503,0.0
validation,3635,receptor_ligand_only,5.06,4.043470804864729,0.0
validation,3636,receptor_ligand_only,4.5,4.887413203491834,0.0
validation,3656,receptor_ligand_only,3.9,4.799866037518343,0.0
validation,3662,receptor_ligand_only,4.53,4.024152519273014,0.0
validation,3667,receptor_ligand_only,1.82,3.9130691473823385,0.0
validation,3669,receptor_ligand_only,6.605,4.198104934362281,0.0
validation,3673,receptor_ligand_only,5.01,3.9968329007424455,0.0
validation,3680,receptor_ligand_only,4.58,4.035481191379879,0.0
validation,3686,receptor_ligand_only,4.22,4.217544077208809,0.0
validation,3699,receptor_ligand_only,5.01,4.469830994736563,0.0
validation,3705,receptor_ligand_only,4.95,4.77793122680576,0.0
validation,3707,receptor_ligand_only,4.92,4.670998105305573,0.0
validation,3710,receptor_ligand_only,4.86,5.128295552138922,0.0
validation,3721,receptor_ligand_only,5.23,4.788341040218501,0.0
validation,3743,receptor_ligand_only,6.6850000000000005,4.290239690624124,0.0
validation,3746,receptor_ligand_only,3.59,4.015482142767541,0.0
validation,3747,receptor_ligand_only,3.78,4.465465205697975,0.0
validation,3752,receptor_ligand_only,4.52,4.00809073558791,0.0
validation,3753,receptor_ligand_only,4.58,4.740164594788715,0.0
validation,3755,receptor_ligand_only,2.98,4.114071875503503,0.0
validation,3757,receptor_ligand_only,2.44,4.416263321086564,0.0
validation,3762,receptor_ligand_only,3.95,4.213791864894566,0.0
validation,3773,receptor_ligand_only,4.8,4.290519698367014,0.0
validation,3778,receptor_ligand_only,4.96,4.30825894849971,0.0
validation,3779,receptor_ligand_only,4.46,4.324394306205158,0.0
validation,3782,receptor_ligand_only,4.42,3.887289190896266,0.0
validation,3785,receptor_ligand_only,5.33,4.365448162316756,0.0
validation,3792,receptor_ligand_only,4.6850000000000005,4.604113380671944,0.0
validation,3796,receptor_ligand_only,4.79,5.7311582211170435,0.0
validation,3800,receptor_ligand_only,4.99,4.815545868232632,0.0
validation,3802,receptor_ligand_only,4.16,3.918667910383688,0.0
validation,3805,receptor_ligand_only,4.49,4.514725070389959,0.0
validation,3810,receptor_ligand_only,5.03,4.532177554700344,0.0
validation,3822,receptor_ligand_only,5.38,4.906472206338244,0.0
validation,3825,receptor_ligand_only,5.34,4.316640477526152,0.0
validation,3826,receptor_ligand_only,5.04,5.286857161007901,0.0
validation,3835,receptor_ligand_only,4.755,3.734533929438542,0.0
validation,3841,receptor_ligand_only,4.22,5.149098867200605,0.0
validation,3843,receptor_ligand_only,4.56,3.8299616714452394,0.0
validation,3847,receptor_ligand_only,3.24,4.805299769553058,0.0
validation,3861,receptor_ligand_only,4.2,3.9387101322109395,0.0
validation,3864,receptor_ligand_only,4.96,4.044283495555808,0.0
validation,3868,receptor_ligand_only,5.28,3.9355944390985127,0.0
validation,3870,receptor_ligand_only,5.01,4.619095672413497,0.0
validation,3872,receptor_ligand_only,4.92,4.002067654591462,0.0
validation,3874,receptor_ligand_only,5.3,4.352414314172713,0.0
validation,3875,receptor_ligand_only,5.58,3.701821431432511,0.0
validation,3891,receptor_ligand_only,2.68,4.306061640310844,0.0
validation,3910,receptor_ligand_only,5.36,4.469694424573373,0.0
validation,3914,receptor_ligand_only,4.0,3.803942994121713,0.0
validation,3927,receptor_ligand_only,3.91,4.9347342319047,0.0
validation,3929,receptor_ligand_only,3.41,3.765810335344784,0.0
validation,3931,receptor_ligand_only,5.24,5.3548121316663,0.0
validation,3932,receptor_ligand_only,3.71,3.8320952711631087,0.0
validation,3943,receptor_ligand_only,2.91,3.527256047825678,0.0
validation,3947,receptor_ligand_only,3.97,4.325500268500214,0.0
validation,3954,receptor_ligand_only,5.06,4.020850006868832,0.0
validation,3970,receptor_ligand_only,1.74,4.220150160586543,0.0
validation,3984,receptor_ligand_only,3.99,4.434102279291787,0.0
validation,3986,receptor_ligand_only,2.92,3.503945396914168,0.0
validation,4008,receptor_ligand_only,4.78,4.877660571698453,0.0
validation,4013,receptor_ligand_only,4.22,4.408786296315772,0.0
validation,4014,receptor_ligand_only,4.99,3.9948757415273843,0.0
validation,4032,receptor_ligand_only,4.66,4.274817635312192,0.0
validation,4037,receptor_ligand_only,6.225,4.343613815526515,0.0
validation,4049,receptor_ligand_only,1.97,4.720670377375638,0.0
validation,4060,receptor_ligand_only,4.83,4.281112236257758,0.0
validation,4063,receptor_ligand_only,5.33,3.95805884406964,0.0
validation,4065,receptor_ligand_only,4.54,4.181282254308862,0.0
validation,4078,receptor_ligand_only,4.64,4.078469384446048,0.0
validation,4087,receptor_ligand_only,4.98,4.949444889577627,0.0
validation,4091,receptor_ligand_only,3.96,5.23962751159711,0.0
validation,4096,receptor_ligand_only,5.57,4.907190954506435,0.0
validation,4100,receptor_ligand_only,4.45,4.220959877132996,0.0
validation,4108,receptor_ligand_only,4.48,4.23397310783132,0.0
validation,4110,receptor_ligand_only,5.15,4.761324934255842,0.0
validation,4125,receptor_ligand_only,6.27,5.227874853179429,0.0
validation,4133,receptor_ligand_only,4.18,4.283488340432031,0.0
