scope,budget,fold,feature,target,method,adjustment,actual_covariates,n,nuisance_rank,correlation
native_unique,unique,pooled,norm_l2,MW,pearson,none,,3344,1,-0.41638995505307047
native_unique,unique,pooled,norm_l2,MW,pearson,fold_potency_charge,fold;y_true;prepared_formal_charge,3344,11,-0.31377020963572805
native_unique,unique,pooled,norm_l2,MW,pearson,fold_potency_charge_MW,fold;y_true;prepared_formal_charge,3344,11,-0.31377020963572805
native_unique,unique,pooled,norm_l2,MW,spearman,none,,3344,1,-0.31490397784609336
native_unique,unique,pooled,norm_l2,MW,spearman,fold_potency_charge,fold;y_true;prepared_formal_charge,3344,11,-0.19371986891264642
native_unique,unique,pooled,norm_l2,MW,spearman,fold_potency_charge_MW,fold;y_true;prepared_formal_charge,3344,11,-0.19371986891264642
native_unique,unique,pooled,norm_l2,heavy_atoms,pearson,none,,3344,1,-0.421709413603772
native_unique,unique,pooled,norm_l2,heavy_atoms,pearson,fold_potency_charge,fold;y_true;prepared_formal_charge,3344,11,-0.32272659723374225
native_unique,unique,pooled,norm_l2,heavy_atoms,pearson,fold_potency_charge_MW,fold;y_true;prepared_formal_charge;MW,3344,12,-0.08300834208557216
native_unique,unique,pooled,norm_l2,heavy_atoms,spearman,none,,3344,1,-0.31462486802639306
native_unique,unique,pooled,norm_l2,heavy_atoms,spearman,fold_potency_charge,fold;y_true;prepared_formal_charge,3344,11,-0.19752826361059736
native_unique,unique,pooled,norm_l2,heavy_atoms,spearman,fold_potency_charge_MW,fold;y_true;prepared_formal_charge;MW,3344,12,-0.05470047688213311
native_unique,unique,pooled,norm_l2,prepared_formal_charge,pearson,none,,3344,1,0.07085644490985483
native_unique,unique,pooled,norm_l2,prepared_formal_charge,pearson,fold_potency_charge,fold;y_true,3344,6,0.09639194276039068
native_unique,unique,pooled,norm_l2,prepared_formal_charge,pearson,fold_potency_charge_MW,fold;y_true;MW,3344,7,0.1570448276118993
native_unique,unique,pooled,norm_l2,prepared_formal_charge,spearman,none,,3344,1,0.10227387696674971
native_unique,unique,pooled,norm_l2,prepared_formal_charge,spearman,fold_potency_charge,fold;y_true,3344,6,0.12928188546496963
native_unique,unique,pooled,norm_l2,prepared_formal_charge,spearman,fold_potency_charge_MW,fold;y_true;MW,3344,7,0.15963711736289837
native_unique,unique,pooled,norm_l2,prepared_is_charged,pearson,none,,3344,1,0.30243795419786373
native_unique,unique,pooled,norm_l2,prepared_is_charged,pearson,fold_potency_charge,fold;y_true;prepared_formal_charge,3344,11,
native_unique,unique,pooled,norm_l2,prepared_is_charged,pearson,fold_potency_charge_MW,fold;y_true;prepared_formal_charge;MW,3344,12,
native_unique,unique,pooled,norm_l2,prepared_is_charged,spearman,none,,3344,1,0.31328427107234325
native_unique,unique,pooled,norm_l2,prepared_is_charged,spearman,fold_potency_charge,fold;y_true;prepared_formal_charge,3344,11,0.002129678905997084
native_unique,unique,pooled,norm_l2,prepared_is_charged,spearman,fold_potency_charge_MW,fold;y_true;prepared_formal_charge;MW,3344,12,0.00010381548618945398
native_unique,unique,pooled,norm_l2,y_true,pearson,none,,3344,1,-0.3649195903311086
native_unique,unique,pooled,norm_l2,y_true,pearson,fold_potency_charge,fold;prepared_formal_charge,3344,10,-0.29491262432077325
native_unique,unique,pooled,norm_l2,y_true,pearson,fold_potency_charge_MW,fold;prepared_formal_charge;MW,3344,11,-0.19934123340157583
native_unique,unique,pooled,norm_l2,y_true,spearman,none,,3344,1,-0.43215375644681897
native_unique,unique,pooled,norm_l2,y_true,spearman,fold_potency_charge,fold;prepared_formal_charge,3344,10,-0.3732850636844768
native_unique,unique,pooled,norm_l2,y_true,spearman,fold_potency_charge_MW,fold;prepared_formal_charge;MW,3344,11,-0.31928710728257526
native_unique,unique,pooled,norm_l2,native_cached,pearson,none,,3344,1,-0.3576859051526465
native_unique,unique,pooled,norm_l2,native_cached,pearson,fold_potency_charge,fold;y_true;prepared_formal_charge,3344,11,-0.2347346788150908
native_unique,unique,pooled,norm_l2,native_cached,pearson,fold_potency_charge_MW,fold;y_true;prepared_formal_charge;MW,3344,12,-0.13431515889080362
native_unique,unique,pooled,norm_l2,native_cached,spearman,none,,3344,1,-0.5255364769693797
native_unique,unique,pooled,norm_l2,native_cached,spearman,fold_potency_charge,fold;y_true;prepared_formal_charge,3344,11,-0.41564144699523864
native_unique,unique,pooled,norm_l2,native_cached,spearman,fold_potency_charge_MW,fold;y_true;prepared_formal_charge;MW,3344,12,-0.3843559922672592
native_unique,unique,pooled,centered_norm_l2,MW,pearson,none,,3344,1,-0.3475611302002304
native_unique,unique,pooled,centered_norm_l2,MW,pearson,fold_potency_charge,fold;y_true;prepared_formal_charge,3344,11,-0.25697418916412024
native_unique,unique,pooled,centered_norm_l2,MW,pearson,fold_potency_charge_MW,fold;y_true;prepared_formal_charge,3344,11,-0.25697418916412024
native_unique,unique,pooled,centered_norm_l2,MW,spearman,none,,3344,1,-0.15524915942531767
native_unique,unique,pooled,centered_norm_l2,MW,spearman,fold_potency_charge,fold;y_true;prepared_formal_charge,3344,11,-0.08348169418556366
native_unique,unique,pooled,centered_norm_l2,MW,spearman,fold_potency_charge_MW,fold;y_true;prepared_formal_charge,3344,11,-0.08348169418556366
native_unique,unique,pooled,centered_norm_l2,heavy_atoms,pearson,none,,3344,1,-0.36103684249432716
native_unique,unique,pooled,centered_norm_l2,heavy_atoms,pearson,fold_potency_charge,fold;y_true;prepared_formal_charge,3344,11,-0.2744604209247869
native_unique,unique,pooled,centered_norm_l2,heavy_atoms,pearson,fold_potency_charge_MW,fold;y_true;prepared_formal_charge;MW,3344,12,-0.10058699467988372
native_unique,unique,pooled,centered_norm_l2,heavy_atoms,spearman,none,,3344,1,-0.18459647508973903
native_unique,unique,pooled,centered_norm_l2,heavy_atoms,spearman,fold_potency_charge,fold;y_true;prepared_formal_charge,3344,11,-0.11764024922196435
native_unique,unique,pooled,centered_norm_l2,heavy_atoms,spearman,fold_potency_charge_MW,fold;y_true;prepared_formal_charge;MW,3344,12,-0.09719024554961025
native_unique,unique,pooled,centered_norm_l2,prepared_formal_charge,pearson,none,,3344,1,0.047998961646578645
native_unique,unique,pooled,centered_norm_l2,prepared_formal_charge,pearson,fold_potency_charge,fold;y_true,3344,6,0.06559972777871652
native_unique,unique,pooled,centered_norm_l2,prepared_formal_charge,pearson,fold_potency_charge_MW,fold;y_true;MW,3344,7,0.11379793127730199
native_unique,unique,pooled,centered_norm_l2,prepared_formal_charge,spearman,none,,3344,1,0.03391250972834068
native_unique,unique,pooled,centered_norm_l2,prepared_formal_charge,spearman,fold_potency_charge,fold;y_true,3344,6,0.041335832531002224
native_unique,unique,pooled,centered_norm_l2,prepared_formal_charge,spearman,fold_potency_charge_MW,fold;y_true;MW,3344,7,0.05521712372032516
native_unique,unique,pooled,centered_norm_l2,prepared_is_charged,pearson,none,,3344,1,0.26546130382417693
native_unique,unique,pooled,centered_norm_l2,prepared_is_charged,pearson,fold_potency_charge,fold;y_true;prepared_formal_charge,3344,11,
native_unique,unique,pooled,centered_norm_l2,prepared_is_charged,pearson,fold_potency_charge_MW,fold;y_true;prepared_formal_charge;MW,3344,12,
native_unique,unique,pooled,centered_norm_l2,prepared_is_charged,spearman,none,,3344,1,0.21113840532543804
native_unique,unique,pooled,centered_norm_l2,prepared_is_charged,spearman,fold_potency_charge,fold;y_true;prepared_formal_charge,3344,11,0.0009793765899953402
native_unique,unique,pooled,centered_norm_l2,prepared_is_charged,spearman,fold_potency_charge_MW,fold;y_true;prepared_formal_charge;MW,3344,12,3.6967953588413704e-05
native_unique,unique,pooled,centered_norm_l2,y_true,pearson,none,,3344,1,-0.28024397891965064
native_unique,unique,pooled,centered_norm_l2,y_true,pearson,fold_potency_charge,fold;prepared_formal_charge,3344,10,-0.20573088246004043
native_unique,unique,pooled,centered_norm_l2,y_true,pearson,fold_potency_charge_MW,fold;prepared_formal_charge;MW,3344,11,-0.12104007384686843
native_unique,unique,pooled,centered_norm_l2,y_true,spearman,none,,3344,1,-0.18316630438767706
native_unique,unique,pooled,centered_norm_l2,y_true,spearman,fold_potency_charge,fold;prepared_formal_charge,3344,10,-0.1182155019114773
native_unique,unique,pooled,centered_norm_l2,y_true,spearman,fold_potency_charge_MW,fold;prepared_formal_charge;MW,3344,11,-0.09029251532089491
native_unique,unique,pooled,centered_norm_l2,native_cached,pearson,none,,3344,1,-0.1491343335826364
native_unique,unique,pooled,centered_norm_l2,native_cached,pearson,fold_potency_charge,fold;y_true;prepared_formal_charge,3344,11,-0.026232796510497598
native_unique,unique,pooled,centered_norm_l2,native_cached,pearson,fold_potency_charge_MW,fold;y_true;prepared_formal_charge;MW,3344,12,0.07687421730290647
native_unique,unique,pooled,centered_norm_l2,native_cached,spearman,none,,3344,1,0.05218802178469274
native_unique,unique,pooled,centered_norm_l2,native_cached,spearman,fold_potency_charge,fold;y_true;prepared_formal_charge,3344,11,0.1597944514415447
native_unique,unique,pooled,centered_norm_l2,native_cached,spearman,fold_potency_charge_MW,fold;y_true;prepared_formal_charge;MW,3344,12,0.19046657277910356
native_unique,unique,pooled,member1_norm_l2,MW,pearson,none,,3344,1,-0.40400067756553676
native_unique,unique,pooled,member1_norm_l2,MW,pearson,fold_potency_charge,fold;y_true;prepared_formal_charge,3344,11,-0.306685397190268
native_unique,unique,pooled,member1_norm_l2,MW,pearson,fold_potency_charge_MW,fold;y_true;prepared_formal_charge,3344,11,-0.306685397190268
native_unique,unique,pooled,member1_norm_l2,MW,spearman,none,,3344,1,-0.3056228088031186
native_unique,unique,pooled,member1_norm_l2,MW,spearman,fold_potency_charge,fold;y_true;prepared_formal_charge,3344,11,-0.19175407962183702
native_unique,unique,pooled,member1_norm_l2,MW,spearman,fold_potency_charge_MW,fold;y_true;prepared_formal_charge,3344,11,-0.19175407962183702
native_unique,unique,pooled,member1_norm_l2,heavy_atoms,pearson,none,,3344,1,-0.4108939431970003
native_unique,unique,pooled,member1_norm_l2,heavy_atoms,pearson,fold_potency_charge,fold;y_true;prepared_formal_charge,3344,11,-0.31722709717995107
native_unique,unique,pooled,member1_norm_l2,heavy_atoms,pearson,fold_potency_charge_MW,fold;y_true;prepared_formal_charge;MW,3344,12,-0.08697928685540715
native_unique,unique,pooled,member1_norm_l2,heavy_atoms,spearman,none,,3344,1,-0.30797958478491916
native_unique,unique,pooled,member1_norm_l2,heavy_atoms,spearman,fold_potency_charge,fold;y_true;prepared_formal_charge,3344,11,-0.19808364371917922
native_unique,unique,pooled,member1_norm_l2,heavy_atoms,spearman,fold_potency_charge_MW,fold;y_true;prepared_formal_charge;MW,3344,12,-0.06003756620862856
native_unique,unique,pooled,member1_norm_l2,prepared_formal_charge,pearson,none,,3344,1,0.066568314713779
native_unique,unique,pooled,member1_norm_l2,prepared_formal_charge,pearson,fold_potency_charge,fold;y_true,3344,6,0.08972288087058695
native_unique,unique,pooled,member1_norm_l2,prepared_formal_charge,pearson,fold_potency_charge_MW,fold;y_true;MW,3344,7,0.14847440378897317
native_unique,unique,pooled,member1_norm_l2,prepared_formal_charge,spearman,none,,3344,1,0.096508929970968
native_unique,unique,pooled,member1_norm_l2,prepared_formal_charge,spearman,fold_potency_charge,fold;y_true,3344,6,0.11981902783975935
native_unique,unique,pooled,member1_norm_l2,prepared_formal_charge,spearman,fold_potency_charge_MW,fold;y_true;MW,3344,7,0.14967664987171675
native_unique,unique,pooled,member1_norm_l2,prepared_is_charged,pearson,none,,3344,1,0.29007606423062876
native_unique,unique,pooled,member1_norm_l2,prepared_is_charged,pearson,fold_potency_charge,fold;y_true;prepared_formal_charge,3344,11,
native_unique,unique,pooled,member1_norm_l2,prepared_is_charged,pearson,fold_potency_charge_MW,fold;y_true;prepared_formal_charge;MW,3344,12,
native_unique,unique,pooled,member1_norm_l2,prepared_is_charged,spearman,none,,3344,1,0.30152711553696926
native_unique,unique,pooled,member1_norm_l2,prepared_is_charged,spearman,fold_potency_charge,fold;y_true;prepared_formal_charge,3344,11,0.0017772615152514182
native_unique,unique,pooled,member1_norm_l2,prepared_is_charged,spearman,fold_potency_charge_MW,fold;y_true;prepared_formal_charge;MW,3344,12,0.00014052221516477813
native_unique,unique,pooled,member1_norm_l2,y_true,pearson,none,,3344,1,-0.34109635620475265
native_unique,unique,pooled,member1_norm_l2,y_true,pearson,fold_potency_charge,fold;prepared_formal_charge,3344,10,-0.27083598211196036
native_unique,unique,pooled,member1_norm_l2,y_true,pearson,fold_potency_charge_MW,fold;prepared_formal_charge;MW,3344,11,-0.1753432255132362
native_unique,unique,pooled,member1_norm_l2,y_true,spearman,none,,3344,1,-0.4017308249591049
native_unique,unique,pooled,member1_norm_l2,y_true,spearman,fold_potency_charge,fold;prepared_formal_charge,3344,10,-0.3409540254392494
native_unique,unique,pooled,member1_norm_l2,y_true,spearman,fold_potency_charge_MW,fold;prepared_formal_charge;MW,3344,11,-0.28611748814781984
native_unique,unique,pooled,member1_norm_l2,native_cached,pearson,none,,3344,1,-0.308027400078921
native_unique,unique,pooled,member1_norm_l2,native_cached,pearson,fold_potency_charge,fold;y_true;prepared_formal_charge,3344,11,-0.18526896146491884
native_unique,unique,pooled,member1_norm_l2,native_cached,pearson,fold_potency_charge_MW,fold;y_true;prepared_formal_charge;MW,3344,12,-0.08100444061257886
native_unique,unique,pooled,member1_norm_l2,native_cached,spearman,none,,3344,1,-0.4361528752448355
native_unique,unique,pooled,member1_norm_l2,native_cached,spearman,fold_potency_charge,fold;y_true;prepared_formal_charge,3344,11,-0.3149896433960562
native_unique,unique,pooled,member1_norm_l2,native_cached,spearman,fold_potency_charge_MW,fold;y_true;prepared_formal_charge;MW,3344,12,-0.27816731296143904
native_unique,unique,pooled,member2_norm_l2,MW,pearson,none,,3344,1,-0.3736751124458479
native_unique,unique,pooled,member2_norm_l2,MW,pearson,fold_potency_charge,fold;y_true;prepared_formal_charge,3344,11,-0.24011226243833314
native_unique,unique,pooled,member2_norm_l2,MW,pearson,fold_potency_charge_MW,fold;y_true;prepared_formal_charge,3344,11,-0.24011226243833314
native_unique,unique,pooled,member2_norm_l2,MW,spearman,none,,3344,1,-0.2883392123607073
native_unique,unique,pooled,member2_norm_l2,MW,spearman,fold_potency_charge,fold;y_true;prepared_formal_charge,3344,11,-0.17026293177074653
native_unique,unique,pooled,member2_norm_l2,MW,spearman,fold_potency_charge_MW,fold;y_true;prepared_formal_charge,3344,11,-0.17026293177074653
native_unique,unique,pooled,member2_norm_l2,heavy_atoms,pearson,none,,3344,1,-0.362296040097612
native_unique,unique,pooled,member2_norm_l2,heavy_atoms,pearson,fold_potency_charge,fold;y_true;prepared_formal_charge,3344,11,-0.22917907731391307
native_unique,unique,pooled,member2_norm_l2,heavy_atoms,pearson,fold_potency_charge_MW,fold;y_true;prepared_formal_charge;MW,3344,12,-0.003180061578993109
native_unique,unique,pooled,member2_norm_l2,heavy_atoms,spearman,none,,3344,1,-0.2757613733068165
native_unique,unique,pooled,member2_norm_l2,heavy_atoms,spearman,fold_potency_charge,fold;y_true;prepared_formal_charge,3344,11,-0.15973890574874008
native_unique,unique,pooled,member2_norm_l2,heavy_atoms,spearman,fold_potency_charge_MW,fold;y_true;prepared_formal_charge;MW,3344,12,-0.015949523427354145
native_unique,unique,pooled,member2_norm_l2,prepared_formal_charge,pearson,none,,3344,1,0.07827093434437282
native_unique,unique,pooled,member2_norm_l2,prepared_formal_charge,pearson,fold_potency_charge,fold;y_true,3344,6,0.11101120921684379
native_unique,unique,pooled,member2_norm_l2,prepared_formal_charge,pearson,fold_potency_charge_MW,fold;y_true;MW,3344,7,0.1564217974021286
native_unique,unique,pooled,member2_norm_l2,prepared_formal_charge,spearman,none,,3344,1,0.0993128027923288
native_unique,unique,pooled,member2_norm_l2,prepared_formal_charge,spearman,fold_potency_charge,fold;y_true,3344,6,0.1239043311418475
native_unique,unique,pooled,member2_norm_l2,prepared_formal_charge,spearman,fold_potency_charge_MW,fold;y_true;MW,3344,7,0.15006306575843933
native_unique,unique,pooled,member2_norm_l2,prepared_is_charged,pearson,none,,3344,1,0.29961998000030987
native_unique,unique,pooled,member2_norm_l2,prepared_is_charged,pearson,fold_potency_charge,fold;y_true;prepared_formal_charge,3344,11,
native_unique,unique,pooled,member2_norm_l2,prepared_is_charged,pearson,fold_potency_charge_MW,fold;y_true;prepared_formal_charge;MW,3344,12,
native_unique,unique,pooled,member2_norm_l2,prepared_is_charged,spearman,none,,3344,1,0.27307347603828136
native_unique,unique,pooled,member2_norm_l2,prepared_is_charged,spearman,fold_potency_charge,fold;y_true;prepared_formal_charge,3344,11,0.002188282461635091
native_unique,unique,pooled,member2_norm_l2,prepared_is_charged,spearman,fold_potency_charge_MW,fold;y_true;prepared_formal_charge;MW,3344,12,-1.832985028515498e-05
native_unique,unique,pooled,member2_norm_l2,y_true,pearson,none,,3344,1,-0.436601975594944
native_unique,unique,pooled,member2_norm_l2,y_true,pearson,fold_potency_charge,fold;prepared_formal_charge,3344,10,-0.3834470094948024
native_unique,unique,pooled,member2_norm_l2,y_true,pearson,fold_potency_charge_MW,fold;prepared_formal_charge;MW,3344,11,-0.3109147768643854
native_unique,unique,pooled,member2_norm_l2,y_true,spearman,none,,3344,1,-0.4082754933154229
native_unique,unique,pooled,member2_norm_l2,y_true,spearman,fold_potency_charge,fold;prepared_formal_charge,3344,10,-0.36160198128530663
native_unique,unique,pooled,member2_norm_l2,y_true,spearman,fold_potency_charge_MW,fold;prepared_formal_charge;MW,3344,11,-0.3117394396514301
native_unique,unique,pooled,member2_norm_l2,native_cached,pearson,none,,3344,1,-0.6855206055208919
native_unique,unique,pooled,member2_norm_l2,native_cached,pearson,fold_potency_charge,fold;y_true;prepared_formal_charge,3344,11,-0.6141630524781126
native_unique,unique,pooled,member2_norm_l2,native_cached,pearson,fold_potency_charge_MW,fold;y_true;prepared_formal_charge;MW,3344,12,-0.5824814382523467
native_unique,unique,pooled,member2_norm_l2,native_cached,spearman,none,,3344,1,-0.7515308486929305
native_unique,unique,pooled,member2_norm_l2,native_cached,spearman,fold_potency_charge,fold;y_true;prepared_formal_charge,3344,11,-0.69708352820525
native_unique,unique,pooled,member2_norm_l2,native_cached,spearman,fold_potency_charge_MW,fold;y_true;prepared_formal_charge;MW,3344,12,-0.6863135615456599
native_unique,unique,pooled,PC1,MW,pearson,none,,3344,1,-0.40210027966392636
native_unique,unique,pooled,PC1,MW,pearson,fold_potency_charge,fold;y_true;prepared_formal_charge,3344,11,-0.29784935574190224
native_unique,unique,pooled,PC1,MW,pearson,fold_potency_charge_MW,fold;y_true;prepared_formal_charge,3344,11,-0.29784935574190224
native_unique,unique,pooled,PC1,MW,spearman,none,,3344,1,-0.21294204059976532
native_unique,unique,pooled,PC1,MW,spearman,fold_potency_charge,fold;y_true;prepared_formal_charge,3344,11,-0.10043281060054107
native_unique,unique,pooled,PC1,MW,spearman,fold_potency_charge_MW,fold;y_true;prepared_formal_charge,3344,11,-0.10043281060054107
native_unique,unique,pooled,PC1,heavy_atoms,pearson,none,,3344,1,-0.39783416371449115
native_unique,unique,pooled,PC1,heavy_atoms,pearson,fold_potency_charge,fold;y_true;prepared_formal_charge,3344,11,-0.2959344933141932
native_unique,unique,pooled,PC1,heavy_atoms,pearson,fold_potency_charge_MW,fold;y_true;prepared_formal_charge;MW,3344,12,-0.043266461271842326
native_unique,unique,pooled,PC1,heavy_atoms,spearman,none,,3344,1,-0.1992242620310729
native_unique,unique,pooled,PC1,heavy_atoms,spearman,fold_potency_charge,fold;y_true;prepared_formal_charge,3344,11,-0.08816223818179551
native_unique,unique,pooled,PC1,heavy_atoms,spearman,fold_potency_charge_MW,fold;y_true;prepared_formal_charge;MW,3344,12,0.004497794627885858
native_unique,unique,pooled,PC1,prepared_formal_charge,pearson,none,,3344,1,0.13867853356914303
native_unique,unique,pooled,PC1,prepared_formal_charge,pearson,fold_potency_charge,fold;y_true,3344,6,0.17171362440201093
native_unique,unique,pooled,PC1,prepared_formal_charge,pearson,fold_potency_charge_MW,fold;y_true;MW,3344,7,0.23184564065176202
native_unique,unique,pooled,PC1,prepared_formal_charge,spearman,none,,3344,1,0.19273094098877702
native_unique,unique,pooled,PC1,prepared_formal_charge,spearman,fold_potency_charge,fold;y_true,3344,6,0.22043714049589458
native_unique,unique,pooled,PC1,prepared_formal_charge,spearman,fold_potency_charge_MW,fold;y_true;MW,3344,7,0.2366784324240159
native_unique,unique,pooled,PC1,prepared_is_charged,pearson,none,,3344,1,0.37375224916733524
native_unique,unique,pooled,PC1,prepared_is_charged,pearson,fold_potency_charge,fold;y_true;prepared_formal_charge,3344,11,
native_unique,unique,pooled,PC1,prepared_is_charged,pearson,fold_potency_charge_MW,fold;y_true;prepared_formal_charge;MW,3344,12,
native_unique,unique,pooled,PC1,prepared_is_charged,spearman,none,,3344,1,0.34625799994068945
native_unique,unique,pooled,PC1,prepared_is_charged,spearman,fold_potency_charge,fold;y_true;prepared_formal_charge,3344,11,0.000774747375337762
native_unique,unique,pooled,PC1,prepared_is_charged,spearman,fold_potency_charge_MW,fold;y_true;prepared_formal_charge;MW,3344,12,8.677199529525711e-06
native_unique,unique,pooled,PC1,y_true,pearson,none,,3344,1,-0.3826967328598642
native_unique,unique,pooled,PC1,y_true,pearson,fold_potency_charge,fold;prepared_formal_charge,3344,10,-0.3058286035285884
native_unique,unique,pooled,PC1,y_true,pearson,fold_potency_charge_MW,fold;prepared_formal_charge;MW,3344,11,-0.21497572245281532
native_unique,unique,pooled,PC1,y_true,spearman,none,,3344,1,-0.36576679812260793
native_unique,unique,pooled,PC1,y_true,spearman,fold_potency_charge,fold;prepared_formal_charge,3344,10,-0.3079366382279633
native_unique,unique,pooled,PC1,y_true,spearman,fold_potency_charge_MW,fold;prepared_formal_charge;MW,3344,11,-0.27238745573281253
native_unique,unique,pooled,PC1,native_cached,pearson,none,,3344,1,-0.5225959694714984
native_unique,unique,pooled,PC1,native_cached,pearson,fold_potency_charge,fold;y_true;prepared_formal_charge,3344,11,-0.42749824497699435
native_unique,unique,pooled,PC1,native_cached,pearson,fold_potency_charge_MW,fold;y_true;prepared_formal_charge;MW,3344,12,-0.35766023289107696
native_unique,unique,pooled,PC1,native_cached,spearman,none,,3344,1,-0.6587306673970736
native_unique,unique,pooled,PC1,native_cached,spearman,fold_potency_charge,fold;y_true;prepared_formal_charge,3344,11,-0.5963827459341086
native_unique,unique,pooled,PC1,native_cached,spearman,fold_potency_charge_MW,fold;y_true;prepared_formal_charge;MW,3344,12,-0.5944397849621126
native_unique,unique,pooled,PC2,MW,pearson,none,,3344,1,0.011083490491724352
native_unique,unique,pooled,PC2,MW,pearson,fold_potency_charge,fold;y_true;prepared_formal_charge,3344,11,-0.04187318416872464
native_unique,unique,pooled,PC2,MW,pearson,fold_potency_charge_MW,fold;y_true;prepared_formal_charge,3344,11,-0.04187318416872464
native_unique,unique,pooled,PC2,MW,spearman,none,,3344,1,0.1326106038028987
native_unique,unique,pooled,PC2,MW,spearman,fold_potency_charge,fold;y_true;prepared_formal_charge,3344,11,0.045238534172344386
native_unique,unique,pooled,PC2,MW,spearman,fold_potency_charge_MW,fold;y_true;prepared_formal_charge,3344,11,0.045238534172344386
native_unique,unique,pooled,PC2,heavy_atoms,pearson,none,,3344,1,-0.008249796915241714
native_unique,unique,pooled,PC2,heavy_atoms,pearson,fold_potency_charge,fold;y_true;prepared_formal_charge,3344,11,-0.0617631604633707
native_unique,unique,pooled,PC2,heavy_atoms,pearson,fold_potency_charge_MW,fold;y_true;prepared_formal_charge;MW,3344,12,-0.07072760561166647
native_unique,unique,pooled,PC2,heavy_atoms,spearman,none,,3344,1,0.11437308650740727
native_unique,unique,pooled,PC2,heavy_atoms,spearman,fold_potency_charge,fold;y_true;prepared_formal_charge,3344,11,0.027997565130728933
native_unique,unique,pooled,PC2,heavy_atoms,spearman,fold_potency_charge_MW,fold;y_true;prepared_formal_charge;MW,3344,12,-0.028603226179378726
native_unique,unique,pooled,PC2,prepared_formal_charge,pearson,none,,3344,1,-0.09925460710144096
native_unique,unique,pooled,PC2,prepared_formal_charge,pearson,fold_potency_charge,fold;y_true,3344,6,-0.10657138121094938
native_unique,unique,pooled,PC2,prepared_formal_charge,pearson,fold_potency_charge_MW,fold;y_true;MW,3344,7,-0.10066638592263051
native_unique,unique,pooled,PC2,prepared_formal_charge,spearman,none,,3344,1,-0.18160628413539706
native_unique,unique,pooled,PC2,prepared_formal_charge,spearman,fold_potency_charge,fold;y_true,3344,6,-0.19946762222892606
native_unique,unique,pooled,PC2,prepared_formal_charge,spearman,fold_potency_charge_MW,fold;y_true;MW,3344,7,-0.20610147590003305
native_unique,unique,pooled,PC2,prepared_is_charged,pearson,none,,3344,1,-0.12067925762573123
native_unique,unique,pooled,PC2,prepared_is_charged,pearson,fold_potency_charge,fold;y_true;prepared_formal_charge,3344,11,
native_unique,unique,pooled,PC2,prepared_is_charged,pearson,fold_potency_charge_MW,fold;y_true;prepared_formal_charge;MW,3344,12,
native_unique,unique,pooled,PC2,prepared_is_charged,spearman,none,,3344,1,-0.24030667433815123
native_unique,unique,pooled,PC2,prepared_is_charged,spearman,fold_potency_charge,fold;y_true;prepared_formal_charge,3344,11,-0.00026844167481497654
native_unique,unique,pooled,PC2,prepared_is_charged,spearman,fold_potency_charge_MW,fold;y_true;prepared_formal_charge;MW,3344,12,-3.2060041182861444e-05
native_unique,unique,pooled,PC2,y_true,pearson,none,,3344,1,0.13540536034812956
native_unique,unique,pooled,PC2,y_true,pearson,fold_potency_charge,fold;prepared_formal_charge,3344,10,0.11903776702294726
native_unique,unique,pooled,PC2,y_true,pearson,fold_potency_charge_MW,fold;prepared_formal_charge;MW,3344,11,0.12607850045855112
native_unique,unique,pooled,PC2,y_true,spearman,none,,3344,1,0.290282451632351
native_unique,unique,pooled,PC2,y_true,spearman,fold_potency_charge,fold;prepared_formal_charge,3344,10,0.25811792928049654
native_unique,unique,pooled,PC2,y_true,spearman,fold_potency_charge_MW,fold;prepared_formal_charge;MW,3344,11,0.23656362590581026
native_unique,unique,pooled,PC2,native_cached,pearson,none,,3344,1,0.42845672508203675
native_unique,unique,pooled,PC2,native_cached,pearson,fold_potency_charge,fold;y_true;prepared_formal_charge,3344,11,0.4046844222543254
native_unique,unique,pooled,PC2,native_cached,pearson,fold_potency_charge_MW,fold;y_true;prepared_formal_charge;MW,3344,12,0.4528158268415525
native_unique,unique,pooled,PC2,native_cached,spearman,none,,3344,1,0.6404488734124684
native_unique,unique,pooled,PC2,native_cached,spearman,fold_potency_charge,fold;y_true;prepared_formal_charge,3344,11,0.5921530194228618
native_unique,unique,pooled,PC2,native_cached,spearman,fold_potency_charge_MW,fold;y_true;prepared_formal_charge;MW,3344,12,0.6033212221239779
native_unique,unique,pooled,PC3,MW,pearson,none,,3344,1,-0.11238205969217505
native_unique,unique,pooled,PC3,MW,pearson,fold_potency_charge,fold;y_true;prepared_formal_charge,3344,11,-0.02296110368811488
native_unique,unique,pooled,PC3,MW,pearson,fold_potency_charge_MW,fold;y_true;prepared_formal_charge,3344,11,-0.02296110368811488
native_unique,unique,pooled,PC3,MW,spearman,none,,3344,1,-0.14108930397319197
native_unique,unique,pooled,PC3,MW,spearman,fold_potency_charge,fold;y_true;prepared_formal_charge,3344,11,-0.07814310560687117
native_unique,unique,pooled,PC3,MW,spearman,fold_potency_charge_MW,fold;y_true;prepared_formal_charge,3344,11,-0.07814310560687117
native_unique,unique,pooled,PC3,heavy_atoms,pearson,none,,3344,1,-0.14293788853825762
native_unique,unique,pooled,PC3,heavy_atoms,pearson,fold_potency_charge,fold;y_true;prepared_formal_charge,3344,11,-0.057947197628751196
native_unique,unique,pooled,PC3,heavy_atoms,pearson,fold_potency_charge_MW,fold;y_true;prepared_formal_charge;MW,3344,12,-0.11625192137491067
native_unique,unique,pooled,PC3,heavy_atoms,spearman,none,,3344,1,-0.18704179549338382
native_unique,unique,pooled,PC3,heavy_atoms,spearman,fold_potency_charge,fold;y_true;prepared_formal_charge,3344,11,-0.1293726509464159
native_unique,unique,pooled,PC3,heavy_atoms,spearman,fold_potency_charge_MW,fold;y_true;prepared_formal_charge;MW,3344,12,-0.13472616025349704
native_unique,unique,pooled,PC3,prepared_formal_charge,pearson,none,,3344,1,-0.03578900284751835
native_unique,unique,pooled,PC3,prepared_formal_charge,pearson,fold_potency_charge,fold;y_true,3344,6,-0.02721786951298395
native_unique,unique,pooled,PC3,prepared_formal_charge,pearson,fold_potency_charge_MW,fold;y_true;MW,3344,7,-0.020345162867445483
native_unique,unique,pooled,PC3,prepared_formal_charge,spearman,none,,3344,1,-0.02804036809658117
native_unique,unique,pooled,PC3,prepared_formal_charge,spearman,fold_potency_charge,fold;y_true,3344,6,-0.023214533719835742
native_unique,unique,pooled,PC3,prepared_formal_charge,spearman,fold_potency_charge_MW,fold;y_true;MW,3344,7,-0.010771388874366994
native_unique,unique,pooled,PC3,prepared_is_charged,pearson,none,,3344,1,0.13977258005376333
native_unique,unique,pooled,PC3,prepared_is_charged,pearson,fold_potency_charge,fold;y_true;prepared_formal_charge,3344,11,
native_unique,unique,pooled,PC3,prepared_is_charged,pearson,fold_potency_charge_MW,fold;y_true;prepared_formal_charge;MW,3344,12,
native_unique,unique,pooled,PC3,prepared_is_charged,spearman,none,,3344,1,0.14119779171435884
native_unique,unique,pooled,PC3,prepared_is_charged,spearman,fold_potency_charge,fold;y_true;prepared_formal_charge,3344,11,0.0011740455936743934
native_unique,unique,pooled,PC3,prepared_is_charged,spearman,fold_potency_charge_MW,fold;y_true;prepared_formal_charge;MW,3344,12,0.0001171160863024181
native_unique,unique,pooled,PC3,y_true,pearson,none,,3344,1,-0.18302142405988928
native_unique,unique,pooled,PC3,y_true,pearson,fold_potency_charge,fold;prepared_formal_charge,3344,10,-0.12677757841700135
native_unique,unique,pooled,PC3,y_true,pearson,fold_potency_charge_MW,fold;prepared_formal_charge;MW,3344,11,-0.11321918093415281
native_unique,unique,pooled,PC3,y_true,spearman,none,,3344,1,-0.1545588458428229
native_unique,unique,pooled,PC3,y_true,spearman,fold_potency_charge,fold;prepared_formal_charge,3344,10,-0.10257601240727797
native_unique,unique,pooled,PC3,y_true,spearman,fold_potency_charge_MW,fold;prepared_formal_charge;MW,3344,11,-0.07660519902848567
native_unique,unique,pooled,PC3,native_cached,pearson,none,,3344,1,0.29781190438299276
native_unique,unique,pooled,PC3,native_cached,pearson,fold_potency_charge,fold;y_true;prepared_formal_charge,3344,11,0.41741671931736984
native_unique,unique,pooled,PC3,native_cached,pearson,fold_potency_charge_MW,fold;y_true;prepared_formal_charge;MW,3344,12,0.45870185161936594
native_unique,unique,pooled,PC3,native_cached,spearman,none,,3344,1,0.2921749743132861
native_unique,unique,pooled,PC3,native_cached,spearman,fold_potency_charge,fold;y_true;prepared_formal_charge,3344,11,0.4035592956613789
native_unique,unique,pooled,PC3,native_cached,spearman,fold_potency_charge_MW,fold;y_true;prepared_formal_charge;MW,3344,12,0.44303505987772085
native_unique,unique,pooled,PC4,MW,pearson,none,,3344,1,-0.14547541553862045
native_unique,unique,pooled,PC4,MW,pearson,fold_potency_charge,fold;y_true;prepared_formal_charge,3344,11,-0.09490705343418543
native_unique,unique,pooled,PC4,MW,pearson,fold_potency_charge_MW,fold;y_true;prepared_formal_charge,3344,11,-0.09490705343418543
native_unique,unique,pooled,PC4,MW,spearman,none,,3344,1,-0.11213333185964236
native_unique,unique,pooled,PC4,MW,spearman,fold_potency_charge,fold;y_true;prepared_formal_charge,3344,11,-0.06014795409061811
native_unique,unique,pooled,PC4,MW,spearman,fold_potency_charge_MW,fold;y_true;prepared_formal_charge,3344,11,-0.06014795409061811
native_unique,unique,pooled,PC4,heavy_atoms,pearson,none,,3344,1,-0.13324638876656913
native_unique,unique,pooled,PC4,heavy_atoms,pearson,fold_potency_charge,fold;y_true;prepared_formal_charge,3344,11,-0.08211972753749612
native_unique,unique,pooled,PC4,heavy_atoms,pearson,fold_potency_charge_MW,fold;y_true;prepared_formal_charge;MW,3344,12,0.026135387206866575
native_unique,unique,pooled,PC4,heavy_atoms,spearman,none,,3344,1,-0.09973999202172411
native_unique,unique,pooled,PC4,heavy_atoms,spearman,fold_potency_charge,fold;y_true;prepared_formal_charge,3344,11,-0.04865173835090592
native_unique,unique,pooled,PC4,heavy_atoms,spearman,fold_potency_charge_MW,fold;y_true;prepared_formal_charge;MW,3344,12,0.012105428999710538
native_unique,unique,pooled,PC4,prepared_formal_charge,pearson,none,,3344,1,-0.01901178665077336
native_unique,unique,pooled,PC4,prepared_formal_charge,pearson,fold_potency_charge,fold;y_true,3344,6,-0.011418368362506917
native_unique,unique,pooled,PC4,prepared_formal_charge,pearson,fold_potency_charge_MW,fold;y_true;MW,3344,7,0.0019445074102219094
native_unique,unique,pooled,PC4,prepared_formal_charge,spearman,none,,3344,1,0.005718294096503617
native_unique,unique,pooled,PC4,prepared_formal_charge,spearman,fold_potency_charge,fold;y_true,3344,6,0.01202656732416292
native_unique,unique,pooled,PC4,prepared_formal_charge,spearman,fold_potency_charge_MW,fold;y_true;MW,3344,7,0.018608288948510812
native_unique,unique,pooled,PC4,prepared_is_charged,pearson,none,,3344,1,-0.0009070215006013558
native_unique,unique,pooled,PC4,prepared_is_charged,pearson,fold_potency_charge,fold;y_true;prepared_formal_charge,3344,11,
native_unique,unique,pooled,PC4,prepared_is_charged,pearson,fold_potency_charge_MW,fold;y_true;prepared_formal_charge;MW,3344,12,
native_unique,unique,pooled,PC4,prepared_is_charged,spearman,none,,3344,1,0.011532920332641573
native_unique,unique,pooled,PC4,prepared_is_charged,spearman,fold_potency_charge,fold;y_true;prepared_formal_charge,3344,11,0.0019312795397226003
native_unique,unique,pooled,PC4,prepared_is_charged,spearman,fold_potency_charge_MW,fold;y_true;prepared_formal_charge;MW,3344,12,-2.4542067349373575e-05
native_unique,unique,pooled,PC4,y_true,pearson,none,,3344,1,-0.17801868661248726
native_unique,unique,pooled,PC4,y_true,pearson,fold_potency_charge,fold;prepared_formal_charge,3344,10,-0.1970248281049094
native_unique,unique,pooled,PC4,y_true,pearson,fold_potency_charge_MW,fold;prepared_formal_charge;MW,3344,11,-0.15914592134229202
native_unique,unique,pooled,PC4,y_true,spearman,none,,3344,1,-0.195786624183321
native_unique,unique,pooled,PC4,y_true,spearman,fold_potency_charge,fold;prepared_formal_charge,3344,10,-0.2077003894066413
native_unique,unique,pooled,PC4,y_true,spearman,fold_potency_charge_MW,fold;prepared_formal_charge;MW,3344,11,-0.18357387845472994
native_unique,unique,pooled,PC4,native_cached,pearson,none,,3344,1,-0.4021711622332579
native_unique,unique,pooled,PC4,native_cached,pearson,fold_potency_charge,fold;y_true;prepared_formal_charge,3344,11,-0.3737699481356121
native_unique,unique,pooled,PC4,native_cached,pearson,fold_potency_charge_MW,fold;y_true;prepared_formal_charge;MW,3344,12,-0.36620966499941154
native_unique,unique,pooled,PC4,native_cached,spearman,none,,3344,1,-0.4582339965147054
native_unique,unique,pooled,PC4,native_cached,spearman,fold_potency_charge,fold;y_true;prepared_formal_charge,3344,11,-0.4324318406608658
native_unique,unique,pooled,PC4,native_cached,spearman,fold_potency_charge_MW,fold;y_true;prepared_formal_charge;MW,3344,12,-0.43322568798853106
native_unique,unique,pooled,PC5,MW,pearson,none,,3344,1,0.23211012971244058
native_unique,unique,pooled,PC5,MW,pearson,fold_potency_charge,fold;y_true;prepared_formal_charge,3344,11,0.1835028371565402
native_unique,unique,pooled,PC5,MW,pearson,fold_potency_charge_MW,fold;y_true;prepared_formal_charge,3344,11,0.1835028371565402
native_unique,unique,pooled,PC5,MW,spearman,none,,3344,1,0.15575339303565663
native_unique,unique,pooled,PC5,MW,spearman,fold_potency_charge,fold;y_true;prepared_formal_charge,3344,11,0.11590527180661314
native_unique,unique,pooled,PC5,MW,spearman,fold_potency_charge_MW,fold;y_true;prepared_formal_charge,3344,11,0.11590527180661314
native_unique,unique,pooled,PC5,heavy_atoms,pearson,none,,3344,1,0.2299273699905645
native_unique,unique,pooled,PC5,heavy_atoms,pearson,fold_potency_charge,fold;y_true;prepared_formal_charge,3344,11,0.18102340624756955
native_unique,unique,pooled,PC5,heavy_atoms,pearson,fold_potency_charge_MW,fold;y_true;prepared_formal_charge;MW,3344,12,0.02163206193859447
native_unique,unique,pooled,PC5,heavy_atoms,spearman,none,,3344,1,0.13641229632830787
native_unique,unique,pooled,PC5,heavy_atoms,spearman,fold_potency_charge,fold;y_true;prepared_formal_charge,3344,11,0.09525904606373857
native_unique,unique,pooled,PC5,heavy_atoms,spearman,fold_potency_charge_MW,fold;y_true;prepared_formal_charge;MW,3344,12,-0.02000300399490512
native_unique,unique,pooled,PC5,prepared_formal_charge,pearson,none,,3344,1,0.021833927173105287
native_unique,unique,pooled,PC5,prepared_formal_charge,pearson,fold_potency_charge,fold;y_true,3344,6,0.014080607587514973
native_unique,unique,pooled,PC5,prepared_formal_charge,pearson,fold_potency_charge_MW,fold;y_true;MW,3344,7,-0.016597483414502904
native_unique,unique,pooled,PC5,prepared_formal_charge,spearman,none,,3344,1,0.00461133034995904
native_unique,unique,pooled,PC5,prepared_formal_charge,spearman,fold_potency_charge,fold;y_true,3344,6,-0.0002829141974890389
native_unique,unique,pooled,PC5,prepared_formal_charge,spearman,fold_potency_charge_MW,fold;y_true;MW,3344,7,-0.016819391449770932
native_unique,unique,pooled,PC5,prepared_is_charged,pearson,none,,3344,1,-0.09583904353768033
native_unique,unique,pooled,PC5,prepared_is_charged,pearson,fold_potency_charge,fold;y_true;prepared_formal_charge,3344,11,
native_unique,unique,pooled,PC5,prepared_is_charged,pearson,fold_potency_charge_MW,fold;y_true;prepared_formal_charge;MW,3344,12,
native_unique,unique,pooled,PC5,prepared_is_charged,spearman,none,,3344,1,-0.0949245691237488
native_unique,unique,pooled,PC5,prepared_is_charged,spearman,fold_potency_charge,fold;y_true;prepared_formal_charge,3344,11,-0.0002677714189666213
native_unique,unique,pooled,PC5,prepared_is_charged,spearman,fold_potency_charge_MW,fold;y_true;prepared_formal_charge;MW,3344,12,-1.3898526351665495e-05
native_unique,unique,pooled,PC5,y_true,pearson,none,,3344,1,0.15073479412882682
native_unique,unique,pooled,PC5,y_true,pearson,fold_potency_charge,fold;prepared_formal_charge,3344,10,0.11508638202205315
native_unique,unique,pooled,PC5,y_true,pearson,fold_potency_charge_MW,fold;prepared_formal_charge;MW,3344,11,0.052474105407991085
native_unique,unique,pooled,PC5,y_true,spearman,none,,3344,1,0.11771714097862075
native_unique,unique,pooled,PC5,y_true,spearman,fold_potency_charge,fold;prepared_formal_charge,3344,10,0.08616686831455776
native_unique,unique,pooled,PC5,y_true,spearman,fold_potency_charge_MW,fold;prepared_formal_charge;MW,3344,11,0.05017455116372346
native_unique,unique,pooled,PC5,native_cached,pearson,none,,3344,1,0.46403542554199584
native_unique,unique,pooled,PC5,native_cached,pearson,fold_potency_charge,fold;y_true;prepared_formal_charge,3344,11,0.4455416509842841
native_unique,unique,pooled,PC5,native_cached,pearson,fold_potency_charge_MW,fold;y_true;prepared_formal_charge;MW,3344,12,0.4135014307435911
native_unique,unique,pooled,PC5,native_cached,spearman,none,,3344,1,0.4293658080026738
native_unique,unique,pooled,PC5,native_cached,spearman,fold_potency_charge,fold;y_true;prepared_formal_charge,3344,11,0.41819890227955325
native_unique,unique,pooled,PC5,native_cached,spearman,fold_potency_charge_MW,fold;y_true;prepared_formal_charge;MW,3344,12,0.4045467321985445
native_fold,unique,0,norm_l2,MW,pearson,none,,669,1,-0.42627750478748355
native_fold,unique,0,norm_l2,MW,pearson,fold_potency_charge,fold;y_true;prepared_formal_charge,669,7,-0.3489582526725724
native_fold,unique,0,norm_l2,MW,pearson,fold_potency_charge_MW,fold;y_true;prepared_formal_charge,669,7,-0.3489582526725724
native_fold,unique,0,norm_l2,MW,spearman,none,,669,1,-0.3218702091679771
native_fold,unique,0,norm_l2,MW,spearman,fold_potency_charge,fold;y_true;prepared_formal_charge,669,7,-0.1895977984908637
native_fold,unique,0,norm_l2,MW,spearman,fold_potency_charge_MW,fold;y_true;prepared_formal_charge,669,7,-0.1895977984908637
native_fold,unique,0,norm_l2,heavy_atoms,pearson,none,,669,1,-0.4249733369948765
native_fold,unique,0,norm_l2,heavy_atoms,pearson,fold_potency_charge,fold;y_true;prepared_formal_charge,669,7,-0.3502441909940581
native_fold,unique,0,norm_l2,heavy_atoms,pearson,fold_potency_charge_MW,fold;y_true;prepared_formal_charge;MW,669,8,-0.06317925015311295
native_fold,unique,0,norm_l2,heavy_atoms,spearman,none,,669,1,-0.3172981903110305
native_fold,unique,0,norm_l2,heavy_atoms,spearman,fold_potency_charge,fold;y_true;prepared_formal_charge,669,7,-0.186949716287618
native_fold,unique,0,norm_l2,heavy_atoms,spearman,fold_potency_charge_MW,fold;y_true;prepared_formal_charge;MW,669,8,-0.04061040234783367
native_fold,unique,0,norm_l2,prepared_formal_charge,pearson,none,,669,1,0.005541225639403117
native_fold,unique,0,norm_l2,prepared_formal_charge,pearson,fold_potency_charge,fold;y_true,669,2,0.029538915755078488
native_fold,unique,0,norm_l2,prepared_formal_charge,pearson,fold_potency_charge_MW,fold;y_true;MW,669,3,0.14144966745492443
native_fold,unique,0,norm_l2,prepared_formal_charge,spearman,none,,669,1,0.059318391396551394
native_fold,unique,0,norm_l2,prepared_formal_charge,spearman,fold_potency_charge,fold;y_true,669,2,0.09306003057030027
native_fold,unique,0,norm_l2,prepared_formal_charge,spearman,fold_potency_charge_MW,fold;y_true;MW,669,3,0.13073624420883598
native_fold,unique,0,norm_l2,prepared_is_charged,pearson,none,,669,1,0.19569406035705836
native_fold,unique,0,norm_l2,prepared_is_charged,pearson,fold_potency_charge,fold;y_true;prepared_formal_charge,669,7,
native_fold,unique,0,norm_l2,prepared_is_charged,pearson,fold_potency_charge_MW,fold;y_true;prepared_formal_charge;MW,669,8,
native_fold,unique,0,norm_l2,prepared_is_charged,spearman,none,,669,1,0.3181411807012988
native_fold,unique,0,norm_l2,prepared_is_charged,spearman,fold_potency_charge,fold;y_true;prepared_formal_charge,669,7,-5.122655238246045e-06
native_fold,unique,0,norm_l2,prepared_is_charged,spearman,fold_potency_charge_MW,fold;y_true;prepared_formal_charge;MW,669,8,0.0011752259688760957
native_fold,unique,0,norm_l2,y_true,pearson,none,,669,1,-0.32923202878198055
native_fold,unique,0,norm_l2,y_true,pearson,fold_potency_charge,fold;prepared_formal_charge,669,6,-0.2842990439330341
native_fold,unique,0,norm_l2,y_true,pearson,fold_potency_charge_MW,fold;prepared_formal_charge;MW,669,7,-0.14902048031746584
native_fold,unique,0,norm_l2,y_true,spearman,none,,669,1,-0.42137064215275566
native_fold,unique,0,norm_l2,y_true,spearman,fold_potency_charge,fold;prepared_formal_charge,669,6,-0.36288560259687047
native_fold,unique,0,norm_l2,y_true,spearman,fold_potency_charge_MW,fold;prepared_formal_charge;MW,669,7,-0.3000472736360667
native_fold,unique,0,norm_l2,native_cached,pearson,none,,669,1,-0.38719196711313164
native_fold,unique,0,norm_l2,native_cached,pearson,fold_potency_charge,fold;y_true;prepared_formal_charge,669,7,-0.2980938765535501
native_fold,unique,0,norm_l2,native_cached,pearson,fold_potency_charge_MW,fold;y_true;prepared_formal_charge;MW,669,8,-0.18534476125638422
native_fold,unique,0,norm_l2,native_cached,spearman,none,,669,1,-0.5133082740215306
native_fold,unique,0,norm_l2,native_cached,spearman,fold_potency_charge,fold;y_true;prepared_formal_charge,669,7,-0.41033304761270895
native_fold,unique,0,norm_l2,native_cached,spearman,fold_potency_charge_MW,fold;y_true;prepared_formal_charge;MW,669,8,-0.38058322166674496
native_fold,unique,0,centered_norm_l2,MW,pearson,none,,669,1,-0.3498977463894503
native_fold,unique,0,centered_norm_l2,MW,pearson,fold_potency_charge,fold;y_true;prepared_formal_charge,669,7,-0.2880096910322313
native_fold,unique,0,centered_norm_l2,MW,pearson,fold_potency_charge_MW,fold;y_true;prepared_formal_charge,669,7,-0.2880096910322313
native_fold,unique,0,centered_norm_l2,MW,spearman,none,,669,1,-0.1600732013108311
native_fold,unique,0,centered_norm_l2,MW,spearman,fold_potency_charge,fold;y_true;prepared_formal_charge,669,7,-0.07966474823003918
native_fold,unique,0,centered_norm_l2,MW,spearman,fold_potency_charge_MW,fold;y_true;prepared_formal_charge,669,7,-0.07966474823003918
native_fold,unique,0,centered_norm_l2,heavy_atoms,pearson,none,,669,1,-0.3569400936828434
native_fold,unique,0,centered_norm_l2,heavy_atoms,pearson,fold_potency_charge,fold;y_true;prepared_formal_charge,669,7,-0.29820989837121753
native_fold,unique,0,centered_norm_l2,heavy_atoms,pearson,fold_potency_charge_MW,fold;y_true;prepared_formal_charge;MW,669,8,-0.08203975669161219
native_fold,unique,0,centered_norm_l2,heavy_atoms,spearman,none,,669,1,-0.20277793638845817
native_fold,unique,0,centered_norm_l2,heavy_atoms,spearman,fold_potency_charge,fold;y_true;prepared_formal_charge,669,7,-0.12988934421939938
native_fold,unique,0,centered_norm_l2,heavy_atoms,spearman,fold_potency_charge_MW,fold;y_true;prepared_formal_charge;MW,669,8,-0.1298741142722933
native_fold,unique,0,centered_norm_l2,prepared_formal_charge,pearson,none,,669,1,-0.008104279310955979
native_fold,unique,0,centered_norm_l2,prepared_formal_charge,pearson,fold_potency_charge,fold;y_true,669,2,0.009953752922528057
native_fold,unique,0,centered_norm_l2,prepared_formal_charge,pearson,fold_potency_charge_MW,fold;y_true;MW,669,3,0.09767305400678321
native_fold,unique,0,centered_norm_l2,prepared_formal_charge,spearman,none,,669,1,-0.012760996618713666
native_fold,unique,0,centered_norm_l2,prepared_formal_charge,spearman,fold_potency_charge,fold;y_true,669,2,-0.0010267580193535123
native_fold,unique,0,centered_norm_l2,prepared_formal_charge,spearman,fold_potency_charge_MW,fold;y_true;MW,669,3,0.01529166150463197
native_fold,unique,0,centered_norm_l2,prepared_is_charged,pearson,none,,669,1,0.1707211724532824
native_fold,unique,0,centered_norm_l2,prepared_is_charged,pearson,fold_potency_charge,fold;y_true;prepared_formal_charge,669,7,
native_fold,unique,0,centered_norm_l2,prepared_is_charged,pearson,fold_potency_charge_MW,fold;y_true;prepared_formal_charge;MW,669,8,
native_fold,unique,0,centered_norm_l2,prepared_is_charged,spearman,none,,669,1,0.2379300624724869
native_fold,unique,0,centered_norm_l2,prepared_is_charged,spearman,fold_potency_charge,fold;y_true;prepared_formal_charge,669,7,8.869765460996191e-07
native_fold,unique,0,centered_norm_l2,prepared_is_charged,spearman,fold_potency_charge_MW,fold;y_true;prepared_formal_charge;MW,669,8,0.00013397857844715168
native_fold,unique,0,centered_norm_l2,y_true,pearson,none,,669,1,-0.2613262779340697
native_fold,unique,0,centered_norm_l2,y_true,pearson,fold_potency_charge,fold;prepared_formal_charge,669,6,-0.2128529948558656
native_fold,unique,0,centered_norm_l2,y_true,pearson,fold_potency_charge_MW,fold;prepared_formal_charge;MW,669,7,-0.0953146206888783
native_fold,unique,0,centered_norm_l2,y_true,spearman,none,,669,1,-0.19871888184794553
native_fold,unique,0,centered_norm_l2,y_true,spearman,fold_potency_charge,fold;prepared_formal_charge,669,6,-0.12784973533038999
native_fold,unique,0,centered_norm_l2,y_true,spearman,fold_potency_charge_MW,fold;prepared_formal_charge;MW,669,7,-0.09670172283714665
native_fold,unique,0,centered_norm_l2,native_cached,pearson,none,,669,1,-0.1877024355840138
native_fold,unique,0,centered_norm_l2,native_cached,pearson,fold_potency_charge,fold;y_true;prepared_formal_charge,669,7,-0.1033894253001175
native_fold,unique,0,centered_norm_l2,native_cached,pearson,fold_potency_charge_MW,fold;y_true;prepared_formal_charge;MW,669,8,0.012627216542583267
native_fold,unique,0,centered_norm_l2,native_cached,spearman,none,,669,1,0.07338713911444897
native_fold,unique,0,centered_norm_l2,native_cached,spearman,fold_potency_charge,fold;y_true;prepared_formal_charge,669,7,0.17599309234334234
native_fold,unique,0,centered_norm_l2,native_cached,spearman,fold_potency_charge_MW,fold;y_true;prepared_formal_charge;MW,669,8,0.20469209257509458
native_fold,unique,0,member1_norm_l2,MW,pearson,none,,669,1,-0.41572992024727906
native_fold,unique,0,member1_norm_l2,MW,pearson,fold_potency_charge,fold;y_true;prepared_formal_charge,669,7,-0.34467325401887283
native_fold,unique,0,member1_norm_l2,MW,pearson,fold_potency_charge_MW,fold;y_true;prepared_formal_charge,669,7,-0.34467325401887283
native_fold,unique,0,member1_norm_l2,MW,spearman,none,,669,1,-0.3142181336581445
native_fold,unique,0,member1_norm_l2,MW,spearman,fold_potency_charge,fold;y_true;prepared_formal_charge,669,7,-0.19082314636803574
native_fold,unique,0,member1_norm_l2,MW,spearman,fold_potency_charge_MW,fold;y_true;prepared_formal_charge,669,7,-0.19082314636803574
native_fold,unique,0,member1_norm_l2,heavy_atoms,pearson,none,,669,1,-0.41542626893734674
native_fold,unique,0,member1_norm_l2,heavy_atoms,pearson,fold_potency_charge,fold;y_true;prepared_formal_charge,669,7,-0.3468884690154165
native_fold,unique,0,member1_norm_l2,heavy_atoms,pearson,fold_potency_charge_MW,fold;y_true;prepared_formal_charge;MW,669,8,-0.06556960273701083
native_fold,unique,0,member1_norm_l2,heavy_atoms,spearman,none,,669,1,-0.31237190647493646
native_fold,unique,0,member1_norm_l2,heavy_atoms,spearman,fold_potency_charge,fold;y_true;prepared_formal_charge,669,7,-0.19124420268814843
native_fold,unique,0,member1_norm_l2,heavy_atoms,spearman,fold_potency_charge_MW,fold;y_true;prepared_formal_charge;MW,669,8,-0.047785230348015656
native_fold,unique,0,member1_norm_l2,prepared_formal_charge,pearson,none,,669,1,-0.0016712989315762281
native_fold,unique,0,member1_norm_l2,prepared_formal_charge,pearson,fold_potency_charge,fold;y_true,669,2,0.020299499064942796
native_fold,unique,0,member1_norm_l2,prepared_formal_charge,pearson,fold_potency_charge_MW,fold;y_true;MW,669,3,0.12943335159291544
native_fold,unique,0,member1_norm_l2,prepared_formal_charge,spearman,none,,669,1,0.040450022317890987
native_fold,unique,0,member1_norm_l2,prepared_formal_charge,spearman,fold_potency_charge,fold;y_true,669,2,0.06892690227064018
native_fold,unique,0,member1_norm_l2,prepared_formal_charge,spearman,fold_potency_charge_MW,fold;y_true;MW,669,3,0.10616510492569525
native_fold,unique,0,member1_norm_l2,prepared_is_charged,pearson,none,,669,1,0.18133705778881745
native_fold,unique,0,member1_norm_l2,prepared_is_charged,pearson,fold_potency_charge,fold;y_true;prepared_formal_charge,669,7,
native_fold,unique,0,member1_norm_l2,prepared_is_charged,pearson,fold_potency_charge_MW,fold;y_true;prepared_formal_charge;MW,669,8,
native_fold,unique,0,member1_norm_l2,prepared_is_charged,spearman,none,,669,1,0.29820944407904876
native_fold,unique,0,member1_norm_l2,prepared_is_charged,spearman,fold_potency_charge,fold;y_true;prepared_formal_charge,669,7,-5.855493806298427e-06
native_fold,unique,0,member1_norm_l2,prepared_is_charged,spearman,fold_potency_charge_MW,fold;y_true;prepared_formal_charge;MW,669,8,0.0009313192120652663
native_fold,unique,0,member1_norm_l2,y_true,pearson,none,,669,1,-0.3092125483235873
native_fold,unique,0,member1_norm_l2,y_true,pearson,fold_potency_charge,fold;prepared_formal_charge,669,6,-0.2648728269244325
native_fold,unique,0,member1_norm_l2,y_true,pearson,fold_potency_charge_MW,fold;prepared_formal_charge;MW,669,7,-0.129563781925933
native_fold,unique,0,member1_norm_l2,y_true,spearman,none,,669,1,-0.38812737033091965
native_fold,unique,0,member1_norm_l2,y_true,spearman,fold_potency_charge,fold;prepared_formal_charge,669,6,-0.3266274562646949
native_fold,unique,0,member1_norm_l2,y_true,spearman,fold_potency_charge_MW,fold;prepared_formal_charge;MW,669,7,-0.2623479321275755
native_fold,unique,0,member1_norm_l2,native_cached,pearson,none,,669,1,-0.34444685279325327
native_fold,unique,0,member1_norm_l2,native_cached,pearson,fold_potency_charge,fold;y_true;prepared_formal_charge,669,7,-0.25784239989593344
native_fold,unique,0,member1_norm_l2,native_cached,pearson,fold_potency_charge_MW,fold;y_true;prepared_formal_charge;MW,669,8,-0.1402798691063285
native_fold,unique,0,member1_norm_l2,native_cached,spearman,none,,669,1,-0.4296120028198739
native_fold,unique,0,member1_norm_l2,native_cached,spearman,fold_potency_charge,fold;y_true;prepared_formal_charge,669,7,-0.3206585008070954
native_fold,unique,0,member1_norm_l2,native_cached,spearman,fold_potency_charge_MW,fold;y_true;prepared_formal_charge;MW,669,8,-0.28566639280079337
native_fold,unique,0,member2_norm_l2,MW,pearson,none,,669,1,-0.37599329325826947
native_fold,unique,0,member2_norm_l2,MW,pearson,fold_potency_charge,fold;y_true;prepared_formal_charge,669,7,-0.24465837194551388
native_fold,unique,0,member2_norm_l2,MW,pearson,fold_potency_charge_MW,fold;y_true;prepared_formal_charge,669,7,-0.24465837194551388
native_fold,unique,0,member2_norm_l2,MW,spearman,none,,669,1,-0.28478789868287013
native_fold,unique,0,member2_norm_l2,MW,spearman,fold_potency_charge,fold;y_true;prepared_formal_charge,669,7,-0.1642910686523232
native_fold,unique,0,member2_norm_l2,MW,spearman,fold_potency_charge_MW,fold;y_true;prepared_formal_charge,669,7,-0.1642910686523232
native_fold,unique,0,member2_norm_l2,heavy_atoms,pearson,none,,669,1,-0.36567520178073587
native_fold,unique,0,member2_norm_l2,heavy_atoms,pearson,fold_potency_charge,fold;y_true;prepared_formal_charge,669,7,-0.235796556782208
native_fold,unique,0,member2_norm_l2,heavy_atoms,pearson,fold_potency_charge_MW,fold;y_true;prepared_formal_charge;MW,669,8,-0.010091439155905851
native_fold,unique,0,member2_norm_l2,heavy_atoms,spearman,none,,669,1,-0.2645046383367789
native_fold,unique,0,member2_norm_l2,heavy_atoms,spearman,fold_potency_charge,fold;y_true;prepared_formal_charge,669,7,-0.1418631161490851
native_fold,unique,0,member2_norm_l2,heavy_atoms,spearman,fold_potency_charge_MW,fold;y_true;prepared_formal_charge;MW,669,8,0.00978257800101438
native_fold,unique,0,member2_norm_l2,prepared_formal_charge,pearson,none,,669,1,0.06775126318180302
native_fold,unique,0,member2_norm_l2,prepared_formal_charge,pearson,fold_potency_charge,fold;y_true,669,2,0.10487276494682383
native_fold,unique,0,member2_norm_l2,prepared_formal_charge,pearson,fold_potency_charge_MW,fold;y_true;MW,669,3,0.19013533577712463
native_fold,unique,0,member2_norm_l2,prepared_formal_charge,spearman,none,,669,1,0.1074158174689864
native_fold,unique,0,member2_norm_l2,prepared_formal_charge,spearman,fold_potency_charge,fold;y_true,669,2,0.1402663720272986
native_fold,unique,0,member2_norm_l2,prepared_formal_charge,spearman,fold_potency_charge_MW,fold;y_true;MW,669,3,0.173759364035631
native_fold,unique,0,member2_norm_l2,prepared_is_charged,pearson,none,,669,1,0.2735889886617446
native_fold,unique,0,member2_norm_l2,prepared_is_charged,pearson,fold_potency_charge,fold;y_true;prepared_formal_charge,669,7,
native_fold,unique,0,member2_norm_l2,prepared_is_charged,pearson,fold_potency_charge_MW,fold;y_true;prepared_formal_charge;MW,669,8,
native_fold,unique,0,member2_norm_l2,prepared_is_charged,spearman,none,,669,1,0.2690784444003756
native_fold,unique,0,member2_norm_l2,prepared_is_charged,spearman,fold_potency_charge,fold;y_true;prepared_formal_charge,669,7,2.7401908196092127e-06
native_fold,unique,0,member2_norm_l2,prepared_is_charged,spearman,fold_potency_charge_MW,fold;y_true;prepared_formal_charge;MW,669,8,0.0011796114181999002
native_fold,unique,0,member2_norm_l2,y_true,pearson,none,,669,1,-0.40937128325601274
native_fold,unique,0,member2_norm_l2,y_true,pearson,fold_potency_charge,fold;prepared_formal_charge,669,6,-0.37416341321464414
native_fold,unique,0,member2_norm_l2,y_true,pearson,fold_potency_charge_MW,fold;prepared_formal_charge;MW,669,7,-0.27728934529832044
native_fold,unique,0,member2_norm_l2,y_true,spearman,none,,669,1,-0.3767362265184571
native_fold,unique,0,member2_norm_l2,y_true,spearman,fold_potency_charge,fold;prepared_formal_charge,669,6,-0.3417879489003271
native_fold,unique,0,member2_norm_l2,y_true,spearman,fold_potency_charge_MW,fold;prepared_formal_charge;MW,669,7,-0.2842817901787192
native_fold,unique,0,member2_norm_l2,native_cached,pearson,none,,669,1,-0.6844803290105436
native_fold,unique,0,member2_norm_l2,native_cached,pearson,fold_potency_charge,fold;y_true;prepared_formal_charge,669,7,-0.619392554235214
native_fold,unique,0,member2_norm_l2,native_cached,pearson,fold_potency_charge_MW,fold;y_true;prepared_formal_charge;MW,669,8,-0.5868626277929703
native_fold,unique,0,member2_norm_l2,native_cached,spearman,none,,669,1,-0.737231714203612
native_fold,unique,0,member2_norm_l2,native_cached,spearman,fold_potency_charge,fold;y_true;prepared_formal_charge,669,7,-0.6818731750393376
native_fold,unique,0,member2_norm_l2,native_cached,spearman,fold_potency_charge_MW,fold;y_true;prepared_formal_charge;MW,669,8,-0.6710767773971562
native_fold,unique,0,PC1,MW,pearson,none,,669,1,-0.3577975906120873
native_fold,unique,0,PC1,MW,pearson,fold_potency_charge,fold;y_true;prepared_formal_charge,669,7,-0.28713419077084384
native_fold,unique,0,PC1,MW,pearson,fold_potency_charge_MW,fold;y_true;prepared_formal_charge,669,7,-0.28713419077084384
native_fold,unique,0,PC1,MW,spearman,none,,669,1,-0.15714046778995566
native_fold,unique,0,PC1,MW,spearman,fold_potency_charge,fold;y_true;prepared_formal_charge,669,7,-0.07474682596800859
native_fold,unique,0,PC1,MW,spearman,fold_potency_charge_MW,fold;y_true;prepared_formal_charge,669,7,-0.07474682596800859
native_fold,unique,0,PC1,heavy_atoms,pearson,none,,669,1,-0.34858585541050846
native_fold,unique,0,PC1,heavy_atoms,pearson,fold_potency_charge,fold;y_true;prepared_formal_charge,669,7,-0.2799007366901753
native_fold,unique,0,PC1,heavy_atoms,pearson,fold_potency_charge_MW,fold;y_true;prepared_formal_charge;MW,669,8,-0.022731598441766875
native_fold,unique,0,PC1,heavy_atoms,spearman,none,,669,1,-0.13502271141654143
native_fold,unique,0,PC1,heavy_atoms,spearman,fold_potency_charge,fold;y_true;prepared_formal_charge,669,7,-0.049683307485691657
native_fold,unique,0,PC1,heavy_atoms,spearman,fold_potency_charge_MW,fold;y_true;prepared_formal_charge;MW,669,8,0.037117202183773
native_fold,unique,0,PC1,prepared_formal_charge,pearson,none,,669,1,0.09845475230112481
native_fold,unique,0,PC1,prepared_formal_charge,pearson,fold_potency_charge,fold;y_true,669,2,0.12809413266760808
native_fold,unique,0,PC1,prepared_formal_charge,pearson,fold_potency_charge_MW,fold;y_true;MW,669,3,0.21914894031156437
native_fold,unique,0,PC1,prepared_formal_charge,spearman,none,,669,1,0.21022774496086974
native_fold,unique,0,PC1,prepared_formal_charge,spearman,fold_potency_charge,fold;y_true,669,2,0.23745331300699238
native_fold,unique,0,PC1,prepared_formal_charge,spearman,fold_potency_charge_MW,fold;y_true;MW,669,3,0.2512935185600376
native_fold,unique,0,PC1,prepared_is_charged,pearson,none,,669,1,0.26595973272642187
native_fold,unique,0,PC1,prepared_is_charged,pearson,fold_potency_charge,fold;y_true;prepared_formal_charge,669,7,
native_fold,unique,0,PC1,prepared_is_charged,pearson,fold_potency_charge_MW,fold;y_true;prepared_formal_charge;MW,669,8,
native_fold,unique,0,PC1,prepared_is_charged,spearman,none,,669,1,0.2951430230602411
native_fold,unique,0,PC1,prepared_is_charged,spearman,fold_potency_charge,fold;y_true;prepared_formal_charge,669,7,-7.337503773801379e-07
native_fold,unique,0,PC1,prepared_is_charged,spearman,fold_potency_charge_MW,fold;y_true;prepared_formal_charge;MW,669,8,-0.003853872401529099
native_fold,unique,0,PC1,y_true,pearson,none,,669,1,-0.32864096319790753
native_fold,unique,0,PC1,y_true,pearson,fold_potency_charge,fold;prepared_formal_charge,669,6,-0.2885894790424379
native_fold,unique,0,PC1,y_true,pearson,fold_potency_charge_MW,fold;prepared_formal_charge;MW,669,7,-0.17403849051821563
native_fold,unique,0,PC1,y_true,spearman,none,,669,1,-0.28591040941170764
native_fold,unique,0,PC1,y_true,spearman,fold_potency_charge,fold;prepared_formal_charge,669,6,-0.2600028129702804
native_fold,unique,0,PC1,y_true,spearman,fold_potency_charge_MW,fold;prepared_formal_charge;MW,669,7,-0.22610827312294618
native_fold,unique,0,PC1,native_cached,pearson,none,,669,1,-0.5382254735726297
native_fold,unique,0,PC1,native_cached,pearson,fold_potency_charge,fold;y_true;prepared_formal_charge,669,7,-0.4710802501052538
native_fold,unique,0,PC1,native_cached,pearson,fold_potency_charge_MW,fold;y_true;prepared_formal_charge;MW,669,8,-0.40609689384712966
native_fold,unique,0,PC1,native_cached,spearman,none,,669,1,-0.6412091952898967
native_fold,unique,0,PC1,native_cached,spearman,fold_potency_charge,fold;y_true;prepared_formal_charge,669,7,-0.5956882766778159
native_fold,unique,0,PC1,native_cached,spearman,fold_potency_charge_MW,fold;y_true;prepared_formal_charge;MW,669,8,-0.59866498385906
native_fold,unique,0,PC2,MW,pearson,none,,669,1,-0.06416346536201584
native_fold,unique,0,PC2,MW,pearson,fold_potency_charge,fold;y_true;prepared_formal_charge,669,7,-0.10806810070031227
native_fold,unique,0,PC2,MW,pearson,fold_potency_charge_MW,fold;y_true;prepared_formal_charge,669,7,-0.10806810070031227
native_fold,unique,0,PC2,MW,spearman,none,,669,1,0.08630326657262734
native_fold,unique,0,PC2,MW,spearman,fold_potency_charge,fold;y_true;prepared_formal_charge,669,7,0.02461996358055782
native_fold,unique,0,PC2,MW,spearman,fold_potency_charge_MW,fold;y_true;prepared_formal_charge,669,7,0.02461996358055782
native_fold,unique,0,PC2,heavy_atoms,pearson,none,,669,1,-0.07622883240426094
native_fold,unique,0,PC2,heavy_atoms,pearson,fold_potency_charge,fold;y_true;prepared_formal_charge,669,7,-0.11984717507029709
native_fold,unique,0,PC2,heavy_atoms,pearson,fold_potency_charge_MW,fold;y_true;prepared_formal_charge;MW,669,8,-0.0556440640489921
native_fold,unique,0,PC2,heavy_atoms,spearman,none,,669,1,0.05957146408448527
native_fold,unique,0,PC2,heavy_atoms,spearman,fold_potency_charge,fold;y_true;prepared_formal_charge,669,7,-0.0058594583082991645
native_fold,unique,0,PC2,heavy_atoms,spearman,fold_potency_charge_MW,fold;y_true;prepared_formal_charge;MW,669,8,-0.06100118023813118
native_fold,unique,0,PC2,prepared_formal_charge,pearson,none,,669,1,-0.14708615321950438
native_fold,unique,0,PC2,prepared_formal_charge,pearson,fold_potency_charge,fold;y_true,669,2,-0.15380903831349854
native_fold,unique,0,PC2,prepared_formal_charge,pearson,fold_potency_charge_MW,fold;y_true;MW,669,3,-0.1274875153573246
native_fold,unique,0,PC2,prepared_formal_charge,spearman,none,,669,1,-0.2357501582995816
native_fold,unique,0,PC2,prepared_formal_charge,spearman,fold_potency_charge,fold;y_true,669,2,-0.25583767977176
native_fold,unique,0,PC2,prepared_formal_charge,spearman,fold_potency_charge_MW,fold;y_true;MW,669,3,-0.26038069634717087
native_fold,unique,0,PC2,prepared_is_charged,pearson,none,,669,1,-0.14732709909964312
native_fold,unique,0,PC2,prepared_is_charged,pearson,fold_potency_charge,fold;y_true;prepared_formal_charge,669,7,
native_fold,unique,0,PC2,prepared_is_charged,pearson,fold_potency_charge_MW,fold;y_true;prepared_formal_charge;MW,669,8,
native_fold,unique,0,PC2,prepared_is_charged,spearman,none,,669,1,-0.23175687278988716
native_fold,unique,0,PC2,prepared_is_charged,spearman,fold_potency_charge,fold;y_true;prepared_formal_charge,669,7,-5.799291715073172e-07
native_fold,unique,0,PC2,prepared_is_charged,spearman,fold_potency_charge_MW,fold;y_true;prepared_formal_charge;MW,669,8,0.004439036116860572
native_fold,unique,0,PC2,y_true,pearson,none,,669,1,0.08575150323824349
native_fold,unique,0,PC2,y_true,pearson,fold_potency_charge,fold;prepared_formal_charge,669,6,0.0797442785809728
native_fold,unique,0,PC2,y_true,pearson,fold_potency_charge_MW,fold;prepared_formal_charge;MW,669,7,0.11504617172663213
native_fold,unique,0,PC2,y_true,spearman,none,,669,1,0.22313023631878195
native_fold,unique,0,PC2,y_true,spearman,fold_potency_charge,fold;prepared_formal_charge,669,6,0.2146759538739071
native_fold,unique,0,PC2,y_true,spearman,fold_potency_charge_MW,fold;prepared_formal_charge;MW,669,7,0.1966769726271812
native_fold,unique,0,PC2,native_cached,pearson,none,,669,1,0.3244924106240892
native_fold,unique,0,PC2,native_cached,pearson,fold_potency_charge,fold;y_true;prepared_formal_charge,669,7,0.2986806528367175
native_fold,unique,0,PC2,native_cached,pearson,fold_potency_charge_MW,fold;y_true;prepared_formal_charge;MW,669,8,0.3745104280087997
native_fold,unique,0,PC2,native_cached,spearman,none,,669,1,0.6283267478829905
native_fold,unique,0,PC2,native_cached,spearman,fold_potency_charge,fold;y_true;prepared_formal_charge,669,7,0.5935641166305309
native_fold,unique,0,PC2,native_cached,spearman,fold_potency_charge_MW,fold;y_true;prepared_formal_charge;MW,669,8,0.608602158268848
native_fold,unique,0,PC3,MW,pearson,none,,669,1,-0.11451916950976256
native_fold,unique,0,PC3,MW,pearson,fold_potency_charge,fold;y_true;prepared_formal_charge,669,7,-0.024752626029564764
native_fold,unique,0,PC3,MW,pearson,fold_potency_charge_MW,fold;y_true;prepared_formal_charge,669,7,-0.024752626029564764
native_fold,unique,0,PC3,MW,spearman,none,,669,1,-0.16161395247892635
native_fold,unique,0,PC3,MW,spearman,fold_potency_charge,fold;y_true;prepared_formal_charge,669,7,-0.09135973496933304
native_fold,unique,0,PC3,MW,spearman,fold_potency_charge_MW,fold;y_true;prepared_formal_charge,669,7,-0.09135973496933304
native_fold,unique,0,PC3,heavy_atoms,pearson,none,,669,1,-0.14772766870612217
native_fold,unique,0,PC3,heavy_atoms,pearson,fold_potency_charge,fold;y_true;prepared_formal_charge,669,7,-0.06351360433078006
native_fold,unique,0,PC3,heavy_atoms,pearson,fold_potency_charge_MW,fold;y_true;prepared_formal_charge;MW,669,8,-0.12989786170326748
native_fold,unique,0,PC3,heavy_atoms,spearman,none,,669,1,-0.21485489587766676
native_fold,unique,0,PC3,heavy_atoms,spearman,fold_potency_charge,fold;y_true;prepared_formal_charge,669,7,-0.15304370692470048
native_fold,unique,0,PC3,heavy_atoms,spearman,fold_potency_charge_MW,fold;y_true;prepared_formal_charge;MW,669,8,-0.1580988951032378
native_fold,unique,0,PC3,prepared_formal_charge,pearson,none,,669,1,-0.02610087839776846
native_fold,unique,0,PC3,prepared_formal_charge,pearson,fold_potency_charge,fold;y_true,669,2,-0.013267126160795709
native_fold,unique,0,PC3,prepared_formal_charge,pearson,fold_potency_charge_MW,fold;y_true;MW,669,3,-0.0028429841383455228
native_fold,unique,0,PC3,prepared_formal_charge,spearman,none,,669,1,-0.05423132492777602
native_fold,unique,0,PC3,prepared_formal_charge,spearman,fold_potency_charge,fold;y_true,669,2,-0.045314689888305705
native_fold,unique,0,PC3,prepared_formal_charge,spearman,fold_potency_charge_MW,fold;y_true;MW,669,3,-0.027226155640797365
native_fold,unique,0,PC3,prepared_is_charged,pearson,none,,669,1,0.1942884632527579
native_fold,unique,0,PC3,prepared_is_charged,pearson,fold_potency_charge,fold;y_true;prepared_formal_charge,669,7,
native_fold,unique,0,PC3,prepared_is_charged,pearson,fold_potency_charge_MW,fold;y_true;prepared_formal_charge;MW,669,8,
native_fold,unique,0,PC3,prepared_is_charged,spearman,none,,669,1,0.20480464594036685
native_fold,unique,0,PC3,prepared_is_charged,spearman,fold_potency_charge,fold;y_true;prepared_formal_charge,669,7,-3.9783616940825135e-07
native_fold,unique,0,PC3,prepared_is_charged,spearman,fold_potency_charge_MW,fold;y_true;prepared_formal_charge;MW,669,8,0.0024957658701873107
native_fold,unique,0,PC3,y_true,pearson,none,,669,1,-0.19374048748718167
native_fold,unique,0,PC3,y_true,pearson,fold_potency_charge,fold;prepared_formal_charge,669,6,-0.12153353262489659
native_fold,unique,0,PC3,y_true,pearson,fold_potency_charge_MW,fold;prepared_formal_charge;MW,669,7,-0.10325439928532443
native_fold,unique,0,PC3,y_true,spearman,none,,669,1,-0.1621815460460159
native_fold,unique,0,PC3,y_true,spearman,fold_potency_charge,fold;prepared_formal_charge,669,6,-0.09087738047982519
native_fold,unique,0,PC3,y_true,spearman,fold_potency_charge_MW,fold;prepared_formal_charge;MW,669,7,-0.057576935087539576
native_fold,unique,0,PC3,native_cached,pearson,none,,669,1,0.32174736992893405
native_fold,unique,0,PC3,native_cached,pearson,fold_potency_charge,fold;y_true;prepared_formal_charge,669,7,0.4371245431892463
native_fold,unique,0,PC3,native_cached,pearson,fold_potency_charge_MW,fold;y_true;prepared_formal_charge;MW,669,8,0.48725015973665853
native_fold,unique,0,PC3,native_cached,spearman,none,,669,1,0.29211449265313827
native_fold,unique,0,PC3,native_cached,spearman,fold_potency_charge,fold;y_true;prepared_formal_charge,669,7,0.4017739035024452
native_fold,unique,0,PC3,native_cached,spearman,fold_potency_charge_MW,fold;y_true;prepared_formal_charge;MW,669,8,0.4430510880935951
native_fold,unique,0,PC4,MW,pearson,none,,669,1,-0.2723817696383915
native_fold,unique,0,PC4,MW,pearson,fold_potency_charge,fold;y_true;prepared_formal_charge,669,7,-0.18530068986272294
native_fold,unique,0,PC4,MW,pearson,fold_potency_charge_MW,fold;y_true;prepared_formal_charge,669,7,-0.18530068986272294
native_fold,unique,0,PC4,MW,spearman,none,,669,1,-0.1525855449994979
native_fold,unique,0,PC4,MW,spearman,fold_potency_charge,fold;y_true;prepared_formal_charge,669,7,-0.073419420713988
native_fold,unique,0,PC4,MW,spearman,fold_potency_charge_MW,fold;y_true;prepared_formal_charge,669,7,-0.073419420713988
native_fold,unique,0,PC4,heavy_atoms,pearson,none,,669,1,-0.2620799673404086
native_fold,unique,0,PC4,heavy_atoms,pearson,fold_potency_charge,fold;y_true;prepared_formal_charge,669,7,-0.17464595650308784
native_fold,unique,0,PC4,heavy_atoms,pearson,fold_potency_charge_MW,fold;y_true;prepared_formal_charge;MW,669,8,0.005496988625491087
native_fold,unique,0,PC4,heavy_atoms,spearman,none,,669,1,-0.13844164826491664
native_fold,unique,0,PC4,heavy_atoms,spearman,fold_potency_charge,fold;y_true;prepared_formal_charge,669,7,-0.05941168668691705
native_fold,unique,0,PC4,heavy_atoms,spearman,fold_potency_charge_MW,fold;y_true;prepared_formal_charge;MW,669,8,0.013096400852513117
native_fold,unique,0,PC4,prepared_formal_charge,pearson,none,,669,1,-0.05134091343135343
native_fold,unique,0,PC4,prepared_formal_charge,pearson,fold_potency_charge,fold;y_true,669,2,-0.03842547641863549
native_fold,unique,0,PC4,prepared_formal_charge,pearson,fold_potency_charge_MW,fold;y_true;MW,669,3,0.024402568051727382
native_fold,unique,0,PC4,prepared_formal_charge,spearman,none,,669,1,0.013119553065055255
native_fold,unique,0,PC4,prepared_formal_charge,spearman,fold_potency_charge,fold;y_true,669,2,0.027149261405759722
native_fold,unique,0,PC4,prepared_formal_charge,spearman,fold_potency_charge_MW,fold;y_true;MW,669,3,0.04084289544962616
native_fold,unique,0,PC4,prepared_is_charged,pearson,none,,669,1,0.023781021331030754
native_fold,unique,0,PC4,prepared_is_charged,pearson,fold_potency_charge,fold;y_true;prepared_formal_charge,669,7,
native_fold,unique,0,PC4,prepared_is_charged,pearson,fold_potency_charge_MW,fold;y_true;prepared_formal_charge;MW,669,8,
native_fold,unique,0,PC4,prepared_is_charged,spearman,none,,669,1,0.04974864626565649
native_fold,unique,0,PC4,prepared_is_charged,spearman,fold_potency_charge,fold;y_true;prepared_formal_charge,669,7,3.4385938330510854e-06
native_fold,unique,0,PC4,prepared_is_charged,spearman,fold_potency_charge_MW,fold;y_true;prepared_formal_charge;MW,669,8,0.00486095109232674
native_fold,unique,0,PC4,y_true,pearson,none,,669,1,-0.20400490896466736
native_fold,unique,0,PC4,y_true,pearson,fold_potency_charge,fold;prepared_formal_charge,669,6,-0.2020381015481664
native_fold,unique,0,PC4,y_true,pearson,fold_potency_charge_MW,fold;prepared_formal_charge;MW,669,7,-0.1213546981703942
native_fold,unique,0,PC4,y_true,spearman,none,,669,1,-0.22463201415683
native_fold,unique,0,PC4,y_true,spearman,fold_potency_charge,fold;prepared_formal_charge,669,6,-0.21981829642800402
native_fold,unique,0,PC4,y_true,spearman,fold_potency_charge_MW,fold;prepared_formal_charge;MW,669,7,-0.18737984589773302
native_fold,unique,0,PC4,native_cached,pearson,none,,669,1,-0.44129574824563544
native_fold,unique,0,PC4,native_cached,pearson,fold_potency_charge,fold;y_true;prepared_formal_charge,669,7,-0.3913639146707077
native_fold,unique,0,PC4,native_cached,pearson,fold_potency_charge_MW,fold;y_true;prepared_formal_charge;MW,669,8,-0.35233763179592564
native_fold,unique,0,PC4,native_cached,spearman,none,,669,1,-0.4629379751974533
native_fold,unique,0,PC4,native_cached,spearman,fold_potency_charge,fold;y_true;prepared_formal_charge,669,7,-0.41427794538188295
native_fold,unique,0,PC4,native_cached,spearman,fold_potency_charge_MW,fold;y_true;prepared_formal_charge;MW,669,8,-0.4104631002436401
native_fold,unique,0,PC5,MW,pearson,none,,669,1,0.3002380622543521
native_fold,unique,0,PC5,MW,pearson,fold_potency_charge,fold;y_true;prepared_formal_charge,669,7,0.25267209033789245
native_fold,unique,0,PC5,MW,pearson,fold_potency_charge_MW,fold;y_true;prepared_formal_charge,669,7,0.25267209033789245
native_fold,unique,0,PC5,MW,spearman,none,,669,1,0.15917565884882168
native_fold,unique,0,PC5,MW,spearman,fold_potency_charge,fold;y_true;prepared_formal_charge,669,7,0.11046138730698614
native_fold,unique,0,PC5,MW,spearman,fold_potency_charge_MW,fold;y_true;prepared_formal_charge,669,7,0.11046138730698614
native_fold,unique,0,PC5,heavy_atoms,pearson,none,,669,1,0.2964168074035095
native_fold,unique,0,PC5,heavy_atoms,pearson,fold_potency_charge,fold;y_true;prepared_formal_charge,669,7,0.24889733353609023
native_fold,unique,0,PC5,heavy_atoms,pearson,fold_potency_charge_MW,fold;y_true;prepared_formal_charge;MW,669,8,0.028503886408303643
native_fold,unique,0,PC5,heavy_atoms,spearman,none,,669,1,0.15016825186216007
native_fold,unique,0,PC5,heavy_atoms,spearman,fold_potency_charge,fold;y_true;prepared_formal_charge,669,7,0.1015475102397839
native_fold,unique,0,PC5,heavy_atoms,spearman,fold_potency_charge_MW,fold;y_true;prepared_formal_charge;MW,669,8,0.007091559265590233
native_fold,unique,0,PC5,prepared_formal_charge,pearson,none,,669,1,0.03320709847126438
native_fold,unique,0,PC5,prepared_formal_charge,pearson,fold_potency_charge,fold;y_true,669,2,0.0202983308793675
native_fold,unique,0,PC5,prepared_formal_charge,pearson,fold_potency_charge_MW,fold;y_true;MW,669,3,-0.05497830388331688
native_fold,unique,0,PC5,prepared_formal_charge,spearman,none,,669,1,0.020222685598263304
native_fold,unique,0,PC5,prepared_formal_charge,spearman,fold_potency_charge,fold;y_true,669,2,0.01120805927294819
native_fold,unique,0,PC5,prepared_formal_charge,spearman,fold_potency_charge_MW,fold;y_true;MW,669,3,-0.007598205667858915
native_fold,unique,0,PC5,prepared_is_charged,pearson,none,,669,1,-0.056350995157237946
native_fold,unique,0,PC5,prepared_is_charged,pearson,fold_potency_charge,fold;y_true;prepared_formal_charge,669,7,
native_fold,unique,0,PC5,prepared_is_charged,pearson,fold_potency_charge_MW,fold;y_true;prepared_formal_charge;MW,669,8,
native_fold,unique,0,PC5,prepared_is_charged,spearman,none,,669,1,-0.05991625280170307
native_fold,unique,0,PC5,prepared_is_charged,spearman,fold_potency_charge,fold;y_true;prepared_formal_charge,669,7,7.853146495976007e-06
native_fold,unique,0,PC5,prepared_is_charged,spearman,fold_potency_charge_MW,fold;y_true;prepared_formal_charge;MW,669,8,0.004428231422804413
native_fold,unique,0,PC5,y_true,pearson,none,,669,1,0.19726031732320817
native_fold,unique,0,PC5,y_true,pearson,fold_potency_charge,fold;prepared_formal_charge,669,6,0.17734672225016399
native_fold,unique,0,PC5,y_true,pearson,fold_potency_charge_MW,fold;prepared_formal_charge;MW,669,7,0.07252070591831214
native_fold,unique,0,PC5,y_true,spearman,none,,669,1,0.15499069902261994
native_fold,unique,0,PC5,y_true,spearman,fold_potency_charge,fold;prepared_formal_charge,669,6,0.13535824145385097
native_fold,unique,0,PC5,y_true,spearman,fold_potency_charge_MW,fold;prepared_formal_charge;MW,669,7,0.094509436420238
native_fold,unique,0,PC5,native_cached,pearson,none,,669,1,0.4391227229834751
native_fold,unique,0,PC5,native_cached,pearson,fold_potency_charge,fold;y_true;prepared_formal_charge,669,7,0.40978463978395313
native_fold,unique,0,PC5,native_cached,pearson,fold_potency_charge_MW,fold;y_true;prepared_formal_charge;MW,669,8,0.34843129169405396
native_fold,unique,0,PC5,native_cached,spearman,none,,669,1,0.4290848595293183
native_fold,unique,0,PC5,native_cached,spearman,fold_potency_charge,fold;y_true;prepared_formal_charge,669,7,0.4147636332735677
native_fold,unique,0,PC5,native_cached,spearman,fold_potency_charge_MW,fold;y_true;prepared_formal_charge;MW,669,8,0.4022491102166791
native_fold,unique,1,norm_l2,MW,pearson,none,,669,1,-0.3499534650364101
native_fold,unique,1,norm_l2,MW,pearson,fold_potency_charge,fold;y_true;prepared_formal_charge,669,5,-0.27368193318852885
native_fold,unique,1,norm_l2,MW,pearson,fold_potency_charge_MW,fold;y_true;prepared_formal_charge,669,5,-0.27368193318852885
native_fold,unique,1,norm_l2,MW,spearman,none,,669,1,-0.2120287019204757
native_fold,unique,1,norm_l2,MW,spearman,fold_potency_charge,fold;y_true;prepared_formal_charge,669,5,-0.12569174575239125
native_fold,unique,1,norm_l2,MW,spearman,fold_potency_charge_MW,fold;y_true;prepared_formal_charge,669,5,-0.12569174575239125
native_fold,unique,1,norm_l2,heavy_atoms,pearson,none,,669,1,-0.3633155704582674
native_fold,unique,1,norm_l2,heavy_atoms,pearson,fold_potency_charge,fold;y_true;prepared_formal_charge,669,5,-0.2945543629178878
native_fold,unique,1,norm_l2,heavy_atoms,pearson,fold_potency_charge_MW,fold;y_true;prepared_formal_charge;MW,669,6,-0.11581419857295934
native_fold,unique,1,norm_l2,heavy_atoms,spearman,none,,669,1,-0.229871964643476
native_fold,unique,1,norm_l2,heavy_atoms,spearman,fold_potency_charge,fold;y_true;prepared_formal_charge,669,5,-0.15291576016863312
native_fold,unique,1,norm_l2,heavy_atoms,spearman,fold_potency_charge_MW,fold;y_true;prepared_formal_charge;MW,669,6,-0.09383636802592504
native_fold,unique,1,norm_l2,prepared_formal_charge,pearson,none,,669,1,0.08464761937272616
native_fold,unique,1,norm_l2,prepared_formal_charge,pearson,fold_potency_charge,fold;y_true,669,2,0.11273597683533683
native_fold,unique,1,norm_l2,prepared_formal_charge,pearson,fold_potency_charge_MW,fold;y_true;MW,669,3,0.15664207383663217
native_fold,unique,1,norm_l2,prepared_formal_charge,spearman,none,,669,1,0.1374406773187723
native_fold,unique,1,norm_l2,prepared_formal_charge,spearman,fold_potency_charge,fold;y_true,669,2,0.15857703705506113
native_fold,unique,1,norm_l2,prepared_formal_charge,spearman,fold_potency_charge_MW,fold;y_true;MW,669,3,0.17591870972100584
native_fold,unique,1,norm_l2,prepared_is_charged,pearson,none,,669,1,0.2418979135164574
native_fold,unique,1,norm_l2,prepared_is_charged,pearson,fold_potency_charge,fold;y_true;prepared_formal_charge,669,5,
native_fold,unique,1,norm_l2,prepared_is_charged,pearson,fold_potency_charge_MW,fold;y_true;prepared_formal_charge;MW,669,6,
native_fold,unique,1,norm_l2,prepared_is_charged,spearman,none,,669,1,0.23776419086638376
native_fold,unique,1,norm_l2,prepared_is_charged,spearman,fold_potency_charge,fold;y_true;prepared_formal_charge,669,5,-9.903019774911616e-06
native_fold,unique,1,norm_l2,prepared_is_charged,spearman,fold_potency_charge_MW,fold;y_true;prepared_formal_charge;MW,669,6,-0.0018879964209534959
native_fold,unique,1,norm_l2,y_true,pearson,none,,669,1,-0.29987309669191187
native_fold,unique,1,norm_l2,y_true,pearson,fold_potency_charge,fold;prepared_formal_charge,669,4,-0.2535245137195438
native_fold,unique,1,norm_l2,y_true,pearson,fold_potency_charge_MW,fold;prepared_formal_charge;MW,669,5,-0.17932828022105796
native_fold,unique,1,norm_l2,y_true,spearman,none,,669,1,-0.38732011790936327
native_fold,unique,1,norm_l2,y_true,spearman,fold_potency_charge,fold;prepared_formal_charge,669,4,-0.3553320749226325
native_fold,unique,1,norm_l2,y_true,spearman,fold_potency_charge_MW,fold;prepared_formal_charge;MW,669,5,-0.32164502231036635
native_fold,unique,1,norm_l2,native_cached,pearson,none,,669,1,-0.2533618097752666
native_fold,unique,1,norm_l2,native_cached,pearson,fold_potency_charge,fold;y_true;prepared_formal_charge,669,5,-0.14435960389306746
native_fold,unique,1,norm_l2,native_cached,pearson,fold_potency_charge_MW,fold;y_true;prepared_formal_charge;MW,669,6,-0.046539877065190145
native_fold,unique,1,norm_l2,native_cached,spearman,none,,669,1,-0.4850100214536458
native_fold,unique,1,norm_l2,native_cached,spearman,fold_potency_charge,fold;y_true;prepared_formal_charge,669,5,-0.38817155003480575
native_fold,unique,1,norm_l2,native_cached,spearman,fold_potency_charge_MW,fold;y_true;prepared_formal_charge;MW,669,6,-0.37045299407215604
native_fold,unique,1,centered_norm_l2,MW,pearson,none,,669,1,-0.27293569330302614
native_fold,unique,1,centered_norm_l2,MW,pearson,fold_potency_charge,fold;y_true;prepared_formal_charge,669,5,-0.21259246457569783
native_fold,unique,1,centered_norm_l2,MW,pearson,fold_potency_charge_MW,fold;y_true;prepared_formal_charge,669,5,-0.21259246457569783
native_fold,unique,1,centered_norm_l2,MW,spearman,none,,669,1,-0.06443080273889787
native_fold,unique,1,centered_norm_l2,MW,spearman,fold_potency_charge,fold;y_true;prepared_formal_charge,669,5,-0.03650234972949647
native_fold,unique,1,centered_norm_l2,MW,spearman,fold_potency_charge_MW,fold;y_true;prepared_formal_charge,669,5,-0.03650234972949647
native_fold,unique,1,centered_norm_l2,heavy_atoms,pearson,none,,669,1,-0.2911063383528532
native_fold,unique,1,centered_norm_l2,heavy_atoms,pearson,fold_potency_charge,fold;y_true;prepared_formal_charge,669,5,-0.23625054485549601
native_fold,unique,1,centered_norm_l2,heavy_atoms,pearson,fold_potency_charge_MW,fold;y_true;prepared_formal_charge;MW,669,6,-0.11374403304199356
native_fold,unique,1,centered_norm_l2,heavy_atoms,spearman,none,,669,1,-0.10430700299274429
native_fold,unique,1,centered_norm_l2,heavy_atoms,spearman,fold_potency_charge,fold;y_true;prepared_formal_charge,669,5,-0.07966798751089298
native_fold,unique,1,centered_norm_l2,heavy_atoms,spearman,fold_potency_charge_MW,fold;y_true;prepared_formal_charge;MW,669,6,-0.11249941446637472
native_fold,unique,1,centered_norm_l2,prepared_formal_charge,pearson,none,,669,1,0.059728493498193896
native_fold,unique,1,centered_norm_l2,prepared_formal_charge,pearson,fold_potency_charge,fold;y_true,669,2,0.07683375204121132
native_fold,unique,1,centered_norm_l2,prepared_formal_charge,pearson,fold_potency_charge_MW,fold;y_true;MW,669,3,0.10982831815297645
native_fold,unique,1,centered_norm_l2,prepared_formal_charge,spearman,none,,669,1,0.06736635314196346
native_fold,unique,1,centered_norm_l2,prepared_formal_charge,spearman,fold_potency_charge,fold;y_true,669,2,0.07015707209855403
native_fold,unique,1,centered_norm_l2,prepared_formal_charge,spearman,fold_potency_charge_MW,fold;y_true;MW,669,3,0.07550898680113782
native_fold,unique,1,centered_norm_l2,prepared_is_charged,pearson,none,,669,1,0.19868378482711305
native_fold,unique,1,centered_norm_l2,prepared_is_charged,pearson,fold_potency_charge,fold;y_true;prepared_formal_charge,669,5,
native_fold,unique,1,centered_norm_l2,prepared_is_charged,pearson,fold_potency_charge_MW,fold;y_true;prepared_formal_charge;MW,669,6,
native_fold,unique,1,centered_norm_l2,prepared_is_charged,spearman,none,,669,1,0.11928426760989415
native_fold,unique,1,centered_norm_l2,prepared_is_charged,spearman,fold_potency_charge,fold;y_true;prepared_formal_charge,669,5,-1.2241789445661534e-06
native_fold,unique,1,centered_norm_l2,prepared_is_charged,spearman,fold_potency_charge_MW,fold;y_true;prepared_formal_charge;MW,669,6,-0.0006032303755150317
native_fold,unique,1,centered_norm_l2,y_true,pearson,none,,669,1,-0.20295894002400264
native_fold,unique,1,centered_norm_l2,y_true,pearson,fold_potency_charge,fold;prepared_formal_charge,669,4,-0.15619100695300256
native_fold,unique,1,centered_norm_l2,y_true,pearson,fold_potency_charge_MW,fold;prepared_formal_charge;MW,669,5,-0.09428295447589854
native_fold,unique,1,centered_norm_l2,y_true,spearman,none,,669,1,-0.10569601034291431
native_fold,unique,1,centered_norm_l2,y_true,spearman,fold_potency_charge,fold;prepared_formal_charge,669,4,-0.07880738295083405
native_fold,unique,1,centered_norm_l2,y_true,spearman,fold_potency_charge_MW,fold;prepared_formal_charge;MW,669,5,-0.06739943450618653
native_fold,unique,1,centered_norm_l2,native_cached,pearson,none,,669,1,-0.029392809153404514
native_fold,unique,1,centered_norm_l2,native_cached,pearson,fold_potency_charge,fold;y_true;prepared_formal_charge,669,5,0.06746368169318612
native_fold,unique,1,centered_norm_l2,native_cached,pearson,fold_potency_charge_MW,fold;y_true;prepared_formal_charge;MW,669,6,0.16276478204164938
native_fold,unique,1,centered_norm_l2,native_cached,spearman,none,,669,1,0.16145297251023688
native_fold,unique,1,centered_norm_l2,native_cached,spearman,fold_potency_charge,fold;y_true;prepared_formal_charge,669,5,0.23293768237796325
native_fold,unique,1,centered_norm_l2,native_cached,spearman,fold_potency_charge_MW,fold;y_true;prepared_formal_charge;MW,669,6,0.2546216830429083
native_fold,unique,1,member1_norm_l2,MW,pearson,none,,669,1,-0.3364813903928728
native_fold,unique,1,member1_norm_l2,MW,pearson,fold_potency_charge,fold;y_true;prepared_formal_charge,669,5,-0.26500013557159097
native_fold,unique,1,member1_norm_l2,MW,pearson,fold_potency_charge_MW,fold;y_true;prepared_formal_charge,669,5,-0.26500013557159097
native_fold,unique,1,member1_norm_l2,MW,spearman,none,,669,1,-0.1990745533842147
native_fold,unique,1,member1_norm_l2,MW,spearman,fold_potency_charge,fold;y_true;prepared_formal_charge,669,5,-0.12087868047995785
native_fold,unique,1,member1_norm_l2,MW,spearman,fold_potency_charge_MW,fold;y_true;prepared_formal_charge,669,5,-0.12087868047995785
native_fold,unique,1,member1_norm_l2,heavy_atoms,pearson,none,,669,1,-0.3516196124901021
native_fold,unique,1,member1_norm_l2,heavy_atoms,pearson,fold_potency_charge,fold;y_true;prepared_formal_charge,669,5,-0.28704708723154826
native_fold,unique,1,member1_norm_l2,heavy_atoms,pearson,fold_potency_charge_MW,fold;y_true;prepared_formal_charge;MW,669,6,-0.1181559594952875
native_fold,unique,1,member1_norm_l2,heavy_atoms,spearman,none,,669,1,-0.22014543709194126
native_fold,unique,1,member1_norm_l2,heavy_atoms,spearman,fold_potency_charge,fold;y_true;prepared_formal_charge,669,5,-0.15039378873439146
native_fold,unique,1,member1_norm_l2,heavy_atoms,spearman,fold_potency_charge_MW,fold;y_true;prepared_formal_charge;MW,669,6,-0.09832146177585387
native_fold,unique,1,member1_norm_l2,prepared_formal_charge,pearson,none,,669,1,0.07559725655169493
native_fold,unique,1,member1_norm_l2,prepared_formal_charge,pearson,fold_potency_charge,fold;y_true,669,2,0.09994056826211394
native_fold,unique,1,member1_norm_l2,prepared_formal_charge,pearson,fold_potency_charge_MW,fold;y_true;MW,669,3,0.1421382208852489
native_fold,unique,1,member1_norm_l2,prepared_formal_charge,spearman,none,,669,1,0.13156911740174462
native_fold,unique,1,member1_norm_l2,prepared_formal_charge,spearman,fold_potency_charge,fold;y_true,669,2,0.1487036564604065
native_fold,unique,1,member1_norm_l2,prepared_formal_charge,spearman,fold_potency_charge_MW,fold;y_true;MW,669,3,0.16540157714984968
native_fold,unique,1,member1_norm_l2,prepared_is_charged,pearson,none,,669,1,0.2321400315290295
native_fold,unique,1,member1_norm_l2,prepared_is_charged,pearson,fold_potency_charge,fold;y_true;prepared_formal_charge,669,5,
native_fold,unique,1,member1_norm_l2,prepared_is_charged,pearson,fold_potency_charge_MW,fold;y_true;prepared_formal_charge;MW,669,6,
native_fold,unique,1,member1_norm_l2,prepared_is_charged,spearman,none,,669,1,0.2248343553854057
native_fold,unique,1,member1_norm_l2,prepared_is_charged,spearman,fold_potency_charge,fold;y_true;prepared_formal_charge,669,5,-9.728868830032886e-06
native_fold,unique,1,member1_norm_l2,prepared_is_charged,spearman,fold_potency_charge_MW,fold;y_true;prepared_formal_charge;MW,669,6,-0.0019984088903681942
native_fold,unique,1,member1_norm_l2,y_true,pearson,none,,669,1,-0.2701395700804376
native_fold,unique,1,member1_norm_l2,y_true,pearson,fold_potency_charge,fold;prepared_formal_charge,669,4,-0.22208063293418775
native_fold,unique,1,member1_norm_l2,y_true,pearson,fold_potency_charge_MW,fold;prepared_formal_charge;MW,669,5,-0.14849350094454533
native_fold,unique,1,member1_norm_l2,y_true,spearman,none,,669,1,-0.3475905160692104
native_fold,unique,1,member1_norm_l2,y_true,spearman,fold_potency_charge,fold;prepared_formal_charge,669,4,-0.3148384173070034
native_fold,unique,1,member1_norm_l2,y_true,spearman,fold_potency_charge_MW,fold;prepared_formal_charge;MW,669,5,-0.2815634232436236
native_fold,unique,1,member1_norm_l2,native_cached,pearson,none,,669,1,-0.19863358164186604
native_fold,unique,1,member1_norm_l2,native_cached,pearson,fold_potency_charge,fold;y_true;prepared_formal_charge,669,5,-0.09364191822175084
native_fold,unique,1,member1_norm_l2,native_cached,pearson,fold_potency_charge_MW,fold;y_true;prepared_formal_charge;MW,669,6,0.006686090316367479
native_fold,unique,1,member1_norm_l2,native_cached,spearman,none,,669,1,-0.3848636172538131
native_fold,unique,1,member1_norm_l2,native_cached,spearman,fold_potency_charge,fold;y_true;prepared_formal_charge,669,5,-0.2812474879907869
native_fold,unique,1,member1_norm_l2,native_cached,spearman,fold_potency_charge_MW,fold;y_true;prepared_formal_charge;MW,669,6,-0.25915010924523635
native_fold,unique,1,member2_norm_l2,MW,pearson,none,,669,1,-0.3377007195719333
native_fold,unique,1,member2_norm_l2,MW,pearson,fold_potency_charge,fold;y_true;prepared_formal_charge,669,5,-0.2419395709219256
native_fold,unique,1,member2_norm_l2,MW,pearson,fold_potency_charge_MW,fold;y_true;prepared_formal_charge,669,5,-0.2419395709219256
native_fold,unique,1,member2_norm_l2,MW,spearman,none,,669,1,-0.24837578432890972
native_fold,unique,1,member2_norm_l2,MW,spearman,fold_potency_charge,fold;y_true;prepared_formal_charge,669,5,-0.16015745015726576
native_fold,unique,1,member2_norm_l2,MW,spearman,fold_potency_charge_MW,fold;y_true;prepared_formal_charge,669,5,-0.16015745015726576
native_fold,unique,1,member2_norm_l2,heavy_atoms,pearson,none,,669,1,-0.329455689335073
native_fold,unique,1,member2_norm_l2,heavy_atoms,pearson,fold_potency_charge,fold;y_true;prepared_formal_charge,669,5,-0.24097264229854712
native_fold,unique,1,member2_norm_l2,heavy_atoms,pearson,fold_potency_charge_MW,fold;y_true;prepared_formal_charge;MW,669,6,-0.03531456585625232
native_fold,unique,1,member2_norm_l2,heavy_atoms,spearman,none,,669,1,-0.2431769714394782
native_fold,unique,1,member2_norm_l2,heavy_atoms,spearman,fold_potency_charge,fold;y_true;prepared_formal_charge,669,5,-0.16142526375593694
native_fold,unique,1,member2_norm_l2,heavy_atoms,spearman,fold_potency_charge_MW,fold;y_true;prepared_formal_charge;MW,669,6,-0.0381738990740721
native_fold,unique,1,member2_norm_l2,prepared_formal_charge,pearson,none,,669,1,0.12962117999520067
native_fold,unique,1,member2_norm_l2,prepared_formal_charge,pearson,fold_potency_charge,fold;y_true,669,2,0.18131627597247654
native_fold,unique,1,member2_norm_l2,prepared_formal_charge,pearson,fold_potency_charge_MW,fold;y_true;MW,669,3,0.2177610854269441
native_fold,unique,1,member2_norm_l2,prepared_formal_charge,spearman,none,,669,1,0.11697462287278222
native_fold,unique,1,member2_norm_l2,prepared_formal_charge,spearman,fold_potency_charge,fold;y_true,669,2,0.13880997655935545
native_fold,unique,1,member2_norm_l2,prepared_formal_charge,spearman,fold_potency_charge_MW,fold;y_true;MW,669,3,0.16115248853766595
native_fold,unique,1,member2_norm_l2,prepared_is_charged,pearson,none,,669,1,0.23167617491341283
native_fold,unique,1,member2_norm_l2,prepared_is_charged,pearson,fold_potency_charge,fold;y_true;prepared_formal_charge,669,5,
native_fold,unique,1,member2_norm_l2,prepared_is_charged,pearson,fold_potency_charge_MW,fold;y_true;prepared_formal_charge;MW,669,6,
native_fold,unique,1,member2_norm_l2,prepared_is_charged,spearman,none,,669,1,0.21809797142564258
native_fold,unique,1,member2_norm_l2,prepared_is_charged,spearman,fold_potency_charge,fold;y_true;prepared_formal_charge,669,5,-3.0240294851632024e-06
native_fold,unique,1,member2_norm_l2,prepared_is_charged,spearman,fold_potency_charge_MW,fold;y_true;prepared_formal_charge;MW,669,6,0.0004117153081835144
native_fold,unique,1,member2_norm_l2,y_true,pearson,none,,669,1,-0.4374640633904152
native_fold,unique,1,member2_norm_l2,y_true,pearson,fold_potency_charge,fold;prepared_formal_charge,669,4,-0.4175501628068676
native_fold,unique,1,member2_norm_l2,y_true,pearson,fold_potency_charge_MW,fold;prepared_formal_charge;MW,669,5,-0.3594731179259832
native_fold,unique,1,member2_norm_l2,y_true,spearman,none,,669,1,-0.41430903476696596
native_fold,unique,1,member2_norm_l2,y_true,spearman,fold_potency_charge,fold;prepared_formal_charge,669,4,-0.38645912717374487
native_fold,unique,1,member2_norm_l2,y_true,spearman,fold_potency_charge_MW,fold;prepared_formal_charge;MW,669,5,-0.34773763371075456
native_fold,unique,1,member2_norm_l2,native_cached,pearson,none,,669,1,-0.6637242725532814
native_fold,unique,1,member2_norm_l2,native_cached,pearson,fold_potency_charge,fold;y_true;prepared_formal_charge,669,5,-0.5963935600144438
native_fold,unique,1,member2_norm_l2,native_cached,pearson,fold_potency_charge_MW,fold;y_true;prepared_formal_charge;MW,669,6,-0.5621523702088522
native_fold,unique,1,member2_norm_l2,native_cached,spearman,none,,669,1,-0.7558227230700234
native_fold,unique,1,member2_norm_l2,native_cached,spearman,fold_potency_charge,fold;y_true;prepared_formal_charge,669,5,-0.7100815982315237
native_fold,unique,1,member2_norm_l2,native_cached,spearman,fold_potency_charge_MW,fold;y_true;prepared_formal_charge;MW,669,6,-0.7025006485960292
native_fold,unique,1,PC1,MW,pearson,none,,669,1,-0.38645911447320014
native_fold,unique,1,PC1,MW,pearson,fold_potency_charge,fold;y_true;prepared_formal_charge,669,5,-0.3001043052749494
native_fold,unique,1,PC1,MW,pearson,fold_potency_charge_MW,fold;y_true;prepared_formal_charge,669,5,-0.3001043052749494
native_fold,unique,1,PC1,MW,spearman,none,,669,1,-0.20985772729889407
native_fold,unique,1,PC1,MW,spearman,fold_potency_charge,fold;y_true;prepared_formal_charge,669,5,-0.1133561827565229
native_fold,unique,1,PC1,MW,spearman,fold_potency_charge_MW,fold;y_true;prepared_formal_charge,669,5,-0.1133561827565229
native_fold,unique,1,PC1,heavy_atoms,pearson,none,,669,1,-0.38163110590946925
native_fold,unique,1,PC1,heavy_atoms,pearson,fold_potency_charge,fold;y_true;prepared_formal_charge,669,5,-0.302016205379406
native_fold,unique,1,PC1,heavy_atoms,pearson,fold_potency_charge_MW,fold;y_true;prepared_formal_charge;MW,669,6,-0.05534155408307795
native_fold,unique,1,PC1,heavy_atoms,spearman,none,,669,1,-0.20493142245366333
native_fold,unique,1,PC1,heavy_atoms,spearman,fold_potency_charge,fold;y_true;prepared_formal_charge,669,5,-0.11379988732962316
native_fold,unique,1,PC1,heavy_atoms,spearman,fold_potency_charge_MW,fold;y_true;prepared_formal_charge;MW,669,6,-0.025737257907418612
native_fold,unique,1,PC1,prepared_formal_charge,pearson,none,,669,1,0.149735124498116
native_fold,unique,1,PC1,prepared_formal_charge,pearson,fold_potency_charge,fold;y_true,669,2,0.1918297835979597
native_fold,unique,1,PC1,prepared_formal_charge,pearson,fold_potency_charge_MW,fold;y_true;MW,669,3,0.24415003485387124
native_fold,unique,1,PC1,prepared_formal_charge,spearman,none,,669,1,0.1921954685951718
native_fold,unique,1,PC1,prepared_formal_charge,spearman,fold_potency_charge,fold;y_true,669,2,0.22176997505966486
native_fold,unique,1,PC1,prepared_formal_charge,spearman,fold_potency_charge_MW,fold;y_true;MW,669,3,0.2383362623920978
native_fold,unique,1,PC1,prepared_is_charged,pearson,none,,669,1,0.34694570454899465
native_fold,unique,1,PC1,prepared_is_charged,pearson,fold_potency_charge,fold;y_true;prepared_formal_charge,669,5,
native_fold,unique,1,PC1,prepared_is_charged,pearson,fold_potency_charge_MW,fold;y_true;prepared_formal_charge;MW,669,6,
native_fold,unique,1,PC1,prepared_is_charged,spearman,none,,669,1,0.34783871562979585
native_fold,unique,1,PC1,prepared_is_charged,spearman,fold_potency_charge,fold;y_true;prepared_formal_charge,669,5,-1.2816125808917904e-06
native_fold,unique,1,PC1,prepared_is_charged,spearman,fold_potency_charge_MW,fold;y_true;prepared_formal_charge;MW,669,6,-0.0005031888183825155
native_fold,unique,1,PC1,y_true,pearson,none,,669,1,-0.3706331051464892
native_fold,unique,1,PC1,y_true,pearson,fold_potency_charge,fold;prepared_formal_charge,669,4,-0.3165867723680461
native_fold,unique,1,PC1,y_true,pearson,fold_potency_charge_MW,fold;prepared_formal_charge;MW,669,5,-0.24090381543707778
native_fold,unique,1,PC1,y_true,spearman,none,,669,1,-0.4164495589782704
native_fold,unique,1,PC1,y_true,spearman,fold_potency_charge,fold;prepared_formal_charge,669,4,-0.3689041076847213
native_fold,unique,1,PC1,y_true,spearman,fold_potency_charge_MW,fold;prepared_formal_charge;MW,669,5,-0.3375618895732033
native_fold,unique,1,PC1,native_cached,pearson,none,,669,1,-0.48154861268995575
native_fold,unique,1,PC1,native_cached,pearson,fold_potency_charge,fold;y_true;prepared_formal_charge,669,5,-0.3879208414761814
native_fold,unique,1,PC1,native_cached,pearson,fold_potency_charge_MW,fold;y_true;prepared_formal_charge;MW,669,6,-0.31122890169421913
native_fold,unique,1,PC1,native_cached,spearman,none,,669,1,-0.6608416257639329
native_fold,unique,1,PC1,native_cached,spearman,fold_potency_charge,fold;y_true;prepared_formal_charge,669,5,-0.5968548512183817
native_fold,unique,1,PC1,native_cached,spearman,fold_potency_charge_MW,fold;y_true;prepared_formal_charge;MW,669,6,-0.5931254418655834
native_fold,unique,1,PC2,MW,pearson,none,,669,1,0.022779207911630562
native_fold,unique,1,PC2,MW,pearson,fold_potency_charge,fold;y_true;prepared_formal_charge,669,5,-0.029464003415504876
native_fold,unique,1,PC2,MW,pearson,fold_potency_charge_MW,fold;y_true;prepared_formal_charge,669,5,-0.029464003415504876
native_fold,unique,1,PC2,MW,spearman,none,,669,1,0.16032869411031286
native_fold,unique,1,PC2,MW,spearman,fold_potency_charge,fold;y_true;prepared_formal_charge,669,5,0.0739489040884903
native_fold,unique,1,PC2,MW,spearman,fold_potency_charge_MW,fold;y_true;prepared_formal_charge,669,5,0.0739489040884903
native_fold,unique,1,PC2,heavy_atoms,pearson,none,,669,1,0.0046526519653932825
native_fold,unique,1,PC2,heavy_atoms,pearson,fold_potency_charge,fold;y_true;prepared_formal_charge,669,5,-0.045106950706216224
native_fold,unique,1,PC2,heavy_atoms,pearson,fold_potency_charge_MW,fold;y_true;prepared_formal_charge;MW,669,6,-0.056310219839797844
native_fold,unique,1,PC2,heavy_atoms,spearman,none,,669,1,0.14786675995383625
native_fold,unique,1,PC2,heavy_atoms,spearman,fold_potency_charge,fold;y_true;prepared_formal_charge,669,5,0.0662027219197844
native_fold,unique,1,PC2,heavy_atoms,spearman,fold_potency_charge_MW,fold;y_true;prepared_formal_charge;MW,669,6,-0.002786173858257453
native_fold,unique,1,PC2,prepared_formal_charge,pearson,none,,669,1,-0.10952810293283376
native_fold,unique,1,PC2,prepared_formal_charge,pearson,fold_potency_charge,fold;y_true,669,2,-0.12547553884768747
native_fold,unique,1,PC2,prepared_formal_charge,pearson,fold_potency_charge_MW,fold;y_true;MW,669,3,-0.12087931019872807
native_fold,unique,1,PC2,prepared_formal_charge,spearman,none,,669,1,-0.17982435923557513
native_fold,unique,1,PC2,prepared_formal_charge,spearman,fold_potency_charge,fold;y_true,669,2,-0.2027398884273428
native_fold,unique,1,PC2,prepared_formal_charge,spearman,fold_potency_charge_MW,fold;y_true;MW,669,3,-0.2125423632106537
native_fold,unique,1,PC2,prepared_is_charged,pearson,none,,669,1,-0.10512424243629552
native_fold,unique,1,PC2,prepared_is_charged,pearson,fold_potency_charge,fold;y_true;prepared_formal_charge,669,5,
native_fold,unique,1,PC2,prepared_is_charged,pearson,fold_potency_charge_MW,fold;y_true;prepared_formal_charge;MW,669,6,
native_fold,unique,1,PC2,prepared_is_charged,spearman,none,,669,1,-0.26941514117285265
native_fold,unique,1,PC2,prepared_is_charged,spearman,fold_potency_charge,fold;y_true;prepared_formal_charge,669,5,1.249918301288529e-06
native_fold,unique,1,PC2,prepared_is_charged,spearman,fold_potency_charge_MW,fold;y_true;prepared_formal_charge;MW,669,6,0.0010751212382349694
native_fold,unique,1,PC2,y_true,pearson,none,,669,1,0.17984473774025322
native_fold,unique,1,PC2,y_true,pearson,fold_potency_charge,fold;prepared_formal_charge,669,4,0.17722355145379387
native_fold,unique,1,PC2,y_true,pearson,fold_potency_charge_MW,fold;prepared_formal_charge;MW,669,5,0.1783181921516602
native_fold,unique,1,PC2,y_true,spearman,none,,669,1,0.3714318200988716
native_fold,unique,1,PC2,y_true,spearman,fold_potency_charge,fold;prepared_formal_charge,669,4,0.3380289473447257
native_fold,unique,1,PC2,y_true,spearman,fold_potency_charge_MW,fold;prepared_formal_charge;MW,669,5,0.31376182114773893
native_fold,unique,1,PC2,native_cached,pearson,none,,669,1,0.46063225649580597
native_fold,unique,1,PC2,native_cached,pearson,fold_potency_charge,fold;y_true;prepared_formal_charge,669,5,0.4273316225622947
native_fold,unique,1,PC2,native_cached,pearson,fold_potency_charge_MW,fold;y_true;prepared_formal_charge;MW,669,6,0.47331232351771374
native_fold,unique,1,PC2,native_cached,spearman,none,,669,1,0.6643339250152396
native_fold,unique,1,PC2,native_cached,spearman,fold_potency_charge,fold;y_true;prepared_formal_charge,669,5,0.6067724209444734
native_fold,unique,1,PC2,native_cached,spearman,fold_potency_charge_MW,fold;y_true;prepared_formal_charge;MW,669,6,0.6132831584717313
native_fold,unique,1,PC3,MW,pearson,none,,669,1,0.0436640247196303
native_fold,unique,1,PC3,MW,pearson,fold_potency_charge,fold;y_true;prepared_formal_charge,669,5,0.07020197549401279
native_fold,unique,1,PC3,MW,pearson,fold_potency_charge_MW,fold;y_true;prepared_formal_charge,669,5,0.07020197549401279
native_fold,unique,1,PC3,MW,spearman,none,,669,1,-0.05403281660852356
native_fold,unique,1,PC3,MW,spearman,fold_potency_charge,fold;y_true;prepared_formal_charge,669,5,-0.031028768766420304
native_fold,unique,1,PC3,MW,spearman,fold_potency_charge_MW,fold;y_true;prepared_formal_charge,669,5,-0.031028768766420304
native_fold,unique,1,PC3,heavy_atoms,pearson,none,,669,1,-0.008496846694087328
native_fold,unique,1,PC3,heavy_atoms,pearson,fold_potency_charge,fold;y_true;prepared_formal_charge,669,5,0.012381371279153473
native_fold,unique,1,PC3,heavy_atoms,pearson,fold_potency_charge_MW,fold;y_true;prepared_formal_charge;MW,669,6,-0.18075983961918082
native_fold,unique,1,PC3,heavy_atoms,spearman,none,,669,1,-0.11283757872049452
native_fold,unique,1,PC3,heavy_atoms,spearman,fold_potency_charge,fold;y_true;prepared_formal_charge,669,5,-0.09422944460980394
native_fold,unique,1,PC3,heavy_atoms,spearman,fold_potency_charge_MW,fold;y_true;prepared_formal_charge;MW,669,6,-0.15983826076170704
native_fold,unique,1,PC3,prepared_formal_charge,pearson,none,,669,1,0.005394933029503286
native_fold,unique,1,PC3,prepared_formal_charge,pearson,fold_potency_charge,fold;y_true,669,2,0.010514795035893762
native_fold,unique,1,PC3,prepared_formal_charge,pearson,fold_potency_charge_MW,fold;y_true;MW,669,3,0.0009554142860382778
native_fold,unique,1,PC3,prepared_formal_charge,spearman,none,,669,1,0.012275018134125444
native_fold,unique,1,PC3,prepared_formal_charge,spearman,fold_potency_charge,fold;y_true,669,2,0.014352353303553571
native_fold,unique,1,PC3,prepared_formal_charge,spearman,fold_potency_charge_MW,fold;y_true;MW,669,3,0.018369833788344288
native_fold,unique,1,PC3,prepared_is_charged,pearson,none,,669,1,0.0009427835097788133
native_fold,unique,1,PC3,prepared_is_charged,pearson,fold_potency_charge,fold;y_true;prepared_formal_charge,669,5,
native_fold,unique,1,PC3,prepared_is_charged,pearson,fold_potency_charge_MW,fold;y_true;prepared_formal_charge;MW,669,6,
native_fold,unique,1,PC3,prepared_is_charged,spearman,none,,669,1,0.03384278866949627
native_fold,unique,1,PC3,prepared_is_charged,spearman,fold_potency_charge,fold;y_true;prepared_formal_charge,669,5,-7.756553589857816e-06
native_fold,unique,1,PC3,prepared_is_charged,spearman,fold_potency_charge_MW,fold;y_true;prepared_formal_charge;MW,669,6,-0.0006809970003447488
native_fold,unique,1,PC3,y_true,pearson,none,,669,1,-0.06723914822201316
native_fold,unique,1,PC3,y_true,pearson,fold_potency_charge,fold;prepared_formal_charge,669,4,-0.06795417161533629
native_fold,unique,1,PC3,y_true,pearson,fold_potency_charge_MW,fold;prepared_formal_charge;MW,669,5,-0.08489580497805112
native_fold,unique,1,PC3,y_true,spearman,none,,669,1,-0.08953221399888389
native_fold,unique,1,PC3,y_true,spearman,fold_potency_charge,fold;prepared_formal_charge,669,4,-0.08217734156583786
native_fold,unique,1,PC3,y_true,spearman,fold_potency_charge_MW,fold;prepared_formal_charge;MW,669,5,-0.0720113358312717
native_fold,unique,1,PC3,native_cached,pearson,none,,669,1,0.44277246542619736
native_fold,unique,1,PC3,native_cached,pearson,fold_potency_charge,fold;y_true;prepared_formal_charge,669,5,0.507953785255836
native_fold,unique,1,PC3,native_cached,pearson,fold_potency_charge_MW,fold;y_true;prepared_formal_charge;MW,669,6,0.520964715415865
native_fold,unique,1,PC3,native_cached,spearman,none,,669,1,0.39705748799569723
native_fold,unique,1,PC3,native_cached,spearman,fold_potency_charge,fold;y_true;prepared_formal_charge,669,5,0.4741381608649208
native_fold,unique,1,PC3,native_cached,spearman,fold_potency_charge_MW,fold;y_true;prepared_formal_charge;MW,669,6,0.5050637721506234
native_fold,unique,1,PC4,MW,pearson,none,,669,1,-0.15377965127352747
native_fold,unique,1,PC4,MW,pearson,fold_potency_charge,fold;y_true;prepared_formal_charge,669,5,-0.11852723178082024
native_fold,unique,1,PC4,MW,pearson,fold_potency_charge_MW,fold;y_true;prepared_formal_charge,669,5,-0.11852723178082024
native_fold,unique,1,PC4,MW,spearman,none,,669,1,-0.07630771999220773
native_fold,unique,1,PC4,MW,spearman,fold_potency_charge,fold;y_true;prepared_formal_charge,669,5,-0.03579621990365228
native_fold,unique,1,PC4,MW,spearman,fold_potency_charge_MW,fold;y_true;prepared_formal_charge,669,5,-0.03579621990365228
native_fold,unique,1,PC4,heavy_atoms,pearson,none,,669,1,-0.15534659659662906
native_fold,unique,1,PC4,heavy_atoms,pearson,fold_potency_charge,fold;y_true;prepared_formal_charge,669,5,-0.12402579495743275
native_fold,unique,1,PC4,heavy_atoms,pearson,fold_potency_charge_MW,fold;y_true;prepared_formal_charge;MW,669,6,-0.03679346641836048
native_fold,unique,1,PC4,heavy_atoms,spearman,none,,669,1,-0.06630167454940426
native_fold,unique,1,PC4,heavy_atoms,spearman,fold_potency_charge,fold;y_true;prepared_formal_charge,669,5,-0.030457329779383955
native_fold,unique,1,PC4,heavy_atoms,spearman,fold_potency_charge_MW,fold;y_true;prepared_formal_charge;MW,669,6,0.005197014512830594
native_fold,unique,1,PC4,prepared_formal_charge,pearson,none,,669,1,0.022068868186974247
native_fold,unique,1,PC4,prepared_formal_charge,pearson,fold_potency_charge,fold;y_true,669,2,0.03868475618767209
native_fold,unique,1,PC4,prepared_formal_charge,pearson,fold_potency_charge_MW,fold;y_true;MW,669,3,0.05114124157816421
native_fold,unique,1,PC4,prepared_formal_charge,spearman,none,,669,1,0.015824408348844243
native_fold,unique,1,PC4,prepared_formal_charge,spearman,fold_potency_charge,fold;y_true,669,2,0.020565883565312623
native_fold,unique,1,PC4,prepared_formal_charge,spearman,fold_potency_charge_MW,fold;y_true;MW,669,3,0.023509689338062637
native_fold,unique,1,PC4,prepared_is_charged,pearson,none,,669,1,-0.021083215786021656
native_fold,unique,1,PC4,prepared_is_charged,pearson,fold_potency_charge,fold;y_true;prepared_formal_charge,669,5,
native_fold,unique,1,PC4,prepared_is_charged,pearson,fold_potency_charge_MW,fold;y_true;prepared_formal_charge;MW,669,6,
native_fold,unique,1,PC4,prepared_is_charged,spearman,none,,669,1,-0.019666219440741144
native_fold,unique,1,PC4,prepared_is_charged,spearman,fold_potency_charge,fold;y_true;prepared_formal_charge,669,5,-3.0319854176930083e-06
native_fold,unique,1,PC4,prepared_is_charged,spearman,fold_potency_charge_MW,fold;y_true;prepared_formal_charge;MW,669,6,-0.0003671209488364228
native_fold,unique,1,PC4,y_true,pearson,none,,669,1,-0.2078820415431425
native_fold,unique,1,PC4,y_true,pearson,fold_potency_charge,fold;prepared_formal_charge,669,4,-0.23434911467606306
native_fold,unique,1,PC4,y_true,pearson,fold_potency_charge_MW,fold;prepared_formal_charge;MW,669,5,-0.1959556952577506
native_fold,unique,1,PC4,y_true,spearman,none,,669,1,-0.19314134499333072
native_fold,unique,1,PC4,y_true,spearman,fold_potency_charge,fold;prepared_formal_charge,669,4,-0.2141429475532509
native_fold,unique,1,PC4,y_true,spearman,fold_potency_charge_MW,fold;prepared_formal_charge;MW,669,5,-0.19950273786505499
native_fold,unique,1,PC4,native_cached,pearson,none,,669,1,-0.42564910872721873
native_fold,unique,1,PC4,native_cached,pearson,fold_potency_charge,fold;y_true;prepared_formal_charge,669,5,-0.39260930499552327
native_fold,unique,1,PC4,native_cached,pearson,fold_potency_charge_MW,fold;y_true;prepared_formal_charge;MW,669,6,-0.3782682820573772
native_fold,unique,1,PC4,native_cached,spearman,none,,669,1,-0.49463562667850824
native_fold,unique,1,PC4,native_cached,spearman,fold_potency_charge,fold;y_true;prepared_formal_charge,669,5,-0.4766584482118916
native_fold,unique,1,PC4,native_cached,spearman,fold_potency_charge_MW,fold;y_true;prepared_formal_charge;MW,669,6,-0.48752104918426065
native_fold,unique,1,PC5,MW,pearson,none,,669,1,0.16560356561627515
native_fold,unique,1,PC5,MW,pearson,fold_potency_charge,fold;y_true;prepared_formal_charge,669,5,0.15026331040759378
native_fold,unique,1,PC5,MW,pearson,fold_potency_charge_MW,fold;y_true;prepared_formal_charge,669,5,0.15026331040759378
native_fold,unique,1,PC5,MW,spearman,none,,669,1,0.13984372561672762
native_fold,unique,1,PC5,MW,spearman,fold_potency_charge,fold;y_true;prepared_formal_charge,669,5,0.11900336296936345
native_fold,unique,1,PC5,MW,spearman,fold_potency_charge_MW,fold;y_true;prepared_formal_charge,669,5,0.11900336296936345
native_fold,unique,1,PC5,heavy_atoms,pearson,none,,669,1,0.15382846711485107
native_fold,unique,1,PC5,heavy_atoms,pearson,fold_potency_charge,fold;y_true;prepared_formal_charge,669,5,0.13767846976468298
native_fold,unique,1,PC5,heavy_atoms,pearson,fold_potency_charge_MW,fold;y_true;prepared_formal_charge;MW,669,6,-0.018555345124139387
native_fold,unique,1,PC5,heavy_atoms,spearman,none,,669,1,0.12476238882233426
native_fold,unique,1,PC5,heavy_atoms,spearman,fold_potency_charge,fold;y_true;prepared_formal_charge,669,5,0.10377053495986778
native_fold,unique,1,PC5,heavy_atoms,spearman,fold_potency_charge_MW,fold;y_true;prepared_formal_charge;MW,669,6,-0.011252755585626245
native_fold,unique,1,PC5,prepared_formal_charge,pearson,none,,669,1,0.015922129552246485
native_fold,unique,1,PC5,prepared_formal_charge,pearson,fold_potency_charge,fold;y_true,669,2,0.01099323543271312
native_fold,unique,1,PC5,prepared_formal_charge,pearson,fold_potency_charge_MW,fold;y_true;MW,669,3,-0.00951028522195247
native_fold,unique,1,PC5,prepared_formal_charge,spearman,none,,669,1,0.003379053479937722
native_fold,unique,1,PC5,prepared_formal_charge,spearman,fold_potency_charge,fold;y_true,669,2,0.0015589132094734688
native_fold,unique,1,PC5,prepared_formal_charge,spearman,fold_potency_charge_MW,fold;y_true;MW,669,3,-0.014822972399918616
native_fold,unique,1,PC5,prepared_is_charged,pearson,none,,669,1,-0.0342639454363464
native_fold,unique,1,PC5,prepared_is_charged,pearson,fold_potency_charge,fold;y_true;prepared_formal_charge,669,5,
native_fold,unique,1,PC5,prepared_is_charged,pearson,fold_potency_charge_MW,fold;y_true;prepared_formal_charge;MW,669,6,
native_fold,unique,1,PC5,prepared_is_charged,spearman,none,,669,1,-0.05377042002509389
native_fold,unique,1,PC5,prepared_is_charged,spearman,fold_potency_charge,fold;y_true;prepared_formal_charge,669,5,-6.273380740112383e-07
native_fold,unique,1,PC5,prepared_is_charged,spearman,fold_potency_charge_MW,fold;y_true;prepared_formal_charge;MW,669,6,0.0007411323220558186
native_fold,unique,1,PC5,y_true,pearson,none,,669,1,0.06614964003587032
native_fold,unique,1,PC5,y_true,pearson,fold_potency_charge,fold;prepared_formal_charge,669,4,0.053644900578324516
native_fold,unique,1,PC5,y_true,pearson,fold_potency_charge_MW,fold;prepared_formal_charge;MW,669,5,0.009776542987087468
native_fold,unique,1,PC5,y_true,spearman,none,,669,1,0.08107650511661026
native_fold,unique,1,PC5,y_true,spearman,fold_potency_charge,fold;prepared_formal_charge,669,4,0.06576934694834483
native_fold,unique,1,PC5,y_true,spearman,fold_potency_charge_MW,fold;prepared_formal_charge;MW,669,5,0.03450982617478391
native_fold,unique,1,PC5,native_cached,pearson,none,,669,1,0.4921915481584987
native_fold,unique,1,PC5,native_cached,pearson,fold_potency_charge,fold;y_true;prepared_formal_charge,669,5,0.5076805853917256
native_fold,unique,1,PC5,native_cached,pearson,fold_potency_charge_MW,fold;y_true;prepared_formal_charge;MW,669,6,0.49249850935007394
native_fold,unique,1,PC5,native_cached,spearman,none,,669,1,0.4836497809547894
native_fold,unique,1,PC5,native_cached,spearman,fold_potency_charge,fold;y_true;prepared_formal_charge,669,5,0.49227103811096307
native_fold,unique,1,PC5,native_cached,spearman,fold_potency_charge_MW,fold;y_true;prepared_formal_charge;MW,669,6,0.4817367131046742
native_fold,unique,2,norm_l2,MW,pearson,none,,669,1,-0.4434016028455377
native_fold,unique,2,norm_l2,MW,pearson,fold_potency_charge,fold;y_true;prepared_formal_charge,669,6,-0.3412273467959078
native_fold,unique,2,norm_l2,MW,pearson,fold_potency_charge_MW,fold;y_true;prepared_formal_charge,669,6,-0.3412273467959078
native_fold,unique,2,norm_l2,MW,spearman,none,,669,1,-0.3522476535946958
native_fold,unique,2,norm_l2,MW,spearman,fold_potency_charge,fold;y_true;prepared_formal_charge,669,6,-0.2143580424469717
native_fold,unique,2,norm_l2,MW,spearman,fold_potency_charge_MW,fold;y_true;prepared_formal_charge,669,6,-0.2143580424469717
native_fold,unique,2,norm_l2,heavy_atoms,pearson,none,,669,1,-0.4474581420265901
native_fold,unique,2,norm_l2,heavy_atoms,pearson,fold_potency_charge,fold;y_true;prepared_formal_charge,669,6,-0.34170403167380603
native_fold,unique,2,norm_l2,heavy_atoms,pearson,fold_potency_charge_MW,fold;y_true;prepared_formal_charge;MW,669,7,-0.0660997823474728
native_fold,unique,2,norm_l2,heavy_atoms,spearman,none,,669,1,-0.3486268791900969
native_fold,unique,2,norm_l2,heavy_atoms,spearman,fold_potency_charge,fold;y_true;prepared_formal_charge,669,6,-0.20205295158304867
native_fold,unique,2,norm_l2,heavy_atoms,spearman,fold_potency_charge_MW,fold;y_true;prepared_formal_charge;MW,669,7,-0.023749626370271965
native_fold,unique,2,norm_l2,prepared_formal_charge,pearson,none,,669,1,0.10478445776353423
native_fold,unique,2,norm_l2,prepared_formal_charge,pearson,fold_potency_charge,fold;y_true,669,2,0.13532940818425082
native_fold,unique,2,norm_l2,prepared_formal_charge,pearson,fold_potency_charge_MW,fold;y_true;MW,669,3,0.18595542466404202
native_fold,unique,2,norm_l2,prepared_formal_charge,spearman,none,,669,1,0.08906998966510897
native_fold,unique,2,norm_l2,prepared_formal_charge,spearman,fold_potency_charge,fold;y_true,669,2,0.12694296455768675
native_fold,unique,2,norm_l2,prepared_formal_charge,spearman,fold_potency_charge_MW,fold;y_true;MW,669,3,0.15413725215105503
native_fold,unique,2,norm_l2,prepared_is_charged,pearson,none,,669,1,0.35668242287402974
native_fold,unique,2,norm_l2,prepared_is_charged,pearson,fold_potency_charge,fold;y_true;prepared_formal_charge,669,6,
native_fold,unique,2,norm_l2,prepared_is_charged,pearson,fold_potency_charge_MW,fold;y_true;prepared_formal_charge;MW,669,7,
native_fold,unique,2,norm_l2,prepared_is_charged,spearman,none,,669,1,0.3549254658393169
native_fold,unique,2,norm_l2,prepared_is_charged,spearman,fold_potency_charge,fold;y_true;prepared_formal_charge,669,6,4.7464602926919107e-07
native_fold,unique,2,norm_l2,prepared_is_charged,spearman,fold_potency_charge_MW,fold;y_true;prepared_formal_charge;MW,669,7,0.00020028931365465952
native_fold,unique,2,norm_l2,y_true,pearson,none,,669,1,-0.37372522576202155
native_fold,unique,2,norm_l2,y_true,pearson,fold_potency_charge,fold;prepared_formal_charge,669,5,-0.28526622669179447
native_fold,unique,2,norm_l2,y_true,pearson,fold_potency_charge_MW,fold;prepared_formal_charge;MW,669,6,-0.18923684013968692
native_fold,unique,2,norm_l2,y_true,spearman,none,,669,1,-0.4669346674523928
native_fold,unique,2,norm_l2,y_true,spearman,fold_potency_charge,fold;prepared_formal_charge,669,5,-0.3895493099949333
native_fold,unique,2,norm_l2,y_true,spearman,fold_potency_charge_MW,fold;prepared_formal_charge;MW,669,6,-0.34149345818108523
native_fold,unique,2,norm_l2,native_cached,pearson,none,,669,1,-0.3567530744978488
native_fold,unique,2,norm_l2,native_cached,pearson,fold_potency_charge,fold;y_true;prepared_formal_charge,669,6,-0.20920453525814486
native_fold,unique,2,norm_l2,native_cached,pearson,fold_potency_charge_MW,fold;y_true;prepared_formal_charge;MW,669,7,-0.0973906775514673
native_fold,unique,2,norm_l2,native_cached,spearman,none,,669,1,-0.5472519655154585
native_fold,unique,2,norm_l2,native_cached,spearman,fold_potency_charge,fold;y_true;prepared_formal_charge,669,6,-0.4160230543996622
native_fold,unique,2,norm_l2,native_cached,spearman,fold_potency_charge_MW,fold;y_true;prepared_formal_charge;MW,669,7,-0.3831640528162777
native_fold,unique,2,centered_norm_l2,MW,pearson,none,,669,1,-0.39889729741403757
native_fold,unique,2,centered_norm_l2,MW,pearson,fold_potency_charge,fold;y_true;prepared_formal_charge,669,6,-0.3027912760612626
native_fold,unique,2,centered_norm_l2,MW,pearson,fold_potency_charge_MW,fold;y_true;prepared_formal_charge,669,6,-0.3027912760612626
native_fold,unique,2,centered_norm_l2,MW,spearman,none,,669,1,-0.231223256830816
native_fold,unique,2,centered_norm_l2,MW,spearman,fold_potency_charge,fold;y_true;prepared_formal_charge,669,6,-0.13742815298791478
native_fold,unique,2,centered_norm_l2,MW,spearman,fold_potency_charge_MW,fold;y_true;prepared_formal_charge,669,6,-0.13742815298791478
native_fold,unique,2,centered_norm_l2,heavy_atoms,pearson,none,,669,1,-0.41282348863879087
native_fold,unique,2,centered_norm_l2,heavy_atoms,pearson,fold_potency_charge,fold;y_true;prepared_formal_charge,669,6,-0.3158549115111532
native_fold,unique,2,centered_norm_l2,heavy_atoms,pearson,fold_potency_charge_MW,fold;y_true;prepared_formal_charge;MW,669,7,-0.09627863801924044
native_fold,unique,2,centered_norm_l2,heavy_atoms,spearman,none,,669,1,-0.26421907490839786
native_fold,unique,2,centered_norm_l2,heavy_atoms,spearman,fold_potency_charge,fold;y_true;prepared_formal_charge,669,6,-0.1712754487071493
native_fold,unique,2,centered_norm_l2,heavy_atoms,spearman,fold_potency_charge_MW,fold;y_true;prepared_formal_charge;MW,669,7,-0.109111311296625
native_fold,unique,2,centered_norm_l2,prepared_formal_charge,pearson,none,,669,1,0.08078333993615296
native_fold,unique,2,centered_norm_l2,prepared_formal_charge,pearson,fold_potency_charge,fold;y_true,669,2,0.10273930872815139
native_fold,unique,2,centered_norm_l2,prepared_formal_charge,pearson,fold_potency_charge_MW,fold;y_true;MW,669,3,0.14606002908943216
native_fold,unique,2,centered_norm_l2,prepared_formal_charge,spearman,none,,669,1,0.005240572474285214
native_fold,unique,2,centered_norm_l2,prepared_formal_charge,spearman,fold_potency_charge,fold;y_true,669,2,0.015375377379521242
native_fold,unique,2,centered_norm_l2,prepared_formal_charge,spearman,fold_potency_charge_MW,fold;y_true;MW,669,3,0.03311345035219324
native_fold,unique,2,centered_norm_l2,prepared_is_charged,pearson,none,,669,1,0.3279737338957369
native_fold,unique,2,centered_norm_l2,prepared_is_charged,pearson,fold_potency_charge,fold;y_true;prepared_formal_charge,669,6,
native_fold,unique,2,centered_norm_l2,prepared_is_charged,pearson,fold_potency_charge_MW,fold;y_true;prepared_formal_charge;MW,669,7,
native_fold,unique,2,centered_norm_l2,prepared_is_charged,spearman,none,,669,1,0.26260601539248674
native_fold,unique,2,centered_norm_l2,prepared_is_charged,spearman,fold_potency_charge,fold;y_true;prepared_formal_charge,669,6,6.174516354921564e-06
native_fold,unique,2,centered_norm_l2,prepared_is_charged,spearman,fold_potency_charge_MW,fold;y_true;prepared_formal_charge;MW,669,7,0.0006655157705394742
native_fold,unique,2,centered_norm_l2,y_true,pearson,none,,669,1,-0.306620016019618
native_fold,unique,2,centered_norm_l2,y_true,pearson,fold_potency_charge,fold;prepared_formal_charge,669,5,-0.21112599363946444
native_fold,unique,2,centered_norm_l2,y_true,pearson,fold_potency_charge_MW,fold;prepared_formal_charge;MW,669,6,-0.11965600606062182
native_fold,unique,2,centered_norm_l2,y_true,spearman,none,,669,1,-0.19873934295858464
native_fold,unique,2,centered_norm_l2,y_true,spearman,fold_potency_charge,fold;prepared_formal_charge,669,5,-0.10110438102671275
native_fold,unique,2,centered_norm_l2,y_true,spearman,fold_potency_charge_MW,fold;prepared_formal_charge;MW,669,6,-0.06398729716175248
native_fold,unique,2,centered_norm_l2,native_cached,pearson,none,,669,1,-0.21069058765121987
native_fold,unique,2,centered_norm_l2,native_cached,pearson,fold_potency_charge,fold;y_true;prepared_formal_charge,669,6,-0.059646493286434524
native_fold,unique,2,centered_norm_l2,native_cached,pearson,fold_potency_charge_MW,fold;y_true;prepared_formal_charge;MW,669,7,0.05664901047234813
native_fold,unique,2,centered_norm_l2,native_cached,spearman,none,,669,1,-0.014638015315330117
native_fold,unique,2,centered_norm_l2,native_cached,spearman,fold_potency_charge,fold;y_true;prepared_formal_charge,669,6,0.1237539630867011
native_fold,unique,2,centered_norm_l2,native_cached,spearman,fold_potency_charge_MW,fold;y_true;prepared_formal_charge;MW,669,7,0.16495664077580463
native_fold,unique,2,member1_norm_l2,MW,pearson,none,,669,1,-0.429408727041857
native_fold,unique,2,member1_norm_l2,MW,pearson,fold_potency_charge,fold;y_true;prepared_formal_charge,669,6,-0.33260234573288516
native_fold,unique,2,member1_norm_l2,MW,pearson,fold_potency_charge_MW,fold;y_true;prepared_formal_charge,669,6,-0.33260234573288516
native_fold,unique,2,member1_norm_l2,MW,spearman,none,,669,1,-0.348432767374588
native_fold,unique,2,member1_norm_l2,MW,spearman,fold_potency_charge,fold;y_true;prepared_formal_charge,669,6,-0.21811949407456285
native_fold,unique,2,member1_norm_l2,MW,spearman,fold_potency_charge_MW,fold;y_true;prepared_formal_charge,669,6,-0.21811949407456285
native_fold,unique,2,member1_norm_l2,heavy_atoms,pearson,none,,669,1,-0.4349839835928069
native_fold,unique,2,member1_norm_l2,heavy_atoms,pearson,fold_potency_charge,fold;y_true;prepared_formal_charge,669,6,-0.33554706168471415
native_fold,unique,2,member1_norm_l2,heavy_atoms,pearson,fold_potency_charge_MW,fold;y_true;prepared_formal_charge;MW,669,7,-0.07183777812068298
native_fold,unique,2,member1_norm_l2,heavy_atoms,spearman,none,,669,1,-0.35102382744013333
native_fold,unique,2,member1_norm_l2,heavy_atoms,spearman,fold_potency_charge,fold;y_true;prepared_formal_charge,669,6,-0.2144344967597139
native_fold,unique,2,member1_norm_l2,heavy_atoms,spearman,fold_potency_charge_MW,fold;y_true;prepared_formal_charge;MW,669,7,-0.04440606527807382
native_fold,unique,2,member1_norm_l2,prepared_formal_charge,pearson,none,,669,1,0.10399783460888304
native_fold,unique,2,member1_norm_l2,prepared_formal_charge,pearson,fold_potency_charge,fold;y_true,669,2,0.131942579837652
native_fold,unique,2,member1_norm_l2,prepared_formal_charge,pearson,fold_potency_charge_MW,fold;y_true;MW,669,3,0.18062256247795758
native_fold,unique,2,member1_norm_l2,prepared_formal_charge,spearman,none,,669,1,0.0816661876066582
native_fold,unique,2,member1_norm_l2,prepared_formal_charge,spearman,fold_potency_charge,fold;y_true,669,2,0.1154119506295386
native_fold,unique,2,member1_norm_l2,prepared_formal_charge,spearman,fold_potency_charge_MW,fold;y_true;MW,669,3,0.1425677059355017
native_fold,unique,2,member1_norm_l2,prepared_is_charged,pearson,none,,669,1,0.3404055950010452
native_fold,unique,2,member1_norm_l2,prepared_is_charged,pearson,fold_potency_charge,fold;y_true;prepared_formal_charge,669,6,
native_fold,unique,2,member1_norm_l2,prepared_is_charged,pearson,fold_potency_charge_MW,fold;y_true;prepared_formal_charge;MW,669,7,
native_fold,unique,2,member1_norm_l2,prepared_is_charged,spearman,none,,669,1,0.33661761884622493
native_fold,unique,2,member1_norm_l2,prepared_is_charged,spearman,fold_potency_charge,fold;y_true;prepared_formal_charge,669,6,1.415019026259972e-06
native_fold,unique,2,member1_norm_l2,prepared_is_charged,spearman,fold_potency_charge_MW,fold;y_true;prepared_formal_charge;MW,669,7,0.0002530563785202589
native_fold,unique,2,member1_norm_l2,y_true,pearson,none,,669,1,-0.35160880432824637
native_fold,unique,2,member1_norm_l2,y_true,pearson,fold_potency_charge,fold;prepared_formal_charge,669,5,-0.26562848009436746
native_fold,unique,2,member1_norm_l2,y_true,pearson,fold_potency_charge_MW,fold;prepared_formal_charge;MW,669,6,-0.1699757567282759
native_fold,unique,2,member1_norm_l2,y_true,spearman,none,,669,1,-0.4412162207920117
native_fold,unique,2,member1_norm_l2,y_true,spearman,fold_potency_charge,fold;prepared_formal_charge,669,5,-0.36364157873504255
native_fold,unique,2,member1_norm_l2,y_true,spearman,fold_potency_charge_MW,fold;prepared_formal_charge;MW,669,6,-0.31368564554387146
native_fold,unique,2,member1_norm_l2,native_cached,pearson,none,,669,1,-0.3172350128367585
native_fold,unique,2,member1_norm_l2,native_cached,pearson,fold_potency_charge,fold;y_true;prepared_formal_charge,669,6,-0.17086322760608846
native_fold,unique,2,member1_norm_l2,native_cached,pearson,fold_potency_charge_MW,fold;y_true;prepared_formal_charge;MW,669,7,-0.05700184542623489
native_fold,unique,2,member1_norm_l2,native_cached,spearman,none,,669,1,-0.46515924713052975
native_fold,unique,2,member1_norm_l2,native_cached,spearman,fold_potency_charge,fold;y_true;prepared_formal_charge,669,6,-0.31988833180565723
native_fold,unique,2,member1_norm_l2,native_cached,spearman,fold_potency_charge_MW,fold;y_true;prepared_formal_charge;MW,669,7,-0.2807427310562586
native_fold,unique,2,member2_norm_l2,MW,pearson,none,,669,1,-0.4439151860799057
native_fold,unique,2,member2_norm_l2,MW,pearson,fold_potency_charge,fold;y_true;prepared_formal_charge,669,6,-0.2883871590673085
native_fold,unique,2,member2_norm_l2,MW,pearson,fold_potency_charge_MW,fold;y_true;prepared_formal_charge,669,6,-0.2883871590673085
native_fold,unique,2,member2_norm_l2,MW,spearman,none,,669,1,-0.31701799874276554
native_fold,unique,2,member2_norm_l2,MW,spearman,fold_potency_charge,fold;y_true;prepared_formal_charge,669,6,-0.1764341213152132
native_fold,unique,2,member2_norm_l2,MW,spearman,fold_potency_charge_MW,fold;y_true;prepared_formal_charge,669,6,-0.1764341213152132
native_fold,unique,2,member2_norm_l2,heavy_atoms,pearson,none,,669,1,-0.42944506648137776
native_fold,unique,2,member2_norm_l2,heavy_atoms,pearson,fold_potency_charge,fold;y_true;prepared_formal_charge,669,6,-0.2584594462930511
native_fold,unique,2,member2_norm_l2,heavy_atoms,pearson,fold_potency_charge_MW,fold;y_true;prepared_formal_charge;MW,669,7,0.0369384299328135
native_fold,unique,2,member2_norm_l2,heavy_atoms,spearman,none,,669,1,-0.2934745908237877
native_fold,unique,2,member2_norm_l2,heavy_atoms,spearman,fold_potency_charge,fold;y_true;prepared_formal_charge,669,6,-0.13888875623661398
native_fold,unique,2,member2_norm_l2,heavy_atoms,spearman,fold_potency_charge_MW,fold;y_true;prepared_formal_charge;MW,669,7,0.042805142981859036
native_fold,unique,2,member2_norm_l2,prepared_formal_charge,pearson,none,,669,1,0.07329167647782169
native_fold,unique,2,member2_norm_l2,prepared_formal_charge,pearson,fold_potency_charge,fold;y_true,669,2,0.11550247418260108
native_fold,unique,2,member2_norm_l2,prepared_formal_charge,pearson,fold_potency_charge_MW,fold;y_true;MW,669,3,0.15812296821920607
native_fold,unique,2,member2_norm_l2,prepared_formal_charge,spearman,none,,669,1,0.1056663624588445
native_fold,unique,2,member2_norm_l2,prepared_formal_charge,spearman,fold_potency_charge,fold;y_true,669,2,0.14350862507178078
native_fold,unique,2,member2_norm_l2,prepared_formal_charge,spearman,fold_potency_charge_MW,fold;y_true;MW,669,3,0.16610248917572537
native_fold,unique,2,member2_norm_l2,prepared_is_charged,pearson,none,,669,1,0.4112149921029773
native_fold,unique,2,member2_norm_l2,prepared_is_charged,pearson,fold_potency_charge,fold;y_true;prepared_formal_charge,669,6,
native_fold,unique,2,member2_norm_l2,prepared_is_charged,pearson,fold_potency_charge_MW,fold;y_true;prepared_formal_charge;MW,669,7,
native_fold,unique,2,member2_norm_l2,prepared_is_charged,spearman,none,,669,1,0.35659476407852847
native_fold,unique,2,member2_norm_l2,prepared_is_charged,spearman,fold_potency_charge,fold;y_true;prepared_formal_charge,669,6,-4.610356752912463e-06
native_fold,unique,2,member2_norm_l2,prepared_is_charged,spearman,fold_potency_charge_MW,fold;y_true;prepared_formal_charge;MW,669,7,-0.00026310308127944915
native_fold,unique,2,member2_norm_l2,y_true,pearson,none,,669,1,-0.49249773203059255
native_fold,unique,2,member2_norm_l2,y_true,pearson,fold_potency_charge,fold;prepared_formal_charge,669,5,-0.3962536916809481
native_fold,unique,2,member2_norm_l2,y_true,pearson,fold_potency_charge_MW,fold;prepared_formal_charge;MW,669,6,-0.3212277699982474
native_fold,unique,2,member2_norm_l2,y_true,spearman,none,,669,1,-0.4510092231207185
native_fold,unique,2,member2_norm_l2,y_true,spearman,fold_potency_charge,fold;prepared_formal_charge,669,5,-0.37530589304578893
native_fold,unique,2,member2_norm_l2,y_true,spearman,fold_potency_charge_MW,fold;prepared_formal_charge;MW,669,6,-0.33249731432829827
native_fold,unique,2,member2_norm_l2,native_cached,pearson,none,,669,1,-0.7009359266147522
native_fold,unique,2,member2_norm_l2,native_cached,pearson,fold_potency_charge,fold;y_true;prepared_formal_charge,669,6,-0.6169897440894232
native_fold,unique,2,member2_norm_l2,native_cached,pearson,fold_potency_charge_MW,fold;y_true;prepared_formal_charge;MW,669,7,-0.5741934289096479
native_fold,unique,2,member2_norm_l2,native_cached,spearman,none,,669,1,-0.7627225169499031
native_fold,unique,2,member2_norm_l2,native_cached,spearman,fold_potency_charge,fold;y_true;prepared_formal_charge,669,6,-0.6985890115767399
native_fold,unique,2,member2_norm_l2,native_cached,spearman,fold_potency_charge_MW,fold;y_true;prepared_formal_charge;MW,669,7,-0.6867165253308337
native_fold,unique,2,PC1,MW,pearson,none,,669,1,-0.4553143361618768
native_fold,unique,2,PC1,MW,pearson,fold_potency_charge,fold;y_true;prepared_formal_charge,669,6,-0.34565277110763254
native_fold,unique,2,PC1,MW,pearson,fold_potency_charge_MW,fold;y_true;prepared_formal_charge,669,6,-0.34565277110763254
native_fold,unique,2,PC1,MW,spearman,none,,669,1,-0.25595473051382467
native_fold,unique,2,PC1,MW,spearman,fold_potency_charge,fold;y_true;prepared_formal_charge,669,6,-0.12352121218553176
native_fold,unique,2,PC1,MW,spearman,fold_potency_charge_MW,fold;y_true;prepared_formal_charge,669,6,-0.12352121218553176
native_fold,unique,2,PC1,heavy_atoms,pearson,none,,669,1,-0.452742175459955
native_fold,unique,2,PC1,heavy_atoms,pearson,fold_potency_charge,fold;y_true;prepared_formal_charge,669,6,-0.335924321798577
native_fold,unique,2,PC1,heavy_atoms,pearson,fold_potency_charge_MW,fold;y_true;prepared_formal_charge;MW,669,7,-0.035542716300377475
native_fold,unique,2,PC1,heavy_atoms,spearman,none,,669,1,-0.2355455500515624
native_fold,unique,2,PC1,heavy_atoms,spearman,fold_potency_charge,fold;y_true;prepared_formal_charge,669,6,-0.09049354284958736
native_fold,unique,2,PC1,heavy_atoms,spearman,fold_potency_charge_MW,fold;y_true;prepared_formal_charge;MW,669,7,0.044897976361788
native_fold,unique,2,PC1,prepared_formal_charge,pearson,none,,669,1,0.15864270669652838
native_fold,unique,2,PC1,prepared_formal_charge,pearson,fold_potency_charge,fold;y_true,669,2,0.1993027197837617
native_fold,unique,2,PC1,prepared_formal_charge,pearson,fold_potency_charge_MW,fold;y_true;MW,669,3,0.2549092115008955
native_fold,unique,2,PC1,prepared_formal_charge,spearman,none,,669,1,0.21094953437870387
native_fold,unique,2,PC1,prepared_formal_charge,spearman,fold_potency_charge,fold;y_true,669,2,0.2514458186644405
native_fold,unique,2,PC1,prepared_formal_charge,spearman,fold_potency_charge_MW,fold;y_true;MW,669,3,0.26872658032476143
native_fold,unique,2,PC1,prepared_is_charged,pearson,none,,669,1,0.4380899019761786
native_fold,unique,2,PC1,prepared_is_charged,pearson,fold_potency_charge,fold;y_true;prepared_formal_charge,669,6,
native_fold,unique,2,PC1,prepared_is_charged,pearson,fold_potency_charge_MW,fold;y_true;prepared_formal_charge;MW,669,7,
native_fold,unique,2,PC1,prepared_is_charged,spearman,none,,669,1,0.4211167699332706
native_fold,unique,2,PC1,prepared_is_charged,spearman,fold_potency_charge,fold;y_true;prepared_formal_charge,669,6,-9.792109702709082e-06
native_fold,unique,2,PC1,prepared_is_charged,spearman,fold_potency_charge_MW,fold;y_true;prepared_formal_charge;MW,669,7,-0.00012662735110489403
native_fold,unique,2,PC1,y_true,pearson,none,,669,1,-0.4122100640132236
native_fold,unique,2,PC1,y_true,pearson,fold_potency_charge,fold;prepared_formal_charge,669,5,-0.3079985565729541
native_fold,unique,2,PC1,y_true,pearson,fold_potency_charge_MW,fold;prepared_formal_charge;MW,669,6,-0.21314703466687648
native_fold,unique,2,PC1,y_true,spearman,none,,669,1,-0.39671487602191563
native_fold,unique,2,PC1,y_true,spearman,fold_potency_charge,fold;prepared_formal_charge,669,5,-0.3093054318161601
native_fold,unique,2,PC1,y_true,spearman,fold_potency_charge_MW,fold;prepared_formal_charge;MW,669,6,-0.2745833822049244
native_fold,unique,2,PC1,native_cached,pearson,none,,669,1,-0.4980119059070802
native_fold,unique,2,PC1,native_cached,pearson,fold_potency_charge,fold;y_true;prepared_formal_charge,669,6,-0.37113012810799384
native_fold,unique,2,PC1,native_cached,pearson,fold_potency_charge_MW,fold;y_true;prepared_formal_charge;MW,669,7,-0.2809244089351406
native_fold,unique,2,PC1,native_cached,spearman,none,,669,1,-0.6712080691037442
native_fold,unique,2,PC1,native_cached,spearman,fold_potency_charge,fold;y_true;prepared_formal_charge,669,6,-0.5990610753678443
native_fold,unique,2,PC1,native_cached,spearman,fold_potency_charge_MW,fold;y_true;prepared_formal_charge;MW,669,7,-0.5913581545557637
native_fold,unique,2,PC2,MW,pearson,none,,669,1,-0.05891447036309846
native_fold,unique,2,PC2,MW,pearson,fold_potency_charge,fold;y_true;prepared_formal_charge,669,6,-0.09797484619112223
native_fold,unique,2,PC2,MW,pearson,fold_potency_charge_MW,fold;y_true;prepared_formal_charge,669,6,-0.09797484619112223
native_fold,unique,2,PC2,MW,spearman,none,,669,1,0.12111252786159292
native_fold,unique,2,PC2,MW,spearman,fold_potency_charge,fold;y_true;prepared_formal_charge,669,6,0.030046206787726928
native_fold,unique,2,PC2,MW,spearman,fold_potency_charge_MW,fold;y_true;prepared_formal_charge,669,6,0.030046206787726928
native_fold,unique,2,PC2,heavy_atoms,pearson,none,,669,1,-0.07976451497261584
native_fold,unique,2,PC2,heavy_atoms,pearson,fold_potency_charge,fold;y_true;prepared_formal_charge,669,6,-0.1245830385166914
native_fold,unique,2,PC2,heavy_atoms,pearson,fold_potency_charge_MW,fold;y_true;prepared_formal_charge;MW,669,7,-0.09499512720023114
native_fold,unique,2,PC2,heavy_atoms,spearman,none,,669,1,0.0942339952636479
native_fold,unique,2,PC2,heavy_atoms,spearman,fold_potency_charge,fold;y_true;prepared_formal_charge,669,6,-0.005509522637912412
native_fold,unique,2,PC2,heavy_atoms,spearman,fold_potency_charge_MW,fold;y_true;prepared_formal_charge;MW,669,7,-0.07233096398937057
native_fold,unique,2,PC2,prepared_formal_charge,pearson,none,,669,1,-0.03992748592705799
native_fold,unique,2,PC2,prepared_formal_charge,pearson,fold_potency_charge,fold;y_true,669,2,-0.04351594367951101
native_fold,unique,2,PC2,prepared_formal_charge,pearson,fold_potency_charge_MW,fold;y_true;MW,669,3,-0.033625317905201076
native_fold,unique,2,PC2,prepared_formal_charge,spearman,none,,669,1,-0.20066017272246164
native_fold,unique,2,PC2,prepared_formal_charge,spearman,fold_potency_charge,fold;y_true,669,2,-0.2225624496559215
native_fold,unique,2,PC2,prepared_formal_charge,spearman,fold_potency_charge_MW,fold;y_true;MW,669,3,-0.22677313293716556
native_fold,unique,2,PC2,prepared_is_charged,pearson,none,,669,1,-0.0575493390047375
native_fold,unique,2,PC2,prepared_is_charged,pearson,fold_potency_charge,fold;y_true;prepared_formal_charge,669,6,
native_fold,unique,2,PC2,prepared_is_charged,pearson,fold_potency_charge_MW,fold;y_true;prepared_formal_charge;MW,669,7,
native_fold,unique,2,PC2,prepared_is_charged,spearman,none,,669,1,-0.26841227013757046
native_fold,unique,2,PC2,prepared_is_charged,spearman,fold_potency_charge,fold;y_true;prepared_formal_charge,669,6,4.157540956495385e-06
native_fold,unique,2,PC2,prepared_is_charged,spearman,fold_potency_charge_MW,fold;y_true;prepared_formal_charge;MW,669,7,2.29358643999441e-05
native_fold,unique,2,PC2,y_true,pearson,none,,669,1,0.06252014444120735
native_fold,unique,2,PC2,y_true,pearson,fold_potency_charge,fold;prepared_formal_charge,669,5,0.04099494761237367
native_fold,unique,2,PC2,y_true,pearson,fold_potency_charge_MW,fold;prepared_formal_charge;MW,669,6,0.06877942486573987
native_fold,unique,2,PC2,y_true,spearman,none,,669,1,0.27042970289476
native_fold,unique,2,PC2,y_true,spearman,fold_potency_charge,fold;prepared_formal_charge,669,5,0.22019844228236599
native_fold,unique,2,PC2,y_true,spearman,fold_potency_charge_MW,fold;prepared_formal_charge;MW,669,6,0.20632990854337596
native_fold,unique,2,PC2,native_cached,pearson,none,,669,1,0.29443595872938044
native_fold,unique,2,PC2,native_cached,pearson,fold_potency_charge,fold;y_true;prepared_formal_charge,669,6,0.2990401380632386
native_fold,unique,2,PC2,native_cached,pearson,fold_potency_charge_MW,fold;y_true;prepared_formal_charge;MW,669,7,0.3608674434458276
native_fold,unique,2,PC2,native_cached,spearman,none,,669,1,0.6053868168889448
native_fold,unique,2,PC2,native_cached,spearman,fold_potency_charge,fold;y_true;prepared_formal_charge,669,6,0.5578042578286608
native_fold,unique,2,PC2,native_cached,spearman,fold_potency_charge_MW,fold;y_true;prepared_formal_charge;MW,669,7,0.5686585032532803
native_fold,unique,2,PC3,MW,pearson,none,,669,1,-0.14388028690488358
native_fold,unique,2,PC3,MW,pearson,fold_potency_charge,fold;y_true;prepared_formal_charge,669,6,-0.05043139962684074
native_fold,unique,2,PC3,MW,pearson,fold_potency_charge_MW,fold;y_true;prepared_formal_charge,669,6,-0.05043139962684074
native_fold,unique,2,PC3,MW,spearman,none,,669,1,-0.1823206372852292
native_fold,unique,2,PC3,MW,spearman,fold_potency_charge,fold;y_true;prepared_formal_charge,669,6,-0.10968205987512894
native_fold,unique,2,PC3,MW,spearman,fold_potency_charge_MW,fold;y_true;prepared_formal_charge,669,6,-0.10968205987512894
native_fold,unique,2,PC3,heavy_atoms,pearson,none,,669,1,-0.16607407336831578
native_fold,unique,2,PC3,heavy_atoms,pearson,fold_potency_charge,fold;y_true;prepared_formal_charge,669,6,-0.07151596586403258
native_fold,unique,2,PC3,heavy_atoms,pearson,fold_potency_charge_MW,fold;y_true;prepared_formal_charge;MW,669,7,-0.07015862397400607
native_fold,unique,2,PC3,heavy_atoms,spearman,none,,669,1,-0.22466280382412296
native_fold,unique,2,PC3,heavy_atoms,spearman,fold_potency_charge,fold;y_true;prepared_formal_charge,669,6,-0.15422693136219848
native_fold,unique,2,PC3,heavy_atoms,spearman,fold_potency_charge_MW,fold;y_true;prepared_formal_charge;MW,669,7,-0.12616711414642273
native_fold,unique,2,PC3,prepared_formal_charge,pearson,none,,669,1,-0.06108426704243478
native_fold,unique,2,PC3,prepared_formal_charge,pearson,fold_potency_charge,fold;y_true,669,2,-0.05205010737293633
native_fold,unique,2,PC3,prepared_formal_charge,pearson,fold_potency_charge_MW,fold;y_true;MW,669,3,-0.04377527302796951
native_fold,unique,2,PC3,prepared_formal_charge,spearman,none,,669,1,-0.044820238904386286
native_fold,unique,2,PC3,prepared_formal_charge,spearman,fold_potency_charge,fold;y_true,669,2,-0.03687200448613496
native_fold,unique,2,PC3,prepared_formal_charge,spearman,fold_potency_charge_MW,fold;y_true;MW,669,3,-0.02440051545378043
native_fold,unique,2,PC3,prepared_is_charged,pearson,none,,669,1,0.127055940980767
native_fold,unique,2,PC3,prepared_is_charged,pearson,fold_potency_charge,fold;y_true;prepared_formal_charge,669,6,
native_fold,unique,2,PC3,prepared_is_charged,pearson,fold_potency_charge_MW,fold;y_true;prepared_formal_charge;MW,669,7,
native_fold,unique,2,PC3,prepared_is_charged,spearman,none,,669,1,0.15312182435550306
native_fold,unique,2,PC3,prepared_is_charged,spearman,fold_potency_charge,fold;y_true;prepared_formal_charge,669,6,1.4537277871380812e-05
native_fold,unique,2,PC3,prepared_is_charged,spearman,fold_potency_charge_MW,fold;y_true;prepared_formal_charge;MW,669,7,0.0009881485936706583
native_fold,unique,2,PC3,y_true,pearson,none,,669,1,-0.18142168933479233
native_fold,unique,2,PC3,y_true,pearson,fold_potency_charge,fold;prepared_formal_charge,669,5,-0.11414297291269276
native_fold,unique,2,PC3,y_true,pearson,fold_potency_charge_MW,fold;prepared_formal_charge;MW,669,6,-0.09409289411815268
native_fold,unique,2,PC3,y_true,spearman,none,,669,1,-0.17321493479163785
native_fold,unique,2,PC3,y_true,spearman,fold_potency_charge,fold;prepared_formal_charge,669,5,-0.11004017602411054
native_fold,unique,2,PC3,y_true,spearman,fold_potency_charge_MW,fold;prepared_formal_charge;MW,669,6,-0.07955644088314398
native_fold,unique,2,PC3,native_cached,pearson,none,,669,1,0.25201665847471
native_fold,unique,2,PC3,native_cached,pearson,fold_potency_charge,fold;y_true;prepared_formal_charge,669,6,0.3781605582420032
native_fold,unique,2,PC3,native_cached,pearson,fold_potency_charge_MW,fold;y_true;prepared_formal_charge;MW,669,7,0.42606124403971046
native_fold,unique,2,PC3,native_cached,spearman,none,,669,1,0.2428236091901599
native_fold,unique,2,PC3,native_cached,spearman,fold_potency_charge,fold;y_true;prepared_formal_charge,669,6,0.3794870270699696
native_fold,unique,2,PC3,native_cached,spearman,fold_potency_charge_MW,fold;y_true;prepared_formal_charge;MW,669,7,0.42291952567248364
native_fold,unique,2,PC4,MW,pearson,none,,669,1,-0.10711300887646832
native_fold,unique,2,PC4,MW,pearson,fold_potency_charge,fold;y_true;prepared_formal_charge,669,6,-0.05856286931534646
native_fold,unique,2,PC4,MW,pearson,fold_potency_charge_MW,fold;y_true;prepared_formal_charge,669,6,-0.05856286931534646
native_fold,unique,2,PC4,MW,spearman,none,,669,1,-0.08195568877418785
native_fold,unique,2,PC4,MW,spearman,fold_potency_charge,fold;y_true;prepared_formal_charge,669,6,-0.031089292274239306
native_fold,unique,2,PC4,MW,spearman,fold_potency_charge_MW,fold;y_true;prepared_formal_charge,669,6,-0.031089292274239306
native_fold,unique,2,PC4,heavy_atoms,pearson,none,,669,1,-0.08305372666266281
native_fold,unique,2,PC4,heavy_atoms,pearson,fold_potency_charge,fold;y_true;prepared_formal_charge,669,6,-0.028793542640059438
native_fold,unique,2,PC4,heavy_atoms,pearson,fold_potency_charge_MW,fold;y_true;prepared_formal_charge;MW,669,7,0.07595793126228877
native_fold,unique,2,PC4,heavy_atoms,spearman,none,,669,1,-0.05736904578283622
native_fold,unique,2,PC4,heavy_atoms,spearman,fold_potency_charge,fold;y_true;prepared_formal_charge,669,6,-0.0012176241992443277
native_fold,unique,2,PC4,heavy_atoms,spearman,fold_potency_charge_MW,fold;y_true;prepared_formal_charge;MW,669,7,0.059387005237360145
native_fold,unique,2,PC4,prepared_formal_charge,pearson,none,,669,1,-0.030735805843916244
native_fold,unique,2,PC4,prepared_formal_charge,pearson,fold_potency_charge,fold;y_true,669,2,-0.022124229167777437
native_fold,unique,2,PC4,prepared_formal_charge,pearson,fold_potency_charge_MW,fold;y_true;MW,669,3,-0.017179843094066564
native_fold,unique,2,PC4,prepared_formal_charge,spearman,none,,669,1,-0.014554444798947304
native_fold,unique,2,PC4,prepared_formal_charge,spearman,fold_potency_charge,fold;y_true,669,2,-0.0051017011121523475
native_fold,unique,2,PC4,prepared_formal_charge,spearman,fold_potency_charge_MW,fold;y_true;MW,669,3,-0.0034746362114027405
native_fold,unique,2,PC4,prepared_is_charged,pearson,none,,669,1,0.0153441879487404
native_fold,unique,2,PC4,prepared_is_charged,pearson,fold_potency_charge,fold;y_true;prepared_formal_charge,669,6,
native_fold,unique,2,PC4,prepared_is_charged,pearson,fold_potency_charge_MW,fold;y_true;prepared_formal_charge;MW,669,7,
native_fold,unique,2,PC4,prepared_is_charged,spearman,none,,669,1,0.011503642213696996
native_fold,unique,2,PC4,prepared_is_charged,spearman,fold_potency_charge,fold;y_true;prepared_formal_charge,669,6,3.4453262716625e-06
native_fold,unique,2,PC4,prepared_is_charged,spearman,fold_potency_charge_MW,fold;y_true;prepared_formal_charge;MW,669,7,-0.000696358932370314
native_fold,unique,2,PC4,y_true,pearson,none,,669,1,-0.16257236475324885
native_fold,unique,2,PC4,y_true,pearson,fold_potency_charge,fold;prepared_formal_charge,669,5,-0.17761299592073637
native_fold,unique,2,PC4,y_true,pearson,fold_potency_charge_MW,fold;prepared_formal_charge;MW,669,6,-0.15293839690449748
native_fold,unique,2,PC4,y_true,spearman,none,,669,1,-0.19358569019173247
native_fold,unique,2,PC4,y_true,spearman,fold_potency_charge,fold;prepared_formal_charge,669,5,-0.20855213556720598
native_fold,unique,2,PC4,y_true,spearman,fold_potency_charge_MW,fold;prepared_formal_charge;MW,669,6,-0.19471358460865024
native_fold,unique,2,PC4,native_cached,pearson,none,,669,1,-0.3787265508014338
native_fold,unique,2,PC4,native_cached,pearson,fold_potency_charge,fold;y_true;prepared_formal_charge,669,6,-0.358039490285219
native_fold,unique,2,PC4,native_cached,pearson,fold_potency_charge_MW,fold;y_true;prepared_formal_charge;MW,669,7,-0.3620673560544033
native_fold,unique,2,PC4,native_cached,spearman,none,,669,1,-0.4377066361220401
native_fold,unique,2,PC4,native_cached,spearman,fold_potency_charge,fold;y_true;prepared_formal_charge,669,6,-0.4188341897102479
native_fold,unique,2,PC4,native_cached,spearman,fold_potency_charge_MW,fold;y_true;prepared_formal_charge;MW,669,7,-0.4247898662691266
native_fold,unique,2,PC5,MW,pearson,none,,669,1,0.151286798746936
native_fold,unique,2,PC5,MW,pearson,fold_potency_charge,fold;y_true;prepared_formal_charge,669,6,0.10756473883988363
native_fold,unique,2,PC5,MW,pearson,fold_potency_charge_MW,fold;y_true;prepared_formal_charge,669,6,0.10756473883988363
native_fold,unique,2,PC5,MW,spearman,none,,669,1,0.13423614605395182
native_fold,unique,2,PC5,MW,spearman,fold_potency_charge,fold;y_true;prepared_formal_charge,669,6,0.09506354097372878
native_fold,unique,2,PC5,MW,spearman,fold_potency_charge_MW,fold;y_true;prepared_formal_charge,669,6,0.09506354097372878
native_fold,unique,2,PC5,heavy_atoms,pearson,none,,669,1,0.16406037723952047
native_fold,unique,2,PC5,heavy_atoms,pearson,fold_potency_charge,fold;y_true;prepared_formal_charge,669,6,0.11999967639959783
native_fold,unique,2,PC5,heavy_atoms,pearson,fold_potency_charge_MW,fold;y_true;prepared_formal_charge;MW,669,7,0.0555017323083265
native_fold,unique,2,PC5,heavy_atoms,spearman,none,,669,1,0.11572282783578973
native_fold,unique,2,PC5,heavy_atoms,spearman,fold_potency_charge,fold;y_true;prepared_formal_charge,669,6,0.0727073390980634
native_fold,unique,2,PC5,heavy_atoms,spearman,fold_potency_charge_MW,fold;y_true;prepared_formal_charge;MW,669,7,-0.027575680304288634
native_fold,unique,2,PC5,prepared_formal_charge,pearson,none,,669,1,0.09144518264437794
native_fold,unique,2,PC5,prepared_formal_charge,pearson,fold_potency_charge,fold;y_true,669,2,0.08728766621654648
native_fold,unique,2,PC5,prepared_formal_charge,pearson,fold_potency_charge_MW,fold;y_true;MW,669,3,0.07406418235703068
native_fold,unique,2,PC5,prepared_formal_charge,spearman,none,,669,1,0.05707742069777902
native_fold,unique,2,PC5,prepared_formal_charge,spearman,fold_potency_charge,fold;y_true,669,2,0.05317073863657929
native_fold,unique,2,PC5,prepared_formal_charge,spearman,fold_potency_charge_MW,fold;y_true;MW,669,3,0.04280461887385713
native_fold,unique,2,PC5,prepared_is_charged,pearson,none,,669,1,-0.03887382218541942
native_fold,unique,2,PC5,prepared_is_charged,pearson,fold_potency_charge,fold;y_true;prepared_formal_charge,669,6,
native_fold,unique,2,PC5,prepared_is_charged,pearson,fold_potency_charge_MW,fold;y_true;prepared_formal_charge;MW,669,7,
native_fold,unique,2,PC5,prepared_is_charged,spearman,none,,669,1,-0.05739119924593627
native_fold,unique,2,PC5,prepared_is_charged,spearman,fold_potency_charge,fold;y_true;prepared_formal_charge,669,6,1.2825733213169822e-05
native_fold,unique,2,PC5,prepared_is_charged,spearman,fold_potency_charge_MW,fold;y_true;prepared_formal_charge;MW,669,7,0.00011638270713634027
native_fold,unique,2,PC5,y_true,pearson,none,,669,1,0.0835574977202369
native_fold,unique,2,PC5,y_true,pearson,fold_potency_charge,fold;prepared_formal_charge,669,5,0.049670667666485105
native_fold,unique,2,PC5,y_true,pearson,fold_potency_charge_MW,fold;prepared_formal_charge;MW,669,6,0.0151436714021518
native_fold,unique,2,PC5,y_true,spearman,none,,669,1,0.08428879456931396
native_fold,unique,2,PC5,y_true,spearman,fold_potency_charge,fold;prepared_formal_charge,669,5,0.055291009670505646
native_fold,unique,2,PC5,y_true,spearman,fold_potency_charge_MW,fold;prepared_formal_charge;MW,669,6,0.029618048643648174
native_fold,unique,2,PC5,native_cached,pearson,none,,669,1,0.43885039810222354
native_fold,unique,2,PC5,native_cached,pearson,fold_potency_charge,fold;y_true;prepared_formal_charge,669,6,0.450110381431706
native_fold,unique,2,PC5,native_cached,pearson,fold_potency_charge_MW,fold;y_true;prepared_formal_charge;MW,669,7,0.4437391439373063
native_fold,unique,2,PC5,native_cached,spearman,none,,669,1,0.4181548021018401
native_fold,unique,2,PC5,native_cached,spearman,fold_potency_charge,fold;y_true;prepared_formal_charge,669,6,0.4248166496729841
native_fold,unique,2,PC5,native_cached,spearman,fold_potency_charge_MW,fold;y_true;prepared_formal_charge;MW,669,7,0.41609420939034875
native_fold,unique,3,norm_l2,MW,pearson,none,,668,1,-0.4229077561489869
native_fold,unique,3,norm_l2,MW,pearson,fold_potency_charge,fold;y_true;prepared_formal_charge,668,6,-0.27585415565613547
native_fold,unique,3,norm_l2,MW,pearson,fold_potency_charge_MW,fold;y_true;prepared_formal_charge,668,6,-0.27585415565613547
native_fold,unique,3,norm_l2,MW,spearman,none,,668,1,-0.31245498267363975
native_fold,unique,3,norm_l2,MW,spearman,fold_potency_charge,fold;y_true;prepared_formal_charge,668,6,-0.1807103008851394
native_fold,unique,3,norm_l2,MW,spearman,fold_potency_charge_MW,fold;y_true;prepared_formal_charge,668,6,-0.1807103008851394
native_fold,unique,3,norm_l2,heavy_atoms,pearson,none,,668,1,-0.4429951994632833
native_fold,unique,3,norm_l2,heavy_atoms,pearson,fold_potency_charge,fold;y_true;prepared_formal_charge,668,6,-0.3096950590309011
native_fold,unique,3,norm_l2,heavy_atoms,pearson,fold_potency_charge_MW,fold;y_true;prepared_formal_charge;MW,668,7,-0.15497703963923048
native_fold,unique,3,norm_l2,heavy_atoms,spearman,none,,668,1,-0.3227011729098798
native_fold,unique,3,norm_l2,heavy_atoms,spearman,fold_potency_charge,fold;y_true;prepared_formal_charge,668,6,-0.20208364630287087
native_fold,unique,3,norm_l2,heavy_atoms,spearman,fold_potency_charge_MW,fold;y_true;prepared_formal_charge;MW,668,7,-0.09208537442788599
native_fold,unique,3,norm_l2,prepared_formal_charge,pearson,none,,668,1,-0.005972775324067045
native_fold,unique,3,norm_l2,prepared_formal_charge,pearson,fold_potency_charge,fold;y_true,668,2,0.07051758215826319
native_fold,unique,3,norm_l2,prepared_formal_charge,pearson,fold_potency_charge_MW,fold;y_true;MW,668,3,0.1264445395985559
native_fold,unique,3,norm_l2,prepared_formal_charge,spearman,none,,668,1,0.012460241304703733
native_fold,unique,3,norm_l2,prepared_formal_charge,spearman,fold_potency_charge,fold;y_true,668,2,0.07792487197591685
native_fold,unique,3,norm_l2,prepared_formal_charge,spearman,fold_potency_charge_MW,fold;y_true;MW,668,3,0.11328687484576258
native_fold,unique,3,norm_l2,prepared_is_charged,pearson,none,,668,1,0.3394665623195131
native_fold,unique,3,norm_l2,prepared_is_charged,pearson,fold_potency_charge,fold;y_true;prepared_formal_charge,668,6,
native_fold,unique,3,norm_l2,prepared_is_charged,pearson,fold_potency_charge_MW,fold;y_true;prepared_formal_charge;MW,668,7,
native_fold,unique,3,norm_l2,prepared_is_charged,spearman,none,,668,1,0.24902355362428227
native_fold,unique,3,norm_l2,prepared_is_charged,spearman,fold_potency_charge,fold;y_true;prepared_formal_charge,668,6,-2.745580246383173e-06
native_fold,unique,3,norm_l2,prepared_is_charged,spearman,fold_potency_charge_MW,fold;y_true;prepared_formal_charge;MW,668,7,0.005801181411858381
native_fold,unique,3,norm_l2,y_true,pearson,none,,668,1,-0.4414587616016076
native_fold,unique,3,norm_l2,y_true,pearson,fold_potency_charge,fold;prepared_formal_charge,668,5,-0.37191458906436886
native_fold,unique,3,norm_l2,y_true,pearson,fold_potency_charge_MW,fold;prepared_formal_charge;MW,668,6,-0.2961204855808998
native_fold,unique,3,norm_l2,y_true,spearman,none,,668,1,-0.41144848956830815
native_fold,unique,3,norm_l2,y_true,spearman,fold_potency_charge,fold;prepared_formal_charge,668,5,-0.36857842956780745
native_fold,unique,3,norm_l2,y_true,spearman,fold_potency_charge_MW,fold;prepared_formal_charge;MW,668,6,-0.3103621621500099
native_fold,unique,3,norm_l2,native_cached,pearson,none,,668,1,-0.4574754265912203
native_fold,unique,3,norm_l2,native_cached,pearson,fold_potency_charge,fold;y_true;prepared_formal_charge,668,6,-0.31624223414792946
native_fold,unique,3,norm_l2,native_cached,pearson,fold_potency_charge_MW,fold;y_true;prepared_formal_charge;MW,668,7,-0.245630462136079
native_fold,unique,3,norm_l2,native_cached,spearman,none,,668,1,-0.5159705129041773
native_fold,unique,3,norm_l2,native_cached,spearman,fold_potency_charge,fold;y_true;prepared_formal_charge,668,6,-0.40970428863690433
native_fold,unique,3,norm_l2,native_cached,spearman,fold_potency_charge_MW,fold;y_true;prepared_formal_charge;MW,668,7,-0.38347753321719263
native_fold,unique,3,centered_norm_l2,MW,pearson,none,,668,1,-0.3363391199007336
native_fold,unique,3,centered_norm_l2,MW,pearson,fold_potency_charge,fold;y_true;prepared_formal_charge,668,6,-0.20940710261183715
native_fold,unique,3,centered_norm_l2,MW,pearson,fold_potency_charge_MW,fold;y_true;prepared_formal_charge,668,6,-0.20940710261183715
native_fold,unique,3,centered_norm_l2,MW,spearman,none,,668,1,-0.11757916240795305
native_fold,unique,3,centered_norm_l2,MW,spearman,fold_potency_charge,fold;y_true;prepared_formal_charge,668,6,-0.04872942674814338
native_fold,unique,3,centered_norm_l2,MW,spearman,fold_potency_charge_MW,fold;y_true;prepared_formal_charge,668,6,-0.04872942674814338
native_fold,unique,3,centered_norm_l2,heavy_atoms,pearson,none,,668,1,-0.37122102489271447
native_fold,unique,3,centered_norm_l2,heavy_atoms,pearson,fold_potency_charge,fold;y_true;prepared_formal_charge,668,6,-0.257925380225565
native_fold,unique,3,centered_norm_l2,heavy_atoms,pearson,fold_potency_charge_MW,fold;y_true;prepared_formal_charge;MW,668,7,-0.18583795135267672
native_fold,unique,3,centered_norm_l2,heavy_atoms,spearman,none,,668,1,-0.1508319493694741
native_fold,unique,3,centered_norm_l2,heavy_atoms,spearman,fold_potency_charge,fold;y_true;prepared_formal_charge,668,6,-0.0900640126412767
native_fold,unique,3,centered_norm_l2,heavy_atoms,spearman,fold_potency_charge_MW,fold;y_true;prepared_formal_charge;MW,668,7,-0.10774341010695285
native_fold,unique,3,centered_norm_l2,prepared_formal_charge,pearson,none,,668,1,-0.009906858474193312
native_fold,unique,3,centered_norm_l2,prepared_formal_charge,pearson,fold_potency_charge,fold;y_true,668,2,0.04423840472523461
native_fold,unique,3,centered_norm_l2,prepared_formal_charge,pearson,fold_potency_charge_MW,fold;y_true;MW,668,3,0.08598490854728427
native_fold,unique,3,centered_norm_l2,prepared_formal_charge,spearman,none,,668,1,-0.0038911408747112704
native_fold,unique,3,centered_norm_l2,prepared_formal_charge,spearman,fold_potency_charge,fold;y_true,668,2,0.020883647743533303
native_fold,unique,3,centered_norm_l2,prepared_formal_charge,spearman,fold_potency_charge_MW,fold;y_true;MW,668,3,0.031195306464436856
native_fold,unique,3,centered_norm_l2,prepared_is_charged,pearson,none,,668,1,0.283701577321126
native_fold,unique,3,centered_norm_l2,prepared_is_charged,pearson,fold_potency_charge,fold;y_true;prepared_formal_charge,668,6,
native_fold,unique,3,centered_norm_l2,prepared_is_charged,pearson,fold_potency_charge_MW,fold;y_true;prepared_formal_charge;MW,668,7,
native_fold,unique,3,centered_norm_l2,prepared_is_charged,spearman,none,,668,1,0.12902026682995202
native_fold,unique,3,centered_norm_l2,prepared_is_charged,spearman,fold_potency_charge,fold;y_true;prepared_formal_charge,668,6,-6.03065386676092e-06
native_fold,unique,3,centered_norm_l2,prepared_is_charged,spearman,fold_potency_charge_MW,fold;y_true;prepared_formal_charge;MW,668,7,0.0011333264010138279
native_fold,unique,3,centered_norm_l2,y_true,pearson,none,,668,1,-0.32982719101644503
native_fold,unique,3,centered_norm_l2,y_true,pearson,fold_potency_charge,fold;prepared_formal_charge,668,5,-0.25830547848762353
native_fold,unique,3,centered_norm_l2,y_true,pearson,fold_potency_charge_MW,fold;prepared_formal_charge;MW,668,6,-0.19188573747025156
native_fold,unique,3,centered_norm_l2,y_true,spearman,none,,668,1,-0.17250423297775266
native_fold,unique,3,centered_norm_l2,y_true,spearman,fold_potency_charge,fold;prepared_formal_charge,668,5,-0.13990573127465977
native_fold,unique,3,centered_norm_l2,y_true,spearman,fold_potency_charge_MW,fold;prepared_formal_charge;MW,668,6,-0.11857964494216315
native_fold,unique,3,centered_norm_l2,native_cached,pearson,none,,668,1,-0.19130391761008914
native_fold,unique,3,centered_norm_l2,native_cached,pearson,fold_potency_charge,fold;y_true;prepared_formal_charge,668,6,-0.037524192066147544
native_fold,unique,3,centered_norm_l2,native_cached,pearson,fold_potency_charge_MW,fold;y_true;prepared_formal_charge;MW,668,7,0.03715070131911518
native_fold,unique,3,centered_norm_l2,native_cached,spearman,none,,668,1,0.07051947831835807
native_fold,unique,3,centered_norm_l2,native_cached,spearman,fold_potency_charge,fold;y_true;prepared_formal_charge,668,6,0.16632193924759336
native_fold,unique,3,centered_norm_l2,native_cached,spearman,fold_potency_charge_MW,fold;y_true;prepared_formal_charge;MW,668,7,0.18381064937494782
native_fold,unique,3,member1_norm_l2,MW,pearson,none,,668,1,-0.4085458403209627
native_fold,unique,3,member1_norm_l2,MW,pearson,fold_potency_charge,fold;y_true;prepared_formal_charge,668,6,-0.2667772249636109
native_fold,unique,3,member1_norm_l2,MW,pearson,fold_potency_charge_MW,fold;y_true;prepared_formal_charge,668,6,-0.2667772249636109
native_fold,unique,3,member1_norm_l2,MW,spearman,none,,668,1,-0.2927458806284348
native_fold,unique,3,member1_norm_l2,MW,spearman,fold_potency_charge,fold;y_true;prepared_formal_charge,668,6,-0.17390592492051213
native_fold,unique,3,member1_norm_l2,MW,spearman,fold_potency_charge_MW,fold;y_true;prepared_formal_charge,668,6,-0.17390592492051213
native_fold,unique,3,member1_norm_l2,heavy_atoms,pearson,none,,668,1,-0.4331182611659873
native_fold,unique,3,member1_norm_l2,heavy_atoms,pearson,fold_potency_charge,fold;y_true;prepared_formal_charge,668,6,-0.3056478371237474
native_fold,unique,3,member1_norm_l2,heavy_atoms,pearson,fold_potency_charge_MW,fold;y_true;prepared_formal_charge;MW,668,7,-0.16864404181386036
native_fold,unique,3,member1_norm_l2,heavy_atoms,spearman,none,,668,1,-0.3050512694632724
native_fold,unique,3,member1_norm_l2,heavy_atoms,spearman,fold_potency_charge,fold;y_true;prepared_formal_charge,668,6,-0.19654804962802971
native_fold,unique,3,member1_norm_l2,heavy_atoms,spearman,fold_potency_charge_MW,fold;y_true;prepared_formal_charge;MW,668,7,-0.09343235223002666
native_fold,unique,3,member1_norm_l2,prepared_formal_charge,pearson,none,,668,1,-0.001977625235080507
native_fold,unique,3,member1_norm_l2,prepared_formal_charge,pearson,fold_potency_charge,fold;y_true,668,2,0.0692130030894503
native_fold,unique,3,member1_norm_l2,prepared_formal_charge,pearson,fold_potency_charge_MW,fold;y_true;MW,668,3,0.1232625805056381
native_fold,unique,3,member1_norm_l2,prepared_formal_charge,spearman,none,,668,1,0.022088458408010776
native_fold,unique,3,member1_norm_l2,prepared_formal_charge,spearman,fold_potency_charge,fold;y_true,668,2,0.07999152631555188
native_fold,unique,3,member1_norm_l2,prepared_formal_charge,spearman,fold_potency_charge_MW,fold;y_true;MW,668,3,0.11402517650696796
native_fold,unique,3,member1_norm_l2,prepared_is_charged,pearson,none,,668,1,0.33269057555464304
native_fold,unique,3,member1_norm_l2,prepared_is_charged,pearson,fold_potency_charge,fold;y_true;prepared_formal_charge,668,6,
native_fold,unique,3,member1_norm_l2,prepared_is_charged,pearson,fold_potency_charge_MW,fold;y_true;prepared_formal_charge;MW,668,7,
native_fold,unique,3,member1_norm_l2,prepared_is_charged,spearman,none,,668,1,0.23812285665651048
native_fold,unique,3,member1_norm_l2,prepared_is_charged,spearman,fold_potency_charge,fold;y_true;prepared_formal_charge,668,6,-1.759975133514584e-06
native_fold,unique,3,member1_norm_l2,prepared_is_charged,spearman,fold_potency_charge_MW,fold;y_true;prepared_formal_charge;MW,668,7,0.005200312252049043
native_fold,unique,3,member1_norm_l2,y_true,pearson,none,,668,1,-0.41398133357138234
native_fold,unique,3,member1_norm_l2,y_true,pearson,fold_potency_charge,fold;prepared_formal_charge,668,5,-0.3424183839435658
native_fold,unique,3,member1_norm_l2,y_true,pearson,fold_potency_charge_MW,fold;prepared_formal_charge;MW,668,6,-0.2662928637801177
native_fold,unique,3,member1_norm_l2,y_true,spearman,none,,668,1,-0.3668540398600595
native_fold,unique,3,member1_norm_l2,y_true,spearman,fold_potency_charge,fold;prepared_formal_charge,668,5,-0.323887530684713
native_fold,unique,3,member1_norm_l2,y_true,spearman,fold_potency_charge_MW,fold;prepared_formal_charge;MW,668,6,-0.26598620521035454
native_fold,unique,3,member1_norm_l2,native_cached,pearson,none,,668,1,-0.3959047624014042
native_fold,unique,3,member1_norm_l2,native_cached,pearson,fold_potency_charge,fold;y_true;prepared_formal_charge,668,6,-0.24825984270398535
native_fold,unique,3,member1_norm_l2,native_cached,pearson,fold_potency_charge_MW,fold;y_true;prepared_formal_charge;MW,668,7,-0.1733373214347057
native_fold,unique,3,member1_norm_l2,native_cached,spearman,none,,668,1,-0.41629196142778746
native_fold,unique,3,member1_norm_l2,native_cached,spearman,fold_potency_charge,fold;y_true;prepared_formal_charge,668,6,-0.30234090627415877
native_fold,unique,3,member1_norm_l2,native_cached,spearman,fold_potency_charge_MW,fold;y_true;prepared_formal_charge;MW,668,7,-0.2723542614559739
native_fold,unique,3,member2_norm_l2,MW,pearson,none,,668,1,-0.37645102908310557
native_fold,unique,3,member2_norm_l2,MW,pearson,fold_potency_charge,fold;y_true;prepared_formal_charge,668,6,-0.22517232755582967
native_fold,unique,3,member2_norm_l2,MW,pearson,fold_potency_charge_MW,fold;y_true;prepared_formal_charge,668,6,-0.22517232755582967
native_fold,unique,3,member2_norm_l2,MW,spearman,none,,668,1,-0.3030340513004205
native_fold,unique,3,member2_norm_l2,MW,spearman,fold_potency_charge,fold;y_true;prepared_formal_charge,668,6,-0.16517646554393162
native_fold,unique,3,member2_norm_l2,MW,spearman,fold_potency_charge_MW,fold;y_true;prepared_formal_charge,668,6,-0.16517646554393162
native_fold,unique,3,member2_norm_l2,heavy_atoms,pearson,none,,668,1,-0.35288165678383604
native_fold,unique,3,member2_norm_l2,heavy_atoms,pearson,fold_potency_charge,fold;y_true;prepared_formal_charge,668,6,-0.20140970588173807
native_fold,unique,3,member2_norm_l2,heavy_atoms,pearson,fold_potency_charge_MW,fold;y_true;prepared_formal_charge;MW,668,7,0.03376587226848878
native_fold,unique,3,member2_norm_l2,heavy_atoms,spearman,none,,668,1,-0.2974545883096283
native_fold,unique,3,member2_norm_l2,heavy_atoms,spearman,fold_potency_charge,fold;y_true;prepared_formal_charge,668,6,-0.16721748009660364
native_fold,unique,3,member2_norm_l2,heavy_atoms,spearman,fold_potency_charge_MW,fold;y_true;prepared_formal_charge;MW,668,7,-0.042450015000957436
native_fold,unique,3,member2_norm_l2,prepared_formal_charge,pearson,none,,668,1,-0.025041096162261536
native_fold,unique,3,member2_norm_l2,prepared_formal_charge,pearson,fold_potency_charge,fold;y_true,668,2,0.05345201686968111
native_fold,unique,3,member2_norm_l2,prepared_formal_charge,pearson,fold_potency_charge_MW,fold;y_true;MW,668,3,0.09561541584459592
native_fold,unique,3,member2_norm_l2,prepared_formal_charge,spearman,none,,668,1,-0.002816219035516536
native_fold,unique,3,member2_norm_l2,prepared_formal_charge,spearman,fold_potency_charge,fold;y_true,668,2,0.06531005392769887
native_fold,unique,3,member2_norm_l2,prepared_formal_charge,spearman,fold_potency_charge_MW,fold;y_true;MW,668,3,0.09648100256850774
native_fold,unique,3,member2_norm_l2,prepared_is_charged,pearson,none,,668,1,0.2658333137774173
native_fold,unique,3,member2_norm_l2,prepared_is_charged,pearson,fold_potency_charge,fold;y_true;prepared_formal_charge,668,6,
native_fold,unique,3,member2_norm_l2,prepared_is_charged,pearson,fold_potency_charge_MW,fold;y_true;prepared_formal_charge;MW,668,7,
native_fold,unique,3,member2_norm_l2,prepared_is_charged,spearman,none,,668,1,0.23523512816153933
native_fold,unique,3,member2_norm_l2,prepared_is_charged,spearman,fold_potency_charge,fold;y_true;prepared_formal_charge,668,6,-7.862944441672773e-06
native_fold,unique,3,member2_norm_l2,prepared_is_charged,spearman,fold_potency_charge_MW,fold;y_true;prepared_formal_charge;MW,668,7,0.004991728521440255
native_fold,unique,3,member2_norm_l2,y_true,pearson,none,,668,1,-0.46312419887456924
native_fold,unique,3,member2_norm_l2,y_true,pearson,fold_potency_charge,fold;prepared_formal_charge,668,5,-0.41518171204494586
native_fold,unique,3,member2_norm_l2,y_true,pearson,fold_potency_charge_MW,fold;prepared_formal_charge;MW,668,6,-0.3520522955739306
native_fold,unique,3,member2_norm_l2,y_true,spearman,none,,668,1,-0.43424293808508696
native_fold,unique,3,member2_norm_l2,y_true,spearman,fold_potency_charge,fold;prepared_formal_charge,668,5,-0.39474953605795016
native_fold,unique,3,member2_norm_l2,y_true,spearman,fold_potency_charge_MW,fold;prepared_formal_charge;MW,668,6,-0.34072933638994957
native_fold,unique,3,member2_norm_l2,native_cached,pearson,none,,668,1,-0.735858138188981
native_fold,unique,3,member2_norm_l2,native_cached,pearson,fold_potency_charge,fold;y_true;prepared_formal_charge,668,6,-0.6685273396501805
native_fold,unique,3,member2_norm_l2,native_cached,pearson,fold_potency_charge_MW,fold;y_true;prepared_formal_charge;MW,668,7,-0.6460683683064697
native_fold,unique,3,member2_norm_l2,native_cached,spearman,none,,668,1,-0.768391280313765
native_fold,unique,3,member2_norm_l2,native_cached,spearman,fold_potency_charge,fold;y_true;prepared_formal_charge,668,6,-0.7184578181829964
native_fold,unique,3,member2_norm_l2,native_cached,spearman,fold_potency_charge_MW,fold;y_true;prepared_formal_charge;MW,668,7,-0.7090111073775874
native_fold,unique,3,PC1,MW,pearson,none,,668,1,-0.4123813375510749
native_fold,unique,3,PC1,MW,pearson,fold_potency_charge,fold;y_true;prepared_formal_charge,668,6,-0.28655385844525844
native_fold,unique,3,PC1,MW,pearson,fold_potency_charge_MW,fold;y_true;prepared_formal_charge,668,6,-0.28655385844525844
native_fold,unique,3,PC1,MW,spearman,none,,668,1,-0.2087018095578864
native_fold,unique,3,PC1,MW,spearman,fold_potency_charge,fold;y_true;prepared_formal_charge,668,6,-0.0833345210917708
native_fold,unique,3,PC1,MW,spearman,fold_potency_charge_MW,fold;y_true;prepared_formal_charge,668,6,-0.0833345210917708
native_fold,unique,3,PC1,heavy_atoms,pearson,none,,668,1,-0.409976053886071
native_fold,unique,3,PC1,heavy_atoms,pearson,fold_potency_charge,fold;y_true;prepared_formal_charge,668,6,-0.2931001511724889
native_fold,unique,3,PC1,heavy_atoms,pearson,fold_potency_charge_MW,fold;y_true;prepared_formal_charge;MW,668,7,-0.071741759052166
native_fold,unique,3,PC1,heavy_atoms,spearman,none,,668,1,-0.19543877866509762
native_fold,unique,3,PC1,heavy_atoms,spearman,fold_potency_charge,fold;y_true;prepared_formal_charge,668,6,-0.07701655555145474
native_fold,unique,3,PC1,heavy_atoms,spearman,fold_potency_charge_MW,fold;y_true;prepared_formal_charge;MW,668,7,-0.003951760211621565
native_fold,unique,3,PC1,prepared_formal_charge,pearson,none,,668,1,0.07157190220614769
native_fold,unique,3,PC1,prepared_formal_charge,pearson,fold_potency_charge,fold;y_true,668,2,0.14894916311604317
native_fold,unique,3,PC1,prepared_formal_charge,pearson,fold_potency_charge_MW,fold;y_true;MW,668,3,0.2094964666602987
native_fold,unique,3,PC1,prepared_formal_charge,spearman,none,,668,1,0.1119414802475244
native_fold,unique,3,PC1,prepared_formal_charge,spearman,fold_potency_charge,fold;y_true,668,2,0.17724615627845539
native_fold,unique,3,PC1,prepared_formal_charge,spearman,fold_potency_charge_MW,fold;y_true;MW,668,3,0.19470848323061996
native_fold,unique,3,PC1,prepared_is_charged,pearson,none,,668,1,0.3812047950312044
native_fold,unique,3,PC1,prepared_is_charged,pearson,fold_potency_charge,fold;y_true;prepared_formal_charge,668,6,
native_fold,unique,3,PC1,prepared_is_charged,pearson,fold_potency_charge_MW,fold;y_true;prepared_formal_charge;MW,668,7,
native_fold,unique,3,PC1,prepared_is_charged,spearman,none,,668,1,0.3113105185787259
native_fold,unique,3,PC1,prepared_is_charged,spearman,fold_potency_charge,fold;y_true;prepared_formal_charge,668,6,-2.3440464456745276e-06
native_fold,unique,3,PC1,prepared_is_charged,spearman,fold_potency_charge_MW,fold;y_true;prepared_formal_charge;MW,668,7,0.0009013244351931543
native_fold,unique,3,PC1,y_true,pearson,none,,668,1,-0.40563953953267845
native_fold,unique,3,PC1,y_true,pearson,fold_potency_charge,fold;prepared_formal_charge,668,5,-0.3384155373610073
native_fold,unique,3,PC1,y_true,pearson,fold_potency_charge_MW,fold;prepared_formal_charge;MW,668,6,-0.2578322443850068
native_fold,unique,3,PC1,y_true,spearman,none,,668,1,-0.3655277410559934
native_fold,unique,3,PC1,y_true,spearman,fold_potency_charge,fold;prepared_formal_charge,668,5,-0.32099346327745903
native_fold,unique,3,PC1,y_true,spearman,fold_potency_charge_MW,fold;prepared_formal_charge;MW,668,6,-0.28518347552385404
native_fold,unique,3,PC1,native_cached,pearson,none,,668,1,-0.5755756426284646
native_fold,unique,3,PC1,native_cached,pearson,fold_potency_charge,fold;y_true;prepared_formal_charge,668,6,-0.4755858317173427
native_fold,unique,3,PC1,native_cached,pearson,fold_potency_charge_MW,fold;y_true;prepared_formal_charge;MW,668,7,-0.419371364917773
native_fold,unique,3,PC1,native_cached,spearman,none,,668,1,-0.6609944135099283
native_fold,unique,3,PC1,native_cached,spearman,fold_potency_charge,fold;y_true;prepared_formal_charge,668,6,-0.5982594372558465
native_fold,unique,3,PC1,native_cached,spearman,fold_potency_charge_MW,fold;y_true;prepared_formal_charge;MW,668,7,-0.5978964545491534
native_fold,unique,3,PC2,MW,pearson,none,,668,1,0.11442106925004197
native_fold,unique,3,PC2,MW,pearson,fold_potency_charge,fold;y_true;prepared_formal_charge,668,6,0.039581122044077925
native_fold,unique,3,PC2,MW,pearson,fold_potency_charge_MW,fold;y_true;prepared_formal_charge,668,6,0.039581122044077925
native_fold,unique,3,PC2,MW,spearman,none,,668,1,0.12432951445972477
native_fold,unique,3,PC2,MW,spearman,fold_potency_charge,fold;y_true;prepared_formal_charge,668,6,0.0273846476795191
native_fold,unique,3,PC2,MW,spearman,fold_potency_charge_MW,fold;y_true;prepared_formal_charge,668,6,0.0273846476795191
native_fold,unique,3,PC2,heavy_atoms,pearson,none,,668,1,0.06181063783155144
native_fold,unique,3,PC2,heavy_atoms,pearson,fold_potency_charge,fold;y_true;prepared_formal_charge,668,6,-0.017014496866524745
native_fold,unique,3,PC2,heavy_atoms,pearson,fold_potency_charge_MW,fold;y_true;prepared_formal_charge;MW,668,7,-0.16350943165472484
native_fold,unique,3,PC2,heavy_atoms,spearman,none,,668,1,0.10513240093083685
native_fold,unique,3,PC2,heavy_atoms,spearman,fold_potency_charge,fold;y_true;prepared_formal_charge,668,6,0.01200628089395011
native_fold,unique,3,PC2,heavy_atoms,spearman,fold_potency_charge_MW,fold;y_true;prepared_formal_charge;MW,668,7,-0.0298280004889952
native_fold,unique,3,PC2,prepared_formal_charge,pearson,none,,668,1,-0.09225669453034441
native_fold,unique,3,PC2,prepared_formal_charge,pearson,fold_potency_charge,fold;y_true,668,2,-0.1283890378568029
native_fold,unique,3,PC2,prepared_formal_charge,pearson,fold_potency_charge_MW,fold;y_true;MW,668,3,-0.1362042083353742
native_fold,unique,3,PC2,prepared_formal_charge,spearman,none,,668,1,-0.10508448293946719
native_fold,unique,3,PC2,prepared_formal_charge,spearman,fold_potency_charge,fold;y_true,668,2,-0.15343826644606387
native_fold,unique,3,PC2,prepared_formal_charge,spearman,fold_potency_charge_MW,fold;y_true;MW,668,3,-0.15879447983055883
native_fold,unique,3,PC2,prepared_is_charged,pearson,none,,668,1,-0.16716534930302843
native_fold,unique,3,PC2,prepared_is_charged,pearson,fold_potency_charge,fold;y_true;prepared_formal_charge,668,6,
native_fold,unique,3,PC2,prepared_is_charged,pearson,fold_potency_charge_MW,fold;y_true;prepared_formal_charge;MW,668,7,
native_fold,unique,3,PC2,prepared_is_charged,spearman,none,,668,1,-0.19677670429804958
native_fold,unique,3,PC2,prepared_is_charged,spearman,fold_potency_charge,fold;y_true;prepared_formal_charge,668,6,4.750170017323107e-06
native_fold,unique,3,PC2,prepared_is_charged,spearman,fold_potency_charge_MW,fold;y_true;prepared_formal_charge;MW,668,7,0.0006747772349032127
native_fold,unique,3,PC2,y_true,pearson,none,,668,1,0.20546221019463567
native_fold,unique,3,PC2,y_true,pearson,fold_potency_charge,fold;prepared_formal_charge,668,5,0.1849877857558388
native_fold,unique,3,PC2,y_true,pearson,fold_potency_charge_MW,fold;prepared_formal_charge;MW,668,6,0.1651664684392614
native_fold,unique,3,PC2,y_true,spearman,none,,668,1,0.28743348240712485
native_fold,unique,3,PC2,y_true,spearman,fold_potency_charge,fold;prepared_formal_charge,668,5,0.265732118303776
native_fold,unique,3,PC2,y_true,spearman,fold_potency_charge_MW,fold;prepared_formal_charge;MW,668,6,0.24593977801201727
native_fold,unique,3,PC2,native_cached,pearson,none,,668,1,0.5686025684392345
native_fold,unique,3,PC2,native_cached,pearson,fold_potency_charge,fold;y_true;prepared_formal_charge,668,6,0.5356647125148999
native_fold,unique,3,PC2,native_cached,pearson,fold_potency_charge_MW,fold;y_true;prepared_formal_charge;MW,668,7,0.5561022284852782
native_fold,unique,3,PC2,native_cached,spearman,none,,668,1,0.6300085504091487
native_fold,unique,3,PC2,native_cached,spearman,fold_potency_charge,fold;y_true;prepared_formal_charge,668,6,0.5825294574210776
native_fold,unique,3,PC2,native_cached,spearman,fold_potency_charge_MW,fold;y_true;prepared_formal_charge;MW,668,7,0.593794780199743
native_fold,unique,3,PC3,MW,pearson,none,,668,1,-0.10068596455586365
native_fold,unique,3,PC3,MW,pearson,fold_potency_charge,fold;y_true;prepared_formal_charge,668,6,0.023805173272728873
native_fold,unique,3,PC3,MW,pearson,fold_potency_charge_MW,fold;y_true;prepared_formal_charge,668,6,0.023805173272728873
native_fold,unique,3,PC3,MW,spearman,none,,668,1,-0.13647801044950822
native_fold,unique,3,PC3,MW,spearman,fold_potency_charge,fold;y_true;prepared_formal_charge,668,6,-0.06616364822372098
native_fold,unique,3,PC3,MW,spearman,fold_potency_charge_MW,fold;y_true;prepared_formal_charge,668,6,-0.06616364822372098
native_fold,unique,3,PC3,heavy_atoms,pearson,none,,668,1,-0.14088683806975358
native_fold,unique,3,PC3,heavy_atoms,pearson,fold_potency_charge,fold;y_true;prepared_formal_charge,668,6,-0.025182670096426652
native_fold,unique,3,PC3,heavy_atoms,pearson,fold_potency_charge_MW,fold;y_true;prepared_formal_charge;MW,668,7,-0.1432493385029566
native_fold,unique,3,PC3,heavy_atoms,spearman,none,,668,1,-0.17370187640304355
native_fold,unique,3,PC3,heavy_atoms,spearman,fold_potency_charge,fold;y_true;prepared_formal_charge,668,6,-0.11129116012055613
native_fold,unique,3,PC3,heavy_atoms,spearman,fold_potency_charge_MW,fold;y_true;prepared_formal_charge;MW,668,7,-0.1206657981954532
native_fold,unique,3,PC3,prepared_formal_charge,pearson,none,,668,1,-0.0720528182086818
native_fold,unique,3,PC3,prepared_formal_charge,pearson,fold_potency_charge,fold;y_true,668,2,-0.03877327915288241
native_fold,unique,3,PC3,prepared_formal_charge,pearson,fold_potency_charge_MW,fold;y_true;MW,668,3,-0.03704930775218194
native_fold,unique,3,PC3,prepared_formal_charge,spearman,none,,668,1,-0.07334037580031783
native_fold,unique,3,PC3,prepared_formal_charge,spearman,fold_potency_charge,fold;y_true,668,2,-0.054657854564640895
native_fold,unique,3,PC3,prepared_formal_charge,spearman,fold_potency_charge_MW,fold;y_true;MW,668,3,-0.03987425452669648
native_fold,unique,3,PC3,prepared_is_charged,pearson,none,,668,1,0.16352381258541832
native_fold,unique,3,PC3,prepared_is_charged,pearson,fold_potency_charge,fold;y_true;prepared_formal_charge,668,6,
native_fold,unique,3,PC3,prepared_is_charged,pearson,fold_potency_charge_MW,fold;y_true;prepared_formal_charge;MW,668,7,
native_fold,unique,3,PC3,prepared_is_charged,spearman,none,,668,1,0.14036081648238835
native_fold,unique,3,PC3,prepared_is_charged,spearman,fold_potency_charge,fold;y_true;prepared_formal_charge,668,6,-5.433972580417719e-07
native_fold,unique,3,PC3,prepared_is_charged,spearman,fold_potency_charge_MW,fold;y_true;prepared_formal_charge;MW,668,7,0.002178148743607166
native_fold,unique,3,PC3,y_true,pearson,none,,668,1,-0.22382498998669684
native_fold,unique,3,PC3,y_true,pearson,fold_potency_charge,fold;prepared_formal_charge,668,5,-0.1655131785361851
native_fold,unique,3,PC3,y_true,pearson,fold_potency_charge_MW,fold;prepared_formal_charge;MW,668,6,-0.16489265877049405
native_fold,unique,3,PC3,y_true,spearman,none,,668,1,-0.14054109405340875
native_fold,unique,3,PC3,y_true,spearman,fold_potency_charge,fold;prepared_formal_charge,668,5,-0.08795405342797466
native_fold,unique,3,PC3,y_true,spearman,fold_potency_charge_MW,fold;prepared_formal_charge;MW,668,6,-0.06349861975502309
native_fold,unique,3,PC3,native_cached,pearson,none,,668,1,0.2039316179379376
native_fold,unique,3,PC3,native_cached,pearson,fold_potency_charge,fold;y_true;prepared_formal_charge,668,6,0.3518830941470644
native_fold,unique,3,PC3,native_cached,pearson,fold_potency_charge_MW,fold;y_true;prepared_formal_charge;MW,668,7,0.3659258672651257
native_fold,unique,3,PC3,native_cached,spearman,none,,668,1,0.290442008125123
native_fold,unique,3,PC3,native_cached,spearman,fold_potency_charge,fold;y_true;prepared_formal_charge,668,6,0.3984389776579086
native_fold,unique,3,PC3,native_cached,spearman,fold_potency_charge_MW,fold;y_true;prepared_formal_charge;MW,668,7,0.42812422650426973
native_fold,unique,3,PC4,MW,pearson,none,,668,1,-0.05990714002786557
native_fold,unique,3,PC4,MW,pearson,fold_potency_charge,fold;y_true;prepared_formal_charge,668,6,-0.006280456623769369
native_fold,unique,3,PC4,MW,pearson,fold_potency_charge_MW,fold;y_true;prepared_formal_charge,668,6,-0.006280456623769369
native_fold,unique,3,PC4,MW,spearman,none,,668,1,-0.13300037764080921
native_fold,unique,3,PC4,MW,spearman,fold_potency_charge,fold;y_true;prepared_formal_charge,668,6,-0.07514171182899987
native_fold,unique,3,PC4,MW,spearman,fold_potency_charge_MW,fold;y_true;prepared_formal_charge,668,6,-0.07514171182899987
native_fold,unique,3,PC4,heavy_atoms,pearson,none,,668,1,-0.038627479798742
native_fold,unique,3,PC4,heavy_atoms,pearson,fold_potency_charge,fold;y_true;prepared_formal_charge,668,6,0.019135290925154768
native_fold,unique,3,PC4,heavy_atoms,pearson,fold_potency_charge_MW,fold;y_true;prepared_formal_charge;MW,668,7,0.0753397410631778
native_fold,unique,3,PC4,heavy_atoms,spearman,none,,668,1,-0.13456941659379823
native_fold,unique,3,PC4,heavy_atoms,spearman,fold_potency_charge,fold;y_true;prepared_formal_charge,668,6,-0.07857955326478953
native_fold,unique,3,PC4,heavy_atoms,spearman,fold_potency_charge_MW,fold;y_true;prepared_formal_charge;MW,668,7,-0.02498544553591448
native_fold,unique,3,PC4,prepared_formal_charge,pearson,none,,668,1,-0.07876234582069191
native_fold,unique,3,PC4,prepared_formal_charge,pearson,fold_potency_charge,fold;y_true,668,2,-0.05394600240150812
native_fold,unique,3,PC4,prepared_formal_charge,pearson,fold_potency_charge_MW,fold;y_true;MW,668,3,-0.05589541168683561
native_fold,unique,3,PC4,prepared_formal_charge,spearman,none,,668,1,-0.06584105200264183
native_fold,unique,3,PC4,prepared_formal_charge,spearman,fold_potency_charge,fold;y_true,668,2,-0.04047417445285832
native_fold,unique,3,PC4,prepared_formal_charge,spearman,fold_potency_charge_MW,fold;y_true;MW,668,3,-0.029370571209084716
native_fold,unique,3,PC4,prepared_is_charged,pearson,none,,668,1,-0.05127168841668786
native_fold,unique,3,PC4,prepared_is_charged,pearson,fold_potency_charge,fold;y_true;prepared_formal_charge,668,6,
native_fold,unique,3,PC4,prepared_is_charged,pearson,fold_potency_charge_MW,fold;y_true;prepared_formal_charge;MW,668,7,
native_fold,unique,3,PC4,prepared_is_charged,spearman,none,,668,1,-0.0223846768434683
native_fold,unique,3,PC4,prepared_is_charged,spearman,fold_potency_charge,fold;y_true;prepared_formal_charge,668,6,-2.6569968486893816e-06
native_fold,unique,3,PC4,prepared_is_charged,spearman,fold_potency_charge_MW,fold;y_true;prepared_formal_charge;MW,668,7,0.004037292125815597
native_fold,unique,3,PC4,y_true,pearson,none,,668,1,-0.16913648840075993
native_fold,unique,3,PC4,y_true,pearson,fold_potency_charge,fold;prepared_formal_charge,668,5,-0.18734443401060807
native_fold,unique,3,PC4,y_true,pearson,fold_potency_charge_MW,fold;prepared_formal_charge;MW,668,6,-0.17697777490814703
native_fold,unique,3,PC4,y_true,spearman,none,,668,1,-0.188355344509934
native_fold,unique,3,PC4,y_true,spearman,fold_potency_charge,fold;prepared_formal_charge,668,5,-0.19823467913908435
native_fold,unique,3,PC4,y_true,spearman,fold_potency_charge_MW,fold;prepared_formal_charge;MW,668,6,-0.16716177006356872
native_fold,unique,3,PC4,native_cached,pearson,none,,668,1,-0.38562353502865254
native_fold,unique,3,PC4,native_cached,pearson,fold_potency_charge,fold;y_true;prepared_formal_charge,668,6,-0.37483963836905715
native_fold,unique,3,PC4,native_cached,pearson,fold_potency_charge_MW,fold;y_true;prepared_formal_charge;MW,668,7,-0.39664366671005613
native_fold,unique,3,PC4,native_cached,spearman,none,,668,1,-0.4616299835904126
native_fold,unique,3,PC4,native_cached,spearman,fold_potency_charge,fold;y_true;prepared_formal_charge,668,6,-0.4482134395210178
native_fold,unique,3,PC4,native_cached,spearman,fold_potency_charge_MW,fold;y_true;prepared_formal_charge;MW,668,7,-0.4444673927743854
native_fold,unique,3,PC5,MW,pearson,none,,668,1,0.1995048197500031
native_fold,unique,3,PC5,MW,pearson,fold_potency_charge,fold;y_true;prepared_formal_charge,668,6,0.14267039955097727
native_fold,unique,3,PC5,MW,pearson,fold_potency_charge_MW,fold;y_true;prepared_formal_charge,668,6,0.14267039955097727
native_fold,unique,3,PC5,MW,spearman,none,,668,1,0.11022894501539265
native_fold,unique,3,PC5,MW,spearman,fold_potency_charge,fold;y_true;prepared_formal_charge,668,6,0.0771320957371745
native_fold,unique,3,PC5,MW,spearman,fold_potency_charge_MW,fold;y_true;prepared_formal_charge,668,6,0.0771320957371745
native_fold,unique,3,PC5,heavy_atoms,pearson,none,,668,1,0.20813326622834963
native_fold,unique,3,PC5,heavy_atoms,pearson,fold_potency_charge,fold;y_true;prepared_formal_charge,668,6,0.15494656655363678
native_fold,unique,3,PC5,heavy_atoms,pearson,fold_potency_charge_MW,fold;y_true;prepared_formal_charge;MW,668,7,0.0619645547575822
native_fold,unique,3,PC5,heavy_atoms,spearman,none,,668,1,0.11171250702500066
native_fold,unique,3,PC5,heavy_atoms,spearman,fold_potency_charge,fold;y_true;prepared_formal_charge,668,6,0.0807807036960704
native_fold,unique,3,PC5,heavy_atoms,spearman,fold_potency_charge_MW,fold;y_true;prepared_formal_charge;MW,668,7,0.02593197601913646
native_fold,unique,3,PC5,prepared_formal_charge,pearson,none,,668,1,-0.019834620500746213
native_fold,unique,3,PC5,prepared_formal_charge,pearson,fold_potency_charge,fold;y_true,668,2,-0.046879223224268095
native_fold,unique,3,PC5,prepared_formal_charge,pearson,fold_potency_charge_MW,fold;y_true;MW,668,3,-0.07233540826813467
native_fold,unique,3,PC5,prepared_formal_charge,spearman,none,,668,1,-0.03370633553910533
native_fold,unique,3,PC5,prepared_formal_charge,spearman,fold_potency_charge,fold;y_true,668,2,-0.048313624378207805
native_fold,unique,3,PC5,prepared_formal_charge,spearman,fold_potency_charge_MW,fold;y_true;MW,668,3,-0.06294922401865907
native_fold,unique,3,PC5,prepared_is_charged,pearson,none,,668,1,-0.1102466803402449
native_fold,unique,3,PC5,prepared_is_charged,pearson,fold_potency_charge,fold;y_true;prepared_formal_charge,668,6,
native_fold,unique,3,PC5,prepared_is_charged,pearson,fold_potency_charge_MW,fold;y_true;prepared_formal_charge;MW,668,7,
native_fold,unique,3,PC5,prepared_is_charged,spearman,none,,668,1,-0.07847545615307316
native_fold,unique,3,PC5,prepared_is_charged,spearman,fold_potency_charge,fold;y_true;prepared_formal_charge,668,6,3.0526209270089214e-06
native_fold,unique,3,PC5,prepared_is_charged,spearman,fold_potency_charge_MW,fold;y_true;prepared_formal_charge;MW,668,7,0.0006679104290984703
native_fold,unique,3,PC5,y_true,pearson,none,,668,1,0.16651530489927097
native_fold,unique,3,PC5,y_true,pearson,fold_potency_charge,fold;prepared_formal_charge,668,5,0.1428137797174464
native_fold,unique,3,PC5,y_true,pearson,fold_potency_charge_MW,fold;prepared_formal_charge;MW,668,6,0.09471365812208653
native_fold,unique,3,PC5,y_true,spearman,none,,668,1,0.09880049459702717
native_fold,unique,3,PC5,y_true,spearman,fold_potency_charge,fold;prepared_formal_charge,668,5,0.08507756392730896
native_fold,unique,3,PC5,y_true,spearman,fold_potency_charge_MW,fold;prepared_formal_charge;MW,668,6,0.05740356164246877
native_fold,unique,3,PC5,native_cached,pearson,none,,668,1,0.44742416619249886
native_fold,unique,3,PC5,native_cached,pearson,fold_potency_charge,fold;y_true;prepared_formal_charge,668,6,0.41529391871023197
native_fold,unique,3,PC5,native_cached,pearson,fold_potency_charge_MW,fold;y_true;prepared_formal_charge;MW,668,7,0.39404968088271125
native_fold,unique,3,PC5,native_cached,spearman,none,,668,1,0.38166387121414724
native_fold,unique,3,PC5,native_cached,spearman,fold_potency_charge,fold;y_true;prepared_formal_charge,668,6,0.368011735603006
native_fold,unique,3,PC5,native_cached,spearman,fold_potency_charge_MW,fold;y_true;prepared_formal_charge;MW,668,7,0.3611264547140338
native_fold,unique,4,norm_l2,MW,pearson,none,,669,1,-0.48206800812777617
native_fold,unique,4,norm_l2,MW,pearson,fold_potency_charge,fold;y_true;prepared_formal_charge,669,6,-0.353908159759522
native_fold,unique,4,norm_l2,MW,pearson,fold_potency_charge_MW,fold;y_true;prepared_formal_charge,669,6,-0.353908159759522
native_fold,unique,4,norm_l2,MW,spearman,none,,669,1,-0.37770886510527635
native_fold,unique,4,norm_l2,MW,spearman,fold_potency_charge,fold;y_true;prepared_formal_charge,669,6,-0.25284041314816114
native_fold,unique,4,norm_l2,MW,spearman,fold_potency_charge_MW,fold;y_true;prepared_formal_charge,669,6,-0.25284041314816114
native_fold,unique,4,norm_l2,heavy_atoms,pearson,none,,669,1,-0.4753995075721052
native_fold,unique,4,norm_l2,heavy_atoms,pearson,fold_potency_charge,fold;y_true;prepared_formal_charge,669,6,-0.3534682001667049
native_fold,unique,4,norm_l2,heavy_atoms,pearson,fold_potency_charge_MW,fold;y_true;prepared_formal_charge;MW,669,7,-0.05104664762756237
native_fold,unique,4,norm_l2,heavy_atoms,spearman,none,,669,1,-0.35302693854666156
native_fold,unique,4,norm_l2,heavy_atoms,spearman,fold_potency_charge,fold;y_true;prepared_formal_charge,669,6,-0.2360778192691897
native_fold,unique,4,norm_l2,heavy_atoms,spearman,fold_potency_charge_MW,fold;y_true;prepared_formal_charge;MW,669,7,-0.02744157205540869
native_fold,unique,4,norm_l2,prepared_formal_charge,pearson,none,,669,1,0.17011453611998448
native_fold,unique,4,norm_l2,prepared_formal_charge,pearson,fold_potency_charge,fold;y_true,669,2,0.15318377327272423
native_fold,unique,4,norm_l2,prepared_formal_charge,pearson,fold_potency_charge_MW,fold;y_true;MW,669,3,0.21305937626735058
native_fold,unique,4,norm_l2,prepared_formal_charge,spearman,none,,669,1,0.20928205847521392
native_fold,unique,4,norm_l2,prepared_formal_charge,spearman,fold_potency_charge,fold;y_true,669,2,0.19561906926462935
native_fold,unique,4,norm_l2,prepared_formal_charge,spearman,fold_potency_charge_MW,fold;y_true;MW,669,3,0.22831637414254066
native_fold,unique,4,norm_l2,prepared_is_charged,pearson,none,,669,1,0.4400449798054491
native_fold,unique,4,norm_l2,prepared_is_charged,pearson,fold_potency_charge,fold;y_true;prepared_formal_charge,669,6,
native_fold,unique,4,norm_l2,prepared_is_charged,pearson,fold_potency_charge_MW,fold;y_true;prepared_formal_charge;MW,669,7,
native_fold,unique,4,norm_l2,prepared_is_charged,spearman,none,,669,1,0.40160136743413594
native_fold,unique,4,norm_l2,prepared_is_charged,spearman,fold_potency_charge,fold;y_true;prepared_formal_charge,669,6,-9.704407254625111e-06
native_fold,unique,4,norm_l2,prepared_is_charged,spearman,fold_potency_charge_MW,fold;y_true;prepared_formal_charge;MW,669,7,-0.00019973248789699783
native_fold,unique,4,norm_l2,y_true,pearson,none,,669,1,-0.4657130831126503
native_fold,unique,4,norm_l2,y_true,pearson,fold_potency_charge,fold;prepared_formal_charge,669,5,-0.35443628411843586
native_fold,unique,4,norm_l2,y_true,pearson,fold_potency_charge_MW,fold;prepared_formal_charge;MW,669,6,-0.26067209195618574
native_fold,unique,4,norm_l2,y_true,spearman,none,,669,1,-0.4656881656054376
native_fold,unique,4,norm_l2,y_true,spearman,fold_potency_charge,fold;prepared_formal_charge,669,5,-0.3812849185891
native_fold,unique,4,norm_l2,y_true,spearman,fold_potency_charge_MW,fold;prepared_formal_charge;MW,669,6,-0.3190692341534156
native_fold,unique,4,norm_l2,native_cached,pearson,none,,669,1,-0.422588021329812
native_fold,unique,4,norm_l2,native_cached,pearson,fold_potency_charge,fold;y_true;prepared_formal_charge,669,6,-0.2836745018020664
native_fold,unique,4,norm_l2,native_cached,pearson,fold_potency_charge_MW,fold;y_true;prepared_formal_charge;MW,669,7,-0.17397725852053575
native_fold,unique,4,norm_l2,native_cached,spearman,none,,669,1,-0.5606015196699834
native_fold,unique,4,norm_l2,native_cached,spearman,fold_potency_charge,fold;y_true;prepared_formal_charge,669,6,-0.45557554667479944
native_fold,unique,4,norm_l2,native_cached,spearman,fold_potency_charge_MW,fold;y_true;prepared_formal_charge;MW,669,7,-0.40908658333225384
native_fold,unique,4,centered_norm_l2,MW,pearson,none,,669,1,-0.38277801582160187
native_fold,unique,4,centered_norm_l2,MW,pearson,fold_potency_charge,fold;y_true;prepared_formal_charge,669,6,-0.2596278278289928
native_fold,unique,4,centered_norm_l2,MW,pearson,fold_potency_charge_MW,fold;y_true;prepared_formal_charge,669,6,-0.2596278278289928
native_fold,unique,4,centered_norm_l2,MW,spearman,none,,669,1,-0.1910723984006372
native_fold,unique,4,centered_norm_l2,MW,spearman,fold_potency_charge,fold;y_true;prepared_formal_charge,669,6,-0.09707986093415863
native_fold,unique,4,centered_norm_l2,MW,spearman,fold_potency_charge_MW,fold;y_true;prepared_formal_charge,669,6,-0.09707986093415863
native_fold,unique,4,centered_norm_l2,heavy_atoms,pearson,none,,669,1,-0.38029639966084255
native_fold,unique,4,centered_norm_l2,heavy_atoms,pearson,fold_potency_charge,fold;y_true;prepared_formal_charge,669,6,-0.26255962655752024
native_fold,unique,4,centered_norm_l2,heavy_atoms,pearson,fold_potency_charge_MW,fold;y_true;prepared_formal_charge;MW,669,7,-0.048586911910237986
native_fold,unique,4,centered_norm_l2,heavy_atoms,spearman,none,,669,1,-0.19225306853432586
native_fold,unique,4,centered_norm_l2,heavy_atoms,spearman,fold_potency_charge,fold;y_true;prepared_formal_charge,669,6,-0.10543757510893007
native_fold,unique,4,centered_norm_l2,heavy_atoms,spearman,fold_potency_charge_MW,fold;y_true;prepared_formal_charge;MW,669,7,-0.042137065078626794
native_fold,unique,4,centered_norm_l2,prepared_formal_charge,pearson,none,,669,1,0.11691438206774013
native_fold,unique,4,centered_norm_l2,prepared_formal_charge,pearson,fold_potency_charge,fold;y_true,669,2,0.09739040109661812
native_fold,unique,4,centered_norm_l2,prepared_formal_charge,pearson,fold_potency_charge_MW,fold;y_true;MW,669,3,0.13821927193927291
native_fold,unique,4,centered_norm_l2,prepared_formal_charge,spearman,none,,669,1,0.11984763894161554
native_fold,unique,4,centered_norm_l2,prepared_formal_charge,spearman,fold_potency_charge,fold;y_true,669,2,0.10480108733659683
native_fold,unique,4,centered_norm_l2,prepared_formal_charge,spearman,fold_potency_charge_MW,fold;y_true;MW,669,3,0.11736789768581861
native_fold,unique,4,centered_norm_l2,prepared_is_charged,pearson,none,,669,1,0.37790569136031976
native_fold,unique,4,centered_norm_l2,prepared_is_charged,pearson,fold_potency_charge,fold;y_true;prepared_formal_charge,669,6,
native_fold,unique,4,centered_norm_l2,prepared_is_charged,pearson,fold_potency_charge_MW,fold;y_true;prepared_formal_charge;MW,669,7,
native_fold,unique,4,centered_norm_l2,prepared_is_charged,spearman,none,,669,1,0.2922911001427352
native_fold,unique,4,centered_norm_l2,prepared_is_charged,spearman,fold_potency_charge,fold;y_true;prepared_formal_charge,669,6,-4.943563493500422e-06
native_fold,unique,4,centered_norm_l2,prepared_is_charged,spearman,fold_potency_charge_MW,fold;y_true;prepared_formal_charge;MW,669,7,0.0002585688433542068
native_fold,unique,4,centered_norm_l2,y_true,pearson,none,,669,1,-0.34192418200875396
native_fold,unique,4,centered_norm_l2,y_true,pearson,fold_potency_charge,fold;prepared_formal_charge,669,5,-0.21705257753372667
native_fold,unique,4,centered_norm_l2,y_true,pearson,fold_potency_charge_MW,fold;prepared_formal_charge;MW,669,6,-0.1356475277328311
native_fold,unique,4,centered_norm_l2,y_true,spearman,none,,669,1,-0.23081022632837353
native_fold,unique,4,centered_norm_l2,y_true,spearman,fold_potency_charge,fold;prepared_formal_charge,669,5,-0.13758939933985193
native_fold,unique,4,centered_norm_l2,y_true,spearman,fold_potency_charge_MW,fold;prepared_formal_charge;MW,669,6,-0.1062845451217859
native_fold,unique,4,centered_norm_l2,native_cached,pearson,none,,669,1,-0.12288307142434308
native_fold,unique,4,centered_norm_l2,native_cached,pearson,fold_potency_charge,fold;y_true;prepared_formal_charge,669,6,0.03760718724848394
native_fold,unique,4,centered_norm_l2,native_cached,pearson,fold_potency_charge_MW,fold;y_true;prepared_formal_charge;MW,669,7,0.15090514260012758
native_fold,unique,4,centered_norm_l2,native_cached,spearman,none,,669,1,-0.02187550472978145
native_fold,unique,4,centered_norm_l2,native_cached,spearman,fold_potency_charge,fold;y_true;prepared_formal_charge,669,6,0.1058293741781403
native_fold,unique,4,centered_norm_l2,native_cached,spearman,fold_potency_charge_MW,fold;y_true;prepared_formal_charge;MW,669,7,0.1447711694528497
native_fold,unique,4,member1_norm_l2,MW,pearson,none,,669,1,-0.47872961033786715
native_fold,unique,4,member1_norm_l2,MW,pearson,fold_potency_charge,fold;y_true;prepared_formal_charge,669,6,-0.3519110560911255
native_fold,unique,4,member1_norm_l2,MW,pearson,fold_potency_charge_MW,fold;y_true;prepared_formal_charge,669,6,-0.3519110560911255
native_fold,unique,4,member1_norm_l2,MW,spearman,none,,669,1,-0.3758957051271528
native_fold,unique,4,member1_norm_l2,MW,spearman,fold_potency_charge,fold;y_true;prepared_formal_charge,669,6,-0.25108208442518837
native_fold,unique,4,member1_norm_l2,MW,spearman,fold_potency_charge_MW,fold;y_true;prepared_formal_charge,669,6,-0.25108208442518837
native_fold,unique,4,member1_norm_l2,heavy_atoms,pearson,none,,669,1,-0.471794313601701
native_fold,unique,4,member1_norm_l2,heavy_atoms,pearson,fold_potency_charge,fold;y_true;prepared_formal_charge,669,6,-0.350856948922809
native_fold,unique,4,member1_norm_l2,heavy_atoms,pearson,fold_potency_charge_MW,fold;y_true;prepared_formal_charge;MW,669,7,-0.0483097191388445
native_fold,unique,4,member1_norm_l2,heavy_atoms,spearman,none,,669,1,-0.348808307891278
native_fold,unique,4,member1_norm_l2,heavy_atoms,spearman,fold_potency_charge,fold;y_true;prepared_formal_charge,669,6,-0.23092923948924138
native_fold,unique,4,member1_norm_l2,heavy_atoms,spearman,fold_potency_charge_MW,fold;y_true;prepared_formal_charge;MW,669,7,-0.019464020306380243
native_fold,unique,4,member1_norm_l2,prepared_formal_charge,pearson,none,,669,1,0.16276027651498026
native_fold,unique,4,member1_norm_l2,prepared_formal_charge,pearson,fold_potency_charge,fold;y_true,669,2,0.14485897835012856
native_fold,unique,4,member1_norm_l2,prepared_formal_charge,pearson,fold_potency_charge_MW,fold;y_true;MW,669,3,0.20401923197544153
native_fold,unique,4,member1_norm_l2,prepared_formal_charge,spearman,none,,669,1,0.2039665755021955
native_fold,unique,4,member1_norm_l2,prepared_formal_charge,spearman,fold_potency_charge,fold;y_true,669,2,0.18938578591901403
native_fold,unique,4,member1_norm_l2,prepared_formal_charge,spearman,fold_potency_charge_MW,fold;y_true;MW,669,3,0.22189947698548212
native_fold,unique,4,member1_norm_l2,prepared_is_charged,pearson,none,,669,1,0.4354961636599849
native_fold,unique,4,member1_norm_l2,prepared_is_charged,pearson,fold_potency_charge,fold;y_true;prepared_formal_charge,669,6,
native_fold,unique,4,member1_norm_l2,prepared_is_charged,pearson,fold_potency_charge_MW,fold;y_true;prepared_formal_charge;MW,669,7,
native_fold,unique,4,member1_norm_l2,prepared_is_charged,spearman,none,,669,1,0.4050552682409128
native_fold,unique,4,member1_norm_l2,prepared_is_charged,spearman,fold_potency_charge,fold;y_true;prepared_formal_charge,669,6,-8.829574916774823e-06
native_fold,unique,4,member1_norm_l2,prepared_is_charged,spearman,fold_potency_charge_MW,fold;y_true;prepared_formal_charge;MW,669,7,-0.00016306061126545514
native_fold,unique,4,member1_norm_l2,y_true,pearson,none,,669,1,-0.45079352674813095
native_fold,unique,4,member1_norm_l2,y_true,pearson,fold_potency_charge,fold;prepared_formal_charge,669,5,-0.33492660870387536
native_fold,unique,4,member1_norm_l2,y_true,pearson,fold_potency_charge_MW,fold;prepared_formal_charge;MW,669,6,-0.2392925653496382
native_fold,unique,4,member1_norm_l2,y_true,spearman,none,,669,1,-0.45614807338861196
native_fold,unique,4,member1_norm_l2,y_true,spearman,fold_potency_charge,fold;prepared_formal_charge,669,5,-0.3670296392813918
native_fold,unique,4,member1_norm_l2,y_true,spearman,fold_potency_charge_MW,fold;prepared_formal_charge;MW,669,6,-0.3041505746318612
native_fold,unique,4,member1_norm_l2,native_cached,pearson,none,,669,1,-0.3610717146027005
native_fold,unique,4,member1_norm_l2,native_cached,pearson,fold_potency_charge,fold;y_true;prepared_formal_charge,669,6,-0.20998059268167638
native_fold,unique,4,member1_norm_l2,native_cached,pearson,fold_potency_charge_MW,fold;y_true;prepared_formal_charge;MW,669,7,-0.08975889087850367
native_fold,unique,4,member1_norm_l2,native_cached,spearman,none,,669,1,-0.48162424899214357
native_fold,unique,4,member1_norm_l2,native_cached,spearman,fold_potency_charge,fold;y_true;prepared_formal_charge,669,6,-0.3570333478582737
native_fold,unique,4,member1_norm_l2,native_cached,spearman,fold_potency_charge_MW,fold;y_true;prepared_formal_charge;MW,669,7,-0.30214800005119835
native_fold,unique,4,member2_norm_l2,MW,pearson,none,,669,1,-0.3245288627322922
native_fold,unique,4,member2_norm_l2,MW,pearson,fold_potency_charge,fold;y_true;prepared_formal_charge,669,6,-0.20379695227341899
native_fold,unique,4,member2_norm_l2,MW,pearson,fold_potency_charge_MW,fold;y_true;prepared_formal_charge,669,6,-0.20379695227341899
native_fold,unique,4,member2_norm_l2,MW,spearman,none,,669,1,-0.28558239538328056
native_fold,unique,4,member2_norm_l2,MW,spearman,fold_potency_charge,fold;y_true;prepared_formal_charge,669,6,-0.18302377464452824
native_fold,unique,4,member2_norm_l2,MW,spearman,fold_potency_charge_MW,fold;y_true;prepared_formal_charge,669,6,-0.18302377464452824
native_fold,unique,4,member2_norm_l2,heavy_atoms,pearson,none,,669,1,-0.3227133601044852
native_fold,unique,4,member2_norm_l2,heavy_atoms,pearson,fold_potency_charge,fold;y_true;prepared_formal_charge,669,6,-0.20752967698435373
native_fold,unique,4,member2_norm_l2,heavy_atoms,pearson,fold_potency_charge_MW,fold;y_true;prepared_formal_charge;MW,669,7,-0.04296475562228567
native_fold,unique,4,member2_norm_l2,heavy_atoms,spearman,none,,669,1,-0.275697049469352
native_fold,unique,4,member2_norm_l2,heavy_atoms,spearman,fold_potency_charge,fold;y_true;prepared_formal_charge,669,6,-0.18181587687241843
native_fold,unique,4,member2_norm_l2,heavy_atoms,spearman,fold_potency_charge_MW,fold;y_true;prepared_formal_charge;MW,669,7,-0.043396435634380226
native_fold,unique,4,member2_norm_l2,prepared_formal_charge,pearson,none,,669,1,0.1372045684374971
native_fold,unique,4,member2_norm_l2,prepared_formal_charge,pearson,fold_potency_charge,fold;y_true,669,2,0.11817885670964554
native_fold,unique,4,member2_norm_l2,prepared_formal_charge,pearson,fold_potency_charge_MW,fold;y_true;MW,669,3,0.14740391343127474
native_fold,unique,4,member2_norm_l2,prepared_formal_charge,spearman,none,,669,1,0.16024346610443216
native_fold,unique,4,member2_norm_l2,prepared_formal_charge,spearman,fold_potency_charge,fold;y_true,669,2,0.1420320883361445
native_fold,unique,4,member2_norm_l2,prepared_formal_charge,spearman,fold_potency_charge_MW,fold;y_true;MW,669,3,0.1627236876365853
native_fold,unique,4,member2_norm_l2,prepared_is_charged,pearson,none,,669,1,0.29394858759825687
native_fold,unique,4,member2_norm_l2,prepared_is_charged,pearson,fold_potency_charge,fold;y_true;prepared_formal_charge,669,6,
native_fold,unique,4,member2_norm_l2,prepared_is_charged,pearson,fold_potency_charge_MW,fold;y_true;prepared_formal_charge;MW,669,7,
native_fold,unique,4,member2_norm_l2,prepared_is_charged,spearman,none,,669,1,0.2737311276755494
native_fold,unique,4,member2_norm_l2,prepared_is_charged,spearman,fold_potency_charge,fold;y_true;prepared_formal_charge,669,6,-5.797766416457636e-06
native_fold,unique,4,member2_norm_l2,prepared_is_charged,spearman,fold_potency_charge_MW,fold;y_true;prepared_formal_charge;MW,669,7,-0.000574212487603703
native_fold,unique,4,member2_norm_l2,y_true,pearson,none,,669,1,-0.3687191898212087
native_fold,unique,4,member2_norm_l2,y_true,pearson,fold_potency_charge,fold;prepared_formal_charge,669,5,-0.30443937565770524
native_fold,unique,4,member2_norm_l2,y_true,pearson,fold_potency_charge_MW,fold;prepared_formal_charge;MW,669,6,-0.23986805334477854
native_fold,unique,4,member2_norm_l2,y_true,spearman,none,,669,1,-0.3507819278124927
native_fold,unique,4,member2_norm_l2,y_true,spearman,fold_potency_charge,fold;prepared_formal_charge,669,5,-0.2951777209803221
native_fold,unique,4,member2_norm_l2,y_true,spearman,fold_potency_charge_MW,fold;prepared_formal_charge;MW,669,6,-0.24252214583571327
native_fold,unique,4,member2_norm_l2,native_cached,pearson,none,,669,1,-0.6487383367391208
native_fold,unique,4,member2_norm_l2,native_cached,pearson,fold_potency_charge,fold;y_true;prepared_formal_charge,669,6,-0.5827971827718271
native_fold,unique,4,member2_norm_l2,native_cached,pearson,fold_potency_charge_MW,fold;y_true;prepared_formal_charge;MW,669,7,-0.557952068689399
native_fold,unique,4,member2_norm_l2,native_cached,spearman,none,,669,1,-0.7260462409629572
native_fold,unique,4,member2_norm_l2,native_cached,spearman,fold_potency_charge,fold;y_true;prepared_formal_charge,669,6,-0.6755229019463781
native_fold,unique,4,member2_norm_l2,native_cached,spearman,fold_potency_charge_MW,fold;y_true;prepared_formal_charge;MW,669,7,-0.6622838514283482
native_fold,unique,4,PC1,MW,pearson,none,,669,1,-0.3917836852903684
native_fold,unique,4,PC1,MW,pearson,fold_potency_charge,fold;y_true;prepared_formal_charge,669,6,-0.27636156585777283
native_fold,unique,4,PC1,MW,pearson,fold_potency_charge_MW,fold;y_true;prepared_formal_charge,669,6,-0.27636156585777283
native_fold,unique,4,PC1,MW,spearman,none,,669,1,-0.23123578960014285
native_fold,unique,4,PC1,MW,spearman,fold_potency_charge,fold;y_true;prepared_formal_charge,669,6,-0.12048681374460972
native_fold,unique,4,PC1,MW,spearman,fold_potency_charge_MW,fold;y_true;prepared_formal_charge,669,6,-0.12048681374460972
native_fold,unique,4,PC1,heavy_atoms,pearson,none,,669,1,-0.3895764134285434
native_fold,unique,4,PC1,heavy_atoms,pearson,fold_potency_charge,fold;y_true;prepared_formal_charge,669,6,-0.28135989050677773
native_fold,unique,4,PC1,heavy_atoms,pearson,fold_potency_charge_MW,fold;y_true;prepared_formal_charge;MW,669,7,-0.0591102330265943
native_fold,unique,4,PC1,heavy_atoms,spearman,none,,669,1,-0.219542017530624
native_fold,unique,4,PC1,heavy_atoms,spearman,fold_potency_charge,fold;y_true;prepared_formal_charge,669,6,-0.11815001206630081
native_fold,unique,4,PC1,heavy_atoms,spearman,fold_potency_charge_MW,fold;y_true;prepared_formal_charge;MW,669,7,-0.024959718126177574
native_fold,unique,4,PC1,prepared_formal_charge,pearson,none,,669,1,0.21408610277758797
native_fold,unique,4,PC1,prepared_formal_charge,pearson,fold_potency_charge,fold;y_true,669,2,0.20140855522660503
native_fold,unique,4,PC1,prepared_formal_charge,pearson,fold_potency_charge_MW,fold;y_true;MW,669,3,0.2458072942168793
native_fold,unique,4,PC1,prepared_formal_charge,spearman,none,,669,1,0.23294327083151403
native_fold,unique,4,PC1,prepared_formal_charge,spearman,fold_potency_charge,fold;y_true,669,2,0.21993728106846366
native_fold,unique,4,PC1,prepared_formal_charge,spearman,fold_potency_charge_MW,fold;y_true;MW,669,3,0.23387276856947875
native_fold,unique,4,PC1,prepared_is_charged,pearson,none,,669,1,0.4311061438110131
native_fold,unique,4,PC1,prepared_is_charged,pearson,fold_potency_charge,fold;y_true;prepared_formal_charge,669,6,
native_fold,unique,4,PC1,prepared_is_charged,pearson,fold_potency_charge_MW,fold;y_true;prepared_formal_charge;MW,669,7,
native_fold,unique,4,PC1,prepared_is_charged,spearman,none,,669,1,0.3559225803906635
native_fold,unique,4,PC1,prepared_is_charged,spearman,fold_potency_charge,fold;y_true;prepared_formal_charge,669,6,-7.857347318952609e-07
native_fold,unique,4,PC1,prepared_is_charged,spearman,fold_potency_charge_MW,fold;y_true;prepared_formal_charge;MW,669,7,-0.00034538058734353536
native_fold,unique,4,PC1,y_true,pearson,none,,669,1,-0.3997222485153138
native_fold,unique,4,PC1,y_true,pearson,fold_potency_charge,fold;prepared_formal_charge,669,5,-0.2862824053337089
native_fold,unique,4,PC1,y_true,pearson,fold_potency_charge_MW,fold;prepared_formal_charge;MW,669,6,-0.203605927756232
native_fold,unique,4,PC1,y_true,spearman,none,,669,1,-0.3574676793934896
native_fold,unique,4,PC1,y_true,spearman,fold_potency_charge,fold;prepared_formal_charge,669,5,-0.2767778770569148
native_fold,unique,4,PC1,y_true,spearman,fold_potency_charge_MW,fold;prepared_formal_charge;MW,669,6,-0.23784630367383974
native_fold,unique,4,PC1,native_cached,pearson,none,,669,1,-0.5677048991757099
native_fold,unique,4,PC1,native_cached,pearson,fold_potency_charge,fold;y_true;prepared_formal_charge,669,6,-0.4844777574112614
native_fold,unique,4,PC1,native_cached,pearson,fold_potency_charge_MW,fold;y_true;prepared_formal_charge;MW,669,7,-0.4274206773813994
native_fold,unique,4,PC1,native_cached,spearman,none,,669,1,-0.6555374492965745
native_fold,unique,4,PC1,native_cached,spearman,fold_potency_charge,fold;y_true;prepared_formal_charge,669,6,-0.5949591467460985
native_fold,unique,4,PC1,native_cached,spearman,fold_potency_charge_MW,fold;y_true;prepared_formal_charge;MW,669,7,-0.5913782644712179
native_fold,unique,4,PC2,MW,pearson,none,,669,1,0.12224100349287381
native_fold,unique,4,PC2,MW,pearson,fold_potency_charge,fold;y_true;prepared_formal_charge,669,6,0.057441301203142336
native_fold,unique,4,PC2,MW,pearson,fold_potency_charge_MW,fold;y_true;prepared_formal_charge,669,6,0.057441301203142336
native_fold,unique,4,PC2,MW,spearman,none,,669,1,0.16935161074953048
native_fold,unique,4,PC2,MW,spearman,fold_potency_charge,fold;y_true;prepared_formal_charge,669,6,0.08206742282569761
native_fold,unique,4,PC2,MW,spearman,fold_potency_charge_MW,fold;y_true;prepared_formal_charge,669,6,0.08206742282569761
native_fold,unique,4,PC2,heavy_atoms,pearson,none,,669,1,0.12182826564356113
native_fold,unique,4,PC2,heavy_atoms,pearson,fold_potency_charge,fold;y_true;prepared_formal_charge,669,6,0.06060814184359649
native_fold,unique,4,PC2,heavy_atoms,pearson,fold_potency_charge_MW,fold;y_true;prepared_formal_charge;MW,669,7,0.019618229463065583
native_fold,unique,4,PC2,heavy_atoms,spearman,none,,669,1,0.16000341587221628
native_fold,unique,4,PC2,heavy_atoms,spearman,fold_potency_charge,fold;y_true;prepared_formal_charge,669,6,0.08064512923521844
native_fold,unique,4,PC2,heavy_atoms,spearman,fold_potency_charge_MW,fold;y_true;prepared_formal_charge;MW,669,7,0.017298804344894867
native_fold,unique,4,PC2,prepared_formal_charge,pearson,none,,669,1,-0.12920564177513472
native_fold,unique,4,PC2,prepared_formal_charge,pearson,fold_potency_charge,fold;y_true,669,2,-0.1167785859292584
native_fold,unique,4,PC2,prepared_formal_charge,pearson,fold_potency_charge_MW,fold;y_true;MW,669,3,-0.12343884861542066
native_fold,unique,4,PC2,prepared_formal_charge,spearman,none,,669,1,-0.18140646150179923
native_fold,unique,4,PC2,prepared_formal_charge,spearman,fold_potency_charge,fold;y_true,669,2,-0.16615921034789977
native_fold,unique,4,PC2,prepared_formal_charge,spearman,fold_potency_charge_MW,fold;y_true;MW,669,3,-0.17436618151519992
native_fold,unique,4,PC2,prepared_is_charged,pearson,none,,669,1,-0.1747750147125786
native_fold,unique,4,PC2,prepared_is_charged,pearson,fold_potency_charge,fold;y_true;prepared_formal_charge,669,6,
native_fold,unique,4,PC2,prepared_is_charged,pearson,fold_potency_charge_MW,fold;y_true;prepared_formal_charge;MW,669,7,
native_fold,unique,4,PC2,prepared_is_charged,spearman,none,,669,1,-0.24251317807583514
native_fold,unique,4,PC2,prepared_is_charged,spearman,fold_potency_charge,fold;y_true;prepared_formal_charge,669,6,6.689925480173239e-07
native_fold,unique,4,PC2,prepared_is_charged,spearman,fold_potency_charge_MW,fold;y_true;prepared_formal_charge;MW,669,7,0.0002830493742579793
native_fold,unique,4,PC2,y_true,pearson,none,,669,1,0.202043964871113
native_fold,unique,4,PC2,y_true,pearson,fold_potency_charge,fold;prepared_formal_charge,669,5,0.17134303754687125
native_fold,unique,4,PC2,y_true,pearson,fold_potency_charge_MW,fold;prepared_formal_charge;MW,669,6,0.14663008449226123
native_fold,unique,4,PC2,y_true,spearman,none,,669,1,0.2908138017246152
native_fold,unique,4,PC2,y_true,spearman,fold_potency_charge,fold;prepared_formal_charge,669,5,0.24315452080743968
native_fold,unique,4,PC2,y_true,spearman,fold_potency_charge_MW,fold;prepared_formal_charge;MW,669,6,0.21360368637417154
native_fold,unique,4,PC2,native_cached,pearson,none,,669,1,0.6346440463098004
native_fold,unique,4,PC2,native_cached,pearson,fold_potency_charge,fold;y_true;prepared_formal_charge,669,6,0.6086761719385229
native_fold,unique,4,PC2,native_cached,pearson,fold_potency_charge_MW,fold;y_true;prepared_formal_charge;MW,669,7,0.634488770758509
native_fold,unique,4,PC2,native_cached,spearman,none,,669,1,0.6701369097692441
native_fold,unique,4,PC2,native_cached,spearman,fold_potency_charge,fold;y_true;prepared_formal_charge,669,6,0.6243162282632314
native_fold,unique,4,PC2,native_cached,spearman,fold_potency_charge_MW,fold;y_true;prepared_formal_charge;MW,669,7,0.6330202651266434
native_fold,unique,4,PC3,MW,pearson,none,,669,1,-0.2298724320091843
native_fold,unique,4,PC3,MW,pearson,fold_potency_charge,fold;y_true;prepared_formal_charge,669,6,-0.0994605392954591
native_fold,unique,4,PC3,MW,pearson,fold_potency_charge_MW,fold;y_true;prepared_formal_charge,669,6,-0.0994605392954591
native_fold,unique,4,PC3,MW,spearman,none,,669,1,-0.17175708060844114
native_fold,unique,4,PC3,MW,spearman,fold_potency_charge,fold;y_true;prepared_formal_charge,669,6,-0.08770193835716641
native_fold,unique,4,PC3,MW,spearman,fold_potency_charge_MW,fold;y_true;prepared_formal_charge,669,6,-0.08770193835716641
native_fold,unique,4,PC3,heavy_atoms,pearson,none,,669,1,-0.23858823085475298
native_fold,unique,4,PC3,heavy_atoms,pearson,fold_potency_charge,fold;y_true;prepared_formal_charge,669,6,-0.11397737771635467
native_fold,unique,4,PC3,heavy_atoms,pearson,fold_potency_charge_MW,fold;y_true;prepared_formal_charge;MW,669,7,-0.0672668711086688
native_fold,unique,4,PC3,heavy_atoms,spearman,none,,669,1,-0.20790537218733954
native_fold,unique,4,PC3,heavy_atoms,spearman,fold_potency_charge,fold;y_true;prepared_formal_charge,669,6,-0.134159867664213
native_fold,unique,4,PC3,heavy_atoms,spearman,fold_potency_charge_MW,fold;y_true;prepared_formal_charge;MW,669,7,-0.12184258406417668
native_fold,unique,4,PC3,prepared_formal_charge,pearson,none,,669,1,-0.026203958281272144
native_fold,unique,4,PC3,prepared_formal_charge,pearson,fold_potency_charge,fold;y_true,669,2,-0.04788752602839057
native_fold,unique,4,PC3,prepared_formal_charge,pearson,fold_potency_charge_MW,fold;y_true;MW,669,3,-0.031597650767856
native_fold,unique,4,PC3,prepared_formal_charge,spearman,none,,669,1,0.021183628307374296
native_fold,unique,4,PC3,prepared_formal_charge,spearman,fold_potency_charge,fold;y_true,669,2,0.005123871189336441
native_fold,unique,4,PC3,prepared_formal_charge,spearman,fold_potency_charge_MW,fold;y_true;MW,669,3,0.015371284385453193
native_fold,unique,4,PC3,prepared_is_charged,pearson,none,,669,1,0.21657326409976593
native_fold,unique,4,PC3,prepared_is_charged,pearson,fold_potency_charge,fold;y_true;prepared_formal_charge,669,6,
native_fold,unique,4,PC3,prepared_is_charged,pearson,fold_potency_charge_MW,fold;y_true;prepared_formal_charge;MW,669,7,
native_fold,unique,4,PC3,prepared_is_charged,spearman,none,,669,1,0.17565552674465373
native_fold,unique,4,PC3,prepared_is_charged,spearman,fold_potency_charge,fold;y_true;prepared_formal_charge,669,6,-5.561015877994952e-06
native_fold,unique,4,PC3,prepared_is_charged,spearman,fold_potency_charge_MW,fold;y_true;prepared_formal_charge;MW,669,7,0.0005352521069128425
native_fold,unique,4,PC3,y_true,pearson,none,,669,1,-0.2645522593987163
native_fold,unique,4,PC3,y_true,pearson,fold_potency_charge,fold;prepared_formal_charge,669,5,-0.18334000249356835
native_fold,unique,4,PC3,y_true,pearson,fold_potency_charge_MW,fold;prepared_formal_charge;MW,669,6,-0.14625230414895798
native_fold,unique,4,PC3,y_true,spearman,none,,669,1,-0.20532251428055912
native_fold,unique,4,PC3,y_true,spearman,fold_potency_charge,fold;prepared_formal_charge,669,5,-0.1464026976378618
native_fold,unique,4,PC3,y_true,spearman,fold_potency_charge_MW,fold;prepared_formal_charge;MW,669,6,-0.11736248538596748
native_fold,unique,4,PC3,native_cached,pearson,none,,669,1,0.245035333395929
native_fold,unique,4,PC3,native_cached,pearson,fold_potency_charge,fold;y_true;prepared_formal_charge,669,6,0.40827828074835465
native_fold,unique,4,PC3,native_cached,pearson,fold_potency_charge_MW,fold;y_true;prepared_formal_charge;MW,669,7,0.48317497241188095
native_fold,unique,4,PC3,native_cached,spearman,none,,669,1,0.24066698274690826
native_fold,unique,4,PC3,native_cached,spearman,fold_potency_charge,fold;y_true;prepared_formal_charge,669,6,0.37110514279019885
native_fold,unique,4,PC3,native_cached,spearman,fold_potency_charge_MW,fold;y_true;prepared_formal_charge;MW,669,7,0.42231301766418367
native_fold,unique,4,PC4,MW,pearson,none,,669,1,-0.12989148205114415
native_fold,unique,4,PC4,MW,pearson,fold_potency_charge,fold;y_true;prepared_formal_charge,669,6,-0.08559997929180689
native_fold,unique,4,PC4,MW,pearson,fold_potency_charge_MW,fold;y_true;prepared_formal_charge,669,6,-0.08559997929180689
native_fold,unique,4,PC4,MW,spearman,none,,669,1,-0.11641003261682198
native_fold,unique,4,PC4,MW,spearman,fold_potency_charge,fold;y_true;prepared_formal_charge,669,6,-0.07470555113490125
native_fold,unique,4,PC4,MW,spearman,fold_potency_charge_MW,fold;y_true;prepared_formal_charge,669,6,-0.07470555113490125
native_fold,unique,4,PC4,heavy_atoms,pearson,none,,669,1,-0.12156031841399884
native_fold,unique,4,PC4,heavy_atoms,pearson,fold_potency_charge,fold;y_true;prepared_formal_charge,669,6,-0.07746279938871875
native_fold,unique,4,PC4,heavy_atoms,pearson,fold_potency_charge_MW,fold;y_true;prepared_formal_charge;MW,669,7,0.01787315546247229
native_fold,unique,4,PC4,heavy_atoms,spearman,none,,669,1,-0.09854141439408261
native_fold,unique,4,PC4,heavy_atoms,spearman,fold_potency_charge,fold;y_true;prepared_formal_charge,669,6,-0.05968762837068653
native_fold,unique,4,PC4,heavy_atoms,spearman,fold_potency_charge_MW,fold;y_true;prepared_formal_charge;MW,669,7,0.01379136150827785
native_fold,unique,4,PC4,prepared_formal_charge,pearson,none,,669,1,0.0367702483381973
native_fold,unique,4,PC4,prepared_formal_charge,pearson,fold_potency_charge,fold;y_true,669,2,0.025647871496807254
native_fold,unique,4,PC4,prepared_formal_charge,pearson,fold_potency_charge_MW,fold;y_true;MW,669,3,0.03508679080744891
native_fold,unique,4,PC4,prepared_formal_charge,spearman,none,,669,1,0.0728563837094453
native_fold,unique,4,PC4,prepared_formal_charge,spearman,fold_potency_charge,fold;y_true,669,2,0.06006656041196907
native_fold,unique,4,PC4,prepared_formal_charge,spearman,fold_potency_charge_MW,fold;y_true;MW,669,3,0.06594399626899701
native_fold,unique,4,PC4,prepared_is_charged,pearson,none,,669,1,0.02838286778998135
native_fold,unique,4,PC4,prepared_is_charged,pearson,fold_potency_charge,fold;y_true;prepared_formal_charge,669,6,
native_fold,unique,4,PC4,prepared_is_charged,pearson,fold_potency_charge_MW,fold;y_true;prepared_formal_charge;MW,669,7,
native_fold,unique,4,PC4,prepared_is_charged,spearman,none,,669,1,0.03681630530300651
native_fold,unique,4,PC4,prepared_is_charged,spearman,fold_potency_charge,fold;y_true;prepared_formal_charge,669,6,-7.2377129322522516e-06
native_fold,unique,4,PC4,prepared_is_charged,spearman,fold_potency_charge_MW,fold;y_true;prepared_formal_charge;MW,669,7,-0.00015220006370706579
native_fold,unique,4,PC4,y_true,pearson,none,,669,1,-0.15324490947481573
native_fold,unique,4,PC4,y_true,pearson,fold_potency_charge,fold;prepared_formal_charge,669,5,-0.17146573025466313
native_fold,unique,4,PC4,y_true,pearson,fold_potency_charge_MW,fold;prepared_formal_charge;MW,669,6,-0.13865270350041808
native_fold,unique,4,PC4,y_true,spearman,none,,669,1,-0.17656166278656918
native_fold,unique,4,PC4,y_true,spearman,fold_potency_charge,fold;prepared_formal_charge,669,5,-0.18948615326977133
native_fold,unique,4,PC4,y_true,spearman,fold_potency_charge_MW,fold;prepared_formal_charge;MW,669,6,-0.16280803308454994
native_fold,unique,4,PC4,native_cached,pearson,none,,669,1,-0.37830598373042923
native_fold,unique,4,PC4,native_cached,pearson,fold_potency_charge,fold;y_true;prepared_formal_charge,669,6,-0.35238958556586536
native_fold,unique,4,PC4,native_cached,pearson,fold_potency_charge_MW,fold;y_true;prepared_formal_charge;MW,669,7,-0.34679914659749367
native_fold,unique,4,PC4,native_cached,spearman,none,,669,1,-0.4263711516796405
native_fold,unique,4,PC4,native_cached,spearman,fold_potency_charge,fold;y_true;prepared_formal_charge,669,6,-0.4002142647130305
native_fold,unique,4,PC4,native_cached,spearman,fold_potency_charge_MW,fold;y_true;prepared_formal_charge;MW,669,7,-0.39814274509197
native_fold,unique,4,PC5,MW,pearson,none,,669,1,0.33281706110216797
native_fold,unique,4,PC5,MW,pearson,fold_potency_charge,fold;y_true;prepared_formal_charge,669,6,0.24114410291635688
native_fold,unique,4,PC5,MW,pearson,fold_potency_charge_MW,fold;y_true;prepared_formal_charge,669,6,0.24114410291635688
native_fold,unique,4,PC5,MW,spearman,none,,669,1,0.2296064665137691
native_fold,unique,4,PC5,MW,spearman,fold_potency_charge,fold;y_true;prepared_formal_charge,669,6,0.1571221613744229
native_fold,unique,4,PC5,MW,spearman,fold_potency_charge_MW,fold;y_true;prepared_formal_charge,669,6,0.1571221613744229
native_fold,unique,4,PC5,heavy_atoms,pearson,none,,669,1,0.3116965616840281
native_fold,unique,4,PC5,heavy_atoms,pearson,fold_potency_charge,fold;y_true;prepared_formal_charge,669,6,0.21951672017438378
native_fold,unique,4,PC5,heavy_atoms,pearson,fold_potency_charge_MW,fold;y_true;prepared_formal_charge;MW,669,7,-0.04681017295143222
native_fold,unique,4,PC5,heavy_atoms,spearman,none,,669,1,0.17833356258554697
native_fold,unique,4,PC5,heavy_atoms,spearman,fold_potency_charge,fold;y_true;prepared_formal_charge,669,6,0.10316629587100473
native_fold,unique,4,PC5,heavy_atoms,spearman,fold_potency_charge_MW,fold;y_true;prepared_formal_charge;MW,669,7,-0.0778930757382133
native_fold,unique,4,PC5,prepared_formal_charge,pearson,none,,669,1,-0.021896863171678393
native_fold,unique,4,PC5,prepared_formal_charge,pearson,fold_potency_charge,fold;y_true,669,2,-0.004072750449889394
native_fold,unique,4,PC5,prepared_formal_charge,pearson,fold_potency_charge_MW,fold;y_true;MW,669,3,-0.03735768299677736
native_fold,unique,4,PC5,prepared_formal_charge,spearman,none,,669,1,-0.033065083897618607
native_fold,unique,4,PC5,prepared_formal_charge,spearman,fold_potency_charge,fold;y_true,669,2,-0.020231981162745903
native_fold,unique,4,PC5,prepared_formal_charge,spearman,fold_potency_charge_MW,fold;y_true;MW,669,3,-0.03822844323984069
native_fold,unique,4,PC5,prepared_is_charged,pearson,none,,669,1,-0.22674028953009673
native_fold,unique,4,PC5,prepared_is_charged,pearson,fold_potency_charge,fold;y_true;prepared_formal_charge,669,6,
native_fold,unique,4,PC5,prepared_is_charged,pearson,fold_potency_charge_MW,fold;y_true;prepared_formal_charge;MW,669,7,
native_fold,unique,4,PC5,prepared_is_charged,spearman,none,,669,1,-0.21106749875259712
native_fold,unique,4,PC5,prepared_is_charged,spearman,fold_potency_charge,fold;y_true;prepared_formal_charge,669,6,4.615299102081896e-06
native_fold,unique,4,PC5,prepared_is_charged,spearman,fold_potency_charge_MW,fold;y_true;prepared_formal_charge;MW,669,7,0.0007288167233862026
native_fold,unique,4,PC5,y_true,pearson,none,,669,1,0.23931093252844482
native_fold,unique,4,PC5,y_true,pearson,fold_potency_charge,fold;prepared_formal_charge,669,5,0.1507229034980293
native_fold,unique,4,PC5,y_true,pearson,fold_potency_charge_MW,fold;prepared_formal_charge;MW,669,6,0.07331210961540953
native_fold,unique,4,PC5,y_true,spearman,none,,669,1,0.1672059710986116
native_fold,unique,4,PC5,y_true,spearman,fold_potency_charge,fold;prepared_formal_charge,669,5,0.08824994356137988
native_fold,unique,4,PC5,y_true,spearman,fold_potency_charge_MW,fold;prepared_formal_charge;MW,669,6,0.04182474991166305
native_fold,unique,4,PC5,native_cached,pearson,none,,669,1,0.49700615979494006
native_fold,unique,4,PC5,native_cached,pearson,fold_potency_charge,fold;y_true;prepared_formal_charge,669,6,0.44861246651099573
native_fold,unique,4,PC5,native_cached,pearson,fold_potency_charge_MW,fold;y_true;prepared_formal_charge;MW,669,7,0.3980907171355051
native_fold,unique,4,PC5,native_cached,spearman,none,,669,1,0.43754925060527494
native_fold,unique,4,PC5,native_cached,spearman,fold_potency_charge,fold;y_true;prepared_formal_charge,669,6,0.4017608957186217
native_fold,unique,4,PC5,native_cached,spearman,fold_potency_charge_MW,fold;y_true;prepared_formal_charge;MW,669,7,0.3757465601406037
adaptation,100,pooled,norm_l2,head_signed_change,pearson,none,,3344,1,-0.6855910588738835
adaptation,100,pooled,norm_l2,head_signed_change,pearson,fold_potency_charge,fold;y_true;prepared_formal_charge,3344,11,-0.6510106404807376
adaptation,100,pooled,norm_l2,head_signed_change,pearson,fold_potency_charge_MW,fold;y_true;prepared_formal_charge;MW,3344,12,-0.6028020687810887
adaptation,100,pooled,norm_l2,head_signed_change,spearman,none,,3344,1,-0.4106625188686441
adaptation,100,pooled,norm_l2,head_signed_change,spearman,fold_potency_charge,fold;y_true;prepared_formal_charge,3344,11,-0.34212403233555533
adaptation,100,pooled,norm_l2,head_signed_change,spearman,fold_potency_charge_MW,fold;y_true;prepared_formal_charge;MW,3344,12,-0.29756361346793303
adaptation,100,pooled,norm_l2,head_magnitude,pearson,none,,3344,1,0.7052518663383891
adaptation,100,pooled,norm_l2,head_magnitude,pearson,fold_potency_charge,fold;y_true;prepared_formal_charge,3344,11,0.6686552476272121
adaptation,100,pooled,norm_l2,head_magnitude,pearson,fold_potency_charge_MW,fold;y_true;prepared_formal_charge;MW,3344,12,0.6246255305140109
adaptation,100,pooled,norm_l2,head_magnitude,spearman,none,,3344,1,0.39942248769980737
adaptation,100,pooled,norm_l2,head_magnitude,spearman,fold_potency_charge,fold;y_true;prepared_formal_charge,3344,11,0.32696125359290323
adaptation,100,pooled,norm_l2,head_magnitude,spearman,fold_potency_charge_MW,fold;y_true;prepared_formal_charge;MW,3344,12,0.2835868610994129
adaptation,100,pooled,norm_l2,head_error_delta,pearson,none,,3344,1,-0.44428924237594297
adaptation,100,pooled,norm_l2,head_error_delta,pearson,fold_potency_charge,fold;y_true;prepared_formal_charge,3344,11,-0.2857333363201218
adaptation,100,pooled,norm_l2,head_error_delta,pearson,fold_potency_charge_MW,fold;y_true;prepared_formal_charge;MW,3344,12,-0.22953567653470816
adaptation,100,pooled,norm_l2,head_error_delta,spearman,none,,3344,1,-0.32869125739712945
adaptation,100,pooled,norm_l2,head_error_delta,spearman,fold_potency_charge,fold;y_true;prepared_formal_charge,3344,11,-0.02815788247367796
adaptation,100,pooled,norm_l2,head_error_delta,spearman,fold_potency_charge_MW,fold;y_true;prepared_formal_charge;MW,3344,12,-0.001337136402060122
adaptation,100,pooled,norm_l2,lora_total_signed_change,pearson,none,,3344,1,-0.704561831741923
adaptation,100,pooled,norm_l2,lora_total_signed_change,pearson,fold_potency_charge,fold;y_true;prepared_formal_charge,3344,11,-0.6337975085956399
adaptation,100,pooled,norm_l2,lora_total_signed_change,pearson,fold_potency_charge_MW,fold;y_true;prepared_formal_charge;MW,3344,12,-0.5822323770175877
adaptation,100,pooled,norm_l2,lora_total_signed_change,spearman,none,,3344,1,-0.5571240772422339
adaptation,100,pooled,norm_l2,lora_total_signed_change,spearman,fold_potency_charge,fold;y_true;prepared_formal_charge,3344,11,-0.41954183789671645
adaptation,100,pooled,norm_l2,lora_total_signed_change,spearman,fold_potency_charge_MW,fold;y_true;prepared_formal_charge;MW,3344,12,-0.383537899513729
adaptation,100,pooled,norm_l2,lora_total_magnitude,pearson,none,,3344,1,0.7270736498407071
adaptation,100,pooled,norm_l2,lora_total_magnitude,pearson,fold_potency_charge,fold;y_true;prepared_formal_charge,3344,11,0.6632885361014372
adaptation,100,pooled,norm_l2,lora_total_magnitude,pearson,fold_potency_charge_MW,fold;y_true;prepared_formal_charge;MW,3344,12,0.6167269988095911
adaptation,100,pooled,norm_l2,lora_total_magnitude,spearman,none,,3344,1,0.5315860194627599
adaptation,100,pooled,norm_l2,lora_total_magnitude,spearman,fold_potency_charge,fold;y_true;prepared_formal_charge,3344,11,0.3921014979312348
adaptation,100,pooled,norm_l2,lora_total_magnitude,spearman,fold_potency_charge_MW,fold;y_true;prepared_formal_charge;MW,3344,12,0.3559484529429637
adaptation,100,pooled,norm_l2,lora_total_error_delta,pearson,none,,3344,1,-0.39225767291443303
adaptation,100,pooled,norm_l2,lora_total_error_delta,pearson,fold_potency_charge,fold;y_true;prepared_formal_charge,3344,11,-0.19693467953507787
adaptation,100,pooled,norm_l2,lora_total_error_delta,pearson,fold_potency_charge_MW,fold;y_true;prepared_formal_charge;MW,3344,12,-0.1330669930327018
adaptation,100,pooled,norm_l2,lora_total_error_delta,spearman,none,,3344,1,-0.34650743827727637
adaptation,100,pooled,norm_l2,lora_total_error_delta,spearman,fold_potency_charge,fold;y_true;prepared_formal_charge,3344,11,-0.03304734984575554
adaptation,100,pooled,norm_l2,lora_total_error_delta,spearman,fold_potency_charge_MW,fold;y_true;prepared_formal_charge;MW,3344,12,-0.011664811966459113
adaptation,100,pooled,norm_l2,lora_increment_signed_change,pearson,none,,3344,1,-0.39340257717626664
adaptation,100,pooled,norm_l2,lora_increment_signed_change,pearson,fold_potency_charge,fold;y_true;prepared_formal_charge,3344,11,-0.22343628780768668
adaptation,100,pooled,norm_l2,lora_increment_signed_change,pearson,fold_potency_charge_MW,fold;y_true;prepared_formal_charge;MW,3344,12,-0.1766769000829563
adaptation,100,pooled,norm_l2,lora_increment_signed_change,spearman,none,,3344,1,-0.4461206120524945
adaptation,100,pooled,norm_l2,lora_increment_signed_change,spearman,fold_potency_charge,fold;y_true;prepared_formal_charge,3344,11,-0.2612042099229046
adaptation,100,pooled,norm_l2,lora_increment_signed_change,spearman,fold_potency_charge_MW,fold;y_true;prepared_formal_charge;MW,3344,12,-0.24477477351233334
adaptation,100,pooled,norm_l2,lora_increment_magnitude,pearson,none,,3344,1,0.439366992125545
adaptation,100,pooled,norm_l2,lora_increment_magnitude,pearson,fold_potency_charge,fold;y_true;prepared_formal_charge,3344,11,0.3400027770311837
adaptation,100,pooled,norm_l2,lora_increment_magnitude,pearson,fold_potency_charge_MW,fold;y_true;prepared_formal_charge;MW,3344,12,0.2910966800237638
adaptation,100,pooled,norm_l2,lora_increment_magnitude,spearman,none,,3344,1,0.29092846742337825
adaptation,100,pooled,norm_l2,lora_increment_magnitude,spearman,fold_potency_charge,fold;y_true;prepared_formal_charge,3344,11,0.18714149717645506
adaptation,100,pooled,norm_l2,lora_increment_magnitude,spearman,fold_potency_charge_MW,fold;y_true;prepared_formal_charge;MW,3344,12,0.16992080994498213
adaptation,100,pooled,norm_l2,lora_increment_error_delta,pearson,none,,3344,1,-0.06314184923002639
adaptation,100,pooled,norm_l2,lora_increment_error_delta,pearson,fold_potency_charge,fold;y_true;prepared_formal_charge,3344,11,0.09414786992986614
adaptation,100,pooled,norm_l2,lora_increment_error_delta,pearson,fold_potency_charge_MW,fold;y_true;prepared_formal_charge;MW,3344,12,0.12079829058809431
adaptation,100,pooled,norm_l2,lora_increment_error_delta,spearman,none,,3344,1,-0.18678762385744732
adaptation,100,pooled,norm_l2,lora_increment_error_delta,spearman,fold_potency_charge,fold;y_true;prepared_formal_charge,3344,11,-0.03896157083124719
adaptation,100,pooled,norm_l2,lora_increment_error_delta,spearman,fold_potency_charge_MW,fold;y_true;prepared_formal_charge;MW,3344,12,-0.031614504664048165
adaptation,100,pooled,centered_norm_l2,head_signed_change,pearson,none,,3344,1,-0.6848511281975821
adaptation,100,pooled,centered_norm_l2,head_signed_change,pearson,fold_potency_charge,fold;y_true;prepared_formal_charge,3344,11,-0.6621417499321495
adaptation,100,pooled,centered_norm_l2,head_signed_change,pearson,fold_potency_charge_MW,fold;y_true;prepared_formal_charge;MW,3344,12,-0.6317967635197663
adaptation,100,pooled,centered_norm_l2,head_signed_change,spearman,none,,3344,1,-0.41062972625720606
adaptation,100,pooled,centered_norm_l2,head_signed_change,spearman,fold_potency_charge,fold;y_true;prepared_formal_charge,3344,11,-0.3847000091764294
adaptation,100,pooled,centered_norm_l2,head_signed_change,spearman,fold_potency_charge_MW,fold;y_true;prepared_formal_charge;MW,3344,12,-0.38149137933254884
adaptation,100,pooled,centered_norm_l2,head_magnitude,pearson,none,,3344,1,0.7104274143489376
adaptation,100,pooled,centered_norm_l2,head_magnitude,pearson,fold_potency_charge,fold;y_true;prepared_formal_charge,3344,11,0.6865735721048781
adaptation,100,pooled,centered_norm_l2,head_magnitude,pearson,fold_potency_charge_MW,fold;y_true;prepared_formal_charge;MW,3344,12,0.6589462272776893
adaptation,100,pooled,centered_norm_l2,head_magnitude,spearman,none,,3344,1,0.4149733939507445
adaptation,100,pooled,centered_norm_l2,head_magnitude,spearman,fold_potency_charge,fold;y_true;prepared_formal_charge,3344,11,0.38685442127288094
adaptation,100,pooled,centered_norm_l2,head_magnitude,spearman,fold_potency_charge_MW,fold;y_true;prepared_formal_charge;MW,3344,12,0.3821882983257723
adaptation,100,pooled,centered_norm_l2,head_error_delta,pearson,none,,3344,1,-0.44085265190508616
adaptation,100,pooled,centered_norm_l2,head_error_delta,pearson,fold_potency_charge,fold;y_true;prepared_formal_charge,3344,11,-0.34875571646107234
adaptation,100,pooled,centered_norm_l2,head_error_delta,pearson,fold_potency_charge_MW,fold;y_true;prepared_formal_charge;MW,3344,12,-0.3068656192883969
adaptation,100,pooled,centered_norm_l2,head_error_delta,spearman,none,,3344,1,-0.30738877471834386
adaptation,100,pooled,centered_norm_l2,head_error_delta,spearman,fold_potency_charge,fold;y_true;prepared_formal_charge,3344,11,-0.25907997185668336
adaptation,100,pooled,centered_norm_l2,head_error_delta,spearman,fold_potency_charge_MW,fold;y_true;prepared_formal_charge;MW,3344,12,-0.2507946685536811
adaptation,100,pooled,centered_norm_l2,lora_total_signed_change,pearson,none,,3344,1,-0.6508288423061188
adaptation,100,pooled,centered_norm_l2,lora_total_signed_change,pearson,fold_potency_charge,fold;y_true;prepared_formal_charge,3344,11,-0.5990560393978084
adaptation,100,pooled,centered_norm_l2,lora_total_signed_change,pearson,fold_potency_charge_MW,fold;y_true;prepared_formal_charge;MW,3344,12,-0.5599487724906685
adaptation,100,pooled,centered_norm_l2,lora_total_signed_change,spearman,none,,3344,1,-0.3409769574534046
adaptation,100,pooled,centered_norm_l2,lora_total_signed_change,spearman,fold_potency_charge,fold;y_true;prepared_formal_charge,3344,11,-0.26537270009689357
adaptation,100,pooled,centered_norm_l2,lora_total_signed_change,spearman,fold_potency_charge_MW,fold;y_true;prepared_formal_charge;MW,3344,12,-0.252861137901789
adaptation,100,pooled,centered_norm_l2,lora_total_magnitude,pearson,none,,3344,1,0.6858551630759708
adaptation,100,pooled,centered_norm_l2,lora_total_magnitude,pearson,fold_potency_charge,fold;y_true;prepared_formal_charge,3344,11,0.6415827626490263
adaptation,100,pooled,centered_norm_l2,lora_total_magnitude,pearson,fold_potency_charge_MW,fold;y_true;prepared_formal_charge;MW,3344,12,0.6084983238620908
adaptation,100,pooled,centered_norm_l2,lora_total_magnitude,spearman,none,,3344,1,0.34932555714695657
adaptation,100,pooled,centered_norm_l2,lora_total_magnitude,spearman,fold_potency_charge,fold;y_true;prepared_formal_charge,3344,11,0.2753566303871624
adaptation,100,pooled,centered_norm_l2,lora_total_magnitude,spearman,fold_potency_charge_MW,fold;y_true;prepared_formal_charge;MW,3344,12,0.2633247334554176
adaptation,100,pooled,centered_norm_l2,lora_total_error_delta,pearson,none,,3344,1,-0.3726099740142462
adaptation,100,pooled,centered_norm_l2,lora_total_error_delta,pearson,fold_potency_charge,fold;y_true;prepared_formal_charge,3344,11,-0.24538444378914523
adaptation,100,pooled,centered_norm_l2,lora_total_error_delta,pearson,fold_potency_charge_MW,fold;y_true;prepared_formal_charge;MW,3344,12,-0.196629804662081
adaptation,100,pooled,centered_norm_l2,lora_total_error_delta,spearman,none,,3344,1,-0.2790349923042124
adaptation,100,pooled,centered_norm_l2,lora_total_error_delta,spearman,fold_potency_charge,fold;y_true;prepared_formal_charge,3344,11,-0.21039112940582633
adaptation,100,pooled,centered_norm_l2,lora_total_error_delta,spearman,fold_potency_charge_MW,fold;y_true;prepared_formal_charge;MW,3344,12,-0.20302951327917165
adaptation,100,pooled,centered_norm_l2,lora_increment_signed_change,pearson,none,,3344,1,-0.2814000742957034
adaptation,100,pooled,centered_norm_l2,lora_increment_signed_change,pearson,fold_potency_charge,fold;y_true;prepared_formal_charge,3344,11,-0.12941073410139828
adaptation,100,pooled,centered_norm_l2,lora_increment_signed_change,pearson,fold_potency_charge_MW,fold;y_true;prepared_formal_charge;MW,3344,12,-0.08572597426802349
adaptation,100,pooled,centered_norm_l2,lora_increment_signed_change,spearman,none,,3344,1,-0.08745885598941569
adaptation,100,pooled,centered_norm_l2,lora_increment_signed_change,spearman,fold_potency_charge,fold;y_true;prepared_formal_charge,3344,11,0.053906824042529965
adaptation,100,pooled,centered_norm_l2,lora_increment_signed_change,spearman,fold_potency_charge_MW,fold;y_true;prepared_formal_charge;MW,3344,12,0.06436709142244
adaptation,100,pooled,centered_norm_l2,lora_increment_magnitude,pearson,none,,3344,1,0.4261666208446567
adaptation,100,pooled,centered_norm_l2,lora_increment_magnitude,pearson,fold_potency_charge,fold;y_true;prepared_formal_charge,3344,11,0.34774829312292976
adaptation,100,pooled,centered_norm_l2,lora_increment_magnitude,pearson,fold_potency_charge_MW,fold;y_true;prepared_formal_charge;MW,3344,12,0.30782216054980543
adaptation,100,pooled,centered_norm_l2,lora_increment_magnitude,spearman,none,,3344,1,0.25889646620154255
adaptation,100,pooled,centered_norm_l2,lora_increment_magnitude,spearman,fold_potency_charge,fold;y_true;prepared_formal_charge,3344,11,0.20311420950854064
adaptation,100,pooled,centered_norm_l2,lora_increment_magnitude,spearman,fold_potency_charge_MW,fold;y_true;prepared_formal_charge;MW,3344,12,0.19574817280700801
adaptation,100,pooled,centered_norm_l2,lora_increment_error_delta,pearson,none,,3344,1,-0.021129002067852495
adaptation,100,pooled,centered_norm_l2,lora_increment_error_delta,pearson,fold_potency_charge,fold;y_true;prepared_formal_charge,3344,11,0.10526887543441618
adaptation,100,pooled,centered_norm_l2,lora_increment_error_delta,pearson,fold_potency_charge_MW,fold;y_true;prepared_formal_charge;MW,3344,12,0.12640308904995762
adaptation,100,pooled,centered_norm_l2,lora_increment_error_delta,spearman,none,,3344,1,-0.08537429202090831
adaptation,100,pooled,centered_norm_l2,lora_increment_error_delta,spearman,fold_potency_charge,fold;y_true;prepared_formal_charge,3344,11,-0.011341509396646663
adaptation,100,pooled,centered_norm_l2,lora_increment_error_delta,spearman,fold_potency_charge_MW,fold;y_true;prepared_formal_charge;MW,3344,12,-0.007940380020999747
adaptation,100,pooled,member1_norm_l2,head_signed_change,pearson,none,,3344,1,-0.6914553749296241
adaptation,100,pooled,member1_norm_l2,head_signed_change,pearson,fold_potency_charge,fold;y_true;prepared_formal_charge,3344,11,-0.662061551103985
adaptation,100,pooled,member1_norm_l2,head_signed_change,pearson,fold_potency_charge_MW,fold;y_true;prepared_formal_charge;MW,3344,12,-0.61751004804593
adaptation,100,pooled,member1_norm_l2,head_signed_change,spearman,none,,3344,1,-0.44611759550385527
adaptation,100,pooled,member1_norm_l2,head_signed_change,spearman,fold_potency_charge,fold;y_true;prepared_formal_charge,3344,11,-0.39173060657605757
adaptation,100,pooled,member1_norm_l2,head_signed_change,spearman,fold_potency_charge_MW,fold;y_true;prepared_formal_charge;MW,3344,12,-0.35240594813817844
adaptation,100,pooled,member1_norm_l2,head_magnitude,pearson,none,,3344,1,0.7109751961324192
adaptation,100,pooled,member1_norm_l2,head_magnitude,pearson,fold_potency_charge,fold;y_true;prepared_formal_charge,3344,11,0.6793455970113413
adaptation,100,pooled,member1_norm_l2,head_magnitude,pearson,fold_potency_charge_MW,fold;y_true;prepared_formal_charge;MW,3344,12,0.6384995146743575
adaptation,100,pooled,member1_norm_l2,head_magnitude,spearman,none,,3344,1,0.433318916544059
adaptation,100,pooled,member1_norm_l2,head_magnitude,spearman,fold_potency_charge,fold;y_true;prepared_formal_charge,3344,11,0.37423424679220424
adaptation,100,pooled,member1_norm_l2,head_magnitude,spearman,fold_potency_charge_MW,fold;y_true;prepared_formal_charge;MW,3344,12,0.33529123297047503
adaptation,100,pooled,member1_norm_l2,head_error_delta,pearson,none,,3344,1,-0.4422404008895212
adaptation,100,pooled,member1_norm_l2,head_error_delta,pearson,fold_potency_charge,fold;y_true;prepared_formal_charge,3344,11,-0.3025064741189782
adaptation,100,pooled,member1_norm_l2,head_error_delta,pearson,fold_potency_charge_MW,fold;y_true;prepared_formal_charge;MW,3344,12,-0.2489154021954982
adaptation,100,pooled,member1_norm_l2,head_error_delta,spearman,none,,3344,1,-0.34121198983306494
adaptation,100,pooled,member1_norm_l2,head_error_delta,spearman,fold_potency_charge,fold;y_true;prepared_formal_charge,3344,11,-0.08406712522664873
adaptation,100,pooled,member1_norm_l2,head_error_delta,spearman,fold_potency_charge_MW,fold;y_true;prepared_formal_charge;MW,3344,12,-0.05913894806501152
adaptation,100,pooled,member1_norm_l2,lora_total_signed_change,pearson,none,,3344,1,-0.6936724831947306
adaptation,100,pooled,member1_norm_l2,lora_total_signed_change,pearson,fold_potency_charge,fold;y_true;prepared_formal_charge,3344,11,-0.629456602474986
adaptation,100,pooled,member1_norm_l2,lora_total_signed_change,pearson,fold_potency_charge_MW,fold;y_true;prepared_formal_charge;MW,3344,12,-0.5792784312718116
adaptation,100,pooled,member1_norm_l2,lora_total_signed_change,spearman,none,,3344,1,-0.550485616736067
adaptation,100,pooled,member1_norm_l2,lora_total_signed_change,spearman,fold_potency_charge,fold;y_true;prepared_formal_charge,3344,11,-0.4243716971245108
adaptation,100,pooled,member1_norm_l2,lora_total_signed_change,spearman,fold_potency_charge_MW,fold;y_true;prepared_formal_charge;MW,3344,12,-0.38933057304127827
adaptation,100,pooled,member1_norm_l2,lora_total_magnitude,pearson,none,,3344,1,0.7180154040921052
adaptation,100,pooled,member1_norm_l2,lora_total_magnitude,pearson,fold_potency_charge,fold;y_true;prepared_formal_charge,3344,11,0.660423494489175
adaptation,100,pooled,member1_norm_l2,lora_total_magnitude,pearson,fold_potency_charge_MW,fold;y_true;prepared_formal_charge;MW,3344,12,0.6153718313901128
adaptation,100,pooled,member1_norm_l2,lora_total_magnitude,spearman,none,,3344,1,0.5260526449151621
adaptation,100,pooled,member1_norm_l2,lora_total_magnitude,spearman,fold_potency_charge,fold;y_true;prepared_formal_charge,3344,11,0.39754534545012027
adaptation,100,pooled,member1_norm_l2,lora_total_magnitude,spearman,fold_potency_charge_MW,fold;y_true;prepared_formal_charge;MW,3344,12,0.3622981834215932
adaptation,100,pooled,member1_norm_l2,lora_total_error_delta,pearson,none,,3344,1,-0.38395699718686055
adaptation,100,pooled,member1_norm_l2,lora_total_error_delta,pearson,fold_potency_charge,fold;y_true;prepared_formal_charge,3344,11,-0.20696979090536777
adaptation,100,pooled,member1_norm_l2,lora_total_error_delta,pearson,fold_potency_charge_MW,fold;y_true;prepared_formal_charge;MW,3344,12,-0.14540523188249116
adaptation,100,pooled,member1_norm_l2,lora_total_error_delta,spearman,none,,3344,1,-0.3481964986888181
adaptation,100,pooled,member1_norm_l2,lora_total_error_delta,spearman,fold_potency_charge,fold;y_true;prepared_formal_charge,3344,11,-0.07336600181744664
adaptation,100,pooled,member1_norm_l2,lora_total_error_delta,spearman,fold_potency_charge_MW,fold;y_true;prepared_formal_charge;MW,3344,12,-0.05322633755172018
adaptation,100,pooled,member1_norm_l2,lora_increment_signed_change,pearson,none,,3344,1,-0.3611370150416956
adaptation,100,pooled,member1_norm_l2,lora_increment_signed_change,pearson,fold_potency_charge,fold;y_true;prepared_formal_charge,3344,11,-0.19481374784053604
adaptation,100,pooled,member1_norm_l2,lora_increment_signed_change,pearson,fold_potency_charge_MW,fold;y_true;prepared_formal_charge;MW,3344,12,-0.14705278503153316
adaptation,100,pooled,member1_norm_l2,lora_increment_signed_change,spearman,none,,3344,1,-0.3904795521583369
adaptation,100,pooled,member1_norm_l2,lora_increment_signed_change,spearman,fold_potency_charge,fold;y_true;prepared_formal_charge,3344,11,-0.20011445569458833
adaptation,100,pooled,member1_norm_l2,lora_increment_signed_change,spearman,fold_potency_charge_MW,fold;y_true;prepared_formal_charge;MW,3344,12,-0.18223750817484805
adaptation,100,pooled,member1_norm_l2,lora_increment_magnitude,pearson,none,,3344,1,0.4260691200626718
adaptation,100,pooled,member1_norm_l2,lora_increment_magnitude,pearson,fold_potency_charge,fold;y_true;prepared_formal_charge,3344,11,0.32981447618443194
adaptation,100,pooled,member1_norm_l2,lora_increment_magnitude,pearson,fold_potency_charge_MW,fold;y_true;prepared_formal_charge;MW,3344,12,0.28112472641653946
adaptation,100,pooled,member1_norm_l2,lora_increment_magnitude,spearman,none,,3344,1,0.2824189467321966
adaptation,100,pooled,member1_norm_l2,lora_increment_magnitude,spearman,fold_potency_charge,fold;y_true;prepared_formal_charge,3344,11,0.18081852991253483
adaptation,100,pooled,member1_norm_l2,lora_increment_magnitude,spearman,fold_potency_charge_MW,fold;y_true;prepared_formal_charge;MW,3344,12,0.16359484042358033
adaptation,100,pooled,member1_norm_l2,lora_increment_error_delta,pearson,none,,3344,1,-0.04662493445592053
adaptation,100,pooled,member1_norm_l2,lora_increment_error_delta,pearson,fold_potency_charge,fold;y_true;prepared_formal_charge,3344,11,0.10260913134336343
adaptation,100,pooled,member1_norm_l2,lora_increment_error_delta,pearson,fold_potency_charge_MW,fold;y_true;prepared_formal_charge;MW,3344,12,0.12893038230181358
adaptation,100,pooled,member1_norm_l2,lora_increment_error_delta,spearman,none,,3344,1,-0.17151914711110164
adaptation,100,pooled,member1_norm_l2,lora_increment_error_delta,spearman,fold_potency_charge,fold;y_true;prepared_formal_charge,3344,11,-0.03105984989915784
adaptation,100,pooled,member1_norm_l2,lora_increment_error_delta,spearman,fold_potency_charge_MW,fold;y_true;prepared_formal_charge;MW,3344,12,-0.02362661317821505
adaptation,100,pooled,member2_norm_l2,head_signed_change,pearson,none,,3344,1,-0.3429929750702385
adaptation,100,pooled,member2_norm_l2,head_signed_change,pearson,fold_potency_charge,fold;y_true;prepared_formal_charge,3344,11,-0.2078031677845142
adaptation,100,pooled,member2_norm_l2,head_signed_change,pearson,fold_potency_charge_MW,fold;y_true;prepared_formal_charge;MW,3344,12,-0.12225537803937815
adaptation,100,pooled,member2_norm_l2,head_signed_change,spearman,none,,3344,1,-0.13551326781600848
adaptation,100,pooled,member2_norm_l2,head_signed_change,spearman,fold_potency_charge,fold;y_true;prepared_formal_charge,3344,11,-0.006229532297148246
adaptation,100,pooled,member2_norm_l2,head_signed_change,spearman,fold_potency_charge_MW,fold;y_true;prepared_formal_charge;MW,3344,12,0.05997757369907003
adaptation,100,pooled,member2_norm_l2,head_magnitude,pearson,none,,3344,1,0.3542211853001235
adaptation,100,pooled,member2_norm_l2,head_magnitude,pearson,fold_potency_charge,fold;y_true;prepared_formal_charge,3344,11,0.21778767748581712
adaptation,100,pooled,member2_norm_l2,head_magnitude,pearson,fold_potency_charge_MW,fold;y_true;prepared_formal_charge;MW,3344,12,0.13832772329606413
adaptation,100,pooled,member2_norm_l2,head_magnitude,spearman,none,,3344,1,0.13326382012554724
adaptation,100,pooled,member2_norm_l2,head_magnitude,spearman,fold_potency_charge,fold;y_true;prepared_formal_charge,3344,11,0.0052474944018478095
adaptation,100,pooled,member2_norm_l2,head_magnitude,spearman,fold_potency_charge_MW,fold;y_true;prepared_formal_charge;MW,3344,12,-0.055621919694812
adaptation,100,pooled,member2_norm_l2,head_error_delta,pearson,none,,3344,1,-0.28845063615203653
adaptation,100,pooled,member2_norm_l2,head_error_delta,pearson,fold_potency_charge,fold;y_true;prepared_formal_charge,3344,11,0.010542130370196376
adaptation,100,pooled,member2_norm_l2,head_error_delta,pearson,fold_potency_charge_MW,fold;y_true;prepared_formal_charge;MW,3344,12,0.07113793451513584
adaptation,100,pooled,member2_norm_l2,head_error_delta,spearman,none,,3344,1,-0.16199282922776992
adaptation,100,pooled,member2_norm_l2,head_error_delta,spearman,fold_potency_charge,fold;y_true;prepared_formal_charge,3344,11,0.21735341397954983
adaptation,100,pooled,member2_norm_l2,head_error_delta,spearman,fold_potency_charge_MW,fold;y_true;prepared_formal_charge;MW,3344,12,0.24691513833204579
adaptation,100,pooled,member2_norm_l2,lora_total_signed_change,pearson,none,,3344,1,-0.5149772857920679
adaptation,100,pooled,member2_norm_l2,lora_total_signed_change,pearson,fold_potency_charge,fold;y_true;prepared_formal_charge,3344,11,-0.3551330470405405
adaptation,100,pooled,member2_norm_l2,lora_total_signed_change,pearson,fold_potency_charge_MW,fold;y_true;prepared_formal_charge;MW,3344,12,-0.28795433290298766
adaptation,100,pooled,member2_norm_l2,lora_total_signed_change,spearman,none,,3344,1,-0.4130820460334027
adaptation,100,pooled,member2_norm_l2,lora_total_signed_change,spearman,fold_potency_charge,fold;y_true;prepared_formal_charge,3344,11,-0.24144229815718196
adaptation,100,pooled,member2_norm_l2,lora_total_signed_change,spearman,fold_potency_charge_MW,fold;y_true;prepared_formal_charge;MW,3344,12,-0.19840379031376562
adaptation,100,pooled,member2_norm_l2,lora_total_magnitude,pearson,none,,3344,1,0.5110252954192466
adaptation,100,pooled,member2_norm_l2,lora_total_magnitude,pearson,fold_potency_charge,fold;y_true;prepared_formal_charge,3344,11,0.35496729921897496
adaptation,100,pooled,member2_norm_l2,lora_total_magnitude,pearson,fold_potency_charge_MW,fold;y_true;prepared_formal_charge;MW,3344,12,0.28822842669587445
adaptation,100,pooled,member2_norm_l2,lora_total_magnitude,spearman,none,,3344,1,0.39493442395312267
adaptation,100,pooled,member2_norm_l2,lora_total_magnitude,spearman,fold_potency_charge,fold;y_true;prepared_formal_charge,3344,11,0.22648800359453194
adaptation,100,pooled,member2_norm_l2,lora_total_magnitude,spearman,fold_potency_charge_MW,fold;y_true;prepared_formal_charge;MW,3344,12,0.1853468482144455
adaptation,100,pooled,member2_norm_l2,lora_total_error_delta,pearson,none,,3344,1,-0.3193103843682943
adaptation,100,pooled,member2_norm_l2,lora_total_error_delta,pearson,fold_potency_charge,fold;y_true;prepared_formal_charge,3344,11,-0.01666694655824538
adaptation,100,pooled,member2_norm_l2,lora_total_error_delta,pearson,fold_potency_charge_MW,fold;y_true;prepared_formal_charge;MW,3344,12,0.042502844507561456
adaptation,100,pooled,member2_norm_l2,lora_total_error_delta,spearman,none,,3344,1,-0.2236827042133442
adaptation,100,pooled,member2_norm_l2,lora_total_error_delta,spearman,fold_potency_charge,fold;y_true;prepared_formal_charge,3344,11,0.14237396379273937
adaptation,100,pooled,member2_norm_l2,lora_total_error_delta,spearman,fold_potency_charge_MW,fold;y_true;prepared_formal_charge;MW,3344,12,0.1648518449621493
adaptation,100,pooled,member2_norm_l2,lora_increment_signed_change,pearson,none,,3344,1,-0.5390799764051846
adaptation,100,pooled,member2_norm_l2,lora_increment_signed_change,pearson,fold_potency_charge,fold;y_true;prepared_formal_charge,3344,11,-0.3993992670203441
adaptation,100,pooled,member2_norm_l2,lora_increment_signed_change,pearson,fold_potency_charge_MW,fold;y_true;prepared_formal_charge;MW,3344,12,-0.3717608562665731
adaptation,100,pooled,member2_norm_l2,lora_increment_signed_change,spearman,none,,3344,1,-0.5515590131651101
adaptation,100,pooled,member2_norm_l2,lora_increment_signed_change,spearman,fold_potency_charge,fold;y_true;prepared_formal_charge,3344,11,-0.4312945456158031
adaptation,100,pooled,member2_norm_l2,lora_increment_signed_change,spearman,fold_potency_charge_MW,fold;y_true;prepared_formal_charge;MW,3344,12,-0.42031871010959027
adaptation,100,pooled,member2_norm_l2,lora_increment_magnitude,pearson,none,,3344,1,0.3801378998107698
adaptation,100,pooled,member2_norm_l2,lora_increment_magnitude,pearson,fold_potency_charge,fold;y_true;prepared_formal_charge,3344,11,0.2649201363128122
adaptation,100,pooled,member2_norm_l2,lora_increment_magnitude,pearson,fold_potency_charge_MW,fold;y_true;prepared_formal_charge;MW,3344,12,0.22289077051607417
adaptation,100,pooled,member2_norm_l2,lora_increment_magnitude,spearman,none,,3344,1,0.24561027491592574
adaptation,100,pooled,member2_norm_l2,lora_increment_magnitude,spearman,fold_potency_charge,fold;y_true;prepared_formal_charge,3344,11,0.14718968978293312
adaptation,100,pooled,member2_norm_l2,lora_increment_magnitude,spearman,fold_potency_charge_MW,fold;y_true;prepared_formal_charge;MW,3344,12,0.13103121346592267
adaptation,100,pooled,member2_norm_l2,lora_increment_error_delta,pearson,none,,3344,1,-0.20255921746126704
adaptation,100,pooled,member2_norm_l2,lora_increment_error_delta,pearson,fold_potency_charge,fold;y_true;prepared_formal_charge,3344,11,-0.04951711065036145
adaptation,100,pooled,member2_norm_l2,lora_increment_error_delta,pearson,fold_potency_charge_MW,fold;y_true;prepared_formal_charge;MW,3344,12,-0.035072768252511086
adaptation,100,pooled,member2_norm_l2,lora_increment_error_delta,spearman,none,,3344,1,-0.20749401149429128
adaptation,100,pooled,member2_norm_l2,lora_increment_error_delta,spearman,fold_potency_charge,fold;y_true;prepared_formal_charge,3344,11,-0.07938797030264558
adaptation,100,pooled,member2_norm_l2,lora_increment_error_delta,spearman,fold_potency_charge_MW,fold;y_true;prepared_formal_charge;MW,3344,12,-0.07351588300251365
adaptation,100,pooled,PC1,head_signed_change,pearson,none,,3344,1,-0.5528582745601057
adaptation,100,pooled,PC1,head_signed_change,pearson,fold_potency_charge,fold;y_true;prepared_formal_charge,3344,11,-0.4910869497183617
adaptation,100,pooled,PC1,head_signed_change,pearson,fold_potency_charge_MW,fold;y_true;prepared_formal_charge;MW,3344,12,-0.42297996634343576
adaptation,100,pooled,PC1,head_signed_change,spearman,none,,3344,1,-0.10070910381116119
adaptation,100,pooled,PC1,head_signed_change,spearman,fold_potency_charge,fold;y_true;prepared_formal_charge,3344,11,0.01434592280994825
adaptation,100,pooled,PC1,head_signed_change,spearman,fold_potency_charge_MW,fold;y_true;prepared_formal_charge;MW,3344,12,0.05445632989591853
adaptation,100,pooled,PC1,head_magnitude,pearson,none,,3344,1,0.5735128965881727
adaptation,100,pooled,PC1,head_magnitude,pearson,fold_potency_charge,fold;y_true;prepared_formal_charge,3344,11,0.5098840939196294
adaptation,100,pooled,PC1,head_magnitude,pearson,fold_potency_charge_MW,fold;y_true;prepared_formal_charge;MW,3344,12,0.4475521201289726
adaptation,100,pooled,PC1,head_magnitude,spearman,none,,3344,1,0.10083285596217119
adaptation,100,pooled,PC1,head_magnitude,spearman,fold_potency_charge,fold;y_true;prepared_formal_charge,3344,11,-0.013737707501025482
adaptation,100,pooled,PC1,head_magnitude,spearman,fold_potency_charge_MW,fold;y_true;prepared_formal_charge;MW,3344,12,-0.05044572764794878
adaptation,100,pooled,PC1,head_error_delta,pearson,none,,3344,1,-0.38142221154589484
adaptation,100,pooled,PC1,head_error_delta,pearson,fold_potency_charge,fold;y_true;prepared_formal_charge,3344,11,-0.18038102467862743
adaptation,100,pooled,PC1,head_error_delta,pearson,fold_potency_charge_MW,fold;y_true;prepared_formal_charge;MW,3344,12,-0.11879119477251178
adaptation,100,pooled,PC1,head_error_delta,spearman,none,,3344,1,-0.1349773800145119
adaptation,100,pooled,PC1,head_error_delta,spearman,fold_potency_charge,fold;y_true;prepared_formal_charge,3344,11,0.20468233682791456
adaptation,100,pooled,PC1,head_error_delta,spearman,fold_potency_charge_MW,fold;y_true;prepared_formal_charge;MW,3344,12,0.22186078007819868
adaptation,100,pooled,PC1,lora_total_signed_change,pearson,none,,3344,1,-0.6516270262593641
adaptation,100,pooled,PC1,lora_total_signed_change,pearson,fold_potency_charge,fold;y_true;prepared_formal_charge,3344,11,-0.5485209148534879
adaptation,100,pooled,PC1,lora_total_signed_change,pearson,fold_potency_charge_MW,fold;y_true;prepared_formal_charge;MW,3344,12,-0.4882415728199491
adaptation,100,pooled,PC1,lora_total_signed_change,spearman,none,,3344,1,-0.3722361917551215
adaptation,100,pooled,PC1,lora_total_signed_change,spearman,fold_potency_charge,fold;y_true;prepared_formal_charge,3344,11,-0.19122656140511948
adaptation,100,pooled,PC1,lora_total_signed_change,spearman,fold_potency_charge_MW,fold;y_true;prepared_formal_charge;MW,3344,12,-0.16801116997878432
adaptation,100,pooled,PC1,lora_total_magnitude,pearson,none,,3344,1,0.6736799839202495
adaptation,100,pooled,PC1,lora_total_magnitude,pearson,fold_potency_charge,fold;y_true;prepared_formal_charge,3344,11,0.5793574899950324
adaptation,100,pooled,PC1,lora_total_magnitude,pearson,fold_potency_charge_MW,fold;y_true;prepared_formal_charge;MW,3344,12,0.5242119654092947
adaptation,100,pooled,PC1,lora_total_magnitude,spearman,none,,3344,1,0.3623767055391011
adaptation,100,pooled,PC1,lora_total_magnitude,spearman,fold_potency_charge,fold;y_true;prepared_formal_charge,3344,11,0.1865764454437569
adaptation,100,pooled,PC1,lora_total_magnitude,spearman,fold_potency_charge_MW,fold;y_true;prepared_formal_charge;MW,3344,12,0.16429900682628462
adaptation,100,pooled,PC1,lora_total_error_delta,pearson,none,,3344,1,-0.36009971670476565
adaptation,100,pooled,PC1,lora_total_error_delta,pearson,fold_potency_charge,fold;y_true;prepared_formal_charge,3344,11,-0.13091627628052116
adaptation,100,pooled,PC1,lora_total_error_delta,pearson,fold_potency_charge_MW,fold;y_true;prepared_formal_charge;MW,3344,12,-0.06523714214075495
adaptation,100,pooled,PC1,lora_total_error_delta,spearman,none,,3344,1,-0.1931304319485738
adaptation,100,pooled,PC1,lora_total_error_delta,spearman,fold_potency_charge,fold;y_true;prepared_formal_charge,3344,11,0.14133566895305866
adaptation,100,pooled,PC1,lora_total_error_delta,spearman,fold_potency_charge_MW,fold;y_true;prepared_formal_charge;MW,3344,12,0.15431750234708658
adaptation,100,pooled,PC1,lora_increment_signed_change,pearson,none,,3344,1,-0.4930557835752691
adaptation,100,pooled,PC1,lora_increment_signed_change,pearson,fold_potency_charge,fold;y_true;prepared_formal_charge,3344,11,-0.31972050981131894
adaptation,100,pooled,PC1,lora_increment_signed_change,pearson,fold_potency_charge_MW,fold;y_true;prepared_formal_charge;MW,3344,12,-0.28157387582213567
adaptation,100,pooled,PC1,lora_increment_signed_change,spearman,none,,3344,1,-0.5299396889011374
adaptation,100,pooled,PC1,lora_increment_signed_change,spearman,fold_potency_charge,fold;y_true;prepared_formal_charge,3344,11,-0.3808711370606214
adaptation,100,pooled,PC1,lora_increment_signed_change,spearman,fold_potency_charge_MW,fold;y_true;prepared_formal_charge;MW,3344,12,-0.3735445527982112
adaptation,100,pooled,PC1,lora_increment_magnitude,pearson,none,,3344,1,0.45438894148959036
adaptation,100,pooled,PC1,lora_increment_magnitude,pearson,fold_potency_charge,fold;y_true;prepared_formal_charge,3344,11,0.3328738644789691
adaptation,100,pooled,PC1,lora_increment_magnitude,pearson,fold_potency_charge_MW,fold;y_true;prepared_formal_charge;MW,3344,12,0.28573033415290816
adaptation,100,pooled,PC1,lora_increment_magnitude,spearman,none,,3344,1,0.25075801966265554
adaptation,100,pooled,PC1,lora_increment_magnitude,spearman,fold_potency_charge,fold;y_true;prepared_formal_charge,3344,11,0.12471768604973456
adaptation,100,pooled,PC1,lora_increment_magnitude,spearman,fold_potency_charge_MW,fold;y_true;prepared_formal_charge;MW,3344,12,0.11487338552846775
adaptation,100,pooled,PC1,lora_increment_error_delta,pearson,none,,3344,1,-0.11256041231175663
adaptation,100,pooled,PC1,lora_increment_error_delta,pearson,fold_potency_charge,fold;y_true;prepared_formal_charge,3344,11,0.0467505510662681
adaptation,100,pooled,PC1,lora_increment_error_delta,pearson,fold_potency_charge_MW,fold;y_true;prepared_formal_charge;MW,3344,12,0.0693142253312115
adaptation,100,pooled,PC1,lora_increment_error_delta,spearman,none,,3344,1,-0.19231134785489015
adaptation,100,pooled,PC1,lora_increment_error_delta,spearman,fold_potency_charge,fold;y_true;prepared_formal_charge,3344,11,-0.06974096100395415
adaptation,100,pooled,PC1,lora_increment_error_delta,spearman,fold_potency_charge_MW,fold;y_true;prepared_formal_charge;MW,3344,12,-0.06599713515213854
adaptation,100,pooled,PC2,head_signed_change,pearson,none,,3344,1,-0.3209082484248231
adaptation,100,pooled,PC2,head_signed_change,pearson,fold_potency_charge,fold;y_true;prepared_formal_charge,3344,11,-0.42167944856216194
adaptation,100,pooled,PC2,head_signed_change,pearson,fold_potency_charge_MW,fold;y_true;prepared_formal_charge;MW,3344,12,-0.44493703387320566
adaptation,100,pooled,PC2,head_signed_change,spearman,none,,3344,1,-0.019949802262332474
adaptation,100,pooled,PC2,head_signed_change,spearman,fold_potency_charge,fold;y_true;prepared_formal_charge,3344,11,-0.12008096790753216
adaptation,100,pooled,PC2,head_signed_change,spearman,fold_potency_charge_MW,fold;y_true;prepared_formal_charge;MW,3344,12,-0.1463586477183506
adaptation,100,pooled,PC2,head_magnitude,pearson,none,,3344,1,0.3334760968658628
adaptation,100,pooled,PC2,head_magnitude,pearson,fold_potency_charge,fold;y_true;prepared_formal_charge,3344,11,0.43626111462792855
adaptation,100,pooled,PC2,head_magnitude,pearson,fold_potency_charge_MW,fold;y_true;prepared_formal_charge;MW,3344,12,0.4568912264745513
adaptation,100,pooled,PC2,head_magnitude,spearman,none,,3344,1,0.020047133452149913
adaptation,100,pooled,PC2,head_magnitude,spearman,fold_potency_charge,fold;y_true;prepared_formal_charge,3344,11,0.1186273378148595
adaptation,100,pooled,PC2,head_magnitude,spearman,fold_potency_charge_MW,fold;y_true;prepared_formal_charge;MW,3344,12,0.14205284225303894
adaptation,100,pooled,PC2,head_error_delta,pearson,none,,3344,1,-0.10581988413228187
adaptation,100,pooled,PC2,head_error_delta,pearson,fold_potency_charge,fold;y_true;prepared_formal_charge,3344,11,-0.2645604206533124
adaptation,100,pooled,PC2,head_error_delta,pearson,fold_potency_charge_MW,fold;y_true;prepared_formal_charge;MW,3344,12,-0.26230248862456407
adaptation,100,pooled,PC2,head_error_delta,spearman,none,,3344,1,0.033819212732314474
adaptation,100,pooled,PC2,head_error_delta,spearman,fold_potency_charge,fold;y_true;prepared_formal_charge,3344,11,-0.2643529085967065
adaptation,100,pooled,PC2,head_error_delta,spearman,fold_potency_charge_MW,fold;y_true;prepared_formal_charge;MW,3344,12,-0.2735443994225397
adaptation,100,pooled,PC2,lora_total_signed_change,pearson,none,,3344,1,-0.1275785808455447
adaptation,100,pooled,PC2,lora_total_signed_change,pearson,fold_potency_charge,fold;y_true;prepared_formal_charge,3344,11,-0.2578845573843792
adaptation,100,pooled,PC2,lora_total_signed_change,pearson,fold_potency_charge_MW,fold;y_true;prepared_formal_charge;MW,3344,12,-0.2655147302872513
adaptation,100,pooled,PC2,lora_total_signed_change,spearman,none,,3344,1,0.26191916101727514
adaptation,100,pooled,PC2,lora_total_signed_change,spearman,fold_potency_charge,fold;y_true;prepared_formal_charge,3344,11,0.11272977992505638
adaptation,100,pooled,PC2,lora_total_signed_change,spearman,fold_potency_charge_MW,fold;y_true;prepared_formal_charge;MW,3344,12,0.10364777606420578
adaptation,100,pooled,PC2,lora_total_magnitude,pearson,none,,3344,1,0.15409536193214177
adaptation,100,pooled,PC2,lora_total_magnitude,pearson,fold_potency_charge,fold;y_true;prepared_formal_charge,3344,11,0.2850306620590455
adaptation,100,pooled,PC2,lora_total_magnitude,pearson,fold_potency_charge_MW,fold;y_true;prepared_formal_charge;MW,3344,12,0.29514313908544093
adaptation,100,pooled,PC2,lora_total_magnitude,spearman,none,,3344,1,-0.25077324677486074
adaptation,100,pooled,PC2,lora_total_magnitude,spearman,fold_potency_charge,fold;y_true;prepared_formal_charge,3344,11,-0.10689639043449399
adaptation,100,pooled,PC2,lora_total_magnitude,spearman,fold_potency_charge_MW,fold;y_true;prepared_formal_charge;MW,3344,12,-0.09777677612442572
adaptation,100,pooled,PC2,lora_total_error_delta,pearson,none,,3344,1,-0.011183613228410879
adaptation,100,pooled,PC2,lora_total_error_delta,pearson,fold_potency_charge,fold;y_true;prepared_formal_charge,3344,11,-0.14588334590025306
adaptation,100,pooled,PC2,lora_total_error_delta,pearson,fold_potency_charge_MW,fold;y_true;prepared_formal_charge;MW,3344,12,-0.1400743660233926
adaptation,100,pooled,PC2,lora_total_error_delta,spearman,none,,3344,1,0.10079441756687396
adaptation,100,pooled,PC2,lora_total_error_delta,spearman,fold_potency_charge,fold;y_true;prepared_formal_charge,3344,11,-0.18413104391689125
adaptation,100,pooled,PC2,lora_total_error_delta,spearman,fold_potency_charge_MW,fold;y_true;prepared_formal_charge;MW,3344,12,-0.190583442369439
adaptation,100,pooled,PC2,lora_increment_signed_change,pearson,none,,3344,1,0.241778400499424
adaptation,100,pooled,PC2,lora_increment_signed_change,pearson,fold_potency_charge,fold;y_true;prepared_formal_charge,3344,11,0.18296764087413575
adaptation,100,pooled,PC2,lora_increment_signed_change,pearson,fold_potency_charge_MW,fold;y_true;prepared_formal_charge;MW,3344,12,0.19438484409844728
adaptation,100,pooled,PC2,lora_increment_signed_change,spearman,none,,3344,1,0.48672533498202214
adaptation,100,pooled,PC2,lora_increment_signed_change,spearman,fold_potency_charge,fold;y_true;prepared_formal_charge,3344,11,0.3837173294905494
adaptation,100,pooled,PC2,lora_increment_signed_change,spearman,fold_potency_charge_MW,fold;y_true;prepared_formal_charge;MW,3344,12,0.3814318623935092
adaptation,100,pooled,PC2,lora_increment_magnitude,pearson,none,,3344,1,-0.008375016567185705
adaptation,100,pooled,PC2,lora_increment_magnitude,pearson,fold_potency_charge,fold;y_true;prepared_formal_charge,3344,11,0.06411320379887861
adaptation,100,pooled,PC2,lora_increment_magnitude,pearson,fold_potency_charge_MW,fold;y_true;prepared_formal_charge;MW,3344,12,0.05616891867887562
adaptation,100,pooled,PC2,lora_increment_magnitude,spearman,none,,3344,1,-0.18589434814547343
adaptation,100,pooled,PC2,lora_increment_magnitude,spearman,fold_potency_charge,fold;y_true;prepared_formal_charge,3344,11,-0.09104789586302045
adaptation,100,pooled,PC2,lora_increment_magnitude,spearman,fold_potency_charge_MW,fold;y_true;prepared_formal_charge;MW,3344,12,-0.08665684548774352
adaptation,100,pooled,PC2,lora_increment_error_delta,pearson,none,,3344,1,0.19052276639611393
adaptation,100,pooled,PC2,lora_increment_error_delta,pearson,fold_potency_charge,fold;y_true;prepared_formal_charge,3344,11,0.15731249553640633
adaptation,100,pooled,PC2,lora_increment_error_delta,pearson,fold_potency_charge_MW,fold;y_true;prepared_formal_charge;MW,3344,12,0.16049987077289804
adaptation,100,pooled,PC2,lora_increment_error_delta,spearman,none,,3344,1,0.1824683222090724
adaptation,100,pooled,PC2,lora_increment_error_delta,spearman,fold_potency_charge,fold;y_true;prepared_formal_charge,3344,11,0.09476697788602685
adaptation,100,pooled,PC2,lora_increment_error_delta,spearman,fold_potency_charge_MW,fold;y_true;prepared_formal_charge;MW,3344,12,0.09307932684482986
adaptation,100,pooled,PC3,head_signed_change,pearson,none,,3344,1,-0.283253946556039
adaptation,100,pooled,PC3,head_signed_change,pearson,fold_potency_charge,fold;y_true;prepared_formal_charge,3344,11,-0.22842779645160147
adaptation,100,pooled,PC3,head_signed_change,pearson,fold_potency_charge_MW,fold;y_true;prepared_formal_charge;MW,3344,12,-0.24075156647210794
adaptation,100,pooled,PC3,head_signed_change,spearman,none,,3344,1,-0.3869014717063371
adaptation,100,pooled,PC3,head_signed_change,spearman,fold_potency_charge,fold;y_true;prepared_formal_charge,3344,11,-0.3690279598861987
adaptation,100,pooled,PC3,head_signed_change,spearman,fold_potency_charge_MW,fold;y_true;prepared_formal_charge;MW,3344,12,-0.3665420682463269
adaptation,100,pooled,PC3,head_magnitude,pearson,none,,3344,1,0.2841397965885081
adaptation,100,pooled,PC3,head_magnitude,pearson,fold_potency_charge,fold;y_true;prepared_formal_charge,3344,11,0.2264246073431785
adaptation,100,pooled,PC3,head_magnitude,pearson,fold_potency_charge_MW,fold;y_true;prepared_formal_charge;MW,3344,12,0.23646167654906994
adaptation,100,pooled,PC3,head_magnitude,spearman,none,,3344,1,0.38643462665857253
adaptation,100,pooled,PC3,head_magnitude,spearman,fold_potency_charge,fold;y_true;prepared_formal_charge,3344,11,0.36560324455299337
adaptation,100,pooled,PC3,head_magnitude,spearman,fold_potency_charge_MW,fold;y_true;prepared_formal_charge;MW,3344,12,0.3613043518684608
adaptation,100,pooled,PC3,head_error_delta,pearson,none,,3344,1,-0.3436198582810676
adaptation,100,pooled,PC3,head_error_delta,pearson,fold_potency_charge,fold;y_true;prepared_formal_charge,3344,11,-0.2935798758090063
adaptation,100,pooled,PC3,head_error_delta,pearson,fold_potency_charge_MW,fold;y_true;prepared_formal_charge;MW,3344,12,-0.29659541485097485
adaptation,100,pooled,PC3,head_error_delta,spearman,none,,3344,1,-0.3265391771472968
adaptation,100,pooled,PC3,head_error_delta,spearman,fold_potency_charge,fold;y_true;prepared_formal_charge,3344,11,-0.31352281095408163
adaptation,100,pooled,PC3,head_error_delta,spearman,fold_potency_charge_MW,fold;y_true;prepared_formal_charge;MW,3344,12,-0.3065778764374408
adaptation,100,pooled,PC3,lora_total_signed_change,pearson,none,,3344,1,-0.22853061476283457
adaptation,100,pooled,PC3,lora_total_signed_change,pearson,fold_potency_charge,fold;y_true;prepared_formal_charge,3344,11,-0.14984077198375068
adaptation,100,pooled,PC3,lora_total_signed_change,pearson,fold_potency_charge_MW,fold;y_true;prepared_formal_charge;MW,3344,12,-0.15482333629243009
adaptation,100,pooled,PC3,lora_total_signed_change,spearman,none,,3344,1,-0.2743592524465378
adaptation,100,pooled,PC3,lora_total_signed_change,spearman,fold_potency_charge,fold;y_true;prepared_formal_charge,3344,11,-0.22134751844074618
adaptation,100,pooled,PC3,lora_total_signed_change,spearman,fold_potency_charge_MW,fold;y_true;prepared_formal_charge;MW,3344,12,-0.20776500610837523
adaptation,100,pooled,PC3,lora_total_magnitude,pearson,none,,3344,1,0.2358555938182583
adaptation,100,pooled,PC3,lora_total_magnitude,pearson,fold_potency_charge,fold;y_true;prepared_formal_charge,3344,11,0.15922192078643568
adaptation,100,pooled,PC3,lora_total_magnitude,pearson,fold_potency_charge_MW,fold;y_true;prepared_formal_charge;MW,3344,12,0.16496972707186267
adaptation,100,pooled,PC3,lora_total_magnitude,spearman,none,,3344,1,0.28237770629515774
adaptation,100,pooled,PC3,lora_total_magnitude,spearman,fold_potency_charge,fold;y_true;prepared_formal_charge,3344,11,0.23105858102544338
adaptation,100,pooled,PC3,lora_total_magnitude,spearman,fold_potency_charge_MW,fold;y_true;prepared_formal_charge;MW,3344,12,0.21821451897401126
adaptation,100,pooled,PC3,lora_total_error_delta,pearson,none,,3344,1,-0.3292254849102227
adaptation,100,pooled,PC3,lora_total_error_delta,pearson,fold_potency_charge,fold;y_true;prepared_formal_charge,3344,11,-0.2763177356250239
adaptation,100,pooled,PC3,lora_total_error_delta,pearson,fold_potency_charge_MW,fold;y_true;prepared_formal_charge;MW,3344,12,-0.2788643374888174
adaptation,100,pooled,PC3,lora_total_error_delta,spearman,none,,3344,1,-0.2854867332616878
adaptation,100,pooled,PC3,lora_total_error_delta,spearman,fold_potency_charge,fold;y_true;prepared_formal_charge,3344,11,-0.25253111718177856
adaptation,100,pooled,PC3,lora_total_error_delta,spearman,fold_potency_charge_MW,fold;y_true;prepared_formal_charge;MW,3344,12,-0.24608066330675277
adaptation,100,pooled,PC3,lora_increment_signed_change,pearson,none,,3344,1,-0.030760762872883252
adaptation,100,pooled,PC3,lora_increment_signed_change,pearson,fold_potency_charge,fold;y_true;prepared_formal_charge,3344,11,0.07734230469646762
adaptation,100,pooled,PC3,lora_increment_signed_change,pearson,fold_potency_charge_MW,fold;y_true;prepared_formal_charge;MW,3344,12,0.08311909943815979
adaptation,100,pooled,PC3,lora_increment_signed_change,spearman,none,,3344,1,0.008019859752188174
adaptation,100,pooled,PC3,lora_increment_signed_change,spearman,fold_potency_charge,fold;y_true;prepared_formal_charge,3344,11,0.1233409018763863
adaptation,100,pooled,PC3,lora_increment_signed_change,spearman,fold_potency_charge_MW,fold;y_true;prepared_formal_charge;MW,3344,12,0.1338378501505011
adaptation,100,pooled,PC3,lora_increment_magnitude,pearson,none,,3344,1,0.1988081347437367
adaptation,100,pooled,PC3,lora_increment_magnitude,pearson,fold_potency_charge,fold;y_true;prepared_formal_charge,3344,11,0.1561929129534526
adaptation,100,pooled,PC3,lora_increment_magnitude,pearson,fold_potency_charge_MW,fold;y_true;prepared_formal_charge;MW,3344,12,0.15504701339639315
adaptation,100,pooled,PC3,lora_increment_magnitude,spearman,none,,3344,1,0.17846807103361007
adaptation,100,pooled,PC3,lora_increment_magnitude,spearman,fold_potency_charge,fold;y_true;prepared_formal_charge,3344,11,0.14391489691967493
adaptation,100,pooled,PC3,lora_increment_magnitude,spearman,fold_potency_charge_MW,fold;y_true;prepared_formal_charge;MW,3344,12,0.13651139811611487
adaptation,100,pooled,PC3,lora_increment_error_delta,pearson,none,,3344,1,-0.11343909620989454
adaptation,100,pooled,PC3,lora_increment_error_delta,pearson,fold_potency_charge,fold;y_true;prepared_formal_charge,3344,11,-0.0455845344193581
adaptation,100,pooled,PC3,lora_increment_error_delta,pearson,fold_potency_charge_MW,fold;y_true;prepared_formal_charge;MW,3344,12,-0.044202649339203155
adaptation,100,pooled,PC3,lora_increment_error_delta,spearman,none,,3344,1,-0.06859582473158539
adaptation,100,pooled,PC3,lora_increment_error_delta,spearman,fold_potency_charge,fold;y_true;prepared_formal_charge,3344,11,-0.007876244183465397
adaptation,100,pooled,PC3,lora_increment_error_delta,spearman,fold_potency_charge_MW,fold;y_true;prepared_formal_charge;MW,3344,12,-0.004678652901908979
adaptation,100,pooled,PC4,head_signed_change,pearson,none,,3344,1,-0.05118665626408469
adaptation,100,pooled,PC4,head_signed_change,pearson,fold_potency_charge,fold;y_true;prepared_formal_charge,3344,11,0.007465517356480527
adaptation,100,pooled,PC4,head_signed_change,pearson,fold_potency_charge_MW,fold;y_true;prepared_formal_charge;MW,3344,12,0.05185596396418707
adaptation,100,pooled,PC4,head_signed_change,spearman,none,,3344,1,-0.008286414184504352
adaptation,100,pooled,PC4,head_signed_change,spearman,fold_potency_charge,fold;y_true;prepared_formal_charge,3344,11,0.04973427859255146
adaptation,100,pooled,PC4,head_signed_change,spearman,fold_potency_charge_MW,fold;y_true;prepared_formal_charge;MW,3344,12,0.07669362596163548
adaptation,100,pooled,PC4,head_magnitude,pearson,none,,3344,1,0.04558909420860339
adaptation,100,pooled,PC4,head_magnitude,pearson,fold_potency_charge,fold;y_true;prepared_formal_charge,3344,11,-0.013053464592090298
adaptation,100,pooled,PC4,head_magnitude,pearson,fold_potency_charge_MW,fold;y_true;prepared_formal_charge;MW,3344,12,-0.05496868348597913
adaptation,100,pooled,PC4,head_magnitude,spearman,none,,3344,1,0.000438930290695827
adaptation,100,pooled,PC4,head_magnitude,spearman,fold_potency_charge,fold;y_true;prepared_formal_charge,3344,11,-0.056378537955454736
adaptation,100,pooled,PC4,head_magnitude,spearman,fold_potency_charge_MW,fold;y_true;prepared_formal_charge;MW,3344,12,-0.08129483326866555
adaptation,100,pooled,PC4,head_error_delta,pearson,none,,3344,1,-0.023851843317967976
adaptation,100,pooled,PC4,head_error_delta,pearson,fold_potency_charge,fold;y_true;prepared_formal_charge,3344,11,0.12211961971014709
adaptation,100,pooled,PC4,head_error_delta,pearson,fold_potency_charge_MW,fold;y_true;prepared_formal_charge;MW,3344,12,0.1493388569503942
adaptation,100,pooled,PC4,head_error_delta,spearman,none,,3344,1,-0.030582346612879334
adaptation,100,pooled,PC4,head_error_delta,spearman,fold_potency_charge,fold;y_true;prepared_formal_charge,3344,11,0.16380920929688136
adaptation,100,pooled,PC4,head_error_delta,spearman,fold_potency_charge_MW,fold;y_true;prepared_formal_charge;MW,3344,12,0.17414271055777017
adaptation,100,pooled,PC4,lora_total_signed_change,pearson,none,,3344,1,-0.12466710458779479
adaptation,100,pooled,PC4,lora_total_signed_change,pearson,fold_potency_charge,fold;y_true;prepared_formal_charge,3344,11,-0.06122640337741571
adaptation,100,pooled,PC4,lora_total_signed_change,pearson,fold_potency_charge_MW,fold;y_true;prepared_formal_charge;MW,3344,12,-0.023135207058573526
adaptation,100,pooled,PC4,lora_total_signed_change,spearman,none,,3344,1,-0.15162087861058685
adaptation,100,pooled,PC4,lora_total_signed_change,spearman,fold_potency_charge,fold;y_true;prepared_formal_charge,3344,11,-0.08462125495932951
adaptation,100,pooled,PC4,lora_total_signed_change,spearman,fold_potency_charge_MW,fold;y_true;prepared_formal_charge;MW,3344,12,-0.06847610922705061
adaptation,100,pooled,PC4,lora_total_magnitude,pearson,none,,3344,1,0.10182090618532198
adaptation,100,pooled,PC4,lora_total_magnitude,pearson,fold_potency_charge,fold;y_true;prepared_formal_charge,3344,11,0.03752933540195315
adaptation,100,pooled,PC4,lora_total_magnitude,pearson,fold_potency_charge_MW,fold;y_true;prepared_formal_charge;MW,3344,12,-0.0027722326370329255
adaptation,100,pooled,PC4,lora_total_magnitude,spearman,none,,3344,1,0.12891180175977227
adaptation,100,pooled,PC4,lora_total_magnitude,spearman,fold_potency_charge,fold;y_true;prepared_formal_charge,3344,11,0.062171544797994215
adaptation,100,pooled,PC4,lora_total_magnitude,spearman,fold_potency_charge_MW,fold;y_true;prepared_formal_charge;MW,3344,12,0.04583672321816949
adaptation,100,pooled,PC4,lora_total_error_delta,pearson,none,,3344,1,-0.045462982921636474
adaptation,100,pooled,PC4,lora_total_error_delta,pearson,fold_potency_charge,fold;y_true;prepared_formal_charge,3344,11,0.10116738973518775
adaptation,100,pooled,PC4,lora_total_error_delta,pearson,fold_potency_charge_MW,fold;y_true;prepared_formal_charge;MW,3344,12,0.1277829335488094
adaptation,100,pooled,PC4,lora_total_error_delta,spearman,none,,3344,1,-0.0692502761905803
adaptation,100,pooled,PC4,lora_total_error_delta,spearman,fold_potency_charge,fold;y_true;prepared_formal_charge,3344,11,0.11319785243412177
adaptation,100,pooled,PC4,lora_total_error_delta,spearman,fold_potency_charge_MW,fold;y_true;prepared_formal_charge;MW,3344,12,0.1209045609265861
adaptation,100,pooled,PC4,lora_increment_signed_change,pearson,none,,3344,1,-0.1811626516473388
adaptation,100,pooled,PC4,lora_increment_signed_change,pearson,fold_potency_charge,fold;y_true;prepared_formal_charge,3344,11,-0.14447951264874517
adaptation,100,pooled,PC4,lora_increment_signed_change,pearson,fold_potency_charge_MW,fold;y_true;prepared_formal_charge;MW,3344,12,-0.129601257939612
adaptation,100,pooled,PC4,lora_increment_signed_change,spearman,none,,3344,1,-0.23617851036813714
adaptation,100,pooled,PC4,lora_increment_signed_change,spearman,fold_potency_charge,fold;y_true;prepared_formal_charge,3344,11,-0.19983615421138184
adaptation,100,pooled,PC4,lora_increment_signed_change,spearman,fold_potency_charge_MW,fold;y_true;prepared_formal_charge;MW,3344,12,-0.19447285240523893
adaptation,100,pooled,PC4,lora_increment_magnitude,pearson,none,,3344,1,0.04266493459622961
adaptation,100,pooled,PC4,lora_increment_magnitude,pearson,fold_potency_charge,fold;y_true;prepared_formal_charge,3344,11,0.010493067038759244
adaptation,100,pooled,PC4,lora_increment_magnitude,pearson,fold_potency_charge_MW,fold;y_true;prepared_formal_charge;MW,3344,12,-0.011235844303710635
adaptation,100,pooled,PC4,lora_increment_magnitude,spearman,none,,3344,1,0.04620649596319408
adaptation,100,pooled,PC4,lora_increment_magnitude,spearman,fold_potency_charge,fold;y_true;prepared_formal_charge,3344,11,0.02363143606240544
adaptation,100,pooled,PC4,lora_increment_magnitude,spearman,fold_potency_charge_MW,fold;y_true;prepared_formal_charge;MW,3344,12,0.017102527948487975
adaptation,100,pooled,PC4,lora_increment_error_delta,pearson,none,,3344,1,-0.06438703873073186
adaptation,100,pooled,PC4,lora_increment_error_delta,pearson,fold_potency_charge,fold;y_true;prepared_formal_charge,3344,11,-0.007533275092495872
adaptation,100,pooled,PC4,lora_increment_error_delta,pearson,fold_potency_charge_MW,fold;y_true;prepared_formal_charge;MW,3344,12,-0.001399448190901509
adaptation,100,pooled,PC4,lora_increment_error_delta,spearman,none,,3344,1,-0.08427074065149767
adaptation,100,pooled,PC4,lora_increment_error_delta,spearman,fold_potency_charge,fold;y_true;prepared_formal_charge,3344,11,-0.029847998211761376
adaptation,100,pooled,PC4,lora_increment_error_delta,spearman,fold_potency_charge_MW,fold;y_true;prepared_formal_charge;MW,3344,12,-0.02744560904106072
adaptation,100,pooled,PC5,head_signed_change,pearson,none,,3344,1,0.22838888489688697
adaptation,100,pooled,PC5,head_signed_change,pearson,fold_potency_charge,fold;y_true;prepared_formal_charge,3344,11,0.18181226860761132
adaptation,100,pooled,PC5,head_signed_change,pearson,fold_potency_charge_MW,fold;y_true;prepared_formal_charge;MW,3344,12,0.11799585517883383
adaptation,100,pooled,PC5,head_signed_change,spearman,none,,3344,1,0.22687474734459634
adaptation,100,pooled,PC5,head_signed_change,spearman,fold_potency_charge,fold;y_true;prepared_formal_charge,3344,11,0.20018572408393778
adaptation,100,pooled,PC5,head_signed_change,spearman,fold_potency_charge_MW,fold;y_true;prepared_formal_charge;MW,3344,12,0.17097938659663492
adaptation,100,pooled,PC5,head_magnitude,pearson,none,,3344,1,-0.21336980491947768
adaptation,100,pooled,PC5,head_magnitude,pearson,fold_potency_charge,fold;y_true;prepared_formal_charge,3344,11,-0.16342674719752504
adaptation,100,pooled,PC5,head_magnitude,pearson,fold_potency_charge_MW,fold;y_true;prepared_formal_charge;MW,3344,12,-0.10106050019217565
adaptation,100,pooled,PC5,head_magnitude,spearman,none,,3344,1,-0.2117943580363603
adaptation,100,pooled,PC5,head_magnitude,spearman,fold_potency_charge,fold;y_true;prepared_formal_charge,3344,11,-0.1827719863602375
adaptation,100,pooled,PC5,head_magnitude,spearman,fold_potency_charge_MW,fold;y_true;prepared_formal_charge;MW,3344,12,-0.15385906641669087
adaptation,100,pooled,PC5,head_error_delta,pearson,none,,3344,1,0.15821868304624437
adaptation,100,pooled,PC5,head_error_delta,pearson,fold_potency_charge,fold;y_true;prepared_formal_charge,3344,11,0.06916965348285894
adaptation,100,pooled,PC5,head_error_delta,pearson,fold_potency_charge_MW,fold;y_true;prepared_formal_charge;MW,3344,12,0.027148441485106176
adaptation,100,pooled,PC5,head_error_delta,spearman,none,,3344,1,0.07860569038760375
adaptation,100,pooled,PC5,head_error_delta,spearman,fold_potency_charge,fold;y_true;prepared_formal_charge,3344,11,-0.016311538660834467
adaptation,100,pooled,PC5,head_error_delta,spearman,fold_potency_charge_MW,fold;y_true;prepared_formal_charge;MW,3344,12,-0.03291915936019961
adaptation,100,pooled,PC5,lora_total_signed_change,pearson,none,,3344,1,0.2590337672433281
adaptation,100,pooled,PC5,lora_total_signed_change,pearson,fold_potency_charge,fold;y_true;prepared_formal_charge,3344,11,0.21133389953607556
adaptation,100,pooled,PC5,lora_total_signed_change,pearson,fold_potency_charge_MW,fold;y_true;prepared_formal_charge;MW,3344,12,0.14978934693454968
adaptation,100,pooled,PC5,lora_total_signed_change,spearman,none,,3344,1,0.25875712584152205
adaptation,100,pooled,PC5,lora_total_signed_change,spearman,fold_potency_charge,fold;y_true;prepared_formal_charge,3344,11,0.2256028070957673
adaptation,100,pooled,PC5,lora_total_signed_change,spearman,fold_potency_charge_MW,fold;y_true;prepared_formal_charge;MW,3344,12,0.1994802952963622
adaptation,100,pooled,PC5,lora_total_magnitude,pearson,none,,3344,1,-0.2376909417160977
adaptation,100,pooled,PC5,lora_total_magnitude,pearson,fold_potency_charge,fold;y_true;prepared_formal_charge,3344,11,-0.18446634761869402
adaptation,100,pooled,PC5,lora_total_magnitude,pearson,fold_potency_charge_MW,fold;y_true;prepared_formal_charge;MW,3344,12,-0.12012350564009004
adaptation,100,pooled,PC5,lora_total_magnitude,spearman,none,,3344,1,-0.23286532285856343
adaptation,100,pooled,PC5,lora_total_magnitude,spearman,fold_potency_charge,fold;y_true;prepared_formal_charge,3344,11,-0.19326811915395917
adaptation,100,pooled,PC5,lora_total_magnitude,spearman,fold_potency_charge_MW,fold;y_true;prepared_formal_charge;MW,3344,12,-0.16657542868645706
adaptation,100,pooled,PC5,lora_total_error_delta,pearson,none,,3344,1,0.16558443914120474
adaptation,100,pooled,PC5,lora_total_error_delta,pearson,fold_potency_charge,fold;y_true;prepared_formal_charge,3344,11,0.07732870299103155
adaptation,100,pooled,PC5,lora_total_error_delta,pearson,fold_potency_charge_MW,fold;y_true;prepared_formal_charge;MW,3344,12,0.035546610430056615
adaptation,100,pooled,PC5,lora_total_error_delta,spearman,none,,3344,1,0.08684368334921241
adaptation,100,pooled,PC5,lora_total_error_delta,spearman,fold_potency_charge,fold;y_true;prepared_formal_charge,3344,11,-0.009731745156761075
adaptation,100,pooled,PC5,lora_total_error_delta,spearman,fold_potency_charge_MW,fold;y_true;prepared_formal_charge;MW,3344,12,-0.022998868774868113
adaptation,100,pooled,PC5,lora_increment_signed_change,pearson,none,,3344,1,0.1822900075390487
adaptation,100,pooled,PC5,lora_increment_signed_change,pearson,fold_potency_charge,fold;y_true;prepared_formal_charge,3344,11,0.13609667113846718
adaptation,100,pooled,PC5,lora_increment_signed_change,pearson,fold_potency_charge_MW,fold;y_true;prepared_formal_charge;MW,3344,12,0.10541958139284245
adaptation,100,pooled,PC5,lora_increment_signed_change,spearman,none,,3344,1,0.1564810989244589
adaptation,100,pooled,PC5,lora_increment_signed_change,spearman,fold_potency_charge,fold;y_true;prepared_formal_charge,3344,11,0.11166376103484485
adaptation,100,pooled,PC5,lora_increment_signed_change,spearman,fold_potency_charge_MW,fold;y_true;prepared_formal_charge;MW,3344,12,0.0994194182891813
adaptation,100,pooled,PC5,lora_increment_magnitude,pearson,none,,3344,1,-0.11928912303819464
adaptation,100,pooled,PC5,lora_increment_magnitude,pearson,fold_potency_charge,fold;y_true;prepared_formal_charge,3344,11,-0.08158734149484016
adaptation,100,pooled,PC5,lora_increment_magnitude,pearson,fold_potency_charge_MW,fold;y_true;prepared_formal_charge;MW,3344,12,-0.04200467143742134
adaptation,100,pooled,PC5,lora_increment_magnitude,spearman,none,,3344,1,-0.048806489401414556
adaptation,100,pooled,PC5,lora_increment_magnitude,spearman,fold_potency_charge,fold;y_true;prepared_formal_charge,3344,11,-0.012058073538619834
adaptation,100,pooled,PC5,lora_increment_magnitude,spearman,fold_potency_charge_MW,fold;y_true;prepared_formal_charge;MW,3344,12,0.0007956413354713121
adaptation,100,pooled,PC5,lora_increment_error_delta,pearson,none,,3344,1,0.08720867981061213
adaptation,100,pooled,PC5,lora_increment_error_delta,pearson,fold_potency_charge,fold;y_true;prepared_formal_charge,3344,11,0.03426148343817631
adaptation,100,pooled,PC5,lora_increment_error_delta,pearson,fold_potency_charge_MW,fold;y_true;prepared_formal_charge;MW,3344,12,0.022818376026036195
adaptation,100,pooled,PC5,lora_increment_error_delta,spearman,none,,3344,1,0.06433846133086275
adaptation,100,pooled,PC5,lora_increment_error_delta,spearman,fold_potency_charge,fold;y_true;prepared_formal_charge,3344,11,0.022544249195130588
adaptation,100,pooled,PC5,lora_increment_error_delta,spearman,fold_potency_charge_MW,fold;y_true;prepared_formal_charge;MW,3344,12,0.01791014075579583
size_adaptation,100,pooled,MW,head_signed_change,pearson,none,,3344,1,0.5235144447593745
size_adaptation,100,pooled,MW,head_signed_change,pearson,fold_potency_charge,fold;y_true;prepared_formal_charge,3344,11,0.41596854112086024
size_adaptation,100,pooled,MW,head_signed_change,pearson,fold_potency_charge_MW,fold;y_true;prepared_formal_charge,3344,11,0.41596854112086024
size_adaptation,100,pooled,MW,head_signed_change,spearman,none,,3344,1,0.4461532977480019
size_adaptation,100,pooled,MW,head_signed_change,spearman,fold_potency_charge,fold;y_true;prepared_formal_charge,3344,11,0.36038355123640775
size_adaptation,100,pooled,MW,head_signed_change,spearman,fold_potency_charge_MW,fold;y_true;prepared_formal_charge,3344,11,0.36038355123640775
size_adaptation,100,pooled,MW,head_magnitude,pearson,none,,3344,1,-0.5071978978904886
size_adaptation,100,pooled,MW,head_magnitude,pearson,fold_potency_charge,fold;y_true;prepared_formal_charge,3344,11,-0.39271023702993346
size_adaptation,100,pooled,MW,head_magnitude,pearson,fold_potency_charge_MW,fold;y_true;prepared_formal_charge,3344,11,-0.39271023702993346
size_adaptation,100,pooled,MW,head_magnitude,spearman,none,,3344,1,-0.42385513207877545
size_adaptation,100,pooled,MW,head_magnitude,spearman,fold_potency_charge,fold;y_true;prepared_formal_charge,3344,11,-0.33422080219685946
size_adaptation,100,pooled,MW,head_magnitude,spearman,fold_potency_charge_MW,fold;y_true;prepared_formal_charge,3344,11,-0.33422080219685946
size_adaptation,100,pooled,MW,head_error_delta,pearson,none,,3344,1,0.44187920906243616
size_adaptation,100,pooled,MW,head_error_delta,pearson,fold_potency_charge,fold;y_true;prepared_formal_charge,3344,11,0.23560110017657224
size_adaptation,100,pooled,MW,head_error_delta,pearson,fold_potency_charge_MW,fold;y_true;prepared_formal_charge,3344,11,0.23560110017657224
size_adaptation,100,pooled,MW,head_error_delta,spearman,none,,3344,1,0.35656752346159004
size_adaptation,100,pooled,MW,head_error_delta,spearman,fold_potency_charge,fold;y_true;prepared_formal_charge,3344,11,0.13864734382500146
size_adaptation,100,pooled,MW,head_error_delta,spearman,fold_potency_charge_MW,fold;y_true;prepared_formal_charge,3344,11,0.13864734382500146
size_adaptation,100,pooled,MW,lora_total_signed_change,pearson,none,,3344,1,0.5415313664903812
size_adaptation,100,pooled,MW,lora_total_signed_change,pearson,fold_potency_charge,fold;y_true;prepared_formal_charge,3344,11,0.4255185022505068
size_adaptation,100,pooled,MW,lora_total_signed_change,pearson,fold_potency_charge_MW,fold;y_true;prepared_formal_charge,3344,11,0.4255185022505068
size_adaptation,100,pooled,MW,lora_total_signed_change,spearman,none,,3344,1,0.4526578669780027
size_adaptation,100,pooled,MW,lora_total_signed_change,spearman,fold_potency_charge,fold;y_true;prepared_formal_charge,3344,11,0.33693120705840374
size_adaptation,100,pooled,MW,lora_total_signed_change,spearman,fold_potency_charge_MW,fold;y_true;prepared_formal_charge,3344,11,0.33693120705840374
size_adaptation,100,pooled,MW,lora_total_magnitude,pearson,none,,3344,1,-0.5379337039158376
size_adaptation,100,pooled,MW,lora_total_magnitude,pearson,fold_potency_charge,fold;y_true;prepared_formal_charge,3344,11,-0.42179736973509097
size_adaptation,100,pooled,MW,lora_total_magnitude,pearson,fold_potency_charge_MW,fold;y_true;prepared_formal_charge,3344,11,-0.42179736973509097
size_adaptation,100,pooled,MW,lora_total_magnitude,spearman,none,,3344,1,-0.4293055044567222
size_adaptation,100,pooled,MW,lora_total_magnitude,spearman,fold_potency_charge,fold;y_true;prepared_formal_charge,3344,11,-0.31057351511771414
size_adaptation,100,pooled,MW,lora_total_magnitude,spearman,fold_potency_charge_MW,fold;y_true;prepared_formal_charge,3344,11,-0.31057351511771414
size_adaptation,100,pooled,MW,lora_total_error_delta,pearson,none,,3344,1,0.445851732381142
size_adaptation,100,pooled,MW,lora_total_error_delta,pearson,fold_potency_charge,fold;y_true;prepared_formal_charge,3344,11,0.23637750299670618
size_adaptation,100,pooled,MW,lora_total_error_delta,pearson,fold_potency_charge_MW,fold;y_true;prepared_formal_charge,3344,11,0.23637750299670618
size_adaptation,100,pooled,MW,lora_total_error_delta,spearman,none,,3344,1,0.3438428857355847
size_adaptation,100,pooled,MW,lora_total_error_delta,spearman,fold_potency_charge,fold;y_true;prepared_formal_charge,3344,11,0.11189026039539705
size_adaptation,100,pooled,MW,lora_total_error_delta,spearman,fold_potency_charge_MW,fold;y_true;prepared_formal_charge,3344,11,0.11189026039539705
size_adaptation,100,pooled,MW,lora_increment_signed_change,pearson,none,,3344,1,0.3078378442062087
size_adaptation,100,pooled,MW,lora_increment_signed_change,pearson,fold_potency_charge,fold;y_true;prepared_formal_charge,3344,11,0.18687912592383085
size_adaptation,100,pooled,MW,lora_increment_signed_change,pearson,fold_potency_charge_MW,fold;y_true;prepared_formal_charge,3344,11,0.18687912592383085
size_adaptation,100,pooled,MW,lora_increment_signed_change,spearman,none,,3344,1,0.24415036944663568
size_adaptation,100,pooled,MW,lora_increment_signed_change,spearman,fold_potency_charge,fold;y_true;prepared_formal_charge,3344,11,0.11730410417698707
size_adaptation,100,pooled,MW,lora_increment_signed_change,spearman,fold_potency_charge_MW,fold;y_true;prepared_formal_charge,3344,11,0.11730410417698707
size_adaptation,100,pooled,MW,lora_increment_magnitude,pearson,none,,3344,1,-0.29236714261859936
size_adaptation,100,pooled,MW,lora_increment_magnitude,pearson,fold_potency_charge,fold;y_true;prepared_formal_charge,3344,11,-0.2253826640341172
size_adaptation,100,pooled,MW,lora_increment_magnitude,pearson,fold_potency_charge_MW,fold;y_true;prepared_formal_charge,3344,11,-0.2253826640341172
size_adaptation,100,pooled,MW,lora_increment_magnitude,spearman,none,,3344,1,-0.16954100727157692
size_adaptation,100,pooled,MW,lora_increment_magnitude,spearman,fold_potency_charge,fold;y_true;prepared_formal_charge,3344,11,-0.11081019356646402
size_adaptation,100,pooled,MW,lora_increment_magnitude,spearman,fold_potency_charge_MW,fold;y_true;prepared_formal_charge,3344,11,-0.11081019356646402
size_adaptation,100,pooled,MW,lora_increment_error_delta,pearson,none,,3344,1,0.20207212384570275
size_adaptation,100,pooled,MW,lora_increment_error_delta,pearson,fold_potency_charge,fold;y_true;prepared_formal_charge,3344,11,0.06472717247453028
size_adaptation,100,pooled,MW,lora_increment_error_delta,pearson,fold_potency_charge_MW,fold;y_true;prepared_formal_charge,3344,11,0.06472717247453028
size_adaptation,100,pooled,MW,lora_increment_error_delta,spearman,none,,3344,1,0.16173172564758678
size_adaptation,100,pooled,MW,lora_increment_error_delta,spearman,fold_potency_charge,fold;y_true;prepared_formal_charge,3344,11,0.0411533339955972
size_adaptation,100,pooled,MW,lora_increment_error_delta,spearman,fold_potency_charge_MW,fold;y_true;prepared_formal_charge,3344,11,0.0411533339955972
adaptation_fold,100,0,norm_l2,head_signed_change,pearson,none,,669,1,-0.47369677105672464
adaptation_fold,100,0,norm_l2,head_signed_change,pearson,fold_potency_charge,fold;y_true;prepared_formal_charge,669,7,-0.41418799876877704
adaptation_fold,100,0,norm_l2,head_signed_change,pearson,fold_potency_charge_MW,fold;y_true;prepared_formal_charge;MW,669,8,-0.30395026856919855
adaptation_fold,100,0,norm_l2,head_signed_change,spearman,none,,669,1,-0.30339150358676265
adaptation_fold,100,0,norm_l2,head_signed_change,spearman,fold_potency_charge,fold;y_true;prepared_formal_charge,669,7,-0.2234531347083095
adaptation_fold,100,0,norm_l2,head_signed_change,spearman,fold_potency_charge_MW,fold;y_true;prepared_formal_charge;MW,669,8,-0.1643374169717804
adaptation_fold,100,0,norm_l2,head_magnitude,pearson,none,,669,1,0.49998141319148265
adaptation_fold,100,0,norm_l2,head_magnitude,pearson,fold_potency_charge,fold;y_true;prepared_formal_charge,669,7,0.4431022458401586
adaptation_fold,100,0,norm_l2,head_magnitude,pearson,fold_potency_charge_MW,fold;y_true;prepared_formal_charge;MW,669,8,0.35685909596777776
adaptation_fold,100,0,norm_l2,head_magnitude,spearman,none,,669,1,0.27038499134519933
adaptation_fold,100,0,norm_l2,head_magnitude,spearman,fold_potency_charge,fold;y_true;prepared_formal_charge,669,7,0.18493321905891744
adaptation_fold,100,0,norm_l2,head_magnitude,spearman,fold_potency_charge_MW,fold;y_true;prepared_formal_charge;MW,669,8,0.1377660411399965
adaptation_fold,100,0,norm_l2,head_error_delta,pearson,none,,669,1,-0.17897139255093555
adaptation_fold,100,0,norm_l2,head_error_delta,pearson,fold_potency_charge,fold;y_true;prepared_formal_charge,669,7,0.010635599812828878
adaptation_fold,100,0,norm_l2,head_error_delta,pearson,fold_potency_charge_MW,fold;y_true;prepared_formal_charge;MW,669,8,0.10058857824039684
adaptation_fold,100,0,norm_l2,head_error_delta,spearman,none,,669,1,-0.2685941148958358
adaptation_fold,100,0,norm_l2,head_error_delta,spearman,fold_potency_charge,fold;y_true;prepared_formal_charge,669,7,-0.02004144633760813
adaptation_fold,100,0,norm_l2,head_error_delta,spearman,fold_potency_charge_MW,fold;y_true;prepared_formal_charge;MW,669,8,0.01542088493921095
adaptation_fold,100,0,norm_l2,lora_total_signed_change,pearson,none,,669,1,-0.6038551994529674
adaptation_fold,100,0,norm_l2,lora_total_signed_change,pearson,fold_potency_charge,fold;y_true;prepared_formal_charge,669,7,-0.5264188168521012
adaptation_fold,100,0,norm_l2,lora_total_signed_change,pearson,fold_potency_charge_MW,fold;y_true;prepared_formal_charge;MW,669,8,-0.43375713754238215
adaptation_fold,100,0,norm_l2,lora_total_signed_change,spearman,none,,669,1,-0.5365164858022392
adaptation_fold,100,0,norm_l2,lora_total_signed_change,spearman,fold_potency_charge,fold;y_true;prepared_formal_charge,669,7,-0.36995147331691447
adaptation_fold,100,0,norm_l2,lora_total_signed_change,spearman,fold_potency_charge_MW,fold;y_true;prepared_formal_charge;MW,669,8,-0.32671346435906
adaptation_fold,100,0,norm_l2,lora_total_magnitude,pearson,none,,669,1,0.6361545454504592
adaptation_fold,100,0,norm_l2,lora_total_magnitude,pearson,fold_potency_charge,fold;y_true;prepared_formal_charge,669,7,0.5687230585233265
adaptation_fold,100,0,norm_l2,lora_total_magnitude,pearson,fold_potency_charge_MW,fold;y_true;prepared_formal_charge;MW,669,8,0.48910479468080986
adaptation_fold,100,0,norm_l2,lora_total_magnitude,spearman,none,,669,1,0.49822407256967227
adaptation_fold,100,0,norm_l2,lora_total_magnitude,spearman,fold_potency_charge,fold;y_true;prepared_formal_charge,669,7,0.33082951132780636
adaptation_fold,100,0,norm_l2,lora_total_magnitude,spearman,fold_potency_charge_MW,fold;y_true;prepared_formal_charge;MW,669,8,0.2898938268144666
adaptation_fold,100,0,norm_l2,lora_total_error_delta,pearson,none,,669,1,-0.17617097197587334
adaptation_fold,100,0,norm_l2,lora_total_error_delta,pearson,fold_potency_charge,fold;y_true;prepared_formal_charge,669,7,0.05962456448169035
adaptation_fold,100,0,norm_l2,lora_total_error_delta,pearson,fold_potency_charge_MW,fold;y_true;prepared_formal_charge;MW,669,8,0.1402353281492226
adaptation_fold,100,0,norm_l2,lora_total_error_delta,spearman,none,,669,1,-0.3216913071654696
adaptation_fold,100,0,norm_l2,lora_total_error_delta,spearman,fold_potency_charge,fold;y_true;prepared_formal_charge,669,7,-0.03826413518091705
adaptation_fold,100,0,norm_l2,lora_total_error_delta,spearman,fold_potency_charge_MW,fold;y_true;prepared_formal_charge;MW,669,8,-0.014053796139465176
adaptation_fold,100,0,norm_l2,lora_increment_signed_change,pearson,none,,669,1,-0.42952139357595026
adaptation_fold,100,0,norm_l2,lora_increment_signed_change,pearson,fold_potency_charge,fold;y_true;prepared_formal_charge,669,7,-0.3253372322125228
adaptation_fold,100,0,norm_l2,lora_increment_signed_change,pearson,fold_potency_charge_MW,fold;y_true;prepared_formal_charge;MW,669,8,-0.2790542759334178
adaptation_fold,100,0,norm_l2,lora_increment_signed_change,spearman,none,,669,1,-0.4649178585470115
adaptation_fold,100,0,norm_l2,lora_increment_signed_change,spearman,fold_potency_charge,fold;y_true;prepared_formal_charge,669,7,-0.2817620345161651
adaptation_fold,100,0,norm_l2,lora_increment_signed_change,spearman,fold_potency_charge_MW,fold;y_true;prepared_formal_charge;MW,669,8,-0.2630520642736105
adaptation_fold,100,0,norm_l2,lora_increment_magnitude,pearson,none,,669,1,0.47678532949998653
adaptation_fold,100,0,norm_l2,lora_increment_magnitude,pearson,fold_potency_charge,fold;y_true;prepared_formal_charge,669,7,0.41877393847733463
adaptation_fold,100,0,norm_l2,lora_increment_magnitude,pearson,fold_potency_charge_MW,fold;y_true;prepared_formal_charge;MW,669,8,0.37372666273004657
adaptation_fold,100,0,norm_l2,lora_increment_magnitude,spearman,none,,669,1,0.3543237332309479
adaptation_fold,100,0,norm_l2,lora_increment_magnitude,spearman,fold_potency_charge,fold;y_true;prepared_formal_charge,669,7,0.22902800989385702
adaptation_fold,100,0,norm_l2,lora_increment_magnitude,spearman,fold_potency_charge_MW,fold;y_true;prepared_formal_charge;MW,669,8,0.21492308967323673
adaptation_fold,100,0,norm_l2,lora_increment_error_delta,pearson,none,,669,1,-0.07843379895902179
adaptation_fold,100,0,norm_l2,lora_increment_error_delta,pearson,fold_potency_charge,fold;y_true;prepared_formal_charge,669,7,0.08628778713702692
adaptation_fold,100,0,norm_l2,lora_increment_error_delta,pearson,fold_potency_charge_MW,fold;y_true;prepared_formal_charge;MW,669,8,0.09514010614389014
adaptation_fold,100,0,norm_l2,lora_increment_error_delta,spearman,none,,669,1,-0.2077828681035626
adaptation_fold,100,0,norm_l2,lora_increment_error_delta,spearman,fold_potency_charge,fold;y_true;prepared_formal_charge,669,7,-0.03123730170142395
adaptation_fold,100,0,norm_l2,lora_increment_error_delta,spearman,fold_potency_charge_MW,fold;y_true;prepared_formal_charge;MW,669,8,-0.03358317073210132
adaptation_fold,100,0,PC1,head_signed_change,pearson,none,,669,1,-0.25718001168260335
adaptation_fold,100,0,PC1,head_signed_change,pearson,fold_potency_charge,fold;y_true;prepared_formal_charge,669,7,-0.18269090007697342
adaptation_fold,100,0,PC1,head_signed_change,pearson,fold_potency_charge_MW,fold;y_true;prepared_formal_charge;MW,669,8,-0.05837013801789394
adaptation_fold,100,0,PC1,head_signed_change,spearman,none,,669,1,0.12681032420133964
adaptation_fold,100,0,PC1,head_signed_change,spearman,fold_potency_charge,fold;y_true;prepared_formal_charge,669,7,0.20165214675657078
adaptation_fold,100,0,PC1,head_signed_change,spearman,fold_potency_charge_MW,fold;y_true;prepared_formal_charge;MW,669,8,0.2528921584969089
adaptation_fold,100,0,PC1,head_magnitude,pearson,none,,669,1,0.27940490709558335
adaptation_fold,100,0,PC1,head_magnitude,pearson,fold_potency_charge,fold;y_true;prepared_formal_charge,669,7,0.20517258710216538
adaptation_fold,100,0,PC1,head_magnitude,pearson,fold_potency_charge_MW,fold;y_true;prepared_formal_charge;MW,669,8,0.10689687929433682
adaptation_fold,100,0,PC1,head_magnitude,spearman,none,,669,1,-0.12292802788773566
adaptation_fold,100,0,PC1,head_magnitude,spearman,fold_potency_charge,fold;y_true;prepared_formal_charge,669,7,-0.19756016219482286
adaptation_fold,100,0,PC1,head_magnitude,spearman,fold_potency_charge_MW,fold;y_true;prepared_formal_charge;MW,669,8,-0.2302304088842566
adaptation_fold,100,0,PC1,head_error_delta,pearson,none,,669,1,-0.0834130754788259
adaptation_fold,100,0,PC1,head_error_delta,pearson,fold_potency_charge,fold;y_true;prepared_formal_charge,669,7,0.12871633676965502
adaptation_fold,100,0,PC1,head_error_delta,pearson,fold_potency_charge_MW,fold;y_true;prepared_formal_charge;MW,669,8,0.20973457535664067
adaptation_fold,100,0,PC1,head_error_delta,spearman,none,,669,1,0.03094406862601682
adaptation_fold,100,0,PC1,head_error_delta,spearman,fold_potency_charge,fold;y_true;prepared_formal_charge,669,7,0.2660809828453796
adaptation_fold,100,0,PC1,head_error_delta,spearman,fold_potency_charge_MW,fold;y_true;prepared_formal_charge;MW,669,8,0.28551975180286865
adaptation_fold,100,0,PC1,lora_total_signed_change,pearson,none,,669,1,-0.5337127810171334
adaptation_fold,100,0,PC1,lora_total_signed_change,pearson,fold_potency_charge,fold;y_true;prepared_formal_charge,669,7,-0.42538657880988145
adaptation_fold,100,0,PC1,lora_total_signed_change,pearson,fold_potency_charge_MW,fold;y_true;prepared_formal_charge;MW,669,8,-0.3398182720338268
adaptation_fold,100,0,PC1,lora_total_signed_change,spearman,none,,669,1,-0.31038251453721966
adaptation_fold,100,0,PC1,lora_total_signed_change,spearman,fold_potency_charge,fold;y_true;prepared_formal_charge,669,7,-0.1503482224131617
adaptation_fold,100,0,PC1,lora_total_signed_change,spearman,fold_potency_charge_MW,fold;y_true;prepared_formal_charge;MW,669,8,-0.13174928863776827
adaptation_fold,100,0,PC1,lora_total_magnitude,pearson,none,,669,1,0.5574681066941198
adaptation_fold,100,0,PC1,lora_total_magnitude,pearson,fold_potency_charge,fold;y_true;prepared_formal_charge,669,7,0.46081604252947006
adaptation_fold,100,0,PC1,lora_total_magnitude,pearson,fold_potency_charge_MW,fold;y_true;prepared_formal_charge;MW,669,8,0.38527194490178956
adaptation_fold,100,0,PC1,lora_total_magnitude,spearman,none,,669,1,0.2811710893185852
adaptation_fold,100,0,PC1,lora_total_magnitude,spearman,fold_potency_charge,fold;y_true;prepared_formal_charge,669,7,0.12693968459986818
adaptation_fold,100,0,PC1,lora_total_magnitude,spearman,fold_potency_charge_MW,fold;y_true;prepared_formal_charge;MW,669,8,0.10883223812807624
adaptation_fold,100,0,PC1,lora_total_error_delta,pearson,none,,669,1,-0.1580073256917872
adaptation_fold,100,0,PC1,lora_total_error_delta,pearson,fold_potency_charge,fold;y_true;prepared_formal_charge,669,7,0.08387740141218016
adaptation_fold,100,0,PC1,lora_total_error_delta,pearson,fold_potency_charge_MW,fold;y_true;prepared_formal_charge;MW,669,8,0.14997341816660606
adaptation_fold,100,0,PC1,lora_total_error_delta,spearman,none,,669,1,-0.09276663859884808
adaptation_fold,100,0,PC1,lora_total_error_delta,spearman,fold_potency_charge,fold;y_true;prepared_formal_charge,669,7,0.15861250744309371
adaptation_fold,100,0,PC1,lora_total_error_delta,spearman,fold_potency_charge_MW,fold;y_true;prepared_formal_charge;MW,669,8,0.1702123850339758
adaptation_fold,100,0,PC1,lora_increment_signed_change,pearson,none,,669,1,-0.5970308978612967
adaptation_fold,100,0,PC1,lora_increment_signed_change,pearson,fold_potency_charge,fold;y_true;prepared_formal_charge,669,7,-0.5002967892738664
adaptation_fold,100,0,PC1,lora_increment_signed_change,pearson,fold_potency_charge_MW,fold;y_true;prepared_formal_charge;MW,669,8,-0.47235319410353777
adaptation_fold,100,0,PC1,lora_increment_signed_change,spearman,none,,669,1,-0.6816414824457235
adaptation_fold,100,0,PC1,lora_increment_signed_change,spearman,fold_potency_charge,fold;y_true;prepared_formal_charge,669,7,-0.5989640695014942
adaptation_fold,100,0,PC1,lora_increment_signed_change,spearman,fold_potency_charge_MW,fold;y_true;prepared_formal_charge;MW,669,8,-0.5959920976712677
adaptation_fold,100,0,PC1,lora_increment_magnitude,pearson,none,,669,1,0.4890021423979997
adaptation_fold,100,0,PC1,lora_increment_magnitude,pearson,fold_potency_charge,fold;y_true;prepared_formal_charge,669,7,0.3857677335856216
adaptation_fold,100,0,PC1,lora_increment_magnitude,pearson,fold_potency_charge_MW,fold;y_true;prepared_formal_charge;MW,669,8,0.3449430566139983
adaptation_fold,100,0,PC1,lora_increment_magnitude,spearman,none,,669,1,0.2760404897987974
adaptation_fold,100,0,PC1,lora_increment_magnitude,spearman,fold_potency_charge,fold;y_true;prepared_formal_charge,669,7,0.12023310572684066
adaptation_fold,100,0,PC1,lora_increment_magnitude,spearman,fold_potency_charge_MW,fold;y_true;prepared_formal_charge;MW,669,8,0.11360601305121394
adaptation_fold,100,0,PC1,lora_increment_error_delta,pearson,none,,669,1,-0.19051040153551874
adaptation_fold,100,0,PC1,lora_increment_error_delta,pearson,fold_potency_charge,fold;y_true;prepared_formal_charge,669,7,-0.03962864933730519
adaptation_fold,100,0,PC1,lora_increment_error_delta,pearson,fold_potency_charge_MW,fold;y_true;prepared_formal_charge;MW,669,8,-0.03890790013606538
adaptation_fold,100,0,PC1,lora_increment_error_delta,spearman,none,,669,1,-0.26585535842176833
adaptation_fold,100,0,PC1,lora_increment_error_delta,spearman,fold_potency_charge,fold;y_true;prepared_formal_charge,669,7,-0.1615026653330795
adaptation_fold,100,0,PC1,lora_increment_error_delta,spearman,fold_potency_charge_MW,fold;y_true;prepared_formal_charge;MW,669,8,-0.1626486045457221
adaptation_fold,100,0,PC2,head_signed_change,pearson,none,,669,1,-0.37698599875020106
adaptation_fold,100,0,PC2,head_signed_change,pearson,fold_potency_charge,fold;y_true;prepared_formal_charge,669,7,-0.42991049966672346
adaptation_fold,100,0,PC2,head_signed_change,pearson,fold_potency_charge_MW,fold;y_true;prepared_formal_charge;MW,669,8,-0.43120105905778316
adaptation_fold,100,0,PC2,head_signed_change,spearman,none,,669,1,-0.24445569739979245
adaptation_fold,100,0,PC2,head_signed_change,spearman,fold_potency_charge,fold;y_true;prepared_formal_charge,669,7,-0.3022933650374126
adaptation_fold,100,0,PC2,head_signed_change,spearman,fold_potency_charge_MW,fold;y_true;prepared_formal_charge;MW,669,8,-0.3402487248725503
adaptation_fold,100,0,PC2,head_magnitude,pearson,none,,669,1,0.4107120093413164
adaptation_fold,100,0,PC2,head_magnitude,pearson,fold_potency_charge,fold;y_true;prepared_formal_charge,669,7,0.4713520595521693
adaptation_fold,100,0,PC2,head_magnitude,pearson,fold_potency_charge_MW,fold;y_true;prepared_formal_charge;MW,669,8,0.4684294932601915
adaptation_fold,100,0,PC2,head_magnitude,spearman,none,,669,1,0.24402971047397207
adaptation_fold,100,0,PC2,head_magnitude,spearman,fold_potency_charge,fold;y_true;prepared_formal_charge,669,7,0.3007491837718597
adaptation_fold,100,0,PC2,head_magnitude,spearman,fold_potency_charge_MW,fold;y_true;prepared_formal_charge;MW,669,8,0.3222405589895023
adaptation_fold,100,0,PC2,head_error_delta,pearson,none,,669,1,-0.03834759098863167
adaptation_fold,100,0,PC2,head_error_delta,pearson,fold_potency_charge,fold;y_true;prepared_formal_charge,669,7,-0.08838755841883118
adaptation_fold,100,0,PC2,head_error_delta,pearson,fold_potency_charge_MW,fold;y_true;prepared_formal_charge;MW,669,8,-0.06544954931991523
adaptation_fold,100,0,PC2,head_error_delta,spearman,none,,669,1,-0.11364140068701364
adaptation_fold,100,0,PC2,head_error_delta,spearman,fold_potency_charge,fold;y_true;prepared_formal_charge,669,7,-0.31074335135574
adaptation_fold,100,0,PC2,head_error_delta,spearman,fold_potency_charge_MW,fold;y_true;prepared_formal_charge;MW,669,8,-0.3208641554996182
adaptation_fold,100,0,PC2,lora_total_signed_change,pearson,none,,669,1,-0.11787081019017828
adaptation_fold,100,0,PC2,lora_total_signed_change,pearson,fold_potency_charge,fold;y_true;prepared_formal_charge,669,7,-0.23961403049676988
adaptation_fold,100,0,PC2,lora_total_signed_change,pearson,fold_potency_charge_MW,fold;y_true;prepared_formal_charge;MW,669,8,-0.2155373132864082
adaptation_fold,100,0,PC2,lora_total_signed_change,spearman,none,,669,1,0.21619295376184247
adaptation_fold,100,0,PC2,lora_total_signed_change,spearman,fold_potency_charge,fold;y_true;prepared_formal_charge,669,7,0.07953346037355437
adaptation_fold,100,0,PC2,lora_total_signed_change,spearman,fold_potency_charge_MW,fold;y_true;prepared_formal_charge;MW,669,8,0.07607652633467422
adaptation_fold,100,0,PC2,lora_total_magnitude,pearson,none,,669,1,0.16189360498520078
adaptation_fold,100,0,PC2,lora_total_magnitude,pearson,fold_potency_charge,fold;y_true;prepared_formal_charge,669,7,0.2857056134135264
adaptation_fold,100,0,PC2,lora_total_magnitude,pearson,fold_potency_charge_MW,fold;y_true;prepared_formal_charge;MW,669,8,0.26775856947421467
adaptation_fold,100,0,PC2,lora_total_magnitude,spearman,none,,669,1,-0.18590936726373236
adaptation_fold,100,0,PC2,lora_total_magnitude,spearman,fold_potency_charge,fold;y_true;prepared_formal_charge,669,7,-0.05506384676150851
adaptation_fold,100,0,PC2,lora_total_magnitude,spearman,fold_potency_charge_MW,fold;y_true;prepared_formal_charge;MW,669,8,-0.04977665142395587
adaptation_fold,100,0,PC2,lora_total_error_delta,pearson,none,,669,1,0.10822007448760645
adaptation_fold,100,0,PC2,lora_total_error_delta,pearson,fold_potency_charge,fold;y_true;prepared_formal_charge,669,7,0.0827510470041733
adaptation_fold,100,0,PC2,lora_total_error_delta,pearson,fold_potency_charge_MW,fold;y_true;prepared_formal_charge;MW,669,8,0.10691335351479087
adaptation_fold,100,0,PC2,lora_total_error_delta,spearman,none,,669,1,0.017817387111861545
adaptation_fold,100,0,PC2,lora_total_error_delta,spearman,fold_potency_charge,fold;y_true;prepared_formal_charge,669,7,-0.19136102081135856
adaptation_fold,100,0,PC2,lora_total_error_delta,spearman,fold_potency_charge_MW,fold;y_true;prepared_formal_charge;MW,669,8,-0.1962686280851099
adaptation_fold,100,0,PC2,lora_increment_signed_change,pearson,none,,669,1,0.29918095700100117
adaptation_fold,100,0,PC2,lora_increment_signed_change,pearson,fold_potency_charge,fold;y_true;prepared_formal_charge,669,7,0.22890118599258544
adaptation_fold,100,0,PC2,lora_increment_signed_change,pearson,fold_potency_charge_MW,fold;y_true;prepared_formal_charge;MW,669,8,0.25680784800555573
adaptation_fold,100,0,PC2,lora_increment_signed_change,spearman,none,,669,1,0.6393285044929216
adaptation_fold,100,0,PC2,lora_increment_signed_change,spearman,fold_potency_charge,fold;y_true;prepared_formal_charge,669,7,0.5768526994947523
adaptation_fold,100,0,PC2,lora_increment_signed_change,spearman,fold_potency_charge_MW,fold;y_true;prepared_formal_charge;MW,669,8,0.5790929132560781
adaptation_fold,100,0,PC2,lora_increment_magnitude,pearson,none,,669,1,0.0052443276524906796
adaptation_fold,100,0,PC2,lora_increment_magnitude,pearson,fold_potency_charge,fold;y_true;prepared_formal_charge,669,7,0.1427586979456522
adaptation_fold,100,0,PC2,lora_increment_magnitude,pearson,fold_potency_charge_MW,fold;y_true;prepared_formal_charge;MW,669,8,0.12258277184710688
adaptation_fold,100,0,PC2,lora_increment_magnitude,spearman,none,,669,1,-0.2351029418306817
adaptation_fold,100,0,PC2,lora_increment_magnitude,spearman,fold_potency_charge,fold;y_true;prepared_formal_charge,669,7,-0.09074134906400719
adaptation_fold,100,0,PC2,lora_increment_magnitude,spearman,fold_potency_charge_MW,fold;y_true;prepared_formal_charge;MW,669,8,-0.08874151192837217
adaptation_fold,100,0,PC2,lora_increment_error_delta,pearson,none,,669,1,0.2792757440818903
adaptation_fold,100,0,PC2,lora_increment_error_delta,pearson,fold_potency_charge,fold;y_true;prepared_formal_charge,669,7,0.2657581965773014
adaptation_fold,100,0,PC2,lora_increment_error_delta,pearson,fold_potency_charge_MW,fold;y_true;prepared_formal_charge;MW,669,8,0.26822645779422905
adaptation_fold,100,0,PC2,lora_increment_error_delta,spearman,none,,669,1,0.23371140057078799
adaptation_fold,100,0,PC2,lora_increment_error_delta,spearman,fold_potency_charge,fold;y_true;prepared_formal_charge,669,7,0.15633245589689193
adaptation_fold,100,0,PC2,lora_increment_error_delta,spearman,fold_potency_charge_MW,fold;y_true;prepared_formal_charge;MW,669,8,0.15661182740144497
adaptation_fold,100,1,norm_l2,head_signed_change,pearson,none,,669,1,-0.7530610341693061
adaptation_fold,100,1,norm_l2,head_signed_change,pearson,fold_potency_charge,fold;y_true;prepared_formal_charge,669,5,-0.7478425225525593
adaptation_fold,100,1,norm_l2,head_signed_change,pearson,fold_potency_charge_MW,fold;y_true;prepared_formal_charge;MW,669,6,-0.724179542003867
adaptation_fold,100,1,norm_l2,head_signed_change,spearman,none,,669,1,-0.0562023800601728
adaptation_fold,100,1,norm_l2,head_signed_change,spearman,fold_potency_charge,fold;y_true;prepared_formal_charge,669,5,-0.030209680618967474
adaptation_fold,100,1,norm_l2,head_signed_change,spearman,fold_potency_charge_MW,fold;y_true;prepared_formal_charge;MW,669,6,0.0037428636435529274
adaptation_fold,100,1,norm_l2,head_magnitude,pearson,none,,669,1,0.7682188283145358
adaptation_fold,100,1,norm_l2,head_magnitude,pearson,fold_potency_charge,fold;y_true;prepared_formal_charge,669,5,0.7621892881316537
adaptation_fold,100,1,norm_l2,head_magnitude,pearson,fold_potency_charge_MW,fold;y_true;prepared_formal_charge;MW,669,6,0.740117213251852
adaptation_fold,100,1,norm_l2,head_magnitude,spearman,none,,669,1,0.06058949633027634
adaptation_fold,100,1,norm_l2,head_magnitude,spearman,fold_potency_charge,fold;y_true;prepared_formal_charge,669,5,0.03403364923662048
adaptation_fold,100,1,norm_l2,head_magnitude,spearman,fold_potency_charge_MW,fold;y_true;prepared_formal_charge;MW,669,6,0.0008702531708674816
adaptation_fold,100,1,norm_l2,head_error_delta,pearson,none,,669,1,-0.28700247919567484
adaptation_fold,100,1,norm_l2,head_error_delta,pearson,fold_potency_charge,fold;y_true;prepared_formal_charge,669,5,-0.1145627701075738
adaptation_fold,100,1,norm_l2,head_error_delta,pearson,fold_potency_charge_MW,fold;y_true;prepared_formal_charge;MW,669,6,-0.08904973559687676
adaptation_fold,100,1,norm_l2,head_error_delta,spearman,none,,669,1,-0.21481860587772983
adaptation_fold,100,1,norm_l2,head_error_delta,spearman,fold_potency_charge,fold;y_true;prepared_formal_charge,669,5,0.09465060856374645
adaptation_fold,100,1,norm_l2,head_error_delta,spearman,fold_potency_charge_MW,fold;y_true;prepared_formal_charge;MW,669,6,0.1016304817745801
adaptation_fold,100,1,norm_l2,lora_total_signed_change,pearson,none,,669,1,-0.798709767021965
adaptation_fold,100,1,norm_l2,lora_total_signed_change,pearson,fold_potency_charge,fold;y_true;prepared_formal_charge,669,5,-0.7680581617690471
adaptation_fold,100,1,norm_l2,lora_total_signed_change,pearson,fold_potency_charge_MW,fold;y_true;prepared_formal_charge;MW,669,6,-0.7509843081993913
adaptation_fold,100,1,norm_l2,lora_total_signed_change,spearman,none,,669,1,-0.3295820246262044
adaptation_fold,100,1,norm_l2,lora_total_signed_change,spearman,fold_potency_charge,fold;y_true;prepared_formal_charge,669,5,-0.17806480682589082
adaptation_fold,100,1,norm_l2,lora_total_signed_change,spearman,fold_potency_charge_MW,fold;y_true;prepared_formal_charge;MW,669,6,-0.14141177888341108
adaptation_fold,100,1,norm_l2,lora_total_magnitude,pearson,none,,669,1,0.8053924651448615
adaptation_fold,100,1,norm_l2,lora_total_magnitude,pearson,fold_potency_charge,fold;y_true;prepared_formal_charge,669,5,0.7761102510461756
adaptation_fold,100,1,norm_l2,lora_total_magnitude,pearson,fold_potency_charge_MW,fold;y_true;prepared_formal_charge;MW,669,6,0.7603605975288086
adaptation_fold,100,1,norm_l2,lora_total_magnitude,spearman,none,,669,1,0.3256383692022955
adaptation_fold,100,1,norm_l2,lora_total_magnitude,spearman,fold_potency_charge,fold;y_true;prepared_formal_charge,669,5,0.17608795686456225
adaptation_fold,100,1,norm_l2,lora_total_magnitude,spearman,fold_potency_charge_MW,fold;y_true;prepared_formal_charge;MW,669,6,0.13949021114605376
adaptation_fold,100,1,norm_l2,lora_total_error_delta,pearson,none,,669,1,-0.2177191741302816
adaptation_fold,100,1,norm_l2,lora_total_error_delta,pearson,fold_potency_charge,fold;y_true;prepared_formal_charge,669,5,-0.004695889430200806
adaptation_fold,100,1,norm_l2,lora_total_error_delta,pearson,fold_potency_charge_MW,fold;y_true;prepared_formal_charge;MW,669,6,0.04219027523066894
adaptation_fold,100,1,norm_l2,lora_total_error_delta,spearman,none,,669,1,-0.23640090142985565
adaptation_fold,100,1,norm_l2,lora_total_error_delta,spearman,fold_potency_charge,fold;y_true;prepared_formal_charge,669,5,0.09617783872304068
adaptation_fold,100,1,norm_l2,lora_total_error_delta,spearman,fold_potency_charge_MW,fold;y_true;prepared_formal_charge;MW,669,6,0.10509779584481199
adaptation_fold,100,1,norm_l2,lora_increment_signed_change,pearson,none,,669,1,-0.42379300850146884
adaptation_fold,100,1,norm_l2,lora_increment_signed_change,pearson,fold_potency_charge,fold;y_true;prepared_formal_charge,669,5,-0.2893945158983802
adaptation_fold,100,1,norm_l2,lora_increment_signed_change,pearson,fold_potency_charge_MW,fold;y_true;prepared_formal_charge;MW,669,6,-0.201556449922839
adaptation_fold,100,1,norm_l2,lora_increment_signed_change,spearman,none,,669,1,-0.4914158163827622
adaptation_fold,100,1,norm_l2,lora_increment_signed_change,spearman,fold_potency_charge,fold;y_true;prepared_formal_charge,669,5,-0.3306126124553009
adaptation_fold,100,1,norm_l2,lora_increment_signed_change,spearman,fold_potency_charge_MW,fold;y_true;prepared_formal_charge;MW,669,6,-0.31031446771914356
adaptation_fold,100,1,norm_l2,lora_increment_magnitude,pearson,none,,669,1,0.4772683403575716
adaptation_fold,100,1,norm_l2,lora_increment_magnitude,pearson,fold_potency_charge,fold;y_true;prepared_formal_charge,669,5,0.40154282144852754
adaptation_fold,100,1,norm_l2,lora_increment_magnitude,pearson,fold_potency_charge_MW,fold;y_true;prepared_formal_charge;MW,669,6,0.3514805188980035
adaptation_fold,100,1,norm_l2,lora_increment_magnitude,spearman,none,,669,1,0.3478940920114125
adaptation_fold,100,1,norm_l2,lora_increment_magnitude,spearman,fold_potency_charge,fold;y_true;prepared_formal_charge,669,5,0.25472933101020157
adaptation_fold,100,1,norm_l2,lora_increment_magnitude,spearman,fold_potency_charge_MW,fold;y_true;prepared_formal_charge;MW,669,6,0.24143590998447118
adaptation_fold,100,1,norm_l2,lora_increment_error_delta,pearson,none,,669,1,0.07631968583825728
adaptation_fold,100,1,norm_l2,lora_increment_error_delta,pearson,fold_potency_charge,fold;y_true;prepared_formal_charge,669,5,0.17896231144478011
adaptation_fold,100,1,norm_l2,lora_increment_error_delta,pearson,fold_potency_charge_MW,fold;y_true;prepared_formal_charge;MW,669,6,0.22119801078219803
adaptation_fold,100,1,norm_l2,lora_increment_error_delta,spearman,none,,669,1,-0.13636815786805348
adaptation_fold,100,1,norm_l2,lora_increment_error_delta,spearman,fold_potency_charge,fold;y_true;prepared_formal_charge,669,5,-0.043877207775606726
adaptation_fold,100,1,norm_l2,lora_increment_error_delta,spearman,fold_potency_charge_MW,fold;y_true;prepared_formal_charge;MW,669,6,-0.033636510975172666
adaptation_fold,100,1,PC1,head_signed_change,pearson,none,,669,1,-0.6183160519297768
adaptation_fold,100,1,PC1,head_signed_change,pearson,fold_potency_charge,fold;y_true;prepared_formal_charge,669,5,-0.6086429496228472
adaptation_fold,100,1,PC1,head_signed_change,pearson,fold_potency_charge_MW,fold;y_true;prepared_formal_charge;MW,669,6,-0.5658708507241065
adaptation_fold,100,1,PC1,head_signed_change,spearman,none,,669,1,0.10268200631065023
adaptation_fold,100,1,PC1,head_signed_change,spearman,fold_potency_charge,fold;y_true;prepared_formal_charge,669,5,0.16357718164904733
adaptation_fold,100,1,PC1,head_signed_change,spearman,fold_potency_charge_MW,fold;y_true;prepared_formal_charge;MW,669,6,0.20276925297506826
adaptation_fold,100,1,PC1,head_magnitude,pearson,none,,669,1,0.6305726293850258
adaptation_fold,100,1,PC1,head_magnitude,pearson,fold_potency_charge,fold;y_true;prepared_formal_charge,669,5,0.6186612399818484
adaptation_fold,100,1,PC1,head_magnitude,pearson,fold_potency_charge_MW,fold;y_true;prepared_formal_charge;MW,669,6,0.577552813293157
adaptation_fold,100,1,PC1,head_magnitude,spearman,none,,669,1,-0.10205847591344316
adaptation_fold,100,1,PC1,head_magnitude,spearman,fold_potency_charge,fold;y_true;prepared_formal_charge,669,5,-0.16445016757741598
adaptation_fold,100,1,PC1,head_magnitude,spearman,fold_potency_charge_MW,fold;y_true;prepared_formal_charge;MW,669,6,-0.20285883640118366
adaptation_fold,100,1,PC1,head_error_delta,pearson,none,,669,1,-0.2983453246200062
adaptation_fold,100,1,PC1,head_error_delta,pearson,fold_potency_charge,fold;y_true;prepared_formal_charge,669,5,-0.061168943576656636
adaptation_fold,100,1,PC1,head_error_delta,pearson,fold_potency_charge_MW,fold;y_true;prepared_formal_charge;MW,669,6,-0.03049488353550965
adaptation_fold,100,1,PC1,head_error_delta,spearman,none,,669,1,-0.15775828037386175
adaptation_fold,100,1,PC1,head_error_delta,spearman,fold_potency_charge,fold;y_true;prepared_formal_charge,669,5,0.23541007813222464
adaptation_fold,100,1,PC1,head_error_delta,spearman,fold_potency_charge_MW,fold;y_true;prepared_formal_charge;MW,669,6,0.2427170071115615
adaptation_fold,100,1,PC1,lora_total_signed_change,pearson,none,,669,1,-0.7798894659899038
adaptation_fold,100,1,PC1,lora_total_signed_change,pearson,fold_potency_charge,fold;y_true;prepared_formal_charge,669,5,-0.724904699808553
adaptation_fold,100,1,PC1,lora_total_signed_change,pearson,fold_potency_charge_MW,fold;y_true;prepared_formal_charge;MW,669,6,-0.6924926066465193
adaptation_fold,100,1,PC1,lora_total_signed_change,spearman,none,,669,1,-0.365834277499482
adaptation_fold,100,1,PC1,lora_total_signed_change,spearman,fold_potency_charge,fold;y_true;prepared_formal_charge,669,5,-0.18798289369037474
adaptation_fold,100,1,PC1,lora_total_signed_change,spearman,fold_potency_charge_MW,fold;y_true;prepared_formal_charge;MW,669,6,-0.15725697608882014
adaptation_fold,100,1,PC1,lora_total_magnitude,pearson,none,,669,1,0.7859272714722714
adaptation_fold,100,1,PC1,lora_total_magnitude,pearson,fold_potency_charge,fold;y_true;prepared_formal_charge,669,5,0.7336735548951113
adaptation_fold,100,1,PC1,lora_total_magnitude,pearson,fold_potency_charge_MW,fold;y_true;prepared_formal_charge;MW,669,6,0.7027928051569788
adaptation_fold,100,1,PC1,lora_total_magnitude,spearman,none,,669,1,0.3630647813535635
adaptation_fold,100,1,PC1,lora_total_magnitude,spearman,fold_potency_charge,fold;y_true;prepared_formal_charge,669,5,0.18769886369998195
adaptation_fold,100,1,PC1,lora_total_magnitude,spearman,fold_potency_charge_MW,fold;y_true;prepared_formal_charge;MW,669,6,0.15711683669225773
adaptation_fold,100,1,PC1,lora_total_error_delta,pearson,none,,669,1,-0.27152953720399453
adaptation_fold,100,1,PC1,lora_total_error_delta,pearson,fold_potency_charge,fold;y_true;prepared_formal_charge,669,5,-0.0068280264587202745
adaptation_fold,100,1,PC1,lora_total_error_delta,pearson,fold_potency_charge_MW,fold;y_true;prepared_formal_charge;MW,669,6,0.04486342792193244
adaptation_fold,100,1,PC1,lora_total_error_delta,spearman,none,,669,1,-0.22927458782989543
adaptation_fold,100,1,PC1,lora_total_error_delta,spearman,fold_potency_charge,fold;y_true;prepared_formal_charge,669,5,0.15942196228884606
adaptation_fold,100,1,PC1,lora_total_error_delta,spearman,fold_potency_charge_MW,fold;y_true;prepared_formal_charge;MW,669,6,0.1679405908712443
adaptation_fold,100,1,PC1,lora_increment_signed_change,pearson,none,,669,1,-0.6223344837269131
adaptation_fold,100,1,PC1,lora_increment_signed_change,pearson,fold_potency_charge,fold;y_true;prepared_formal_charge,669,5,-0.48841666620889806
adaptation_fold,100,1,PC1,lora_increment_signed_change,pearson,fold_potency_charge_MW,fold;y_true;prepared_formal_charge;MW,669,6,-0.41967775197428053
adaptation_fold,100,1,PC1,lora_increment_signed_change,spearman,none,,669,1,-0.6821329965729473
adaptation_fold,100,1,PC1,lora_increment_signed_change,spearman,fold_potency_charge,fold;y_true;prepared_formal_charge,669,5,-0.554056063023315
adaptation_fold,100,1,PC1,lora_increment_signed_change,spearman,fold_potency_charge_MW,fold;y_true;prepared_formal_charge;MW,669,6,-0.5474559370263403
adaptation_fold,100,1,PC1,lora_increment_magnitude,pearson,none,,669,1,0.4575250757556325
adaptation_fold,100,1,PC1,lora_increment_magnitude,pearson,fold_potency_charge,fold;y_true;prepared_formal_charge,669,5,0.33240021518620594
adaptation_fold,100,1,PC1,lora_increment_magnitude,pearson,fold_potency_charge_MW,fold;y_true;prepared_formal_charge;MW,669,6,0.2706975760885656
adaptation_fold,100,1,PC1,lora_increment_magnitude,spearman,none,,669,1,0.19698991682654368
adaptation_fold,100,1,PC1,lora_increment_magnitude,spearman,fold_potency_charge,fold;y_true;prepared_formal_charge,669,5,0.044434660042973625
adaptation_fold,100,1,PC1,lora_increment_magnitude,spearman,fold_potency_charge_MW,fold;y_true;prepared_formal_charge;MW,669,6,0.029072046016401846
adaptation_fold,100,1,PC1,lora_increment_error_delta,pearson,none,,669,1,-0.02832282034985424
adaptation_fold,100,1,PC1,lora_increment_error_delta,pearson,fold_potency_charge,fold;y_true;prepared_formal_charge,669,5,0.08778663633103742
adaptation_fold,100,1,PC1,lora_increment_error_delta,pearson,fold_potency_charge_MW,fold;y_true;prepared_formal_charge;MW,669,6,0.130071324078292
adaptation_fold,100,1,PC1,lora_increment_error_delta,spearman,none,,669,1,-0.1825108500621406
adaptation_fold,100,1,PC1,lora_increment_error_delta,spearman,fold_potency_charge,fold;y_true;prepared_formal_charge,669,5,-0.08896402148068044
adaptation_fold,100,1,PC1,lora_increment_error_delta,spearman,fold_potency_charge_MW,fold;y_true;prepared_formal_charge;MW,669,6,-0.08018209209076418
adaptation_fold,100,1,PC2,head_signed_change,pearson,none,,669,1,-0.6111662222120011
adaptation_fold,100,1,PC2,head_signed_change,pearson,fold_potency_charge,fold;y_true;prepared_formal_charge,669,5,-0.679916209803701
adaptation_fold,100,1,PC2,head_signed_change,pearson,fold_potency_charge_MW,fold;y_true;prepared_formal_charge;MW,669,6,-0.7103963685513403
adaptation_fold,100,1,PC2,head_signed_change,spearman,none,,669,1,-0.2497746224971915
adaptation_fold,100,1,PC2,head_signed_change,spearman,fold_potency_charge,fold;y_true;prepared_formal_charge,669,5,-0.30982845386861796
adaptation_fold,100,1,PC2,head_signed_change,spearman,fold_potency_charge_MW,fold;y_true;prepared_formal_charge;MW,669,6,-0.3432442264576318
adaptation_fold,100,1,PC2,head_magnitude,pearson,none,,669,1,0.6128653430430184
adaptation_fold,100,1,PC2,head_magnitude,pearson,fold_potency_charge,fold;y_true;prepared_formal_charge,669,5,0.685382953079234
adaptation_fold,100,1,PC2,head_magnitude,pearson,fold_potency_charge_MW,fold;y_true;prepared_formal_charge;MW,669,6,0.7151257256206338
adaptation_fold,100,1,PC2,head_magnitude,spearman,none,,669,1,0.24809311836136308
adaptation_fold,100,1,PC2,head_magnitude,spearman,fold_potency_charge,fold;y_true;prepared_formal_charge,669,5,0.3092514893501888
adaptation_fold,100,1,PC2,head_magnitude,spearman,fold_potency_charge_MW,fold;y_true;prepared_formal_charge;MW,669,6,0.34182827193213605
adaptation_fold,100,1,PC2,head_error_delta,pearson,none,,669,1,-0.028883317905187528
adaptation_fold,100,1,PC2,head_error_delta,pearson,fold_potency_charge,fold;y_true;prepared_formal_charge,669,5,-0.19563152911899553
adaptation_fold,100,1,PC2,head_error_delta,pearson,fold_potency_charge_MW,fold;y_true;prepared_formal_charge;MW,669,6,-0.19367042144754681
adaptation_fold,100,1,PC2,head_error_delta,spearman,none,,669,1,0.08558998728331436
adaptation_fold,100,1,PC2,head_error_delta,spearman,fold_potency_charge,fold;y_true;prepared_formal_charge,669,5,-0.284344297497761
adaptation_fold,100,1,PC2,head_error_delta,spearman,fold_potency_charge_MW,fold;y_true;prepared_formal_charge;MW,669,6,-0.2890339109856482
adaptation_fold,100,1,PC2,lora_total_signed_change,pearson,none,,669,1,-0.34255365869625654
adaptation_fold,100,1,PC2,lora_total_signed_change,pearson,fold_potency_charge,fold;y_true;prepared_formal_charge,669,5,-0.4898381651904713
adaptation_fold,100,1,PC2,lora_total_signed_change,pearson,fold_potency_charge_MW,fold;y_true;prepared_formal_charge;MW,669,6,-0.5343233350443342
adaptation_fold,100,1,PC2,lora_total_signed_change,spearman,none,,669,1,0.25720937483843637
adaptation_fold,100,1,PC2,lora_total_signed_change,spearman,fold_potency_charge,fold;y_true;prepared_formal_charge,669,5,0.08814009018436757
adaptation_fold,100,1,PC2,lora_total_signed_change,spearman,fold_potency_charge_MW,fold;y_true;prepared_formal_charge;MW,669,6,0.06468068507254404
adaptation_fold,100,1,PC2,lora_total_magnitude,pearson,none,,669,1,0.3500359118982034
adaptation_fold,100,1,PC2,lora_total_magnitude,pearson,fold_potency_charge,fold;y_true;prepared_formal_charge,669,5,0.49476202715961215
adaptation_fold,100,1,PC2,lora_total_magnitude,pearson,fold_potency_charge_MW,fold;y_true;prepared_formal_charge;MW,669,6,0.5398282422923317
adaptation_fold,100,1,PC2,lora_total_magnitude,spearman,none,,669,1,-0.2546899641584243
adaptation_fold,100,1,PC2,lora_total_magnitude,spearman,fold_potency_charge,fold;y_true;prepared_formal_charge,669,5,-0.0881669694193873
adaptation_fold,100,1,PC2,lora_total_magnitude,spearman,fold_potency_charge_MW,fold;y_true;prepared_formal_charge;MW,669,6,-0.0648753585309826
adaptation_fold,100,1,PC2,lora_total_error_delta,pearson,none,,669,1,0.10383460678826972
adaptation_fold,100,1,PC2,lora_total_error_delta,pearson,fold_potency_charge,fold;y_true;prepared_formal_charge,669,5,-0.022886335594866792
adaptation_fold,100,1,PC2,lora_total_error_delta,pearson,fold_potency_charge_MW,fold;y_true;prepared_formal_charge;MW,669,6,-0.01832508366611046
adaptation_fold,100,1,PC2,lora_total_error_delta,spearman,none,,669,1,0.17700179588617423
adaptation_fold,100,1,PC2,lora_total_error_delta,spearman,fold_potency_charge,fold;y_true;prepared_formal_charge,669,5,-0.17695887299421983
adaptation_fold,100,1,PC2,lora_total_error_delta,spearman,fold_potency_charge_MW,fold;y_true;prepared_formal_charge;MW,669,6,-0.18245331469234902
adaptation_fold,100,1,PC2,lora_increment_signed_change,pearson,none,,669,1,0.3318786814582747
adaptation_fold,100,1,PC2,lora_increment_signed_change,pearson,fold_potency_charge,fold;y_true;prepared_formal_charge,669,5,0.2650653795431563
adaptation_fold,100,1,PC2,lora_increment_signed_change,pearson,fold_potency_charge_MW,fold;y_true;prepared_formal_charge;MW,669,6,0.304351305651554
adaptation_fold,100,1,PC2,lora_increment_signed_change,spearman,none,,669,1,0.6540206649147324
adaptation_fold,100,1,PC2,lora_increment_signed_change,spearman,fold_potency_charge,fold;y_true;prepared_formal_charge,669,5,0.5491928238864787
adaptation_fold,100,1,PC2,lora_increment_signed_change,spearman,fold_potency_charge_MW,fold;y_true;prepared_formal_charge;MW,669,6,0.5517240086898454
adaptation_fold,100,1,PC2,lora_increment_magnitude,pearson,none,,669,1,0.07109073050459903
adaptation_fold,100,1,PC2,lora_increment_magnitude,pearson,fold_potency_charge,fold;y_true;prepared_formal_charge,669,5,0.1835677144682654
adaptation_fold,100,1,PC2,lora_increment_magnitude,pearson,fold_potency_charge_MW,fold;y_true;prepared_formal_charge;MW,669,6,0.18275554967052907
adaptation_fold,100,1,PC2,lora_increment_magnitude,spearman,none,,669,1,-0.15087014913349792
adaptation_fold,100,1,PC2,lora_increment_magnitude,spearman,fold_potency_charge,fold;y_true;prepared_formal_charge,669,5,-0.015467382516589214
adaptation_fold,100,1,PC2,lora_increment_magnitude,spearman,fold_potency_charge_MW,fold;y_true;prepared_formal_charge;MW,669,6,-0.005203605267583182
adaptation_fold,100,1,PC2,lora_increment_error_delta,pearson,none,,669,1,0.30714716493676264
adaptation_fold,100,1,PC2,lora_increment_error_delta,pearson,fold_potency_charge,fold;y_true;prepared_formal_charge,669,5,0.2788751909703209
adaptation_fold,100,1,PC2,lora_increment_error_delta,pearson,fold_potency_charge_MW,fold;y_true;prepared_formal_charge;MW,669,6,0.2844639884301143
adaptation_fold,100,1,PC2,lora_increment_error_delta,spearman,none,,669,1,0.1963866657956425
adaptation_fold,100,1,PC2,lora_increment_error_delta,spearman,fold_potency_charge,fold;y_true;prepared_formal_charge,669,5,0.1189364567662179
adaptation_fold,100,1,PC2,lora_increment_error_delta,spearman,fold_potency_charge_MW,fold;y_true;prepared_formal_charge;MW,669,6,0.11339965978918848
adaptation_fold,100,2,norm_l2,head_signed_change,pearson,none,,669,1,-0.6903507165976085
adaptation_fold,100,2,norm_l2,head_signed_change,pearson,fold_potency_charge,fold;y_true;prepared_formal_charge,669,6,-0.6551990654422115
adaptation_fold,100,2,norm_l2,head_signed_change,pearson,fold_potency_charge_MW,fold;y_true;prepared_formal_charge;MW,669,7,-0.5959445900388259
adaptation_fold,100,2,norm_l2,head_signed_change,spearman,none,,669,1,-0.43771136530232485
adaptation_fold,100,2,norm_l2,head_signed_change,spearman,fold_potency_charge,fold;y_true;prepared_formal_charge,669,6,-0.3413715785938766
adaptation_fold,100,2,norm_l2,head_signed_change,spearman,fold_potency_charge_MW,fold;y_true;prepared_formal_charge;MW,669,7,-0.2787840519387039
adaptation_fold,100,2,norm_l2,head_magnitude,pearson,none,,669,1,0.7064366336277825
adaptation_fold,100,2,norm_l2,head_magnitude,pearson,fold_potency_charge,fold;y_true;prepared_formal_charge,669,6,0.6743206268235055
adaptation_fold,100,2,norm_l2,head_magnitude,pearson,fold_potency_charge_MW,fold;y_true;prepared_formal_charge;MW,669,7,0.6205441604512878
adaptation_fold,100,2,norm_l2,head_magnitude,spearman,none,,669,1,0.4230722678864211
adaptation_fold,100,2,norm_l2,head_magnitude,spearman,fold_potency_charge,fold;y_true;prepared_formal_charge,669,6,0.3258954685000922
adaptation_fold,100,2,norm_l2,head_magnitude,spearman,fold_potency_charge_MW,fold;y_true;prepared_formal_charge;MW,669,7,0.26138642930347017
adaptation_fold,100,2,norm_l2,head_error_delta,pearson,none,,669,1,-0.5883032506227343
adaptation_fold,100,2,norm_l2,head_error_delta,pearson,fold_potency_charge,fold;y_true;prepared_formal_charge,669,6,-0.4985992746520479
adaptation_fold,100,2,norm_l2,head_error_delta,pearson,fold_potency_charge_MW,fold;y_true;prepared_formal_charge;MW,669,7,-0.4225077530887692
adaptation_fold,100,2,norm_l2,head_error_delta,spearman,none,,669,1,-0.3875652216081858
adaptation_fold,100,2,norm_l2,head_error_delta,spearman,fold_potency_charge,fold;y_true;prepared_formal_charge,669,6,-0.07151241089583764
adaptation_fold,100,2,norm_l2,head_error_delta,spearman,fold_potency_charge_MW,fold;y_true;prepared_formal_charge;MW,669,7,-0.025029012832778755
adaptation_fold,100,2,norm_l2,lora_total_signed_change,pearson,none,,669,1,-0.6528190451605884
adaptation_fold,100,2,norm_l2,lora_total_signed_change,pearson,fold_potency_charge,fold;y_true;prepared_formal_charge,669,6,-0.5704134162124687
adaptation_fold,100,2,norm_l2,lora_total_signed_change,pearson,fold_potency_charge_MW,fold;y_true;prepared_formal_charge;MW,669,7,-0.493803556164523
adaptation_fold,100,2,norm_l2,lora_total_signed_change,spearman,none,,669,1,-0.6014381036756172
adaptation_fold,100,2,norm_l2,lora_total_signed_change,spearman,fold_potency_charge,fold;y_true;prepared_formal_charge,669,6,-0.45891384616433556
adaptation_fold,100,2,norm_l2,lora_total_signed_change,spearman,fold_potency_charge_MW,fold;y_true;prepared_formal_charge;MW,669,7,-0.4225993175865462
adaptation_fold,100,2,norm_l2,lora_total_magnitude,pearson,none,,669,1,0.6836064929194889
adaptation_fold,100,2,norm_l2,lora_total_magnitude,pearson,fold_potency_charge,fold;y_true;prepared_formal_charge,669,6,0.6148931282301143
adaptation_fold,100,2,norm_l2,lora_total_magnitude,pearson,fold_potency_charge_MW,fold;y_true;prepared_formal_charge;MW,669,7,0.5453874146039659
adaptation_fold,100,2,norm_l2,lora_total_magnitude,spearman,none,,669,1,0.5909560356755742
adaptation_fold,100,2,norm_l2,lora_total_magnitude,spearman,fold_potency_charge,fold;y_true;prepared_formal_charge,669,6,0.44709288184131335
adaptation_fold,100,2,norm_l2,lora_total_magnitude,spearman,fold_potency_charge_MW,fold;y_true;prepared_formal_charge;MW,669,7,0.41091825686255473
adaptation_fold,100,2,norm_l2,lora_total_error_delta,pearson,none,,669,1,-0.49836990748601134
adaptation_fold,100,2,norm_l2,lora_total_error_delta,pearson,fold_potency_charge,fold;y_true;prepared_formal_charge,669,6,-0.35533952434942734
adaptation_fold,100,2,norm_l2,lora_total_error_delta,pearson,fold_potency_charge_MW,fold;y_true;prepared_formal_charge;MW,669,7,-0.2686404732715866
adaptation_fold,100,2,norm_l2,lora_total_error_delta,spearman,none,,669,1,-0.38465296834214574
adaptation_fold,100,2,norm_l2,lora_total_error_delta,spearman,fold_potency_charge,fold;y_true;prepared_formal_charge,669,6,-0.03862748324424628
adaptation_fold,100,2,norm_l2,lora_total_error_delta,spearman,fold_potency_charge_MW,fold;y_true;prepared_formal_charge;MW,669,7,-0.00271063095368876
adaptation_fold,100,2,norm_l2,lora_increment_signed_change,pearson,none,,669,1,-0.3615208680525804
adaptation_fold,100,2,norm_l2,lora_increment_signed_change,pearson,fold_potency_charge,fold;y_true;prepared_formal_charge,669,6,-0.14867206957404552
adaptation_fold,100,2,norm_l2,lora_increment_signed_change,pearson,fold_potency_charge_MW,fold;y_true;prepared_formal_charge;MW,669,7,-0.12371157097800767
adaptation_fold,100,2,norm_l2,lora_increment_signed_change,spearman,none,,669,1,-0.5713938354272697
adaptation_fold,100,2,norm_l2,lora_increment_signed_change,spearman,fold_potency_charge,fold;y_true;prepared_formal_charge,669,6,-0.38938699787472697
adaptation_fold,100,2,norm_l2,lora_increment_signed_change,spearman,fold_potency_charge_MW,fold;y_true;prepared_formal_charge;MW,669,7,-0.39953389540626216
adaptation_fold,100,2,norm_l2,lora_increment_magnitude,pearson,none,,669,1,0.35706352606118086
adaptation_fold,100,2,norm_l2,lora_increment_magnitude,pearson,fold_potency_charge,fold;y_true;prepared_formal_charge,669,6,0.2015406393317957
adaptation_fold,100,2,norm_l2,lora_increment_magnitude,pearson,fold_potency_charge_MW,fold;y_true;prepared_formal_charge;MW,669,7,0.13538809924087877
adaptation_fold,100,2,norm_l2,lora_increment_magnitude,spearman,none,,669,1,0.4025447438822716
adaptation_fold,100,2,norm_l2,lora_increment_magnitude,spearman,fold_potency_charge,fold;y_true;prepared_formal_charge,669,6,0.25479103842493506
adaptation_fold,100,2,norm_l2,lora_increment_magnitude,spearman,fold_potency_charge_MW,fold;y_true;prepared_formal_charge;MW,669,7,0.23434395122526228
adaptation_fold,100,2,norm_l2,lora_increment_error_delta,pearson,none,,669,1,-0.10616200777160896
adaptation_fold,100,2,norm_l2,lora_increment_error_delta,pearson,fold_potency_charge,fold;y_true;prepared_formal_charge,669,6,0.11651778849867911
adaptation_fold,100,2,norm_l2,lora_increment_error_delta,pearson,fold_potency_charge_MW,fold;y_true;prepared_formal_charge;MW,669,7,0.1425447402940154
adaptation_fold,100,2,norm_l2,lora_increment_error_delta,spearman,none,,669,1,-0.21513437885623568
adaptation_fold,100,2,norm_l2,lora_increment_error_delta,spearman,fold_potency_charge,fold;y_true;prepared_formal_charge,669,6,0.037731574781852906
adaptation_fold,100,2,norm_l2,lora_increment_error_delta,spearman,fold_potency_charge_MW,fold;y_true;prepared_formal_charge;MW,669,7,0.04936633600117404
adaptation_fold,100,2,PC1,head_signed_change,pearson,none,,669,1,-0.6011852958622613
adaptation_fold,100,2,PC1,head_signed_change,pearson,fold_potency_charge,fold;y_true;prepared_formal_charge,669,6,-0.5419537817688367
adaptation_fold,100,2,PC1,head_signed_change,pearson,fold_potency_charge_MW,fold;y_true;prepared_formal_charge;MW,669,7,-0.44815073972410824
adaptation_fold,100,2,PC1,head_signed_change,spearman,none,,669,1,-0.11549123157874064
adaptation_fold,100,2,PC1,head_signed_change,spearman,fold_potency_charge,fold;y_true;prepared_formal_charge,669,6,0.01839760692411135
adaptation_fold,100,2,PC1,head_signed_change,spearman,fold_potency_charge_MW,fold;y_true;prepared_formal_charge;MW,669,7,0.08804910049828676
adaptation_fold,100,2,PC1,head_magnitude,pearson,none,,669,1,0.6178114178558186
adaptation_fold,100,2,PC1,head_magnitude,pearson,fold_potency_charge,fold;y_true;prepared_formal_charge,669,6,0.5624324211915871
adaptation_fold,100,2,PC1,head_magnitude,pearson,fold_potency_charge_MW,fold;y_true;prepared_formal_charge;MW,669,7,0.4744437189138999
adaptation_fold,100,2,PC1,head_magnitude,spearman,none,,669,1,0.11330286351866242
adaptation_fold,100,2,PC1,head_magnitude,spearman,fold_potency_charge,fold;y_true;prepared_formal_charge,669,6,-0.01673845079767886
adaptation_fold,100,2,PC1,head_magnitude,spearman,fold_potency_charge_MW,fold;y_true;prepared_formal_charge;MW,669,7,-0.08488618455047663
adaptation_fold,100,2,PC1,head_error_delta,pearson,none,,669,1,-0.5336933310210167
adaptation_fold,100,2,PC1,head_error_delta,pearson,fold_potency_charge,fold;y_true;prepared_formal_charge,669,6,-0.38820661209098517
adaptation_fold,100,2,PC1,head_error_delta,pearson,fold_potency_charge_MW,fold;y_true;prepared_formal_charge;MW,669,7,-0.2935455500119918
adaptation_fold,100,2,PC1,head_error_delta,spearman,none,,669,1,-0.1823980711356886
adaptation_fold,100,2,PC1,head_error_delta,spearman,fold_potency_charge,fold;y_true;prepared_formal_charge,669,6,0.18320775956851534
adaptation_fold,100,2,PC1,head_error_delta,spearman,fold_potency_charge_MW,fold;y_true;prepared_formal_charge;MW,669,7,0.21776199087788706
adaptation_fold,100,2,PC1,lora_total_signed_change,pearson,none,,669,1,-0.6128012367597957
adaptation_fold,100,2,PC1,lora_total_signed_change,pearson,fold_potency_charge,fold;y_true;prepared_formal_charge,669,6,-0.49732655362471784
adaptation_fold,100,2,PC1,lora_total_signed_change,pearson,fold_potency_charge_MW,fold;y_true;prepared_formal_charge;MW,669,7,-0.4036857171048264
adaptation_fold,100,2,PC1,lora_total_signed_change,spearman,none,,669,1,-0.3412159752755244
adaptation_fold,100,2,PC1,lora_total_signed_change,spearman,fold_potency_charge,fold;y_true;prepared_formal_charge,669,6,-0.1410676011550316
adaptation_fold,100,2,PC1,lora_total_signed_change,spearman,fold_potency_charge_MW,fold;y_true;prepared_formal_charge;MW,669,7,-0.1089104040478931
adaptation_fold,100,2,PC1,lora_total_magnitude,pearson,none,,669,1,0.6462801864453702
adaptation_fold,100,2,PC1,lora_total_magnitude,pearson,fold_potency_charge,fold;y_true;prepared_formal_charge,669,6,0.5481293411643733
adaptation_fold,100,2,PC1,lora_total_magnitude,pearson,fold_potency_charge_MW,fold;y_true;prepared_formal_charge;MW,669,7,0.46099129076725953
adaptation_fold,100,2,PC1,lora_total_magnitude,spearman,none,,669,1,0.3535128862851145
adaptation_fold,100,2,PC1,lora_total_magnitude,spearman,fold_potency_charge,fold;y_true;prepared_formal_charge,669,6,0.16244857838403645
adaptation_fold,100,2,PC1,lora_total_magnitude,spearman,fold_potency_charge_MW,fold;y_true;prepared_formal_charge;MW,669,7,0.13255334598279073
adaptation_fold,100,2,PC1,lora_total_error_delta,pearson,none,,669,1,-0.4658466963561122
adaptation_fold,100,2,PC1,lora_total_error_delta,pearson,fold_potency_charge,fold;y_true;prepared_formal_charge,669,6,-0.26339507250030153
adaptation_fold,100,2,PC1,lora_total_error_delta,pearson,fold_potency_charge_MW,fold;y_true;prepared_formal_charge;MW,669,7,-0.16286309167128968
adaptation_fold,100,2,PC1,lora_total_error_delta,spearman,none,,669,1,-0.2280889262235852
adaptation_fold,100,2,PC1,lora_total_error_delta,spearman,fold_potency_charge,fold;y_true;prepared_formal_charge,669,6,0.14238218532195673
adaptation_fold,100,2,PC1,lora_total_error_delta,spearman,fold_potency_charge_MW,fold;y_true;prepared_formal_charge;MW,669,7,0.16676675290322698
adaptation_fold,100,2,PC1,lora_increment_signed_change,pearson,none,,669,1,-0.4146535180055416
adaptation_fold,100,2,PC1,lora_increment_signed_change,pearson,fold_potency_charge,fold;y_true;prepared_formal_charge,669,6,-0.17968650252545076
adaptation_fold,100,2,PC1,lora_increment_signed_change,pearson,fold_potency_charge_MW,fold;y_true;prepared_formal_charge;MW,669,7,-0.15667431721803216
adaptation_fold,100,2,PC1,lora_increment_signed_change,spearman,none,,669,1,-0.47908296063401234
adaptation_fold,100,2,PC1,lora_increment_signed_change,spearman,fold_potency_charge,fold;y_true;prepared_formal_charge,669,6,-0.28024606027532944
adaptation_fold,100,2,PC1,lora_increment_signed_change,spearman,fold_potency_charge_MW,fold;y_true;prepared_formal_charge;MW,669,7,-0.2829084843020738
adaptation_fold,100,2,PC1,lora_increment_magnitude,pearson,none,,669,1,0.4107517810073417
adaptation_fold,100,2,PC1,lora_increment_magnitude,pearson,fold_potency_charge,fold;y_true;prepared_formal_charge,669,6,0.24461538836743318
adaptation_fold,100,2,PC1,lora_increment_magnitude,pearson,fold_potency_charge_MW,fold;y_true;prepared_formal_charge;MW,669,7,0.18165978589543164
adaptation_fold,100,2,PC1,lora_increment_magnitude,spearman,none,,669,1,0.38726039374894944
adaptation_fold,100,2,PC1,lora_increment_magnitude,spearman,fold_potency_charge,fold;y_true;prepared_formal_charge,669,6,0.248534364900162
adaptation_fold,100,2,PC1,lora_increment_magnitude,spearman,fold_potency_charge_MW,fold;y_true;prepared_formal_charge;MW,669,7,0.23629092424317788
adaptation_fold,100,2,PC1,lora_increment_error_delta,pearson,none,,669,1,-0.13166238776234715
adaptation_fold,100,2,PC1,lora_increment_error_delta,pearson,fold_potency_charge,fold;y_true;prepared_formal_charge,669,6,0.11747513049829664
adaptation_fold,100,2,PC1,lora_increment_error_delta,pearson,fold_potency_charge_MW,fold;y_true;prepared_formal_charge;MW,669,7,0.14405151488973966
adaptation_fold,100,2,PC1,lora_increment_error_delta,spearman,none,,669,1,-0.19708650432219024
adaptation_fold,100,2,PC1,lora_increment_error_delta,spearman,fold_potency_charge,fold;y_true;prepared_formal_charge,669,6,0.018227502555353072
adaptation_fold,100,2,PC1,lora_increment_error_delta,spearman,fold_potency_charge_MW,fold;y_true;prepared_formal_charge;MW,669,7,0.024453751993558166
adaptation_fold,100,2,PC2,head_signed_change,pearson,none,,669,1,-0.3805236691370206
adaptation_fold,100,2,PC2,head_signed_change,pearson,fold_potency_charge,fold;y_true;prepared_formal_charge,669,6,-0.470305798552145
adaptation_fold,100,2,PC2,head_signed_change,pearson,fold_potency_charge_MW,fold;y_true;prepared_formal_charge;MW,669,7,-0.5037889339359526
adaptation_fold,100,2,PC2,head_signed_change,spearman,none,,669,1,-0.04276533607037982
adaptation_fold,100,2,PC2,head_signed_change,spearman,fold_potency_charge,fold;y_true;prepared_formal_charge,669,6,-0.1413312370344726
adaptation_fold,100,2,PC2,head_signed_change,spearman,fold_potency_charge_MW,fold;y_true;prepared_formal_charge;MW,669,7,-0.17675294576275802
adaptation_fold,100,2,PC2,head_magnitude,pearson,none,,669,1,0.3951983730312841
adaptation_fold,100,2,PC2,head_magnitude,pearson,fold_potency_charge,fold;y_true;prepared_formal_charge,669,6,0.4862633065419758
adaptation_fold,100,2,PC2,head_magnitude,pearson,fold_potency_charge_MW,fold;y_true;prepared_formal_charge;MW,669,7,0.5233698172817813
adaptation_fold,100,2,PC2,head_magnitude,spearman,none,,669,1,0.0439221416613931
adaptation_fold,100,2,PC2,head_magnitude,spearman,fold_potency_charge,fold;y_true;prepared_formal_charge,669,6,0.13886983835779165
adaptation_fold,100,2,PC2,head_magnitude,spearman,fold_potency_charge_MW,fold;y_true;prepared_formal_charge;MW,669,7,0.17304514007161947
adaptation_fold,100,2,PC2,head_error_delta,pearson,none,,669,1,-0.2848132513370295
adaptation_fold,100,2,PC2,head_error_delta,pearson,fold_potency_charge,fold;y_true;prepared_formal_charge,669,6,-0.4566777531097586
adaptation_fold,100,2,PC2,head_error_delta,pearson,fold_potency_charge_MW,fold;y_true;prepared_formal_charge;MW,669,7,-0.45654364862617325
adaptation_fold,100,2,PC2,head_error_delta,spearman,none,,669,1,0.024748361519381423
adaptation_fold,100,2,PC2,head_error_delta,spearman,fold_potency_charge,fold;y_true;prepared_formal_charge,669,6,-0.2670432214336144
adaptation_fold,100,2,PC2,head_error_delta,spearman,fold_potency_charge_MW,fold;y_true;prepared_formal_charge;MW,669,7,-0.2808856861122298
adaptation_fold,100,2,PC2,lora_total_signed_change,pearson,none,,669,1,-0.2023337052399493
adaptation_fold,100,2,PC2,lora_total_signed_change,pearson,fold_potency_charge,fold;y_true;prepared_formal_charge,669,6,-0.298307490563719
adaptation_fold,100,2,PC2,lora_total_signed_change,pearson,fold_potency_charge_MW,fold;y_true;prepared_formal_charge;MW,669,7,-0.28739876685003246
adaptation_fold,100,2,PC2,lora_total_signed_change,spearman,none,,669,1,0.18568417383192604
adaptation_fold,100,2,PC2,lora_total_signed_change,spearman,fold_potency_charge,fold;y_true;prepared_formal_charge,669,6,0.037681101908506244
adaptation_fold,100,2,PC2,lora_total_signed_change,spearman,fold_potency_charge_MW,fold;y_true;prepared_formal_charge;MW,669,7,0.02984432693495182
adaptation_fold,100,2,PC2,lora_total_magnitude,pearson,none,,669,1,0.22141603012333022
adaptation_fold,100,2,PC2,lora_total_magnitude,pearson,fold_potency_charge,fold;y_true;prepared_formal_charge,669,6,0.32159964159003196
adaptation_fold,100,2,PC2,lora_total_magnitude,pearson,fold_potency_charge_MW,fold;y_true;prepared_formal_charge;MW,669,7,0.31703323974691533
adaptation_fold,100,2,PC2,lora_total_magnitude,spearman,none,,669,1,-0.1986222094053419
adaptation_fold,100,2,PC2,lora_total_magnitude,spearman,fold_potency_charge,fold;y_true;prepared_formal_charge,669,6,-0.05738604682273942
adaptation_fold,100,2,PC2,lora_total_magnitude,spearman,fold_potency_charge_MW,fold;y_true;prepared_formal_charge;MW,669,7,-0.05074645379398922
adaptation_fold,100,2,PC2,lora_total_error_delta,pearson,none,,669,1,-0.18431557762234993
adaptation_fold,100,2,PC2,lora_total_error_delta,pearson,fold_potency_charge,fold;y_true;prepared_formal_charge,669,6,-0.34360180356845865
adaptation_fold,100,2,PC2,lora_total_error_delta,pearson,fold_potency_charge_MW,fold;y_true;prepared_formal_charge;MW,669,7,-0.3317233755134772
adaptation_fold,100,2,PC2,lora_total_error_delta,spearman,none,,669,1,0.07817318979603206
adaptation_fold,100,2,PC2,lora_total_error_delta,spearman,fold_potency_charge,fold;y_true;prepared_formal_charge,669,6,-0.20841635798567326
adaptation_fold,100,2,PC2,lora_total_error_delta,spearman,fold_potency_charge_MW,fold;y_true;prepared_formal_charge;MW,669,7,-0.21664133754891535
adaptation_fold,100,2,PC2,lora_increment_signed_change,pearson,none,,669,1,0.1556473003668585
adaptation_fold,100,2,PC2,lora_increment_signed_change,pearson,fold_potency_charge,fold;y_true;prepared_formal_charge,669,6,0.140412032779928
adaptation_fold,100,2,PC2,lora_increment_signed_change,pearson,fold_potency_charge_MW,fold;y_true;prepared_formal_charge;MW,669,7,0.15129716719477418
adaptation_fold,100,2,PC2,lora_increment_signed_change,spearman,none,,669,1,0.4004788936331095
adaptation_fold,100,2,PC2,lora_increment_signed_change,spearman,fold_potency_charge,fold;y_true;prepared_formal_charge,669,6,0.27517242776681683
adaptation_fold,100,2,PC2,lora_increment_signed_change,spearman,fold_potency_charge_MW,fold;y_true;prepared_formal_charge;MW,669,7,0.27541905394654737
adaptation_fold,100,2,PC2,lora_increment_magnitude,pearson,none,,669,1,-0.11147710802128433
adaptation_fold,100,2,PC2,lora_increment_magnitude,pearson,fold_potency_charge,fold;y_true;prepared_formal_charge,669,6,-0.0880034365251912
adaptation_fold,100,2,PC2,lora_increment_magnitude,pearson,fold_potency_charge_MW,fold;y_true;prepared_formal_charge;MW,669,7,-0.1138045703046665
adaptation_fold,100,2,PC2,lora_increment_magnitude,spearman,none,,669,1,-0.3260050843297517
adaptation_fold,100,2,PC2,lora_increment_magnitude,spearman,fold_potency_charge,fold;y_true;prepared_formal_charge,669,6,-0.22957114977342194
adaptation_fold,100,2,PC2,lora_increment_magnitude,spearman,fold_potency_charge_MW,fold;y_true;prepared_formal_charge;MW,669,7,-0.22769936873358565
adaptation_fold,100,2,PC2,lora_increment_error_delta,pearson,none,,669,1,0.09518220070690954
adaptation_fold,100,2,PC2,lora_increment_error_delta,pearson,fold_potency_charge,fold;y_true;prepared_formal_charge,669,6,0.07015058582461627
adaptation_fold,100,2,PC2,lora_increment_error_delta,pearson,fold_potency_charge_MW,fold;y_true;prepared_formal_charge;MW,669,7,0.07557795808150332
adaptation_fold,100,2,PC2,lora_increment_error_delta,spearman,none,,669,1,0.15818735329020692
adaptation_fold,100,2,PC2,lora_increment_error_delta,spearman,fold_potency_charge,fold;y_true;prepared_formal_charge,669,6,0.025941508719958546
adaptation_fold,100,2,PC2,lora_increment_error_delta,spearman,fold_potency_charge_MW,fold;y_true;prepared_formal_charge;MW,669,7,0.02451963457892908
adaptation_fold,100,3,norm_l2,head_signed_change,pearson,none,,668,1,-0.8804616770634498
adaptation_fold,100,3,norm_l2,head_signed_change,pearson,fold_potency_charge,fold;y_true;prepared_formal_charge,668,6,-0.8482774780971645
adaptation_fold,100,3,norm_l2,head_signed_change,pearson,fold_potency_charge_MW,fold;y_true;prepared_formal_charge;MW,668,7,-0.8422950157581056
adaptation_fold,100,3,norm_l2,head_signed_change,spearman,none,,668,1,-0.7036691507331893
adaptation_fold,100,3,norm_l2,head_signed_change,spearman,fold_potency_charge,fold;y_true;prepared_formal_charge,668,6,-0.6344289671763974
adaptation_fold,100,3,norm_l2,head_signed_change,spearman,fold_potency_charge_MW,fold;y_true;prepared_formal_charge;MW,668,7,-0.6196752893208121
adaptation_fold,100,3,norm_l2,head_magnitude,pearson,none,,668,1,0.8908345278343353
adaptation_fold,100,3,norm_l2,head_magnitude,pearson,fold_potency_charge,fold;y_true;prepared_formal_charge,668,6,0.8607625074495346
adaptation_fold,100,3,norm_l2,head_magnitude,pearson,fold_potency_charge_MW,fold;y_true;prepared_formal_charge;MW,668,7,0.8546111494817518
adaptation_fold,100,3,norm_l2,head_magnitude,spearman,none,,668,1,0.6858016577805891
adaptation_fold,100,3,norm_l2,head_magnitude,spearman,fold_potency_charge,fold;y_true;prepared_formal_charge,668,6,0.6118080059152676
adaptation_fold,100,3,norm_l2,head_magnitude,spearman,fold_potency_charge_MW,fold;y_true;prepared_formal_charge;MW,668,7,0.5945410732435369
adaptation_fold,100,3,norm_l2,head_error_delta,pearson,none,,668,1,-0.6807454505339314
adaptation_fold,100,3,norm_l2,head_error_delta,pearson,fold_potency_charge,fold;y_true;prepared_formal_charge,668,6,-0.5765587806297903
adaptation_fold,100,3,norm_l2,head_error_delta,pearson,fold_potency_charge_MW,fold;y_true;prepared_formal_charge;MW,668,7,-0.536581803262713
adaptation_fold,100,3,norm_l2,head_error_delta,spearman,none,,668,1,-0.3982390802933702
adaptation_fold,100,3,norm_l2,head_error_delta,spearman,fold_potency_charge,fold;y_true;prepared_formal_charge,668,6,-0.13942303857492197
adaptation_fold,100,3,norm_l2,head_error_delta,spearman,fold_potency_charge_MW,fold;y_true;prepared_formal_charge;MW,668,7,-0.11306495628061504
adaptation_fold,100,3,norm_l2,lora_total_signed_change,pearson,none,,668,1,-0.7543966068304928
adaptation_fold,100,3,norm_l2,lora_total_signed_change,pearson,fold_potency_charge,fold;y_true;prepared_formal_charge,668,6,-0.6583758591383777
adaptation_fold,100,3,norm_l2,lora_total_signed_change,pearson,fold_potency_charge_MW,fold;y_true;prepared_formal_charge;MW,668,7,-0.6221417005721641
adaptation_fold,100,3,norm_l2,lora_total_signed_change,spearman,none,,668,1,-0.6382791660478667
adaptation_fold,100,3,norm_l2,lora_total_signed_change,spearman,fold_potency_charge,fold;y_true;prepared_formal_charge,668,6,-0.5225891513567684
adaptation_fold,100,3,norm_l2,lora_total_signed_change,spearman,fold_potency_charge_MW,fold;y_true;prepared_formal_charge;MW,668,7,-0.49858263648771994
adaptation_fold,100,3,norm_l2,lora_total_magnitude,pearson,none,,668,1,0.7846561478763798
adaptation_fold,100,3,norm_l2,lora_total_magnitude,pearson,fold_potency_charge,fold;y_true;prepared_formal_charge,668,6,0.7021100863021889
adaptation_fold,100,3,norm_l2,lora_total_magnitude,pearson,fold_potency_charge_MW,fold;y_true;prepared_formal_charge;MW,668,7,0.6717481046885042
adaptation_fold,100,3,norm_l2,lora_total_magnitude,spearman,none,,668,1,0.5742779505765498
adaptation_fold,100,3,norm_l2,lora_total_magnitude,spearman,fold_potency_charge,fold;y_true;prepared_formal_charge,668,6,0.4412257063562171
adaptation_fold,100,3,norm_l2,lora_total_magnitude,spearman,fold_potency_charge_MW,fold;y_true;prepared_formal_charge;MW,668,7,0.4120065696603044
adaptation_fold,100,3,norm_l2,lora_total_error_delta,pearson,none,,668,1,-0.619021454150054
adaptation_fold,100,3,norm_l2,lora_total_error_delta,pearson,fold_potency_charge,fold;y_true;prepared_formal_charge,668,6,-0.4710927576126406
adaptation_fold,100,3,norm_l2,lora_total_error_delta,pearson,fold_potency_charge_MW,fold;y_true;prepared_formal_charge;MW,668,7,-0.4246789937320066
adaptation_fold,100,3,norm_l2,lora_total_error_delta,spearman,none,,668,1,-0.3940181435825413
adaptation_fold,100,3,norm_l2,lora_total_error_delta,spearman,fold_potency_charge,fold;y_true;prepared_formal_charge,668,6,-0.1340307487201171
adaptation_fold,100,3,norm_l2,lora_total_error_delta,spearman,fold_potency_charge_MW,fold;y_true;prepared_formal_charge;MW,668,7,-0.10859915360363206
adaptation_fold,100,3,norm_l2,lora_increment_signed_change,pearson,none,,668,1,-0.030653384589231104
adaptation_fold,100,3,norm_l2,lora_increment_signed_change,pearson,fold_potency_charge,fold;y_true;prepared_formal_charge,668,6,0.22943728211986905
adaptation_fold,100,3,norm_l2,lora_increment_signed_change,pearson,fold_potency_charge_MW,fold;y_true;prepared_formal_charge;MW,668,7,0.2375118410390103
adaptation_fold,100,3,norm_l2,lora_increment_signed_change,spearman,none,,668,1,-0.24344966154445938
adaptation_fold,100,3,norm_l2,lora_increment_signed_change,spearman,fold_potency_charge,fold;y_true;prepared_formal_charge,668,6,-0.04970161773727219
adaptation_fold,100,3,norm_l2,lora_increment_signed_change,spearman,fold_potency_charge_MW,fold;y_true;prepared_formal_charge;MW,668,7,-0.022892214062176557
adaptation_fold,100,3,norm_l2,lora_increment_magnitude,pearson,none,,668,1,0.28584259017093544
adaptation_fold,100,3,norm_l2,lora_increment_magnitude,pearson,fold_potency_charge,fold;y_true;prepared_formal_charge,668,6,0.1932061844615004
adaptation_fold,100,3,norm_l2,lora_increment_magnitude,pearson,fold_potency_charge_MW,fold;y_true;prepared_formal_charge;MW,668,7,0.17392966726144288
adaptation_fold,100,3,norm_l2,lora_increment_magnitude,spearman,none,,668,1,0.11953845584659134
adaptation_fold,100,3,norm_l2,lora_increment_magnitude,spearman,fold_potency_charge,fold;y_true;prepared_formal_charge,668,6,0.037707751288773364
adaptation_fold,100,3,norm_l2,lora_increment_magnitude,spearman,fold_potency_charge_MW,fold;y_true;prepared_formal_charge;MW,668,7,0.01917017247960718
adaptation_fold,100,3,norm_l2,lora_increment_error_delta,pearson,none,,668,1,-0.03287992051695977
adaptation_fold,100,3,norm_l2,lora_increment_error_delta,pearson,fold_potency_charge,fold;y_true;prepared_formal_charge,668,6,0.11132594674862423
adaptation_fold,100,3,norm_l2,lora_increment_error_delta,pearson,fold_potency_charge_MW,fold;y_true;prepared_formal_charge;MW,668,7,0.11958910307577388
adaptation_fold,100,3,norm_l2,lora_increment_error_delta,spearman,none,,668,1,-0.17290308955240166
adaptation_fold,100,3,norm_l2,lora_increment_error_delta,spearman,fold_potency_charge,fold;y_true;prepared_formal_charge,668,6,-0.08274851517082912
adaptation_fold,100,3,norm_l2,lora_increment_error_delta,spearman,fold_potency_charge_MW,fold;y_true;prepared_formal_charge;MW,668,7,-0.07739455838596591
adaptation_fold,100,3,PC1,head_signed_change,pearson,none,,668,1,-0.7280170638906645
adaptation_fold,100,3,PC1,head_signed_change,pearson,fold_potency_charge,fold;y_true;prepared_formal_charge,668,6,-0.6595214199061631
adaptation_fold,100,3,PC1,head_signed_change,pearson,fold_potency_charge_MW,fold;y_true;prepared_formal_charge;MW,668,7,-0.6200378173411213
adaptation_fold,100,3,PC1,head_signed_change,spearman,none,,668,1,-0.3819973526904013
adaptation_fold,100,3,PC1,head_signed_change,spearman,fold_potency_charge,fold;y_true;prepared_formal_charge,668,6,-0.2508430833761745
adaptation_fold,100,3,PC1,head_signed_change,spearman,fold_potency_charge_MW,fold;y_true;prepared_formal_charge;MW,668,7,-0.23744376585519006
adaptation_fold,100,3,PC1,head_magnitude,pearson,none,,668,1,0.7444224385653118
adaptation_fold,100,3,PC1,head_magnitude,pearson,fold_potency_charge,fold;y_true;prepared_formal_charge,668,6,0.6784843929052204
adaptation_fold,100,3,PC1,head_magnitude,pearson,fold_potency_charge_MW,fold;y_true;prepared_formal_charge;MW,668,7,0.6419265234657496
adaptation_fold,100,3,PC1,head_magnitude,spearman,none,,668,1,0.38373183092134383
adaptation_fold,100,3,PC1,head_magnitude,spearman,fold_potency_charge,fold;y_true;prepared_formal_charge,668,6,0.2530720352604075
adaptation_fold,100,3,PC1,head_magnitude,spearman,fold_potency_charge_MW,fold;y_true;prepared_formal_charge;MW,668,7,0.23980117041229906
adaptation_fold,100,3,PC1,head_error_delta,pearson,none,,668,1,-0.5520216677153785
adaptation_fold,100,3,PC1,head_error_delta,pearson,fold_potency_charge,fold;y_true;prepared_formal_charge,668,6,-0.4084777985985043
adaptation_fold,100,3,PC1,head_error_delta,pearson,fold_potency_charge_MW,fold;y_true;prepared_formal_charge;MW,668,7,-0.3496637342307245
adaptation_fold,100,3,PC1,head_error_delta,spearman,none,,668,1,-0.21329395987809377
adaptation_fold,100,3,PC1,head_error_delta,spearman,fold_potency_charge,fold;y_true;prepared_formal_charge,668,6,0.11499611666525282
adaptation_fold,100,3,PC1,head_error_delta,spearman,fold_potency_charge_MW,fold;y_true;prepared_formal_charge;MW,668,7,0.1309426632385125
adaptation_fold,100,3,PC1,lora_total_signed_change,pearson,none,,668,1,-0.6358243135448357
adaptation_fold,100,3,PC1,lora_total_signed_change,pearson,fold_potency_charge,fold;y_true;prepared_formal_charge,668,6,-0.4902052389840764
adaptation_fold,100,3,PC1,lora_total_signed_change,pearson,fold_potency_charge_MW,fold;y_true;prepared_formal_charge;MW,668,7,-0.4280729859731782
adaptation_fold,100,3,PC1,lora_total_signed_change,spearman,none,,668,1,-0.43020724003348343
adaptation_fold,100,3,PC1,lora_total_signed_change,spearman,fold_potency_charge,fold;y_true;prepared_formal_charge,668,6,-0.23754085200665012
adaptation_fold,100,3,PC1,lora_total_signed_change,spearman,fold_potency_charge_MW,fold;y_true;prepared_formal_charge;MW,668,7,-0.22322168333095493
adaptation_fold,100,3,PC1,lora_total_magnitude,pearson,none,,668,1,0.669244044022189
adaptation_fold,100,3,PC1,lora_total_magnitude,pearson,fold_potency_charge,fold;y_true;prepared_formal_charge,668,6,0.5382468690295402
adaptation_fold,100,3,PC1,lora_total_magnitude,pearson,fold_potency_charge_MW,fold;y_true;prepared_formal_charge;MW,668,7,0.4840546494563712
adaptation_fold,100,3,PC1,lora_total_magnitude,spearman,none,,668,1,0.4058140366727568
adaptation_fold,100,3,PC1,lora_total_magnitude,spearman,fold_potency_charge,fold;y_true;prepared_formal_charge,668,6,0.21591764923702286
adaptation_fold,100,3,PC1,lora_total_magnitude,spearman,fold_potency_charge_MW,fold;y_true;prepared_formal_charge;MW,668,7,0.20065302349609018
adaptation_fold,100,3,PC1,lora_total_error_delta,pearson,none,,668,1,-0.48949933056427963
adaptation_fold,100,3,PC1,lora_total_error_delta,pearson,fold_potency_charge,fold;y_true;prepared_formal_charge,668,6,-0.29737838816219325
adaptation_fold,100,3,PC1,lora_total_error_delta,pearson,fold_potency_charge_MW,fold;y_true;prepared_formal_charge;MW,668,7,-0.23301454665331664
adaptation_fold,100,3,PC1,lora_total_error_delta,spearman,none,,668,1,-0.22784757026712069
adaptation_fold,100,3,PC1,lora_total_error_delta,spearman,fold_potency_charge,fold;y_true;prepared_formal_charge,668,6,0.08642327764013812
adaptation_fold,100,3,PC1,lora_total_error_delta,spearman,fold_potency_charge_MW,fold;y_true;prepared_formal_charge;MW,668,7,0.10121455635292614
adaptation_fold,100,3,PC1,lora_increment_signed_change,pearson,none,,668,1,-0.05348331666721449
adaptation_fold,100,3,PC1,lora_increment_signed_change,pearson,fold_potency_charge,fold;y_true;prepared_formal_charge,668,6,0.22382611156679766
adaptation_fold,100,3,PC1,lora_increment_signed_change,pearson,fold_potency_charge_MW,fold;y_true;prepared_formal_charge;MW,668,7,0.23238602001639527
adaptation_fold,100,3,PC1,lora_increment_signed_change,spearman,none,,668,1,-0.2512809409854295
adaptation_fold,100,3,PC1,lora_increment_signed_change,spearman,fold_potency_charge,fold;y_true;prepared_formal_charge,668,6,-0.0308565994245898
adaptation_fold,100,3,PC1,lora_increment_signed_change,spearman,fold_potency_charge_MW,fold;y_true;prepared_formal_charge;MW,668,7,-0.018477079298032804
adaptation_fold,100,3,PC1,lora_increment_magnitude,pearson,none,,668,1,0.26354543397590124
adaptation_fold,100,3,PC1,lora_increment_magnitude,pearson,fold_potency_charge,fold;y_true;prepared_formal_charge,668,6,0.14309402022581666
adaptation_fold,100,3,PC1,lora_increment_magnitude,pearson,fold_potency_charge_MW,fold;y_true;prepared_formal_charge;MW,668,7,0.12085343970462853
adaptation_fold,100,3,PC1,lora_increment_magnitude,spearman,none,,668,1,0.1449541736475818
adaptation_fold,100,3,PC1,lora_increment_magnitude,spearman,fold_potency_charge,fold;y_true;prepared_formal_charge,668,6,0.034636627508722866
adaptation_fold,100,3,PC1,lora_increment_magnitude,spearman,fold_potency_charge_MW,fold;y_true;prepared_formal_charge;MW,668,7,0.026129063958772954
adaptation_fold,100,3,PC1,lora_increment_error_delta,pearson,none,,668,1,0.010760540166663756
adaptation_fold,100,3,PC1,lora_increment_error_delta,pearson,fold_potency_charge,fold;y_true;prepared_formal_charge,668,6,0.15770468598849333
adaptation_fold,100,3,PC1,lora_increment_error_delta,pearson,fold_potency_charge_MW,fold;y_true;prepared_formal_charge;MW,668,7,0.1685397220161932
adaptation_fold,100,3,PC1,lora_increment_error_delta,spearman,none,,668,1,-0.1032873241422306
adaptation_fold,100,3,PC1,lora_increment_error_delta,spearman,fold_potency_charge,fold;y_true;prepared_formal_charge,668,6,-0.010791076751010122
adaptation_fold,100,3,PC1,lora_increment_error_delta,spearman,fold_potency_charge_MW,fold;y_true;prepared_formal_charge;MW,668,7,-0.007742718941078703
adaptation_fold,100,3,PC2,head_signed_change,pearson,none,,668,1,0.009079333892812829
adaptation_fold,100,3,PC2,head_signed_change,pearson,fold_potency_charge,fold;y_true;prepared_formal_charge,668,6,-0.13119412674704306
adaptation_fold,100,3,PC2,head_signed_change,pearson,fold_potency_charge_MW,fold;y_true;prepared_formal_charge;MW,668,7,-0.16576363053263837
adaptation_fold,100,3,PC2,head_signed_change,spearman,none,,668,1,0.27417236047303906
adaptation_fold,100,3,PC2,head_signed_change,spearman,fold_potency_charge,fold;y_true;prepared_formal_charge,668,6,0.16339543205652246
adaptation_fold,100,3,PC2,head_signed_change,spearman,fold_potency_charge_MW,fold;y_true;prepared_formal_charge;MW,668,7,0.16405454156218105
adaptation_fold,100,3,PC2,head_magnitude,pearson,none,,668,1,-0.003389067639762429
adaptation_fold,100,3,PC2,head_magnitude,pearson,fold_potency_charge,fold;y_true;prepared_formal_charge,668,6,0.14002442791936345
adaptation_fold,100,3,PC2,head_magnitude,pearson,fold_potency_charge_MW,fold;y_true;prepared_formal_charge;MW,668,7,0.17346843601038225
adaptation_fold,100,3,PC2,head_magnitude,spearman,none,,668,1,-0.2755739448108504
adaptation_fold,100,3,PC2,head_magnitude,spearman,fold_potency_charge,fold;y_true;prepared_formal_charge,668,6,-0.16586862494150284
adaptation_fold,100,3,PC2,head_magnitude,spearman,fold_potency_charge_MW,fold;y_true;prepared_formal_charge;MW,668,7,-0.16593000228355806
adaptation_fold,100,3,PC2,head_error_delta,pearson,none,,668,1,-0.05200726895997347
adaptation_fold,100,3,PC2,head_error_delta,pearson,fold_potency_charge,fold;y_true;prepared_formal_charge,668,6,-0.2926945859776222
adaptation_fold,100,3,PC2,head_error_delta,pearson,fold_potency_charge_MW,fold;y_true;prepared_formal_charge;MW,668,7,-0.32201959273835035
adaptation_fold,100,3,PC2,head_error_delta,spearman,none,,668,1,0.0946970595151392
adaptation_fold,100,3,PC2,head_error_delta,spearman,fold_potency_charge,fold;y_true;prepared_formal_charge,668,6,-0.2079062702434245
adaptation_fold,100,3,PC2,head_error_delta,spearman,fold_potency_charge_MW,fold;y_true;prepared_formal_charge;MW,668,7,-0.21542847260881084
adaptation_fold,100,3,PC2,lora_total_signed_change,pearson,none,,668,1,0.11278227590115815
adaptation_fold,100,3,PC2,lora_total_signed_change,pearson,fold_potency_charge,fold;y_true;prepared_formal_charge,668,6,-0.049666588201598055
adaptation_fold,100,3,PC2,lora_total_signed_change,pearson,fold_potency_charge_MW,fold;y_true;prepared_formal_charge;MW,668,7,-0.07130883330839313
adaptation_fold,100,3,PC2,lora_total_signed_change,spearman,none,,668,1,0.31744848286900834
adaptation_fold,100,3,PC2,lora_total_signed_change,spearman,fold_potency_charge,fold;y_true;prepared_formal_charge,668,6,0.16454506090575444
adaptation_fold,100,3,PC2,lora_total_signed_change,spearman,fold_potency_charge_MW,fold;y_true;prepared_formal_charge;MW,668,7,0.16565315389821744
adaptation_fold,100,3,PC2,lora_total_magnitude,pearson,none,,668,1,-0.0780075237814573
adaptation_fold,100,3,PC2,lora_total_magnitude,pearson,fold_potency_charge,fold;y_true;prepared_formal_charge,668,6,0.09353485425895468
adaptation_fold,100,3,PC2,lora_total_magnitude,pearson,fold_potency_charge_MW,fold;y_true;prepared_formal_charge;MW,668,7,0.11786456466257876
adaptation_fold,100,3,PC2,lora_total_magnitude,spearman,none,,668,1,-0.29143328231161136
adaptation_fold,100,3,PC2,lora_total_magnitude,spearman,fold_potency_charge,fold;y_true;prepared_formal_charge,668,6,-0.14096505840066814
adaptation_fold,100,3,PC2,lora_total_magnitude,spearman,fold_potency_charge_MW,fold;y_true;prepared_formal_charge;MW,668,7,-0.13937111670835628
adaptation_fold,100,3,PC2,lora_total_error_delta,pearson,none,,668,1,-0.0162635470540599
adaptation_fold,100,3,PC2,lora_total_error_delta,pearson,fold_potency_charge,fold;y_true;prepared_formal_charge,668,6,-0.24969499427078326
adaptation_fold,100,3,PC2,lora_total_error_delta,pearson,fold_potency_charge_MW,fold;y_true;prepared_formal_charge;MW,668,7,-0.27348436512060287
adaptation_fold,100,3,PC2,lora_total_error_delta,spearman,none,,668,1,0.11079980001406615
adaptation_fold,100,3,PC2,lora_total_error_delta,spearman,fold_potency_charge,fold;y_true;prepared_formal_charge,668,6,-0.16933438452377378
adaptation_fold,100,3,PC2,lora_total_error_delta,spearman,fold_potency_charge_MW,fold;y_true;prepared_formal_charge;MW,668,7,-0.17593930328292598
adaptation_fold,100,3,PC2,lora_increment_signed_change,pearson,none,,668,1,0.24560048408242752
adaptation_fold,100,3,PC2,lora_increment_signed_change,pearson,fold_potency_charge,fold;y_true;prepared_formal_charge,668,6,0.14485562648728093
adaptation_fold,100,3,PC2,lora_increment_signed_change,pearson,fold_potency_charge_MW,fold;y_true;prepared_formal_charge;MW,668,7,0.14513460558675756
adaptation_fold,100,3,PC2,lora_increment_signed_change,spearman,none,,668,1,0.27077175947081905
adaptation_fold,100,3,PC2,lora_increment_signed_change,spearman,fold_potency_charge,fold;y_true;prepared_formal_charge,668,6,0.12364487120964514
adaptation_fold,100,3,PC2,lora_increment_signed_change,spearman,fold_potency_charge_MW,fold;y_true;prepared_formal_charge;MW,668,7,0.12093341381267414
adaptation_fold,100,3,PC2,lora_increment_magnitude,pearson,none,,668,1,0.02330737612324044
adaptation_fold,100,3,PC2,lora_increment_magnitude,pearson,fold_potency_charge,fold;y_true;prepared_formal_charge,668,6,0.1063873971681333
adaptation_fold,100,3,PC2,lora_increment_magnitude,pearson,fold_potency_charge_MW,fold;y_true;prepared_formal_charge;MW,668,7,0.11084672223702582
adaptation_fold,100,3,PC2,lora_increment_magnitude,spearman,none,,668,1,-0.07480100340796547
adaptation_fold,100,3,PC2,lora_increment_magnitude,spearman,fold_potency_charge,fold;y_true;prepared_formal_charge,668,6,0.002954593267802355
adaptation_fold,100,3,PC2,lora_increment_magnitude,spearman,fold_potency_charge_MW,fold;y_true;prepared_formal_charge;MW,668,7,0.0058618806432658484
adaptation_fold,100,3,PC2,lora_increment_error_delta,pearson,none,,668,1,0.09060608584555584
adaptation_fold,100,3,PC2,lora_increment_error_delta,pearson,fold_potency_charge,fold;y_true;prepared_formal_charge,668,6,0.03367329677868578
adaptation_fold,100,3,PC2,lora_increment_error_delta,pearson,fold_potency_charge_MW,fold;y_true;prepared_formal_charge;MW,668,7,0.03318370582136955
adaptation_fold,100,3,PC2,lora_increment_error_delta,spearman,none,,668,1,0.13838019364689988
adaptation_fold,100,3,PC2,lora_increment_error_delta,spearman,fold_potency_charge,fold;y_true;prepared_formal_charge,668,6,0.07572115117335561
adaptation_fold,100,3,PC2,lora_increment_error_delta,spearman,fold_potency_charge_MW,fold;y_true;prepared_formal_charge;MW,668,7,0.07478798886488433
adaptation_fold,100,4,norm_l2,head_signed_change,pearson,none,,669,1,-0.8425666086166654
adaptation_fold,100,4,norm_l2,head_signed_change,pearson,fold_potency_charge,fold;y_true;prepared_formal_charge,669,6,-0.8112473587611784
adaptation_fold,100,4,norm_l2,head_signed_change,pearson,fold_potency_charge_MW,fold;y_true;prepared_formal_charge;MW,669,7,-0.7871781554056169
adaptation_fold,100,4,norm_l2,head_signed_change,spearman,none,,669,1,-0.6526423493285165
adaptation_fold,100,4,norm_l2,head_signed_change,spearman,fold_potency_charge,fold;y_true;prepared_formal_charge,669,6,-0.5807958876196324
adaptation_fold,100,4,norm_l2,head_signed_change,spearman,fold_potency_charge_MW,fold;y_true;prepared_formal_charge;MW,669,7,-0.5451964631634116
adaptation_fold,100,4,norm_l2,head_magnitude,pearson,none,,669,1,0.8535255324991692
adaptation_fold,100,4,norm_l2,head_magnitude,pearson,fold_potency_charge,fold;y_true;prepared_formal_charge,669,6,0.819536330791347
adaptation_fold,100,4,norm_l2,head_magnitude,pearson,fold_potency_charge_MW,fold;y_true;prepared_formal_charge;MW,669,7,0.7990363707557467
adaptation_fold,100,4,norm_l2,head_magnitude,spearman,none,,669,1,0.6514205776252862
adaptation_fold,100,4,norm_l2,head_magnitude,spearman,fold_potency_charge,fold;y_true;prepared_formal_charge,669,6,0.5759075593071927
adaptation_fold,100,4,norm_l2,head_magnitude,spearman,fold_potency_charge_MW,fold;y_true;prepared_formal_charge;MW,669,7,0.5407265100486486
adaptation_fold,100,4,norm_l2,head_error_delta,pearson,none,,669,1,-0.5143393298817996
adaptation_fold,100,4,norm_l2,head_error_delta,pearson,fold_potency_charge,fold;y_true;prepared_formal_charge,669,6,-0.3187561972000386
adaptation_fold,100,4,norm_l2,head_error_delta,pearson,fold_potency_charge_MW,fold;y_true;prepared_formal_charge;MW,669,7,-0.28420506982361565
adaptation_fold,100,4,norm_l2,head_error_delta,spearman,none,,669,1,-0.3944159602620607
adaptation_fold,100,4,norm_l2,head_error_delta,spearman,fold_potency_charge,fold;y_true;prepared_formal_charge,669,6,-0.08439302239488111
adaptation_fold,100,4,norm_l2,head_error_delta,spearman,fold_potency_charge_MW,fold;y_true;prepared_formal_charge;MW,669,7,-0.05919236303879196
adaptation_fold,100,4,norm_l2,lora_total_signed_change,pearson,none,,669,1,-0.8962162488983223
adaptation_fold,100,4,norm_l2,lora_total_signed_change,pearson,fold_potency_charge,fold;y_true;prepared_formal_charge,669,6,-0.8593231270306713
adaptation_fold,100,4,norm_l2,lora_total_signed_change,pearson,fold_potency_charge_MW,fold;y_true;prepared_formal_charge;MW,669,7,-0.8396329577757112
adaptation_fold,100,4,norm_l2,lora_total_signed_change,spearman,none,,669,1,-0.7235154481880226
adaptation_fold,100,4,norm_l2,lora_total_signed_change,spearman,fold_potency_charge,fold;y_true;prepared_formal_charge,669,6,-0.6140291316029134
adaptation_fold,100,4,norm_l2,lora_total_signed_change,spearman,fold_potency_charge_MW,fold;y_true;prepared_formal_charge;MW,669,7,-0.5845394892807153
adaptation_fold,100,4,norm_l2,lora_total_magnitude,pearson,none,,669,1,0.9051098884147281
adaptation_fold,100,4,norm_l2,lora_total_magnitude,pearson,fold_potency_charge,fold;y_true;prepared_formal_charge,669,6,0.8718899441931325
adaptation_fold,100,4,norm_l2,lora_total_magnitude,pearson,fold_potency_charge_MW,fold;y_true;prepared_formal_charge;MW,669,7,0.8551621410425376
adaptation_fold,100,4,norm_l2,lora_total_magnitude,spearman,none,,669,1,0.7221470318181654
adaptation_fold,100,4,norm_l2,lora_total_magnitude,spearman,fold_potency_charge,fold;y_true;prepared_formal_charge,669,6,0.6119651998793626
adaptation_fold,100,4,norm_l2,lora_total_magnitude,spearman,fold_potency_charge_MW,fold;y_true;prepared_formal_charge;MW,669,7,0.5838862793677392
adaptation_fold,100,4,norm_l2,lora_total_error_delta,pearson,none,,669,1,-0.48432403938185026
adaptation_fold,100,4,norm_l2,lora_total_error_delta,pearson,fold_potency_charge,fold;y_true;prepared_formal_charge,669,6,-0.2684355063501888
adaptation_fold,100,4,norm_l2,lora_total_error_delta,pearson,fold_potency_charge_MW,fold;y_true;prepared_formal_charge;MW,669,7,-0.221140017063175
adaptation_fold,100,4,norm_l2,lora_total_error_delta,spearman,none,,669,1,-0.40876220920050005
adaptation_fold,100,4,norm_l2,lora_total_error_delta,spearman,fold_potency_charge,fold;y_true;prepared_formal_charge,669,6,-0.09098257599225745
adaptation_fold,100,4,norm_l2,lora_total_error_delta,spearman,fold_potency_charge_MW,fold;y_true;prepared_formal_charge;MW,669,7,-0.07294289561484292
adaptation_fold,100,4,norm_l2,lora_increment_signed_change,pearson,none,,669,1,-0.7377814870592087
adaptation_fold,100,4,norm_l2,lora_increment_signed_change,pearson,fold_potency_charge,fold;y_true;prepared_formal_charge,669,6,-0.6738558500618868
adaptation_fold,100,4,norm_l2,lora_increment_signed_change,pearson,fold_potency_charge_MW,fold;y_true;prepared_formal_charge;MW,669,7,-0.6407689505456614
adaptation_fold,100,4,norm_l2,lora_increment_signed_change,spearman,none,,669,1,-0.4999608840681531
adaptation_fold,100,4,norm_l2,lora_increment_signed_change,spearman,fold_potency_charge,fold;y_true;prepared_formal_charge,669,6,-0.307676611290342
adaptation_fold,100,4,norm_l2,lora_increment_signed_change,spearman,fold_potency_charge_MW,fold;y_true;prepared_formal_charge;MW,669,7,-0.292846804102153
adaptation_fold,100,4,norm_l2,lora_increment_magnitude,pearson,none,,669,1,0.7112912951960458
adaptation_fold,100,4,norm_l2,lora_increment_magnitude,pearson,fold_potency_charge,fold;y_true;prepared_formal_charge,669,6,0.6649976776722396
adaptation_fold,100,4,norm_l2,lora_increment_magnitude,pearson,fold_potency_charge_MW,fold;y_true;prepared_formal_charge;MW,669,7,0.6327683108937686
adaptation_fold,100,4,norm_l2,lora_increment_magnitude,spearman,none,,669,1,0.31520066753582054
adaptation_fold,100,4,norm_l2,lora_increment_magnitude,spearman,fold_potency_charge,fold;y_true;prepared_formal_charge,669,6,0.15255948771191716
adaptation_fold,100,4,norm_l2,lora_increment_magnitude,spearman,fold_potency_charge_MW,fold;y_true;prepared_formal_charge;MW,669,7,0.1378674314332994
adaptation_fold,100,4,norm_l2,lora_increment_error_delta,pearson,none,,669,1,-0.1557381733858952
adaptation_fold,100,4,norm_l2,lora_increment_error_delta,pearson,fold_potency_charge,fold;y_true;prepared_formal_charge,669,6,-0.014965039007429563
adaptation_fold,100,4,norm_l2,lora_increment_error_delta,pearson,fold_potency_charge_MW,fold;y_true;prepared_formal_charge;MW,669,7,0.02594271322308373
adaptation_fold,100,4,norm_l2,lora_increment_error_delta,spearman,none,,669,1,-0.24417130533792195
adaptation_fold,100,4,norm_l2,lora_increment_error_delta,spearman,fold_potency_charge,fold;y_true;prepared_formal_charge,669,6,-0.12304156753765826
adaptation_fold,100,4,norm_l2,lora_increment_error_delta,spearman,fold_potency_charge_MW,fold;y_true;prepared_formal_charge;MW,669,7,-0.11063496820821286
adaptation_fold,100,4,PC1,head_signed_change,pearson,none,,669,1,-0.5909809628502138
adaptation_fold,100,4,PC1,head_signed_change,pearson,fold_potency_charge,fold;y_true;prepared_formal_charge,669,6,-0.4995563117688873
adaptation_fold,100,4,PC1,head_signed_change,pearson,fold_potency_charge_MW,fold;y_true;prepared_formal_charge;MW,669,7,-0.45086882384913585
adaptation_fold,100,4,PC1,head_signed_change,spearman,none,,669,1,-0.30316093600898064
adaptation_fold,100,4,PC1,head_signed_change,spearman,fold_potency_charge,fold;y_true;prepared_formal_charge,669,6,-0.17733135995536042
adaptation_fold,100,4,PC1,head_signed_change,spearman,fold_potency_charge_MW,fold;y_true;prepared_formal_charge;MW,669,7,-0.14740888835880267
adaptation_fold,100,4,PC1,head_magnitude,pearson,none,,669,1,0.6013418961231418
adaptation_fold,100,4,PC1,head_magnitude,pearson,fold_potency_charge,fold;y_true;prepared_formal_charge,669,6,0.5045733618616568
adaptation_fold,100,4,PC1,head_magnitude,pearson,fold_potency_charge_MW,fold;y_true;prepared_formal_charge;MW,669,7,0.45934902249170395
adaptation_fold,100,4,PC1,head_magnitude,spearman,none,,669,1,0.3058027442872103
adaptation_fold,100,4,PC1,head_magnitude,spearman,fold_potency_charge,fold;y_true;prepared_formal_charge,669,6,0.17688590910499635
adaptation_fold,100,4,PC1,head_magnitude,spearman,fold_potency_charge_MW,fold;y_true;prepared_formal_charge;MW,669,7,0.14770836458351627
adaptation_fold,100,4,PC1,head_error_delta,pearson,none,,669,1,-0.3409245399804216
adaptation_fold,100,4,PC1,head_error_delta,pearson,fold_potency_charge,fold;y_true;prepared_formal_charge,669,6,-0.11007406353664316
adaptation_fold,100,4,PC1,head_error_delta,pearson,fold_potency_charge_MW,fold;y_true;prepared_formal_charge;MW,669,7,-0.06964981674902657
adaptation_fold,100,4,PC1,head_error_delta,spearman,none,,669,1,-0.1629324845389871
adaptation_fold,100,4,PC1,head_error_delta,spearman,fold_potency_charge,fold;y_true;prepared_formal_charge,669,6,0.17739122314727493
adaptation_fold,100,4,PC1,head_error_delta,spearman,fold_potency_charge_MW,fold;y_true;prepared_formal_charge;MW,669,7,0.19301792312838853
adaptation_fold,100,4,PC1,lora_total_signed_change,pearson,none,,669,1,-0.7584591881433098
adaptation_fold,100,4,PC1,lora_total_signed_change,pearson,fold_potency_charge,fold;y_true;prepared_formal_charge,669,6,-0.6734085069413303
adaptation_fold,100,4,PC1,lora_total_signed_change,pearson,fold_potency_charge_MW,fold;y_true;prepared_formal_charge;MW,669,7,-0.6407097232282042
adaptation_fold,100,4,PC1,lora_total_signed_change,spearman,none,,669,1,-0.47389620731764504
adaptation_fold,100,4,PC1,lora_total_signed_change,spearman,fold_potency_charge,fold;y_true;prepared_formal_charge,669,6,-0.31453538077563076
adaptation_fold,100,4,PC1,lora_total_signed_change,spearman,fold_potency_charge_MW,fold;y_true;prepared_formal_charge;MW,669,7,-0.2945161202433069
adaptation_fold,100,4,PC1,lora_total_magnitude,pearson,none,,669,1,0.7628392713615141
adaptation_fold,100,4,PC1,lora_total_magnitude,pearson,fold_potency_charge,fold;y_true;prepared_formal_charge,669,6,0.6789450476482708
adaptation_fold,100,4,PC1,lora_total_magnitude,pearson,fold_potency_charge_MW,fold;y_true;prepared_formal_charge;MW,669,7,0.6477786028982663
adaptation_fold,100,4,PC1,lora_total_magnitude,spearman,none,,669,1,0.46876107900656755
adaptation_fold,100,4,PC1,lora_total_magnitude,spearman,fold_potency_charge,fold;y_true;prepared_formal_charge,669,6,0.3072434959934709
adaptation_fold,100,4,PC1,lora_total_magnitude,spearman,fold_potency_charge_MW,fold;y_true;prepared_formal_charge;MW,669,7,0.2875078101329676
adaptation_fold,100,4,PC1,lora_total_error_delta,pearson,none,,669,1,-0.34814706374868665
adaptation_fold,100,4,PC1,lora_total_error_delta,pearson,fold_potency_charge,fold;y_true;prepared_formal_charge,669,6,-0.1186357105064387
adaptation_fold,100,4,PC1,lora_total_error_delta,pearson,fold_potency_charge_MW,fold;y_true;prepared_formal_charge;MW,669,7,-0.07173974066587938
adaptation_fold,100,4,PC1,lora_total_error_delta,spearman,none,,669,1,-0.19504530194012615
adaptation_fold,100,4,PC1,lora_total_error_delta,spearman,fold_potency_charge,fold;y_true;prepared_formal_charge,669,6,0.14360064431841627
adaptation_fold,100,4,PC1,lora_total_error_delta,spearman,fold_potency_charge_MW,fold;y_true;prepared_formal_charge;MW,669,7,0.15508273750825455
adaptation_fold,100,4,PC1,lora_increment_signed_change,pearson,none,,669,1,-0.7784477737949109
adaptation_fold,100,4,PC1,lora_increment_signed_change,pearson,fold_potency_charge,fold;y_true;prepared_formal_charge,669,6,-0.7178816863882538
adaptation_fold,100,4,PC1,lora_increment_signed_change,pearson,fold_potency_charge_MW,fold;y_true;prepared_formal_charge;MW,669,7,-0.6945071100745821
adaptation_fold,100,4,PC1,lora_increment_signed_change,spearman,none,,669,1,-0.6652539108918232
adaptation_fold,100,4,PC1,lora_increment_signed_change,spearman,fold_potency_charge,fold;y_true;prepared_formal_charge,669,6,-0.5702934122163174
adaptation_fold,100,4,PC1,lora_increment_signed_change,spearman,fold_potency_charge_MW,fold;y_true;prepared_formal_charge;MW,669,7,-0.5650363396939855
adaptation_fold,100,4,PC1,lora_increment_magnitude,pearson,none,,669,1,0.6889130881980309
adaptation_fold,100,4,PC1,lora_increment_magnitude,pearson,fold_potency_charge,fold;y_true;prepared_formal_charge,669,6,0.6168026650290293
adaptation_fold,100,4,PC1,lora_increment_magnitude,pearson,fold_potency_charge_MW,fold;y_true;prepared_formal_charge;MW,669,7,0.586185878108769
adaptation_fold,100,4,PC1,lora_increment_magnitude,spearman,none,,669,1,0.34931264570784804
adaptation_fold,100,4,PC1,lora_increment_magnitude,spearman,fold_potency_charge,fold;y_true;prepared_formal_charge,669,6,0.20836990476194095
adaptation_fold,100,4,PC1,lora_increment_magnitude,spearman,fold_potency_charge_MW,fold;y_true;prepared_formal_charge;MW,669,7,0.20110736794120676
adaptation_fold,100,4,PC1,lora_increment_error_delta,pearson,none,,669,1,-0.1749824178927706
adaptation_fold,100,4,PC1,lora_increment_error_delta,pearson,fold_potency_charge,fold;y_true;prepared_formal_charge,669,6,-0.05856040644554195
adaptation_fold,100,4,PC1,lora_increment_error_delta,pearson,fold_potency_charge_MW,fold;y_true;prepared_formal_charge;MW,669,7,-0.029359124423358564
adaptation_fold,100,4,PC1,lora_increment_error_delta,spearman,none,,669,1,-0.2652951108692193
adaptation_fold,100,4,PC1,lora_increment_error_delta,spearman,fold_potency_charge,fold;y_true;prepared_formal_charge,669,6,-0.1715778560552789
adaptation_fold,100,4,PC1,lora_increment_error_delta,spearman,fold_potency_charge_MW,fold;y_true;prepared_formal_charge;MW,669,7,-0.16539074517274965
adaptation_fold,100,4,PC2,head_signed_change,pearson,none,,669,1,-0.11496031738910487
adaptation_fold,100,4,PC2,head_signed_change,pearson,fold_potency_charge,fold;y_true;prepared_formal_charge,669,6,-0.23449475972030898
adaptation_fold,100,4,PC2,head_signed_change,pearson,fold_potency_charge_MW,fold;y_true;prepared_formal_charge;MW,669,7,-0.26807878873445795
adaptation_fold,100,4,PC2,head_signed_change,spearman,none,,669,1,0.220718378516376
adaptation_fold,100,4,PC2,head_signed_change,spearman,fold_potency_charge,fold;y_true;prepared_formal_charge,669,6,0.11583099896188483
adaptation_fold,100,4,PC2,head_signed_change,spearman,fold_potency_charge_MW,fold;y_true;prepared_formal_charge;MW,669,7,0.09475945309829996
adaptation_fold,100,4,PC2,head_magnitude,pearson,none,,669,1,0.11919454870789144
adaptation_fold,100,4,PC2,head_magnitude,pearson,fold_potency_charge,fold;y_true;prepared_formal_charge,669,6,0.24776479341874502
adaptation_fold,100,4,PC2,head_magnitude,pearson,fold_potency_charge_MW,fold;y_true;prepared_formal_charge;MW,669,7,0.2788565078188936
adaptation_fold,100,4,PC2,head_magnitude,spearman,none,,669,1,-0.22344422993915788
adaptation_fold,100,4,PC2,head_magnitude,spearman,fold_potency_charge,fold;y_true;prepared_formal_charge,669,6,-0.11607138547864723
adaptation_fold,100,4,PC2,head_magnitude,spearman,fold_potency_charge_MW,fold;y_true;prepared_formal_charge;MW,669,7,-0.0955556577683331
adaptation_fold,100,4,PC2,head_error_delta,pearson,none,,669,1,-0.046567298620381274
adaptation_fold,100,4,PC2,head_error_delta,pearson,fold_potency_charge,fold;y_true;prepared_formal_charge,669,6,-0.261225849885166
adaptation_fold,100,4,PC2,head_error_delta,pearson,fold_potency_charge_MW,fold;y_true;prepared_formal_charge;MW,669,7,-0.27431377344799324
adaptation_fold,100,4,PC2,head_error_delta,spearman,none,,669,1,0.08947765402198747
adaptation_fold,100,4,PC2,head_error_delta,spearman,fold_potency_charge,fold;y_true;prepared_formal_charge,669,6,-0.2125977325410505
adaptation_fold,100,4,PC2,head_error_delta,spearman,fold_potency_charge_MW,fold;y_true;prepared_formal_charge;MW,669,7,-0.2235841808131653
adaptation_fold,100,4,PC2,lora_total_signed_change,pearson,none,,669,1,0.04965848161685678
adaptation_fold,100,4,PC2,lora_total_signed_change,pearson,fold_potency_charge,fold;y_true;prepared_formal_charge,669,6,-0.0903710494943968
adaptation_fold,100,4,PC2,lora_total_signed_change,pearson,fold_potency_charge_MW,fold;y_true;prepared_formal_charge;MW,669,7,-0.11783776832556275
adaptation_fold,100,4,PC2,lora_total_signed_change,spearman,none,,669,1,0.3875109963461071
adaptation_fold,100,4,PC2,lora_total_signed_change,spearman,fold_potency_charge,fold;y_true;prepared_formal_charge,669,6,0.26420267525242913
adaptation_fold,100,4,PC2,lora_total_signed_change,spearman,fold_potency_charge_MW,fold;y_true;prepared_formal_charge;MW,669,7,0.25209442568927526
adaptation_fold,100,4,PC2,lora_total_magnitude,pearson,none,,669,1,-0.034482467144947564
adaptation_fold,100,4,PC2,lora_total_magnitude,pearson,fold_potency_charge,fold;y_true;prepared_formal_charge,669,6,0.10979457540146646
adaptation_fold,100,4,PC2,lora_total_magnitude,pearson,fold_potency_charge_MW,fold;y_true;prepared_formal_charge;MW,669,7,0.13675109410555705
adaptation_fold,100,4,PC2,lora_total_magnitude,spearman,none,,669,1,-0.38116908542863404
adaptation_fold,100,4,PC2,lora_total_magnitude,spearman,fold_potency_charge,fold;y_true;prepared_formal_charge,669,6,-0.255778414464283
adaptation_fold,100,4,PC2,lora_total_magnitude,spearman,fold_potency_charge_MW,fold;y_true;prepared_formal_charge;MW,669,7,-0.24348970359973024
adaptation_fold,100,4,PC2,lora_total_error_delta,pearson,none,,669,1,0.03429223746625207
adaptation_fold,100,4,PC2,lora_total_error_delta,pearson,fold_potency_charge,fold;y_true;prepared_formal_charge,669,6,-0.13975405791599443
adaptation_fold,100,4,PC2,lora_total_error_delta,pearson,fold_potency_charge_MW,fold;y_true;prepared_formal_charge;MW,669,7,-0.15319287906660267
adaptation_fold,100,4,PC2,lora_total_error_delta,spearman,none,,669,1,0.12688799497584713
adaptation_fold,100,4,PC2,lora_total_error_delta,spearman,fold_potency_charge,fold;y_true;prepared_formal_charge,669,6,-0.16236541002315588
adaptation_fold,100,4,PC2,lora_total_error_delta,spearman,fold_potency_charge_MW,fold;y_true;prepared_formal_charge;MW,669,7,-0.1702071275159607
adaptation_fold,100,4,PC2,lora_increment_signed_change,pearson,none,,669,1,0.2448926459611119
adaptation_fold,100,4,PC2,lora_increment_signed_change,pearson,fold_potency_charge,fold;y_true;prepared_formal_charge,669,6,0.1370714422692535
adaptation_fold,100,4,PC2,lora_increment_signed_change,pearson,fold_potency_charge_MW,fold;y_true;prepared_formal_charge;MW,669,7,0.12630580932637472
adaptation_fold,100,4,PC2,lora_increment_signed_change,spearman,none,,669,1,0.5921392206551357
adaptation_fold,100,4,PC2,lora_increment_signed_change,spearman,fold_potency_charge,fold;y_true;prepared_formal_charge,669,6,0.5293127546435827
adaptation_fold,100,4,PC2,lora_increment_signed_change,spearman,fold_potency_charge_MW,fold;y_true;prepared_formal_charge;MW,669,7,0.5254413757687968
adaptation_fold,100,4,PC2,lora_increment_magnitude,pearson,none,,669,1,-0.05231146305388869
adaptation_fold,100,4,PC2,lora_increment_magnitude,pearson,fold_potency_charge,fold;y_true;prepared_formal_charge,669,6,0.06837785807970868
adaptation_fold,100,4,PC2,lora_increment_magnitude,pearson,fold_potency_charge_MW,fold;y_true;prepared_formal_charge;MW,669,7,0.08708954659820602
adaptation_fold,100,4,PC2,lora_increment_magnitude,spearman,none,,669,1,-0.2608200238302593
adaptation_fold,100,4,PC2,lora_increment_magnitude,spearman,fold_potency_charge,fold;y_true;prepared_formal_charge,669,6,-0.15403087454061637
adaptation_fold,100,4,PC2,lora_increment_magnitude,spearman,fold_potency_charge_MW,fold;y_true;prepared_formal_charge;MW,669,7,-0.1486239815911629
adaptation_fold,100,4,PC2,lora_increment_error_delta,pearson,none,,669,1,0.19266103317747976
adaptation_fold,100,4,PC2,lora_increment_error_delta,pearson,fold_potency_charge,fold;y_true;prepared_formal_charge,669,6,0.152889930086542
adaptation_fold,100,4,PC2,lora_increment_error_delta,pearson,fold_potency_charge_MW,fold;y_true;prepared_formal_charge;MW,669,7,0.14769255438765597
adaptation_fold,100,4,PC2,lora_increment_error_delta,spearman,none,,669,1,0.24973811162228116
adaptation_fold,100,4,PC2,lora_increment_error_delta,spearman,fold_potency_charge,fold;y_true;prepared_formal_charge,669,6,0.18168417031887843
adaptation_fold,100,4,PC2,lora_increment_error_delta,spearman,fold_potency_charge_MW,fold;y_true;prepared_formal_charge;MW,669,7,0.17738141022500212
adaptation,500,pooled,norm_l2,head_signed_change,pearson,none,,3344,1,-0.8392507681832992
adaptation,500,pooled,norm_l2,head_signed_change,pearson,fold_potency_charge,fold;y_true;prepared_formal_charge,3344,11,-0.8183327561177599
adaptation,500,pooled,norm_l2,head_signed_change,pearson,fold_potency_charge_MW,fold;y_true;prepared_formal_charge;MW,3344,12,-0.805841634050118
adaptation,500,pooled,norm_l2,head_signed_change,spearman,none,,3344,1,-0.5475696803068025
adaptation,500,pooled,norm_l2,head_signed_change,spearman,fold_potency_charge,fold;y_true;prepared_formal_charge,3344,11,-0.4812832949198619
adaptation,500,pooled,norm_l2,head_signed_change,spearman,fold_potency_charge_MW,fold;y_true;prepared_formal_charge;MW,3344,12,-0.4595409801711207
adaptation,500,pooled,norm_l2,head_magnitude,pearson,none,,3344,1,0.8392572405136272
adaptation,500,pooled,norm_l2,head_magnitude,pearson,fold_potency_charge,fold;y_true;prepared_formal_charge,3344,11,0.8183405608552499
adaptation,500,pooled,norm_l2,head_magnitude,pearson,fold_potency_charge_MW,fold;y_true;prepared_formal_charge;MW,3344,12,0.805850658197537
adaptation,500,pooled,norm_l2,head_magnitude,spearman,none,,3344,1,0.5475696803068025
adaptation,500,pooled,norm_l2,head_magnitude,spearman,fold_potency_charge,fold;y_true;prepared_formal_charge,3344,11,0.48128329491986177
adaptation,500,pooled,norm_l2,head_magnitude,spearman,fold_potency_charge_MW,fold;y_true;prepared_formal_charge;MW,3344,12,0.45954098017112066
adaptation,500,pooled,norm_l2,head_error_delta,pearson,none,,3344,1,-0.46461906957074894
adaptation,500,pooled,norm_l2,head_error_delta,pearson,fold_potency_charge,fold;y_true;prepared_formal_charge,3344,11,-0.3210214948578847
adaptation,500,pooled,norm_l2,head_error_delta,pearson,fold_potency_charge_MW,fold;y_true;prepared_formal_charge;MW,3344,12,-0.29712605545262166
adaptation,500,pooled,norm_l2,head_error_delta,spearman,none,,3344,1,-0.3570362348587849
adaptation,500,pooled,norm_l2,head_error_delta,spearman,fold_potency_charge,fold;y_true;prepared_formal_charge,3344,11,-0.07855893075518496
adaptation,500,pooled,norm_l2,head_error_delta,spearman,fold_potency_charge_MW,fold;y_true;prepared_formal_charge;MW,3344,12,-0.0662876057452759
adaptation,500,pooled,norm_l2,lora_total_signed_change,pearson,none,,3344,1,-0.8159427464710494
adaptation,500,pooled,norm_l2,lora_total_signed_change,pearson,fold_potency_charge,fold;y_true;prepared_formal_charge,3344,11,-0.7784666617130204
adaptation,500,pooled,norm_l2,lora_total_signed_change,pearson,fold_potency_charge_MW,fold;y_true;prepared_formal_charge;MW,3344,12,-0.7588602688017577
adaptation,500,pooled,norm_l2,lora_total_signed_change,spearman,none,,3344,1,-0.675335052289508
adaptation,500,pooled,norm_l2,lora_total_signed_change,spearman,fold_potency_charge,fold;y_true;prepared_formal_charge,3344,11,-0.5587036046233989
adaptation,500,pooled,norm_l2,lora_total_signed_change,spearman,fold_potency_charge_MW,fold;y_true;prepared_formal_charge;MW,3344,12,-0.5446654486924066
adaptation,500,pooled,norm_l2,lora_total_magnitude,pearson,none,,3344,1,0.820090076527623
adaptation,500,pooled,norm_l2,lora_total_magnitude,pearson,fold_potency_charge,fold;y_true;prepared_formal_charge,3344,11,0.7834537445091814
adaptation,500,pooled,norm_l2,lora_total_magnitude,pearson,fold_potency_charge_MW,fold;y_true;prepared_formal_charge;MW,3344,12,0.7640751087159886
adaptation,500,pooled,norm_l2,lora_total_magnitude,spearman,none,,3344,1,0.6741418041664694
adaptation,500,pooled,norm_l2,lora_total_magnitude,spearman,fold_potency_charge,fold;y_true;prepared_formal_charge,3344,11,0.5572353001947287
adaptation,500,pooled,norm_l2,lora_total_magnitude,spearman,fold_potency_charge_MW,fold;y_true;prepared_formal_charge;MW,3344,12,0.5432104213664356
adaptation,500,pooled,norm_l2,lora_total_error_delta,pearson,none,,3344,1,-0.4381062640824205
adaptation,500,pooled,norm_l2,lora_total_error_delta,pearson,fold_potency_charge,fold;y_true;prepared_formal_charge,3344,11,-0.27168809006092254
adaptation,500,pooled,norm_l2,lora_total_error_delta,pearson,fold_potency_charge_MW,fold;y_true;prepared_formal_charge;MW,3344,12,-0.23669788323210514
adaptation,500,pooled,norm_l2,lora_total_error_delta,spearman,none,,3344,1,-0.3787076191243363
adaptation,500,pooled,norm_l2,lora_total_error_delta,spearman,fold_potency_charge,fold;y_true;prepared_formal_charge,3344,11,-0.07650704780586491
adaptation,500,pooled,norm_l2,lora_total_error_delta,spearman,fold_potency_charge_MW,fold;y_true;prepared_formal_charge;MW,3344,12,-0.06830675430247908
adaptation,500,pooled,norm_l2,lora_increment_signed_change,pearson,none,,3344,1,-0.4611666918429324
adaptation,500,pooled,norm_l2,lora_increment_signed_change,pearson,fold_potency_charge,fold;y_true;prepared_formal_charge,3344,11,-0.3000000299758722
adaptation,500,pooled,norm_l2,lora_increment_signed_change,pearson,fold_potency_charge_MW,fold;y_true;prepared_formal_charge;MW,3344,12,-0.2624705815899215
adaptation,500,pooled,norm_l2,lora_increment_signed_change,spearman,none,,3344,1,-0.5180987271591744
adaptation,500,pooled,norm_l2,lora_increment_signed_change,spearman,fold_potency_charge,fold;y_true;prepared_formal_charge,3344,11,-0.32538729310256764
adaptation,500,pooled,norm_l2,lora_increment_signed_change,spearman,fold_potency_charge_MW,fold;y_true;prepared_formal_charge;MW,3344,12,-0.3207571779593236
adaptation,500,pooled,norm_l2,lora_increment_magnitude,pearson,none,,3344,1,0.4733068824627074
adaptation,500,pooled,norm_l2,lora_increment_magnitude,pearson,fold_potency_charge,fold;y_true;prepared_formal_charge,3344,11,0.3661016683691614
adaptation,500,pooled,norm_l2,lora_increment_magnitude,pearson,fold_potency_charge_MW,fold;y_true;prepared_formal_charge;MW,3344,12,0.3221105228201386
adaptation,500,pooled,norm_l2,lora_increment_magnitude,spearman,none,,3344,1,0.3594494154921467
adaptation,500,pooled,norm_l2,lora_increment_magnitude,spearman,fold_potency_charge,fold;y_true;prepared_formal_charge,3344,11,0.23339510716939163
adaptation,500,pooled,norm_l2,lora_increment_magnitude,spearman,fold_potency_charge_MW,fold;y_true;prepared_formal_charge;MW,3344,12,0.22219059171823455
adaptation,500,pooled,norm_l2,lora_increment_error_delta,pearson,none,,3344,1,-0.14203198310862955
adaptation,500,pooled,norm_l2,lora_increment_error_delta,pearson,fold_potency_charge,fold;y_true;prepared_formal_charge,3344,11,0.016033233096086726
adaptation,500,pooled,norm_l2,lora_increment_error_delta,pearson,fold_potency_charge_MW,fold;y_true;prepared_formal_charge;MW,3344,12,0.04527691889496391
adaptation,500,pooled,norm_l2,lora_increment_error_delta,spearman,none,,3344,1,-0.24355532538690408
adaptation,500,pooled,norm_l2,lora_increment_error_delta,spearman,fold_potency_charge,fold;y_true;prepared_formal_charge,3344,11,-0.08884878105388291
adaptation,500,pooled,norm_l2,lora_increment_error_delta,spearman,fold_potency_charge_MW,fold;y_true;prepared_formal_charge;MW,3344,12,-0.0809447579719232
adaptation,500,pooled,centered_norm_l2,head_signed_change,pearson,none,,3344,1,-0.877412872642719
adaptation,500,pooled,centered_norm_l2,head_signed_change,pearson,fold_potency_charge,fold;y_true;prepared_formal_charge,3344,11,-0.8671015472747303
adaptation,500,pooled,centered_norm_l2,head_signed_change,pearson,fold_potency_charge_MW,fold;y_true;prepared_formal_charge;MW,3344,12,-0.8583993303865648
adaptation,500,pooled,centered_norm_l2,head_signed_change,spearman,none,,3344,1,-0.6678301433262207
adaptation,500,pooled,centered_norm_l2,head_signed_change,spearman,fold_potency_charge,fold;y_true;prepared_formal_charge,3344,11,-0.6544172801143615
adaptation,500,pooled,centered_norm_l2,head_signed_change,spearman,fold_potency_charge_MW,fold;y_true;prepared_formal_charge;MW,3344,12,-0.6535872785101126
adaptation,500,pooled,centered_norm_l2,head_magnitude,pearson,none,,3344,1,0.877420432442814
adaptation,500,pooled,centered_norm_l2,head_magnitude,pearson,fold_potency_charge,fold;y_true;prepared_formal_charge,3344,11,0.8671091829520959
adaptation,500,pooled,centered_norm_l2,head_magnitude,pearson,fold_potency_charge_MW,fold;y_true;prepared_formal_charge;MW,3344,12,0.8584076945373236
adaptation,500,pooled,centered_norm_l2,head_magnitude,spearman,none,,3344,1,0.6678301433262207
adaptation,500,pooled,centered_norm_l2,head_magnitude,spearman,fold_potency_charge,fold;y_true;prepared_formal_charge,3344,11,0.6544172801143614
adaptation,500,pooled,centered_norm_l2,head_magnitude,spearman,fold_potency_charge_MW,fold;y_true;prepared_formal_charge;MW,3344,12,0.6535872785101126
adaptation,500,pooled,centered_norm_l2,head_error_delta,pearson,none,,3344,1,-0.48297935559644123
adaptation,500,pooled,centered_norm_l2,head_error_delta,pearson,fold_potency_charge,fold;y_true;prepared_formal_charge,3344,11,-0.41039943203404883
adaptation,500,pooled,centered_norm_l2,head_error_delta,pearson,fold_potency_charge_MW,fold;y_true;prepared_formal_charge;MW,3344,12,-0.39303759869681
adaptation,500,pooled,centered_norm_l2,head_error_delta,spearman,none,,3344,1,-0.3985375013890626
adaptation,500,pooled,centered_norm_l2,head_error_delta,spearman,fold_potency_charge,fold;y_true;prepared_formal_charge,3344,11,-0.3992738035954212
adaptation,500,pooled,centered_norm_l2,head_error_delta,spearman,fold_potency_charge_MW,fold;y_true;prepared_formal_charge;MW,3344,12,-0.39574172995408163
adaptation,500,pooled,centered_norm_l2,lora_total_signed_change,pearson,none,,3344,1,-0.7963202819628304
adaptation,500,pooled,centered_norm_l2,lora_total_signed_change,pearson,fold_potency_charge,fold;y_true;prepared_formal_charge,3344,11,-0.7838030261296822
adaptation,500,pooled,centered_norm_l2,lora_total_signed_change,pearson,fold_potency_charge_MW,fold;y_true;prepared_formal_charge;MW,3344,12,-0.7677725666866068
adaptation,500,pooled,centered_norm_l2,lora_total_signed_change,spearman,none,,3344,1,-0.5260353386410839
adaptation,500,pooled,centered_norm_l2,lora_total_signed_change,spearman,fold_potency_charge,fold;y_true;prepared_formal_charge,3344,11,-0.5012653656029037
adaptation,500,pooled,centered_norm_l2,lora_total_signed_change,spearman,fold_potency_charge_MW,fold;y_true;prepared_formal_charge;MW,3344,12,-0.49600096969588636
adaptation,500,pooled,centered_norm_l2,lora_total_magnitude,pearson,none,,3344,1,0.8012888658928374
adaptation,500,pooled,centered_norm_l2,lora_total_magnitude,pearson,fold_potency_charge,fold;y_true;prepared_formal_charge,3344,11,0.7890231336188969
adaptation,500,pooled,centered_norm_l2,lora_total_magnitude,pearson,fold_potency_charge_MW,fold;y_true;prepared_formal_charge;MW,3344,12,0.773281587330268
adaptation,500,pooled,centered_norm_l2,lora_total_magnitude,spearman,none,,3344,1,0.5251844376605422
adaptation,500,pooled,centered_norm_l2,lora_total_magnitude,spearman,fold_potency_charge,fold;y_true;prepared_formal_charge,3344,11,0.4991924083115963
adaptation,500,pooled,centered_norm_l2,lora_total_magnitude,spearman,fold_potency_charge_MW,fold;y_true;prepared_formal_charge;MW,3344,12,0.4938943308996704
adaptation,500,pooled,centered_norm_l2,lora_total_error_delta,pearson,none,,3344,1,-0.43531226754198954
adaptation,500,pooled,centered_norm_l2,lora_total_error_delta,pearson,fold_potency_charge,fold;y_true;prepared_formal_charge,3344,11,-0.3442846609294902
adaptation,500,pooled,centered_norm_l2,lora_total_error_delta,pearson,fold_potency_charge_MW,fold;y_true;prepared_formal_charge;MW,3344,12,-0.31808292646104414
adaptation,500,pooled,centered_norm_l2,lora_total_error_delta,spearman,none,,3344,1,-0.3503963446828089
adaptation,500,pooled,centered_norm_l2,lora_total_error_delta,spearman,fold_potency_charge,fold;y_true;prepared_formal_charge,3344,11,-0.3361391049797522
adaptation,500,pooled,centered_norm_l2,lora_total_error_delta,spearman,fold_potency_charge_MW,fold;y_true;prepared_formal_charge;MW,3344,12,-0.333583187660544
adaptation,500,pooled,centered_norm_l2,lora_increment_signed_change,pearson,none,,3344,1,-0.3660254660890546
adaptation,500,pooled,centered_norm_l2,lora_increment_signed_change,pearson,fold_potency_charge,fold;y_true;prepared_formal_charge,3344,11,-0.22939840591605978
adaptation,500,pooled,centered_norm_l2,lora_increment_signed_change,pearson,fold_potency_charge_MW,fold;y_true;prepared_formal_charge;MW,3344,12,-0.1940713881510687
adaptation,500,pooled,centered_norm_l2,lora_increment_signed_change,spearman,none,,3344,1,-0.14847473360997956
adaptation,500,pooled,centered_norm_l2,lora_increment_signed_change,spearman,fold_potency_charge,fold;y_true;prepared_formal_charge,3344,11,-0.008533871957641223
adaptation,500,pooled,centered_norm_l2,lora_increment_signed_change,spearman,fold_potency_charge_MW,fold;y_true;prepared_formal_charge;MW,3344,12,-0.0037109980696709128
adaptation,500,pooled,centered_norm_l2,lora_increment_magnitude,pearson,none,,3344,1,0.44379522110566477
adaptation,500,pooled,centered_norm_l2,lora_increment_magnitude,pearson,fold_potency_charge,fold;y_true;prepared_formal_charge,3344,11,0.3592132728427299
adaptation,500,pooled,centered_norm_l2,lora_increment_magnitude,pearson,fold_potency_charge_MW,fold;y_true;prepared_formal_charge;MW,3344,12,0.3220983646708269
adaptation,500,pooled,centered_norm_l2,lora_increment_magnitude,spearman,none,,3344,1,0.25945176381108187
adaptation,500,pooled,centered_norm_l2,lora_increment_magnitude,spearman,fold_potency_charge,fold;y_true;prepared_formal_charge,3344,11,0.19512912527519538
adaptation,500,pooled,centered_norm_l2,lora_increment_magnitude,spearman,fold_potency_charge_MW,fold;y_true;prepared_formal_charge;MW,3344,12,0.18947954904349373
adaptation,500,pooled,centered_norm_l2,lora_increment_error_delta,pearson,none,,3344,1,-0.09810158612632468
adaptation,500,pooled,centered_norm_l2,lora_increment_error_delta,pearson,fold_potency_charge,fold;y_true;prepared_formal_charge,3344,11,0.026444177307916705
adaptation,500,pooled,centered_norm_l2,lora_increment_error_delta,pearson,fold_potency_charge_MW,fold;y_true;prepared_formal_charge;MW,3344,12,0.05025836862093231
adaptation,500,pooled,centered_norm_l2,lora_increment_error_delta,spearman,none,,3344,1,-0.12192440278223227
adaptation,500,pooled,centered_norm_l2,lora_increment_error_delta,spearman,fold_potency_charge,fold;y_true;prepared_formal_charge,3344,11,-0.047289039458873534
adaptation,500,pooled,centered_norm_l2,lora_increment_error_delta,spearman,fold_potency_charge_MW,fold;y_true;prepared_formal_charge;MW,3344,12,-0.043384457966292686
adaptation,500,pooled,member1_norm_l2,head_signed_change,pearson,none,,3344,1,-0.8441671284155349
adaptation,500,pooled,member1_norm_l2,head_signed_change,pearson,fold_potency_charge,fold;y_true;prepared_formal_charge,3344,11,-0.8248723550227691
adaptation,500,pooled,member1_norm_l2,head_signed_change,pearson,fold_potency_charge_MW,fold;y_true;prepared_formal_charge;MW,3344,12,-0.8128216942698334
adaptation,500,pooled,member1_norm_l2,head_signed_change,spearman,none,,3344,1,-0.569732850266208
adaptation,500,pooled,member1_norm_l2,head_signed_change,spearman,fold_potency_charge,fold;y_true;prepared_formal_charge,3344,11,-0.5113510826506819
adaptation,500,pooled,member1_norm_l2,head_signed_change,spearman,fold_potency_charge_MW,fold;y_true;prepared_formal_charge;MW,3344,12,-0.49110874206946514
adaptation,500,pooled,member1_norm_l2,head_magnitude,pearson,none,,3344,1,0.8441742141779638
adaptation,500,pooled,member1_norm_l2,head_magnitude,pearson,fold_potency_charge,fold;y_true;prepared_formal_charge,3344,11,0.8248805080851923
adaptation,500,pooled,member1_norm_l2,head_magnitude,pearson,fold_potency_charge_MW,fold;y_true;prepared_formal_charge;MW,3344,12,0.8128310323932788
adaptation,500,pooled,member1_norm_l2,head_magnitude,spearman,none,,3344,1,0.569732850266208
adaptation,500,pooled,member1_norm_l2,head_magnitude,spearman,fold_potency_charge,fold;y_true;prepared_formal_charge,3344,11,0.5113510826506819
adaptation,500,pooled,member1_norm_l2,head_magnitude,spearman,fold_potency_charge_MW,fold;y_true;prepared_formal_charge;MW,3344,12,0.49110874206946525
adaptation,500,pooled,member1_norm_l2,head_error_delta,pearson,none,,3344,1,-0.4637518057645524
adaptation,500,pooled,member1_norm_l2,head_error_delta,pearson,fold_potency_charge,fold;y_true;prepared_formal_charge,3344,11,-0.33794085589707634
adaptation,500,pooled,member1_norm_l2,head_error_delta,pearson,fold_potency_charge_MW,fold;y_true;prepared_formal_charge;MW,3344,12,-0.31532666427607836
adaptation,500,pooled,member1_norm_l2,head_error_delta,spearman,none,,3344,1,-0.37003501853069604
adaptation,500,pooled,member1_norm_l2,head_error_delta,spearman,fold_potency_charge,fold;y_true;prepared_formal_charge,3344,11,-0.13384716608265693
adaptation,500,pooled,member1_norm_l2,head_error_delta,spearman,fold_potency_charge_MW,fold;y_true;prepared_formal_charge;MW,3344,12,-0.12287823169413145
adaptation,500,pooled,member1_norm_l2,lora_total_signed_change,pearson,none,,3344,1,-0.8034894752331787
adaptation,500,pooled,member1_norm_l2,lora_total_signed_change,pearson,fold_potency_charge,fold;y_true;prepared_formal_charge,3344,11,-0.7702525740223274
adaptation,500,pooled,member1_norm_l2,lora_total_signed_change,pearson,fold_potency_charge_MW,fold;y_true;prepared_formal_charge;MW,3344,12,-0.7501399723391147
adaptation,500,pooled,member1_norm_l2,lora_total_signed_change,spearman,none,,3344,1,-0.6541429921250422
adaptation,500,pooled,member1_norm_l2,lora_total_signed_change,spearman,fold_potency_charge,fold;y_true;prepared_formal_charge,3344,11,-0.5439739587642202
adaptation,500,pooled,member1_norm_l2,lora_total_signed_change,spearman,fold_potency_charge_MW,fold;y_true;prepared_formal_charge;MW,3344,12,-0.5295708032181146
adaptation,500,pooled,member1_norm_l2,lora_total_magnitude,pearson,none,,3344,1,0.8078448049091711
adaptation,500,pooled,member1_norm_l2,lora_total_magnitude,pearson,fold_potency_charge,fold;y_true;prepared_formal_charge,3344,11,0.7753105517506648
adaptation,500,pooled,member1_norm_l2,lora_total_magnitude,pearson,fold_potency_charge_MW,fold;y_true;prepared_formal_charge;MW,3344,12,0.7554309760390111
adaptation,500,pooled,member1_norm_l2,lora_total_magnitude,spearman,none,,3344,1,0.6526323405076704
adaptation,500,pooled,member1_norm_l2,lora_total_magnitude,spearman,fold_potency_charge,fold;y_true;prepared_formal_charge,3344,11,0.5419184754014111
adaptation,500,pooled,member1_norm_l2,lora_total_magnitude,spearman,fold_potency_charge_MW,fold;y_true;prepared_formal_charge;MW,3344,12,0.5275103361401654
adaptation,500,pooled,member1_norm_l2,lora_total_error_delta,pearson,none,,3344,1,-0.430515372763965
adaptation,500,pooled,member1_norm_l2,lora_total_error_delta,pearson,fold_potency_charge,fold;y_true;prepared_formal_charge,3344,11,-0.28212669483048636
adaptation,500,pooled,member1_norm_l2,lora_total_error_delta,pearson,fold_potency_charge_MW,fold;y_true;prepared_formal_charge;MW,3344,12,-0.24842713433790886
adaptation,500,pooled,member1_norm_l2,lora_total_error_delta,spearman,none,,3344,1,-0.3800918396464746
adaptation,500,pooled,member1_norm_l2,lora_total_error_delta,spearman,fold_potency_charge,fold;y_true;prepared_formal_charge,3344,11,-0.11900733192913475
adaptation,500,pooled,member1_norm_l2,lora_total_error_delta,spearman,fold_potency_charge_MW,fold;y_true;prepared_formal_charge;MW,3344,12,-0.11173589480912792
adaptation,500,pooled,member1_norm_l2,lora_increment_signed_change,pearson,none,,3344,1,-0.42859337752824284
adaptation,500,pooled,member1_norm_l2,lora_increment_signed_change,pearson,fold_potency_charge,fold;y_true;prepared_formal_charge,3344,11,-0.2712886513462125
adaptation,500,pooled,member1_norm_l2,lora_increment_signed_change,pearson,fold_potency_charge_MW,fold;y_true;prepared_formal_charge;MW,3344,12,-0.2325159007832646
adaptation,500,pooled,member1_norm_l2,lora_increment_signed_change,spearman,none,,3344,1,-0.45847257127169844
adaptation,500,pooled,member1_norm_l2,lora_increment_signed_change,spearman,fold_potency_charge,fold;y_true;prepared_formal_charge,3344,11,-0.25971582550532885
adaptation,500,pooled,member1_norm_l2,lora_increment_signed_change,spearman,fold_potency_charge_MW,fold;y_true;prepared_formal_charge;MW,3344,12,-0.25372134255239276
adaptation,500,pooled,member1_norm_l2,lora_increment_magnitude,pearson,none,,3344,1,0.4544611943693141
adaptation,500,pooled,member1_norm_l2,lora_increment_magnitude,pearson,fold_potency_charge,fold;y_true;prepared_formal_charge,3344,11,0.3509335590525332
adaptation,500,pooled,member1_norm_l2,lora_increment_magnitude,pearson,fold_potency_charge_MW,fold;y_true;prepared_formal_charge;MW,3344,12,0.3066482449345636
adaptation,500,pooled,member1_norm_l2,lora_increment_magnitude,spearman,none,,3344,1,0.33814575618184595
adaptation,500,pooled,member1_norm_l2,lora_increment_magnitude,spearman,fold_potency_charge,fold;y_true;prepared_formal_charge,3344,11,0.21542281827178514
adaptation,500,pooled,member1_norm_l2,lora_increment_magnitude,spearman,fold_potency_charge_MW,fold;y_true;prepared_formal_charge;MW,3344,12,0.20389472744098103
adaptation,500,pooled,member1_norm_l2,lora_increment_error_delta,pearson,none,,3344,1,-0.12507775604646795
adaptation,500,pooled,member1_norm_l2,lora_increment_error_delta,pearson,fold_potency_charge,fold;y_true;prepared_formal_charge,3344,11,0.024454617920494196
adaptation,500,pooled,member1_norm_l2,lora_increment_error_delta,pearson,fold_potency_charge_MW,fold;y_true;prepared_formal_charge;MW,3344,12,0.053409036168231734
adaptation,500,pooled,member1_norm_l2,lora_increment_error_delta,spearman,none,,3344,1,-0.2260336607375527
adaptation,500,pooled,member1_norm_l2,lora_increment_error_delta,spearman,fold_potency_charge,fold;y_true;prepared_formal_charge,3344,11,-0.07941033742785933
adaptation,500,pooled,member1_norm_l2,lora_increment_error_delta,spearman,fold_potency_charge_MW,fold;y_true;prepared_formal_charge;MW,3344,12,-0.07138303288543074
adaptation,500,pooled,member2_norm_l2,head_signed_change,pearson,none,,3344,1,-0.41096919738026766
adaptation,500,pooled,member2_norm_l2,head_signed_change,pearson,fold_potency_charge,fold;y_true;prepared_formal_charge,3344,11,-0.2964512426588002
adaptation,500,pooled,member2_norm_l2,head_signed_change,pearson,fold_potency_charge_MW,fold;y_true;prepared_formal_charge;MW,3344,12,-0.2530522179244106
adaptation,500,pooled,member2_norm_l2,head_signed_change,spearman,none,,3344,1,-0.20710393620082296
adaptation,500,pooled,member2_norm_l2,head_signed_change,spearman,fold_potency_charge,fold;y_true;prepared_formal_charge,3344,11,-0.07931268403479931
adaptation,500,pooled,member2_norm_l2,head_signed_change,spearman,fold_potency_charge_MW,fold;y_true;prepared_formal_charge;MW,3344,12,-0.04552065906112884
adaptation,500,pooled,member2_norm_l2,head_magnitude,pearson,none,,3344,1,0.4109672635625547
adaptation,500,pooled,member2_norm_l2,head_magnitude,pearson,fold_potency_charge,fold;y_true;prepared_formal_charge,3344,11,0.29645181874308
adaptation,500,pooled,member2_norm_l2,head_magnitude,pearson,fold_potency_charge_MW,fold;y_true;prepared_formal_charge;MW,3344,12,0.253053615707114
adaptation,500,pooled,member2_norm_l2,head_magnitude,spearman,none,,3344,1,0.20710393620082296
adaptation,500,pooled,member2_norm_l2,head_magnitude,spearman,fold_potency_charge,fold;y_true;prepared_formal_charge,3344,11,0.07931268403479931
adaptation,500,pooled,member2_norm_l2,head_magnitude,spearman,fold_potency_charge_MW,fold;y_true;prepared_formal_charge;MW,3344,12,0.04552065906112884
adaptation,500,pooled,member2_norm_l2,head_error_delta,pearson,none,,3344,1,-0.2856877448287925
adaptation,500,pooled,member2_norm_l2,head_error_delta,pearson,fold_potency_charge,fold;y_true;prepared_formal_charge,3344,11,-0.0003268296980749821
adaptation,500,pooled,member2_norm_l2,head_error_delta,pearson,fold_potency_charge_MW,fold;y_true;prepared_formal_charge;MW,3344,12,0.03255405740469449
adaptation,500,pooled,member2_norm_l2,head_error_delta,spearman,none,,3344,1,-0.16446256279972302
adaptation,500,pooled,member2_norm_l2,head_error_delta,spearman,fold_potency_charge,fold;y_true;prepared_formal_charge,3344,11,0.20739291629388543
adaptation,500,pooled,member2_norm_l2,head_error_delta,spearman,fold_potency_charge_MW,fold;y_true;prepared_formal_charge;MW,3344,12,0.22323435016847692
adaptation,500,pooled,member2_norm_l2,lora_total_signed_change,pearson,none,,3344,1,-0.5750026833743248
adaptation,500,pooled,member2_norm_l2,lora_total_signed_change,pearson,fold_potency_charge,fold;y_true;prepared_formal_charge,3344,11,-0.4369833860030211
adaptation,500,pooled,member2_norm_l2,lora_total_signed_change,pearson,fold_potency_charge_MW,fold;y_true;prepared_formal_charge;MW,3344,12,-0.3981909132147743
adaptation,500,pooled,member2_norm_l2,lora_total_signed_change,spearman,none,,3344,1,-0.47271650531152004
adaptation,500,pooled,member2_norm_l2,lora_total_signed_change,spearman,fold_potency_charge,fold;y_true;prepared_formal_charge,3344,11,-0.2960431608371628
adaptation,500,pooled,member2_norm_l2,lora_total_signed_change,spearman,fold_potency_charge_MW,fold;y_true;prepared_formal_charge;MW,3344,12,-0.27604697334685147
adaptation,500,pooled,member2_norm_l2,lora_total_magnitude,pearson,none,,3344,1,0.5756095855714426
adaptation,500,pooled,member2_norm_l2,lora_total_magnitude,pearson,fold_potency_charge,fold;y_true;prepared_formal_charge,3344,11,0.43900011604405453
adaptation,500,pooled,member2_norm_l2,lora_total_magnitude,pearson,fold_potency_charge_MW,fold;y_true;prepared_formal_charge;MW,3344,12,0.40006874187620795
adaptation,500,pooled,member2_norm_l2,lora_total_magnitude,spearman,none,,3344,1,0.47308680366535727
adaptation,500,pooled,member2_norm_l2,lora_total_magnitude,spearman,fold_potency_charge,fold;y_true;prepared_formal_charge,3344,11,0.2974591728429224
adaptation,500,pooled,member2_norm_l2,lora_total_magnitude,spearman,fold_potency_charge_MW,fold;y_true;prepared_formal_charge;MW,3344,12,0.2775758122106235
adaptation,500,pooled,member2_norm_l2,lora_total_error_delta,pearson,none,,3344,1,-0.3348775248837007
adaptation,500,pooled,member2_norm_l2,lora_total_error_delta,pearson,fold_potency_charge,fold;y_true;prepared_formal_charge,3344,11,-0.04295249611265457
adaptation,500,pooled,member2_norm_l2,lora_total_error_delta,pearson,fold_potency_charge_MW,fold;y_true;prepared_formal_charge;MW,3344,12,-0.00505989884175477
adaptation,500,pooled,member2_norm_l2,lora_total_error_delta,spearman,none,,3344,1,-0.2305350631398084
adaptation,500,pooled,member2_norm_l2,lora_total_error_delta,spearman,fold_potency_charge,fold;y_true;prepared_formal_charge,3344,11,0.1521438769283298
adaptation,500,pooled,member2_norm_l2,lora_total_error_delta,spearman,fold_potency_charge_MW,fold;y_true;prepared_formal_charge;MW,3344,12,0.16313907548687348
adaptation,500,pooled,member2_norm_l2,lora_increment_signed_change,pearson,none,,3344,1,-0.5849538042481224
adaptation,500,pooled,member2_norm_l2,lora_increment_signed_change,pearson,fold_potency_charge,fold;y_true;prepared_formal_charge,3344,11,-0.4426602987106438
adaptation,500,pooled,member2_norm_l2,lora_increment_signed_change,pearson,fold_potency_charge_MW,fold;y_true;prepared_formal_charge;MW,3344,12,-0.4193654230604677
adaptation,500,pooled,member2_norm_l2,lora_increment_signed_change,spearman,none,,3344,1,-0.6005916241480506
adaptation,500,pooled,member2_norm_l2,lora_increment_signed_change,spearman,fold_potency_charge,fold;y_true;prepared_formal_charge,3344,11,-0.47066832912639134
adaptation,500,pooled,member2_norm_l2,lora_increment_signed_change,spearman,fold_potency_charge_MW,fold;y_true;prepared_formal_charge;MW,3344,12,-0.4684092955324412
adaptation,500,pooled,member2_norm_l2,lora_increment_magnitude,pearson,none,,3344,1,0.4599323777794282
adaptation,500,pooled,member2_norm_l2,lora_increment_magnitude,pearson,fold_potency_charge,fold;y_true;prepared_formal_charge,3344,11,0.33710791399629847
adaptation,500,pooled,member2_norm_l2,lora_increment_magnitude,pearson,fold_potency_charge_MW,fold;y_true;prepared_formal_charge;MW,3344,12,0.301167140828576
adaptation,500,pooled,member2_norm_l2,lora_increment_magnitude,spearman,none,,3344,1,0.3540374902383724
adaptation,500,pooled,member2_norm_l2,lora_increment_magnitude,spearman,fold_potency_charge,fold;y_true;prepared_formal_charge,3344,11,0.23869717793792453
adaptation,500,pooled,member2_norm_l2,lora_increment_magnitude,spearman,fold_potency_charge_MW,fold;y_true;prepared_formal_charge;MW,3344,12,0.22860560632468918
adaptation,500,pooled,member2_norm_l2,lora_increment_error_delta,pearson,none,,3344,1,-0.24870752656418152
adaptation,500,pooled,member2_norm_l2,lora_increment_error_delta,pearson,fold_potency_charge,fold;y_true;prepared_formal_charge,3344,11,-0.08330160520207167
adaptation,500,pooled,member2_norm_l2,lora_increment_error_delta,pearson,fold_potency_charge_MW,fold;y_true;prepared_formal_charge;MW,3344,12,-0.06492250902884428
adaptation,500,pooled,member2_norm_l2,lora_increment_error_delta,spearman,none,,3344,1,-0.25422235210239813
adaptation,500,pooled,member2_norm_l2,lora_increment_error_delta,spearman,fold_potency_charge,fold;y_true;prepared_formal_charge,3344,11,-0.11622811325477296
adaptation,500,pooled,member2_norm_l2,lora_increment_error_delta,spearman,fold_potency_charge_MW,fold;y_true;prepared_formal_charge;MW,3344,12,-0.10957976449011045
adaptation,500,pooled,PC1,head_signed_change,pearson,none,,3344,1,-0.6655830318326743
adaptation,500,pooled,PC1,head_signed_change,pearson,fold_potency_charge,fold;y_true;prepared_formal_charge,3344,11,-0.6119714497933718
adaptation,500,pooled,PC1,head_signed_change,pearson,fold_potency_charge_MW,fold;y_true;prepared_formal_charge;MW,3344,12,-0.5828900464883885
adaptation,500,pooled,PC1,head_signed_change,spearman,none,,3344,1,-0.17863419636424613
adaptation,500,pooled,PC1,head_signed_change,spearman,fold_potency_charge,fold;y_true;prepared_formal_charge,3344,11,-0.0493097906514182
adaptation,500,pooled,PC1,head_signed_change,spearman,fold_potency_charge_MW,fold;y_true;prepared_formal_charge;MW,3344,12,-0.029189001990505756
adaptation,500,pooled,PC1,head_magnitude,pearson,none,,3344,1,0.6655865471103354
adaptation,500,pooled,PC1,head_magnitude,pearson,fold_potency_charge,fold;y_true;prepared_formal_charge,3344,11,0.6119768740820778
adaptation,500,pooled,PC1,head_magnitude,pearson,fold_potency_charge_MW,fold;y_true;prepared_formal_charge;MW,3344,12,0.5828966137875491
adaptation,500,pooled,PC1,head_magnitude,spearman,none,,3344,1,0.17863419636424613
adaptation,500,pooled,PC1,head_magnitude,spearman,fold_potency_charge,fold;y_true;prepared_formal_charge,3344,11,0.04930979065141816
adaptation,500,pooled,PC1,head_magnitude,spearman,fold_potency_charge_MW,fold;y_true;prepared_formal_charge;MW,3344,12,0.029189001990505732
adaptation,500,pooled,PC1,head_error_delta,pearson,none,,3344,1,-0.4012783209587681
adaptation,500,pooled,PC1,head_error_delta,pearson,fold_potency_charge,fold;y_true;prepared_formal_charge,3344,11,-0.21871474676513716
adaptation,500,pooled,PC1,head_error_delta,pearson,fold_potency_charge_MW,fold;y_true;prepared_formal_charge;MW,3344,12,-0.18963779397646863
adaptation,500,pooled,PC1,head_error_delta,spearman,none,,3344,1,-0.14714274392669802
adaptation,500,pooled,PC1,head_error_delta,spearman,fold_potency_charge,fold;y_true;prepared_formal_charge,3344,11,0.18230514196544897
adaptation,500,pooled,PC1,head_error_delta,spearman,fold_potency_charge_MW,fold;y_true;prepared_formal_charge;MW,3344,12,0.19084205411854963
adaptation,500,pooled,PC1,lora_total_signed_change,pearson,none,,3344,1,-0.751471949335546
adaptation,500,pooled,PC1,lora_total_signed_change,pearson,fold_potency_charge,fold;y_true;prepared_formal_charge,3344,11,-0.6753794976305189
adaptation,500,pooled,PC1,lora_total_signed_change,pearson,fold_potency_charge_MW,fold;y_true;prepared_formal_charge;MW,3344,12,-0.647321363615321
adaptation,500,pooled,PC1,lora_total_signed_change,spearman,none,,3344,1,-0.42267558546818673
adaptation,500,pooled,PC1,lora_total_signed_change,spearman,fold_potency_charge,fold;y_true;prepared_formal_charge,3344,11,-0.21985496916560818
adaptation,500,pooled,PC1,lora_total_signed_change,spearman,fold_potency_charge_MW,fold;y_true;prepared_formal_charge;MW,3344,12,-0.20733831855166407
adaptation,500,pooled,PC1,lora_total_magnitude,pearson,none,,3344,1,0.7555889565624196
adaptation,500,pooled,PC1,lora_total_magnitude,pearson,fold_potency_charge,fold;y_true;prepared_formal_charge,3344,11,0.6809991994472704
adaptation,500,pooled,PC1,lora_total_magnitude,pearson,fold_potency_charge_MW,fold;y_true;prepared_formal_charge;MW,3344,12,0.6531687567483682
adaptation,500,pooled,PC1,lora_total_magnitude,spearman,none,,3344,1,0.42277495507314117
adaptation,500,pooled,PC1,lora_total_magnitude,spearman,fold_potency_charge,fold;y_true;prepared_formal_charge,3344,11,0.22092926185571038
adaptation,500,pooled,PC1,lora_total_magnitude,spearman,fold_potency_charge_MW,fold;y_true;prepared_formal_charge;MW,3344,12,0.20847061997084604
adaptation,500,pooled,PC1,lora_total_error_delta,pearson,none,,3344,1,-0.40683812694057375
adaptation,500,pooled,PC1,lora_total_error_delta,pearson,fold_potency_charge,fold;y_true;prepared_formal_charge,3344,11,-0.20817848000670985
adaptation,500,pooled,PC1,lora_total_error_delta,pearson,fold_potency_charge_MW,fold;y_true;prepared_formal_charge;MW,3344,12,-0.17072740416203144
adaptation,500,pooled,PC1,lora_total_error_delta,spearman,none,,3344,1,-0.20526174665033872
adaptation,500,pooled,PC1,lora_total_error_delta,spearman,fold_potency_charge,fold;y_true;prepared_formal_charge,3344,11,0.14166924192808256
adaptation,500,pooled,PC1,lora_total_error_delta,spearman,fold_potency_charge_MW,fold;y_true;prepared_formal_charge;MW,3344,12,0.14755951414432547
adaptation,500,pooled,PC1,lora_increment_signed_change,pearson,none,,3344,1,-0.5793818596585727
adaptation,500,pooled,PC1,lora_increment_signed_change,pearson,fold_potency_charge,fold;y_true;prepared_formal_charge,3344,11,-0.42524680501552864
adaptation,500,pooled,PC1,lora_increment_signed_change,pearson,fold_potency_charge_MW,fold;y_true;prepared_formal_charge;MW,3344,12,-0.3972439159902622
adaptation,500,pooled,PC1,lora_increment_signed_change,spearman,none,,3344,1,-0.5928235756052896
adaptation,500,pooled,PC1,lora_increment_signed_change,spearman,fold_potency_charge,fold;y_true;prepared_formal_charge,3344,11,-0.44334136718488654
adaptation,500,pooled,PC1,lora_increment_signed_change,spearman,fold_potency_charge_MW,fold;y_true;prepared_formal_charge;MW,3344,12,-0.4404810662509777
adaptation,500,pooled,PC1,lora_increment_magnitude,pearson,none,,3344,1,0.5531456383429183
adaptation,500,pooled,PC1,lora_increment_magnitude,pearson,fold_potency_charge,fold;y_true;prepared_formal_charge,3344,11,0.4403146580286195
adaptation,500,pooled,PC1,lora_increment_magnitude,pearson,fold_potency_charge_MW,fold;y_true;prepared_formal_charge;MW,3344,12,0.4036523046834292
adaptation,500,pooled,PC1,lora_increment_magnitude,spearman,none,,3344,1,0.39939967832366075
adaptation,500,pooled,PC1,lora_increment_magnitude,spearman,fold_potency_charge,fold;y_true;prepared_formal_charge,3344,11,0.2717754833296107
adaptation,500,pooled,PC1,lora_increment_magnitude,spearman,fold_potency_charge_MW,fold;y_true;prepared_formal_charge;MW,3344,12,0.2656559698614847
adaptation,500,pooled,PC1,lora_increment_error_delta,pearson,none,,3344,1,-0.19279054135766416
adaptation,500,pooled,PC1,lora_increment_error_delta,pearson,fold_potency_charge,fold;y_true;prepared_formal_charge,3344,11,-0.03412672988988154
adaptation,500,pooled,PC1,lora_increment_error_delta,pearson,fold_potency_charge_MW,fold;y_true;prepared_formal_charge;MW,3344,12,-0.00913290266025183
adaptation,500,pooled,PC1,lora_increment_error_delta,spearman,none,,3344,1,-0.2541852904328168
adaptation,500,pooled,PC1,lora_increment_error_delta,spearman,fold_potency_charge,fold;y_true;prepared_formal_charge,3344,11,-0.1274192007530605
adaptation,500,pooled,PC1,lora_increment_error_delta,spearman,fold_potency_charge_MW,fold;y_true;prepared_formal_charge;MW,3344,12,-0.12324832034659339
adaptation,500,pooled,PC2,head_signed_change,pearson,none,,3344,1,-0.45259164694624665
adaptation,500,pooled,PC2,head_signed_change,pearson,fold_potency_charge,fold;y_true;prepared_formal_charge,3344,11,-0.5591452095398982
adaptation,500,pooled,PC2,head_signed_change,pearson,fold_potency_charge_MW,fold;y_true;prepared_formal_charge;MW,3344,12,-0.5663251974517813
adaptation,500,pooled,PC2,head_signed_change,spearman,none,,3344,1,0.04693954006349466
adaptation,500,pooled,PC2,head_signed_change,spearman,fold_potency_charge,fold;y_true;prepared_formal_charge,3344,11,-0.06418508429705658
adaptation,500,pooled,PC2,head_signed_change,spearman,fold_potency_charge_MW,fold;y_true;prepared_formal_charge;MW,3344,12,-0.07532639149923649
adaptation,500,pooled,PC2,head_magnitude,pearson,none,,3344,1,0.45259669206534836
adaptation,500,pooled,PC2,head_magnitude,pearson,fold_potency_charge,fold;y_true;prepared_formal_charge,3344,11,0.5591473070453826
adaptation,500,pooled,PC2,head_magnitude,pearson,fold_potency_charge_MW,fold;y_true;prepared_formal_charge;MW,3344,12,0.5663269372690279
adaptation,500,pooled,PC2,head_magnitude,spearman,none,,3344,1,-0.04693954006349466
adaptation,500,pooled,PC2,head_magnitude,spearman,fold_potency_charge,fold;y_true;prepared_formal_charge,3344,11,0.06418508429705656
adaptation,500,pooled,PC2,head_magnitude,spearman,fold_potency_charge_MW,fold;y_true;prepared_formal_charge;MW,3344,12,0.0753263914992365
adaptation,500,pooled,PC2,head_error_delta,pearson,none,,3344,1,-0.13582748694045438
adaptation,500,pooled,PC2,head_error_delta,pearson,fold_potency_charge,fold;y_true;prepared_formal_charge,3344,11,-0.2967449656700334
adaptation,500,pooled,PC2,head_error_delta,pearson,fold_potency_charge_MW,fold;y_true;prepared_formal_charge;MW,3344,12,-0.294046827168253
adaptation,500,pooled,PC2,head_error_delta,spearman,none,,3344,1,0.03767402301220885
adaptation,500,pooled,PC2,head_error_delta,spearman,fold_potency_charge,fold;y_true;prepared_formal_charge,3344,11,-0.25831838892845327
adaptation,500,pooled,PC2,head_error_delta,spearman,fold_potency_charge_MW,fold;y_true;prepared_formal_charge;MW,3344,12,-0.2624393785650143
adaptation,500,pooled,PC2,lora_total_signed_change,pearson,none,,3344,1,-0.19198686685574554
adaptation,500,pooled,PC2,lora_total_signed_change,pearson,fold_potency_charge,fold;y_true;prepared_formal_charge,3344,11,-0.34506533196877415
adaptation,500,pooled,PC2,lora_total_signed_change,pearson,fold_potency_charge_MW,fold;y_true;prepared_formal_charge;MW,3344,12,-0.346923423602923
adaptation,500,pooled,PC2,lora_total_signed_change,spearman,none,,3344,1,0.31076239049339766
adaptation,500,pooled,PC2,lora_total_signed_change,spearman,fold_potency_charge,fold;y_true;prepared_formal_charge,3344,11,0.14095930907295576
adaptation,500,pooled,PC2,lora_total_signed_change,spearman,fold_potency_charge_MW,fold;y_true;prepared_formal_charge;MW,3344,12,0.13555129654115194
adaptation,500,pooled,PC2,lora_total_magnitude,pearson,none,,3344,1,0.19541771380312167
adaptation,500,pooled,PC2,lora_total_magnitude,pearson,fold_potency_charge,fold;y_true;prepared_formal_charge,3344,11,0.3472731414532901
adaptation,500,pooled,PC2,lora_total_magnitude,pearson,fold_potency_charge_MW,fold;y_true;prepared_formal_charge;MW,3344,12,0.3493351044806919
adaptation,500,pooled,PC2,lora_total_magnitude,spearman,none,,3344,1,-0.31103828980843956
adaptation,500,pooled,PC2,lora_total_magnitude,spearman,fold_potency_charge,fold;y_true;prepared_formal_charge,3344,11,-0.14231215070005385
adaptation,500,pooled,PC2,lora_total_magnitude,spearman,fold_potency_charge_MW,fold;y_true;prepared_formal_charge;MW,3344,12,-0.13693672217114103
adaptation,500,pooled,PC2,lora_total_error_delta,pearson,none,,3344,1,-0.0362712509493254
adaptation,500,pooled,PC2,lora_total_error_delta,pearson,fold_potency_charge,fold;y_true;prepared_formal_charge,3344,11,-0.18568373904506716
adaptation,500,pooled,PC2,lora_total_error_delta,pearson,fold_potency_charge_MW,fold;y_true;prepared_formal_charge;MW,3344,12,-0.18149591264480808
adaptation,500,pooled,PC2,lora_total_error_delta,spearman,none,,3344,1,0.10897656832007045
adaptation,500,pooled,PC2,lora_total_error_delta,spearman,fold_potency_charge,fold;y_true;prepared_formal_charge,3344,11,-0.19518331506761963
adaptation,500,pooled,PC2,lora_total_error_delta,spearman,fold_potency_charge_MW,fold;y_true;prepared_formal_charge;MW,3344,12,-0.1978638167815417
adaptation,500,pooled,PC2,lora_increment_signed_change,pearson,none,,3344,1,0.259011204728296
adaptation,500,pooled,PC2,lora_increment_signed_change,pearson,fold_potency_charge,fold;y_true;prepared_formal_charge,3344,11,0.19767382038296794
adaptation,500,pooled,PC2,lora_increment_signed_change,pearson,fold_potency_charge_MW,fold;y_true;prepared_formal_charge;MW,3344,12,0.20831448593692073
adaptation,500,pooled,PC2,lora_increment_signed_change,spearman,none,,3344,1,0.5336336173043308
adaptation,500,pooled,PC2,lora_increment_signed_change,spearman,fold_potency_charge,fold;y_true;prepared_formal_charge,3344,11,0.4276492027159094
adaptation,500,pooled,PC2,lora_increment_signed_change,spearman,fold_potency_charge_MW,fold;y_true;prepared_formal_charge;MW,3344,12,0.4261783564754002
adaptation,500,pooled,PC2,lora_increment_magnitude,pearson,none,,3344,1,-0.10947379897158757
adaptation,500,pooled,PC2,lora_increment_magnitude,pearson,fold_potency_charge,fold;y_true;prepared_formal_charge,3344,11,-0.03846060419049456
adaptation,500,pooled,PC2,lora_increment_magnitude,pearson,fold_potency_charge_MW,fold;y_true;prepared_formal_charge;MW,3344,12,-0.048631609127077854
adaptation,500,pooled,PC2,lora_increment_magnitude,spearman,none,,3344,1,-0.3297345095074276
adaptation,500,pooled,PC2,lora_increment_magnitude,spearman,fold_potency_charge,fold;y_true;prepared_formal_charge,3344,11,-0.2235440113279345
adaptation,500,pooled,PC2,lora_increment_magnitude,spearman,fold_potency_charge_MW,fold;y_true;prepared_formal_charge;MW,3344,12,-0.22076290468238707
adaptation,500,pooled,PC2,lora_increment_error_delta,pearson,none,,3344,1,0.1846887638218902
adaptation,500,pooled,PC2,lora_increment_error_delta,pearson,fold_potency_charge,fold;y_true;prepared_formal_charge,3344,11,0.14261821853304799
adaptation,500,pooled,PC2,lora_increment_error_delta,pearson,fold_potency_charge_MW,fold;y_true;prepared_formal_charge;MW,3344,12,0.14685974669880994
adaptation,500,pooled,PC2,lora_increment_error_delta,spearman,none,,3344,1,0.2280547205671369
adaptation,500,pooled,PC2,lora_increment_error_delta,spearman,fold_potency_charge,fold;y_true;prepared_formal_charge,3344,11,0.13202258735456146
adaptation,500,pooled,PC2,lora_increment_error_delta,spearman,fold_potency_charge_MW,fold;y_true;prepared_formal_charge;MW,3344,12,0.13008689738176032
adaptation,500,pooled,PC3,head_signed_change,pearson,none,,3344,1,-0.4191528830220348
adaptation,500,pooled,PC3,head_signed_change,pearson,fold_potency_charge,fold;y_true;prepared_formal_charge,3344,11,-0.37872279996632385
adaptation,500,pooled,PC3,head_signed_change,pearson,fold_potency_charge_MW,fold;y_true;prepared_formal_charge;MW,3344,12,-0.3846978487595374
adaptation,500,pooled,PC3,head_signed_change,spearman,none,,3344,1,-0.756250061136255
adaptation,500,pooled,PC3,head_signed_change,spearman,fold_potency_charge,fold;y_true;prepared_formal_charge,3344,11,-0.7583566684151504
adaptation,500,pooled,PC3,head_signed_change,spearman,fold_potency_charge_MW,fold;y_true;prepared_formal_charge;MW,3344,12,-0.7610358245692166
adaptation,500,pooled,PC3,head_magnitude,pearson,none,,3344,1,0.4191452747272725
adaptation,500,pooled,PC3,head_magnitude,pearson,fold_potency_charge,fold;y_true;prepared_formal_charge,3344,11,0.3787146092029368
adaptation,500,pooled,PC3,head_magnitude,pearson,fold_potency_charge_MW,fold;y_true;prepared_formal_charge;MW,3344,12,0.3846890935254607
adaptation,500,pooled,PC3,head_magnitude,spearman,none,,3344,1,0.756250061136255
adaptation,500,pooled,PC3,head_magnitude,spearman,fold_potency_charge,fold;y_true;prepared_formal_charge,3344,11,0.7583566684151504
adaptation,500,pooled,PC3,head_magnitude,spearman,fold_potency_charge_MW,fold;y_true;prepared_formal_charge;MW,3344,12,0.7610358245692168
adaptation,500,pooled,PC3,head_error_delta,pearson,none,,3344,1,-0.4065850200278249
adaptation,500,pooled,PC3,head_error_delta,pearson,fold_potency_charge,fold;y_true;prepared_formal_charge,3344,11,-0.3801916593370688
adaptation,500,pooled,PC3,head_error_delta,pearson,fold_potency_charge_MW,fold;y_true;prepared_formal_charge;MW,3344,12,-0.380585635978038
adaptation,500,pooled,PC3,head_error_delta,spearman,none,,3344,1,-0.43199107617496946
adaptation,500,pooled,PC3,head_error_delta,spearman,fold_potency_charge,fold;y_true;prepared_formal_charge,3344,11,-0.4712144324326003
adaptation,500,pooled,PC3,head_error_delta,spearman,fold_potency_charge_MW,fold;y_true;prepared_formal_charge;MW,3344,12,-0.468291423860215
adaptation,500,pooled,PC3,lora_total_signed_change,pearson,none,,3344,1,-0.373623424157966
adaptation,500,pooled,PC3,lora_total_signed_change,pearson,fold_potency_charge,fold;y_true;prepared_formal_charge,3344,11,-0.3299898110997409
adaptation,500,pooled,PC3,lora_total_signed_change,pearson,fold_potency_charge_MW,fold;y_true;prepared_formal_charge;MW,3344,12,-0.33634989351978917
adaptation,500,pooled,PC3,lora_total_signed_change,spearman,none,,3344,1,-0.5143444361040351
adaptation,500,pooled,PC3,lora_total_signed_change,spearman,fold_potency_charge,fold;y_true;prepared_formal_charge,3344,11,-0.5232764648636248
adaptation,500,pooled,PC3,lora_total_signed_change,spearman,fold_potency_charge_MW,fold;y_true;prepared_formal_charge;MW,3344,12,-0.5190416639541461
adaptation,500,pooled,PC3,lora_total_magnitude,pearson,none,,3344,1,0.3715857636158481
adaptation,500,pooled,PC3,lora_total_magnitude,pearson,fold_potency_charge,fold;y_true;prepared_formal_charge,3344,11,0.3274510313936125
adaptation,500,pooled,PC3,lora_total_magnitude,pearson,fold_potency_charge_MW,fold;y_true;prepared_formal_charge;MW,3344,12,0.33385981046843427
adaptation,500,pooled,PC3,lora_total_magnitude,spearman,none,,3344,1,0.5131525788024655
adaptation,500,pooled,PC3,lora_total_magnitude,spearman,fold_potency_charge,fold;y_true;prepared_formal_charge,3344,11,0.5208367693172762
adaptation,500,pooled,PC3,lora_total_magnitude,spearman,fold_potency_charge_MW,fold;y_true;prepared_formal_charge;MW,3344,12,0.5165579386906415
adaptation,500,pooled,PC3,lora_total_error_delta,pearson,none,,3344,1,-0.3914134061699638
adaptation,500,pooled,PC3,lora_total_error_delta,pearson,fold_potency_charge,fold;y_true;prepared_formal_charge,3344,11,-0.3702795722498407
adaptation,500,pooled,PC3,lora_total_error_delta,pearson,fold_potency_charge_MW,fold;y_true;prepared_formal_charge;MW,3344,12,-0.37143918321961106
adaptation,500,pooled,PC3,lora_total_error_delta,spearman,none,,3344,1,-0.3623127953611231
adaptation,500,pooled,PC3,lora_total_error_delta,spearman,fold_potency_charge,fold;y_true;prepared_formal_charge,3344,11,-0.3877324013586726
adaptation,500,pooled,PC3,lora_total_error_delta,spearman,fold_potency_charge_MW,fold;y_true;prepared_formal_charge;MW,3344,12,-0.385518283903207
adaptation,500,pooled,PC3,lora_increment_signed_change,pearson,none,,3344,1,-0.16095635028348765
adaptation,500,pooled,PC3,lora_increment_signed_change,pearson,fold_potency_charge,fold;y_true;prepared_formal_charge,3344,11,-0.07357707814619985
adaptation,500,pooled,PC3,lora_increment_signed_change,pearson,fold_potency_charge_MW,fold;y_true;prepared_formal_charge;MW,3344,12,-0.07067873853314943
adaptation,500,pooled,PC3,lora_increment_signed_change,spearman,none,,3344,1,-0.061810090410445044
adaptation,500,pooled,PC3,lora_increment_signed_change,spearman,fold_potency_charge,fold;y_true;prepared_formal_charge,3344,11,0.052868147197048215
adaptation,500,pooled,PC3,lora_increment_signed_change,spearman,fold_potency_charge_MW,fold;y_true;prepared_formal_charge;MW,3344,12,0.05767370921210634
adaptation,500,pooled,PC3,lora_increment_magnitude,pearson,none,,3344,1,0.23063984120447623
adaptation,500,pooled,PC3,lora_increment_magnitude,pearson,fold_potency_charge,fold;y_true;prepared_formal_charge,3344,11,0.18317758478804191
adaptation,500,pooled,PC3,lora_increment_magnitude,pearson,fold_potency_charge_MW,fold;y_true;prepared_formal_charge;MW,3344,12,0.18255364657346282
adaptation,500,pooled,PC3,lora_increment_magnitude,spearman,none,,3344,1,0.18394474160145985
adaptation,500,pooled,PC3,lora_increment_magnitude,spearman,fold_potency_charge,fold;y_true;prepared_formal_charge,3344,11,0.14461159922058744
adaptation,500,pooled,PC3,lora_increment_magnitude,spearman,fold_potency_charge_MW,fold;y_true;prepared_formal_charge;MW,3344,12,0.13899592918151876
adaptation,500,pooled,PC3,lora_increment_error_delta,pearson,none,,3344,1,-0.14407625392626947
adaptation,500,pooled,PC3,lora_increment_error_delta,pearson,fold_potency_charge,fold;y_true;prepared_formal_charge,3344,11,-0.07572818225669778
adaptation,500,pooled,PC3,lora_increment_error_delta,pearson,fold_potency_charge_MW,fold;y_true;prepared_formal_charge;MW,3344,12,-0.07405709065559542
adaptation,500,pooled,PC3,lora_increment_error_delta,spearman,none,,3344,1,-0.10955672296223226
adaptation,500,pooled,PC3,lora_increment_error_delta,spearman,fold_potency_charge,fold;y_true;prepared_formal_charge,3344,11,-0.04943468904177079
adaptation,500,pooled,PC3,lora_increment_error_delta,spearman,fold_potency_charge_MW,fold;y_true;prepared_formal_charge;MW,3344,12,-0.04578431867691078
adaptation,500,pooled,PC4,head_signed_change,pearson,none,,3344,1,-0.042324446713247026
adaptation,500,pooled,PC4,head_signed_change,pearson,fold_potency_charge,fold;y_true;prepared_formal_charge,3344,11,0.0060936528640774855
adaptation,500,pooled,PC4,head_signed_change,pearson,fold_potency_charge_MW,fold;y_true;prepared_formal_charge;MW,3344,12,0.0300851542432331
adaptation,500,pooled,PC4,head_signed_change,spearman,none,,3344,1,0.004501201618643994
adaptation,500,pooled,PC4,head_signed_change,spearman,fold_potency_charge,fold;y_true;prepared_formal_charge,3344,11,0.0602087187795445
adaptation,500,pooled,PC4,head_signed_change,spearman,fold_potency_charge_MW,fold;y_true;prepared_formal_charge;MW,3344,12,0.07449152460406974
adaptation,500,pooled,PC4,head_magnitude,pearson,none,,3344,1,0.042328041421194666
adaptation,500,pooled,PC4,head_magnitude,pearson,fold_potency_charge,fold;y_true;prepared_formal_charge,3344,11,-0.006087890957642153
adaptation,500,pooled,PC4,head_magnitude,pearson,fold_potency_charge_MW,fold;y_true;prepared_formal_charge;MW,3344,12,-0.030078750109234508
adaptation,500,pooled,PC4,head_magnitude,spearman,none,,3344,1,-0.004501201618643994
adaptation,500,pooled,PC4,head_magnitude,spearman,fold_potency_charge,fold;y_true;prepared_formal_charge,3344,11,-0.0602087187795445
adaptation,500,pooled,PC4,head_magnitude,spearman,fold_potency_charge_MW,fold;y_true;prepared_formal_charge;MW,3344,12,-0.07449152460406973
adaptation,500,pooled,PC4,head_error_delta,pearson,none,,3344,1,0.017948146204076268
adaptation,500,pooled,PC4,head_error_delta,pearson,fold_potency_charge,fold;y_true;prepared_formal_charge,3344,11,0.1727737883679488
adaptation,500,pooled,PC4,head_error_delta,pearson,fold_potency_charge_MW,fold;y_true;prepared_formal_charge;MW,3344,12,0.18776363408390456
adaptation,500,pooled,PC4,head_error_delta,spearman,none,,3344,1,-0.00693323988390839
adaptation,500,pooled,PC4,head_error_delta,spearman,fold_potency_charge,fold;y_true;prepared_formal_charge,3344,11,0.19801412156196563
adaptation,500,pooled,PC4,head_error_delta,spearman,fold_potency_charge_MW,fold;y_true;prepared_formal_charge;MW,3344,12,0.20313932233852586
adaptation,500,pooled,PC4,lora_total_signed_change,pearson,none,,3344,1,-0.08879128372185999
adaptation,500,pooled,PC4,lora_total_signed_change,pearson,fold_potency_charge,fold;y_true;prepared_formal_charge,3344,11,-0.022894243209260295
adaptation,500,pooled,PC4,lora_total_signed_change,pearson,fold_potency_charge_MW,fold;y_true;prepared_formal_charge;MW,3344,12,0.002824018830622867
adaptation,500,pooled,PC4,lora_total_signed_change,spearman,none,,3344,1,-0.16858168927681794
adaptation,500,pooled,PC4,lora_total_signed_change,spearman,fold_potency_charge,fold;y_true;prepared_formal_charge,3344,11,-0.09685853672629541
adaptation,500,pooled,PC4,lora_total_signed_change,spearman,fold_potency_charge_MW,fold;y_true;prepared_formal_charge;MW,3344,12,-0.08842702048945122
adaptation,500,pooled,PC4,lora_total_magnitude,pearson,none,,3344,1,0.08764717911310338
adaptation,500,pooled,PC4,lora_total_magnitude,pearson,fold_potency_charge,fold;y_true;prepared_formal_charge,3344,11,0.022497354135152737
adaptation,500,pooled,PC4,lora_total_magnitude,pearson,fold_potency_charge_MW,fold;y_true;prepared_formal_charge;MW,3344,12,-0.0034378089850333592
adaptation,500,pooled,PC4,lora_total_magnitude,spearman,none,,3344,1,0.168675149655531
adaptation,500,pooled,PC4,lora_total_magnitude,spearman,fold_potency_charge,fold;y_true;prepared_formal_charge,3344,11,0.09760474545096622
adaptation,500,pooled,PC4,lora_total_magnitude,spearman,fold_potency_charge_MW,fold;y_true;prepared_formal_charge;MW,3344,12,0.08921063421996442
adaptation,500,pooled,PC4,lora_total_error_delta,pearson,none,,3344,1,-0.012246928330052496
adaptation,500,pooled,PC4,lora_total_error_delta,pearson,fold_potency_charge,fold;y_true;prepared_formal_charge,3344,11,0.1518120786539412
adaptation,500,pooled,PC4,lora_total_error_delta,pearson,fold_potency_charge_MW,fold;y_true;prepared_formal_charge;MW,3344,12,0.16978063620855008
adaptation,500,pooled,PC4,lora_total_error_delta,spearman,none,,3344,1,-0.057950758996502934
adaptation,500,pooled,PC4,lora_total_error_delta,spearman,fold_potency_charge,fold;y_true;prepared_formal_charge,3344,11,0.14775590250606482
adaptation,500,pooled,PC4,lora_total_error_delta,spearman,fold_potency_charge_MW,fold;y_true;prepared_formal_charge;MW,3344,12,0.1511874292136901
adaptation,500,pooled,PC4,lora_increment_signed_change,pearson,none,,3344,1,-0.12077738826158067
adaptation,500,pooled,PC4,lora_increment_signed_change,pearson,fold_potency_charge,fold;y_true;prepared_formal_charge,3344,11,-0.05959753109125132
adaptation,500,pooled,PC4,lora_increment_signed_change,pearson,fold_potency_charge_MW,fold;y_true;prepared_formal_charge;MW,3344,12,-0.04395274648909731
adaptation,500,pooled,PC4,lora_increment_signed_change,spearman,none,,3344,1,-0.25361571428390767
adaptation,500,pooled,PC4,lora_increment_signed_change,spearman,fold_potency_charge,fold;y_true;prepared_formal_charge,3344,11,-0.20782097078703823
adaptation,500,pooled,PC4,lora_increment_signed_change,spearman,fold_potency_charge_MW,fold;y_true;prepared_formal_charge;MW,3344,12,-0.20504812458447735
adaptation,500,pooled,PC4,lora_increment_magnitude,pearson,none,,3344,1,0.0025829176620313058
adaptation,500,pooled,PC4,lora_increment_magnitude,pearson,fold_potency_charge,fold;y_true;prepared_formal_charge,3344,11,-0.04911352454230562
adaptation,500,pooled,PC4,lora_increment_magnitude,pearson,fold_potency_charge_MW,fold;y_true;prepared_formal_charge;MW,3344,12,-0.07148288624835332
adaptation,500,pooled,PC4,lora_increment_magnitude,spearman,none,,3344,1,0.0720492420360429
adaptation,500,pooled,PC4,lora_increment_magnitude,spearman,fold_potency_charge,fold;y_true;prepared_formal_charge,3344,11,0.029606645700105832
adaptation,500,pooled,PC4,lora_increment_magnitude,spearman,fold_potency_charge_MW,fold;y_true;prepared_formal_charge;MW,3344,12,0.024715483757384218
adaptation,500,pooled,PC4,lora_increment_error_delta,pearson,none,,3344,1,-0.06639104577176415
adaptation,500,pooled,PC4,lora_increment_error_delta,pearson,fold_potency_charge,fold;y_true;prepared_formal_charge,3344,11,0.002283589515830666
adaptation,500,pooled,PC4,lora_increment_error_delta,pearson,fold_potency_charge_MW,fold;y_true;prepared_formal_charge;MW,3344,12,0.010475276206039785
adaptation,500,pooled,PC4,lora_increment_error_delta,spearman,none,,3344,1,-0.09626402155066761
adaptation,500,pooled,PC4,lora_increment_error_delta,spearman,fold_potency_charge,fold;y_true;prepared_formal_charge,3344,11,-0.032691530084884526
adaptation,500,pooled,PC4,lora_increment_error_delta,spearman,fold_potency_charge_MW,fold;y_true;prepared_formal_charge;MW,3344,12,-0.02982151350028791
adaptation,500,pooled,PC5,head_signed_change,pearson,none,,3344,1,-0.0490271195605511
adaptation,500,pooled,PC5,head_signed_change,pearson,fold_potency_charge,fold;y_true;prepared_formal_charge,3344,11,-0.12070884171035312
adaptation,500,pooled,PC5,head_signed_change,pearson,fold_potency_charge_MW,fold;y_true;prepared_formal_charge;MW,3344,12,-0.17310972695222157
adaptation,500,pooled,PC5,head_signed_change,spearman,none,,3344,1,-0.1629136615593173
adaptation,500,pooled,PC5,head_signed_change,spearman,fold_potency_charge,fold;y_true;prepared_formal_charge,3344,11,-0.22636015054080372
adaptation,500,pooled,PC5,head_signed_change,spearman,fold_potency_charge_MW,fold;y_true;prepared_formal_charge;MW,3344,12,-0.2578316745949279
adaptation,500,pooled,PC5,head_magnitude,pearson,none,,3344,1,0.04900931149977155
adaptation,500,pooled,PC5,head_magnitude,pearson,fold_potency_charge,fold;y_true;prepared_formal_charge,3344,11,0.12068837664501175
adaptation,500,pooled,PC5,head_magnitude,pearson,fold_potency_charge_MW,fold;y_true;prepared_formal_charge;MW,3344,12,0.17308728997962874
adaptation,500,pooled,PC5,head_magnitude,spearman,none,,3344,1,0.1629136615593173
adaptation,500,pooled,PC5,head_magnitude,spearman,fold_potency_charge,fold;y_true;prepared_formal_charge,3344,11,0.22636015054080366
adaptation,500,pooled,PC5,head_magnitude,spearman,fold_potency_charge_MW,fold;y_true;prepared_formal_charge;MW,3344,12,0.25783167459492806
adaptation,500,pooled,PC5,head_error_delta,pearson,none,,3344,1,0.07284155934314461
adaptation,500,pooled,PC5,head_error_delta,pearson,fold_potency_charge,fold;y_true;prepared_formal_charge,3344,11,-0.038047275588019645
adaptation,500,pooled,PC5,head_error_delta,pearson,fold_potency_charge_MW,fold;y_true;prepared_formal_charge;MW,3344,12,-0.06386997904695013
adaptation,500,pooled,PC5,head_error_delta,spearman,none,,3344,1,-0.030693149418474754
adaptation,500,pooled,PC5,head_error_delta,spearman,fold_potency_charge,fold;y_true;prepared_formal_charge,3344,11,-0.17263342842609694
adaptation,500,pooled,PC5,head_error_delta,spearman,fold_potency_charge_MW,fold;y_true;prepared_formal_charge;MW,3344,12,-0.18250735556592473
adaptation,500,pooled,PC5,lora_total_signed_change,pearson,none,,3344,1,0.05387083482464821
adaptation,500,pooled,PC5,lora_total_signed_change,pearson,fold_potency_charge,fold;y_true;prepared_formal_charge,3344,11,-0.03638465947342711
adaptation,500,pooled,PC5,lora_total_signed_change,pearson,fold_potency_charge_MW,fold;y_true;prepared_formal_charge;MW,3344,12,-0.0907318004090488
adaptation,500,pooled,PC5,lora_total_signed_change,spearman,none,,3344,1,-0.007128566547390008
adaptation,500,pooled,PC5,lora_total_signed_change,spearman,fold_potency_charge,fold;y_true;prepared_formal_charge,3344,11,-0.10374554089870919
adaptation,500,pooled,PC5,lora_total_signed_change,spearman,fold_potency_charge_MW,fold;y_true;prepared_formal_charge;MW,3344,12,-0.12504618057208589
adaptation,500,pooled,PC5,lora_total_magnitude,pearson,none,,3344,1,-0.05537729909337011
adaptation,500,pooled,PC5,lora_total_magnitude,pearson,fold_potency_charge,fold;y_true;prepared_formal_charge,3344,11,0.03397910787271123
adaptation,500,pooled,PC5,lora_total_magnitude,pearson,fold_potency_charge_MW,fold;y_true;prepared_formal_charge;MW,3344,12,0.0886293868767836
adaptation,500,pooled,PC5,lora_total_magnitude,spearman,none,,3344,1,0.007426495652972497
adaptation,500,pooled,PC5,lora_total_magnitude,spearman,fold_potency_charge,fold;y_true;prepared_formal_charge,3344,11,0.10362434665729102
adaptation,500,pooled,PC5,lora_total_magnitude,spearman,fold_potency_charge_MW,fold;y_true;prepared_formal_charge;MW,3344,12,0.12484429835285236
adaptation,500,pooled,PC5,lora_total_error_delta,pearson,none,,3344,1,0.09488523998895922
adaptation,500,pooled,PC5,lora_total_error_delta,pearson,fold_potency_charge,fold;y_true;prepared_formal_charge,3344,11,-0.01824192952404004
adaptation,500,pooled,PC5,lora_total_error_delta,pearson,fold_potency_charge_MW,fold;y_true;prepared_formal_charge;MW,3344,12,-0.04879803222482264
adaptation,500,pooled,PC5,lora_total_error_delta,spearman,none,,3344,1,0.006917960746919019
adaptation,500,pooled,PC5,lora_total_error_delta,spearman,fold_potency_charge,fold;y_true;prepared_formal_charge,3344,11,-0.13774199868666587
adaptation,500,pooled,PC5,lora_total_error_delta,spearman,fold_potency_charge_MW,fold;y_true;prepared_formal_charge;MW,3344,12,-0.14462187889833078
adaptation,500,pooled,PC5,lora_increment_signed_change,pearson,none,,3344,1,0.18089697564747118
adaptation,500,pooled,PC5,lora_increment_signed_change,pearson,fold_potency_charge,fold;y_true;prepared_formal_charge,3344,11,0.12480064852448576
adaptation,500,pooled,PC5,lora_increment_signed_change,pearson,fold_potency_charge_MW,fold;y_true;prepared_formal_charge;MW,3344,12,0.09594524095963305
adaptation,500,pooled,PC5,lora_increment_signed_change,spearman,none,,3344,1,0.12067991893108646
adaptation,500,pooled,PC5,lora_increment_signed_change,spearman,fold_potency_charge,fold;y_true;prepared_formal_charge,3344,11,0.05875080956455971
adaptation,500,pooled,PC5,lora_increment_signed_change,spearman,fold_potency_charge_MW,fold;y_true;prepared_formal_charge;MW,3344,12,0.05246951100711405
adaptation,500,pooled,PC5,lora_increment_magnitude,pearson,none,,3344,1,-0.11298486393279139
adaptation,500,pooled,PC5,lora_increment_magnitude,pearson,fold_potency_charge,fold;y_true;prepared_formal_charge,3344,11,-0.06379421810186522
adaptation,500,pooled,PC5,lora_increment_magnitude,pearson,fold_potency_charge_MW,fold;y_true;prepared_formal_charge;MW,3344,12,-0.025392199513620813
adaptation,500,pooled,PC5,lora_increment_magnitude,spearman,none,,3344,1,0.010324775692162754
adaptation,500,pooled,PC5,lora_increment_magnitude,spearman,fold_potency_charge,fold;y_true;prepared_formal_charge,3344,11,0.058438490151257176
adaptation,500,pooled,PC5,lora_increment_magnitude,spearman,fold_potency_charge_MW,fold;y_true;prepared_formal_charge;MW,3344,12,0.06881850404070301
adaptation,500,pooled,PC5,lora_increment_error_delta,pearson,none,,3344,1,0.08682540029782523
adaptation,500,pooled,PC5,lora_increment_error_delta,pearson,fold_potency_charge,fold;y_true;prepared_formal_charge,3344,11,0.029151778750966632
adaptation,500,pooled,PC5,lora_increment_error_delta,pearson,fold_potency_charge_MW,fold;y_true;prepared_formal_charge;MW,3344,12,0.013761367517752133
adaptation,500,pooled,PC5,lora_increment_error_delta,spearman,none,,3344,1,0.05428160395304245
adaptation,500,pooled,PC5,lora_increment_error_delta,spearman,fold_potency_charge,fold;y_true;prepared_formal_charge,3344,11,0.007961744660961055
adaptation,500,pooled,PC5,lora_increment_error_delta,spearman,fold_potency_charge_MW,fold;y_true;prepared_formal_charge;MW,3344,12,0.0022757415706443893
size_adaptation,500,pooled,MW,head_signed_change,pearson,none,,3344,1,0.35628326793699305
size_adaptation,500,pooled,MW,head_signed_change,pearson,fold_potency_charge,fold;y_true;prepared_formal_charge,3344,11,0.24198033812405398
size_adaptation,500,pooled,MW,head_signed_change,pearson,fold_potency_charge_MW,fold;y_true;prepared_formal_charge,3344,11,0.24198033812405398
size_adaptation,500,pooled,MW,head_signed_change,spearman,none,,3344,1,0.30565901644028876
size_adaptation,500,pooled,MW,head_signed_change,spearman,fold_potency_charge,fold;y_true;prepared_formal_charge,3344,11,0.20814342109542885
size_adaptation,500,pooled,MW,head_signed_change,spearman,fold_potency_charge_MW,fold;y_true;prepared_formal_charge,3344,11,0.20814342109542885
size_adaptation,500,pooled,MW,head_magnitude,pearson,none,,3344,1,-0.35627853985457
size_adaptation,500,pooled,MW,head_magnitude,pearson,fold_potency_charge,fold;y_true;prepared_formal_charge,3344,11,-0.24197619787719632
size_adaptation,500,pooled,MW,head_magnitude,pearson,fold_potency_charge_MW,fold;y_true;prepared_formal_charge,3344,11,-0.24197619787719632
size_adaptation,500,pooled,MW,head_magnitude,spearman,none,,3344,1,-0.30565901644028876
size_adaptation,500,pooled,MW,head_magnitude,spearman,fold_potency_charge,fold;y_true;prepared_formal_charge,3344,11,-0.20814342109542874
size_adaptation,500,pooled,MW,head_magnitude,spearman,fold_potency_charge_MW,fold;y_true;prepared_formal_charge,3344,11,-0.20814342109542874
size_adaptation,500,pooled,MW,head_error_delta,pearson,none,,3344,1,0.3566085404848298
size_adaptation,500,pooled,MW,head_error_delta,pearson,fold_potency_charge,fold;y_true;prepared_formal_charge,3344,11,0.1318247358278126
size_adaptation,500,pooled,MW,head_error_delta,pearson,fold_potency_charge_MW,fold;y_true;prepared_formal_charge,3344,11,0.1318247358278126
size_adaptation,500,pooled,MW,head_error_delta,spearman,none,,3344,1,0.30532177582104364
size_adaptation,500,pooled,MW,head_error_delta,spearman,fold_potency_charge,fold;y_true;prepared_formal_charge,3344,11,0.07066699453765811
size_adaptation,500,pooled,MW,head_error_delta,spearman,fold_potency_charge_MW,fold;y_true;prepared_formal_charge,3344,11,0.07066699453765811
size_adaptation,500,pooled,MW,lora_total_signed_change,pearson,none,,3344,1,0.4075072430349307
size_adaptation,500,pooled,MW,lora_total_signed_change,pearson,fold_potency_charge,fold;y_true;prepared_formal_charge,3344,11,0.26975130002644193
size_adaptation,500,pooled,MW,lora_total_signed_change,pearson,fold_potency_charge_MW,fold;y_true;prepared_formal_charge,3344,11,0.26975130002644193
size_adaptation,500,pooled,MW,lora_total_signed_change,spearman,none,,3344,1,0.31474851055212555
size_adaptation,500,pooled,MW,lora_total_signed_change,spearman,fold_potency_charge,fold;y_true;prepared_formal_charge,3344,11,0.16229766086504543
size_adaptation,500,pooled,MW,lora_total_signed_change,spearman,fold_potency_charge_MW,fold;y_true;prepared_formal_charge,3344,11,0.16229766086504543
size_adaptation,500,pooled,MW,lora_total_magnitude,pearson,none,,3344,1,-0.4084018422437941
size_adaptation,500,pooled,MW,lora_total_magnitude,pearson,fold_potency_charge,fold;y_true;prepared_formal_charge,3344,11,-0.27174859693826675
size_adaptation,500,pooled,MW,lora_total_magnitude,pearson,fold_potency_charge_MW,fold;y_true;prepared_formal_charge,3344,11,-0.27174859693826675
size_adaptation,500,pooled,MW,lora_total_magnitude,spearman,none,,3344,1,-0.31374198563502387
size_adaptation,500,pooled,MW,lora_total_magnitude,spearman,fold_potency_charge,fold;y_true;prepared_formal_charge,3344,11,-0.1617350149977538
size_adaptation,500,pooled,MW,lora_total_magnitude,spearman,fold_potency_charge_MW,fold;y_true;prepared_formal_charge,3344,11,-0.1617350149977538
size_adaptation,500,pooled,MW,lora_total_error_delta,pearson,none,,3344,1,0.3846760990090745
size_adaptation,500,pooled,MW,lora_total_error_delta,pearson,fold_potency_charge,fold;y_true;prepared_formal_charge,3344,11,0.15868770200481447
size_adaptation,500,pooled,MW,lora_total_error_delta,pearson,fold_potency_charge_MW,fold;y_true;prepared_formal_charge,3344,11,0.15868770200481447
size_adaptation,500,pooled,MW,lora_total_error_delta,spearman,none,,3344,1,0.3041715816354208
size_adaptation,500,pooled,MW,lora_total_error_delta,spearman,fold_potency_charge,fold;y_true;prepared_formal_charge,3344,11,0.049433047014808
size_adaptation,500,pooled,MW,lora_total_error_delta,spearman,fold_potency_charge_MW,fold;y_true;prepared_formal_charge,3344,11,0.049433047014808
size_adaptation,500,pooled,MW,lora_increment_signed_change,pearson,none,,3344,1,0.32088261068637164
size_adaptation,500,pooled,MW,lora_increment_signed_change,pearson,fold_potency_charge,fold;y_true;prepared_formal_charge,3344,11,0.17396326990203953
size_adaptation,500,pooled,MW,lora_increment_signed_change,pearson,fold_potency_charge_MW,fold;y_true;prepared_formal_charge,3344,11,0.17396326990203953
size_adaptation,500,pooled,MW,lora_increment_signed_change,spearman,none,,3344,1,0.2273043191150171
size_adaptation,500,pooled,MW,lora_increment_signed_change,spearman,fold_potency_charge,fold;y_true;prepared_formal_charge,3344,11,0.058001380091073966
size_adaptation,500,pooled,MW,lora_increment_signed_change,spearman,fold_potency_charge_MW,fold;y_true;prepared_formal_charge,3344,11,0.058001380091073966
size_adaptation,500,pooled,MW,lora_increment_magnitude,pearson,none,,3344,1,-0.30630994329959793
size_adaptation,500,pooled,MW,lora_increment_magnitude,pearson,fold_potency_charge,fold;y_true;prepared_formal_charge,3344,11,-0.2147967879889607
size_adaptation,500,pooled,MW,lora_increment_magnitude,pearson,fold_potency_charge_MW,fold;y_true;prepared_formal_charge,3344,11,-0.2147967879889607
size_adaptation,500,pooled,MW,lora_increment_magnitude,spearman,none,,3344,1,-0.1644440090416476
size_adaptation,500,pooled,MW,lora_increment_magnitude,spearman,fold_potency_charge,fold;y_true;prepared_formal_charge,3344,11,-0.08349503342838133
size_adaptation,500,pooled,MW,lora_increment_magnitude,spearman,fold_potency_charge_MW,fold;y_true;prepared_formal_charge,3344,11,-0.08349503342838133
size_adaptation,500,pooled,MW,lora_increment_error_delta,pearson,none,,3344,1,0.22831395518523792
size_adaptation,500,pooled,MW,lora_increment_error_delta,pearson,fold_potency_charge,fold;y_true;prepared_formal_charge,3344,11,0.08541298820001332
size_adaptation,500,pooled,MW,lora_increment_error_delta,pearson,fold_potency_charge_MW,fold;y_true;prepared_formal_charge,3344,11,0.08541298820001332
size_adaptation,500,pooled,MW,lora_increment_error_delta,spearman,none,,3344,1,0.17830232849651997
size_adaptation,500,pooled,MW,lora_increment_error_delta,spearman,fold_potency_charge,fold;y_true;prepared_formal_charge,3344,11,0.04921329142424841
size_adaptation,500,pooled,MW,lora_increment_error_delta,spearman,fold_potency_charge_MW,fold;y_true;prepared_formal_charge,3344,11,0.04921329142424841
adaptation_fold,500,0,norm_l2,head_signed_change,pearson,none,,669,1,-0.7954286987233314
adaptation_fold,500,0,norm_l2,head_signed_change,pearson,fold_potency_charge,fold;y_true;prepared_formal_charge,669,7,-0.7728180645786793
adaptation_fold,500,0,norm_l2,head_signed_change,pearson,fold_potency_charge_MW,fold;y_true;prepared_formal_charge;MW,669,8,-0.7473279230136713
adaptation_fold,500,0,norm_l2,head_signed_change,spearman,none,,669,1,-0.5303896724321252
adaptation_fold,500,0,norm_l2,head_signed_change,spearman,fold_potency_charge,fold;y_true;prepared_formal_charge,669,7,-0.44707413585354966
adaptation_fold,500,0,norm_l2,head_signed_change,spearman,fold_potency_charge_MW,fold;y_true;prepared_formal_charge;MW,669,8,-0.4183184031312414
adaptation_fold,500,0,norm_l2,head_magnitude,pearson,none,,669,1,0.7954286987233314
adaptation_fold,500,0,norm_l2,head_magnitude,pearson,fold_potency_charge,fold;y_true;prepared_formal_charge,669,7,0.7728180645786793
adaptation_fold,500,0,norm_l2,head_magnitude,pearson,fold_potency_charge_MW,fold;y_true;prepared_formal_charge;MW,669,8,0.7473279230136713
adaptation_fold,500,0,norm_l2,head_magnitude,spearman,none,,669,1,0.5303896724321252
adaptation_fold,500,0,norm_l2,head_magnitude,spearman,fold_potency_charge,fold;y_true;prepared_formal_charge,669,7,0.4470741358535497
adaptation_fold,500,0,norm_l2,head_magnitude,spearman,fold_potency_charge_MW,fold;y_true;prepared_formal_charge;MW,669,8,0.41831840313124147
adaptation_fold,500,0,norm_l2,head_error_delta,pearson,none,,669,1,-0.10762167839464039
adaptation_fold,500,0,norm_l2,head_error_delta,pearson,fold_potency_charge,fold;y_true;prepared_formal_charge,669,7,0.12436320460679692
adaptation_fold,500,0,norm_l2,head_error_delta,pearson,fold_potency_charge_MW,fold;y_true;prepared_formal_charge;MW,669,8,0.1568314094933902
adaptation_fold,500,0,norm_l2,head_error_delta,spearman,none,,669,1,-0.3334411158941738
adaptation_fold,500,0,norm_l2,head_error_delta,spearman,fold_potency_charge,fold;y_true;prepared_formal_charge,669,7,-0.06449932987513135
adaptation_fold,500,0,norm_l2,head_error_delta,spearman,fold_potency_charge_MW,fold;y_true;prepared_formal_charge;MW,669,8,-0.04897942214256268
adaptation_fold,500,0,norm_l2,lora_total_signed_change,pearson,none,,669,1,-0.7694440153672749
adaptation_fold,500,0,norm_l2,lora_total_signed_change,pearson,fold_potency_charge,fold;y_true;prepared_formal_charge,669,7,-0.7450344783177406
adaptation_fold,500,0,norm_l2,lora_total_signed_change,pearson,fold_potency_charge_MW,fold;y_true;prepared_formal_charge;MW,669,8,-0.7104289990129271
adaptation_fold,500,0,norm_l2,lora_total_signed_change,spearman,none,,669,1,-0.6683204236063045
adaptation_fold,500,0,norm_l2,lora_total_signed_change,spearman,fold_potency_charge,fold;y_true;prepared_formal_charge,669,7,-0.548360422274585
adaptation_fold,500,0,norm_l2,lora_total_signed_change,spearman,fold_potency_charge_MW,fold;y_true;prepared_formal_charge;MW,669,8,-0.5271641873298284
adaptation_fold,500,0,norm_l2,lora_total_magnitude,pearson,none,,669,1,0.7734329745293739
adaptation_fold,500,0,norm_l2,lora_total_magnitude,pearson,fold_potency_charge,fold;y_true;prepared_formal_charge,669,7,0.7500795934787247
adaptation_fold,500,0,norm_l2,lora_total_magnitude,pearson,fold_potency_charge_MW,fold;y_true;prepared_formal_charge;MW,669,8,0.7159888824412775
adaptation_fold,500,0,norm_l2,lora_total_magnitude,spearman,none,,669,1,0.667590125952499
adaptation_fold,500,0,norm_l2,lora_total_magnitude,spearman,fold_potency_charge,fold;y_true;prepared_formal_charge,669,7,0.547378959128895
adaptation_fold,500,0,norm_l2,lora_total_magnitude,spearman,fold_potency_charge_MW,fold;y_true;prepared_formal_charge;MW,669,8,0.5261635154044845
adaptation_fold,500,0,norm_l2,lora_total_error_delta,pearson,none,,669,1,-0.15515549350369975
adaptation_fold,500,0,norm_l2,lora_total_error_delta,pearson,fold_potency_charge,fold;y_true;prepared_formal_charge,669,7,0.10189199042763371
adaptation_fold,500,0,norm_l2,lora_total_error_delta,pearson,fold_potency_charge_MW,fold;y_true;prepared_formal_charge;MW,669,8,0.14052836309990607
adaptation_fold,500,0,norm_l2,lora_total_error_delta,spearman,none,,669,1,-0.35874351290725554
adaptation_fold,500,0,norm_l2,lora_total_error_delta,spearman,fold_potency_charge,fold;y_true;prepared_formal_charge,669,7,-0.0685635216667413
adaptation_fold,500,0,norm_l2,lora_total_error_delta,spearman,fold_potency_charge_MW,fold;y_true;prepared_formal_charge;MW,669,8,-0.06272003394459585
adaptation_fold,500,0,norm_l2,lora_increment_signed_change,pearson,none,,669,1,-0.3085414062054126
adaptation_fold,500,0,norm_l2,lora_increment_signed_change,pearson,fold_potency_charge,fold;y_true;prepared_formal_charge,669,7,-0.13739868811074865
adaptation_fold,500,0,norm_l2,lora_increment_signed_change,pearson,fold_potency_charge_MW,fold;y_true;prepared_formal_charge;MW,669,8,-0.08408304615321625
adaptation_fold,500,0,norm_l2,lora_increment_signed_change,spearman,none,,669,1,-0.5065892561298918
adaptation_fold,500,0,norm_l2,lora_increment_signed_change,spearman,fold_potency_charge,fold;y_true;prepared_formal_charge,669,7,-0.31998937064430355
adaptation_fold,500,0,norm_l2,lora_increment_signed_change,spearman,fold_potency_charge_MW,fold;y_true;prepared_formal_charge;MW,669,8,-0.30778780411203077
adaptation_fold,500,0,norm_l2,lora_increment_magnitude,pearson,none,,669,1,0.3494953970254901
adaptation_fold,500,0,norm_l2,lora_increment_magnitude,pearson,fold_potency_charge,fold;y_true;prepared_formal_charge,669,7,0.23704738326932717
adaptation_fold,500,0,norm_l2,lora_increment_magnitude,pearson,fold_potency_charge_MW,fold;y_true;prepared_formal_charge;MW,669,8,0.16572088365888102
adaptation_fold,500,0,norm_l2,lora_increment_magnitude,spearman,none,,669,1,0.3371315665395981
adaptation_fold,500,0,norm_l2,lora_increment_magnitude,spearman,fold_potency_charge,fold;y_true;prepared_formal_charge,669,7,0.19724771537323021
adaptation_fold,500,0,norm_l2,lora_increment_magnitude,spearman,fold_potency_charge_MW,fold;y_true;prepared_formal_charge;MW,669,8,0.18295939909866238
adaptation_fold,500,0,norm_l2,lora_increment_error_delta,pearson,none,,669,1,-0.17866647403259797
adaptation_fold,500,0,norm_l2,lora_increment_error_delta,pearson,fold_potency_charge,fold;y_true;prepared_formal_charge,669,7,-0.024663153822180376
adaptation_fold,500,0,norm_l2,lora_increment_error_delta,pearson,fold_potency_charge_MW,fold;y_true;prepared_formal_charge;MW,669,8,-0.004347340424144424
adaptation_fold,500,0,norm_l2,lora_increment_error_delta,spearman,none,,669,1,-0.22626288377260823
adaptation_fold,500,0,norm_l2,lora_increment_error_delta,spearman,fold_potency_charge,fold;y_true;prepared_formal_charge,669,7,-0.04743476522122279
adaptation_fold,500,0,norm_l2,lora_increment_error_delta,spearman,fold_potency_charge_MW,fold;y_true;prepared_formal_charge;MW,669,8,-0.048273761181463794
adaptation_fold,500,0,PC1,head_signed_change,pearson,none,,669,1,-0.5837938478885238
adaptation_fold,500,0,PC1,head_signed_change,pearson,fold_potency_charge,fold;y_true;prepared_formal_charge,669,7,-0.538114236110512
adaptation_fold,500,0,PC1,head_signed_change,pearson,fold_potency_charge_MW,fold;y_true;prepared_formal_charge;MW,669,8,-0.49457939324426275
adaptation_fold,500,0,PC1,head_signed_change,spearman,none,,669,1,-0.06453920350183777
adaptation_fold,500,0,PC1,head_signed_change,spearman,fold_potency_charge,fold;y_true;prepared_formal_charge,669,7,0.053047068703280104
adaptation_fold,500,0,PC1,head_signed_change,spearman,fold_potency_charge_MW,fold;y_true;prepared_formal_charge;MW,669,8,0.0768247107358907
adaptation_fold,500,0,PC1,head_magnitude,pearson,none,,669,1,0.5837938478885238
adaptation_fold,500,0,PC1,head_magnitude,pearson,fold_potency_charge,fold;y_true;prepared_formal_charge,669,7,0.538114236110512
adaptation_fold,500,0,PC1,head_magnitude,pearson,fold_potency_charge_MW,fold;y_true;prepared_formal_charge;MW,669,8,0.49457939324426275
adaptation_fold,500,0,PC1,head_magnitude,spearman,none,,669,1,0.06453920350183777
adaptation_fold,500,0,PC1,head_magnitude,spearman,fold_potency_charge,fold;y_true;prepared_formal_charge,669,7,-0.05304706870328011
adaptation_fold,500,0,PC1,head_magnitude,spearman,fold_potency_charge_MW,fold;y_true;prepared_formal_charge;MW,669,8,-0.0768247107358907
adaptation_fold,500,0,PC1,head_error_delta,pearson,none,,669,1,-0.05799684668260672
adaptation_fold,500,0,PC1,head_error_delta,pearson,fold_potency_charge,fold;y_true;prepared_formal_charge,669,7,0.1844098540976301
adaptation_fold,500,0,PC1,head_error_delta,pearson,fold_potency_charge_MW,fold;y_true;prepared_formal_charge;MW,669,8,0.2121139837428689
adaptation_fold,500,0,PC1,head_error_delta,spearman,none,,669,1,-0.0028462050532493672
adaptation_fold,500,0,PC1,head_error_delta,spearman,fold_potency_charge,fold;y_true;prepared_formal_charge,669,7,0.28541042366808844
adaptation_fold,500,0,PC1,head_error_delta,spearman,fold_potency_charge_MW,fold;y_true;prepared_formal_charge;MW,669,8,0.2938986274338282
adaptation_fold,500,0,PC1,lora_total_signed_change,pearson,none,,669,1,-0.671684752839488
adaptation_fold,500,0,PC1,lora_total_signed_change,pearson,fold_potency_charge,fold;y_true;prepared_formal_charge,669,7,-0.6042980467543696
adaptation_fold,500,0,PC1,lora_total_signed_change,pearson,fold_potency_charge_MW,fold;y_true;prepared_formal_charge;MW,669,8,-0.562187190579443
adaptation_fold,500,0,PC1,lora_total_signed_change,spearman,none,,669,1,-0.3283170891334258
adaptation_fold,500,0,PC1,lora_total_signed_change,spearman,fold_potency_charge,fold;y_true;prepared_formal_charge,669,7,-0.14468208424931722
adaptation_fold,500,0,PC1,lora_total_signed_change,spearman,fold_potency_charge_MW,fold;y_true;prepared_formal_charge;MW,669,8,-0.13064695014839137
adaptation_fold,500,0,PC1,lora_total_magnitude,pearson,none,,669,1,0.6746479618805129
adaptation_fold,500,0,PC1,lora_total_magnitude,pearson,fold_potency_charge,fold;y_true;prepared_formal_charge,669,7,0.6082832007244995
adaptation_fold,500,0,PC1,lora_total_magnitude,pearson,fold_potency_charge_MW,fold;y_true;prepared_formal_charge;MW,669,8,0.5664727442797294
adaptation_fold,500,0,PC1,lora_total_magnitude,spearman,none,,669,1,0.32756919732584894
adaptation_fold,500,0,PC1,lora_total_magnitude,spearman,fold_potency_charge,fold;y_true;prepared_formal_charge,669,7,0.14378384813609102
adaptation_fold,500,0,PC1,lora_total_magnitude,spearman,fold_potency_charge_MW,fold;y_true;prepared_formal_charge;MW,669,8,0.1297392377136069
adaptation_fold,500,0,PC1,lora_total_error_delta,pearson,none,,669,1,-0.13080236331707026
adaptation_fold,500,0,PC1,lora_total_error_delta,pearson,fold_potency_charge,fold;y_true;prepared_formal_charge,669,7,0.13179584641956704
adaptation_fold,500,0,PC1,lora_total_error_delta,pearson,fold_potency_charge_MW,fold;y_true;prepared_formal_charge;MW,669,8,0.16336806149710056
adaptation_fold,500,0,PC1,lora_total_error_delta,spearman,none,,669,1,-0.07896448585995135
adaptation_fold,500,0,PC1,lora_total_error_delta,spearman,fold_potency_charge,fold;y_true;prepared_formal_charge,669,7,0.22602233981137743
adaptation_fold,500,0,PC1,lora_total_error_delta,spearman,fold_potency_charge_MW,fold;y_true;prepared_formal_charge;MW,669,8,0.22959063798650517
adaptation_fold,500,0,PC1,lora_increment_signed_change,pearson,none,,669,1,-0.449448120760523
adaptation_fold,500,0,PC1,lora_increment_signed_change,pearson,fold_potency_charge,fold;y_true;prepared_formal_charge,669,7,-0.2854908328046099
adaptation_fold,500,0,PC1,lora_increment_signed_change,pearson,fold_potency_charge_MW,fold;y_true;prepared_formal_charge;MW,669,8,-0.2504022021935426
adaptation_fold,500,0,PC1,lora_increment_signed_change,spearman,none,,669,1,-0.565880713299464
adaptation_fold,500,0,PC1,lora_increment_signed_change,spearman,fold_potency_charge,fold;y_true;prepared_formal_charge,669,7,-0.44633838238802204
adaptation_fold,500,0,PC1,lora_increment_signed_change,spearman,fold_potency_charge_MW,fold;y_true;prepared_formal_charge;MW,669,8,-0.4422475139991468
adaptation_fold,500,0,PC1,lora_increment_magnitude,pearson,none,,669,1,0.4523389487211617
adaptation_fold,500,0,PC1,lora_increment_magnitude,pearson,fold_potency_charge,fold;y_true;prepared_formal_charge,669,7,0.32574576454644644
adaptation_fold,500,0,PC1,lora_increment_magnitude,pearson,fold_potency_charge_MW,fold;y_true;prepared_formal_charge;MW,669,8,0.274253683875738
adaptation_fold,500,0,PC1,lora_increment_magnitude,spearman,none,,669,1,0.37581772488389925
adaptation_fold,500,0,PC1,lora_increment_magnitude,spearman,fold_potency_charge,fold;y_true;prepared_formal_charge,669,7,0.24512071934053264
adaptation_fold,500,0,PC1,lora_increment_magnitude,spearman,fold_potency_charge_MW,fold;y_true;prepared_formal_charge;MW,669,8,0.23964879218132867
adaptation_fold,500,0,PC1,lora_increment_error_delta,pearson,none,,669,1,-0.22465573674265593
adaptation_fold,500,0,PC1,lora_increment_error_delta,pearson,fold_potency_charge,fold;y_true;prepared_formal_charge,669,7,-0.08022277623314093
adaptation_fold,500,0,PC1,lora_increment_error_delta,pearson,fold_potency_charge_MW,fold;y_true;prepared_formal_charge;MW,669,8,-0.06617255995104031
adaptation_fold,500,0,PC1,lora_increment_error_delta,spearman,none,,669,1,-0.2282494801734074
adaptation_fold,500,0,PC1,lora_increment_error_delta,spearman,fold_potency_charge,fold;y_true;prepared_formal_charge,669,7,-0.12145102580496316
adaptation_fold,500,0,PC1,lora_increment_error_delta,spearman,fold_potency_charge_MW,fold;y_true;prepared_formal_charge;MW,669,8,-0.12177726475176018
adaptation_fold,500,0,PC2,head_signed_change,pearson,none,,669,1,-0.5241744849602086
adaptation_fold,500,0,PC2,head_signed_change,pearson,fold_potency_charge,fold;y_true;prepared_formal_charge,669,7,-0.6145553480491733
adaptation_fold,500,0,PC2,head_signed_change,pearson,fold_potency_charge_MW,fold;y_true;prepared_formal_charge;MW,669,8,-0.6138654569495009
adaptation_fold,500,0,PC2,head_signed_change,spearman,none,,669,1,-0.057709305303455055
adaptation_fold,500,0,PC2,head_signed_change,spearman,fold_potency_charge,fold;y_true;prepared_formal_charge,669,7,-0.1543727321867339
adaptation_fold,500,0,PC2,head_signed_change,spearman,fold_potency_charge_MW,fold;y_true;prepared_formal_charge;MW,669,8,-0.16769808666921782
adaptation_fold,500,0,PC2,head_magnitude,pearson,none,,669,1,0.5241744849602086
adaptation_fold,500,0,PC2,head_magnitude,pearson,fold_potency_charge,fold;y_true;prepared_formal_charge,669,7,0.6145553480491733
adaptation_fold,500,0,PC2,head_magnitude,pearson,fold_potency_charge_MW,fold;y_true;prepared_formal_charge;MW,669,8,0.6138654569495009
adaptation_fold,500,0,PC2,head_magnitude,spearman,none,,669,1,0.057709305303455055
adaptation_fold,500,0,PC2,head_magnitude,spearman,fold_potency_charge,fold;y_true;prepared_formal_charge,669,7,0.15437273218673384
adaptation_fold,500,0,PC2,head_magnitude,spearman,fold_potency_charge_MW,fold;y_true;prepared_formal_charge;MW,669,8,0.16769808666921784
adaptation_fold,500,0,PC2,head_error_delta,pearson,none,,669,1,0.061934933745132065
adaptation_fold,500,0,PC2,head_error_delta,pearson,fold_potency_charge,fold;y_true;prepared_formal_charge,669,7,0.031686410594543225
adaptation_fold,500,0,PC2,head_error_delta,pearson,fold_potency_charge_MW,fold;y_true;prepared_formal_charge;MW,669,8,0.03890213545311555
adaptation_fold,500,0,PC2,head_error_delta,spearman,none,,669,1,-0.07865536579608334
adaptation_fold,500,0,PC2,head_error_delta,spearman,fold_potency_charge,fold;y_true;prepared_formal_charge,669,7,-0.3305488460478716
adaptation_fold,500,0,PC2,head_error_delta,spearman,fold_potency_charge_MW,fold;y_true;prepared_formal_charge;MW,669,8,-0.3340862113082138
adaptation_fold,500,0,PC2,lora_total_signed_change,pearson,none,,669,1,-0.22582012200423823
adaptation_fold,500,0,PC2,lora_total_signed_change,pearson,fold_potency_charge,fold;y_true;prepared_formal_charge,669,7,-0.3829905537790238
adaptation_fold,500,0,PC2,lora_total_signed_change,pearson,fold_potency_charge_MW,fold;y_true;prepared_formal_charge;MW,669,8,-0.3704226514316702
adaptation_fold,500,0,PC2,lora_total_signed_change,spearman,none,,669,1,0.2334055268086409
adaptation_fold,500,0,PC2,lora_total_signed_change,spearman,fold_potency_charge,fold;y_true;prepared_formal_charge,669,7,0.076076344853449
adaptation_fold,500,0,PC2,lora_total_signed_change,spearman,fold_potency_charge_MW,fold;y_true;prepared_formal_charge;MW,669,8,0.07225912005565785
adaptation_fold,500,0,PC2,lora_total_magnitude,pearson,none,,669,1,0.23031678777432574
adaptation_fold,500,0,PC2,lora_total_magnitude,pearson,fold_potency_charge,fold;y_true;prepared_formal_charge,669,7,0.3881283975688779
adaptation_fold,500,0,PC2,lora_total_magnitude,pearson,fold_potency_charge_MW,fold;y_true;prepared_formal_charge;MW,669,8,0.37596802639422716
adaptation_fold,500,0,PC2,lora_total_magnitude,spearman,none,,669,1,-0.23270576843769125
adaptation_fold,500,0,PC2,lora_total_magnitude,spearman,fold_potency_charge,fold;y_true;prepared_formal_charge,669,7,-0.07523803438014667
adaptation_fold,500,0,PC2,lora_total_magnitude,spearman,fold_potency_charge_MW,fold;y_true;prepared_formal_charge;MW,669,8,-0.0713972345332007
adaptation_fold,500,0,PC2,lora_total_error_delta,pearson,none,,669,1,0.11052720154771364
adaptation_fold,500,0,PC2,lora_total_error_delta,pearson,fold_potency_charge,fold;y_true;prepared_formal_charge,669,7,0.09082043642794546
adaptation_fold,500,0,PC2,lora_total_error_delta,pearson,fold_potency_charge_MW,fold;y_true;prepared_formal_charge;MW,669,8,0.10085109246190482
adaptation_fold,500,0,PC2,lora_total_error_delta,spearman,none,,669,1,0.0045484694889719925
adaptation_fold,500,0,PC2,lora_total_error_delta,spearman,fold_potency_charge,fold;y_true;prepared_formal_charge,669,7,-0.26009019313609677
adaptation_fold,500,0,PC2,lora_total_error_delta,spearman,fold_potency_charge_MW,fold;y_true;prepared_formal_charge;MW,669,8,-0.2612606588655462
adaptation_fold,500,0,PC2,lora_increment_signed_change,pearson,none,,669,1,0.38299707780368597
adaptation_fold,500,0,PC2,lora_increment_signed_change,pearson,fold_potency_charge,fold;y_true;prepared_formal_charge,669,7,0.35562778220757096
adaptation_fold,500,0,PC2,lora_increment_signed_change,pearson,fold_potency_charge_MW,fold;y_true;prepared_formal_charge;MW,669,8,0.3819845231420614
adaptation_fold,500,0,PC2,lora_increment_signed_change,spearman,none,,669,1,0.5432399027315815
adaptation_fold,500,0,PC2,lora_increment_signed_change,spearman,fold_potency_charge,fold;y_true;prepared_formal_charge,669,7,0.45831197979545163
adaptation_fold,500,0,PC2,lora_increment_signed_change,spearman,fold_potency_charge_MW,fold;y_true;prepared_formal_charge;MW,669,8,0.45833245912772164
adaptation_fold,500,0,PC2,lora_increment_magnitude,pearson,none,,669,1,-0.24018353595216504
adaptation_fold,500,0,PC2,lora_increment_magnitude,pearson,fold_potency_charge,fold;y_true;prepared_formal_charge,669,7,-0.16367124695762042
adaptation_fold,500,0,PC2,lora_increment_magnitude,pearson,fold_potency_charge_MW,fold;y_true;prepared_formal_charge;MW,669,8,-0.1978013634190565
adaptation_fold,500,0,PC2,lora_increment_magnitude,spearman,none,,669,1,-0.3374695626644355
adaptation_fold,500,0,PC2,lora_increment_magnitude,spearman,fold_potency_charge,fold;y_true;prepared_formal_charge,669,7,-0.21659644380607176
adaptation_fold,500,0,PC2,lora_increment_magnitude,spearman,fold_potency_charge_MW,fold;y_true;prepared_formal_charge;MW,669,8,-0.21528714920713843
adaptation_fold,500,0,PC2,lora_increment_error_delta,pearson,none,,669,1,0.1605930413103035
adaptation_fold,500,0,PC2,lora_increment_error_delta,pearson,fold_potency_charge,fold;y_true;prepared_formal_charge,669,7,0.14046442146360805
adaptation_fold,500,0,PC2,lora_increment_error_delta,pearson,fold_potency_charge_MW,fold;y_true;prepared_formal_charge;MW,669,8,0.14796581476084356
adaptation_fold,500,0,PC2,lora_increment_error_delta,spearman,none,,669,1,0.2038880094428105
adaptation_fold,500,0,PC2,lora_increment_error_delta,spearman,fold_potency_charge,fold;y_true;prepared_formal_charge,669,7,0.12786402411287812
adaptation_fold,500,0,PC2,lora_increment_error_delta,spearman,fold_potency_charge_MW,fold;y_true;prepared_formal_charge;MW,669,8,0.127898041684237
adaptation_fold,500,1,norm_l2,head_signed_change,pearson,none,,669,1,-0.8662114204894138
adaptation_fold,500,1,norm_l2,head_signed_change,pearson,fold_potency_charge,fold;y_true;prepared_formal_charge,669,5,-0.864710826202048
adaptation_fold,500,1,norm_l2,head_signed_change,pearson,fold_potency_charge_MW,fold;y_true;prepared_formal_charge;MW,669,6,-0.8604598799430303
adaptation_fold,500,1,norm_l2,head_signed_change,spearman,none,,669,1,-0.430059631757167
adaptation_fold,500,1,norm_l2,head_signed_change,spearman,fold_potency_charge,fold;y_true;prepared_formal_charge,669,5,-0.38857400729212105
adaptation_fold,500,1,norm_l2,head_signed_change,spearman,fold_potency_charge_MW,fold;y_true;prepared_formal_charge;MW,669,6,-0.37468856430224956
adaptation_fold,500,1,norm_l2,head_magnitude,pearson,none,,669,1,0.8662114204894138
adaptation_fold,500,1,norm_l2,head_magnitude,pearson,fold_potency_charge,fold;y_true;prepared_formal_charge,669,5,0.864710826202048
adaptation_fold,500,1,norm_l2,head_magnitude,pearson,fold_potency_charge_MW,fold;y_true;prepared_formal_charge;MW,669,6,0.8604598799430303
adaptation_fold,500,1,norm_l2,head_magnitude,spearman,none,,669,1,0.430059631757167
adaptation_fold,500,1,norm_l2,head_magnitude,spearman,fold_potency_charge,fold;y_true;prepared_formal_charge,669,5,0.3885740072921213
adaptation_fold,500,1,norm_l2,head_magnitude,spearman,fold_potency_charge_MW,fold;y_true;prepared_formal_charge;MW,669,6,0.37468856430224956
adaptation_fold,500,1,norm_l2,head_error_delta,pearson,none,,669,1,-0.408641275793003
adaptation_fold,500,1,norm_l2,head_error_delta,pearson,fold_potency_charge,fold;y_true;prepared_formal_charge,669,5,-0.2958904245508671
adaptation_fold,500,1,norm_l2,head_error_delta,pearson,fold_potency_charge_MW,fold;y_true;prepared_formal_charge;MW,669,6,-0.2845100771185136
adaptation_fold,500,1,norm_l2,head_error_delta,spearman,none,,669,1,-0.3214525637166868
adaptation_fold,500,1,norm_l2,head_error_delta,spearman,fold_potency_charge,fold;y_true;prepared_formal_charge,669,5,-0.07332262691564291
adaptation_fold,500,1,norm_l2,head_error_delta,spearman,fold_potency_charge_MW,fold;y_true;prepared_formal_charge;MW,669,6,-0.07105656235930229
adaptation_fold,500,1,norm_l2,lora_total_signed_change,pearson,none,,669,1,-0.8626800351613423
adaptation_fold,500,1,norm_l2,lora_total_signed_change,pearson,fold_potency_charge,fold;y_true;prepared_formal_charge,669,5,-0.8533490582873624
adaptation_fold,500,1,norm_l2,lora_total_signed_change,pearson,fold_potency_charge_MW,fold;y_true;prepared_formal_charge;MW,669,6,-0.8408097905465418
adaptation_fold,500,1,norm_l2,lora_total_signed_change,spearman,none,,669,1,-0.6725890298246957
adaptation_fold,500,1,norm_l2,lora_total_signed_change,spearman,fold_potency_charge,fold;y_true;prepared_formal_charge,669,5,-0.5783646432931947
adaptation_fold,500,1,norm_l2,lora_total_signed_change,spearman,fold_potency_charge_MW,fold;y_true;prepared_formal_charge;MW,669,6,-0.569081655169124
adaptation_fold,500,1,norm_l2,lora_total_magnitude,pearson,none,,669,1,0.8677656768692211
adaptation_fold,500,1,norm_l2,lora_total_magnitude,pearson,fold_potency_charge,fold;y_true;prepared_formal_charge,669,5,0.8590111485362255
adaptation_fold,500,1,norm_l2,lora_total_magnitude,pearson,fold_potency_charge_MW,fold;y_true;prepared_formal_charge;MW,669,6,0.8470496889771654
adaptation_fold,500,1,norm_l2,lora_total_magnitude,spearman,none,,669,1,0.6693777561001415
adaptation_fold,500,1,norm_l2,lora_total_magnitude,spearman,fold_potency_charge,fold;y_true;prepared_formal_charge,669,5,0.574097232755467
adaptation_fold,500,1,norm_l2,lora_total_magnitude,spearman,fold_potency_charge_MW,fold;y_true;prepared_formal_charge;MW,669,6,0.5647287564249263
adaptation_fold,500,1,norm_l2,lora_total_error_delta,pearson,none,,669,1,-0.41027797634972296
adaptation_fold,500,1,norm_l2,lora_total_error_delta,pearson,fold_potency_charge,fold;y_true;prepared_formal_charge,669,5,-0.28869892047071755
adaptation_fold,500,1,norm_l2,lora_total_error_delta,pearson,fold_potency_charge_MW,fold;y_true;prepared_formal_charge;MW,669,6,-0.2610712108235238
adaptation_fold,500,1,norm_l2,lora_total_error_delta,spearman,none,,669,1,-0.3494478281239542
adaptation_fold,500,1,norm_l2,lora_total_error_delta,spearman,fold_potency_charge,fold;y_true;prepared_formal_charge,669,5,-0.08352670090487191
adaptation_fold,500,1,norm_l2,lora_total_error_delta,spearman,fold_potency_charge_MW,fold;y_true;prepared_formal_charge;MW,669,6,-0.08118664386921448
adaptation_fold,500,1,norm_l2,lora_increment_signed_change,pearson,none,,669,1,-0.23271047456187713
adaptation_fold,500,1,norm_l2,lora_increment_signed_change,pearson,fold_potency_charge,fold;y_true;prepared_formal_charge,669,5,-0.012653077122275144
adaptation_fold,500,1,norm_l2,lora_increment_signed_change,pearson,fold_potency_charge_MW,fold;y_true;prepared_formal_charge;MW,669,6,0.05328679236739136
adaptation_fold,500,1,norm_l2,lora_increment_signed_change,spearman,none,,669,1,-0.5082458468378818
adaptation_fold,500,1,norm_l2,lora_increment_signed_change,spearman,fold_potency_charge,fold;y_true;prepared_formal_charge,669,5,-0.3429049623028072
adaptation_fold,500,1,norm_l2,lora_increment_signed_change,spearman,fold_potency_charge_MW,fold;y_true;prepared_formal_charge;MW,669,6,-0.3277613012461567
adaptation_fold,500,1,norm_l2,lora_increment_magnitude,pearson,none,,669,1,0.28345309749502967
adaptation_fold,500,1,norm_l2,lora_increment_magnitude,pearson,fold_potency_charge,fold;y_true;prepared_formal_charge,669,5,0.13955945068039546
adaptation_fold,500,1,norm_l2,lora_increment_magnitude,pearson,fold_potency_charge_MW,fold;y_true;prepared_formal_charge;MW,669,6,0.08644876270802618
adaptation_fold,500,1,norm_l2,lora_increment_magnitude,spearman,none,,669,1,0.40715845599477707
adaptation_fold,500,1,norm_l2,lora_increment_magnitude,spearman,fold_potency_charge,fold;y_true;prepared_formal_charge,669,5,0.29145109766506455
adaptation_fold,500,1,norm_l2,lora_increment_magnitude,spearman,fold_potency_charge_MW,fold;y_true;prepared_formal_charge;MW,669,6,0.28020682292217636
adaptation_fold,500,1,norm_l2,lora_increment_error_delta,pearson,none,,669,1,-0.17309832063661412
adaptation_fold,500,1,norm_l2,lora_increment_error_delta,pearson,fold_potency_charge,fold;y_true;prepared_formal_charge,669,5,-0.03984720905453499
adaptation_fold,500,1,norm_l2,lora_increment_error_delta,pearson,fold_potency_charge_MW,fold;y_true;prepared_formal_charge;MW,669,6,-0.004323060384655652
adaptation_fold,500,1,norm_l2,lora_increment_error_delta,spearman,none,,669,1,-0.22889485068414808
adaptation_fold,500,1,norm_l2,lora_increment_error_delta,spearman,fold_potency_charge,fold;y_true;prepared_formal_charge,669,5,-0.10204717270632765
adaptation_fold,500,1,norm_l2,lora_increment_error_delta,spearman,fold_potency_charge_MW,fold;y_true;prepared_formal_charge;MW,669,6,-0.09477290491322274
adaptation_fold,500,1,PC1,head_signed_change,pearson,none,,669,1,-0.6132145926496333
adaptation_fold,500,1,PC1,head_signed_change,pearson,fold_potency_charge,fold;y_true;prepared_formal_charge,669,5,-0.5945334718053652
adaptation_fold,500,1,PC1,head_signed_change,pearson,fold_potency_charge_MW,fold;y_true;prepared_formal_charge;MW,669,6,-0.5736131632156866
adaptation_fold,500,1,PC1,head_signed_change,spearman,none,,669,1,0.0005227347326630455
adaptation_fold,500,1,PC1,head_signed_change,spearman,fold_potency_charge,fold;y_true;prepared_formal_charge,669,5,0.1163540655032594
adaptation_fold,500,1,PC1,head_signed_change,spearman,fold_potency_charge_MW,fold;y_true;prepared_formal_charge;MW,669,6,0.1406959632068056
adaptation_fold,500,1,PC1,head_magnitude,pearson,none,,669,1,0.6132145926496333
adaptation_fold,500,1,PC1,head_magnitude,pearson,fold_potency_charge,fold;y_true;prepared_formal_charge,669,5,0.5945334718053652
adaptation_fold,500,1,PC1,head_magnitude,pearson,fold_potency_charge_MW,fold;y_true;prepared_formal_charge;MW,669,6,0.5736131632156866
adaptation_fold,500,1,PC1,head_magnitude,spearman,none,,669,1,-0.0005227347326630455
adaptation_fold,500,1,PC1,head_magnitude,spearman,fold_potency_charge,fold;y_true;prepared_formal_charge,669,5,-0.1163540655032594
adaptation_fold,500,1,PC1,head_magnitude,spearman,fold_potency_charge_MW,fold;y_true;prepared_formal_charge;MW,669,6,-0.14069596320680558
adaptation_fold,500,1,PC1,head_error_delta,pearson,none,,669,1,-0.39593809716960543
adaptation_fold,500,1,PC1,head_error_delta,pearson,fold_potency_charge,fold;y_true;prepared_formal_charge,669,5,-0.22711798247059473
adaptation_fold,500,1,PC1,head_error_delta,pearson,fold_potency_charge_MW,fold;y_true;prepared_formal_charge;MW,669,6,-0.2121540811185472
adaptation_fold,500,1,PC1,head_error_delta,spearman,none,,669,1,-0.2029323723211498
adaptation_fold,500,1,PC1,head_error_delta,spearman,fold_potency_charge,fold;y_true;prepared_formal_charge,669,5,0.1536409789391677
adaptation_fold,500,1,PC1,head_error_delta,spearman,fold_potency_charge_MW,fold;y_true;prepared_formal_charge;MW,669,6,0.1572629453035929
adaptation_fold,500,1,PC1,lora_total_signed_change,pearson,none,,669,1,-0.7440533948854442
adaptation_fold,500,1,PC1,lora_total_signed_change,pearson,fold_potency_charge,fold;y_true;prepared_formal_charge,669,5,-0.6682469731539988
adaptation_fold,500,1,PC1,lora_total_signed_change,pearson,fold_potency_charge_MW,fold;y_true;prepared_formal_charge;MW,669,6,-0.636542780418122
adaptation_fold,500,1,PC1,lora_total_signed_change,spearman,none,,669,1,-0.4004882277477038
adaptation_fold,500,1,PC1,lora_total_signed_change,spearman,fold_potency_charge,fold;y_true;prepared_formal_charge,669,5,-0.15123595430573966
adaptation_fold,500,1,PC1,lora_total_signed_change,spearman,fold_potency_charge_MW,fold;y_true;prepared_formal_charge;MW,669,6,-0.1313579083282269
adaptation_fold,500,1,PC1,lora_total_magnitude,pearson,none,,669,1,0.7491554221120353
adaptation_fold,500,1,PC1,lora_total_magnitude,pearson,fold_potency_charge,fold;y_true;prepared_formal_charge,669,5,0.6752812787197288
adaptation_fold,500,1,PC1,lora_total_magnitude,pearson,fold_potency_charge_MW,fold;y_true;prepared_formal_charge;MW,669,6,0.644616714349596
adaptation_fold,500,1,PC1,lora_total_magnitude,spearman,none,,669,1,0.4006451724086797
adaptation_fold,500,1,PC1,lora_total_magnitude,spearman,fold_potency_charge,fold;y_true;prepared_formal_charge,669,5,0.15285310270899363
adaptation_fold,500,1,PC1,lora_total_magnitude,spearman,fold_potency_charge_MW,fold;y_true;prepared_formal_charge;MW,669,6,0.13349198246086075
adaptation_fold,500,1,PC1,lora_total_error_delta,pearson,none,,669,1,-0.43094609650257326
adaptation_fold,500,1,PC1,lora_total_error_delta,pearson,fold_potency_charge,fold;y_true;prepared_formal_charge,669,5,-0.2526271439990898
adaptation_fold,500,1,PC1,lora_total_error_delta,pearson,fold_potency_charge_MW,fold;y_true;prepared_formal_charge;MW,669,6,-0.22087714810862763
adaptation_fold,500,1,PC1,lora_total_error_delta,spearman,none,,669,1,-0.2564558721389962
adaptation_fold,500,1,PC1,lora_total_error_delta,spearman,fold_potency_charge,fold;y_true;prepared_formal_charge,669,5,0.12395047990174532
adaptation_fold,500,1,PC1,lora_total_error_delta,spearman,fold_potency_charge_MW,fold;y_true;prepared_formal_charge;MW,669,6,0.12752054985965308
adaptation_fold,500,1,PC1,lora_increment_signed_change,pearson,none,,669,1,-0.42242547549071363
adaptation_fold,500,1,PC1,lora_increment_signed_change,pearson,fold_potency_charge,fold;y_true;prepared_formal_charge,669,5,-0.18937211070257598
adaptation_fold,500,1,PC1,lora_increment_signed_change,pearson,fold_potency_charge_MW,fold;y_true;prepared_formal_charge;MW,669,6,-0.13006326190477863
adaptation_fold,500,1,PC1,lora_increment_signed_change,spearman,none,,669,1,-0.6508192904065371
adaptation_fold,500,1,PC1,lora_increment_signed_change,spearman,fold_potency_charge,fold;y_true;prepared_formal_charge,669,5,-0.5020634234705528
adaptation_fold,500,1,PC1,lora_increment_signed_change,spearman,fold_potency_charge_MW,fold;y_true;prepared_formal_charge;MW,669,6,-0.4926845162828071
adaptation_fold,500,1,PC1,lora_increment_magnitude,pearson,none,,669,1,0.3734510550485786
adaptation_fold,500,1,PC1,lora_increment_magnitude,pearson,fold_potency_charge,fold;y_true;prepared_formal_charge,669,5,0.1880497787734245
adaptation_fold,500,1,PC1,lora_increment_magnitude,pearson,fold_potency_charge_MW,fold;y_true;prepared_formal_charge;MW,669,6,0.13315304192015653
adaptation_fold,500,1,PC1,lora_increment_magnitude,spearman,none,,669,1,0.3616968058394956
adaptation_fold,500,1,PC1,lora_increment_magnitude,spearman,fold_potency_charge,fold;y_true;prepared_formal_charge,669,5,0.20212777892812828
adaptation_fold,500,1,PC1,lora_increment_magnitude,spearman,fold_potency_charge_MW,fold;y_true;prepared_formal_charge;MW,669,6,0.19073783143767067
adaptation_fold,500,1,PC1,lora_increment_error_delta,pearson,none,,669,1,-0.24482405860102643
adaptation_fold,500,1,PC1,lora_increment_error_delta,pearson,fold_potency_charge,fold;y_true;prepared_formal_charge,669,5,-0.08781992851097768
adaptation_fold,500,1,PC1,lora_increment_error_delta,pearson,fold_potency_charge_MW,fold;y_true;prepared_formal_charge;MW,669,6,-0.051436860266208494
adaptation_fold,500,1,PC1,lora_increment_error_delta,spearman,none,,669,1,-0.2574789381146682
adaptation_fold,500,1,PC1,lora_increment_error_delta,spearman,fold_potency_charge,fold;y_true;prepared_formal_charge,669,5,-0.11967333035031553
adaptation_fold,500,1,PC1,lora_increment_error_delta,spearman,fold_potency_charge_MW,fold;y_true;prepared_formal_charge;MW,669,6,-0.11322432801470006
adaptation_fold,500,1,PC2,head_signed_change,pearson,none,,669,1,-0.672561470565456
adaptation_fold,500,1,PC2,head_signed_change,pearson,fold_potency_charge,fold;y_true;prepared_formal_charge,669,5,-0.7491885075582805
adaptation_fold,500,1,PC2,head_signed_change,pearson,fold_potency_charge_MW,fold;y_true;prepared_formal_charge;MW,669,6,-0.7579063773038583
adaptation_fold,500,1,PC2,head_signed_change,spearman,none,,669,1,-0.10264757948128908
adaptation_fold,500,1,PC2,head_signed_change,spearman,fold_potency_charge,fold;y_true;prepared_formal_charge,669,5,-0.21089618829558143
adaptation_fold,500,1,PC2,head_signed_change,spearman,fold_potency_charge_MW,fold;y_true;prepared_formal_charge;MW,669,6,-0.229192489685663
adaptation_fold,500,1,PC2,head_magnitude,pearson,none,,669,1,0.672561470565456
adaptation_fold,500,1,PC2,head_magnitude,pearson,fold_potency_charge,fold;y_true;prepared_formal_charge,669,5,0.7491885075582805
adaptation_fold,500,1,PC2,head_magnitude,pearson,fold_potency_charge_MW,fold;y_true;prepared_formal_charge;MW,669,6,0.7579063773038583
adaptation_fold,500,1,PC2,head_magnitude,spearman,none,,669,1,0.10264757948128908
adaptation_fold,500,1,PC2,head_magnitude,spearman,fold_potency_charge,fold;y_true;prepared_formal_charge,669,5,0.21089618829558143
adaptation_fold,500,1,PC2,head_magnitude,spearman,fold_potency_charge_MW,fold;y_true;prepared_formal_charge;MW,669,6,0.22919248968566297
adaptation_fold,500,1,PC2,head_error_delta,pearson,none,,669,1,-0.11571303385492747
adaptation_fold,500,1,PC2,head_error_delta,pearson,fold_potency_charge,fold;y_true;prepared_formal_charge,669,5,-0.29661429317175225
adaptation_fold,500,1,PC2,head_error_delta,pearson,fold_potency_charge_MW,fold;y_true;prepared_formal_charge;MW,669,6,-0.2953068395922257
adaptation_fold,500,1,PC2,head_error_delta,spearman,none,,669,1,0.12489296221825809
adaptation_fold,500,1,PC2,head_error_delta,spearman,fold_potency_charge,fold;y_true;prepared_formal_charge,669,5,-0.21946784648294843
adaptation_fold,500,1,PC2,head_error_delta,spearman,fold_potency_charge_MW,fold;y_true;prepared_formal_charge;MW,669,6,-0.22180731933070166
adaptation_fold,500,1,PC2,lora_total_signed_change,pearson,none,,669,1,-0.3211010085817979
adaptation_fold,500,1,PC2,lora_total_signed_change,pearson,fold_potency_charge,fold;y_true;prepared_formal_charge,669,5,-0.5165167422286157
adaptation_fold,500,1,PC2,lora_total_signed_change,pearson,fold_potency_charge_MW,fold;y_true;prepared_formal_charge;MW,669,6,-0.5311406211138483
adaptation_fold,500,1,PC2,lora_total_signed_change,spearman,none,,669,1,0.33647091734474965
adaptation_fold,500,1,PC2,lora_total_signed_change,spearman,fold_potency_charge,fold;y_true;prepared_formal_charge,669,5,0.11046181605094037
adaptation_fold,500,1,PC2,lora_total_signed_change,spearman,fold_potency_charge_MW,fold;y_true;prepared_formal_charge;MW,669,6,0.09747265821934842
adaptation_fold,500,1,PC2,lora_total_magnitude,pearson,none,,669,1,0.32569053566435435
adaptation_fold,500,1,PC2,lora_total_magnitude,pearson,fold_potency_charge,fold;y_true;prepared_formal_charge,669,5,0.5197330961151184
adaptation_fold,500,1,PC2,lora_total_magnitude,pearson,fold_potency_charge_MW,fold;y_true;prepared_formal_charge;MW,669,6,0.5340996348460945
adaptation_fold,500,1,PC2,lora_total_magnitude,spearman,none,,669,1,-0.33684568484341804
adaptation_fold,500,1,PC2,lora_total_magnitude,spearman,fold_potency_charge,fold;y_true;prepared_formal_charge,669,5,-0.11226951078403333
adaptation_fold,500,1,PC2,lora_total_magnitude,spearman,fold_potency_charge_MW,fold;y_true;prepared_formal_charge;MW,669,6,-0.09961661638523761
adaptation_fold,500,1,PC2,lora_total_error_delta,pearson,none,,669,1,-0.0162462523118792
adaptation_fold,500,1,PC2,lora_total_error_delta,pearson,fold_potency_charge,fold;y_true;prepared_formal_charge,669,5,-0.2083021412876567
adaptation_fold,500,1,PC2,lora_total_error_delta,pearson,fold_potency_charge_MW,fold;y_true;prepared_formal_charge;MW,669,6,-0.2063011574541033
adaptation_fold,500,1,PC2,lora_total_error_delta,spearman,none,,669,1,0.18820117612309012
adaptation_fold,500,1,PC2,lora_total_error_delta,spearman,fold_potency_charge,fold;y_true;prepared_formal_charge,669,5,-0.1744178672052725
adaptation_fold,500,1,PC2,lora_total_error_delta,spearman,fold_potency_charge_MW,fold;y_true;prepared_formal_charge;MW,669,6,-0.17672127265433488
adaptation_fold,500,1,PC2,lora_increment_signed_change,pearson,none,,669,1,0.4932291386225751
adaptation_fold,500,1,PC2,lora_increment_signed_change,pearson,fold_potency_charge,fold;y_true;prepared_formal_charge,669,5,0.4828577939504892
adaptation_fold,500,1,PC2,lora_increment_signed_change,pearson,fold_potency_charge_MW,fold;y_true;prepared_formal_charge;MW,669,6,0.5031203514293382
adaptation_fold,500,1,PC2,lora_increment_signed_change,spearman,none,,669,1,0.6615144117761399
adaptation_fold,500,1,PC2,lora_increment_signed_change,spearman,fold_potency_charge,fold;y_true;prepared_formal_charge,669,5,0.5577774827573523
adaptation_fold,500,1,PC2,lora_increment_signed_change,spearman,fold_potency_charge_MW,fold;y_true;prepared_formal_charge;MW,669,6,0.5552241216198398
adaptation_fold,500,1,PC2,lora_increment_magnitude,pearson,none,,669,1,-0.2638507192135774
adaptation_fold,500,1,PC2,lora_increment_magnitude,pearson,fold_potency_charge,fold;y_true;prepared_formal_charge,669,5,-0.18193791103162751
adaptation_fold,500,1,PC2,lora_increment_magnitude,pearson,fold_potency_charge_MW,fold;y_true;prepared_formal_charge;MW,669,6,-0.19272513334457875
adaptation_fold,500,1,PC2,lora_increment_magnitude,spearman,none,,669,1,-0.3489270572034433
adaptation_fold,500,1,PC2,lora_increment_magnitude,spearman,fold_potency_charge,fold;y_true;prepared_formal_charge,669,5,-0.21131258208029075
adaptation_fold,500,1,PC2,lora_increment_magnitude,spearman,fold_potency_charge_MW,fold;y_true;prepared_formal_charge;MW,669,6,-0.2042603589686095
adaptation_fold,500,1,PC2,lora_increment_error_delta,pearson,none,,669,1,0.18152892445688723
adaptation_fold,500,1,PC2,lora_increment_error_delta,pearson,fold_potency_charge,fold;y_true;prepared_formal_charge,669,5,0.10965225463489933
adaptation_fold,500,1,PC2,lora_increment_error_delta,pearson,fold_potency_charge_MW,fold;y_true;prepared_formal_charge;MW,669,6,0.11452751992118945
adaptation_fold,500,1,PC2,lora_increment_error_delta,spearman,none,,669,1,0.23524786315195056
adaptation_fold,500,1,PC2,lora_increment_error_delta,spearman,fold_potency_charge,fold;y_true;prepared_formal_charge,669,5,0.11298735371368139
adaptation_fold,500,1,PC2,lora_increment_error_delta,spearman,fold_potency_charge_MW,fold;y_true;prepared_formal_charge;MW,669,6,0.10867680169432452
adaptation_fold,500,2,norm_l2,head_signed_change,pearson,none,,669,1,-0.8766697774277038
adaptation_fold,500,2,norm_l2,head_signed_change,pearson,fold_potency_charge,fold;y_true;prepared_formal_charge,669,6,-0.8513935693942826
adaptation_fold,500,2,norm_l2,head_signed_change,pearson,fold_potency_charge_MW,fold;y_true;prepared_formal_charge;MW,669,7,-0.8357803754985672
adaptation_fold,500,2,norm_l2,head_signed_change,spearman,none,,669,1,-0.5119275188188063
adaptation_fold,500,2,norm_l2,head_signed_change,spearman,fold_potency_charge,fold;y_true;prepared_formal_charge,669,6,-0.42807485848328036
adaptation_fold,500,2,norm_l2,head_signed_change,spearman,fold_potency_charge_MW,fold;y_true;prepared_formal_charge;MW,669,7,-0.40137397271155495
adaptation_fold,500,2,norm_l2,head_magnitude,pearson,none,,669,1,0.8766918773201052
adaptation_fold,500,2,norm_l2,head_magnitude,pearson,fold_potency_charge,fold;y_true;prepared_formal_charge,669,6,0.8514237079752767
adaptation_fold,500,2,norm_l2,head_magnitude,pearson,fold_potency_charge_MW,fold;y_true;prepared_formal_charge;MW,669,7,0.8358155967308217
adaptation_fold,500,2,norm_l2,head_magnitude,spearman,none,,669,1,0.5119275188188063
adaptation_fold,500,2,norm_l2,head_magnitude,spearman,fold_potency_charge,fold;y_true;prepared_formal_charge,669,6,0.4280748584832804
adaptation_fold,500,2,norm_l2,head_magnitude,spearman,fold_potency_charge_MW,fold;y_true;prepared_formal_charge;MW,669,7,0.40137397271155495
adaptation_fold,500,2,norm_l2,head_error_delta,pearson,none,,669,1,-0.6707248961063945
adaptation_fold,500,2,norm_l2,head_error_delta,pearson,fold_potency_charge,fold;y_true;prepared_formal_charge,669,6,-0.6024733064057619
adaptation_fold,500,2,norm_l2,head_error_delta,pearson,fold_potency_charge_MW,fold;y_true;prepared_formal_charge;MW,669,7,-0.5683459975828175
adaptation_fold,500,2,norm_l2,head_error_delta,spearman,none,,669,1,-0.3908300431881373
adaptation_fold,500,2,norm_l2,head_error_delta,spearman,fold_potency_charge,fold;y_true;prepared_formal_charge,669,6,-0.07713524861993423
adaptation_fold,500,2,norm_l2,head_error_delta,spearman,fold_potency_charge_MW,fold;y_true;prepared_formal_charge;MW,669,7,-0.05235722933058639
adaptation_fold,500,2,norm_l2,lora_total_signed_change,pearson,none,,669,1,-0.8540365384285863
adaptation_fold,500,2,norm_l2,lora_total_signed_change,pearson,fold_potency_charge,fold;y_true;prepared_formal_charge,669,6,-0.8206343565795026
adaptation_fold,500,2,norm_l2,lora_total_signed_change,pearson,fold_potency_charge_MW,fold;y_true;prepared_formal_charge;MW,669,7,-0.8021313661931805
adaptation_fold,500,2,norm_l2,lora_total_signed_change,spearman,none,,669,1,-0.6051463361191379
adaptation_fold,500,2,norm_l2,lora_total_signed_change,spearman,fold_potency_charge,fold;y_true;prepared_formal_charge,669,6,-0.4455481808943673
adaptation_fold,500,2,norm_l2,lora_total_signed_change,spearman,fold_potency_charge_MW,fold;y_true;prepared_formal_charge;MW,669,7,-0.43502917283477127
adaptation_fold,500,2,norm_l2,lora_total_magnitude,pearson,none,,669,1,0.8632343639493899
adaptation_fold,500,2,norm_l2,lora_total_magnitude,pearson,fold_potency_charge,fold;y_true;prepared_formal_charge,669,6,0.8325464888123002
adaptation_fold,500,2,norm_l2,lora_total_magnitude,pearson,fold_potency_charge_MW,fold;y_true;prepared_formal_charge;MW,669,7,0.814341437883641
adaptation_fold,500,2,norm_l2,lora_total_magnitude,spearman,none,,669,1,0.6008390547815324
adaptation_fold,500,2,norm_l2,lora_total_magnitude,spearman,fold_potency_charge,fold;y_true;prepared_formal_charge,669,6,0.4436084008091032
adaptation_fold,500,2,norm_l2,lora_total_magnitude,spearman,fold_potency_charge_MW,fold;y_true;prepared_formal_charge;MW,669,7,0.43166337727298126
adaptation_fold,500,2,norm_l2,lora_total_error_delta,pearson,none,,669,1,-0.5545968653102152
adaptation_fold,500,2,norm_l2,lora_total_error_delta,pearson,fold_potency_charge,fold;y_true;prepared_formal_charge,669,6,-0.43945270878163906
adaptation_fold,500,2,norm_l2,lora_total_error_delta,pearson,fold_potency_charge_MW,fold;y_true;prepared_formal_charge;MW,669,7,-0.3885493241627947
adaptation_fold,500,2,norm_l2,lora_total_error_delta,spearman,none,,669,1,-0.4079555073103459
adaptation_fold,500,2,norm_l2,lora_total_error_delta,spearman,fold_potency_charge,fold;y_true;prepared_formal_charge,669,6,-0.06603877997357392
adaptation_fold,500,2,norm_l2,lora_total_error_delta,spearman,fold_potency_charge_MW,fold;y_true;prepared_formal_charge;MW,669,7,-0.044784790098397594
adaptation_fold,500,2,norm_l2,lora_increment_signed_change,pearson,none,,669,1,-0.47613961358801415
adaptation_fold,500,2,norm_l2,lora_increment_signed_change,pearson,fold_potency_charge,fold;y_true;prepared_formal_charge,669,6,-0.2975736996434067
adaptation_fold,500,2,norm_l2,lora_increment_signed_change,pearson,fold_potency_charge_MW,fold;y_true;prepared_formal_charge;MW,669,7,-0.2760269623164616
adaptation_fold,500,2,norm_l2,lora_increment_signed_change,spearman,none,,669,1,-0.4697530846879963
adaptation_fold,500,2,norm_l2,lora_increment_signed_change,spearman,fold_potency_charge,fold;y_true;prepared_formal_charge,669,6,-0.23630864632275037
adaptation_fold,500,2,norm_l2,lora_increment_signed_change,spearman,fold_potency_charge_MW,fold;y_true;prepared_formal_charge;MW,669,7,-0.2492267547510379
adaptation_fold,500,2,norm_l2,lora_increment_magnitude,pearson,none,,669,1,0.49355831802987604
adaptation_fold,500,2,norm_l2,lora_increment_magnitude,pearson,fold_potency_charge,fold;y_true;prepared_formal_charge,669,6,0.3750213069381804
adaptation_fold,500,2,norm_l2,lora_increment_magnitude,pearson,fold_potency_charge_MW,fold;y_true;prepared_formal_charge;MW,669,7,0.3369872136677277
adaptation_fold,500,2,norm_l2,lora_increment_magnitude,spearman,none,,669,1,0.32728019631709077
adaptation_fold,500,2,norm_l2,lora_increment_magnitude,spearman,fold_potency_charge,fold;y_true;prepared_formal_charge,669,6,0.1721493617739424
adaptation_fold,500,2,norm_l2,lora_increment_magnitude,spearman,fold_potency_charge_MW,fold;y_true;prepared_formal_charge;MW,669,7,0.15918069090017914
adaptation_fold,500,2,norm_l2,lora_increment_error_delta,pearson,none,,669,1,-0.021782253532335476
adaptation_fold,500,2,norm_l2,lora_increment_error_delta,pearson,fold_potency_charge,fold;y_true;prepared_formal_charge,669,6,0.16426467822845786
adaptation_fold,500,2,norm_l2,lora_increment_error_delta,pearson,fold_potency_charge_MW,fold;y_true;prepared_formal_charge;MW,669,7,0.19820793471669035
adaptation_fold,500,2,norm_l2,lora_increment_error_delta,spearman,none,,669,1,-0.20460614144176675
adaptation_fold,500,2,norm_l2,lora_increment_error_delta,spearman,fold_potency_charge,fold;y_true;prepared_formal_charge,669,6,-0.019268695834367723
adaptation_fold,500,2,norm_l2,lora_increment_error_delta,spearman,fold_potency_charge_MW,fold;y_true;prepared_formal_charge;MW,669,7,-0.007212606369444568
adaptation_fold,500,2,PC1,head_signed_change,pearson,none,,669,1,-0.7665367423372613
adaptation_fold,500,2,PC1,head_signed_change,pearson,fold_potency_charge,fold;y_true;prepared_formal_charge,669,6,-0.7143861373420421
adaptation_fold,500,2,PC1,head_signed_change,pearson,fold_potency_charge_MW,fold;y_true;prepared_formal_charge;MW,669,7,-0.6829159527532603
adaptation_fold,500,2,PC1,head_signed_change,spearman,none,,669,1,-0.1576222579032644
adaptation_fold,500,2,PC1,head_signed_change,spearman,fold_potency_charge,fold;y_true;prepared_formal_charge,669,6,0.0035347320907007387
adaptation_fold,500,2,PC1,head_signed_change,spearman,fold_potency_charge_MW,fold;y_true;prepared_formal_charge;MW,669,7,0.030130426022450092
adaptation_fold,500,2,PC1,head_magnitude,pearson,none,,669,1,0.7665507869951449
adaptation_fold,500,2,PC1,head_magnitude,pearson,fold_potency_charge,fold;y_true;prepared_formal_charge,669,6,0.7144107961223816
adaptation_fold,500,2,PC1,head_magnitude,pearson,fold_potency_charge_MW,fold;y_true;prepared_formal_charge;MW,669,7,0.682945955721551
adaptation_fold,500,2,PC1,head_magnitude,spearman,none,,669,1,0.1576222579032644
adaptation_fold,500,2,PC1,head_magnitude,spearman,fold_potency_charge,fold;y_true;prepared_formal_charge,669,6,-0.003534732090700734
adaptation_fold,500,2,PC1,head_magnitude,spearman,fold_potency_charge_MW,fold;y_true;prepared_formal_charge;MW,669,7,-0.030130426022450096
adaptation_fold,500,2,PC1,head_error_delta,pearson,none,,669,1,-0.6013530363449894
adaptation_fold,500,2,PC1,head_error_delta,pearson,fold_potency_charge,fold;y_true;prepared_formal_charge,669,6,-0.4794785680500514
adaptation_fold,500,2,PC1,head_error_delta,pearson,fold_potency_charge_MW,fold;y_true;prepared_formal_charge;MW,669,7,-0.4327570605947917
adaptation_fold,500,2,PC1,head_error_delta,spearman,none,,669,1,-0.1707105049392932
adaptation_fold,500,2,PC1,head_error_delta,spearman,fold_potency_charge,fold;y_true;prepared_formal_charge,669,6,0.20999262949056546
adaptation_fold,500,2,PC1,head_error_delta,spearman,fold_potency_charge_MW,fold;y_true;prepared_formal_charge;MW,669,7,0.2286726607127139
adaptation_fold,500,2,PC1,lora_total_signed_change,pearson,none,,669,1,-0.8196273688806306
adaptation_fold,500,2,PC1,lora_total_signed_change,pearson,fold_potency_charge,fold;y_true;prepared_formal_charge,669,6,-0.7485198867856532
adaptation_fold,500,2,PC1,lora_total_signed_change,pearson,fold_potency_charge_MW,fold;y_true;prepared_formal_charge;MW,669,7,-0.7217582029922514
adaptation_fold,500,2,PC1,lora_total_signed_change,spearman,none,,669,1,-0.3851623810657486
adaptation_fold,500,2,PC1,lora_total_signed_change,spearman,fold_potency_charge,fold;y_true;prepared_formal_charge,669,6,-0.13189391830806024
adaptation_fold,500,2,PC1,lora_total_signed_change,spearman,fold_potency_charge_MW,fold;y_true;prepared_formal_charge;MW,669,7,-0.12019413198230165
adaptation_fold,500,2,PC1,lora_total_magnitude,pearson,none,,669,1,0.8289640577233068
adaptation_fold,500,2,PC1,lora_total_magnitude,pearson,fold_potency_charge,fold;y_true;prepared_formal_charge,669,6,0.7623757543155553
adaptation_fold,500,2,PC1,lora_total_magnitude,pearson,fold_potency_charge_MW,fold;y_true;prepared_formal_charge;MW,669,7,0.7358810168706005
adaptation_fold,500,2,PC1,lora_total_magnitude,spearman,none,,669,1,0.38631898627935535
adaptation_fold,500,2,PC1,lora_total_magnitude,spearman,fold_potency_charge,fold;y_true;prepared_formal_charge,669,6,0.13892749751018776
adaptation_fold,500,2,PC1,lora_total_magnitude,spearman,fold_potency_charge_MW,fold;y_true;prepared_formal_charge;MW,669,7,0.12644088910831647
adaptation_fold,500,2,PC1,lora_total_error_delta,pearson,none,,669,1,-0.5301780294719276
adaptation_fold,500,2,PC1,lora_total_error_delta,pearson,fold_potency_charge,fold;y_true;prepared_formal_charge,669,6,-0.36637374230982817
adaptation_fold,500,2,PC1,lora_total_error_delta,pearson,fold_potency_charge_MW,fold;y_true;prepared_formal_charge;MW,669,7,-0.30751253486073976
adaptation_fold,500,2,PC1,lora_total_error_delta,spearman,none,,669,1,-0.24755850304168958
adaptation_fold,500,2,PC1,lora_total_error_delta,spearman,fold_potency_charge,fold;y_true;prepared_formal_charge,669,6,0.1377094745730775
adaptation_fold,500,2,PC1,lora_total_error_delta,spearman,fold_potency_charge_MW,fold;y_true;prepared_formal_charge;MW,669,7,0.15270572890799997
adaptation_fold,500,2,PC1,lora_increment_signed_change,pearson,none,,669,1,-0.5786092463197816
adaptation_fold,500,2,PC1,lora_increment_signed_change,pearson,fold_potency_charge,fold;y_true;prepared_formal_charge,669,6,-0.3913169528343969
adaptation_fold,500,2,PC1,lora_increment_signed_change,pearson,fold_potency_charge_MW,fold;y_true;prepared_formal_charge;MW,669,7,-0.3765385278216017
adaptation_fold,500,2,PC1,lora_increment_signed_change,spearman,none,,669,1,-0.5501698296733619
adaptation_fold,500,2,PC1,lora_increment_signed_change,spearman,fold_potency_charge,fold;y_true;prepared_formal_charge,669,6,-0.3447497770242439
adaptation_fold,500,2,PC1,lora_increment_signed_change,spearman,fold_potency_charge_MW,fold;y_true;prepared_formal_charge;MW,669,7,-0.35165958064021924
adaptation_fold,500,2,PC1,lora_increment_magnitude,pearson,none,,669,1,0.5764196167263708
adaptation_fold,500,2,PC1,lora_increment_magnitude,pearson,fold_potency_charge,fold;y_true;prepared_formal_charge,669,6,0.4477791823804394
adaptation_fold,500,2,PC1,lora_increment_magnitude,pearson,fold_potency_charge_MW,fold;y_true;prepared_formal_charge;MW,669,7,0.41560141936376144
adaptation_fold,500,2,PC1,lora_increment_magnitude,spearman,none,,669,1,0.40731195396503694
adaptation_fold,500,2,PC1,lora_increment_magnitude,spearman,fold_potency_charge,fold;y_true;prepared_formal_charge,669,6,0.2524584004044051
adaptation_fold,500,2,PC1,lora_increment_magnitude,spearman,fold_potency_charge_MW,fold;y_true;prepared_formal_charge;MW,669,7,0.24522508845954155
adaptation_fold,500,2,PC1,lora_increment_error_delta,pearson,none,,669,1,-0.09750626102263145
adaptation_fold,500,2,PC1,lora_increment_error_delta,pearson,fold_potency_charge,fold;y_true;prepared_formal_charge,669,6,0.09951906300469977
adaptation_fold,500,2,PC1,lora_increment_error_delta,pearson,fold_potency_charge_MW,fold;y_true;prepared_formal_charge;MW,669,7,0.12971180387480524
adaptation_fold,500,2,PC1,lora_increment_error_delta,spearman,none,,669,1,-0.24463083738152502
adaptation_fold,500,2,PC1,lora_increment_error_delta,spearman,fold_potency_charge,fold;y_true;prepared_formal_charge,669,6,-0.09633515848632172
adaptation_fold,500,2,PC1,lora_increment_error_delta,spearman,fold_potency_charge_MW,fold;y_true;prepared_formal_charge;MW,669,7,-0.09012070528019722
adaptation_fold,500,2,PC2,head_signed_change,pearson,none,,669,1,-0.6048330267476713
adaptation_fold,500,2,PC2,head_signed_change,pearson,fold_potency_charge,fold;y_true;prepared_formal_charge,669,6,-0.6966621519756806
adaptation_fold,500,2,PC2,head_signed_change,pearson,fold_potency_charge_MW,fold;y_true;prepared_formal_charge;MW,669,7,-0.7023355413136261
adaptation_fold,500,2,PC2,head_signed_change,spearman,none,,669,1,-0.04808666631752224
adaptation_fold,500,2,PC2,head_signed_change,spearman,fold_potency_charge,fold;y_true;prepared_formal_charge,669,6,-0.1719964377939339
adaptation_fold,500,2,PC2,head_signed_change,spearman,fold_potency_charge_MW,fold;y_true;prepared_formal_charge;MW,669,7,-0.18232406159383246
adaptation_fold,500,2,PC2,head_magnitude,pearson,none,,669,1,0.6048537635251361
adaptation_fold,500,2,PC2,head_magnitude,pearson,fold_potency_charge,fold;y_true;prepared_formal_charge,669,6,0.6966749443831085
adaptation_fold,500,2,PC2,head_magnitude,pearson,fold_potency_charge_MW,fold;y_true;prepared_formal_charge;MW,669,7,0.7023471062264496
adaptation_fold,500,2,PC2,head_magnitude,spearman,none,,669,1,0.04808666631752224
adaptation_fold,500,2,PC2,head_magnitude,spearman,fold_potency_charge,fold;y_true;prepared_formal_charge,669,6,0.17199643779393395
adaptation_fold,500,2,PC2,head_magnitude,spearman,fold_potency_charge_MW,fold;y_true;prepared_formal_charge;MW,669,7,0.1823240615938324
adaptation_fold,500,2,PC2,head_error_delta,pearson,none,,669,1,-0.3909940270126792
adaptation_fold,500,2,PC2,head_error_delta,pearson,fold_potency_charge,fold;y_true;prepared_formal_charge,669,6,-0.5685156490088605
adaptation_fold,500,2,PC2,head_error_delta,pearson,fold_potency_charge_MW,fold;y_true;prepared_formal_charge;MW,669,7,-0.5645548699142153
adaptation_fold,500,2,PC2,head_error_delta,spearman,none,,669,1,-0.006665899911567334
adaptation_fold,500,2,PC2,head_error_delta,spearman,fold_potency_charge,fold;y_true;prepared_formal_charge,669,6,-0.32080028060994115
adaptation_fold,500,2,PC2,head_error_delta,spearman,fold_potency_charge_MW,fold;y_true;prepared_formal_charge;MW,669,7,-0.32713244778285855
adaptation_fold,500,2,PC2,lora_total_signed_change,pearson,none,,669,1,-0.4098362765067977
adaptation_fold,500,2,PC2,lora_total_signed_change,pearson,fold_potency_charge,fold;y_true;prepared_formal_charge,669,6,-0.5581171091067305
adaptation_fold,500,2,PC2,lora_total_signed_change,pearson,fold_potency_charge_MW,fold;y_true;prepared_formal_charge;MW,669,7,-0.556225492141796
adaptation_fold,500,2,PC2,lora_total_signed_change,spearman,none,,669,1,0.19842041569515156
adaptation_fold,500,2,PC2,lora_total_signed_change,spearman,fold_potency_charge,fold;y_true;prepared_formal_charge,669,6,0.0003004815962480602
adaptation_fold,500,2,PC2,lora_total_signed_change,spearman,fold_potency_charge_MW,fold;y_true;prepared_formal_charge;MW,669,7,-0.002956978573623152
adaptation_fold,500,2,PC2,lora_total_magnitude,pearson,none,,669,1,0.4179930944178898
adaptation_fold,500,2,PC2,lora_total_magnitude,pearson,fold_potency_charge,fold;y_true;prepared_formal_charge,669,6,0.5639198282684534
adaptation_fold,500,2,PC2,lora_total_magnitude,pearson,fold_potency_charge_MW,fold;y_true;prepared_formal_charge;MW,669,7,0.5630220249106007
adaptation_fold,500,2,PC2,lora_total_magnitude,spearman,none,,669,1,-0.19979869121737812
adaptation_fold,500,2,PC2,lora_total_magnitude,spearman,fold_potency_charge,fold;y_true;prepared_formal_charge,669,6,-0.006482291293937962
adaptation_fold,500,2,PC2,lora_total_magnitude,spearman,fold_potency_charge_MW,fold;y_true;prepared_formal_charge;MW,669,7,-0.0030259481864506085
adaptation_fold,500,2,PC2,lora_total_error_delta,pearson,none,,669,1,-0.22540400845316552
adaptation_fold,500,2,PC2,lora_total_error_delta,pearson,fold_potency_charge,fold;y_true;prepared_formal_charge,669,6,-0.38723733710334
adaptation_fold,500,2,PC2,lora_total_error_delta,pearson,fold_potency_charge_MW,fold;y_true;prepared_formal_charge;MW,669,7,-0.3764493925237313
adaptation_fold,500,2,PC2,lora_total_error_delta,spearman,none,,669,1,0.07762881382969435
adaptation_fold,500,2,PC2,lora_total_error_delta,spearman,fold_potency_charge,fold;y_true;prepared_formal_charge,669,6,-0.2372506940620495
adaptation_fold,500,2,PC2,lora_total_error_delta,spearman,fold_potency_charge_MW,fold;y_true;prepared_formal_charge;MW,669,7,-0.24185882432168618
adaptation_fold,500,2,PC2,lora_increment_signed_change,pearson,none,,669,1,0.07093601248226465
adaptation_fold,500,2,PC2,lora_increment_signed_change,pearson,fold_potency_charge,fold;y_true;prepared_formal_charge,669,6,0.024383406281043202
adaptation_fold,500,2,PC2,lora_increment_signed_change,pearson,fold_potency_charge_MW,fold;y_true;prepared_formal_charge;MW,669,7,0.036259550716502574
adaptation_fold,500,2,PC2,lora_increment_signed_change,spearman,none,,669,1,0.4236807691089944
adaptation_fold,500,2,PC2,lora_increment_signed_change,spearman,fold_potency_charge,fold;y_true;prepared_formal_charge,669,6,0.2779688990811063
adaptation_fold,500,2,PC2,lora_increment_signed_change,spearman,fold_potency_charge_MW,fold;y_true;prepared_formal_charge;MW,669,7,0.2792241235063446
adaptation_fold,500,2,PC2,lora_increment_magnitude,pearson,none,,669,1,0.03060118529694002
adaptation_fold,500,2,PC2,lora_increment_magnitude,pearson,fold_potency_charge,fold;y_true;prepared_formal_charge,669,6,0.08864819936965024
adaptation_fold,500,2,PC2,lora_increment_magnitude,pearson,fold_potency_charge_MW,fold;y_true;prepared_formal_charge;MW,669,7,0.07192417782708094
adaptation_fold,500,2,PC2,lora_increment_magnitude,spearman,none,,669,1,-0.2724253921712829
adaptation_fold,500,2,PC2,lora_increment_magnitude,spearman,fold_potency_charge,fold;y_true;prepared_formal_charge,669,6,-0.14678033552132375
adaptation_fold,500,2,PC2,lora_increment_magnitude,spearman,fold_potency_charge_MW,fold;y_true;prepared_formal_charge;MW,669,7,-0.1449046040706646
adaptation_fold,500,2,PC2,lora_increment_error_delta,pearson,none,,669,1,0.2190261309077206
adaptation_fold,500,2,PC2,lora_increment_error_delta,pearson,fold_potency_charge,fold;y_true;prepared_formal_charge,669,6,0.20650081910186935
adaptation_fold,500,2,PC2,lora_increment_error_delta,pearson,fold_potency_charge_MW,fold;y_true;prepared_formal_charge;MW,669,7,0.21418381871042946
adaptation_fold,500,2,PC2,lora_increment_error_delta,spearman,none,,669,1,0.21174239433588482
adaptation_fold,500,2,PC2,lora_increment_error_delta,spearman,fold_potency_charge,fold;y_true;prepared_formal_charge,669,6,0.11784316631056291
adaptation_fold,500,2,PC2,lora_increment_error_delta,spearman,fold_potency_charge_MW,fold;y_true;prepared_formal_charge;MW,669,7,0.11637034804738552
adaptation_fold,500,3,norm_l2,head_signed_change,pearson,none,,668,1,-0.9124562672263737
adaptation_fold,500,3,norm_l2,head_signed_change,pearson,fold_potency_charge,fold;y_true;prepared_formal_charge,668,6,-0.8867986895702621
adaptation_fold,500,3,norm_l2,head_signed_change,pearson,fold_potency_charge_MW,fold;y_true;prepared_formal_charge;MW,668,7,-0.8769720646765207
adaptation_fold,500,3,norm_l2,head_signed_change,spearman,none,,668,1,-0.6848688515225216
adaptation_fold,500,3,norm_l2,head_signed_change,spearman,fold_potency_charge,fold;y_true;prepared_formal_charge,668,6,-0.6185085557678773
adaptation_fold,500,3,norm_l2,head_signed_change,spearman,fold_potency_charge_MW,fold;y_true;prepared_formal_charge;MW,668,7,-0.6029247395286991
adaptation_fold,500,3,norm_l2,head_magnitude,pearson,none,,668,1,0.9124562672263737
adaptation_fold,500,3,norm_l2,head_magnitude,pearson,fold_potency_charge,fold;y_true;prepared_formal_charge,668,6,0.8867986895702621
adaptation_fold,500,3,norm_l2,head_magnitude,pearson,fold_potency_charge_MW,fold;y_true;prepared_formal_charge;MW,668,7,0.8769720646765207
adaptation_fold,500,3,norm_l2,head_magnitude,spearman,none,,668,1,0.6848688515225216
adaptation_fold,500,3,norm_l2,head_magnitude,spearman,fold_potency_charge,fold;y_true;prepared_formal_charge,668,6,0.6185085557678773
adaptation_fold,500,3,norm_l2,head_magnitude,spearman,fold_potency_charge_MW,fold;y_true;prepared_formal_charge;MW,668,7,0.6029247395286991
adaptation_fold,500,3,norm_l2,head_error_delta,pearson,none,,668,1,-0.6779015267804486
adaptation_fold,500,3,norm_l2,head_error_delta,pearson,fold_potency_charge,fold;y_true;prepared_formal_charge,668,6,-0.5676146580858186
adaptation_fold,500,3,norm_l2,head_error_delta,pearson,fold_potency_charge_MW,fold;y_true;prepared_formal_charge;MW,668,7,-0.5422883940341053
adaptation_fold,500,3,norm_l2,head_error_delta,spearman,none,,668,1,-0.38608340092996923
adaptation_fold,500,3,norm_l2,head_error_delta,spearman,fold_potency_charge,fold;y_true;prepared_formal_charge,668,6,-0.13026705339459713
adaptation_fold,500,3,norm_l2,head_error_delta,spearman,fold_potency_charge_MW,fold;y_true;prepared_formal_charge;MW,668,7,-0.11473320725704715
adaptation_fold,500,3,norm_l2,lora_total_signed_change,pearson,none,,668,1,-0.9344264983587036
adaptation_fold,500,3,norm_l2,lora_total_signed_change,pearson,fold_potency_charge,fold;y_true;prepared_formal_charge,668,6,-0.9169716044952516
adaptation_fold,500,3,norm_l2,lora_total_signed_change,pearson,fold_potency_charge_MW,fold;y_true;prepared_formal_charge;MW,668,7,-0.9098224678150212
adaptation_fold,500,3,norm_l2,lora_total_signed_change,spearman,none,,668,1,-0.7249315381513346
adaptation_fold,500,3,norm_l2,lora_total_signed_change,spearman,fold_potency_charge,fold;y_true;prepared_formal_charge,668,6,-0.6477534779974391
adaptation_fold,500,3,norm_l2,lora_total_signed_change,spearman,fold_potency_charge_MW,fold;y_true;prepared_formal_charge;MW,668,7,-0.636253315133624
adaptation_fold,500,3,norm_l2,lora_total_magnitude,pearson,none,,668,1,0.9355831530625683
adaptation_fold,500,3,norm_l2,lora_total_magnitude,pearson,fold_potency_charge,fold;y_true;prepared_formal_charge,668,6,0.9184895550051287
adaptation_fold,500,3,norm_l2,lora_total_magnitude,pearson,fold_potency_charge_MW,fold;y_true;prepared_formal_charge;MW,668,7,0.9114809479541849
adaptation_fold,500,3,norm_l2,lora_total_magnitude,spearman,none,,668,1,0.7245861240052083
adaptation_fold,500,3,norm_l2,lora_total_magnitude,spearman,fold_potency_charge,fold;y_true;prepared_formal_charge,668,6,0.6472601839367952
adaptation_fold,500,3,norm_l2,lora_total_magnitude,spearman,fold_potency_charge_MW,fold;y_true;prepared_formal_charge;MW,668,7,0.6359602123856934
adaptation_fold,500,3,norm_l2,lora_total_error_delta,pearson,none,,668,1,-0.6048502095610748
adaptation_fold,500,3,norm_l2,lora_total_error_delta,pearson,fold_potency_charge,fold;y_true;prepared_formal_charge,668,6,-0.4498031385635116
adaptation_fold,500,3,norm_l2,lora_total_error_delta,pearson,fold_potency_charge_MW,fold;y_true;prepared_formal_charge;MW,668,7,-0.41981093893111415
adaptation_fold,500,3,norm_l2,lora_total_error_delta,spearman,none,,668,1,-0.36067150764458267
adaptation_fold,500,3,norm_l2,lora_total_error_delta,spearman,fold_potency_charge,fold;y_true;prepared_formal_charge,668,6,-0.06920537145616583
adaptation_fold,500,3,norm_l2,lora_total_error_delta,spearman,fold_potency_charge_MW,fold;y_true;prepared_formal_charge;MW,668,7,-0.05545474339628338
adaptation_fold,500,3,norm_l2,lora_increment_signed_change,pearson,none,,668,1,-0.8457248916662824
adaptation_fold,500,3,norm_l2,lora_increment_signed_change,pearson,fold_potency_charge,fold;y_true;prepared_formal_charge,668,6,-0.8132492931887335
adaptation_fold,500,3,norm_l2,lora_increment_signed_change,pearson,fold_potency_charge_MW,fold;y_true;prepared_formal_charge;MW,668,7,-0.7977984559434725
adaptation_fold,500,3,norm_l2,lora_increment_signed_change,spearman,none,,668,1,-0.5598236423243727
adaptation_fold,500,3,norm_l2,lora_increment_signed_change,spearman,fold_potency_charge,fold;y_true;prepared_formal_charge,668,6,-0.4161909797656078
adaptation_fold,500,3,norm_l2,lora_increment_signed_change,spearman,fold_potency_charge_MW,fold;y_true;prepared_formal_charge;MW,668,7,-0.4185305799804316
adaptation_fold,500,3,norm_l2,lora_increment_magnitude,pearson,none,,668,1,0.8381926081091275
adaptation_fold,500,3,norm_l2,lora_increment_magnitude,pearson,fold_potency_charge,fold;y_true;prepared_formal_charge,668,6,0.8111259470617304
adaptation_fold,500,3,norm_l2,lora_increment_magnitude,pearson,fold_potency_charge_MW,fold;y_true;prepared_formal_charge;MW,668,7,0.7944783053869394
adaptation_fold,500,3,norm_l2,lora_increment_magnitude,spearman,none,,668,1,0.3948149149306443
adaptation_fold,500,3,norm_l2,lora_increment_magnitude,spearman,fold_potency_charge,fold;y_true;prepared_formal_charge,668,6,0.290143609209254
adaptation_fold,500,3,norm_l2,lora_increment_magnitude,spearman,fold_potency_charge_MW,fold;y_true;prepared_formal_charge;MW,668,7,0.28795709215747833
adaptation_fold,500,3,norm_l2,lora_increment_error_delta,pearson,none,,668,1,-0.13423116210792146
adaptation_fold,500,3,norm_l2,lora_increment_error_delta,pearson,fold_potency_charge,fold;y_true;prepared_formal_charge,668,6,0.016536097607715874
adaptation_fold,500,3,norm_l2,lora_increment_error_delta,pearson,fold_potency_charge_MW,fold;y_true;prepared_formal_charge;MW,668,7,0.030481632576292054
adaptation_fold,500,3,norm_l2,lora_increment_error_delta,spearman,none,,668,1,-0.2425778153313902
adaptation_fold,500,3,norm_l2,lora_increment_error_delta,spearman,fold_potency_charge,fold;y_true;prepared_formal_charge,668,6,-0.1357634067126948
adaptation_fold,500,3,norm_l2,lora_increment_error_delta,spearman,fold_potency_charge_MW,fold;y_true;prepared_formal_charge;MW,668,7,-0.12526000951594563
adaptation_fold,500,3,PC1,head_signed_change,pearson,none,,668,1,-0.7561507202758688
adaptation_fold,500,3,PC1,head_signed_change,pearson,fold_potency_charge,fold;y_true;prepared_formal_charge,668,6,-0.6915611394701564
adaptation_fold,500,3,PC1,head_signed_change,pearson,fold_potency_charge_MW,fold;y_true;prepared_formal_charge;MW,668,7,-0.6631707773869592
adaptation_fold,500,3,PC1,head_signed_change,spearman,none,,668,1,-0.3866472150461114
adaptation_fold,500,3,PC1,head_signed_change,spearman,fold_potency_charge,fold;y_true;prepared_formal_charge,668,6,-0.2665859527117162
adaptation_fold,500,3,PC1,head_signed_change,spearman,fold_potency_charge_MW,fold;y_true;prepared_formal_charge;MW,668,7,-0.2552133455200972
adaptation_fold,500,3,PC1,head_magnitude,pearson,none,,668,1,0.7561507202758688
adaptation_fold,500,3,PC1,head_magnitude,pearson,fold_potency_charge,fold;y_true;prepared_formal_charge,668,6,0.6915611394701564
adaptation_fold,500,3,PC1,head_magnitude,pearson,fold_potency_charge_MW,fold;y_true;prepared_formal_charge;MW,668,7,0.6631707773869592
adaptation_fold,500,3,PC1,head_magnitude,spearman,none,,668,1,0.3866472150461114
adaptation_fold,500,3,PC1,head_magnitude,spearman,fold_potency_charge,fold;y_true;prepared_formal_charge,668,6,0.26658595271171603
adaptation_fold,500,3,PC1,head_magnitude,spearman,fold_potency_charge_MW,fold;y_true;prepared_formal_charge;MW,668,7,0.25521334552009733
adaptation_fold,500,3,PC1,head_error_delta,pearson,none,,668,1,-0.5567392416654042
adaptation_fold,500,3,PC1,head_error_delta,pearson,fold_potency_charge,fold;y_true;prepared_formal_charge,668,6,-0.4120000142789888
adaptation_fold,500,3,PC1,head_error_delta,pearson,fold_potency_charge_MW,fold;y_true;prepared_formal_charge;MW,668,7,-0.37551563659040554
adaptation_fold,500,3,PC1,head_error_delta,spearman,none,,668,1,-0.22638193537156398
adaptation_fold,500,3,PC1,head_error_delta,spearman,fold_potency_charge,fold;y_true;prepared_formal_charge,668,6,0.0727840366404665
adaptation_fold,500,3,PC1,head_error_delta,spearman,fold_potency_charge_MW,fold;y_true;prepared_formal_charge;MW,668,7,0.08176570145992865
adaptation_fold,500,3,PC1,lora_total_signed_change,pearson,none,,668,1,-0.8589624870084746
adaptation_fold,500,3,PC1,lora_total_signed_change,pearson,fold_potency_charge,fold;y_true;prepared_formal_charge,668,6,-0.8082134214772175
adaptation_fold,500,3,PC1,lora_total_signed_change,pearson,fold_potency_charge_MW,fold;y_true;prepared_formal_charge;MW,668,7,-0.7898746754161619
adaptation_fold,500,3,PC1,lora_total_signed_change,spearman,none,,668,1,-0.5551027955316936
adaptation_fold,500,3,PC1,lora_total_signed_change,spearman,fold_potency_charge,fold;y_true;prepared_formal_charge,668,6,-0.4024849227419242
adaptation_fold,500,3,PC1,lora_total_signed_change,spearman,fold_potency_charge_MW,fold;y_true;prepared_formal_charge;MW,668,7,-0.3953548338977887
adaptation_fold,500,3,PC1,lora_total_magnitude,pearson,none,,668,1,0.8600172143829635
adaptation_fold,500,3,PC1,lora_total_magnitude,pearson,fold_potency_charge,fold;y_true;prepared_formal_charge,668,6,0.8096900088423137
adaptation_fold,500,3,PC1,lora_total_magnitude,pearson,fold_potency_charge_MW,fold;y_true;prepared_formal_charge;MW,668,7,0.7915019369820266
adaptation_fold,500,3,PC1,lora_total_magnitude,spearman,none,,668,1,0.5545617272188804
adaptation_fold,500,3,PC1,lora_total_magnitude,spearman,fold_potency_charge,fold;y_true;prepared_formal_charge,668,6,0.4017011815021307
adaptation_fold,500,3,PC1,lora_total_magnitude,spearman,fold_potency_charge_MW,fold;y_true;prepared_formal_charge;MW,668,7,0.39459847591907665
adaptation_fold,500,3,PC1,lora_total_error_delta,pearson,none,,668,1,-0.5161258102570846
adaptation_fold,500,3,PC1,lora_total_error_delta,pearson,fold_potency_charge,fold;y_true;prepared_formal_charge,668,6,-0.34423800050361775
adaptation_fold,500,3,PC1,lora_total_error_delta,pearson,fold_potency_charge_MW,fold;y_true;prepared_formal_charge;MW,668,7,-0.30658005569496666
adaptation_fold,500,3,PC1,lora_total_error_delta,spearman,none,,668,1,-0.24269200487428477
adaptation_fold,500,3,PC1,lora_total_error_delta,spearman,fold_potency_charge,fold;y_true;prepared_formal_charge,668,6,0.07357988421866318
adaptation_fold,500,3,PC1,lora_total_error_delta,spearman,fold_potency_charge_MW,fold;y_true;prepared_formal_charge;MW,668,7,0.0809816025704467
adaptation_fold,500,3,PC1,lora_increment_signed_change,pearson,none,,668,1,-0.8675460137660315
adaptation_fold,500,3,PC1,lora_increment_signed_change,pearson,fold_potency_charge,fold;y_true;prepared_formal_charge,668,6,-0.8254615613708053
adaptation_fold,500,3,PC1,lora_increment_signed_change,pearson,fold_potency_charge_MW,fold;y_true;prepared_formal_charge;MW,668,7,-0.8104555869026557
adaptation_fold,500,3,PC1,lora_increment_signed_change,spearman,none,,668,1,-0.6617127849743475
adaptation_fold,500,3,PC1,lora_increment_signed_change,spearman,fold_potency_charge,fold;y_true;prepared_formal_charge,668,6,-0.5491477391971329
adaptation_fold,500,3,PC1,lora_increment_signed_change,spearman,fold_potency_charge_MW,fold;y_true;prepared_formal_charge;MW,668,7,-0.5490793230634494
adaptation_fold,500,3,PC1,lora_increment_magnitude,pearson,none,,668,1,0.8373934071956688
adaptation_fold,500,3,PC1,lora_increment_magnitude,pearson,fold_potency_charge,fold;y_true;prepared_formal_charge,668,6,0.7909303137527147
adaptation_fold,500,3,PC1,lora_increment_magnitude,pearson,fold_potency_charge_MW,fold;y_true;prepared_formal_charge;MW,668,7,0.7715273548283234
adaptation_fold,500,3,PC1,lora_increment_magnitude,spearman,none,,668,1,0.48609883673632864
adaptation_fold,500,3,PC1,lora_increment_magnitude,spearman,fold_potency_charge,fold;y_true;prepared_formal_charge,668,6,0.36939679605254544
adaptation_fold,500,3,PC1,lora_increment_magnitude,spearman,fold_potency_charge_MW,fold;y_true;prepared_formal_charge;MW,668,7,0.3676657120844429
adaptation_fold,500,3,PC1,lora_increment_error_delta,pearson,none,,668,1,-0.15513329332799064
adaptation_fold,500,3,PC1,lora_increment_error_delta,pearson,fold_potency_charge,fold;y_true;prepared_formal_charge,668,6,-0.019458441292188697
adaptation_fold,500,3,PC1,lora_increment_error_delta,pearson,fold_potency_charge_MW,fold;y_true;prepared_formal_charge;MW,668,7,-0.006512770917705128
adaptation_fold,500,3,PC1,lora_increment_error_delta,spearman,none,,668,1,-0.26578664695927307
adaptation_fold,500,3,PC1,lora_increment_error_delta,spearman,fold_potency_charge,fold;y_true;prepared_formal_charge,668,6,-0.17862997742272108
adaptation_fold,500,3,PC1,lora_increment_error_delta,spearman,fold_potency_charge_MW,fold;y_true;prepared_formal_charge;MW,668,7,-0.17373543095078567
adaptation_fold,500,3,PC2,head_signed_change,pearson,none,,668,1,-0.056363055143153554
adaptation_fold,500,3,PC2,head_signed_change,pearson,fold_potency_charge,fold;y_true;prepared_formal_charge,668,6,-0.1980316783133833
adaptation_fold,500,3,PC2,head_signed_change,pearson,fold_potency_charge_MW,fold;y_true;prepared_formal_charge;MW,668,7,-0.2195766992977814
adaptation_fold,500,3,PC2,head_signed_change,spearman,none,,668,1,0.26280939978978046
adaptation_fold,500,3,PC2,head_signed_change,spearman,fold_potency_charge,fold;y_true;prepared_formal_charge,668,6,0.16068553713744715
adaptation_fold,500,3,PC2,head_signed_change,spearman,fold_potency_charge_MW,fold;y_true;prepared_formal_charge;MW,668,7,0.15866224050385125
adaptation_fold,500,3,PC2,head_magnitude,pearson,none,,668,1,0.056363055143153554
adaptation_fold,500,3,PC2,head_magnitude,pearson,fold_potency_charge,fold;y_true;prepared_formal_charge,668,6,0.1980316783133833
adaptation_fold,500,3,PC2,head_magnitude,pearson,fold_potency_charge_MW,fold;y_true;prepared_formal_charge;MW,668,7,0.2195766992977814
adaptation_fold,500,3,PC2,head_magnitude,spearman,none,,668,1,-0.26280939978978046
adaptation_fold,500,3,PC2,head_magnitude,spearman,fold_potency_charge,fold;y_true;prepared_formal_charge,668,6,-0.16068553713744715
adaptation_fold,500,3,PC2,head_magnitude,spearman,fold_potency_charge_MW,fold;y_true;prepared_formal_charge;MW,668,7,-0.15866224050385125
adaptation_fold,500,3,PC2,head_error_delta,pearson,none,,668,1,-0.07403908585528692
adaptation_fold,500,3,PC2,head_error_delta,pearson,fold_potency_charge,fold;y_true;prepared_formal_charge,668,6,-0.314123553488092
adaptation_fold,500,3,PC2,head_error_delta,pearson,fold_potency_charge_MW,fold;y_true;prepared_formal_charge;MW,668,7,-0.3300902265301106
adaptation_fold,500,3,PC2,head_error_delta,spearman,none,,668,1,0.10326304853266016
adaptation_fold,500,3,PC2,head_error_delta,spearman,fold_potency_charge,fold;y_true;prepared_formal_charge,668,6,-0.16961604874007924
adaptation_fold,500,3,PC2,head_error_delta,spearman,fold_potency_charge_MW,fold;y_true;prepared_formal_charge;MW,668,7,-0.17326584822697733
adaptation_fold,500,3,PC2,lora_total_signed_change,pearson,none,,668,1,0.06148041819653493
adaptation_fold,500,3,PC2,lora_total_signed_change,pearson,fold_potency_charge,fold;y_true;prepared_formal_charge,668,6,-0.09859919177273942
adaptation_fold,500,3,PC2,lora_total_signed_change,pearson,fold_potency_charge_MW,fold;y_true;prepared_formal_charge;MW,668,7,-0.11652826011633025
adaptation_fold,500,3,PC2,lora_total_signed_change,spearman,none,,668,1,0.43938889554712457
adaptation_fold,500,3,PC2,lora_total_signed_change,spearman,fold_potency_charge,fold;y_true;prepared_formal_charge,668,6,0.3197720843609402
adaptation_fold,500,3,PC2,lora_total_signed_change,spearman,fold_potency_charge_MW,fold;y_true;prepared_formal_charge;MW,668,7,0.32003990545378236
adaptation_fold,500,3,PC2,lora_total_magnitude,pearson,none,,668,1,-0.06020487384224913
adaptation_fold,500,3,PC2,lora_total_magnitude,pearson,fold_potency_charge,fold;y_true;prepared_formal_charge,668,6,0.09969370530983396
adaptation_fold,500,3,PC2,lora_total_magnitude,pearson,fold_potency_charge_MW,fold;y_true;prepared_formal_charge;MW,668,7,0.11766622114340373
adaptation_fold,500,3,PC2,lora_total_magnitude,spearman,none,,668,1,-0.4388983510983425
adaptation_fold,500,3,PC2,lora_total_magnitude,spearman,fold_potency_charge,fold;y_true;prepared_formal_charge,668,6,-0.31909403994997204
adaptation_fold,500,3,PC2,lora_total_magnitude,spearman,fold_potency_charge_MW,fold;y_true;prepared_formal_charge;MW,668,7,-0.31926369196456594
adaptation_fold,500,3,PC2,lora_total_error_delta,pearson,none,,668,1,0.02555298696649234
adaptation_fold,500,3,PC2,lora_total_error_delta,pearson,fold_potency_charge,fold;y_true;prepared_formal_charge,668,6,-0.1736804315189379
adaptation_fold,500,3,PC2,lora_total_error_delta,pearson,fold_potency_charge_MW,fold;y_true;prepared_formal_charge;MW,668,7,-0.18518843213769673
adaptation_fold,500,3,PC2,lora_total_error_delta,spearman,none,,668,1,0.1550363616827498
adaptation_fold,500,3,PC2,lora_total_error_delta,spearman,fold_potency_charge,fold;y_true;prepared_formal_charge,668,6,-0.110547663109244
adaptation_fold,500,3,PC2,lora_total_error_delta,spearman,fold_potency_charge_MW,fold;y_true;prepared_formal_charge;MW,668,7,-0.11322287131311891
adaptation_fold,500,3,PC2,lora_increment_signed_change,pearson,none,,668,1,0.18261718517746936
adaptation_fold,500,3,PC2,lora_increment_signed_change,pearson,fold_potency_charge,fold;y_true;prepared_formal_charge,668,6,0.03644863319435203
adaptation_fold,500,3,PC2,lora_increment_signed_change,pearson,fold_potency_charge_MW,fold;y_true;prepared_formal_charge;MW,668,7,0.026542767422418394
adaptation_fold,500,3,PC2,lora_increment_signed_change,spearman,none,,668,1,0.5619426051515601
adaptation_fold,500,3,PC2,lora_increment_signed_change,spearman,fold_potency_charge,fold;y_true;prepared_formal_charge,668,6,0.4893948902911981
adaptation_fold,500,3,PC2,lora_increment_signed_change,spearman,fold_potency_charge_MW,fold;y_true;prepared_formal_charge;MW,668,7,0.4890322733829361
adaptation_fold,500,3,PC2,lora_increment_magnitude,pearson,none,,668,1,-0.06619273782383896
adaptation_fold,500,3,PC2,lora_increment_magnitude,pearson,fold_potency_charge,fold;y_true;prepared_formal_charge,668,6,0.06805990465186254
adaptation_fold,500,3,PC2,lora_increment_magnitude,pearson,fold_potency_charge_MW,fold;y_true;prepared_formal_charge;MW,668,7,0.0836581366393398
adaptation_fold,500,3,PC2,lora_increment_magnitude,spearman,none,,668,1,-0.38353897468781556
adaptation_fold,500,3,PC2,lora_increment_magnitude,spearman,fold_potency_charge,fold;y_true;prepared_formal_charge,668,6,-0.29373546044174736
adaptation_fold,500,3,PC2,lora_increment_magnitude,spearman,fold_potency_charge_MW,fold;y_true;prepared_formal_charge;MW,668,7,-0.29299125968948
adaptation_fold,500,3,PC2,lora_increment_error_delta,pearson,none,,668,1,0.19754635264869896
adaptation_fold,500,3,PC2,lora_increment_error_delta,pearson,fold_potency_charge,fold;y_true;prepared_formal_charge,668,6,0.14251344610518438
adaptation_fold,500,3,PC2,lora_increment_error_delta,pearson,fold_potency_charge_MW,fold;y_true;prepared_formal_charge;MW,668,7,0.1409471748251886
adaptation_fold,500,3,PC2,lora_increment_error_delta,spearman,none,,668,1,0.2537128121082796
adaptation_fold,500,3,PC2,lora_increment_error_delta,spearman,fold_potency_charge,fold;y_true;prepared_formal_charge,668,6,0.18879329665017047
adaptation_fold,500,3,PC2,lora_increment_error_delta,spearman,fold_potency_charge_MW,fold;y_true;prepared_formal_charge;MW,668,7,0.18738823223090498
adaptation_fold,500,4,norm_l2,head_signed_change,pearson,none,,669,1,-0.803904822637611
adaptation_fold,500,4,norm_l2,head_signed_change,pearson,fold_potency_charge,fold;y_true;prepared_formal_charge,669,6,-0.765801831800006
adaptation_fold,500,4,norm_l2,head_signed_change,pearson,fold_potency_charge_MW,fold;y_true;prepared_formal_charge;MW,669,7,-0.7730105574726657
adaptation_fold,500,4,norm_l2,head_signed_change,spearman,none,,669,1,-0.620740581617035
adaptation_fold,500,4,norm_l2,head_signed_change,spearman,fold_potency_charge,fold;y_true;prepared_formal_charge,669,6,-0.5483099750134598
adaptation_fold,500,4,norm_l2,head_signed_change,spearman,fold_potency_charge_MW,fold;y_true;prepared_formal_charge;MW,669,7,-0.535961974431888
adaptation_fold,500,4,norm_l2,head_magnitude,pearson,none,,669,1,0.803904822637611
adaptation_fold,500,4,norm_l2,head_magnitude,pearson,fold_potency_charge,fold;y_true;prepared_formal_charge,669,6,0.765801831800006
adaptation_fold,500,4,norm_l2,head_magnitude,pearson,fold_potency_charge_MW,fold;y_true;prepared_formal_charge;MW,669,7,0.7730105574726657
adaptation_fold,500,4,norm_l2,head_magnitude,spearman,none,,669,1,0.620740581617035
adaptation_fold,500,4,norm_l2,head_magnitude,spearman,fold_potency_charge,fold;y_true;prepared_formal_charge,669,6,0.5483099750134597
adaptation_fold,500,4,norm_l2,head_magnitude,spearman,fold_potency_charge_MW,fold;y_true;prepared_formal_charge;MW,669,7,0.5359619744318881
adaptation_fold,500,4,norm_l2,head_error_delta,pearson,none,,669,1,-0.47880480880539533
adaptation_fold,500,4,norm_l2,head_error_delta,pearson,fold_potency_charge,fold;y_true;prepared_formal_charge,669,6,-0.27504616756232625
adaptation_fold,500,4,norm_l2,head_error_delta,pearson,fold_potency_charge_MW,fold;y_true;prepared_formal_charge;MW,669,7,-0.2818291412346311
adaptation_fold,500,4,norm_l2,head_error_delta,spearman,none,,669,1,-0.3696417485623091
adaptation_fold,500,4,norm_l2,head_error_delta,spearman,fold_potency_charge,fold;y_true;prepared_formal_charge,669,6,-0.06618898585100189
adaptation_fold,500,4,norm_l2,head_error_delta,spearman,fold_potency_charge_MW,fold;y_true;prepared_formal_charge;MW,669,7,-0.0661390572253646
adaptation_fold,500,4,norm_l2,lora_total_signed_change,pearson,none,,669,1,-0.8589772857432991
adaptation_fold,500,4,norm_l2,lora_total_signed_change,pearson,fold_potency_charge,fold;y_true;prepared_formal_charge,669,6,-0.7973324890108303
adaptation_fold,500,4,norm_l2,lora_total_signed_change,pearson,fold_potency_charge_MW,fold;y_true;prepared_formal_charge;MW,669,7,-0.7982345074110566
adaptation_fold,500,4,norm_l2,lora_total_signed_change,spearman,none,,669,1,-0.7153214620220774
adaptation_fold,500,4,norm_l2,lora_total_signed_change,spearman,fold_potency_charge,fold;y_true;prepared_formal_charge,669,6,-0.5913669603186583
adaptation_fold,500,4,norm_l2,lora_total_signed_change,spearman,fold_potency_charge_MW,fold;y_true;prepared_formal_charge;MW,669,7,-0.5907970049525213
adaptation_fold,500,4,norm_l2,lora_total_magnitude,pearson,none,,669,1,0.8634962275478499
adaptation_fold,500,4,norm_l2,lora_total_magnitude,pearson,fold_potency_charge,fold;y_true;prepared_formal_charge,669,6,0.8038530686773621
adaptation_fold,500,4,norm_l2,lora_total_magnitude,pearson,fold_potency_charge_MW,fold;y_true;prepared_formal_charge;MW,669,7,0.8048869977897622
adaptation_fold,500,4,norm_l2,lora_total_magnitude,spearman,none,,669,1,0.7149250525119362
adaptation_fold,500,4,norm_l2,lora_total_magnitude,spearman,fold_potency_charge,fold;y_true;prepared_formal_charge,669,6,0.5909130883926057
adaptation_fold,500,4,norm_l2,lora_total_magnitude,spearman,fold_potency_charge_MW,fold;y_true;prepared_formal_charge;MW,669,7,0.5906508265402448
adaptation_fold,500,4,norm_l2,lora_total_error_delta,pearson,none,,669,1,-0.533993765366978
adaptation_fold,500,4,norm_l2,lora_total_error_delta,pearson,fold_potency_charge,fold;y_true;prepared_formal_charge,669,6,-0.3382468829505259
adaptation_fold,500,4,norm_l2,lora_total_error_delta,pearson,fold_potency_charge_MW,fold;y_true;prepared_formal_charge;MW,669,7,-0.32733655779457815
adaptation_fold,500,4,norm_l2,lora_total_error_delta,spearman,none,,669,1,-0.4158116936597323
adaptation_fold,500,4,norm_l2,lora_total_error_delta,spearman,fold_potency_charge,fold;y_true;prepared_formal_charge,669,6,-0.09423258124230866
adaptation_fold,500,4,norm_l2,lora_total_error_delta,spearman,fold_potency_charge_MW,fold;y_true;prepared_formal_charge;MW,669,7,-0.09994616220680852
adaptation_fold,500,4,norm_l2,lora_increment_signed_change,pearson,none,,669,1,-0.5598632736042727
adaptation_fold,500,4,norm_l2,lora_increment_signed_change,pearson,fold_potency_charge,fold;y_true;prepared_formal_charge,669,6,-0.3597684933415953
adaptation_fold,500,4,norm_l2,lora_increment_signed_change,pearson,fold_potency_charge_MW,fold;y_true;prepared_formal_charge;MW,669,7,-0.33864122793214335
adaptation_fold,500,4,norm_l2,lora_increment_signed_change,spearman,none,,669,1,-0.5576061450487687
adaptation_fold,500,4,norm_l2,lora_increment_signed_change,spearman,fold_potency_charge,fold;y_true;prepared_formal_charge,669,6,-0.3500535397373244
adaptation_fold,500,4,norm_l2,lora_increment_signed_change,spearman,fold_potency_charge_MW,fold;y_true;prepared_formal_charge;MW,669,7,-0.35253929178251453
adaptation_fold,500,4,norm_l2,lora_increment_magnitude,pearson,none,,669,1,0.5233477381378309
adaptation_fold,500,4,norm_l2,lora_increment_magnitude,pearson,fold_potency_charge,fold;y_true;prepared_formal_charge,669,6,0.4028819157904583
adaptation_fold,500,4,norm_l2,lora_increment_magnitude,pearson,fold_potency_charge_MW,fold;y_true;prepared_formal_charge;MW,669,7,0.35308875724524114
adaptation_fold,500,4,norm_l2,lora_increment_magnitude,spearman,none,,669,1,0.3560214688753809
adaptation_fold,500,4,norm_l2,lora_increment_magnitude,spearman,fold_potency_charge,fold;y_true;prepared_formal_charge,669,6,0.22149023013704264
adaptation_fold,500,4,norm_l2,lora_increment_magnitude,spearman,fold_potency_charge_MW,fold;y_true;prepared_formal_charge;MW,669,7,0.20637797040929118
adaptation_fold,500,4,norm_l2,lora_increment_error_delta,pearson,none,,669,1,-0.4022770385222147
adaptation_fold,500,4,norm_l2,lora_increment_error_delta,pearson,fold_potency_charge,fold;y_true;prepared_formal_charge,669,6,-0.22171172593687327
adaptation_fold,500,4,norm_l2,lora_increment_error_delta,pearson,fold_potency_charge_MW,fold;y_true;prepared_formal_charge;MW,669,7,-0.1809782277739048
adaptation_fold,500,4,norm_l2,lora_increment_error_delta,spearman,none,,669,1,-0.3443498519325715
adaptation_fold,500,4,norm_l2,lora_increment_error_delta,spearman,fold_potency_charge,fold;y_true;prepared_formal_charge,669,6,-0.15691491891502907
adaptation_fold,500,4,norm_l2,lora_increment_error_delta,spearman,fold_potency_charge_MW,fold;y_true;prepared_formal_charge;MW,669,7,-0.1473863836779729
adaptation_fold,500,4,PC1,head_signed_change,pearson,none,,669,1,-0.5527541581363944
adaptation_fold,500,4,PC1,head_signed_change,pearson,fold_potency_charge,fold;y_true;prepared_formal_charge,669,6,-0.4550388798792369
adaptation_fold,500,4,PC1,head_signed_change,pearson,fold_potency_charge_MW,fold;y_true;prepared_formal_charge;MW,669,7,-0.43717284656827704
adaptation_fold,500,4,PC1,head_signed_change,spearman,none,,669,1,-0.3089764651140794
adaptation_fold,500,4,PC1,head_signed_change,spearman,fold_potency_charge,fold;y_true;prepared_formal_charge,669,6,-0.1908182036098358
adaptation_fold,500,4,PC1,head_signed_change,spearman,fold_potency_charge_MW,fold;y_true;prepared_formal_charge;MW,669,7,-0.17725523994056724
adaptation_fold,500,4,PC1,head_magnitude,pearson,none,,669,1,0.5527541581363944
adaptation_fold,500,4,PC1,head_magnitude,pearson,fold_potency_charge,fold;y_true;prepared_formal_charge,669,6,0.4550388798792369
adaptation_fold,500,4,PC1,head_magnitude,pearson,fold_potency_charge_MW,fold;y_true;prepared_formal_charge;MW,669,7,0.43717284656827704
adaptation_fold,500,4,PC1,head_magnitude,spearman,none,,669,1,0.3089764651140794
adaptation_fold,500,4,PC1,head_magnitude,spearman,fold_potency_charge,fold;y_true;prepared_formal_charge,669,6,0.1908182036098358
adaptation_fold,500,4,PC1,head_magnitude,spearman,fold_potency_charge_MW,fold;y_true;prepared_formal_charge;MW,669,7,0.17725523994056724
adaptation_fold,500,4,PC1,head_error_delta,pearson,none,,669,1,-0.3110301978961393
adaptation_fold,500,4,PC1,head_error_delta,pearson,fold_potency_charge,fold;y_true;prepared_formal_charge,669,6,-0.07866312119769053
adaptation_fold,500,4,PC1,head_error_delta,pearson,fold_potency_charge_MW,fold;y_true;prepared_formal_charge;MW,669,7,-0.07246566478057928
adaptation_fold,500,4,PC1,head_error_delta,spearman,none,,669,1,-0.1547300419574478
adaptation_fold,500,4,PC1,head_error_delta,spearman,fold_potency_charge,fold;y_true;prepared_formal_charge,669,6,0.15816027587100742
adaptation_fold,500,4,PC1,head_error_delta,spearman,fold_potency_charge_MW,fold;y_true;prepared_formal_charge;MW,669,7,0.16038373086405375
adaptation_fold,500,4,PC1,lora_total_signed_change,pearson,none,,669,1,-0.6873636016572728
adaptation_fold,500,4,PC1,lora_total_signed_change,pearson,fold_potency_charge,fold;y_true;prepared_formal_charge,669,6,-0.5683406942765827
adaptation_fold,500,4,PC1,lora_total_signed_change,pearson,fold_potency_charge_MW,fold;y_true;prepared_formal_charge;MW,669,7,-0.5492271189776482
adaptation_fold,500,4,PC1,lora_total_signed_change,spearman,none,,669,1,-0.4436086931952306
adaptation_fold,500,4,PC1,lora_total_signed_change,spearman,fold_potency_charge,fold;y_true;prepared_formal_charge,669,6,-0.264762576787665
adaptation_fold,500,4,PC1,lora_total_signed_change,spearman,fold_potency_charge_MW,fold;y_true;prepared_formal_charge;MW,669,7,-0.2571523348373163
adaptation_fold,500,4,PC1,lora_total_magnitude,pearson,none,,669,1,0.6913855532434685
adaptation_fold,500,4,PC1,lora_total_magnitude,pearson,fold_potency_charge,fold;y_true;prepared_formal_charge,669,6,0.5738854797950198
adaptation_fold,500,4,PC1,lora_total_magnitude,pearson,fold_potency_charge_MW,fold;y_true;prepared_formal_charge;MW,669,7,0.5547425238403394
adaptation_fold,500,4,PC1,lora_total_magnitude,spearman,none,,669,1,0.4433547201828189
adaptation_fold,500,4,PC1,lora_total_magnitude,spearman,fold_potency_charge,fold;y_true;prepared_formal_charge,669,6,0.2645741671437155
adaptation_fold,500,4,PC1,lora_total_magnitude,spearman,fold_potency_charge_MW,fold;y_true;prepared_formal_charge;MW,669,7,0.2571149202950914
adaptation_fold,500,4,PC1,lora_total_error_delta,pearson,none,,669,1,-0.383342080214623
adaptation_fold,500,4,PC1,lora_total_error_delta,pearson,fold_potency_charge,fold;y_true;prepared_formal_charge,669,6,-0.15685230267314598
adaptation_fold,500,4,PC1,lora_total_error_delta,pearson,fold_potency_charge_MW,fold;y_true;prepared_formal_charge;MW,669,7,-0.13662763241649484
adaptation_fold,500,4,PC1,lora_total_error_delta,spearman,none,,669,1,-0.2074340710186614
adaptation_fold,500,4,PC1,lora_total_error_delta,spearman,fold_potency_charge,fold;y_true;prepared_formal_charge,669,6,0.13451426369461808
adaptation_fold,500,4,PC1,lora_total_error_delta,spearman,fold_potency_charge_MW,fold;y_true;prepared_formal_charge;MW,669,7,0.13432615035312678
adaptation_fold,500,4,PC1,lora_increment_signed_change,pearson,none,,669,1,-0.5831489889063844
adaptation_fold,500,4,PC1,lora_increment_signed_change,pearson,fold_potency_charge,fold;y_true;prepared_formal_charge,669,6,-0.416714312789822
adaptation_fold,500,4,PC1,lora_increment_signed_change,pearson,fold_potency_charge_MW,fold;y_true;prepared_formal_charge;MW,669,7,-0.3998194333159351
adaptation_fold,500,4,PC1,lora_increment_signed_change,spearman,none,,669,1,-0.5486245900542133
adaptation_fold,500,4,PC1,lora_increment_signed_change,spearman,fold_potency_charge,fold;y_true;prepared_formal_charge,669,6,-0.3940543654468886
adaptation_fold,500,4,PC1,lora_increment_signed_change,spearman,fold_potency_charge_MW,fold;y_true;prepared_formal_charge;MW,669,7,-0.3927922857562507
adaptation_fold,500,4,PC1,lora_increment_magnitude,pearson,none,,669,1,0.5490933238284947
adaptation_fold,500,4,PC1,lora_increment_magnitude,pearson,fold_potency_charge,fold;y_true;prepared_formal_charge,669,6,0.43545411625409736
adaptation_fold,500,4,PC1,lora_increment_magnitude,pearson,fold_potency_charge_MW,fold;y_true;prepared_formal_charge;MW,669,7,0.3975498623914706
adaptation_fold,500,4,PC1,lora_increment_magnitude,spearman,none,,669,1,0.4052346014082537
adaptation_fold,500,4,PC1,lora_increment_magnitude,spearman,fold_potency_charge,fold;y_true;prepared_formal_charge,669,6,0.29649407146605056
adaptation_fold,500,4,PC1,lora_increment_magnitude,spearman,fold_potency_charge_MW,fold;y_true;prepared_formal_charge;MW,669,7,0.28897095266783435
adaptation_fold,500,4,PC1,lora_increment_error_delta,pearson,none,,669,1,-0.3672826238538997
adaptation_fold,500,4,PC1,lora_increment_error_delta,pearson,fold_potency_charge,fold;y_true;prepared_formal_charge,669,6,-0.20462784475817872
adaptation_fold,500,4,PC1,lora_increment_error_delta,pearson,fold_potency_charge_MW,fold;y_true;prepared_formal_charge;MW,669,7,-0.17070113417056265
adaptation_fold,500,4,PC1,lora_increment_error_delta,spearman,none,,669,1,-0.29797763418347695
adaptation_fold,500,4,PC1,lora_increment_error_delta,spearman,fold_potency_charge,fold;y_true;prepared_formal_charge,669,6,-0.148649931828115
adaptation_fold,500,4,PC1,lora_increment_error_delta,spearman,fold_potency_charge_MW,fold;y_true;prepared_formal_charge;MW,669,7,-0.14299160516069293
adaptation_fold,500,4,PC2,head_signed_change,pearson,none,,669,1,-0.16498822600745292
adaptation_fold,500,4,PC2,head_signed_change,pearson,fold_potency_charge,fold;y_true;prepared_formal_charge,669,6,-0.281306809782316
adaptation_fold,500,4,PC2,head_signed_change,pearson,fold_potency_charge_MW,fold;y_true;prepared_formal_charge;MW,669,7,-0.2928668628976185
adaptation_fold,500,4,PC2,head_signed_change,spearman,none,,669,1,0.2038825768581971
adaptation_fold,500,4,PC2,head_signed_change,spearman,fold_potency_charge,fold;y_true;prepared_formal_charge,669,6,0.10498928677005062
adaptation_fold,500,4,PC2,head_signed_change,spearman,fold_potency_charge_MW,fold;y_true;prepared_formal_charge;MW,669,7,0.09495380729023847
adaptation_fold,500,4,PC2,head_magnitude,pearson,none,,669,1,0.16498822600745292
adaptation_fold,500,4,PC2,head_magnitude,pearson,fold_potency_charge,fold;y_true;prepared_formal_charge,669,6,0.281306809782316
adaptation_fold,500,4,PC2,head_magnitude,pearson,fold_potency_charge_MW,fold;y_true;prepared_formal_charge;MW,669,7,0.2928668628976185
adaptation_fold,500,4,PC2,head_magnitude,spearman,none,,669,1,-0.2038825768581971
adaptation_fold,500,4,PC2,head_magnitude,spearman,fold_potency_charge,fold;y_true;prepared_formal_charge,669,6,-0.10498928677005062
adaptation_fold,500,4,PC2,head_magnitude,spearman,fold_potency_charge_MW,fold;y_true;prepared_formal_charge;MW,669,7,-0.09495380729023851
adaptation_fold,500,4,PC2,head_error_delta,pearson,none,,669,1,-0.08030195216954832
adaptation_fold,500,4,PC2,head_error_delta,pearson,fold_potency_charge,fold;y_true;prepared_formal_charge,669,6,-0.290346989205767
adaptation_fold,500,4,PC2,head_error_delta,pearson,fold_potency_charge_MW,fold;y_true;prepared_formal_charge;MW,669,7,-0.29287012355736247
adaptation_fold,500,4,PC2,head_error_delta,spearman,none,,669,1,0.06671214160929195
adaptation_fold,500,4,PC2,head_error_delta,spearman,fold_potency_charge,fold;y_true;prepared_formal_charge,669,6,-0.2159275600274736
adaptation_fold,500,4,PC2,head_error_delta,spearman,fold_potency_charge_MW,fold;y_true;prepared_formal_charge;MW,669,7,-0.21738357070288586
adaptation_fold,500,4,PC2,lora_total_signed_change,pearson,none,,669,1,0.06482194826865058
adaptation_fold,500,4,PC2,lora_total_signed_change,pearson,fold_potency_charge,fold;y_true;prepared_formal_charge,669,6,-0.0949759500785128
adaptation_fold,500,4,PC2,lora_total_signed_change,pearson,fold_potency_charge_MW,fold;y_true;prepared_formal_charge;MW,669,7,-0.10697299615102283
adaptation_fold,500,4,PC2,lora_total_signed_change,spearman,none,,669,1,0.3446003381764682
adaptation_fold,500,4,PC2,lora_total_signed_change,spearman,fold_potency_charge,fold;y_true;prepared_formal_charge,669,6,0.19901010683317086
adaptation_fold,500,4,PC2,lora_total_signed_change,spearman,fold_potency_charge_MW,fold;y_true;prepared_formal_charge;MW,669,7,0.19327301865256982
adaptation_fold,500,4,PC2,lora_total_magnitude,pearson,none,,669,1,-0.06336860207032598
adaptation_fold,500,4,PC2,lora_total_magnitude,pearson,fold_potency_charge,fold;y_true;prepared_formal_charge,669,6,0.09664836761355165
adaptation_fold,500,4,PC2,lora_total_magnitude,pearson,fold_potency_charge_MW,fold;y_true;prepared_formal_charge;MW,669,7,0.10881736715194638
adaptation_fold,500,4,PC2,lora_total_magnitude,spearman,none,,669,1,-0.3443749005569612
adaptation_fold,500,4,PC2,lora_total_magnitude,spearman,fold_potency_charge,fold;y_true;prepared_formal_charge,669,6,-0.1988642005835708
adaptation_fold,500,4,PC2,lora_total_magnitude,spearman,fold_potency_charge_MW,fold;y_true;prepared_formal_charge;MW,669,7,-0.19322743371384288
adaptation_fold,500,4,PC2,lora_total_error_delta,pearson,none,,669,1,-0.002251454101598067
adaptation_fold,500,4,PC2,lora_total_error_delta,pearson,fold_potency_charge,fold;y_true;prepared_formal_charge,669,6,-0.21892038406148487
adaptation_fold,500,4,PC2,lora_total_error_delta,pearson,fold_potency_charge_MW,fold;y_true;prepared_formal_charge;MW,669,7,-0.22573498318495
adaptation_fold,500,4,PC2,lora_total_error_delta,spearman,none,,669,1,0.1245777102511395
adaptation_fold,500,4,PC2,lora_total_error_delta,spearman,fold_potency_charge,fold;y_true;prepared_formal_charge,669,6,-0.1797060752704188
adaptation_fold,500,4,PC2,lora_total_error_delta,spearman,fold_potency_charge_MW,fold;y_true;prepared_formal_charge;MW,669,7,-0.17952114506466868
adaptation_fold,500,4,PC2,lora_increment_signed_change,pearson,none,,669,1,0.3790614082223417
adaptation_fold,500,4,PC2,lora_increment_signed_change,pearson,fold_potency_charge,fold;y_true;prepared_formal_charge,669,6,0.2925674391525659
adaptation_fold,500,4,PC2,lora_increment_signed_change,pearson,fold_potency_charge_MW,fold;y_true;prepared_formal_charge;MW,669,7,0.28803342817475397
adaptation_fold,500,4,PC2,lora_increment_signed_change,spearman,none,,669,1,0.49162057385797314
adaptation_fold,500,4,PC2,lora_increment_signed_change,spearman,fold_potency_charge,fold;y_true;prepared_formal_charge,669,6,0.3780807353319197
adaptation_fold,500,4,PC2,lora_increment_signed_change,spearman,fold_potency_charge_MW,fold;y_true;prepared_formal_charge;MW,669,7,0.376615016842368
adaptation_fold,500,4,PC2,lora_increment_magnitude,pearson,none,,669,1,-0.2624266861658845
adaptation_fold,500,4,PC2,lora_increment_magnitude,pearson,fold_potency_charge,fold;y_true;prepared_formal_charge,669,6,-0.17085407724001045
adaptation_fold,500,4,PC2,lora_increment_magnitude,pearson,fold_potency_charge_MW,fold;y_true;prepared_formal_charge;MW,669,7,-0.16224609310991944
adaptation_fold,500,4,PC2,lora_increment_magnitude,spearman,none,,669,1,-0.3510712194511987
adaptation_fold,500,4,PC2,lora_increment_magnitude,spearman,fold_potency_charge,fold;y_true;prepared_formal_charge,669,6,-0.26210000413837836
adaptation_fold,500,4,PC2,lora_increment_magnitude,spearman,fold_potency_charge_MW,fold;y_true;prepared_formal_charge;MW,669,7,-0.25664972872511
adaptation_fold,500,4,PC2,lora_increment_error_delta,pearson,none,,669,1,0.18626465353370317
adaptation_fold,500,4,PC2,lora_increment_error_delta,pearson,fold_potency_charge,fold;y_true;prepared_formal_charge,669,6,0.09047816723965696
adaptation_fold,500,4,PC2,lora_increment_error_delta,pearson,fold_potency_charge_MW,fold;y_true;prepared_formal_charge;MW,669,7,0.08275940943570208
adaptation_fold,500,4,PC2,lora_increment_error_delta,spearman,none,,669,1,0.2587859152186224
adaptation_fold,500,4,PC2,lora_increment_error_delta,spearman,fold_potency_charge,fold;y_true;prepared_formal_charge,669,6,0.14172779691922188
adaptation_fold,500,4,PC2,lora_increment_error_delta,spearman,fold_potency_charge_MW,fold;y_true;prepared_formal_charge;MW,669,7,0.13769589471873103
