record_id,MW,ecdf,value,variable,stratum,denominator
nesso_9e941dec74e7817f80d3,308.81200000000007,0.000321853878339234,0.205,Emax_ratio,MW ≥215 Da,3107
nesso_79681f8705183feb02b9,378.47200000000004,0.000643707756678468,0.234,Emax_ratio,MW ≥215 Da,3107
nesso_6c1674ba3aecbf1ada87,403.5070000000001,0.0009655616350177019,0.24,Emax_ratio,MW ≥215 Da,3107
nesso_534c89cc5c17f3e61528,410.9050000000001,0.001287415513356936,0.249,Emax_ratio,MW ≥215 Da,3107
nesso_53247eafd9ba189c5e7b,415.8520000000001,0.0016092693916961698,0.263,Emax_ratio,MW ≥215 Da,3107
nesso_31260cdec7e055096c27,348.72099999999995,0.0019311232700354038,0.266,Emax_ratio,MW ≥215 Da,3107
nesso_a459262fef7603d1b046,349.8180000000001,0.002252977148374638,0.267,Emax_ratio,MW ≥215 Da,3107
nesso_8f8beff38f9c84710d4d,287.323,0.002574831026713872,0.269,Emax_ratio,MW ≥215 Da,3107
nesso_cf583ba819a60a7d4006,274.32400000000007,0.002896684905053106,0.272,Emax_ratio,MW ≥215 Da,3107
nesso_3c672845c93fbc3b0ad8,357.4100000000001,0.0032185387833923397,0.28,Emax_ratio,MW ≥215 Da,3107
nesso_3d9e62ff45f54cb65cb6,349.45500000000004,0.003540392661731574,0.28,Emax_ratio,MW ≥215 Da,3107
nesso_7f863a8cc56a6afdf476,366.25900000000007,0.0038622465400708077,0.286,Emax_ratio,MW ≥215 Da,3107
nesso_6ace4e2d917b364c933b,313.4050000000001,0.0041841004184100415,0.293,Emax_ratio,MW ≥215 Da,3107
nesso_f05ea00b93ac5f064eaa,324.83299999999997,0.004505954296749276,0.293,Emax_ratio,MW ≥215 Da,3107
nesso_576bebe4416ff590edc8,307.737,0.00482780817508851,0.3,Emax_ratio,MW ≥215 Da,3107
nesso_ae9fd596ccd030217a76,335.367,0.005149662053427744,0.313,Emax_ratio,MW ≥215 Da,3107
nesso_198b16eaed563d147f6e,307.39400000000006,0.0054715159317669775,0.314,Emax_ratio,MW ≥215 Da,3107
nesso_c8711ff99764d8fec2b6,381.3140000000001,0.005793369810106212,0.32,Emax_ratio,MW ≥215 Da,3107
nesso_f2a5c49b0cf6c2a1a568,328.821,0.006115223688445446,0.32,Emax_ratio,MW ≥215 Da,3107
nesso_55b984781dc8f548880d,390.3690000000001,0.006437077566784679,0.323,Emax_ratio,MW ≥215 Da,3107
nesso_ac396d623c2967360851,323.35200000000003,0.0067589314451239136,0.325,Emax_ratio,MW ≥215 Da,3107
nesso_f4372b6fcbdbc55e67aa,469.90700000000015,0.007080785323463148,0.327,Emax_ratio,MW ≥215 Da,3107
nesso_07bb767a30efccdd941f,370.4820000000001,0.007402639201802382,0.329,Emax_ratio,MW ≥215 Da,3107
nesso_d0278a3fcf9e713c8b9e,367.4310000000001,0.007724493080141615,0.337,Emax_ratio,MW ≥215 Da,3107
nesso_17b8484c62f9fe1da054,347.4150000000001,0.00804634695848085,0.341,Emax_ratio,MW ≥215 Da,3107
nesso_8c4b208138b8b1f6531d,314.45500000000004,0.008368200836820083,0.344,Emax_ratio,MW ≥215 Da,3107
nesso_ed1e7810302ca6c17e41,344.3670000000001,0.008690054715159318,0.344,Emax_ratio,MW ≥215 Da,3107
nesso_3f20b8cf58459bf7ce2a,335.41100000000006,0.009011908593498551,0.351,Emax_ratio,MW ≥215 Da,3107
nesso_a4b694ad2d71244edb80,348.4540000000001,0.009333762471837787,0.358,Emax_ratio,MW ≥215 Da,3107
nesso_4adf82aa64064a501d9d,341.4110000000001,0.00965561635017702,0.363,Emax_ratio,MW ≥215 Da,3107
nesso_eedb8a993e3fb68b81c4,405.4830000000001,0.009977470228516253,0.374,Emax_ratio,MW ≥215 Da,3107
nesso_33aabcbee2fb30a18fc1,421.5260000000002,0.010299324106855488,0.375,Emax_ratio,MW ≥215 Da,3107
nesso_af78976fae3b32ffa8a2,334.3660000000001,0.010621177985194722,0.375,Emax_ratio,MW ≥215 Da,3107
nesso_e2c01fedca1566720d67,275.348,0.010943031863533955,0.379,Emax_ratio,MW ≥215 Da,3107
nesso_e3bafbdd1585d326c35c,360.86599999999993,0.01126488574187319,0.403,Emax_ratio,MW ≥215 Da,3107
nesso_ffeaa2e3100aae7cb002,329.331,0.011586739620212423,0.408,Emax_ratio,MW ≥215 Da,3107
nesso_479a72ce96ab137baf17,386.4770000000001,0.011908593498551657,0.412,Emax_ratio,MW ≥215 Da,3107
nesso_5604d89c02aa2a99f6d8,326.343,0.012230447376890892,0.414,Emax_ratio,MW ≥215 Da,3107
nesso_9a7feee7472611874031,384.39200000000005,0.012552301255230125,0.418,Emax_ratio,MW ≥215 Da,3107
nesso_160d349c94932754a608,404.4700000000001,0.012874155133569359,0.419,Emax_ratio,MW ≥215 Da,3107
nesso_774bf1f58abf921f8505,319.36800000000005,0.013196009011908594,0.419,Emax_ratio,MW ≥215 Da,3107
nesso_f64bc8f57a0e8c89cf72,337.48900000000026,0.013517862890247827,0.422,Emax_ratio,MW ≥215 Da,3107
nesso_48c4939adbc2af9c229e,422.4480000000001,0.013839716768587062,0.424,Emax_ratio,MW ≥215 Da,3107
nesso_e8e5989469d8f9de1e7a,346.3940000000001,0.014161570646926296,0.425,Emax_ratio,MW ≥215 Da,3107
nesso_a842026d29f92e69df26,428.53200000000015,0.014483424525265529,0.426,Emax_ratio,MW ≥215 Da,3107
nesso_4df9414b72b78724e945,312.3690000000001,0.014805278403604764,0.428,Emax_ratio,MW ≥215 Da,3107
nesso_5f700fa762868dcf19d7,337.3790000000001,0.015127132281943997,0.428,Emax_ratio,MW ≥215 Da,3107
nesso_e8a718af640327bf3b84,331.4160000000001,0.01544898616028323,0.43,Emax_ratio,MW ≥215 Da,3107
nesso_feaff2bc9832edc16da7,324.384,0.015770840038622464,0.434,Emax_ratio,MW ≥215 Da,3107
nesso_618b3094ea016ea6b926,341.39200000000005,0.0160926939169617,0.437,Emax_ratio,MW ≥215 Da,3107
nesso_ed157dad9610950b8ab9,331.3870000000001,0.016414547795300934,0.439,Emax_ratio,MW ≥215 Da,3107
nesso_dd469465c15c0589548b,324.42800000000005,0.016736401673640166,0.442,Emax_ratio,MW ≥215 Da,3107
nesso_e766f8d81a9ad5cb70b0,252.726,0.0170582555519794,0.442,Emax_ratio,MW ≥215 Da,3107
nesso_464704ea41a9df81eba2,328.29800000000006,0.017380109430318636,0.443,Emax_ratio,MW ≥215 Da,3107
nesso_5f322f00e6be8e49a02e,319.3210000000001,0.017701963308657868,0.444,Emax_ratio,MW ≥215 Da,3107
nesso_c1760a58966de3ce4a14,365.5430000000002,0.018023817186997103,0.445,Emax_ratio,MW ≥215 Da,3107
nesso_b1c7a98f665e472a9bfb,297.38699999999994,0.018345671065336338,0.447,Emax_ratio,MW ≥215 Da,3107
nesso_450883681fbc8c123172,323.3520000000001,0.018667524943675573,0.448,Emax_ratio,MW ≥215 Da,3107
nesso_b84d25573d40fa8205f2,276.38300000000004,0.018989378822014805,0.453,Emax_ratio,MW ≥215 Da,3107
nesso_cb422cb0452981284e12,378.36700000000013,0.01931123270035404,0.453,Emax_ratio,MW ≥215 Da,3107
nesso_f55b9b3aa3e836fe48af,341.47700000000003,0.019633086578693275,0.453,Emax_ratio,MW ≥215 Da,3107
nesso_0d4757b497005ae44de0,326.312,0.019954940457032506,0.457,Emax_ratio,MW ≥215 Da,3107
nesso_60b8c2dc5a456a321fa9,278.35900000000004,0.02027679433537174,0.458,Emax_ratio,MW ≥215 Da,3107
nesso_4094c7d85926985b1611,327.384,0.020598648213710977,0.464,Emax_ratio,MW ≥215 Da,3107
nesso_64a14d4fb06649a81618,391.474,0.02092050209205021,0.466,Emax_ratio,MW ≥215 Da,3107
nesso_013e7d360dd9dcf37a34,360.41700000000003,0.021242355970389443,0.468,Emax_ratio,MW ≥215 Da,3107
nesso_7ba00f7eef600c42199f,377.42500000000007,0.02156420984872868,0.468,Emax_ratio,MW ≥215 Da,3107
nesso_6c5d5259ece28cc1de79,329.40400000000005,0.02188606372706791,0.47,Emax_ratio,MW ≥215 Da,3107
nesso_f175ea0f6068b1ab35f4,344.374,0.022207917605407145,0.47,Emax_ratio,MW ≥215 Da,3107
nesso_1bdd384c5eb9c6686463,341.31700000000006,0.02252977148374638,0.472,Emax_ratio,MW ≥215 Da,3107
nesso_c659fa4a7f4fde3a4845,467.3200000000001,0.022851625362085612,0.473,Emax_ratio,MW ≥215 Da,3107
nesso_3d1aa0387a9f83b6b2c4,338.4110000000002,0.023173479240424847,0.474,Emax_ratio,MW ≥215 Da,3107
nesso_ea1fc280ce0a7bb8bc4c,356.37500000000006,0.023495333118764082,0.475,Emax_ratio,MW ≥215 Da,3107
nesso_4f19ccaf0a9f3f8ba27e,307.46299999999997,0.023817186997103314,0.477,Emax_ratio,MW ≥215 Da,3107
nesso_63c11cab8c688a6d29b2,335.41100000000006,0.02413904087544255,0.477,Emax_ratio,MW ≥215 Da,3107
nesso_e7a1b670224ff7a9ab8e,337.423,0.024460894753781784,0.483,Emax_ratio,MW ≥215 Da,3107
nesso_2bfe6ce7702fb68632af,368.36800000000005,0.024782748632121016,0.484,Emax_ratio,MW ≥215 Da,3107
nesso_4ad44a6be2a0083306e8,324.428,0.02510460251046025,0.484,Emax_ratio,MW ≥215 Da,3107
nesso_a55a4ee1d6e3fe176f45,325.41600000000005,0.025426456388799486,0.484,Emax_ratio,MW ≥215 Da,3107
nesso_3d2226671f8e509a68b1,260.676,0.025748310267138717,0.485,Emax_ratio,MW ≥215 Da,3107
nesso_1afe54bdc8adf2cdbaaa,428.5370000000002,0.026070164145477952,0.488,Emax_ratio,MW ≥215 Da,3107
nesso_9191ee76313c694a954a,414.89700000000005,0.026392018023817188,0.488,Emax_ratio,MW ≥215 Da,3107
nesso_9e1665adb75c6b5f54d2,346.84300000000013,0.026713871902156423,0.489,Emax_ratio,MW ≥215 Da,3107
nesso_aeb8ee90b1bac1d7fb98,261.3649999999999,0.027035725780495654,0.49,Emax_ratio,MW ≥215 Da,3107
nesso_07104036aa04c2df6f78,340.3010000000001,0.02735757965883489,0.491,Emax_ratio,MW ≥215 Da,3107
nesso_0986d6843d17d29d4294,350.4180000000001,0.027679433537174124,0.491,Emax_ratio,MW ≥215 Da,3107
nesso_dfafa75e233e6874d402,334.423,0.028001287415513356,0.492,Emax_ratio,MW ≥215 Da,3107
nesso_1d9c963e7f884427d214,371.4810000000001,0.02832314129385259,0.494,Emax_ratio,MW ≥215 Da,3107
nesso_5c433aafa086b80b3f57,322.3400000000002,0.028644995172191826,0.494,Emax_ratio,MW ≥215 Da,3107
nesso_cf22e08f1779a06cebed,310.3230000000001,0.028966849050531058,0.494,Emax_ratio,MW ≥215 Da,3107
nesso_161713f4d14efc1eac8b,286.334,0.029288702928870293,0.495,Emax_ratio,MW ≥215 Da,3107
nesso_1b1b8e808e4d9dac556b,425.55400000000014,0.029610556807209528,0.496,Emax_ratio,MW ≥215 Da,3107
nesso_2516fc3a7228b57dc05d,314.3450000000001,0.02993241068554876,0.496,Emax_ratio,MW ≥215 Da,3107
nesso_59327610acf50c07cf1a,293.4360000000001,0.030254264563887995,0.498,Emax_ratio,MW ≥215 Da,3107
nesso_7a2060e24a2e382cc79b,301.41499999999996,0.03057611844222723,0.5,Emax_ratio,MW ≥215 Da,3107
nesso_744f2806483f139986dd,380.2310000000002,0.03089797232056646,0.502,Emax_ratio,MW ≥215 Da,3107
nesso_c43511bb41500799bdf1,343.452,0.031219826198905697,0.503,Emax_ratio,MW ≥215 Da,3107
nesso_8858f4bb679552004fce,369.4460000000001,0.03154168007724493,0.505,Emax_ratio,MW ≥215 Da,3107
nesso_51d34d2b0c45130bf93d,359.4010000000002,0.03186353395558417,0.506,Emax_ratio,MW ≥215 Da,3107
nesso_ccec56492ed773950b52,406.2690000000002,0.0321853878339234,0.506,Emax_ratio,MW ≥215 Da,3107
nesso_480672e31a4d3b8af72d,384.4360000000003,0.03250724171226263,0.507,Emax_ratio,MW ≥215 Da,3107
nesso_c41708616ca07dd45c24,333.338,0.03282909559060187,0.507,Emax_ratio,MW ≥215 Da,3107
nesso_1eed5da53e450d351607,358.463,0.0331509494689411,0.509,Emax_ratio,MW ≥215 Da,3107
nesso_5a229045f5d70d851ea7,433.5520000000002,0.03347280334728033,0.509,Emax_ratio,MW ≥215 Da,3107
nesso_a4a5232b70ff5ac17347,348.51600000000013,0.03379465722561957,0.509,Emax_ratio,MW ≥215 Da,3107
nesso_e085433cf71a5d8f8ca4,398.423,0.0341165111039588,0.509,Emax_ratio,MW ≥215 Da,3107
nesso_a069a9a5d9622cb3922c,355.419,0.034438364982298034,0.51,Emax_ratio,MW ≥215 Da,3107
nesso_852af2776e5648c7865c,358.41900000000004,0.03476021886063727,0.511,Emax_ratio,MW ≥215 Da,3107
nesso_24052bcfeee4e3acb67a,374.46200000000016,0.035082072738976504,0.512,Emax_ratio,MW ≥215 Da,3107
nesso_6306b947cf44de5ff207,361.43500000000006,0.035403926617315735,0.512,Emax_ratio,MW ≥215 Da,3107
nesso_eeecfaf9683cb007193c,320.408,0.035725780495654974,0.512,Emax_ratio,MW ≥215 Da,3107
nesso_0d49c9c20af441aca09c,347.41800000000006,0.036047634373994206,0.513,Emax_ratio,MW ≥215 Da,3107
nesso_173f5a67b241564fa472,362.4730000000001,0.03636948825233344,0.513,Emax_ratio,MW ≥215 Da,3107
nesso_4ee34d0caba25baead79,373.46,0.036691342130672676,0.513,Emax_ratio,MW ≥215 Da,3107
nesso_b1e42a10751c53250b8b,320.39599999999996,0.03701319600901191,0.514,Emax_ratio,MW ≥215 Da,3107
nesso_1caca110de780fa42308,306.369,0.037335049887351146,0.515,Emax_ratio,MW ≥215 Da,3107
nesso_5ef04e910eada15532e0,316.32700000000006,0.03765690376569038,0.515,Emax_ratio,MW ≥215 Da,3107
nesso_9a334a9ec7eff068c54f,346.408,0.03797875764402961,0.515,Emax_ratio,MW ≥215 Da,3107
nesso_c623c84e1687f47ba87b,341.45900000000006,0.03830061152236885,0.515,Emax_ratio,MW ≥215 Da,3107
nesso_93b9c1c2d716a530bcb8,340.423,0.03862246540070808,0.516,Emax_ratio,MW ≥215 Da,3107
nesso_9e45bc6a9ec762649b98,358.4380000000001,0.03894431927904731,0.516,Emax_ratio,MW ≥215 Da,3107
nesso_fbaf840480ce60c21d3e,355.26500000000016,0.03926617315738655,0.516,Emax_ratio,MW ≥215 Da,3107
nesso_04a0abbb4ac420dee418,458.5150000000002,0.03958802703572578,0.517,Emax_ratio,MW ≥215 Da,3107
nesso_62ad8000d79ab1f0bbff,302.399,0.03990988091406501,0.517,Emax_ratio,MW ≥215 Da,3107
nesso_2117c25f5a24a3055704,320.29600000000005,0.04023173479240425,0.518,Emax_ratio,MW ≥215 Da,3107
nesso_c09e42102d55212a9820,324.42400000000004,0.04055358867074348,0.518,Emax_ratio,MW ≥215 Da,3107
nesso_d66688e73c56bca66da2,388.4640000000001,0.040875442549082715,0.518,Emax_ratio,MW ≥215 Da,3107
nesso_ebb55413433d011e71e3,304.3570000000001,0.04119729642742195,0.519,Emax_ratio,MW ≥215 Da,3107
nesso_237b9025d333572cd44e,323.318,0.041519150305761185,0.521,Emax_ratio,MW ≥215 Da,3107
nesso_066ec041acb34af05398,358.46700000000004,0.04184100418410042,0.522,Emax_ratio,MW ≥215 Da,3107
nesso_4e7e5d0a706f7efc04b5,427.48300000000023,0.042162858062439655,0.522,Emax_ratio,MW ≥215 Da,3107
nesso_afc9407c5f3564d8d409,322.36800000000005,0.04248471194077889,0.522,Emax_ratio,MW ≥215 Da,3107
nesso_07b485f36d511778181b,392.4840000000001,0.04280656581911812,0.523,Emax_ratio,MW ≥215 Da,3107
nesso_63c9e3598a65a7a72ac4,308.3850000000001,0.04312841969745736,0.523,Emax_ratio,MW ≥215 Da,3107
nesso_880151ab6cd2c4485356,437.9270000000002,0.04345027357579659,0.523,Emax_ratio,MW ≥215 Da,3107
nesso_abe5d4ea8756addbee0c,340.4270000000001,0.04377212745413582,0.523,Emax_ratio,MW ≥215 Da,3107
nesso_d1960d14c7d5410b0ce6,463.3760000000004,0.04409398133247506,0.524,Emax_ratio,MW ≥215 Da,3107
nesso_a9c226db37b2ea6412b4,398.4380000000001,0.04441583521081429,0.525,Emax_ratio,MW ≥215 Da,3107
nesso_aff3bdcaf7710dcdc86a,363.8450000000001,0.04473768908915352,0.525,Emax_ratio,MW ≥215 Da,3107
nesso_5268176b952d92eaef33,334.401,0.04505954296749276,0.527,Emax_ratio,MW ≥215 Da,3107
nesso_617032ca224868e73053,359.49500000000006,0.04538139684583199,0.527,Emax_ratio,MW ≥215 Da,3107
nesso_15138980233c241934f3,332.36000000000007,0.045703250724171224,0.528,Emax_ratio,MW ≥215 Da,3107
nesso_516d33d747aa0b9914af,353.3730000000001,0.04602510460251046,0.528,Emax_ratio,MW ≥215 Da,3107
nesso_c8c8aa132845a6ad4771,351.472,0.046346958480849694,0.529,Emax_ratio,MW ≥215 Da,3107
nesso_5a222eda71eb8135b46c,301.39400000000006,0.046668812359188926,0.53,Emax_ratio,MW ≥215 Da,3107
nesso_c7d178f293f08208511f,316.35700000000014,0.046990666237528164,0.53,Emax_ratio,MW ≥215 Da,3107
nesso_88344b7f414a04aee5fe,365.35499999999996,0.047312520115867396,0.531,Emax_ratio,MW ≥215 Da,3107
nesso_3c3b840f9c822a17cc5d,351.40600000000023,0.04763437399420663,0.532,Emax_ratio,MW ≥215 Da,3107
nesso_f4e21e0c47a423937635,343.39000000000004,0.047956227872545866,0.532,Emax_ratio,MW ≥215 Da,3107
nesso_694625b3c16ee4f7aaa5,301.3940000000002,0.0482780817508851,0.533,Emax_ratio,MW ≥215 Da,3107
nesso_85647f9b6a72a3788790,327.3840000000001,0.04859993562922433,0.533,Emax_ratio,MW ≥215 Da,3107
nesso_18d5804e0ac8530dbc9d,377.26300000000003,0.04892178950756357,0.535,Emax_ratio,MW ≥215 Da,3107
nesso_8b35d3bd288aab9e4be6,363.8260000000001,0.0492436433859028,0.535,Emax_ratio,MW ≥215 Da,3107
nesso_950480cea024ee833804,366.44300000000015,0.04956549726424203,0.535,Emax_ratio,MW ≥215 Da,3107
nesso_6a8c908032a784cf54f5,350.3650000000001,0.04988735114258127,0.537,Emax_ratio,MW ≥215 Da,3107
nesso_7a2b3e76c94e044eceb9,362.4110000000001,0.0502092050209205,0.537,Emax_ratio,MW ≥215 Da,3107
nesso_88219f172d7c03a07ec8,320.37399999999997,0.05053105889925973,0.537,Emax_ratio,MW ≥215 Da,3107
nesso_1277f97dde5380318fb0,372.372,0.05085291277759897,0.538,Emax_ratio,MW ≥215 Da,3107
nesso_4336adcfe66ca385b402,331.3380000000002,0.0511747666559382,0.538,Emax_ratio,MW ≥215 Da,3107
nesso_ee344ca232a86c3f217b,389.8330000000001,0.051496620534277435,0.538,Emax_ratio,MW ≥215 Da,3107
nesso_8154b49ccb2095046ee2,338.4550000000001,0.05181847441261667,0.539,Emax_ratio,MW ≥215 Da,3107
nesso_ea77fe4ec9cfbb1c060e,322.36800000000005,0.052140328290955905,0.539,Emax_ratio,MW ≥215 Da,3107
nesso_ad506eefc1366a23c52d,378.4320000000001,0.05246218216929514,0.54,Emax_ratio,MW ≥215 Da,3107
nesso_bb4f4d5b7c55e9f93fcd,336.45700000000016,0.052784036047634375,0.54,Emax_ratio,MW ≥215 Da,3107
nesso_d442a112f763ba960f7b,363.44600000000014,0.05310588992597361,0.541,Emax_ratio,MW ≥215 Da,3107
nesso_8f3dadf6c6bed6ea695f,363.5080000000001,0.053427743804312845,0.544,Emax_ratio,MW ≥215 Da,3107
nesso_07b3e984cfccf6644bde,369.42800000000005,0.05374959768265208,0.546,Emax_ratio,MW ≥215 Da,3107
nesso_a11b394db702e1c8d321,337.4270000000001,0.05407145156099131,0.546,Emax_ratio,MW ≥215 Da,3107
nesso_0e3de97115d58066fc44,401.4220000000001,0.05439330543933055,0.547,Emax_ratio,MW ≥215 Da,3107
nesso_4cc2249024ba721b2572,365.4770000000002,0.05471515931766978,0.547,Emax_ratio,MW ≥215 Da,3107
nesso_cee2432beeddb77af903,446.5580000000001,0.05503701319600901,0.547,Emax_ratio,MW ≥215 Da,3107
nesso_788dd7e55d9bfef2b5ce,395.5070000000001,0.05535886707434825,0.548,Emax_ratio,MW ≥215 Da,3107
nesso_884c2c459fa747763a9b,311.38500000000005,0.05568072095268748,0.548,Emax_ratio,MW ≥215 Da,3107
nesso_97dada64cebff6949428,445.48200000000014,0.05600257483102671,0.549,Emax_ratio,MW ≥215 Da,3107
nesso_a2c92032902af5a8fb2e,334.379,0.05632442870936595,0.549,Emax_ratio,MW ≥215 Da,3107
nesso_8173490424ff8e39377a,342.374,0.05664628258770518,0.55,Emax_ratio,MW ≥215 Da,3107
nesso_a6076192b199418857c2,427.9110000000002,0.056968136466044414,0.55,Emax_ratio,MW ≥215 Da,3107
nesso_b0ff6deee1b634b932c3,304.4149999999999,0.05728999034438365,0.55,Emax_ratio,MW ≥215 Da,3107
nesso_bd659402e541b15c6827,315.38000000000005,0.057611844222722884,0.55,Emax_ratio,MW ≥215 Da,3107
nesso_bfdcde195031f6bd9a8d,324.38000000000005,0.057933698101062116,0.55,Emax_ratio,MW ≥215 Da,3107
nesso_5485cb4a953f084b77a3,328.42000000000024,0.058255551979401354,0.551,Emax_ratio,MW ≥215 Da,3107
nesso_b24330ad138bab5125a8,286.375,0.058577405857740586,0.552,Emax_ratio,MW ≥215 Da,3107
nesso_4b29e59c04f4b19b8945,349.2280000000001,0.05889925973607982,0.554,Emax_ratio,MW ≥215 Da,3107
nesso_d17352eecf36efc16dd9,314.38900000000007,0.059221113614419056,0.554,Emax_ratio,MW ≥215 Da,3107
nesso_165974741f83bca7d77c,374.5060000000001,0.05954296749275829,0.555,Emax_ratio,MW ≥215 Da,3107
nesso_2ee21137689780b0b25f,338.44000000000005,0.05986482137109752,0.555,Emax_ratio,MW ≥215 Da,3107
nesso_e07b61eb15b8b1dd431d,273.33199999999994,0.06018667524943676,0.555,Emax_ratio,MW ≥215 Da,3107
nesso_ef53972da0229a7aa84f,309.37300000000005,0.06050852912777599,0.555,Emax_ratio,MW ≥215 Da,3107
nesso_0d7051adc6215de69ee0,402.2960000000002,0.06083038300611522,0.556,Emax_ratio,MW ≥215 Da,3107
nesso_4921010e3eae61f92e74,317.35200000000003,0.06115223688445446,0.556,Emax_ratio,MW ≥215 Da,3107
nesso_add8319b8b3c9a3c41f0,371.45599999999996,0.06147409076279369,0.556,Emax_ratio,MW ≥215 Da,3107
nesso_c7745502a496ed54f404,356.4700000000001,0.06179594464113292,0.5565,Emax_ratio,MW ≥215 Da,3107
nesso_3812c3701bef172ea515,316.445,0.06211779851947216,0.557,Emax_ratio,MW ≥215 Da,3107
nesso_a55babaee182aa2e0e63,353.4220000000001,0.06243965239781139,0.557,Emax_ratio,MW ≥215 Da,3107
nesso_b5dd0161bbf624c3c92d,327.3880000000001,0.06276150627615062,0.557,Emax_ratio,MW ≥215 Da,3107
nesso_cfdcb8cdb421c438449e,422.4850000000002,0.06308336015448986,0.557,Emax_ratio,MW ≥215 Da,3107
nesso_eaa8077db13e5ebb3420,340.38300000000004,0.0634052140328291,0.557,Emax_ratio,MW ≥215 Da,3107
nesso_53fc3c2fc49d1e3ce1b9,344.415,0.06372706791116833,0.558,Emax_ratio,MW ≥215 Da,3107
nesso_7f8c1cb7d675956910d3,375.4280000000001,0.06404892178950757,0.558,Emax_ratio,MW ≥215 Da,3107
nesso_4495c1742b936211fcf1,405.5020000000002,0.0643707756678468,0.561,Emax_ratio,MW ≥215 Da,3107
nesso_bf8bf635a0f6064b80ca,324.34000000000003,0.06469262954618603,0.561,Emax_ratio,MW ≥215 Da,3107
nesso_c88824b28363920d9180,304.341,0.06501448342452526,0.561,Emax_ratio,MW ≥215 Da,3107
nesso_d77e4cfb342eb7a60b4a,341.49800000000016,0.0653363373028645,0.561,Emax_ratio,MW ≥215 Da,3107
nesso_a53ad36e8d04a03a9b76,329.37899999999996,0.06565819118120374,0.562,Emax_ratio,MW ≥215 Da,3107
nesso_4df39b1eae65834b2e0f,325.3900000000001,0.06598004505954297,0.563,Emax_ratio,MW ≥215 Da,3107
nesso_89fb8fd3c279a1d64bc5,362.43300000000005,0.0663018989378822,0.563,Emax_ratio,MW ≥215 Da,3107
nesso_005ba886a4b27089d816,378.46900000000016,0.06662375281622143,0.566,Emax_ratio,MW ≥215 Da,3107
nesso_7473bae7193be03133ba,339.4390000000001,0.06694560669456066,0.566,Emax_ratio,MW ≥215 Da,3107
nesso_a56a506ebc19551592a7,363.8160000000001,0.06726746057289991,0.568,Emax_ratio,MW ≥215 Da,3107
nesso_168c6e9bd9da79ac0a26,313.401,0.06758931445123914,0.569,Emax_ratio,MW ≥215 Da,3107
nesso_3b29dfd01e83ade6f50f,369.4020000000001,0.06791116832957837,0.571,Emax_ratio,MW ≥215 Da,3107
nesso_26830ce9640e1358350e,323.3960000000001,0.0682330222079176,0.572,Emax_ratio,MW ≥215 Da,3107
nesso_5b1088b7aa75b031014e,374.85300000000007,0.06855487608625684,0.573,Emax_ratio,MW ≥215 Da,3107
nesso_d846c8c5c882cb071a80,382.50800000000015,0.06887672996459607,0.573,Emax_ratio,MW ≥215 Da,3107
nesso_319236949d5cf854846a,352.82500000000005,0.06919858384293531,0.574,Emax_ratio,MW ≥215 Da,3107
nesso_db94ee6f7d53f8069cae,364.40100000000007,0.06952043772127454,0.574,Emax_ratio,MW ≥215 Da,3107
nesso_ee746642cec30b553400,317.4140000000001,0.06984229159961378,0.574,Emax_ratio,MW ≥215 Da,3107
nesso_198b7182308b1006fc6d,412.4770000000001,0.07016414547795301,0.575,Emax_ratio,MW ≥215 Da,3107
nesso_2b4d37b1196fb7f27b1b,342.42400000000015,0.07048599935629224,0.575,Emax_ratio,MW ≥215 Da,3107
nesso_3fd03c3094d6f22f9a9c,341.337,0.07080785323463147,0.575,Emax_ratio,MW ≥215 Da,3107
nesso_b11b63b0adf22cd82865,332.36700000000013,0.07112970711297072,0.575,Emax_ratio,MW ≥215 Da,3107
nesso_1aad073690cf5e86b058,337.4480000000001,0.07145156099130995,0.576,Emax_ratio,MW ≥215 Da,3107
nesso_9b30b952c5a8037fe742,362.45500000000027,0.07177341486964918,0.576,Emax_ratio,MW ≥215 Da,3107
nesso_b270e8c690b1370e3061,388.4310000000001,0.07209526874798841,0.576,Emax_ratio,MW ≥215 Da,3107
nesso_eb1536d9deb7c5063e7e,416.8720000000002,0.07241712262632764,0.576,Emax_ratio,MW ≥215 Da,3107
nesso_e21ac21018e75d5ca898,408.5230000000003,0.07273897650466687,0.577,Emax_ratio,MW ≥215 Da,3107
nesso_f6e63e57d1fff1c4c379,419.91600000000017,0.07306083038300612,0.577,Emax_ratio,MW ≥215 Da,3107
nesso_379cd3c377e8dd93ceb3,399.4740000000001,0.07338268426134535,0.578,Emax_ratio,MW ≥215 Da,3107
nesso_3fed9cf30c5b149e95e8,350.42200000000014,0.07370453813968458,0.578,Emax_ratio,MW ≥215 Da,3107
nesso_47bbec69b72d265e9196,344.44000000000005,0.07402639201802381,0.578,Emax_ratio,MW ≥215 Da,3107
nesso_74fbbe7d6faf6de17987,370.4930000000002,0.07434824589636305,0.578,Emax_ratio,MW ≥215 Da,3107
nesso_9b23e6f57c00a5dd8e25,331.31899999999996,0.07467009977470229,0.578,Emax_ratio,MW ≥215 Da,3107
nesso_cb392c18a88064564a91,330.4120000000001,0.07499195365304152,0.578,Emax_ratio,MW ≥215 Da,3107
nesso_fbe2046d026726da7d99,330.34400000000005,0.07531380753138076,0.579,Emax_ratio,MW ≥215 Da,3107
nesso_11f6ca4985116466873d,310.3440000000001,0.07563566140971999,0.58,Emax_ratio,MW ≥215 Da,3107
nesso_9a28c8c1559fe059ce56,328.8070000000002,0.07595751528805922,0.581,Emax_ratio,MW ≥215 Da,3107
nesso_ce66cc0c624f14c61c67,348.7360000000001,0.07627936916639845,0.581,Emax_ratio,MW ≥215 Da,3107
nesso_6f334b162e2cb4d06a1c,374.8720000000002,0.0766012230447377,0.582,Emax_ratio,MW ≥215 Da,3107
nesso_b148c1ed90d306cccec3,447.80400000000003,0.07692307692307693,0.582,Emax_ratio,MW ≥215 Da,3107
nesso_f0c131c632cc293cb92e,331.46600000000007,0.07724493080141616,0.582,Emax_ratio,MW ≥215 Da,3107
nesso_0bdf12e321b2bc8e9379,264.285,0.07756678467975539,0.583,Emax_ratio,MW ≥215 Da,3107
nesso_ed8fa59931315649efd2,402.33200000000005,0.07788863855809462,0.5835,Emax_ratio,MW ≥215 Da,3107
nesso_6276ecb33c762bf0d583,387.8580000000002,0.07821049243643385,0.584,Emax_ratio,MW ≥215 Da,3107
nesso_3049d16166e0a2f63420,338.3710000000001,0.0785323463147731,0.585,Emax_ratio,MW ≥215 Da,3107
nesso_532c26b91e534a301873,310.397,0.07885420019311233,0.585,Emax_ratio,MW ≥215 Da,3107
nesso_6a5eb23c694332d2e540,293.36600000000004,0.07917605407145156,0.585,Emax_ratio,MW ≥215 Da,3107
nesso_24b1a6f1d293638b2658,333.33500000000004,0.0794979079497908,0.586,Emax_ratio,MW ≥215 Da,3107
nesso_a9a9caeeeb128380e911,354.85900000000004,0.07981976182813003,0.586,Emax_ratio,MW ≥215 Da,3107
nesso_bd075d588e588a06a39f,340.35400000000004,0.08014161570646926,0.586,Emax_ratio,MW ≥215 Da,3107
nesso_3a2d35c09af5a81eb7df,414.5090000000002,0.0804634695848085,0.587,Emax_ratio,MW ≥215 Da,3107
nesso_a71f8ee13e01a509e9d5,445.5480000000003,0.08078532346314773,0.587,Emax_ratio,MW ≥215 Da,3107
nesso_b95113ce43355ef6b9aa,345.83,0.08110717734148697,0.587,Emax_ratio,MW ≥215 Da,3107
nesso_bd91793c03226df0945c,343.431,0.0814290312198262,0.587,Emax_ratio,MW ≥215 Da,3107
nesso_92f00cdd7651c0951c72,339.32099999999997,0.08175088509816543,0.59,Emax_ratio,MW ≥215 Da,3107
nesso_8ad1acd1f4ca5be64230,464.61300000000034,0.08207273897650466,0.5905,Emax_ratio,MW ≥215 Da,3107
nesso_88a545cd3528a4f93730,385.4930000000001,0.0823945928548439,0.591,Emax_ratio,MW ≥215 Da,3107
nesso_e7d92543fdacc6868c40,356.44500000000016,0.08271644673318314,0.592,Emax_ratio,MW ≥215 Da,3107
nesso_0196d9d3e6d1cac52135,383.92000000000013,0.08303830061152237,0.593,Emax_ratio,MW ≥215 Da,3107
nesso_5d41abd900375d3df380,322.79200000000003,0.0833601544898616,0.593,Emax_ratio,MW ≥215 Da,3107
nesso_a3ecc43c71e48f9489f1,285.318,0.08368200836820083,0.593,Emax_ratio,MW ≥215 Da,3107
nesso_f56148d45bce8107496c,346.8390000000001,0.08400386224654006,0.593,Emax_ratio,MW ≥215 Da,3107
nesso_93a30e7e8faafff99c45,309.395,0.08432571612487931,0.594,Emax_ratio,MW ≥215 Da,3107
nesso_94c2387666bd639102d4,426.36900000000014,0.08464757000321854,0.594,Emax_ratio,MW ≥215 Da,3107
nesso_2c569330d0f1dc1c2eba,399.9000000000001,0.08496942388155777,0.595,Emax_ratio,MW ≥215 Da,3107
nesso_f31b7f0455b023e3f0a8,304.349,0.085291277759897,0.595,Emax_ratio,MW ≥215 Da,3107
nesso_bb5c7e185914758c3fcf,322.324,0.08561313163823624,0.596,Emax_ratio,MW ≥215 Da,3107
nesso_9127ffab525c03e9324d,303.36899999999997,0.08593498551657547,0.597,Emax_ratio,MW ≥215 Da,3107
nesso_d47892038c678b6270bc,366.4650000000001,0.08625683939491471,0.597,Emax_ratio,MW ≥215 Da,3107
nesso_e6ed44979480f3a5d850,371.3080000000001,0.08657869327325395,0.597,Emax_ratio,MW ≥215 Da,3107
nesso_5ed4e99cb7589ca8b53a,403.2550000000001,0.08690054715159318,0.598,Emax_ratio,MW ≥215 Da,3107
nesso_5a8832e46bbe553a29f8,417.4870000000002,0.08722240102993241,0.599,Emax_ratio,MW ≥215 Da,3107
nesso_e76cb67c4d0f9cfd4c3c,416.8650000000001,0.08754425490827164,0.599,Emax_ratio,MW ≥215 Da,3107
nesso_f7f889e39f2e6390955f,406.4980000000001,0.08786610878661087,0.6,Emax_ratio,MW ≥215 Da,3107
nesso_2d59c97a10e2bd11da80,350.41800000000006,0.08818796266495012,0.601,Emax_ratio,MW ≥215 Da,3107
nesso_6b83d2a5ee526dcbd7d8,334.46000000000015,0.08850981654328935,0.602,Emax_ratio,MW ≥215 Da,3107
nesso_8a517a1b62792d3c71cc,348.40600000000006,0.08883167042162858,0.603,Emax_ratio,MW ≥215 Da,3107
nesso_a844e5fad606601cc13e,426.47000000000014,0.08915352429996781,0.603,Emax_ratio,MW ≥215 Da,3107
nesso_c4ac5ed9bd340a0319eb,374.51000000000005,0.08947537817830704,0.603,Emax_ratio,MW ≥215 Da,3107
nesso_e10b3aee972f0faa0dc7,323.418,0.08979723205664629,0.603,Emax_ratio,MW ≥215 Da,3107
nesso_9a4d616354daee70ace6,331.376,0.09011908593498552,0.604,Emax_ratio,MW ≥215 Da,3107
nesso_07c0489d67ccecf78276,324.837,0.09044093981332475,0.605,Emax_ratio,MW ≥215 Da,3107
nesso_2333f18693329d0ccfe2,379.5040000000003,0.09076279369166398,0.605,Emax_ratio,MW ≥215 Da,3107
nesso_292011bedd66e920112c,343.47300000000007,0.09108464757000322,0.605,Emax_ratio,MW ≥215 Da,3107
nesso_837c2e1a661a2664849c,355.46700000000004,0.09140650144834245,0.605,Emax_ratio,MW ≥215 Da,3107
nesso_b4eef0b9bd0dcf2d701f,321.33100000000013,0.0917283553266817,0.605,Emax_ratio,MW ≥215 Da,3107
nesso_96202062b8ca0bd8e295,335.36300000000017,0.09205020920502092,0.606,Emax_ratio,MW ≥215 Da,3107
nesso_9d78dc459cea569ef5da,342.374,0.09237206308336016,0.606,Emax_ratio,MW ≥215 Da,3107
nesso_c8d6f6c4757aab47992a,316.426,0.09269391696169939,0.606,Emax_ratio,MW ≥215 Da,3107
nesso_e8bd6fcabaf73fba5930,532.5700000000002,0.09301577084003862,0.6060000000000001,Emax_ratio,MW ≥215 Da,3107
nesso_0da288e221cb891631de,318.402,0.09333762471837785,0.608,Emax_ratio,MW ≥215 Da,3107
nesso_530228273bf8f342fa35,351.36600000000016,0.0936594785967171,0.608,Emax_ratio,MW ≥215 Da,3107
nesso_88b825ef9a9b96d03ca7,370.3560000000001,0.09398133247505633,0.608,Emax_ratio,MW ≥215 Da,3107
nesso_92cb2cca594543b00793,333.4110000000002,0.09430318635339556,0.608,Emax_ratio,MW ≥215 Da,3107
nesso_0907ee74de0e79b4f6e8,332.38100000000003,0.09462504023173479,0.609,Emax_ratio,MW ≥215 Da,3107
nesso_a5d454d59ba7aa25272e,403.4420000000001,0.09494689411007402,0.61,Emax_ratio,MW ≥215 Da,3107
nesso_a299fbb3c02320c0ccef,312.377,0.09526874798841325,0.611,Emax_ratio,MW ≥215 Da,3107
nesso_ccc64da077419e5a7495,334.80300000000017,0.0955906018667525,0.611,Emax_ratio,MW ≥215 Da,3107
nesso_501290520d85eb37b055,332.816,0.09591245574509173,0.612,Emax_ratio,MW ≥215 Da,3107
nesso_535535d49063d600a068,400.50400000000013,0.09623430962343096,0.612,Emax_ratio,MW ≥215 Da,3107
nesso_efca5487738be996b514,349.39000000000004,0.0965561635017702,0.613,Emax_ratio,MW ≥215 Da,3107
nesso_56baad3f61e86b2b5958,362.37600000000003,0.09687801738010943,0.614,Emax_ratio,MW ≥215 Da,3107
nesso_05964dbd2692b794b3bf,373.5410000000001,0.09719987125844866,0.615,Emax_ratio,MW ≥215 Da,3107
nesso_179fe9bbcc38b2256b44,346.4960000000002,0.0975217251367879,0.615,Emax_ratio,MW ≥215 Da,3107
nesso_6cc60f25eba29db80b5f,286.35400000000004,0.09784357901512714,0.615,Emax_ratio,MW ≥215 Da,3107
nesso_85eb0d13e5f1aa22c14c,369.85200000000003,0.09816543289346637,0.615,Emax_ratio,MW ≥215 Da,3107
nesso_971f491fbfaabf6a797f,370.4300000000001,0.0984872867718056,0.615,Emax_ratio,MW ≥215 Da,3107
nesso_b1cf66e7c3ce4960b007,321.45000000000005,0.09880914065014483,0.615,Emax_ratio,MW ≥215 Da,3107
nesso_0d5cc9bae1f934823ee9,343.398,0.09913099452848406,0.616,Emax_ratio,MW ≥215 Da,3107
nesso_47ce18cc7885d171857c,359.42900000000003,0.09945284840682331,0.617,Emax_ratio,MW ≥215 Da,3107
nesso_55f40d1c746c19019b54,374.24200000000013,0.09977470228516254,0.617,Emax_ratio,MW ≥215 Da,3107
nesso_5fbdac31f88b6335c388,384.5020000000002,0.10009655616350177,0.617,Emax_ratio,MW ≥215 Da,3107
nesso_6548200eeb482098e6b2,286.31000000000006,0.100418410041841,0.617,Emax_ratio,MW ≥215 Da,3107
nesso_6609b4261c3b28e10e5f,369.8990000000001,0.10074026392018023,0.617,Emax_ratio,MW ≥215 Da,3107
nesso_866144d50197857b02cd,301.39000000000004,0.10106211779851947,0.617,Emax_ratio,MW ≥215 Da,3107
nesso_8f9383bceb2ff47dad4c,315.39199999999994,0.10138397167685871,0.617,Emax_ratio,MW ≥215 Da,3107
nesso_0c6d7dff6066028feb61,344.37100000000004,0.10170582555519794,0.618,Emax_ratio,MW ≥215 Da,3107
nesso_95d07d61f58173876f63,384.49500000000035,0.10202767943353717,0.618,Emax_ratio,MW ≥215 Da,3107
nesso_49f4a8aa133d6680462c,334.37000000000006,0.1023495333118764,0.619,Emax_ratio,MW ≥215 Da,3107
nesso_51af8a1f203f1baaf992,350.216,0.10267138719021564,0.619,Emax_ratio,MW ≥215 Da,3107
nesso_b2a83f901e8f2b8a2b2a,328.416,0.10299324106855487,0.619,Emax_ratio,MW ≥215 Da,3107
nesso_fae91c75584eddeb6276,431.51300000000015,0.10331509494689411,0.619,Emax_ratio,MW ≥215 Da,3107
nesso_823bf17f0ab989c4e2a8,345.8520000000001,0.10363694882523335,0.62,Emax_ratio,MW ≥215 Da,3107
nesso_e130bbc754c250bc9518,364.40100000000007,0.10395880270357258,0.62,Emax_ratio,MW ≥215 Da,3107
nesso_24492eea970e46250896,372.46500000000015,0.10428065658191181,0.621,Emax_ratio,MW ≥215 Da,3107
nesso_fa9aaa58def03a227154,350.81300000000005,0.10460251046025104,0.621,Emax_ratio,MW ≥215 Da,3107
nesso_c204d3b18a77350fc60c,335.407,0.10492436433859029,0.622,Emax_ratio,MW ≥215 Da,3107
nesso_463db6737d198bfff759,431.45800000000014,0.10524621821692952,0.623,Emax_ratio,MW ≥215 Da,3107
nesso_6e44235221c701f19e5b,360.888,0.10556807209526875,0.623,Emax_ratio,MW ≥215 Da,3107
nesso_99931b5fb427be002e05,342.37400000000025,0.10588992597360798,0.623,Emax_ratio,MW ≥215 Da,3107
nesso_d9bd6b92a2a8de34a19a,339.41100000000006,0.10621177985194721,0.623,Emax_ratio,MW ≥215 Da,3107
nesso_db43c79b7726d20d7249,384.48700000000014,0.10653363373028645,0.623,Emax_ratio,MW ≥215 Da,3107
nesso_10899f74d4d128d0ca13,327.3840000000001,0.10685548760862569,0.624,Emax_ratio,MW ≥215 Da,3107
nesso_3624b55b27ee1071e598,363.4620000000002,0.10717734148696492,0.624,Emax_ratio,MW ≥215 Da,3107
nesso_e241dba00c24df6d0b86,314.34499999999997,0.10749919536530415,0.624,Emax_ratio,MW ≥215 Da,3107
nesso_85007d0663d9235e8e79,379.50400000000025,0.10782104924364339,0.6245,Emax_ratio,MW ≥215 Da,3107
nesso_8df1297e4ce29ee8498f,358.8500000000001,0.10814290312198262,0.625,Emax_ratio,MW ≥215 Da,3107
nesso_9d00c8ba8416ac15631b,398.482,0.10846475700032185,0.625,Emax_ratio,MW ≥215 Da,3107
nesso_dedb920ee6ce41a399ae,360.4540000000001,0.1087866108786611,0.626,Emax_ratio,MW ≥215 Da,3107
nesso_0319007d6c267bb9ec45,378.47200000000015,0.10910846475700033,0.628,Emax_ratio,MW ≥215 Da,3107
nesso_9983a7b602800e225d6c,346.4560000000001,0.10943031863533956,0.629,Emax_ratio,MW ≥215 Da,3107
nesso_e5518af5e6fbc87348fa,369.4900000000001,0.10975217251367879,0.629,Emax_ratio,MW ≥215 Da,3107
nesso_deb3a30becb03498fcd9,346.4270000000002,0.11007402639201802,0.63,Emax_ratio,MW ≥215 Da,3107
nesso_22dd8746957e802bebbb,325.456,0.11039588027035725,0.631,Emax_ratio,MW ≥215 Da,3107
nesso_298e38f15f12155fd17d,363.343,0.1107177341486965,0.631,Emax_ratio,MW ≥215 Da,3107
nesso_378362838b1b96dd8ecd,266.389,0.11103958802703573,0.631,Emax_ratio,MW ≥215 Da,3107
nesso_775df0b8241b8c441a4c,264.328,0.11136144190537496,0.631,Emax_ratio,MW ≥215 Da,3107
nesso_a469254a315913ee2e0b,344.273,0.11168329578371419,0.631,Emax_ratio,MW ≥215 Da,3107
nesso_0cafddb847f5bbd01a8e,377.37000000000006,0.11200514966205342,0.632,Emax_ratio,MW ≥215 Da,3107
nesso_12b9a5afccece5bfa4e6,289.3790000000001,0.11232700354039266,0.632,Emax_ratio,MW ≥215 Da,3107
nesso_b7eb72d8532623946fe3,348.81500000000017,0.1126488574187319,0.632,Emax_ratio,MW ≥215 Da,3107
nesso_98f9edfe209ab2e2029a,457.5560000000001,0.11297071129707113,0.633,Emax_ratio,MW ≥215 Da,3107
nesso_3fb1ed686c50a638f179,385.4670000000001,0.11329256517541036,0.634,Emax_ratio,MW ≥215 Da,3107
nesso_c8767fddb7bae8932785,323.38900000000007,0.1136144190537496,0.634,Emax_ratio,MW ≥215 Da,3107
nesso_fddfb13d240c0e00e6eb,291.395,0.11393627293208883,0.634,Emax_ratio,MW ≥215 Da,3107
nesso_776402add629039c1497,371.46200000000005,0.11425812681042806,0.635,Emax_ratio,MW ≥215 Da,3107
nesso_7d85b87e4d052a5e113c,355.387,0.1145799806887673,0.635,Emax_ratio,MW ≥215 Da,3107
nesso_864e5a813b130e9dfff6,418.5050000000001,0.11490183456710654,0.635,Emax_ratio,MW ≥215 Da,3107
nesso_d1d8749fd0a31f2f8e3c,341.4320000000001,0.11522368844544577,0.636,Emax_ratio,MW ≥215 Da,3107
nesso_2b714d52aad6f82299ab,384.39800000000025,0.115545542323785,0.637,Emax_ratio,MW ≥215 Da,3107
nesso_4e1a47a9a5890997b72c,364.243,0.11586739620212423,0.637,Emax_ratio,MW ≥215 Da,3107
nesso_7e6dc847dc7a73ff5bd3,344.84200000000004,0.11618925008046346,0.637,Emax_ratio,MW ≥215 Da,3107
nesso_63583f49d4739257ece9,306.41,0.11651110395880271,0.639,Emax_ratio,MW ≥215 Da,3107
nesso_de8ccfc12187412c1308,293.32599999999996,0.11683295783714194,0.639,Emax_ratio,MW ≥215 Da,3107
nesso_bddd20240fc94fc696c7,339.3170000000001,0.11715481171548117,0.64,Emax_ratio,MW ≥215 Da,3107
nesso_739e47fdc525a3d879e7,365.43700000000024,0.1174766655938204,0.641,Emax_ratio,MW ≥215 Da,3107
nesso_ce15eee1ecfc3b23dac3,340.34500000000014,0.11779851947215964,0.641,Emax_ratio,MW ≥215 Da,3107
nesso_e477ec6ead56fb482c26,388.4800000000002,0.11812037335049887,0.642,Emax_ratio,MW ≥215 Da,3107
nesso_f29a0f714dc0c338da99,363.41700000000003,0.11844222722883811,0.642,Emax_ratio,MW ≥215 Da,3107
nesso_a82b00f7dde1c49f2b1d,341.4590000000001,0.11876408110717734,0.643,Emax_ratio,MW ≥215 Da,3107
nesso_a92aafc5ec55b76a0d9c,384.89200000000005,0.11908593498551658,0.643,Emax_ratio,MW ≥215 Da,3107
nesso_ea23db3ef4020b5d1d81,351.4500000000001,0.11940778886385581,0.643,Emax_ratio,MW ≥215 Da,3107
nesso_09abcf7d6c82938d682a,394.4410000000001,0.11972964274219504,0.644,Emax_ratio,MW ≥215 Da,3107
nesso_d0ccf6a88e48456e259f,348.75199999999995,0.12005149662053428,0.644,Emax_ratio,MW ≥215 Da,3107
nesso_0801bc360fb1d4dcca6e,434.47100000000034,0.12037335049887352,0.645,Emax_ratio,MW ≥215 Da,3107
nesso_61526c27d22c837c0ae7,285.34700000000004,0.12069520437721275,0.645,Emax_ratio,MW ≥215 Da,3107
nesso_80a50bca94b7bbb10939,501.47700000000026,0.12101705825555198,0.645,Emax_ratio,MW ≥215 Da,3107
nesso_9b7508d2e0e1d3bcd738,442.47500000000025,0.12133891213389121,0.646,Emax_ratio,MW ≥215 Da,3107
nesso_a9cad7381e9393576b2c,368.86400000000015,0.12166076601223044,0.647,Emax_ratio,MW ≥215 Da,3107
nesso_7ac67e8d084753c88cdf,373.4560000000001,0.12198261989056969,0.648,Emax_ratio,MW ≥215 Da,3107
nesso_73c778b5a87d130682d9,366.817,0.12230447376890892,0.649,Emax_ratio,MW ≥215 Da,3107
nesso_8da8c70260852b2529a2,342.8730000000001,0.12262632764724815,0.649,Emax_ratio,MW ≥215 Da,3107
nesso_befcccc474f4a7d373fe,342.43899999999996,0.12294818152558738,0.649,Emax_ratio,MW ≥215 Da,3107
nesso_020e8719a714d45dbca9,355.4190000000001,0.12327003540392661,0.651,Emax_ratio,MW ≥215 Da,3107
nesso_35ac3fc6772db3248edd,387.54900000000026,0.12359188928226585,0.651,Emax_ratio,MW ≥215 Da,3107
nesso_49a44f112961f3c72a25,338.3860000000001,0.12391374316060509,0.651,Emax_ratio,MW ≥215 Da,3107
nesso_d1843762a984db6c0672,442.47500000000025,0.12423559703894432,0.651,Emax_ratio,MW ≥215 Da,3107
nesso_930481fb8c911b7776b6,334.372,0.12455745091728355,0.652,Emax_ratio,MW ≥215 Da,3107
nesso_d8ca845643a7c8e2b8e0,304.34600000000006,0.12487930479562279,0.652,Emax_ratio,MW ≥215 Da,3107
nesso_1c3a3b3bdf04faf2cbc0,385.4670000000001,0.12520115867396203,0.653,Emax_ratio,MW ≥215 Da,3107
nesso_ab7657afbf71e00562fb,329.429,0.12552301255230125,0.653,Emax_ratio,MW ≥215 Da,3107
nesso_ac4809a1e896b35a59fb,371.48500000000007,0.1258448664306405,0.653,Emax_ratio,MW ≥215 Da,3107
nesso_0a41ff2458d7de729fb4,417.46600000000007,0.1261667203089797,0.6535,Emax_ratio,MW ≥215 Da,3107
nesso_0febf3dfe9c797a3dc80,287.403,0.12648857418731896,0.654,Emax_ratio,MW ≥215 Da,3107
nesso_6bf94758a70cc697eb2f,369.29500000000013,0.1268104280656582,0.654,Emax_ratio,MW ≥215 Da,3107
nesso_dbe1731b14be408f8d26,347.4360000000001,0.12713228194399742,0.654,Emax_ratio,MW ≥215 Da,3107
nesso_e22d10938738c2b838ba,391.46200000000005,0.12745413582233667,0.654,Emax_ratio,MW ≥215 Da,3107
nesso_b9bf80da71249be25a40,364.44900000000007,0.12777598970067588,0.655,Emax_ratio,MW ≥215 Da,3107
nesso_fdb20156a292f9a36b6f,353.3940000000001,0.12809784357901513,0.655,Emax_ratio,MW ≥215 Da,3107
nesso_fe43ed54986d8cab38ef,822.9530000000003,0.12841969745735435,0.655,Emax_ratio,MW ≥215 Da,3107
nesso_ac8e86b6ed81cc7088ab,530.4560000000004,0.1287415513356936,0.656,Emax_ratio,MW ≥215 Da,3107
nesso_bc19679ea686264c3e0c,332.4,0.12906340521403284,0.656,Emax_ratio,MW ≥215 Da,3107
nesso_bd56c3d3660fff6cd9e6,351.40600000000006,0.12938525909237206,0.656,Emax_ratio,MW ≥215 Da,3107
nesso_d524175d5e82c3a42e2e,412.51100000000014,0.1297071129707113,0.656,Emax_ratio,MW ≥215 Da,3107
nesso_3ec7c943359805841cc9,338.36300000000006,0.13002896684905052,0.657,Emax_ratio,MW ≥215 Da,3107
nesso_785ba4522de95cb20683,345.42400000000015,0.13035082072738977,0.657,Emax_ratio,MW ≥215 Da,3107
nesso_b65deb03cd85b14fc9e8,367.42800000000005,0.130672674605729,0.657,Emax_ratio,MW ≥215 Da,3107
nesso_29342e668607af95af6f,380.488,0.13099452848406823,0.658,Emax_ratio,MW ≥215 Da,3107
nesso_a2acbeeb1d7584dfa836,369.3680000000001,0.13131638236240747,0.658,Emax_ratio,MW ≥215 Da,3107
nesso_19f15938a905b479f649,353.42600000000004,0.1316382362407467,0.659,Emax_ratio,MW ≥215 Da,3107
nesso_546638fd898eb188f44a,346.456,0.13196009011908594,0.659,Emax_ratio,MW ≥215 Da,3107
nesso_7e0d5c23c39ccae68a91,365.45800000000014,0.13228194399742516,0.659,Emax_ratio,MW ≥215 Da,3107
nesso_a31bef3b1d1906317d06,442.53700000000015,0.1326037978757644,0.659,Emax_ratio,MW ≥215 Da,3107
nesso_f360f50d04eb79ab9965,408.21600000000007,0.13292565175410365,0.659,Emax_ratio,MW ≥215 Da,3107
nesso_6c03b7ae342a7518d01d,358.87300000000005,0.13324750563244286,0.66,Emax_ratio,MW ≥215 Da,3107
nesso_eb12bb4c9dbb6e085ef5,381.4070000000001,0.1335693595107821,0.66,Emax_ratio,MW ≥215 Da,3107
nesso_8348d8408d5ed70df9d7,359.40100000000007,0.13389121338912133,0.661,Emax_ratio,MW ≥215 Da,3107
nesso_965740cd8aee83960792,322.3860000000001,0.13421306726746057,0.661,Emax_ratio,MW ≥215 Da,3107
nesso_ad62b888f9ebb8f824cb,311.43299999999994,0.13453492114579982,0.661,Emax_ratio,MW ≥215 Da,3107
nesso_b6608b5363c7b05957a2,329.32200000000006,0.13485677502413904,0.661,Emax_ratio,MW ≥215 Da,3107
nesso_4e5cd674ffc53c65b2d1,346.861,0.13517862890247828,0.662,Emax_ratio,MW ≥215 Da,3107
nesso_fb0187e3dc0cdd9b8e27,289.42299999999994,0.1355004827808175,0.662,Emax_ratio,MW ≥215 Da,3107
nesso_59c21a73f9f34a120af3,314.349,0.13582233665915674,0.663,Emax_ratio,MW ≥215 Da,3107
nesso_96c6c0094026bba54092,384.44800000000015,0.136144190537496,0.663,Emax_ratio,MW ≥215 Da,3107
nesso_47390870551d0bf81a1a,337.379,0.1364660444158352,0.664,Emax_ratio,MW ≥215 Da,3107
nesso_703a494d7f99808a9261,331.40899999999993,0.13678789829417445,0.664,Emax_ratio,MW ≥215 Da,3107
nesso_20e7680283a6c1409d23,349.456,0.13710975217251367,0.665,Emax_ratio,MW ≥215 Da,3107
nesso_f084e1d64130fd892ac2,347.34000000000003,0.13743160605085292,0.665,Emax_ratio,MW ≥215 Da,3107
nesso_34bf0167aea24b841fc2,325.343,0.13775345992919213,0.666,Emax_ratio,MW ≥215 Da,3107
nesso_34e75aa07fa90234a461,299.7610000000001,0.13807531380753138,0.666,Emax_ratio,MW ≥215 Da,3107
nesso_5e4ee81362c03d4206b3,286.30600000000004,0.13839716768587063,0.666,Emax_ratio,MW ≥215 Da,3107
nesso_8538888812bcd82b797e,383.4270000000001,0.13871902156420984,0.666,Emax_ratio,MW ≥215 Da,3107
nesso_e890567ff502a9add7e8,325.41600000000017,0.1390408754425491,0.666,Emax_ratio,MW ≥215 Da,3107
nesso_0fcc744413a8674cb854,304.4340000000002,0.1393627293208883,0.667,Emax_ratio,MW ≥215 Da,3107
nesso_7698f9bf4aa1e506370a,398.4340000000001,0.13968458319922755,0.667,Emax_ratio,MW ≥215 Da,3107
nesso_1c46b46f6a64b59e60da,289.339,0.1400064370775668,0.668,Emax_ratio,MW ≥215 Da,3107
nesso_85e89c0ba01ea156a212,349.46000000000015,0.14032829095590602,0.668,Emax_ratio,MW ≥215 Da,3107
nesso_56875dda504865169d6c,385.47100000000023,0.14065014483424526,0.669,Emax_ratio,MW ≥215 Da,3107
nesso_7289551635c323bf5b57,326.36,0.14097199871258448,0.669,Emax_ratio,MW ≥215 Da,3107
nesso_78d351693f8a1b53a3e0,343.40200000000004,0.14129385259092372,0.669,Emax_ratio,MW ≥215 Da,3107
nesso_b9b9a610a5c1c52f530e,370.4740000000002,0.14161570646926294,0.669,Emax_ratio,MW ≥215 Da,3107
nesso_da4fac424439d56a955e,337.44100000000014,0.1419375603476022,0.669,Emax_ratio,MW ≥215 Da,3107
nesso_0d1f764ffd77f4433822,296.37,0.14225941422594143,0.67,Emax_ratio,MW ≥215 Da,3107
nesso_1ac68ca1a7dfab919760,307.3,0.14258126810428065,0.67,Emax_ratio,MW ≥215 Da,3107
nesso_684e6a9f11fabe8e1fb6,411.4830000000001,0.1429031219826199,0.67,Emax_ratio,MW ≥215 Da,3107
nesso_d2a83babcb4d7efedece,385.46400000000017,0.14322497586095911,0.67,Emax_ratio,MW ≥215 Da,3107
nesso_e426a5e7f3f44b0bee59,332.322,0.14354682973929836,0.67,Emax_ratio,MW ≥215 Da,3107
nesso_780b58f17147f27cb01d,383.51700000000017,0.1438686836176376,0.671,Emax_ratio,MW ≥215 Da,3107
nesso_f5c12c72a4e6e0e6abde,373.4780000000001,0.14419053749597682,0.671,Emax_ratio,MW ≥215 Da,3107
nesso_04d024b8ebd09e845e29,343.4710000000001,0.14451239137431607,0.672,Emax_ratio,MW ≥215 Da,3107
nesso_52ed1344692decb05b95,308.422,0.14483424525265529,0.672,Emax_ratio,MW ≥215 Da,3107
nesso_7142b2729205416b76d0,344.45900000000006,0.14515609913099453,0.672,Emax_ratio,MW ≥215 Da,3107
nesso_ecdf70d891c461d6cf23,342.38900000000007,0.14547795300933375,0.672,Emax_ratio,MW ≥215 Da,3107
nesso_4f537215c7d3537f0077,580.4660000000002,0.145799806887673,0.673,Emax_ratio,MW ≥215 Da,3107
nesso_73e8d120e4c5f14f1a94,384.39500000000015,0.14612166076601224,0.673,Emax_ratio,MW ≥215 Da,3107
nesso_b639f8574d07bd34e1d4,308.32800000000003,0.14644351464435146,0.673,Emax_ratio,MW ≥215 Da,3107
nesso_ce1c60c6397039eb5082,305.34100000000007,0.1467653685226907,0.673,Emax_ratio,MW ≥215 Da,3107
nesso_f14e216e019d3508ce6a,367.92100000000005,0.14708722240102992,0.673,Emax_ratio,MW ≥215 Da,3107
nesso_abf16e1a842ca0779444,321.406,0.14740907627936917,0.674,Emax_ratio,MW ≥215 Da,3107
nesso_1c00f4dd835673e493a4,349.4500000000001,0.1477309301577084,0.675,Emax_ratio,MW ≥215 Da,3107
nesso_68ab8931282ab9bec1c3,380.4260000000001,0.14805278403604763,0.675,Emax_ratio,MW ≥215 Da,3107
nesso_726cd5549f8a9bc0c9d3,460.62100000000015,0.14837463791438688,0.675,Emax_ratio,MW ≥215 Da,3107
nesso_1d8f670d5c74580c0500,305.765,0.1486964917927261,0.676,Emax_ratio,MW ≥215 Da,3107
nesso_5ed0df5ada6f02997404,301.3940000000001,0.14901834567106534,0.676,Emax_ratio,MW ≥215 Da,3107
nesso_a049e353ab423a47b11d,584.105,0.14934019954940458,0.676,Emax_ratio,MW ≥215 Da,3107
nesso_a58f2220410eda066b39,370.4240000000001,0.1496620534277438,0.676,Emax_ratio,MW ≥215 Da,3107
nesso_21d9d7c95548badf3593,442.95100000000025,0.14998390730608305,0.6765,Emax_ratio,MW ≥215 Da,3107
nesso_33eeb21d7d8e89cb4be8,395.4800000000002,0.15030576118442227,0.677,Emax_ratio,MW ≥215 Da,3107
nesso_33533db9a46440a69123,277.39300000000003,0.1506276150627615,0.678,Emax_ratio,MW ≥215 Da,3107
nesso_a8173440b0482c1beb77,353.34800000000007,0.15094946894110073,0.678,Emax_ratio,MW ≥215 Da,3107
nesso_00ec3e82ea411a0f366b,354.4540000000002,0.15127132281943997,0.679,Emax_ratio,MW ≥215 Da,3107
nesso_ef90cb30b8ddc720abaa,477.9520000000001,0.15159317669777922,0.679,Emax_ratio,MW ≥215 Da,3107
nesso_f3f7bb7ec67d45d86140,303.681,0.15191503057611844,0.679,Emax_ratio,MW ≥215 Da,3107
nesso_f92f4ae22a11f4bdea27,298.386,0.15223688445445768,0.679,Emax_ratio,MW ≥215 Da,3107
nesso_3d6e36b1fe7705fccc49,244.207,0.1525587383327969,0.68,Emax_ratio,MW ≥215 Da,3107
nesso_642446ff2c38468bb1c1,326.396,0.15288059221113615,0.681,Emax_ratio,MW ≥215 Da,3107
nesso_a529883716e56fcd9d05,452.4460000000002,0.1532024460894754,0.681,Emax_ratio,MW ≥215 Da,3107
nesso_ac345419a8a5341a2df1,412.6380000000001,0.1535242999678146,0.682,Emax_ratio,MW ≥215 Da,3107
nesso_68c2329ea34269604b78,414.9220000000001,0.15384615384615385,0.683,Emax_ratio,MW ≥215 Da,3107
nesso_0ae813dbf51c2e0a1710,338.37100000000004,0.15416800772449307,0.684,Emax_ratio,MW ≥215 Da,3107
nesso_5a2d54421d7caa320efe,316.3860000000001,0.15448986160283232,0.684,Emax_ratio,MW ≥215 Da,3107
nesso_44356ef30dfb8453239d,392.4630000000001,0.15481171548117154,0.685,Emax_ratio,MW ≥215 Da,3107
nesso_470a606991a12780a957,327.7710000000001,0.15513356935951078,0.685,Emax_ratio,MW ≥215 Da,3107
nesso_6aad2c9725ff28c4dd66,337.42300000000006,0.15545542323785003,0.6855,Emax_ratio,MW ≥215 Da,3107
nesso_638096aa73c16203a3d3,385.44500000000016,0.15577727711618924,0.686,Emax_ratio,MW ≥215 Da,3107
nesso_052631c8ecfb06ee974a,371.47000000000014,0.1560991309945285,0.687,Emax_ratio,MW ≥215 Da,3107
nesso_2d574577516406997a49,310.8250000000001,0.1564209848728677,0.687,Emax_ratio,MW ≥215 Da,3107
nesso_ea4a5af8ccba861ecf0c,434.52100000000013,0.15674283875120695,0.687,Emax_ratio,MW ≥215 Da,3107
nesso_0f8b985aa6c53644a964,485.94700000000023,0.1570646926295462,0.688,Emax_ratio,MW ≥215 Da,3107
nesso_1851632abc2317420b48,379.5450000000002,0.15738654650788542,0.688,Emax_ratio,MW ≥215 Da,3107
nesso_98127fe349c6c7b73e50,437.51500000000016,0.15770840038622466,0.688,Emax_ratio,MW ≥215 Da,3107
nesso_ad21fd898c713779615c,314.38500000000005,0.15803025426456388,0.688,Emax_ratio,MW ≥215 Da,3107
nesso_d2ed3dba080285325b54,428.5360000000002,0.15835210814290313,0.688,Emax_ratio,MW ≥215 Da,3107
nesso_f78d8f925689257f3cda,335.806,0.15867396202124234,0.688,Emax_ratio,MW ≥215 Da,3107
nesso_533fd56ec3eadbbe9c54,396.95300000000003,0.1589958158995816,0.689,Emax_ratio,MW ≥215 Da,3107
nesso_886e3fbe22f5bdccf15e,344.41500000000013,0.15931766977792083,0.689,Emax_ratio,MW ≥215 Da,3107
nesso_315a66387357acfbbf07,376.50400000000025,0.15963952365626005,0.691,Emax_ratio,MW ≥215 Da,3107
nesso_bb897f3fc805b8b1b8cf,439.57800000000015,0.1599613775345993,0.691,Emax_ratio,MW ≥215 Da,3107
nesso_daa3a5a8ef3fbcde78b2,877.0450000000004,0.16028323141293851,0.691,Emax_ratio,MW ≥215 Da,3107
nesso_40910f546aaa5921be78,346.41200000000003,0.16060508529127776,0.692,Emax_ratio,MW ≥215 Da,3107
nesso_66b8bda69ceafbca9e75,413.49300000000017,0.160926939169617,0.692,Emax_ratio,MW ≥215 Da,3107
nesso_c86d7137affbef5dc730,346.39000000000004,0.16124879304795622,0.692,Emax_ratio,MW ≥215 Da,3107
nesso_f5a24614b68e66700e7c,330.4070000000001,0.16157064692629547,0.692,Emax_ratio,MW ≥215 Da,3107
nesso_19adbb7e158db6cbcc69,379.4860000000003,0.1618925008046347,0.693,Emax_ratio,MW ≥215 Da,3107
nesso_3e47988faf7c7ba3c2b8,367.47400000000005,0.16221435468297393,0.693,Emax_ratio,MW ≥215 Da,3107
nesso_973d05e76fceccff6eb7,423.8230000000001,0.16253620856131315,0.693,Emax_ratio,MW ≥215 Da,3107
nesso_c83ad1eacd125ac6b380,369.4460000000001,0.1628580624396524,0.693,Emax_ratio,MW ≥215 Da,3107
nesso_e34c3c5afbbc0fc72c40,339.4170000000001,0.16317991631799164,0.693,Emax_ratio,MW ≥215 Da,3107
nesso_a5ebc8876992852e21be,331.4600000000002,0.16350177019633086,0.694,Emax_ratio,MW ≥215 Da,3107
nesso_0853566fd4adfe0a59c0,350.4620000000002,0.1638236240746701,0.695,Emax_ratio,MW ≥215 Da,3107
nesso_71d5e61abfe2ca0ae436,286.3060000000001,0.16414547795300932,0.695,Emax_ratio,MW ≥215 Da,3107
nesso_a2acdad0223ac6316b59,474.4210000000004,0.16446733183134857,0.6950000000000001,Emax_ratio,MW ≥215 Da,3107
nesso_d9b8de02c022633a9749,551.7690000000003,0.1647891857096878,0.696,Emax_ratio,MW ≥215 Da,3107
nesso_2779f7ca570b8d8d62f3,362.3980000000001,0.16511103958802703,0.697,Emax_ratio,MW ≥215 Da,3107
nesso_4c6928032c7889be2399,380.89700000000005,0.16543289346636628,0.697,Emax_ratio,MW ≥215 Da,3107
nesso_8a4809ca73cf3c522fb4,1202.634999999999,0.1657547473447055,0.697,Emax_ratio,MW ≥215 Da,3107
nesso_ecda94899ae113f1a33b,408.6830000000001,0.16607660122304474,0.697,Emax_ratio,MW ≥215 Da,3107
nesso_f75e213e6652d38c8324,297.85100000000006,0.16639845510138399,0.697,Emax_ratio,MW ≥215 Da,3107
nesso_f84b3145f0dd25d10565,323.39600000000013,0.1667203089797232,0.697,Emax_ratio,MW ≥215 Da,3107
nesso_fb6eda85b3508ec26567,349.4340000000001,0.16704216285806245,0.697,Emax_ratio,MW ≥215 Da,3107
nesso_578f16fed5e8625447f1,346.45900000000006,0.16736401673640167,0.698,Emax_ratio,MW ≥215 Da,3107
nesso_d5ac7ca6640ff2f54b2c,384.42000000000013,0.1676858706147409,0.698,Emax_ratio,MW ≥215 Da,3107
nesso_1fc5fd9d0614fd7b2b9c,704.869,0.16800772449308013,0.699,Emax_ratio,MW ≥215 Da,3107
nesso_26c4f83a35002a4f15aa,379.31300000000005,0.16832957837141937,0.699,Emax_ratio,MW ≥215 Da,3107
nesso_3d3b85fa6dc8c00af3e6,385.85100000000006,0.16865143224975862,0.699,Emax_ratio,MW ≥215 Da,3107
nesso_8648eb65f10446e5931f,498.58600000000024,0.16897328612809784,0.699,Emax_ratio,MW ≥215 Da,3107
nesso_0cecb7e2163c07902542,398.5760000000002,0.16929514000643708,0.7,Emax_ratio,MW ≥215 Da,3107
nesso_55c4c16d44bbe3fa202c,385.46700000000016,0.1696169938847763,0.7,Emax_ratio,MW ≥215 Da,3107
nesso_5c519e3fd2091c1169a8,407.50500000000017,0.16993884776311555,0.7,Emax_ratio,MW ≥215 Da,3107
nesso_f3ec02445d4c8476c44f,320.343,0.1702607016414548,0.7,Emax_ratio,MW ≥215 Da,3107
nesso_14a0b678de5225028eb4,392.41100000000023,0.170582555519794,0.701,Emax_ratio,MW ≥215 Da,3107
nesso_b4b598a6eab86cdec5c9,303.793,0.17090440939813326,0.701,Emax_ratio,MW ≥215 Da,3107
nesso_14eedecdc031e26359e7,452.5550000000003,0.17122626327647247,0.702,Emax_ratio,MW ≥215 Da,3107
nesso_c6917159753783370727,419.48800000000006,0.17154811715481172,0.702,Emax_ratio,MW ≥215 Da,3107
nesso_12dfcaabdb29c83e7f22,334.3970000000001,0.17186997103315094,0.703,Emax_ratio,MW ≥215 Da,3107
nesso_eb3edea6e30b014783f9,366.4610000000002,0.17219182491149018,0.703,Emax_ratio,MW ≥215 Da,3107
nesso_f1f223be7715db670638,479.50500000000034,0.17251367878982943,0.703,Emax_ratio,MW ≥215 Da,3107
nesso_127af5d05276aebc55c7,353.44700000000006,0.17283553266816865,0.704,Emax_ratio,MW ≥215 Da,3107
nesso_61f4c0046fb8f09aa9b3,310.3970000000001,0.1731573865465079,0.704,Emax_ratio,MW ≥215 Da,3107
nesso_cae812d18ce22237f4c1,357.25500000000005,0.1734792404248471,0.704,Emax_ratio,MW ≥215 Da,3107
nesso_fb3f122d7c88a47487cb,365.4810000000001,0.17380109430318635,0.704,Emax_ratio,MW ≥215 Da,3107
nesso_22263a3ec9c50e1ebbe5,301.39000000000004,0.1741229481815256,0.705,Emax_ratio,MW ≥215 Da,3107
nesso_47795f7c6c3047d9a7c9,453.9230000000002,0.17444480205986482,0.705,Emax_ratio,MW ≥215 Da,3107
nesso_5c5136732c34b19e3340,378.41300000000007,0.17476665593820406,0.705,Emax_ratio,MW ≥215 Da,3107
nesso_6552fa91c93e3cbac337,444.5090000000003,0.17508850981654328,0.705,Emax_ratio,MW ≥215 Da,3107
nesso_0373990e427e9e846d45,348.4100000000001,0.17541036369488253,0.706,Emax_ratio,MW ≥215 Da,3107
nesso_5e1244c94c75f49cae9c,327.36100000000005,0.17573221757322174,0.706,Emax_ratio,MW ≥215 Da,3107
nesso_a7644420cdcc90ffed5a,315.32,0.176054071451561,0.706,Emax_ratio,MW ≥215 Da,3107
nesso_1787c5c93d53148996c6,225.16,0.17637592532990023,0.707,Emax_ratio,MW ≥215 Da,3107
nesso_24d00aa2b57115968d9a,395.45500000000027,0.17669777920823945,0.707,Emax_ratio,MW ≥215 Da,3107
nesso_464c168d0fa157d862f9,312.417,0.1770196330865787,0.707,Emax_ratio,MW ≥215 Da,3107
nesso_c68cb61a5303d186e9e6,347.4400000000002,0.17734148696491792,0.707,Emax_ratio,MW ≥215 Da,3107
nesso_8ae42f33eb3236bf1d99,311.336,0.17766334084325716,0.708,Emax_ratio,MW ≥215 Da,3107
nesso_026d85acd7c184bbb117,344.3740000000001,0.1779851947215964,0.709,Emax_ratio,MW ≥215 Da,3107
nesso_542fc867b6db0e0686e0,396.4220000000001,0.17830704859993562,0.709,Emax_ratio,MW ≥215 Da,3107
nesso_864c5862e1a453d65ecd,329.23300000000006,0.17862890247827487,0.709,Emax_ratio,MW ≥215 Da,3107
nesso_e857261a6054d2186b64,360.43300000000016,0.1789507563566141,0.709,Emax_ratio,MW ≥215 Da,3107
nesso_3ed79500f6538cc9a693,330.338,0.17927261023495333,0.71,Emax_ratio,MW ≥215 Da,3107
nesso_5e546a4c5f236d70b600,375.4170000000001,0.17959446411329258,0.71,Emax_ratio,MW ≥215 Da,3107
nesso_6f6004e6ed8c8410bee2,333.4570000000001,0.1799163179916318,0.71,Emax_ratio,MW ≥215 Da,3107
nesso_73d2bdd1960d01927e4f,380.8350000000001,0.18023817186997104,0.71,Emax_ratio,MW ≥215 Da,3107
nesso_a0254847098f5f114a65,328.4410000000001,0.18056002574831026,0.71,Emax_ratio,MW ≥215 Da,3107
nesso_0743d67b5413d9534559,319.386,0.1808818796266495,0.713,Emax_ratio,MW ≥215 Da,3107
nesso_0cc22eea468d0287cb29,364.44900000000007,0.18120373350498872,0.713,Emax_ratio,MW ≥215 Da,3107
nesso_6bcf47ec5b904e4bf409,287.294,0.18152558738332797,0.713,Emax_ratio,MW ≥215 Da,3107
nesso_770fc490bab7f751d084,325.3720000000001,0.18184744126166721,0.713,Emax_ratio,MW ≥215 Da,3107
nesso_a8f37e2b243de8ab5a49,311.772,0.18216929514000643,0.713,Emax_ratio,MW ≥215 Da,3107
nesso_af4240b9a94781d8aa38,317.4290000000001,0.18249114901834568,0.713,Emax_ratio,MW ≥215 Da,3107
nesso_610a28b9055bc149cf36,408.54200000000014,0.1828130028966849,0.714,Emax_ratio,MW ≥215 Da,3107
nesso_8bf275737ec22f0f7a69,351.497,0.18313485677502414,0.714,Emax_ratio,MW ≥215 Da,3107
nesso_be905e07f16df07444f6,297.38300000000004,0.1834567106533634,0.714,Emax_ratio,MW ≥215 Da,3107
nesso_eab7d139933a0d0e7219,396.4350000000001,0.1837785645317026,0.714,Emax_ratio,MW ≥215 Da,3107
nesso_e80b9f1201eb9a4a268f,385.5080000000003,0.18410041841004185,0.715,Emax_ratio,MW ≥215 Da,3107
nesso_308d109901371228eff2,331.4130000000001,0.18442227228838107,0.716,Emax_ratio,MW ≥215 Da,3107
nesso_377d9fcd9ed54b820cc4,353.4440000000001,0.1847441261667203,0.716,Emax_ratio,MW ≥215 Da,3107
nesso_ff39922ca83ec4921a0d,325.372,0.18506598004505953,0.716,Emax_ratio,MW ≥215 Da,3107
nesso_21091aad4fda7880b224,405.4710000000001,0.18538783392339878,0.717,Emax_ratio,MW ≥215 Da,3107
nesso_a6a650665541e4a5f9d8,325.437,0.18570968780173802,0.717,Emax_ratio,MW ≥215 Da,3107
nesso_bbd04e17efd35225d38e,414.2890000000001,0.18603154168007724,0.717,Emax_ratio,MW ≥215 Da,3107
nesso_c9943dce71b648bb6111,389.41800000000006,0.18635339555841648,0.717,Emax_ratio,MW ≥215 Da,3107
nesso_e4193018ae92eb07fcee,307.41900000000004,0.1866752494367557,0.717,Emax_ratio,MW ≥215 Da,3107
nesso_423629df53462408b4da,356.2600000000002,0.18699710331509495,0.718,Emax_ratio,MW ≥215 Da,3107
nesso_46b6c4e98c15e1aedf31,300.278,0.1873189571934342,0.718,Emax_ratio,MW ≥215 Da,3107
nesso_70836842ca1d9b3b9809,318.354,0.1876408110717734,0.718,Emax_ratio,MW ≥215 Da,3107
nesso_3824820ef8d7ceaf1b4d,371.3870000000001,0.18796266495011266,0.719,Emax_ratio,MW ≥215 Da,3107
nesso_675833ca02295e8e3d9d,360.46200000000016,0.18828451882845187,0.719,Emax_ratio,MW ≥215 Da,3107
nesso_6e0a2df7c42f68b90600,334.38300000000004,0.18860637270679112,0.719,Emax_ratio,MW ≥215 Da,3107
nesso_d302ac0393f8e2669415,371.4410000000002,0.18892822658513034,0.719,Emax_ratio,MW ≥215 Da,3107
nesso_d9450c1d061a34ac90c9,345.411,0.18925008046346958,0.719,Emax_ratio,MW ≥215 Da,3107
nesso_dfbd0f2d359654676fdf,360.8410000000002,0.18957193434180883,0.719,Emax_ratio,MW ≥215 Da,3107
nesso_38bb2af996d438488f43,300.358,0.18989378822014805,0.72,Emax_ratio,MW ≥215 Da,3107
nesso_16e624e04e781e7d382f,314.46900000000005,0.1902156420984873,0.721,Emax_ratio,MW ≥215 Da,3107
nesso_79d31e4525ac95f5e3ec,348.39900000000006,0.1905374959768265,0.721,Emax_ratio,MW ≥215 Da,3107
nesso_b469c89460068b2e680a,380.4910000000001,0.19085934985516576,0.721,Emax_ratio,MW ≥215 Da,3107
nesso_06d787f0d8640670fe57,344.38599999999997,0.191181203733505,0.722,Emax_ratio,MW ≥215 Da,3107
nesso_1ab8abf51f64607068e2,435.43100000000004,0.19150305761184422,0.722,Emax_ratio,MW ≥215 Da,3107
nesso_6af3b487b57a75cba38c,419.95600000000013,0.19182491149018346,0.722,Emax_ratio,MW ≥215 Da,3107
nesso_9fa694a2ee5c2c97b680,312.369,0.19214676536852268,0.722,Emax_ratio,MW ≥215 Da,3107
nesso_95266b84d5c447202a6b,518.0880000000001,0.19246861924686193,0.723,Emax_ratio,MW ≥215 Da,3107
nesso_768a7200ed469626841a,339.4430000000002,0.19279047312520114,0.724,Emax_ratio,MW ≥215 Da,3107
nesso_1d90fd6fa0907095fe54,350.8460000000001,0.1931123270035404,0.725,Emax_ratio,MW ≥215 Da,3107
nesso_038af1e376e4d8ba5b95,284.408,0.19343418088187964,0.726,Emax_ratio,MW ≥215 Da,3107
nesso_1b8fd5462e287c9ea4bd,305.83000000000015,0.19375603476021885,0.726,Emax_ratio,MW ≥215 Da,3107
nesso_1d04d84136075b09735f,377.8530000000001,0.1940778886385581,0.726,Emax_ratio,MW ≥215 Da,3107
nesso_3080df862b2bbf5b4fbe,357.4100000000002,0.19439974251689732,0.726,Emax_ratio,MW ≥215 Da,3107
nesso_5cc8830fc6a6d3b3fc18,348.40600000000006,0.19472159639523656,0.726,Emax_ratio,MW ≥215 Da,3107
nesso_a48a20fc0b7aca68f41c,380.4770000000001,0.1950434502735758,0.726,Emax_ratio,MW ≥215 Da,3107
nesso_0dd9c163d17b3d23397d,318.4390000000001,0.19536530415191503,0.727,Emax_ratio,MW ≥215 Da,3107
nesso_233b34c1c9e51c518c56,370.5150000000001,0.19568715803025427,0.727,Emax_ratio,MW ≥215 Da,3107
nesso_5852a3f365a24a7970ea,347.37800000000004,0.1960090119085935,0.727,Emax_ratio,MW ≥215 Da,3107
nesso_7d4b45276a157f6d97a5,332.4480000000002,0.19633086578693273,0.727,Emax_ratio,MW ≥215 Da,3107
nesso_9d2dbc9dad3e38e0feba,336.40400000000005,0.19665271966527198,0.727,Emax_ratio,MW ≥215 Da,3107
nesso_f0553c7c4c58312b4c10,406.46000000000026,0.1969745735436112,0.727,Emax_ratio,MW ≥215 Da,3107
nesso_f87d0a79a8462c5dd0e0,342.5080000000001,0.19729642742195044,0.727,Emax_ratio,MW ≥215 Da,3107
nesso_08b6b33b85b5ec8cbb84,466.5410000000002,0.19761828130028966,0.7275,Emax_ratio,MW ≥215 Da,3107
nesso_058b06af13b57eb82c76,348.49100000000016,0.1979401351786289,0.728,Emax_ratio,MW ≥215 Da,3107
nesso_18578413bd12b858ed3b,379.42400000000026,0.19826198905696812,0.728,Emax_ratio,MW ≥215 Da,3107
nesso_1f2aa0493ad53b454cd5,328.41600000000005,0.19858384293530737,0.728,Emax_ratio,MW ≥215 Da,3107
nesso_5845fa6e14380b2fce68,372.403,0.19890569681364662,0.728,Emax_ratio,MW ≥215 Da,3107
nesso_8e40ae90b4293a3de390,369.4250000000001,0.19922755069198583,0.728,Emax_ratio,MW ≥215 Da,3107
nesso_f76a559c2d3bf524ca98,306.37300000000005,0.19954940457032508,0.728,Emax_ratio,MW ≥215 Da,3107
nesso_b36d3369cf4a06608208,367.40000000000015,0.1998712584486643,0.7284999999999999,Emax_ratio,MW ≥215 Da,3107
nesso_7acaa60c5532007e63b1,328.45600000000013,0.20019311232700354,0.729,Emax_ratio,MW ≥215 Da,3107
nesso_8b12f87bdcf6d1e78e1c,339.42400000000004,0.2005149662053428,0.729,Emax_ratio,MW ≥215 Da,3107
nesso_a8d8358d391ff56558f7,368.48100000000005,0.200836820083682,0.729,Emax_ratio,MW ≥215 Da,3107
nesso_d29a577a9ef286eca3ef,320.4220000000001,0.20115867396202125,0.729,Emax_ratio,MW ≥215 Da,3107
nesso_8850ec75c2174ded8c2d,384.84100000000024,0.20148052784036047,0.73,Emax_ratio,MW ≥215 Da,3107
nesso_9a422763397251be6418,318.38,0.2018023817186997,0.73,Emax_ratio,MW ≥215 Da,3107
nesso_969c2d1b1b22746abc33,317.797,0.20212423559703893,0.731,Emax_ratio,MW ≥215 Da,3107
nesso_d7d840643891db6c76ed,310.43800000000005,0.20244608947537818,0.731,Emax_ratio,MW ≥215 Da,3107
nesso_d9d3791b07aa8908274e,405.5390000000002,0.20276794335371742,0.731,Emax_ratio,MW ≥215 Da,3107
nesso_e2d4f914e5d5352bde24,344.3330000000002,0.20308979723205664,0.731,Emax_ratio,MW ≥215 Da,3107
nesso_11b416f12d5848aefbad,342.4240000000001,0.20341165111039589,0.732,Emax_ratio,MW ≥215 Da,3107
nesso_2a855a599ac596039409,320.3960000000001,0.2037335049887351,0.732,Emax_ratio,MW ≥215 Da,3107
nesso_7492794473aa0be9c854,351.248,0.20405535886707435,0.732,Emax_ratio,MW ≥215 Da,3107
nesso_d08e35359cc1fdc7d59c,397.34200000000004,0.2043772127454136,0.732,Emax_ratio,MW ≥215 Da,3107
nesso_e4986a4f5e3073b25983,299.3490000000001,0.2046990666237528,0.732,Emax_ratio,MW ≥215 Da,3107
nesso_f1ee4487e1dba9b89312,304.37500000000006,0.20502092050209206,0.732,Emax_ratio,MW ≥215 Da,3107
nesso_d95be0879528201b5761,369.38100000000003,0.20534277438043128,0.733,Emax_ratio,MW ≥215 Da,3107
nesso_7f37ac8a9b6653d9bce9,437.4750000000001,0.20566462825877052,0.734,Emax_ratio,MW ≥215 Da,3107
nesso_d28a9a8a9ddcebcaa7d6,365.5030000000001,0.20598648213710974,0.734,Emax_ratio,MW ≥215 Da,3107
nesso_db0c5872a752442e4a7c,327.73699999999997,0.20630833601544898,0.734,Emax_ratio,MW ≥215 Da,3107
nesso_180cf4ec4618b0dc3952,349.4710000000002,0.20663018989378823,0.735,Emax_ratio,MW ≥215 Da,3107
nesso_541ac1735f19d664b75c,305.403,0.20695204377212745,0.735,Emax_ratio,MW ≥215 Da,3107
nesso_585cfe9a1db6904f9eee,366.8700000000002,0.2072738976504667,0.735,Emax_ratio,MW ≥215 Da,3107
nesso_b73a0930a5686a2ce660,430.324,0.2075957515288059,0.735,Emax_ratio,MW ≥215 Da,3107
nesso_bb8f2a7e3e19cb3204cb,308.34100000000007,0.20791760540714516,0.735,Emax_ratio,MW ≥215 Da,3107
nesso_f0590475bdebf30b71ce,360.837,0.2082394592854844,0.735,Emax_ratio,MW ≥215 Da,3107
nesso_f2c4576471400d6adb71,339.414,0.20856131316382362,0.735,Emax_ratio,MW ≥215 Da,3107
nesso_19e97d986c89a6befe00,289.34200000000004,0.20888316704216287,0.736,Emax_ratio,MW ≥215 Da,3107
nesso_8b0b801d8a7bb4c9c20f,359.49500000000006,0.20920502092050208,0.736,Emax_ratio,MW ≥215 Da,3107
nesso_ec1d866400cbd8832684,339.464,0.20952687479884133,0.737,Emax_ratio,MW ≥215 Da,3107
nesso_6580920e2867fe4e04ee,397.51500000000016,0.20984872867718057,0.739,Emax_ratio,MW ≥215 Da,3107
nesso_18f3b98273616f39cb2f,435.4710000000003,0.2101705825555198,0.7395,Emax_ratio,MW ≥215 Da,3107
nesso_1847f9c29b81ef79216f,299.418,0.21049243643385904,0.74,Emax_ratio,MW ≥215 Da,3107
nesso_4ae7718221dd528968cc,378.42500000000007,0.21081429031219825,0.74,Emax_ratio,MW ≥215 Da,3107
nesso_4c97d244b33292039b5f,448.4660000000003,0.2111361441905375,0.74,Emax_ratio,MW ≥215 Da,3107
nesso_6e597c62ca860df49b5a,281.3589999999999,0.21145799806887672,0.74,Emax_ratio,MW ≥215 Da,3107
nesso_87cfd4f745dccb272ab1,347.89400000000023,0.21177985194721596,0.74,Emax_ratio,MW ≥215 Da,3107
nesso_88e5b8ec6c78fa16f6f7,373.4340000000002,0.2121017058255552,0.74,Emax_ratio,MW ≥215 Da,3107
nesso_c08c580cd07441178806,393.4620000000001,0.21242355970389443,0.74,Emax_ratio,MW ≥215 Da,3107
nesso_36426fb5c419c9a6c71c,314.788,0.21274541358223367,0.741,Emax_ratio,MW ≥215 Da,3107
nesso_d73ca041cc3d851b519d,328.412,0.2130672674605729,0.741,Emax_ratio,MW ≥215 Da,3107
nesso_0d4f56b57bf23831a422,375.4730000000002,0.21338912133891214,0.742,Emax_ratio,MW ≥215 Da,3107
nesso_692b5e7abb4d18438ed5,342.395,0.21371097521725138,0.742,Emax_ratio,MW ≥215 Da,3107
nesso_ba3e8960b4106f0969bf,357.72300000000007,0.2140328290955906,0.742,Emax_ratio,MW ≥215 Da,3107
nesso_c780db85c7088565af19,474.58700000000033,0.21435468297392984,0.742,Emax_ratio,MW ≥215 Da,3107
nesso_2862e6015d133412926e,356.4450000000001,0.21467653685226906,0.743,Emax_ratio,MW ≥215 Da,3107
nesso_2e1055d9f301c41b0b72,310.40000000000003,0.2149983907306083,0.743,Emax_ratio,MW ≥215 Da,3107
nesso_674da4603058de833f8a,391.4680000000001,0.21532024460894753,0.743,Emax_ratio,MW ≥215 Da,3107
nesso_680130f53ab2ba72bd6f,356.3780000000001,0.21564209848728677,0.743,Emax_ratio,MW ≥215 Da,3107
nesso_8139905a9ad88b921229,347.44000000000005,0.21596395236562602,0.743,Emax_ratio,MW ≥215 Da,3107
nesso_913aefd11aca52d0d6e6,444.5310000000003,0.21628580624396523,0.743,Emax_ratio,MW ≥215 Da,3107
nesso_abcc8b7db6661abea960,397.3760000000001,0.21660766012230448,0.743,Emax_ratio,MW ≥215 Da,3107
nesso_e155fa55d1483485deb8,301.35300000000007,0.2169295140006437,0.743,Emax_ratio,MW ≥215 Da,3107
nesso_8aff68b14a4a99295378,396.8520000000001,0.21725136787898294,0.744,Emax_ratio,MW ≥215 Da,3107
nesso_e1804fc2ab3cc3ec9595,358.44400000000013,0.2175732217573222,0.744,Emax_ratio,MW ≥215 Da,3107
nesso_e7822ae7899dd7ff03a7,349.38700000000006,0.2178950756356614,0.744,Emax_ratio,MW ≥215 Da,3107
nesso_a67e5b4e641a4ef3d231,345.4030000000002,0.21821692951400065,0.745,Emax_ratio,MW ≥215 Da,3107
nesso_f330c2d56b876b0310dc,402.48500000000024,0.21853878339233987,0.745,Emax_ratio,MW ≥215 Da,3107
nesso_401f00a086348d7e832d,446.5320000000002,0.21886063727067911,0.746,Emax_ratio,MW ≥215 Da,3107
nesso_5adfe035ea6094c6b08e,359.665,0.21918249114901833,0.746,Emax_ratio,MW ≥215 Da,3107
nesso_649828c5cdea94c20c78,319.4090000000001,0.21950434502735758,0.746,Emax_ratio,MW ≥215 Da,3107
nesso_82eb9db7b265cdc6712a,318.38000000000005,0.21982619890569682,0.746,Emax_ratio,MW ≥215 Da,3107
nesso_86da600f8a3e97fad0d8,388.4200000000001,0.22014805278403604,0.746,Emax_ratio,MW ≥215 Da,3107
nesso_c821352144ede9ff49f1,436.56000000000023,0.2204699066623753,0.746,Emax_ratio,MW ≥215 Da,3107
nesso_d2b7f8ef298ab4694621,312.36899999999997,0.2207917605407145,0.746,Emax_ratio,MW ≥215 Da,3107
nesso_38141f6e0aeebd1fb5f9,354.81500000000005,0.22111361441905375,0.747,Emax_ratio,MW ≥215 Da,3107
nesso_66c6cc52348645ef971a,429.3800000000002,0.221435468297393,0.747,Emax_ratio,MW ≥215 Da,3107
nesso_708d37f43d79676959af,378.5160000000001,0.2217573221757322,0.747,Emax_ratio,MW ≥215 Da,3107
nesso_a9ce52ceb8409ceaff83,407.42100000000005,0.22207917605407146,0.747,Emax_ratio,MW ≥215 Da,3107
nesso_e869c8b5b146438b1dfb,300.44200000000006,0.22240102993241068,0.747,Emax_ratio,MW ≥215 Da,3107
nesso_7e4f6e10f5b1a1e2dbc2,295.39000000000004,0.22272288381074992,0.748,Emax_ratio,MW ≥215 Da,3107
nesso_8eab66317e1d0445fe9c,349.4380000000001,0.22304473768908914,0.748,Emax_ratio,MW ≥215 Da,3107
nesso_b510efa235c83277209f,344.4550000000001,0.22336659156742839,0.748,Emax_ratio,MW ≥215 Da,3107
nesso_bfe17cc9be67b8d3965e,868.457,0.22368844544576763,0.748,Emax_ratio,MW ≥215 Da,3107
nesso_906746296a264721227b,368.231,0.22401029932410685,0.749,Emax_ratio,MW ≥215 Da,3107
nesso_9283709df0e1fc704ae2,321.42400000000004,0.2243321532024461,0.749,Emax_ratio,MW ≥215 Da,3107
nesso_d831659e4726ad5f8621,321.3770000000001,0.2246540070807853,0.749,Emax_ratio,MW ≥215 Da,3107
nesso_a3b85fabeec23cf40b80,339.3170000000002,0.22497586095912456,0.75,Emax_ratio,MW ≥215 Da,3107
nesso_b04bc71f308dfc42d450,428.2900000000001,0.2252977148374638,0.75,Emax_ratio,MW ≥215 Da,3107
nesso_dccb0ae0cbac9cbb79fe,336.35100000000006,0.22561956871580302,0.75,Emax_ratio,MW ≥215 Da,3107
nesso_e1164169022f51299dce,822.9530000000003,0.22594142259414227,0.75,Emax_ratio,MW ≥215 Da,3107
nesso_0817f2963a79068a4516,341.498,0.22626327647248148,0.752,Emax_ratio,MW ≥215 Da,3107
nesso_2e1374965ee03d5cc243,334.46400000000017,0.22658513035082073,0.752,Emax_ratio,MW ≥215 Da,3107
nesso_37518c85bd221d90efe3,362.4260000000002,0.22690698422915997,0.752,Emax_ratio,MW ≥215 Da,3107
nesso_91e5053ba9ce5341a023,306.36900000000014,0.2272288381074992,0.752,Emax_ratio,MW ≥215 Da,3107
nesso_bdea1117657e7de59913,411.4620000000002,0.22755069198583844,0.752,Emax_ratio,MW ≥215 Da,3107
nesso_dbe5ea5a33ff77d5af8b,330.41700000000003,0.22787254586417766,0.752,Emax_ratio,MW ≥215 Da,3107
nesso_4ddf7fa27aaad128626a,352.43800000000016,0.2281943997425169,0.753,Emax_ratio,MW ≥215 Da,3107
nesso_5a4a86f63f57da95b8df,310.353,0.22851625362085612,0.753,Emax_ratio,MW ≥215 Da,3107
nesso_a1cf9514a4b46992efed,329.80900000000014,0.22883810749919536,0.753,Emax_ratio,MW ≥215 Da,3107
nesso_fc9bb3234447e29fd3cb,367.4740000000001,0.2291599613775346,0.753,Emax_ratio,MW ≥215 Da,3107
nesso_fd5376a6accef3d485a8,366.49000000000007,0.22948181525587383,0.753,Emax_ratio,MW ≥215 Da,3107
nesso_fd962815af6fc3be85a3,342.44300000000004,0.22980366913421307,0.753,Emax_ratio,MW ≥215 Da,3107
nesso_3bcdeb727e00b706b9cd,366.46400000000006,0.2301255230125523,0.754,Emax_ratio,MW ≥215 Da,3107
nesso_63de731659908a2617ea,342.414,0.23044737689089154,0.754,Emax_ratio,MW ≥215 Da,3107
nesso_911126cd5bdbc5f7ab12,318.4420000000002,0.23076923076923078,0.754,Emax_ratio,MW ≥215 Da,3107
nesso_a1789593ac4d88cb52b2,294.40200000000016,0.23109108464757,0.754,Emax_ratio,MW ≥215 Da,3107
nesso_d001f1622ae283b1b6a5,296.4100000000001,0.23141293852590925,0.754,Emax_ratio,MW ≥215 Da,3107
nesso_d358f79ca88189d5f07d,340.4490000000001,0.23173479240424846,0.754,Emax_ratio,MW ≥215 Da,3107
nesso_e7f939f86a1b613a12c2,365.48100000000005,0.2320566462825877,0.754,Emax_ratio,MW ≥215 Da,3107
nesso_47e709500d1959f4e38a,353.48400000000026,0.23237850016092693,0.755,Emax_ratio,MW ≥215 Da,3107
nesso_4d5e4c1711c882b6af89,304.3160000000001,0.23270035403926617,0.755,Emax_ratio,MW ≥215 Da,3107
nesso_4ff09288c7cf2a4da1cc,354.4750000000001,0.23302220791760542,0.755,Emax_ratio,MW ≥215 Da,3107
nesso_e49c4ceab1f4a18d7553,341.386,0.23334406179594464,0.755,Emax_ratio,MW ≥215 Da,3107
nesso_8a0105ba803b31878a44,445.5230000000001,0.23366591567428388,0.756,Emax_ratio,MW ≥215 Da,3107
nesso_9e1b5b6751052d1b25e3,386.92300000000023,0.2339877695526231,0.757,Emax_ratio,MW ≥215 Da,3107
nesso_11fe9c5f9a04efee15c0,376.43400000000014,0.23430962343096234,0.758,Emax_ratio,MW ≥215 Da,3107
nesso_2e1a63937d7a5b9a2fca,353.42600000000004,0.2346314773093016,0.758,Emax_ratio,MW ≥215 Da,3107
nesso_44cfd676b324f619d6ea,278.355,0.2349533311876408,0.758,Emax_ratio,MW ≥215 Da,3107
nesso_96cdeaeb08d7a9e6bac8,334.36600000000016,0.23527518506598005,0.758,Emax_ratio,MW ≥215 Da,3107
nesso_0ff023e61b209a2298bb,299.374,0.23559703894431927,0.759,Emax_ratio,MW ≥215 Da,3107
nesso_100dbf5a2def04fbb598,372.2880000000001,0.23591889282265852,0.759,Emax_ratio,MW ≥215 Da,3107
nesso_230a3d7e30d8c717fb65,362.47000000000025,0.23624074670099773,0.759,Emax_ratio,MW ≥215 Da,3107
nesso_47a59d2f20fef18d738f,373.4970000000002,0.23656260057933698,0.759,Emax_ratio,MW ≥215 Da,3107
nesso_92f6c802f5dbb9f28a6f,317.43300000000016,0.23688445445767622,0.759,Emax_ratio,MW ≥215 Da,3107
nesso_04142bdec5df0bc585a1,332.35600000000017,0.23720630833601544,0.76,Emax_ratio,MW ≥215 Da,3107
nesso_1620d28270df3960ccd5,372.27800000000025,0.2375281622143547,0.76,Emax_ratio,MW ≥215 Da,3107
nesso_26ab01d76b6e91eae241,314.813,0.2378500160926939,0.761,Emax_ratio,MW ≥215 Da,3107
nesso_44dcd0a0ef39f165a103,348.4060000000001,0.23817186997103315,0.761,Emax_ratio,MW ≥215 Da,3107
nesso_4d9378cc4507cd56540c,403.5480000000002,0.2384937238493724,0.761,Emax_ratio,MW ≥215 Da,3107
nesso_da3afc89555c755fc7cc,281.36300000000006,0.23881557772771161,0.761,Emax_ratio,MW ≥215 Da,3107
nesso_3172868ddba7280945a1,376.35900000000004,0.23913743160605086,0.762,Emax_ratio,MW ≥215 Da,3107
nesso_d448fcc1682672da1615,352.438,0.23945928548439008,0.762,Emax_ratio,MW ≥215 Da,3107
nesso_042ad2513e1686c56e2e,318.41700000000003,0.23978113936272932,0.763,Emax_ratio,MW ≥215 Da,3107
nesso_176c42b13df62e26f9bf,345.7900000000001,0.24010299324106857,0.763,Emax_ratio,MW ≥215 Da,3107
nesso_3734a9795709be433646,329.4040000000001,0.2404248471194078,0.763,Emax_ratio,MW ≥215 Da,3107
nesso_af9d728440abc4186b78,433.3900000000001,0.24074670099774703,0.763,Emax_ratio,MW ≥215 Da,3107
nesso_5b5706a1beba032da4fe,314.42900000000003,0.24106855487608625,0.764,Emax_ratio,MW ≥215 Da,3107
nesso_86b83ae9be30507613fa,326.46900000000016,0.2413904087544255,0.764,Emax_ratio,MW ≥215 Da,3107
nesso_8b230fe60378028b5a23,300.3620000000001,0.2417122626327647,0.764,Emax_ratio,MW ≥215 Da,3107
nesso_96cebc83d60f4402cef5,367.4490000000001,0.24203411651110396,0.764,Emax_ratio,MW ≥215 Da,3107
nesso_a50e394375566169a8f6,373.51900000000035,0.2423559703894432,0.764,Emax_ratio,MW ≥215 Da,3107
nesso_feb83c375cc0906304ad,301.39,0.24267782426778242,0.764,Emax_ratio,MW ≥215 Da,3107
nesso_8623ac9f89332586bcfa,394.25800000000015,0.24299967814612167,0.766,Emax_ratio,MW ≥215 Da,3107
nesso_9c6d257a35ade9649c8d,283.295,0.24332153202446088,0.766,Emax_ratio,MW ≥215 Da,3107
nesso_383a5c5fcce20e7f613c,364.49200000000013,0.24364338590280013,0.767,Emax_ratio,MW ≥215 Da,3107
nesso_91e27970dab43613a166,340.4230000000001,0.24396523978113938,0.767,Emax_ratio,MW ≥215 Da,3107
nesso_d49efbb39c8ccb870296,396.3900000000001,0.2442870936594786,0.767,Emax_ratio,MW ≥215 Da,3107
nesso_ebcfd4e589695ade7c18,318.398,0.24460894753781784,0.767,Emax_ratio,MW ≥215 Da,3107
nesso_06dcc01483ef97f90ad3,401.26300000000003,0.24493080141615706,0.768,Emax_ratio,MW ≥215 Da,3107
nesso_23b1e0f8dae6d65c452c,441.5820000000002,0.2452526552944963,0.768,Emax_ratio,MW ≥215 Da,3107
nesso_3a2687e1cc127193481a,382.5110000000002,0.24557450917283552,0.768,Emax_ratio,MW ≥215 Da,3107
nesso_3fc1764c58ee6f73968d,316.386,0.24589636305117477,0.768,Emax_ratio,MW ≥215 Da,3107
nesso_5db66838b8ce7e75dc0b,349.49600000000015,0.246218216929514,0.768,Emax_ratio,MW ≥215 Da,3107
nesso_d62cc656efca16ba5f64,403.56700000000023,0.24654007080785323,0.768,Emax_ratio,MW ≥215 Da,3107
nesso_9d6764ae493d182f6258,330.3910000000001,0.24686192468619247,0.769,Emax_ratio,MW ≥215 Da,3107
nesso_cc07ccb071202dc801b1,373.40000000000026,0.2471837785645317,0.7695000000000001,Emax_ratio,MW ≥215 Da,3107
nesso_34f7a30c52972c45c7be,335.83500000000015,0.24750563244287094,0.77,Emax_ratio,MW ≥215 Da,3107
nesso_3a1e62942492482eb33f,352.86200000000025,0.24782748632121018,0.77,Emax_ratio,MW ≥215 Da,3107
nesso_fa1bbaeeb7733cfc90c6,424.4680000000002,0.2481493401995494,0.77,Emax_ratio,MW ≥215 Da,3107
nesso_45cc04d23229fd2aeb4c,311.38500000000005,0.24847119407788865,0.771,Emax_ratio,MW ≥215 Da,3107
nesso_60fc0348ba89010fa031,443.50000000000017,0.24879304795622786,0.772,Emax_ratio,MW ≥215 Da,3107
nesso_9823833e8a73b9bcca72,374.4440000000001,0.2491149018345671,0.772,Emax_ratio,MW ≥215 Da,3107
nesso_2703e00f224199ae2dd2,368.4240000000002,0.24943675571290633,0.773,Emax_ratio,MW ≥215 Da,3107
nesso_859688cd8c53395372da,347.35300000000007,0.24975860959124557,0.773,Emax_ratio,MW ≥215 Da,3107
nesso_07a7b46e444b19311d06,344.41100000000006,0.2500804634695848,0.774,Emax_ratio,MW ≥215 Da,3107
nesso_13629ad8abf8f8b21e08,370.399,0.25040231734792406,0.774,Emax_ratio,MW ≥215 Da,3107
nesso_13683545f9876d611009,359.52000000000015,0.2507241712262633,0.774,Emax_ratio,MW ≥215 Da,3107
nesso_577dc37e8ce503e03047,423.52000000000027,0.2510460251046025,0.774,Emax_ratio,MW ≥215 Da,3107
nesso_92e1a59770ec010ebe6e,391.44600000000014,0.2513678789829417,0.774,Emax_ratio,MW ≥215 Da,3107
nesso_a4cb59dbff6124be9b9a,427.5920000000003,0.251689732861281,0.774,Emax_ratio,MW ≥215 Da,3107
nesso_43ef1367cc2a3dd1e420,394.43900000000014,0.2520115867396202,0.7745,Emax_ratio,MW ≥215 Da,3107
nesso_0924741146d402195a0e,341.411,0.2523334406179594,0.775,Emax_ratio,MW ≥215 Da,3107
nesso_309c36cda0ce99c8d73b,366.40800000000013,0.2526552944962987,0.775,Emax_ratio,MW ≥215 Da,3107
nesso_6affe2581ccfc06ef475,306.369,0.2529771483746379,0.775,Emax_ratio,MW ≥215 Da,3107
nesso_02bbf8b456100947256a,522.5780000000002,0.25329900225297713,0.776,Emax_ratio,MW ≥215 Da,3107
nesso_9b6f9670504fb9b75a27,428.53200000000027,0.2536208561313164,0.776,Emax_ratio,MW ≥215 Da,3107
nesso_aa312ee45009b125ba3d,421.4530000000002,0.2539427100096556,0.776,Emax_ratio,MW ≥215 Da,3107
nesso_bdf1426e56a2e4ae7e92,365.437,0.25426456388799484,0.776,Emax_ratio,MW ≥215 Da,3107
nesso_c756cc7dd64e60f8a8b5,392.37700000000007,0.25458641776633406,0.776,Emax_ratio,MW ≥215 Da,3107
nesso_d73136cc4714e50aa262,299.37399999999997,0.25490827164467333,0.776,Emax_ratio,MW ≥215 Da,3107
nesso_376c5a97c1f2aaaed00a,298.43399999999997,0.25523012552301255,0.777,Emax_ratio,MW ≥215 Da,3107
nesso_5c4b7dfedc815ff9909e,359.49500000000006,0.25555197940135177,0.777,Emax_ratio,MW ≥215 Da,3107
nesso_6e057ad151f453d4a5d9,389.49900000000014,0.25587383327969104,0.778,Emax_ratio,MW ≥215 Da,3107
nesso_7e8fe341d347505f50d4,338.382,0.25619568715803026,0.778,Emax_ratio,MW ≥215 Da,3107
nesso_9d20cf996a74ff93bc35,411.4520000000002,0.2565175410363695,0.778,Emax_ratio,MW ≥215 Da,3107
nesso_1ca59cb118ecfec5d361,300.40199999999993,0.2568393949147087,0.779,Emax_ratio,MW ≥215 Da,3107
nesso_2014dee2f21f66bdc34f,331.36100000000005,0.25716124879304797,0.779,Emax_ratio,MW ≥215 Da,3107
nesso_9b6e433d944c4d4ece41,387.4800000000002,0.2574831026713872,0.779,Emax_ratio,MW ≥215 Da,3107
nesso_01c65989fac6e0cf4e57,358.41700000000003,0.2578049565497264,0.78,Emax_ratio,MW ≥215 Da,3107
nesso_220a0a3ea4a4581d7314,418.4750000000002,0.2581268104280657,0.78,Emax_ratio,MW ≥215 Da,3107
nesso_b3946934b5b7fdfe3767,381.321,0.2584486643064049,0.78,Emax_ratio,MW ≥215 Da,3107
nesso_b4785aec35e0cd05257d,464.51900000000046,0.2587705181847441,0.78,Emax_ratio,MW ≥215 Da,3107
nesso_d8d165fe96a151ba16f8,358.4630000000001,0.2590923720630834,0.78,Emax_ratio,MW ≥215 Da,3107
nesso_df5afaa374fbc8c10293,342.3170000000001,0.2594142259414226,0.78,Emax_ratio,MW ≥215 Da,3107
nesso_441f776fb3bc8cc8a620,355.41300000000007,0.2597360798197618,0.781,Emax_ratio,MW ≥215 Da,3107
nesso_6bef553464adbf94f302,324.3800000000001,0.26005793369810104,0.781,Emax_ratio,MW ≥215 Da,3107
nesso_8d987998349cca8f40d8,385.5150000000002,0.2603797875764403,0.781,Emax_ratio,MW ≥215 Da,3107
nesso_e12bda5b80df7cf24114,345.3689999999999,0.26070164145477953,0.781,Emax_ratio,MW ≥215 Da,3107
nesso_020daf20250e1ed79249,399.36900000000014,0.26102349533311875,0.782,Emax_ratio,MW ≥215 Da,3107
nesso_696383b3cab1ec4edebb,389.88200000000006,0.261345349211458,0.782,Emax_ratio,MW ≥215 Da,3107
nesso_d280c52d45c5bc607f90,349.419,0.26166720308979724,0.782,Emax_ratio,MW ≥215 Da,3107
nesso_078f081254ee3667b352,317.4040000000001,0.26198905696813646,0.783,Emax_ratio,MW ≥215 Da,3107
nesso_3d72198b914d6091d36b,276.34000000000003,0.2623109108464757,0.783,Emax_ratio,MW ≥215 Da,3107
nesso_499a99bad2d6448963cf,367.47400000000005,0.26263276472481495,0.783,Emax_ratio,MW ≥215 Da,3107
nesso_9832aa06ded40962e5c3,366.43600000000004,0.26295461860315417,0.783,Emax_ratio,MW ≥215 Da,3107
nesso_ac366aca850334a088ef,371.4400000000001,0.2632764724814934,0.783,Emax_ratio,MW ≥215 Da,3107
nesso_7fa39bef8e8964cbf873,294.3449999999999,0.26359832635983266,0.7835,Emax_ratio,MW ≥215 Da,3107
nesso_70661f321cc4d02a0363,312.37300000000016,0.2639201802381719,0.784,Emax_ratio,MW ≥215 Da,3107
nesso_4719092c4ca3fe294379,372.8520000000001,0.2642420341165111,0.785,Emax_ratio,MW ≥215 Da,3107
nesso_5e6809a8fb7801bb8b43,388.9420000000001,0.2645638879948503,0.785,Emax_ratio,MW ≥215 Da,3107
nesso_8f0087d8d5b59fe9db64,331.31900000000013,0.2648857418731896,0.785,Emax_ratio,MW ≥215 Da,3107
nesso_d43bb429a9190669fad3,406.50800000000027,0.2652075957515288,0.785,Emax_ratio,MW ≥215 Da,3107
nesso_fb88f8719a8699e71f51,328.824,0.265529449629868,0.785,Emax_ratio,MW ≥215 Da,3107
nesso_fb9d535aef633f39a815,354.50100000000015,0.2658513035082073,0.785,Emax_ratio,MW ≥215 Da,3107
nesso_34b791d39e2b3ad5233a,344.4150000000002,0.2661731573865465,0.786,Emax_ratio,MW ≥215 Da,3107
nesso_4f2854769365e1e8497d,405.5200000000002,0.26649501126488573,0.786,Emax_ratio,MW ≥215 Da,3107
nesso_c00143a2756a7e04cb28,348.41000000000014,0.266816865143225,0.786,Emax_ratio,MW ≥215 Da,3107
nesso_5a6b8c6ac654839d0b45,336.3170000000001,0.2671387190215642,0.787,Emax_ratio,MW ≥215 Da,3107
nesso_c297a799914ffd495c45,395.4340000000002,0.26746057289990344,0.787,Emax_ratio,MW ≥215 Da,3107
nesso_248c4f36574c5c291ced,358.8730000000001,0.26778242677824265,0.788,Emax_ratio,MW ≥215 Da,3107
nesso_99d0d8a3fe158dd64a38,343.30500000000006,0.26810428065658193,0.789,Emax_ratio,MW ≥215 Da,3107
nesso_256300ce80993ccdd702,448.54400000000015,0.26842613453492115,0.79,Emax_ratio,MW ≥215 Da,3107
nesso_2efa3afaa3e9bb347d2e,364.38000000000017,0.26874798841326036,0.79,Emax_ratio,MW ≥215 Da,3107
nesso_7ee63e308e0d2d620056,334.41900000000004,0.26906984229159964,0.79,Emax_ratio,MW ≥215 Da,3107
nesso_94dea1034614432844fa,397.8840000000002,0.26939169616993885,0.79,Emax_ratio,MW ≥215 Da,3107
nesso_bafb63ba19cc778f924e,316.3230000000001,0.2697135500482781,0.79,Emax_ratio,MW ≥215 Da,3107
nesso_2f5293d2653584395559,326.308,0.2700354039266173,0.791,Emax_ratio,MW ≥215 Da,3107
nesso_a139602a3a40407a6d0e,326.40399999999994,0.27035725780495656,0.791,Emax_ratio,MW ≥215 Da,3107
nesso_cc1df5c8636c0712814c,320.4140000000001,0.2706791116832958,0.791,Emax_ratio,MW ≥215 Da,3107
nesso_4e824a20b9892a97efda,361.48600000000005,0.271000965561635,0.792,Emax_ratio,MW ≥215 Da,3107
nesso_6bf5ce03df3e151a0198,457.5380000000002,0.27132281943997427,0.792,Emax_ratio,MW ≥215 Da,3107
nesso_f7e18d5557cb508dfe40,366.46500000000015,0.2716446733183135,0.792,Emax_ratio,MW ≥215 Da,3107
nesso_6a3a57140cb1a4cac8f1,298.38599999999997,0.2719665271966527,0.793,Emax_ratio,MW ≥215 Da,3107
nesso_921e6c3d8a77e5d6b301,349.43399999999997,0.272288381074992,0.793,Emax_ratio,MW ≥215 Da,3107
nesso_a5db00c84c4fabefb0bb,320.41400000000016,0.2726102349533312,0.793,Emax_ratio,MW ≥215 Da,3107
nesso_ad00d1a332369487c9ab,215.281,0.2729320888316704,0.793,Emax_ratio,MW ≥215 Da,3107
nesso_c7f0a9aa6e0decf57f25,369.46500000000026,0.27325394271000963,0.793,Emax_ratio,MW ≥215 Da,3107
nesso_76783c92547105d764e0,316.32700000000017,0.2735757965883489,0.794,Emax_ratio,MW ≥215 Da,3107
nesso_dd08f740d597ea355d96,470.6130000000003,0.2738976504666881,0.794,Emax_ratio,MW ≥215 Da,3107
nesso_012851a15babc0f24b94,311.76500000000016,0.27421950434502734,0.795,Emax_ratio,MW ≥215 Da,3107
nesso_5b72916a351d1a553ff7,308.403,0.2745413582233666,0.795,Emax_ratio,MW ≥215 Da,3107
nesso_6f1ff9c7948064cd6d21,331.456,0.27486321210170583,0.795,Emax_ratio,MW ≥215 Da,3107
nesso_778201f776138875cd94,325.412,0.27518506598004505,0.795,Emax_ratio,MW ≥215 Da,3107
nesso_b13c48b68ccda54b4925,377.444,0.27550691985838427,0.795,Emax_ratio,MW ≥215 Da,3107
nesso_da855d597a0c27dd63a3,386.3700000000001,0.27582877373672354,0.795,Emax_ratio,MW ≥215 Da,3107
nesso_dce2c05a865ec5e8fcff,301.3900000000001,0.27615062761506276,0.795,Emax_ratio,MW ≥215 Da,3107
nesso_14c6583519af1beda428,333.86300000000006,0.276472481493402,0.796,Emax_ratio,MW ≥215 Da,3107
nesso_197a8ed6ad2d7d9f7ae9,328.38699999999994,0.27679433537174125,0.796,Emax_ratio,MW ≥215 Da,3107
nesso_260c7acf6ad299bafb7e,338.4110000000002,0.27711618925008047,0.796,Emax_ratio,MW ≥215 Da,3107
nesso_28b2e7b3326ef3e80d15,337.449,0.2774380431284197,0.796,Emax_ratio,MW ≥215 Da,3107
nesso_35a77dc4b7a6682ddcc3,393.3180000000001,0.2777598970067589,0.796,Emax_ratio,MW ≥215 Da,3107
nesso_5a8d8b3291f7e2cc3ca8,306.369,0.2780817508850982,0.796,Emax_ratio,MW ≥215 Da,3107
nesso_76949babd92e87c6d813,303.333,0.2784036047634374,0.796,Emax_ratio,MW ≥215 Da,3107
nesso_cd31d64d2d61becf007a,401.4060000000001,0.2787254586417766,0.796,Emax_ratio,MW ≥215 Da,3107
nesso_d77c33c8671f60454578,370.43800000000005,0.2790473125201159,0.796,Emax_ratio,MW ≥215 Da,3107
nesso_c852e2d6f4093ce9006d,336.4130000000001,0.2793691663984551,0.797,Emax_ratio,MW ≥215 Da,3107
nesso_ce97c010ff2abcc40f6f,328.3800000000001,0.2796910202767943,0.797,Emax_ratio,MW ≥215 Da,3107
nesso_e689d658b68c1eff91e3,390.4830000000001,0.2800128741551336,0.797,Emax_ratio,MW ≥215 Da,3107
nesso_e9edfb4f09d5bedda222,357.37600000000003,0.2803347280334728,0.797,Emax_ratio,MW ≥215 Da,3107
nesso_34a924c7ae4b7e470aae,323.41800000000006,0.28065658191181203,0.798,Emax_ratio,MW ≥215 Da,3107
nesso_4372fea3750f9f68f0a1,416.45500000000015,0.28097843579015125,0.798,Emax_ratio,MW ≥215 Da,3107
nesso_c4687a0a4960ab8a6f69,353.37500000000006,0.2813002896684905,0.798,Emax_ratio,MW ≥215 Da,3107
nesso_cadb64f71de1e07c2028,326.48400000000004,0.28162214354682974,0.798,Emax_ratio,MW ≥215 Da,3107
nesso_d99b63cb621f07f9351f,304.35299999999995,0.28194399742516896,0.798,Emax_ratio,MW ≥215 Da,3107
nesso_e5d0715c26442a401302,360.5010000000001,0.28226585130350823,0.798,Emax_ratio,MW ≥215 Da,3107
nesso_7946b959fda7c129a1d3,343.4490000000001,0.28258770518184745,0.799,Emax_ratio,MW ≥215 Da,3107
nesso_bda4d9b5ff9ee0a7fbf5,279.344,0.28290955906018667,0.799,Emax_ratio,MW ≥215 Da,3107
nesso_063f9633f77141b0a5ff,346.452,0.2832314129385259,0.8,Emax_ratio,MW ≥215 Da,3107
nesso_42df2b115668613eecac,399.45000000000016,0.28355326681686516,0.8,Emax_ratio,MW ≥215 Da,3107
nesso_ae37ba116be0a21f57d4,394.5600000000002,0.2838751206952044,0.8,Emax_ratio,MW ≥215 Da,3107
nesso_599b2fcc1a5242aac533,325.45300000000015,0.2841969745735436,0.801,Emax_ratio,MW ≥215 Da,3107
nesso_b9f83882d32286287ee8,314.43300000000005,0.28451882845188287,0.801,Emax_ratio,MW ≥215 Da,3107
nesso_1d3e5a3388de2097fa0b,377.9160000000002,0.2848406823302221,0.802,Emax_ratio,MW ≥215 Da,3107
nesso_8d6adb3bf1a849a21b35,363.4210000000001,0.2851625362085613,0.802,Emax_ratio,MW ≥215 Da,3107
nesso_b26675d6f76a29684593,396.4930000000001,0.2854843900869006,0.802,Emax_ratio,MW ≥215 Da,3107
nesso_6474375e2c242477fcfd,315.352,0.2858062439652398,0.803,Emax_ratio,MW ≥215 Da,3107
nesso_c6d9661dfa1cc7db058f,394.49300000000034,0.286128097843579,0.803,Emax_ratio,MW ≥215 Da,3107
nesso_4e31ccae9fb4fa1fae67,378.3540000000001,0.28644995172191823,0.804,Emax_ratio,MW ≥215 Da,3107
nesso_560860163c124e69d1a6,331.44100000000003,0.2867718056002575,0.804,Emax_ratio,MW ≥215 Da,3107
nesso_ed766b9c506075490701,376.5070000000001,0.2870936594785967,0.804,Emax_ratio,MW ≥215 Da,3107
nesso_f2fd6c30096004d9b697,328.46000000000004,0.28741551335693594,0.804,Emax_ratio,MW ≥215 Da,3107
nesso_248ce154d6adc928c565,398.55500000000023,0.2877373672352752,0.805,Emax_ratio,MW ≥215 Da,3107
nesso_37a3d0af1630633868c5,330.49400000000014,0.2880592211136144,0.805,Emax_ratio,MW ≥215 Da,3107
nesso_47b89468b02f2f3884a0,385.44500000000016,0.28838107499195365,0.805,Emax_ratio,MW ≥215 Da,3107
nesso_837cf8c8fe1fd252a1c0,323.4390000000001,0.28870292887029286,0.8055,Emax_ratio,MW ≥215 Da,3107
nesso_65110cf5a43cea84e05b,342.4180000000002,0.28902478274863214,0.806,Emax_ratio,MW ≥215 Da,3107
nesso_927871fee6d9002eb9ea,390.5500000000001,0.28934663662697135,0.806,Emax_ratio,MW ≥215 Da,3107
nesso_929c01844f34f081425b,325.3860000000001,0.28966849050531057,0.806,Emax_ratio,MW ≥215 Da,3107
nesso_047e49e07a88399011fc,360.461,0.28999034438364985,0.8065,Emax_ratio,MW ≥215 Da,3107
nesso_17ace9bd6a988807c689,390.84600000000006,0.29031219826198906,0.807,Emax_ratio,MW ≥215 Da,3107
nesso_8764d02f906562ea128c,325.29000000000013,0.2906340521403283,0.807,Emax_ratio,MW ≥215 Da,3107
nesso_024f48233e10c7c93853,346.4520000000001,0.2909559060186675,0.808,Emax_ratio,MW ≥215 Da,3107
nesso_2190387f1daf54ea878b,347.4190000000001,0.29127775989700677,0.808,Emax_ratio,MW ≥215 Da,3107
nesso_49e9e9d12570671dcc49,313.39700000000005,0.291599613775346,0.808,Emax_ratio,MW ≥215 Da,3107
nesso_6066b632180d8f5ae3d4,340.4480000000001,0.2919214676536852,0.808,Emax_ratio,MW ≥215 Da,3107
nesso_7fbb83459b94b17a4cf4,289.64,0.2922433215320245,0.808,Emax_ratio,MW ≥215 Da,3107
nesso_8cedbeaf690522f8f0de,514.6290000000004,0.2925651754103637,0.808,Emax_ratio,MW ≥215 Da,3107
nesso_8f3ba256d8b11e17d64e,342.23000000000013,0.2928870292887029,0.808,Emax_ratio,MW ≥215 Da,3107
nesso_ee335e75dea228ee8ed0,276.21399999999994,0.2932088831670422,0.808,Emax_ratio,MW ≥215 Da,3107
nesso_686f2fa414b3e16940b7,363.4210000000001,0.2935307370453814,0.809,Emax_ratio,MW ≥215 Da,3107
nesso_8a0c74577b1b6d9c3154,260.091,0.2938525909237206,0.809,Emax_ratio,MW ≥215 Da,3107
nesso_e24854c54452a3e28d4a,377.4960000000001,0.29417444480205984,0.809,Emax_ratio,MW ≥215 Da,3107
nesso_655d90620cb2e0f3e838,364.37600000000003,0.2944962986803991,0.81,Emax_ratio,MW ≥215 Da,3107
nesso_aff2a8732a2fae7d3af5,303.365,0.29481815255873833,0.81,Emax_ratio,MW ≥215 Da,3107
nesso_f23400002050bed264ca,293.41099999999994,0.29514000643707755,0.81,Emax_ratio,MW ≥215 Da,3107
nesso_244b7043086f28df8005,341.33300000000014,0.2954618603154168,0.811,Emax_ratio,MW ≥215 Da,3107
nesso_8102e802e01057c608b0,352.48200000000014,0.29578371419375604,0.811,Emax_ratio,MW ≥215 Da,3107
nesso_cc19126ba331bf9b8457,321.4420000000001,0.29610556807209526,0.811,Emax_ratio,MW ≥215 Da,3107
nesso_fa4e233ac5eb1ab3fa33,343.3550000000001,0.2964274219504345,0.811,Emax_ratio,MW ≥215 Da,3107
nesso_766766b712a030dfe94d,332.372,0.29674927582877375,0.812,Emax_ratio,MW ≥215 Da,3107
nesso_da36d212a887f2d115c7,324.42400000000004,0.29707112970711297,0.812,Emax_ratio,MW ≥215 Da,3107
nesso_1391fa820bcd52e26693,404.4910000000001,0.2973929835854522,0.813,Emax_ratio,MW ≥215 Da,3107
nesso_5b8d92a4c64f12065ee4,356.4660000000002,0.29771483746379146,0.813,Emax_ratio,MW ≥215 Da,3107
nesso_62a9203342fc8d162e9b,338.4550000000001,0.2980366913421307,0.813,Emax_ratio,MW ≥215 Da,3107
nesso_0b1364f64cdbf8e099bb,320.43300000000005,0.2983585452204699,0.814,Emax_ratio,MW ≥215 Da,3107
nesso_765944bcd4e4e225c557,339.4570000000001,0.29868039909880917,0.814,Emax_ratio,MW ≥215 Da,3107
nesso_2c9731bf3675d7fdf404,354.85900000000015,0.2990022529771484,0.815,Emax_ratio,MW ≥215 Da,3107
nesso_74755e9ae6faa6261df3,323.82400000000007,0.2993241068554876,0.815,Emax_ratio,MW ≥215 Da,3107
nesso_a75cf0e1b08755af0b82,367.232,0.2996459607338268,0.815,Emax_ratio,MW ≥215 Da,3107
nesso_fdf160fcb736b3b621f7,341.45500000000004,0.2999678146121661,0.815,Emax_ratio,MW ≥215 Da,3107
nesso_5449572e85b24c6e6def,284.338,0.3002896684905053,0.817,Emax_ratio,MW ≥215 Da,3107
nesso_5ad25bac6eeba060abba,347.44000000000005,0.30061152236884453,0.817,Emax_ratio,MW ≥215 Da,3107
nesso_9d5e01d5d2201f4aab51,325.4080000000001,0.3009333762471838,0.817,Emax_ratio,MW ≥215 Da,3107
nesso_daa73af7779ce8e24503,358.8040000000001,0.301255230125523,0.817,Emax_ratio,MW ≥215 Da,3107
nesso_b4217887068b77113aeb,348.284,0.30157708400386224,0.818,Emax_ratio,MW ≥215 Da,3107
nesso_b5962a7678c461a310b6,368.52500000000015,0.30189893788220146,0.818,Emax_ratio,MW ≥215 Da,3107
nesso_3fb119ee07fe719ca738,373.76200000000006,0.30222079176054073,0.819,Emax_ratio,MW ≥215 Da,3107
nesso_496ed10ee8907e5c100d,368.36300000000006,0.30254264563887995,0.82,Emax_ratio,MW ≥215 Da,3107
nesso_8fed669a68b4db8aae8d,433.5680000000001,0.30286449951721917,0.82,Emax_ratio,MW ≥215 Da,3107
nesso_99c31d050011e18f7377,325.41200000000003,0.30318635339555844,0.82,Emax_ratio,MW ≥215 Da,3107
nesso_9da6221acdea248998da,391.4500000000002,0.30350820727389766,0.82,Emax_ratio,MW ≥215 Da,3107
nesso_b1b9564523dd3940c44e,383.4810000000001,0.3038300611522369,0.82,Emax_ratio,MW ≥215 Da,3107
nesso_2616b267d28e154bd814,378.31400000000014,0.3041519150305761,0.821,Emax_ratio,MW ≥215 Da,3107
nesso_78040a3c85841fee4dc9,344.43000000000006,0.30447376890891537,0.821,Emax_ratio,MW ≥215 Da,3107
nesso_8e60baccd4a4cef6c74c,352.46000000000004,0.3047956227872546,0.821,Emax_ratio,MW ≥215 Da,3107
nesso_ce0d1b8ca6ef1570ee8b,330.33400000000006,0.3051174766655938,0.821,Emax_ratio,MW ≥215 Da,3107
nesso_9cd8f8d9c72c5d69cdcd,330.409,0.3054393305439331,0.822,Emax_ratio,MW ≥215 Da,3107
nesso_c07d8521bdb3a36efd7a,313.357,0.3057611844222723,0.822,Emax_ratio,MW ≥215 Da,3107
nesso_d9fc75aba7d549f3db7c,353.4660000000002,0.3060830383006115,0.822,Emax_ratio,MW ≥215 Da,3107
nesso_005ea597edb009619d89,334.8070000000001,0.3064048921789508,0.823,Emax_ratio,MW ≥215 Da,3107
nesso_2826c3ed5cf1a2b62631,320.39200000000005,0.30672674605729,0.823,Emax_ratio,MW ≥215 Da,3107
nesso_5a02a3eb33485b76f22d,363.4210000000001,0.3070485999356292,0.823,Emax_ratio,MW ≥215 Da,3107
nesso_620009ff88f192df04ae,298.268,0.30737045381396844,0.823,Emax_ratio,MW ≥215 Da,3107
nesso_92dd50be189871ba2801,342.4020000000001,0.3076923076923077,0.823,Emax_ratio,MW ≥215 Da,3107
nesso_c84e0d3fc83db98f69db,345.4100000000001,0.3080141615706469,0.8235,Emax_ratio,MW ≥215 Da,3107
nesso_27d474f30618353dd68e,439.53700000000026,0.30833601544898614,0.824,Emax_ratio,MW ≥215 Da,3107
nesso_49f02f2fbe96fd6a1e3f,346.3870000000001,0.3086578693273254,0.824,Emax_ratio,MW ≥215 Da,3107
nesso_e6ccd0e1a412957ba9d0,392.52800000000013,0.30897972320566464,0.824,Emax_ratio,MW ≥215 Da,3107
nesso_893fb2efa16faaed02f5,333.413,0.30930157708400385,0.8245,Emax_ratio,MW ≥215 Da,3107
nesso_608c7839253dcc96fd2d,332.40700000000004,0.30962343096234307,0.825,Emax_ratio,MW ≥215 Da,3107
nesso_b39ebf9ac3b89cd2e0a1,364.49300000000034,0.30994528484068234,0.825,Emax_ratio,MW ≥215 Da,3107
nesso_0a05b57dbcfbecf84bdc,346.35600000000005,0.31026713871902156,0.826,Emax_ratio,MW ≥215 Da,3107
nesso_31b41b817c9d2d8a6eba,298.39000000000004,0.3105889925973608,0.826,Emax_ratio,MW ≥215 Da,3107
nesso_cbb90acedbd8e35f30a4,428.2900000000002,0.31091084647570005,0.826,Emax_ratio,MW ≥215 Da,3107
nesso_8c13cbdfcc2f1a7f5e9d,358.4380000000001,0.31123270035403927,0.827,Emax_ratio,MW ≥215 Da,3107
nesso_90e786145b4b95a031d1,328.37200000000007,0.3115545542323785,0.827,Emax_ratio,MW ≥215 Da,3107
nesso_3bb5814f22d7560281da,324.396,0.3118764081107177,0.828,Emax_ratio,MW ≥215 Da,3107
nesso_ded13c5c6400037269a1,388.5340000000003,0.312198261989057,0.828,Emax_ratio,MW ≥215 Da,3107
nesso_732efaa557dfa8a373c8,441.35400000000016,0.3125201158673962,0.829,Emax_ratio,MW ≥215 Da,3107
nesso_c89cd93ed5734d3fafd5,348.4100000000002,0.3128419697457354,0.829,Emax_ratio,MW ≥215 Da,3107
nesso_e5bb4ed338142979b635,384.48000000000036,0.3131638236240747,0.829,Emax_ratio,MW ≥215 Da,3107
nesso_42a0de15606c7242ac2c,384.461,0.3134856775024139,0.83,Emax_ratio,MW ≥215 Da,3107
nesso_96e7a5dbe5a10f7a1ac9,328.41600000000005,0.3138075313807531,0.83,Emax_ratio,MW ≥215 Da,3107
nesso_34580e40835cf939b097,402.90300000000013,0.3141293852590924,0.8305,Emax_ratio,MW ≥215 Da,3107
nesso_2ead87777f681e45cc9e,354.4500000000001,0.3144512391374316,0.831,Emax_ratio,MW ≥215 Da,3107
nesso_74b54347cf005841ce45,323.3560000000001,0.31477309301577083,0.831,Emax_ratio,MW ≥215 Da,3107
nesso_dad8336ed8dbada8054e,333.43100000000004,0.31509494689411005,0.831,Emax_ratio,MW ≥215 Da,3107
nesso_edf0e8126858ccdbb08a,363.4600000000002,0.3154168007724493,0.831,Emax_ratio,MW ≥215 Da,3107
nesso_883c383e91041ce3b4d8,375.87100000000015,0.31573865465078854,0.832,Emax_ratio,MW ≥215 Da,3107
nesso_a916cfe0d843ed87c813,400.5000000000001,0.31606050852912776,0.8325,Emax_ratio,MW ≥215 Da,3107
nesso_107755a7c9b12db3a9c7,346.40600000000006,0.31638236240746703,0.833,Emax_ratio,MW ≥215 Da,3107
nesso_45a27cb1d781809f2383,378.49400000000026,0.31670421628580625,0.833,Emax_ratio,MW ≥215 Da,3107
nesso_467bb7ee06017b2d6c9a,396.8960000000001,0.31702607016414547,0.833,Emax_ratio,MW ≥215 Da,3107
nesso_49022f6edd1d6a8bf429,320.38899999999995,0.3173479240424847,0.833,Emax_ratio,MW ≥215 Da,3107
nesso_4cc1f16f15ba47968a31,347.415,0.31766977792082396,0.833,Emax_ratio,MW ≥215 Da,3107
nesso_0798c75e7293bd0c3666,297.38300000000004,0.3179916317991632,0.834,Emax_ratio,MW ≥215 Da,3107
nesso_2ed44c3ced7edda19a96,411.4040000000001,0.3183134856775024,0.834,Emax_ratio,MW ≥215 Da,3107
nesso_6dedf2a75b88249b1869,365.4330000000003,0.31863533955584167,0.834,Emax_ratio,MW ≥215 Da,3107
nesso_c944c30e7270b84b61eb,387.5050000000001,0.3189571934341809,0.834,Emax_ratio,MW ≥215 Da,3107
nesso_d05cc67a3d2954e62062,366.4900000000001,0.3192790473125201,0.834,Emax_ratio,MW ≥215 Da,3107
nesso_f3fc52ea1cb2c1482f4c,365.3730000000003,0.3196009011908594,0.834,Emax_ratio,MW ≥215 Da,3107
nesso_163854d1077d6ad3ffae,299.296,0.3199227550691986,0.835,Emax_ratio,MW ≥215 Da,3107
nesso_5394ef3e49363fb74eb7,420.8530000000001,0.3202446089475378,0.835,Emax_ratio,MW ≥215 Da,3107
nesso_73886227f4576cbc36d5,361.38900000000007,0.32056646282587703,0.835,Emax_ratio,MW ≥215 Da,3107
nesso_c6e1e635a7b0e28777df,346.4520000000001,0.3208883167042163,0.835,Emax_ratio,MW ≥215 Da,3107
nesso_d6f23652cbdb6909efbb,387.5050000000002,0.3212101705825555,0.835,Emax_ratio,MW ≥215 Da,3107
nesso_3369c716c59ae89a4e7b,289.3750000000001,0.32153202446089474,0.836,Emax_ratio,MW ≥215 Da,3107
nesso_34793d82903f3d608032,379.4350000000001,0.321853878339234,0.836,Emax_ratio,MW ≥215 Da,3107
nesso_7b223b3408fe2e28449d,339.4390000000001,0.32217573221757323,0.837,Emax_ratio,MW ≥215 Da,3107
nesso_8dcce75d13f769b7296b,323.3960000000001,0.32249758609591245,0.837,Emax_ratio,MW ≥215 Da,3107
nesso_152e67c2340fdb4165f2,581.0690000000002,0.32281943997425167,0.838,Emax_ratio,MW ≥215 Da,3107
nesso_7c3cbac3d27ca202b847,332.4000000000001,0.32314129385259094,0.838,Emax_ratio,MW ≥215 Da,3107
nesso_833240a037229e34cf13,300.305,0.32346314773093016,0.838,Emax_ratio,MW ≥215 Da,3107
nesso_d031cddcf72627f70288,393.8020000000002,0.3237850016092694,0.838,Emax_ratio,MW ≥215 Da,3107
nesso_d04fa3dbc5d1730f0a53,347.44000000000005,0.32410685548760865,0.838,Emax_ratio,MW ≥215 Da,3107
nesso_068cda0eed0a183e0903,366.41700000000003,0.32442870936594786,0.839,Emax_ratio,MW ≥215 Da,3107
nesso_0804ecc50eeffbbfa430,361.8330000000001,0.3247505632442871,0.839,Emax_ratio,MW ≥215 Da,3107
nesso_8ccb43af0b344206b990,337.42300000000006,0.3250724171226263,0.839,Emax_ratio,MW ≥215 Da,3107
nesso_edc2ee1de04d6cd54f91,327.4280000000001,0.3253942710009656,0.839,Emax_ratio,MW ≥215 Da,3107
nesso_2627a4d40fe22a10efb1,318.4230000000001,0.3257161248793048,0.84,Emax_ratio,MW ≥215 Da,3107
nesso_fbb158ce19a0083f553c,414.52700000000016,0.326037978757644,0.84,Emax_ratio,MW ≥215 Da,3107
nesso_278c2ad25e8d6d4ff7e8,354.86300000000006,0.3263598326359833,0.841,Emax_ratio,MW ≥215 Da,3107
nesso_bb0ad958957ca2bf6b9a,373.47800000000007,0.3266816865143225,0.841,Emax_ratio,MW ≥215 Da,3107
nesso_0ed67dbc163768cb5215,377.41000000000014,0.3270035403926617,0.842,Emax_ratio,MW ≥215 Da,3107
nesso_157817afb5941fbc4080,357.2370000000001,0.327325394271001,0.842,Emax_ratio,MW ≥215 Da,3107
nesso_c79e7ea956944598a601,399.3690000000001,0.3276472481493402,0.842,Emax_ratio,MW ≥215 Da,3107
nesso_2a56a92cc7ff47be46f4,365.2710000000001,0.3279691020276794,0.843,Emax_ratio,MW ≥215 Da,3107
nesso_6bf77841469bbf0c4fc3,434.46300000000014,0.32829095590601864,0.843,Emax_ratio,MW ≥215 Da,3107
nesso_b6be5e106ffa9688cfdb,392.47100000000023,0.3286128097843579,0.843,Emax_ratio,MW ≥215 Da,3107
nesso_deac59e3e5a39ffdedcf,337.4230000000001,0.32893466366269714,0.843,Emax_ratio,MW ≥215 Da,3107
nesso_dfc1feb8ffbc6b86293c,349.793,0.32925651754103635,0.843,Emax_ratio,MW ≥215 Da,3107
nesso_e131c73d0a09b4b03d81,341.38300000000004,0.3295783714193756,0.843,Emax_ratio,MW ≥215 Da,3107
nesso_7263a0b15df5d9e9f902,329.8490000000001,0.32990022529771484,0.844,Emax_ratio,MW ≥215 Da,3107
nesso_f4e68ff971962342c77a,309.395,0.33022207917605406,0.844,Emax_ratio,MW ≥215 Da,3107
nesso_5d25ad52e1338fa8e1ce,409.9210000000001,0.3305439330543933,0.846,Emax_ratio,MW ≥215 Da,3107
nesso_64cbae3c75ea4096d915,345.27000000000015,0.33086578693273255,0.846,Emax_ratio,MW ≥215 Da,3107
nesso_7199901e85cb3609daa6,329.37500000000017,0.33118764081107177,0.846,Emax_ratio,MW ≥215 Da,3107
nesso_0cce6fea62f99407c3d9,428.5800000000001,0.331509494689411,0.847,Emax_ratio,MW ≥215 Da,3107
nesso_0f86135eab9b3b9f105b,349.334,0.33183134856775026,0.847,Emax_ratio,MW ≥215 Da,3107
nesso_55f8a425d1e1537752e2,343.471,0.3321532024460895,0.847,Emax_ratio,MW ≥215 Da,3107
nesso_72e853722af3257db85f,298.39000000000004,0.3324750563244287,0.847,Emax_ratio,MW ≥215 Da,3107
nesso_a757818929904c9cbbb3,391.372,0.33279691020276797,0.848,Emax_ratio,MW ≥215 Da,3107
nesso_fe49dfef21a212d44eec,338.33300000000025,0.3331187640811072,0.848,Emax_ratio,MW ≥215 Da,3107
nesso_175b07c7b577ee27fbf8,387.2660000000002,0.3334406179594464,0.849,Emax_ratio,MW ≥215 Da,3107
nesso_476a8101c68dd05d9ca8,310.33500000000004,0.3337624718377856,0.849,Emax_ratio,MW ≥215 Da,3107
nesso_b149e28ef7acebf182cb,349.43800000000005,0.3340843257161249,0.849,Emax_ratio,MW ≥215 Da,3107
nesso_fee11a27dc58ea5282d3,336.31699999999995,0.3344061795944641,0.849,Emax_ratio,MW ≥215 Da,3107
nesso_3ee139a988b5bbdcce8a,342.4610000000001,0.33472803347280333,0.851,Emax_ratio,MW ≥215 Da,3107
nesso_ab88303e2c8f2818f179,384.31800000000015,0.3350498873511426,0.851,Emax_ratio,MW ≥215 Da,3107
nesso_a643b7d1bae4f75afd14,329.4290000000001,0.3353717412294818,0.852,Emax_ratio,MW ≥215 Da,3107
nesso_ecf3d62bb1eb062d587e,367.4740000000001,0.33569359510782104,0.852,Emax_ratio,MW ≥215 Da,3107
nesso_5d399d03ae621a79c307,349.3910000000001,0.33601544898616026,0.853,Emax_ratio,MW ≥215 Da,3107
nesso_7054e50d2b497b6244f4,323.78000000000003,0.33633730286449953,0.853,Emax_ratio,MW ≥215 Da,3107
nesso_71267b95a32ed1e24ada,321.3320000000001,0.33665915674283875,0.853,Emax_ratio,MW ≥215 Da,3107
nesso_7906eee8b703d44df0cd,308.341,0.33698101062117797,0.853,Emax_ratio,MW ≥215 Da,3107
nesso_7dc164a492121cf7ec4b,341.45500000000027,0.33730286449951724,0.853,Emax_ratio,MW ≥215 Da,3107
nesso_bf9db10f559075b29aa0,368.4620000000002,0.33762471837785646,0.853,Emax_ratio,MW ≥215 Da,3107
nesso_58d4578965225efe3ab0,357.37000000000006,0.3379465722561957,0.854,Emax_ratio,MW ≥215 Da,3107
nesso_7e2904acb835bb8de12f,346.25400000000013,0.3382684261345349,0.854,Emax_ratio,MW ≥215 Da,3107
nesso_c35133fd4efd05cdef1b,339.2220000000001,0.33859028001287417,0.854,Emax_ratio,MW ≥215 Da,3107
nesso_c89937b7d9277f8d601a,364.42600000000004,0.3389121338912134,0.854,Emax_ratio,MW ≥215 Da,3107
nesso_f8371c3203648e4ebd4b,314.3130000000001,0.3392339877695526,0.854,Emax_ratio,MW ≥215 Da,3107
nesso_58c71dd1e244f3188f71,324.3590000000001,0.3395558416478919,0.855,Emax_ratio,MW ≥215 Da,3107
nesso_600f718b38c7258320d7,412.53000000000014,0.3398776955262311,0.855,Emax_ratio,MW ≥215 Da,3107
nesso_666eecdd5435e6bff9a9,371.4810000000002,0.3401995494045703,0.855,Emax_ratio,MW ≥215 Da,3107
nesso_8d9191a43c6c5b823d0e,340.42600000000004,0.3405214032829096,0.8554999999999999,Emax_ratio,MW ≥215 Da,3107
nesso_1d779d331985a5dde21e,339.367,0.3408432571612488,0.856,Emax_ratio,MW ≥215 Da,3107
nesso_0e8380bd9e378cedb949,417.55400000000037,0.341165111039588,0.857,Emax_ratio,MW ≥215 Da,3107
nesso_19ea1ad87d69a45c954d,356.48900000000026,0.34148696491792724,0.857,Emax_ratio,MW ≥215 Da,3107
nesso_64108ac9f2b6a0a309d3,343.40200000000004,0.3418088187962665,0.857,Emax_ratio,MW ≥215 Da,3107
nesso_82d2c67c3c05fb43f20a,281.35900000000004,0.34213067267460573,0.857,Emax_ratio,MW ≥215 Da,3107
nesso_1aba12567d61596d53c4,295.4510000000001,0.34245252655294495,0.858,Emax_ratio,MW ≥215 Da,3107
nesso_536853e090d3edadd00a,281.651,0.3427743804312842,0.858,Emax_ratio,MW ≥215 Da,3107
nesso_62360c31fba3981e7721,311.31100000000004,0.34309623430962344,0.859,Emax_ratio,MW ≥215 Da,3107
nesso_a126d31c35f0e675fe8b,457.48600000000016,0.34341808818796266,0.859,Emax_ratio,MW ≥215 Da,3107
nesso_cdd6efc50d98d49863fd,251.698,0.3437399420663019,0.859,Emax_ratio,MW ≥215 Da,3107
nesso_a8a12a8386cf783f0694,338.4150000000001,0.34406179594464115,0.86,Emax_ratio,MW ≥215 Da,3107
nesso_29d93c35352b9d609401,404.47000000000014,0.34438364982298036,0.861,Emax_ratio,MW ≥215 Da,3107
nesso_37b8fb565db2ade1239c,372.4610000000002,0.3447055037013196,0.861,Emax_ratio,MW ≥215 Da,3107
nesso_ac3849b560b082597a04,448.54500000000036,0.34502735757965886,0.861,Emax_ratio,MW ≥215 Da,3107
nesso_d194fee17c5b49dff2dc,345.296,0.3453492114579981,0.861,Emax_ratio,MW ≥215 Da,3107
nesso_29189100d12e267cf5c4,328.4120000000001,0.3456710653363373,0.862,Emax_ratio,MW ≥215 Da,3107
nesso_c1b0d75eb0bd6b969b05,322.294,0.34599291921467656,0.862,Emax_ratio,MW ≥215 Da,3107
nesso_f1f8d8b00cb3182e0ca3,321.4170000000001,0.3463147730930158,0.862,Emax_ratio,MW ≥215 Da,3107
nesso_ad5462096fa67681e63f,321.4460000000001,0.346636626971355,0.8625,Emax_ratio,MW ≥215 Da,3107
nesso_383b33dae860fe0ed349,348.3780000000002,0.3469584808496942,0.863,Emax_ratio,MW ≥215 Da,3107
nesso_f210542c819501074fe8,424.54500000000024,0.3472803347280335,0.863,Emax_ratio,MW ≥215 Da,3107
nesso_0a525674675328af95c7,329.40000000000003,0.3476021886063727,0.864,Emax_ratio,MW ≥215 Da,3107
nesso_3a83a3e16d3ca1bc2b14,645.3190000000002,0.3479240424847119,0.864,Emax_ratio,MW ≥215 Da,3107
nesso_5a18fe00ac9cd03360d3,351.493,0.3482458963630512,0.8645,Emax_ratio,MW ≥215 Da,3107
nesso_0c359eb67ded1710d6af,330.35900000000015,0.3485677502413904,0.865,Emax_ratio,MW ≥215 Da,3107
nesso_4b45a2b945d446dabe78,380.43500000000006,0.34888960411972963,0.865,Emax_ratio,MW ≥215 Da,3107
nesso_76938092451fe2c7dbea,355.48200000000026,0.34921145799806885,0.865,Emax_ratio,MW ≥215 Da,3107
nesso_be0c59108afee2679c04,418.5420000000002,0.3495333118764081,0.865,Emax_ratio,MW ≥215 Da,3107
nesso_3227f0ac8eac3e9ad64f,437.3230000000002,0.34985516575474734,0.866,Emax_ratio,MW ≥215 Da,3107
nesso_3e6fc27172468a20cdd3,385.4450000000001,0.35017701963308656,0.866,Emax_ratio,MW ≥215 Da,3107
nesso_959a525204da7e9abe4c,299.3340000000001,0.35049887351142583,0.866,Emax_ratio,MW ≥215 Da,3107
nesso_dc519957ad7f34504f4b,349.43100000000015,0.35082072738976505,0.866,Emax_ratio,MW ≥215 Da,3107
nesso_6fc313d192a96c7e838e,318.421,0.35114258126810427,0.8665,Emax_ratio,MW ≥215 Da,3107
nesso_2f3730b9b5d1fe1b11d0,323.44000000000005,0.3514644351464435,0.867,Emax_ratio,MW ≥215 Da,3107
nesso_3a78f1d7ee351c2ac2cf,352.41600000000005,0.35178628902478276,0.867,Emax_ratio,MW ≥215 Da,3107
nesso_cdb6fa097ef9277e1eef,320.46200000000005,0.352108142903122,0.868,Emax_ratio,MW ≥215 Da,3107
nesso_1516e827c0784e7758b2,370.49700000000024,0.3524299967814612,0.869,Emax_ratio,MW ≥215 Da,3107
nesso_22717650ba31c92367ea,365.4770000000001,0.35275185065980047,0.869,Emax_ratio,MW ≥215 Da,3107
nesso_3acad043284520c27ae8,339.3450000000001,0.3530737045381397,0.869,Emax_ratio,MW ≥215 Da,3107
nesso_f5be35ecc206acfcb11c,412.4900000000001,0.3533955584164789,0.869,Emax_ratio,MW ≥215 Da,3107
nesso_33cebede0eb2a87e0d9c,289.3790000000001,0.3537174122948182,0.87,Emax_ratio,MW ≥215 Da,3107
nesso_4414b139c9f820dda518,248.32599999999996,0.3540392661731574,0.87,Emax_ratio,MW ≥215 Da,3107
nesso_d5b8b54328ccaa9530a0,340.47100000000023,0.3543611200514966,0.87,Emax_ratio,MW ≥215 Da,3107
nesso_f310b56be3822e9f8d13,324.3400000000001,0.35468297392983583,0.87,Emax_ratio,MW ≥215 Da,3107
nesso_198f328de45b84dc7e4f,320.341,0.3550048278081751,0.871,Emax_ratio,MW ≥215 Da,3107
nesso_1a579df0e5bbb2c33cfe,405.43300000000016,0.3553266816865143,0.871,Emax_ratio,MW ≥215 Da,3107
nesso_386901f42fff63a77742,344.43600000000015,0.35564853556485354,0.871,Emax_ratio,MW ≥215 Da,3107
nesso_7641bf394d065dacbfce,429.9290000000002,0.3559703894431928,0.871,Emax_ratio,MW ≥215 Da,3107
nesso_11305c43c6e26865df84,319.408,0.35629224332153203,0.872,Emax_ratio,MW ≥215 Da,3107
nesso_1c766b76a2127f3c7d58,331.755,0.35661409719987125,0.872,Emax_ratio,MW ≥215 Da,3107
nesso_2630a75dba929bd6baab,304.31300000000005,0.35693595107821047,0.872,Emax_ratio,MW ≥215 Da,3107
nesso_2e271fc73ab26c5e8bda,403.21200000000016,0.35725780495654974,0.872,Emax_ratio,MW ≥215 Da,3107
nesso_8aab759c4cee1b5cd8b7,352.4630000000001,0.35757965883488896,0.872,Emax_ratio,MW ≥215 Da,3107
nesso_8f83e6613a402c27d0af,368.3850000000001,0.3579015127132282,0.872,Emax_ratio,MW ≥215 Da,3107
nesso_d0d87c262849248edf1b,370.4930000000002,0.35822336659156745,0.872,Emax_ratio,MW ≥215 Da,3107
nesso_12419579ab805d2bf924,358.3960000000001,0.35854522046990667,0.873,Emax_ratio,MW ≥215 Da,3107
nesso_eb0fede562aa4d36d7e1,354.45400000000006,0.3588670743482459,0.873,Emax_ratio,MW ≥215 Da,3107
nesso_ce60337e6200bdedb48d,301.39,0.35918892822658516,0.874,Emax_ratio,MW ≥215 Da,3107
nesso_1ab0c6a647d12f42873b,312.39200000000005,0.3595107821049244,0.875,Emax_ratio,MW ≥215 Da,3107
nesso_3c1998b84e4d68229c4f,402.41600000000005,0.3598326359832636,0.875,Emax_ratio,MW ≥215 Da,3107
nesso_5c20c9c90b2daecefe39,372.4900000000002,0.3601544898616028,0.875,Emax_ratio,MW ≥215 Da,3107
nesso_ca992ffd24276c02c65d,368.437,0.3604763437399421,0.875,Emax_ratio,MW ≥215 Da,3107
nesso_d1da0eeaa789010c8e4d,348.4060000000001,0.3607981976182813,0.875,Emax_ratio,MW ≥215 Da,3107
nesso_344f0d2f66fddd9faa65,341.45500000000004,0.3611200514966205,0.876,Emax_ratio,MW ≥215 Da,3107
nesso_90b7367bad096a69c914,317.81600000000003,0.3614419053749598,0.876,Emax_ratio,MW ≥215 Da,3107
nesso_dab3d1ca95ba5307763b,365.47000000000014,0.361763759253299,0.876,Emax_ratio,MW ≥215 Da,3107
nesso_dd1cbe52fa7f8d1711fe,329.7049999999999,0.36208561313163823,0.876,Emax_ratio,MW ≥215 Da,3107
nesso_4a138194a443d92c1fa2,310.4670000000001,0.36240746700997745,0.877,Emax_ratio,MW ≥215 Da,3107
nesso_e119d2551bfee9bc0956,316.45300000000003,0.3627293208883167,0.877,Emax_ratio,MW ≥215 Da,3107
nesso_1e1739af15561fe95de5,313.792,0.36305117476665594,0.878,Emax_ratio,MW ≥215 Da,3107
nesso_5206a72cd503d68b0f27,303.318,0.36337302864499516,0.878,Emax_ratio,MW ≥215 Da,3107
nesso_891328253c33c2c44db4,366.4170000000002,0.36369488252333443,0.878,Emax_ratio,MW ≥215 Da,3107
nesso_9ccc747e90f50f1d2cf9,301.34999999999997,0.36401673640167365,0.878,Emax_ratio,MW ≥215 Da,3107
nesso_e3d0254d85c904604b01,359.8090000000001,0.36433859028001286,0.878,Emax_ratio,MW ≥215 Da,3107
nesso_b3373c0c2c3bacffee6c,296.378,0.3646604441583521,0.879,Emax_ratio,MW ≥215 Da,3107
nesso_b74b0645c50a25eff7b6,382.4860000000003,0.36498229803669135,0.879,Emax_ratio,MW ≥215 Da,3107
nesso_dbb2a41c1078bd92883c,380.4230000000001,0.3653041519150306,0.879,Emax_ratio,MW ≥215 Da,3107
nesso_1fcc3074bf2176f4337b,383.2490000000001,0.3656260057933698,0.88,Emax_ratio,MW ≥215 Da,3107
nesso_3043d10324fa63bb57a9,358.8290000000001,0.36594785967170906,0.88,Emax_ratio,MW ≥215 Da,3107
nesso_f49f6397e09e7c108021,290.33000000000004,0.3662697135500483,0.88,Emax_ratio,MW ≥215 Da,3107
nesso_1f3e65f0c1f3ee5746d9,414.2810000000002,0.3665915674283875,0.881,Emax_ratio,MW ≥215 Da,3107
nesso_24406335729f18189cf4,312.2950000000001,0.3669134213067268,0.881,Emax_ratio,MW ≥215 Da,3107
nesso_492ffc82d6413fffc641,344.4190000000001,0.367235275185066,0.881,Emax_ratio,MW ≥215 Da,3107
nesso_7cb9de01f0f160fefb07,324.37100000000015,0.3675571290634052,0.881,Emax_ratio,MW ≥215 Da,3107
nesso_810bbc565ffd5436bbca,306.3690000000001,0.3678789829417444,0.881,Emax_ratio,MW ≥215 Da,3107
nesso_861f701f87d78dfc8708,392.28600000000006,0.3682008368200837,0.881,Emax_ratio,MW ≥215 Da,3107
nesso_2742b49ffc6402d892c7,306.35,0.3685226906984229,0.882,Emax_ratio,MW ≥215 Da,3107
nesso_3f8cbc6e9ea0898ee247,315.3690000000001,0.36884454457676213,0.882,Emax_ratio,MW ≥215 Da,3107
nesso_5b7470a8a0e1f21d270b,319.36400000000003,0.3691663984551014,0.882,Emax_ratio,MW ≥215 Da,3107
nesso_98dc63a4345d3006da56,414.4840000000002,0.3694882523334406,0.882,Emax_ratio,MW ≥215 Da,3107
nesso_b49a4c484db0209f29a5,365.4400000000001,0.36981010621177984,0.882,Emax_ratio,MW ≥215 Da,3107
nesso_300f6badd56be3f5a310,357.4940000000002,0.37013196009011906,0.883,Emax_ratio,MW ≥215 Da,3107
nesso_8603c8678dae39d6cc5f,329.3850000000001,0.37045381396845833,0.883,Emax_ratio,MW ≥215 Da,3107
nesso_b832e1d5c07e76cc82af,328.39700000000005,0.37077566784679755,0.883,Emax_ratio,MW ≥215 Da,3107
nesso_5262ce4f6da63cf85b85,324.42400000000004,0.37109752172513677,0.884,Emax_ratio,MW ≥215 Da,3107
nesso_13694a530ad58c3f1f01,326.396,0.37141937560347604,0.885,Emax_ratio,MW ≥215 Da,3107
nesso_3d8170d8f853a86e8df7,391.4560000000001,0.37174122948181526,0.885,Emax_ratio,MW ≥215 Da,3107
nesso_eff9d1d6d3e19415a6e7,424.35700000000014,0.3720630833601545,0.885,Emax_ratio,MW ≥215 Da,3107
nesso_38cc6e1e8d67b908d94b,343.42700000000013,0.3723849372384937,0.886,Emax_ratio,MW ≥215 Da,3107
nesso_c4dd1412e2815311e9bc,311.40700000000004,0.37270679111683297,0.886,Emax_ratio,MW ≥215 Da,3107
nesso_ce85ae05bb40de66c78c,339.4240000000001,0.3730286449951722,0.886,Emax_ratio,MW ≥215 Da,3107
nesso_07db441b8c3d10561599,367.25700000000006,0.3733504988735114,0.887,Emax_ratio,MW ≥215 Da,3107
nesso_2a5abcf01006e92b6d57,309.369,0.3736723527518507,0.887,Emax_ratio,MW ≥215 Da,3107
nesso_bd14545a83369fb5e1cd,304.4150000000001,0.3739942066301899,0.887,Emax_ratio,MW ≥215 Da,3107
nesso_239519ba05f5ed2e37ab,334.33799999999997,0.3743160605085291,0.888,Emax_ratio,MW ≥215 Da,3107
nesso_d6a32e7c2045902ec505,322.79600000000005,0.3746379143868684,0.888,Emax_ratio,MW ≥215 Da,3107
nesso_e2da56bafa3dcdc39501,495.7450000000004,0.3749597682652076,0.888,Emax_ratio,MW ≥215 Da,3107
nesso_fdae3602ab915c38238e,299.39500000000004,0.3752816221435468,0.888,Emax_ratio,MW ≥215 Da,3107
nesso_00acab1e8db124595e65,368.4620000000001,0.37560347602188604,0.889,Emax_ratio,MW ≥215 Da,3107
nesso_0e4fdfb53271b6a3048c,380.4640000000002,0.3759253299002253,0.889,Emax_ratio,MW ≥215 Da,3107
nesso_21310840c8b1bbb35295,434.45000000000016,0.37624718377856453,0.889,Emax_ratio,MW ≥215 Da,3107
nesso_3c1148bfa5bc12d61db2,360.5010000000001,0.37656903765690375,0.889,Emax_ratio,MW ≥215 Da,3107
nesso_8642697414e26d7c0340,332.42900000000014,0.376890891535243,0.889,Emax_ratio,MW ≥215 Da,3107
nesso_a2bad01d4d88c1b41c8e,328.456,0.37721274541358224,0.889,Emax_ratio,MW ≥215 Da,3107
nesso_edbb71dca2fd136f695c,343.4270000000001,0.37753459929192146,0.889,Emax_ratio,MW ≥215 Da,3107
nesso_2c6fafd8899ec73d9ed1,453.4950000000002,0.3778564531702607,0.89,Emax_ratio,MW ≥215 Da,3107
nesso_4a7b992dab1d7c00944d,353.39400000000006,0.37817830704859995,0.89,Emax_ratio,MW ≥215 Da,3107
nesso_9eb1750ba8472235e96e,341.39,0.37850016092693917,0.89,Emax_ratio,MW ≥215 Da,3107
nesso_c4188e07ab9f66b6d823,382.25700000000006,0.3788220148052784,0.89,Emax_ratio,MW ≥215 Da,3107
nesso_f606b1e2861bb1c50beb,331.357,0.37914386868361766,0.89,Emax_ratio,MW ≥215 Da,3107
nesso_02801b59924f1d32d1b8,392.43400000000014,0.3794657225619569,0.891,Emax_ratio,MW ≥215 Da,3107
nesso_134cc2f4e791cab4690a,367.4200000000002,0.3797875764402961,0.891,Emax_ratio,MW ≥215 Da,3107
nesso_504009b6f6f6def15bbc,369.494,0.38010943031863537,0.891,Emax_ratio,MW ≥215 Da,3107
nesso_2b9ad9f1fcca2d4537a4,433.9400000000003,0.3804312841969746,0.892,Emax_ratio,MW ≥215 Da,3107
nesso_38a3e8d97bebd71cc9a6,365.4330000000001,0.3807531380753138,0.892,Emax_ratio,MW ≥215 Da,3107
nesso_7be75e07ec7e38c9fefb,326.40000000000003,0.381074991953653,0.892,Emax_ratio,MW ≥215 Da,3107
nesso_80897a77551e8b8e42f2,330.295,0.3813968458319923,0.892,Emax_ratio,MW ≥215 Da,3107
nesso_1dc1b3688d4c338fc075,366.4170000000001,0.3817186997103315,0.893,Emax_ratio,MW ≥215 Da,3107
nesso_3c7202507bf1b0f6941f,345.3620000000001,0.38204055358867073,0.893,Emax_ratio,MW ≥215 Da,3107
nesso_3e5505ad8dc46f9f94e7,459.52500000000026,0.38236240746701,0.893,Emax_ratio,MW ≥215 Da,3107
nesso_ed86cf71bf3d4bf642ec,344.34200000000016,0.3826842613453492,0.893,Emax_ratio,MW ≥215 Da,3107
nesso_f1a9a87c213d95e7935d,349.4520000000001,0.38300611522368844,0.893,Emax_ratio,MW ≥215 Da,3107
nesso_2dbb440b446a275950f7,321.42100000000005,0.38332796910202765,0.894,Emax_ratio,MW ≥215 Da,3107
nesso_bfd3e3b22c1d2e5c79b8,420.4290000000002,0.38364982298036693,0.894,Emax_ratio,MW ≥215 Da,3107
nesso_866e83298a10efe5b96d,320.7800000000001,0.38397167685870615,0.895,Emax_ratio,MW ≥215 Da,3107
nesso_6973aeaaac7747136235,349.47500000000014,0.38429353073704536,0.8955,Emax_ratio,MW ≥215 Da,3107
nesso_21ac0027928de6b44783,325.4120000000001,0.38461538461538464,0.896,Emax_ratio,MW ≥215 Da,3107
nesso_2f65e1243025885a8b93,284.319,0.38493723849372385,0.896,Emax_ratio,MW ≥215 Da,3107
nesso_3cb42c8d4da447630ad2,345.4240000000001,0.38525909237206307,0.896,Emax_ratio,MW ≥215 Da,3107
nesso_5d4131b1786c3f4c66fe,319.408,0.3855809462504023,0.896,Emax_ratio,MW ≥215 Da,3107
nesso_b80a6d87706768973590,252.27700000000002,0.38590280012874156,0.896,Emax_ratio,MW ≥215 Da,3107
nesso_d2141768a0c725abca7f,323.31600000000003,0.3862246540070808,0.896,Emax_ratio,MW ≥215 Da,3107
nesso_d755c2e2eb8d4272cdb3,341.3710000000001,0.38654650788542,0.896,Emax_ratio,MW ≥215 Da,3107
nesso_e973ec1790605578fb43,356.4220000000001,0.38686836176375927,0.896,Emax_ratio,MW ≥215 Da,3107
nesso_56e9b026792d343dfa67,386.4150000000001,0.3871902156420985,0.897,Emax_ratio,MW ≥215 Da,3107
nesso_b62f3cd1713ce49c0403,330.45300000000003,0.3875120695204377,0.897,Emax_ratio,MW ≥215 Da,3107
nesso_fa50ad07566cf5fea796,384.2950000000001,0.387833923398777,0.897,Emax_ratio,MW ≥215 Da,3107
nesso_1d03c6cd979837157c28,263.20899999999995,0.3881557772771162,0.898,Emax_ratio,MW ≥215 Da,3107
nesso_2bbba0298a2078b54788,333.461,0.3884776311554554,0.898,Emax_ratio,MW ≥215 Da,3107
nesso_34b9d19effb8a80f3600,310.31300000000005,0.38879948503379463,0.898,Emax_ratio,MW ≥215 Da,3107
nesso_fa9b26df0be2a8d1a871,451.59200000000027,0.3891213389121339,0.898,Emax_ratio,MW ≥215 Da,3107
nesso_a62c12ed93b5d16890f3,353.4700000000001,0.3894431927904731,0.899,Emax_ratio,MW ≥215 Da,3107
nesso_dd47f7d69709fb1270e0,349.4520000000001,0.38976504666881234,0.899,Emax_ratio,MW ≥215 Da,3107
nesso_6c878edc36a3cbee9935,472.6150000000003,0.3900869005471516,0.9,Emax_ratio,MW ≥215 Da,3107
nesso_efa20d47e2067875a93a,302.399,0.39040875442549083,0.9,Emax_ratio,MW ≥215 Da,3107
nesso_6ee95a1f15aa3d88c613,373.7220000000002,0.39073060830383005,0.9005000000000001,Emax_ratio,MW ≥215 Da,3107
nesso_01ff8805d67f116e8b3b,400.45400000000006,0.39105246218216927,0.901,Emax_ratio,MW ≥215 Da,3107
nesso_4b1ab8fbb3da9402fac5,340.42700000000013,0.39137431606050854,0.901,Emax_ratio,MW ≥215 Da,3107
nesso_8e5eb12371676fce58a8,359.307,0.39169616993884776,0.901,Emax_ratio,MW ≥215 Da,3107
nesso_1594d1007e9648c7a177,323.3960000000001,0.392018023817187,0.902,Emax_ratio,MW ≥215 Da,3107
nesso_4b39933c8ac468f4c0d2,317.41400000000004,0.39233987769552625,0.902,Emax_ratio,MW ≥215 Da,3107
nesso_5921d55059417edeed4d,356.46600000000007,0.39266173157386547,0.902,Emax_ratio,MW ≥215 Da,3107
nesso_950c27ced0893a10c205,341.37100000000004,0.3929835854522047,0.902,Emax_ratio,MW ≥215 Da,3107
nesso_a8d89c8949bc9a69e14a,367.4270000000001,0.39330543933054396,0.902,Emax_ratio,MW ≥215 Da,3107
nesso_b91b6ddff9deacfe4230,347.3940000000001,0.3936272932088832,0.902,Emax_ratio,MW ≥215 Da,3107
nesso_e6c224fef993bffe3f2c,307.35699999999997,0.3939491470872224,0.902,Emax_ratio,MW ≥215 Da,3107
nesso_06527a48414381426409,363.4220000000002,0.3942710009655616,0.903,Emax_ratio,MW ≥215 Da,3107
nesso_0c635a764dbc428f7dde,303.33700000000005,0.3945928548439009,0.903,Emax_ratio,MW ≥215 Da,3107
nesso_157c74831d8d7a751690,328.441,0.3949147087222401,0.903,Emax_ratio,MW ≥215 Da,3107
nesso_67fc5f0d2f2adf4b6f8d,339.391,0.3952365626005793,0.903,Emax_ratio,MW ≥215 Da,3107
nesso_8217ab7ce3a6fe67c24a,341.4110000000001,0.3955584164789186,0.903,Emax_ratio,MW ≥215 Da,3107
nesso_d66e377947e8a07d0f44,314.282,0.3958802703572578,0.903,Emax_ratio,MW ≥215 Da,3107
nesso_6dfe10e9d30f58665854,357.3570000000001,0.39620212423559703,0.904,Emax_ratio,MW ≥215 Da,3107
nesso_344188053fa18d05e7b1,403.407,0.39652397811393625,0.9045,Emax_ratio,MW ≥215 Da,3107
nesso_5e762fe521a7e3040abc,314.45399999999995,0.3968458319922755,0.905,Emax_ratio,MW ≥215 Da,3107
nesso_c68798c3d0e39a85c5d1,375.35400000000004,0.39716768587061474,0.905,Emax_ratio,MW ≥215 Da,3107
nesso_0eae8fa70bc930c93fd7,283.33500000000004,0.39748953974895396,0.906,Emax_ratio,MW ≥215 Da,3107
nesso_53e87d5ba95359306edb,345.424,0.39781139362729323,0.906,Emax_ratio,MW ≥215 Da,3107
nesso_597ad8cbde4924503e8b,401.85000000000014,0.39813324750563245,0.906,Emax_ratio,MW ≥215 Da,3107
nesso_751c3cb7c18861dc17fd,385.4710000000001,0.39845510138397167,0.906,Emax_ratio,MW ≥215 Da,3107
nesso_78f6739251ba10ef7af0,337.4230000000001,0.3987769552623109,0.907,Emax_ratio,MW ≥215 Da,3107
nesso_7df56d629f607b7e455f,390.44300000000004,0.39909880914065016,0.907,Emax_ratio,MW ≥215 Da,3107
nesso_8c958eb4dee901edab27,382.38600000000014,0.3994206630189894,0.907,Emax_ratio,MW ≥215 Da,3107
nesso_4d11f4d42e00ffec57bd,440.5870000000003,0.3997425168973286,0.908,Emax_ratio,MW ≥215 Da,3107
nesso_50582956c19ecec28eed,356.81300000000005,0.40006437077566787,0.908,Emax_ratio,MW ≥215 Da,3107
nesso_9319cf2d78f62917b323,315.80400000000003,0.4003862246540071,0.908,Emax_ratio,MW ≥215 Da,3107
nesso_be35208da2d649f05cd0,349.8180000000001,0.4007080785323463,0.908,Emax_ratio,MW ≥215 Da,3107
nesso_dc914de6ed6f32ecdbd6,338.367,0.4010299324106856,0.908,Emax_ratio,MW ≥215 Da,3107
nesso_b2898b31ad385ea6b7e4,458.3310000000001,0.4013517862890248,0.9085,Emax_ratio,MW ≥215 Da,3107
nesso_801f193ca57257a9076f,294.35100000000006,0.401673640167364,0.909,Emax_ratio,MW ≥215 Da,3107
nesso_90d8db8563b8dacd1fd8,312.41300000000007,0.4019954940457032,0.909,Emax_ratio,MW ≥215 Da,3107
nesso_cdf0cb4a431b2e679b09,300.399,0.4023173479240425,0.909,Emax_ratio,MW ≥215 Da,3107
nesso_dd06ac992f3a30272ea9,310.33500000000004,0.4026392018023817,0.909,Emax_ratio,MW ≥215 Da,3107
nesso_e45a3d44c0c3857daedd,313.4050000000001,0.40296105568072094,0.909,Emax_ratio,MW ≥215 Da,3107
nesso_ed55390d12ddc9734ed5,389.886,0.4032829095590602,0.909,Emax_ratio,MW ≥215 Da,3107
nesso_2aecca4ac454bbd820bc,383.4230000000002,0.4036047634373994,0.91,Emax_ratio,MW ≥215 Da,3107
nesso_40b43530c2e52c46bb85,362.4770000000001,0.40392661731573865,0.91,Emax_ratio,MW ≥215 Da,3107
nesso_6d16a4757e7a30347d6e,358.41000000000014,0.40424847119407786,0.91,Emax_ratio,MW ≥215 Da,3107
nesso_f4e2a6c36dd7848e0375,305.3850000000001,0.40457032507241714,0.91,Emax_ratio,MW ≥215 Da,3107
nesso_0e275f48e9a4deae4e20,382.5080000000003,0.40489217895075635,0.911,Emax_ratio,MW ≥215 Da,3107
nesso_85a12b3d0a6bc722270d,320.339,0.40521403282909557,0.911,Emax_ratio,MW ≥215 Da,3107
nesso_f127eb638dfa1d34c80b,364.4490000000002,0.40553588670743485,0.911,Emax_ratio,MW ≥215 Da,3107
nesso_432798b996a959b75cc6,379.48200000000014,0.40585774058577406,0.912,Emax_ratio,MW ≥215 Da,3107
nesso_61be6fadc83944f04580,608.6880000000004,0.4061795944641133,0.912,Emax_ratio,MW ≥215 Da,3107
nesso_66bf14956fb045f6e87c,335.3640000000001,0.40650144834245255,0.912,Emax_ratio,MW ≥215 Da,3107
nesso_cd6c1c4324e259f90614,372.49400000000026,0.40682330222079177,0.912,Emax_ratio,MW ≥215 Da,3107
nesso_030dc4795f3b2e2b36e6,360.5270000000002,0.407145156099131,0.913,Emax_ratio,MW ≥215 Da,3107
nesso_5cc34008c89d74191e15,305.33800000000014,0.4074670099774702,0.913,Emax_ratio,MW ≥215 Da,3107
nesso_98f0bac6622a2cd75064,328.4120000000001,0.4077888638558095,0.913,Emax_ratio,MW ≥215 Da,3107
nesso_36eaba50c23eb13e95cd,418.5630000000003,0.4081107177341487,0.914,Emax_ratio,MW ≥215 Da,3107
nesso_5374dfe3c50dc51cc8c2,318.33900000000006,0.4084325716124879,0.914,Emax_ratio,MW ≥215 Da,3107
nesso_76e83b84adc607dd19ad,299.33000000000004,0.4087544254908272,0.914,Emax_ratio,MW ≥215 Da,3107
nesso_25e5e7590072df151b18,429.46400000000006,0.4090762793691664,0.9145,Emax_ratio,MW ≥215 Da,3107
nesso_1c78ff3b99bc3013f381,345.4900000000002,0.4093981332475056,0.915,Emax_ratio,MW ≥215 Da,3107
nesso_33520f1905a7f784e8ec,339.826,0.40971998712584484,0.915,Emax_ratio,MW ≥215 Da,3107
nesso_4e525557823818f420da,371.2640000000002,0.4100418410041841,0.915,Emax_ratio,MW ≥215 Da,3107
nesso_c174b3bb4d3a597784dd,305.30100000000004,0.41036369488252333,0.915,Emax_ratio,MW ≥215 Da,3107
nesso_c2f8c09a1b884aa1255e,320.751,0.41068554876086255,0.915,Emax_ratio,MW ≥215 Da,3107
nesso_e6f7aa2f7b0ece8e41d3,323.40000000000003,0.4110074026392018,0.915,Emax_ratio,MW ≥215 Da,3107
nesso_fa20ac63ad4a118346df,433.4490000000001,0.41132925651754104,0.915,Emax_ratio,MW ≥215 Da,3107
nesso_fc4c2ebf3e117ba0a668,268.356,0.41165111039588026,0.915,Emax_ratio,MW ≥215 Da,3107
nesso_1ec06e26285d51a29d0a,738.8900000000001,0.4119729642742195,0.916,Emax_ratio,MW ≥215 Da,3107
nesso_37f2d9e67174a139f1ea,361.40200000000016,0.41229481815255875,0.916,Emax_ratio,MW ≥215 Da,3107
nesso_6be959e195eee65d3f74,361.34000000000015,0.41261667203089797,0.916,Emax_ratio,MW ≥215 Da,3107
nesso_0ac2b88c1ab4802e79e3,369.8520000000001,0.4129385259092372,0.917,Emax_ratio,MW ≥215 Da,3107
nesso_8c52cfd3475198da0e71,413.3840000000001,0.41326037978757646,0.917,Emax_ratio,MW ≥215 Da,3107
nesso_c58375b525fa33f8e18e,408.9510000000001,0.4135822336659157,0.917,Emax_ratio,MW ≥215 Da,3107
nesso_40a37010e2dbd1e7420f,402.41599999999994,0.4139040875442549,0.918,Emax_ratio,MW ≥215 Da,3107
nesso_4d15f131415717fed371,279.347,0.41422594142259417,0.918,Emax_ratio,MW ≥215 Da,3107
nesso_d889cfbf524804ded3a2,379.25800000000004,0.4145477953009334,0.918,Emax_ratio,MW ≥215 Da,3107
nesso_42542a02f8e792d992f0,338.41499999999996,0.4148696491792726,0.9185,Emax_ratio,MW ≥215 Da,3107
nesso_0330e2bb871c93545cb9,332.367,0.4151915030576118,0.919,Emax_ratio,MW ≥215 Da,3107
nesso_1d3ac6ce1f68557faac7,344.5050000000001,0.4155133569359511,0.919,Emax_ratio,MW ≥215 Da,3107
nesso_34bdbca6bf8016c6eeae,315.4020000000001,0.4158352108142903,0.919,Emax_ratio,MW ≥215 Da,3107
nesso_72d10504de57bfd1acb0,378.347,0.41615706469262953,0.919,Emax_ratio,MW ≥215 Da,3107
nesso_849acc33a040c0d44b40,341.26,0.4164789185709688,0.919,Emax_ratio,MW ≥215 Da,3107
nesso_a668787ab109b3965098,283.335,0.416800772449308,0.919,Emax_ratio,MW ≥215 Da,3107
nesso_3dd2d4d3e904410e9a99,437.56500000000017,0.41712262632764724,0.9195,Emax_ratio,MW ≥215 Da,3107
nesso_7ee6acb40300ee8b0040,362.43300000000005,0.41744448020598646,0.92,Emax_ratio,MW ≥215 Da,3107
nesso_825ab397a72cb0390c49,371.46200000000016,0.41776633408432573,0.92,Emax_ratio,MW ≥215 Da,3107
nesso_c1c62a6c7e00de27da45,310.401,0.41808818796266495,0.92,Emax_ratio,MW ≥215 Da,3107
nesso_d497f537fe4c1f84408d,363.3480000000001,0.41841004184100417,0.92,Emax_ratio,MW ≥215 Da,3107
nesso_f5a895f48862a69b0464,361.4630000000001,0.41873189571934344,0.92,Emax_ratio,MW ≥215 Da,3107
nesso_fc26bca176f386133430,340.38700000000006,0.41905374959768266,0.92,Emax_ratio,MW ≥215 Da,3107
nesso_7c9df9ec1b134831300b,309.4100000000001,0.4193756034760219,0.921,Emax_ratio,MW ≥215 Da,3107
nesso_7eb70c872f87fdef9db1,413.90500000000026,0.41969745735436115,0.921,Emax_ratio,MW ≥215 Da,3107
nesso_b97694c30ff2c1d26076,343.43,0.42001931123270037,0.921,Emax_ratio,MW ≥215 Da,3107
nesso_efe277396db5566144ba,304.393,0.4203411651110396,0.921,Emax_ratio,MW ≥215 Da,3107
nesso_f2cd4724132bc712646d,338.41100000000006,0.4206630189893788,0.921,Emax_ratio,MW ≥215 Da,3107
nesso_dbec7e19d8ae2f9e9f5b,353.34400000000005,0.4209848728677181,0.922,Emax_ratio,MW ≥215 Da,3107
nesso_dcd93a7aabb2417cb370,308.40700000000004,0.4213067267460573,0.922,Emax_ratio,MW ≥215 Da,3107
nesso_e61c28b1f517f11b48e2,345.34900000000005,0.4216285806243965,0.922,Emax_ratio,MW ≥215 Da,3107
nesso_5e2b95e76840b53c28f5,397.5040000000002,0.4219504345027358,0.923,Emax_ratio,MW ≥215 Da,3107
nesso_ace866089cc68f593182,345.406,0.422272288381075,0.923,Emax_ratio,MW ≥215 Da,3107
nesso_b9f1dbffa729dc75932b,326.40000000000003,0.4225941422594142,0.923,Emax_ratio,MW ≥215 Da,3107
nesso_15e74ff6d840669cb33c,367.4530000000001,0.42291599613775344,0.924,Emax_ratio,MW ≥215 Da,3107
nesso_2248d59bbe128b8cd4f3,436.53700000000015,0.4232378500160927,0.924,Emax_ratio,MW ≥215 Da,3107
nesso_62d8d6af6e61aa1ebaee,374.51000000000005,0.4235597038944319,0.924,Emax_ratio,MW ≥215 Da,3107
nesso_c39742c3e483fd88f55d,419.4280000000001,0.42388155777277114,0.924,Emax_ratio,MW ≥215 Da,3107
nesso_e9c09bf94ffa8a378706,357.33000000000015,0.4242034116511104,0.924,Emax_ratio,MW ≥215 Da,3107
nesso_f77f74b788ec482396d4,312.42100000000005,0.42452526552944964,0.924,Emax_ratio,MW ≥215 Da,3107
nesso_58aad31f493277625cbe,364.8580000000001,0.42484711940778885,0.925,Emax_ratio,MW ≥215 Da,3107
nesso_6d76723ec07f45f11662,298.34200000000004,0.42516897328612807,0.925,Emax_ratio,MW ≥215 Da,3107
nesso_e7599ee9076c0b0a334e,357.3910000000001,0.42549082716446734,0.925,Emax_ratio,MW ≥215 Da,3107
nesso_f12a1fb777b51b8cc4fa,411.4180000000001,0.42581268104280656,0.925,Emax_ratio,MW ≥215 Da,3107
nesso_0b3e3396f24b3899724b,378.43200000000013,0.4261345349211458,0.926,Emax_ratio,MW ≥215 Da,3107
nesso_cc25f5a6f1064d483833,321.37999999999994,0.42645638879948505,0.926,Emax_ratio,MW ≥215 Da,3107
nesso_d52c38d1f2312a0f31a6,360.79700000000014,0.42677824267782427,0.926,Emax_ratio,MW ≥215 Da,3107
nesso_d83c57520260eff61aa6,398.53200000000004,0.4271000965561635,0.926,Emax_ratio,MW ≥215 Da,3107
nesso_f63e3a1cb3aead786d4a,349.41900000000004,0.42742195043450276,0.926,Emax_ratio,MW ≥215 Da,3107
nesso_3e231c18835fb0739d39,277.364,0.427743804312842,0.927,Emax_ratio,MW ≥215 Da,3107
nesso_4cd8519328565379b190,319.43,0.4280656581911812,0.927,Emax_ratio,MW ≥215 Da,3107
nesso_7620da9c6e7538a7d8c1,312.34400000000005,0.4283875120695204,0.927,Emax_ratio,MW ≥215 Da,3107
nesso_a416ca161d5e271c81b1,355.46000000000015,0.4287093659478597,0.927,Emax_ratio,MW ≥215 Da,3107
nesso_a6dcf3b8716318eb5b15,304.43399999999997,0.4290312198261989,0.927,Emax_ratio,MW ≥215 Da,3107
nesso_214f262500f5df121c1f,468.02300000000025,0.4293530737045381,0.928,Emax_ratio,MW ≥215 Da,3107
nesso_617e6c0a484338d5692d,362.86100000000016,0.4296749275828774,0.928,Emax_ratio,MW ≥215 Da,3107
nesso_b0287a8f16f8596bf7e6,398.5030000000002,0.4299967814612166,0.928,Emax_ratio,MW ≥215 Da,3107
nesso_db7a027406f1bd35173e,388.64900000000006,0.43031863533955583,0.928,Emax_ratio,MW ≥215 Da,3107
nesso_e6bdb01d90d35d851cd1,341.367,0.43064048921789505,0.928,Emax_ratio,MW ≥215 Da,3107
nesso_33977f85392f7277bf89,395.619,0.4309623430962343,0.9285,Emax_ratio,MW ≥215 Da,3107
nesso_291a328330f5082163fa,377.36999999999995,0.43128419697457354,0.929,Emax_ratio,MW ≥215 Da,3107
nesso_550d1e6deedd76a18f9e,357.45400000000024,0.43160605085291276,0.929,Emax_ratio,MW ≥215 Da,3107
nesso_64408a0e71830d319a5c,317.38900000000007,0.43192790473125203,0.929,Emax_ratio,MW ≥215 Da,3107
nesso_cac3a3f728e042c3f64b,532.472,0.43224975860959125,0.929,Emax_ratio,MW ≥215 Da,3107
nesso_e8a59ecbe0cf03e6b672,338.35100000000006,0.43257161248793047,0.929,Emax_ratio,MW ≥215 Da,3107
nesso_01e3e98fbc449062cd1c,309.365,0.43289346636626974,0.93,Emax_ratio,MW ≥215 Da,3107
nesso_5b698ddd1cb2e627fdbe,308.40700000000004,0.43321532024460896,0.93,Emax_ratio,MW ≥215 Da,3107
nesso_68a76b1a648ceaca0cb0,333.3520000000001,0.4335371741229482,0.93,Emax_ratio,MW ≥215 Da,3107
nesso_9839f7db51af49bb9c6d,344.3740000000001,0.4338590280012874,0.93,Emax_ratio,MW ≥215 Da,3107
nesso_a8200d745d9a1e8541a5,368.275,0.43418088187962667,0.93,Emax_ratio,MW ≥215 Da,3107
nesso_e706dcaeee7189646944,354.85900000000004,0.4345027357579659,0.93,Emax_ratio,MW ≥215 Da,3107
nesso_055e1b6d36573b348b26,364.44200000000006,0.4348245896363051,0.931,Emax_ratio,MW ≥215 Da,3107
nesso_539043540ab69af94160,341.4110000000001,0.4351464435146444,0.931,Emax_ratio,MW ≥215 Da,3107
nesso_672f101293a9f05cb5fb,344.49900000000014,0.4354682973929836,0.931,Emax_ratio,MW ≥215 Da,3107
nesso_76e11ee0b6369c7ae648,305.38100000000003,0.4357901512713228,0.931,Emax_ratio,MW ≥215 Da,3107
nesso_7aba55ef8d2206f14577,315.38,0.43611200514966203,0.931,Emax_ratio,MW ≥215 Da,3107
nesso_8acb330f726229b88fd7,339.86699999999996,0.4364338590280013,0.931,Emax_ratio,MW ≥215 Da,3107
nesso_d5d21e8f2b3707f63301,348.406,0.4367557129063405,0.9315,Emax_ratio,MW ≥215 Da,3107
nesso_4f9f1ce4832e0bcfee08,382.4200000000001,0.43707756678467974,0.932,Emax_ratio,MW ≥215 Da,3107
nesso_d421a3f493fc66cced08,369.3850000000001,0.437399420663019,0.932,Emax_ratio,MW ≥215 Da,3107
nesso_dbaafd2a737e5a6144fe,343.456,0.43772127454135823,0.932,Emax_ratio,MW ≥215 Da,3107
nesso_1c8788226361e5b47d79,428.48100000000005,0.43804312841969745,0.933,Emax_ratio,MW ≥215 Da,3107
nesso_2547fd41fe4097c008e3,309.365,0.43836498229803667,0.933,Emax_ratio,MW ≥215 Da,3107
nesso_521af31a078d4c44a605,345.4460000000001,0.43868683617637594,0.933,Emax_ratio,MW ≥215 Da,3107
nesso_75e6a5ede0e897c326d1,335.4110000000002,0.43900869005471516,0.933,Emax_ratio,MW ≥215 Da,3107
nesso_a05960a34ed2c268f729,355.385,0.4393305439330544,0.933,Emax_ratio,MW ≥215 Da,3107
nesso_fa96ea430eb1e697b18c,339.39900000000006,0.43965239781139365,0.933,Emax_ratio,MW ≥215 Da,3107
nesso_56a1fd179a00387e1d5f,312.41700000000003,0.43997425168973286,0.934,Emax_ratio,MW ≥215 Da,3107
nesso_ae183e948a5f746ef61d,334.851,0.4402961055680721,0.934,Emax_ratio,MW ≥215 Da,3107
nesso_d39aa6961572f6a19c03,418.5840000000004,0.44061795944641136,0.934,Emax_ratio,MW ≥215 Da,3107
nesso_b80307b84b1aa0ba75e5,372.47200000000015,0.4409398133247506,0.935,Emax_ratio,MW ≥215 Da,3107
nesso_e88456af1d1cb4c4db8b,297.35800000000006,0.4412616672030898,0.935,Emax_ratio,MW ≥215 Da,3107
nesso_fece889f2c4dac065e23,348.357,0.441583521081429,0.935,Emax_ratio,MW ≥215 Da,3107
nesso_4c3fb4510559904cbdf4,378.4760000000001,0.4419053749597683,0.936,Emax_ratio,MW ≥215 Da,3107
nesso_b25f888625b94eeb16e0,338.83900000000017,0.4422272288381075,0.936,Emax_ratio,MW ≥215 Da,3107
nesso_35d20209a782203095d4,294.358,0.4425490827164467,0.937,Emax_ratio,MW ≥215 Da,3107
nesso_ca9cce41348c3dbd0bf2,266.36999999999995,0.442870936594786,0.938,Emax_ratio,MW ≥215 Da,3107
nesso_03c11776c28ec94f56c7,350.46600000000007,0.4431927904731252,0.9385,Emax_ratio,MW ≥215 Da,3107
nesso_180d53917e7cd1d9fdb8,366.37400000000014,0.4435146443514644,0.939,Emax_ratio,MW ≥215 Da,3107
nesso_1ae448436f9c2c8aaf35,392.45900000000006,0.44383649822980364,0.939,Emax_ratio,MW ≥215 Da,3107
nesso_291d37e3da99b77d0c3d,333.35400000000004,0.4441583521081429,0.939,Emax_ratio,MW ≥215 Da,3107
nesso_0d01280145c649993dd2,325.45900000000006,0.44448020598648214,0.94,Emax_ratio,MW ≥215 Da,3107
nesso_18b926904d63b6a37bed,363.44300000000004,0.44480205986482135,0.94,Emax_ratio,MW ≥215 Da,3107
nesso_22cfd1267d94e43485a1,352.46400000000006,0.4451239137431606,0.94,Emax_ratio,MW ≥215 Da,3107
nesso_4e0b47981c6fb5de591d,355.4560000000001,0.44544576762149984,0.94,Emax_ratio,MW ≥215 Da,3107
nesso_6e87bfe1462e86a9e705,388.2870000000001,0.44576762149983906,0.94,Emax_ratio,MW ≥215 Da,3107
nesso_b45f8ec9e8decc0c4392,343.349,0.4460894753781783,0.94,Emax_ratio,MW ≥215 Da,3107
nesso_f9bb53a749c3da13314e,436.4800000000002,0.44641132925651755,0.94,Emax_ratio,MW ≥215 Da,3107
nesso_4c53039b79f12a32cfb5,422.9150000000001,0.44673318313485677,0.941,Emax_ratio,MW ≥215 Da,3107
nesso_b6fc93302dc0b32d54c5,412.5150000000001,0.447055037013196,0.941,Emax_ratio,MW ≥215 Da,3107
nesso_d509d8430c7d0928a2b1,388.88000000000017,0.44737689089153526,0.941,Emax_ratio,MW ≥215 Da,3107
nesso_992947d8a724156ec053,325.8210000000002,0.4476987447698745,0.9425,Emax_ratio,MW ≥215 Da,3107
nesso_33651a1340df8baffb26,350.4220000000001,0.4480205986482137,0.943,Emax_ratio,MW ≥215 Da,3107
nesso_52edfae54eac736adec9,395.2970000000002,0.44834245252655297,0.943,Emax_ratio,MW ≥215 Da,3107
nesso_71dc3492cbc53c2a0e74,340.387,0.4486643064048922,0.943,Emax_ratio,MW ≥215 Da,3107
nesso_bde5557b6e9dbf1f2a38,314.36300000000006,0.4489861602832314,0.943,Emax_ratio,MW ≥215 Da,3107
nesso_c9c9324bdb959b99bd40,311.34499999999997,0.4493080141615706,0.943,Emax_ratio,MW ≥215 Da,3107
nesso_ce2590cc8d256557ca98,284.359,0.4496298680399099,0.943,Emax_ratio,MW ≥215 Da,3107
nesso_cf61d0d999c3f5b78b29,310.40500000000003,0.4499517219182491,0.943,Emax_ratio,MW ≥215 Da,3107
nesso_032647d983b7b2c21755,399.41300000000035,0.45027357579658833,0.944,Emax_ratio,MW ≥215 Da,3107
nesso_3a65fb5a5f3d0d8b5b12,301.415,0.4505954296749276,0.944,Emax_ratio,MW ≥215 Da,3107
nesso_9fc275d843f5bcd34bc7,345.46800000000013,0.4509172835532668,0.944,Emax_ratio,MW ≥215 Da,3107
nesso_a7bcc3880b4e3b0c0526,300.3660000000001,0.45123913743160604,0.944,Emax_ratio,MW ≥215 Da,3107
nesso_e7259de893916da231fb,322.3430000000001,0.45156099130994526,0.944,Emax_ratio,MW ≥215 Da,3107
nesso_fd74b06269024df8558b,277.39300000000003,0.45188284518828453,0.944,Emax_ratio,MW ≥215 Da,3107
nesso_5116e81b7c99b17cfff2,447.9000000000001,0.45220469906662375,0.945,Emax_ratio,MW ≥215 Da,3107
nesso_697f7f82becd4577fcd2,397.25000000000006,0.45252655294496297,0.945,Emax_ratio,MW ≥215 Da,3107
nesso_8b19ddae39ca3d3deccb,368.4810000000003,0.45284840682330224,0.945,Emax_ratio,MW ≥215 Da,3107
nesso_960d84b4877f627b0386,316.4050000000002,0.45317026070164146,0.945,Emax_ratio,MW ≥215 Da,3107
nesso_be3221814212a6d4bd6e,359.8130000000001,0.4534921145799807,0.945,Emax_ratio,MW ≥215 Da,3107
nesso_dad2cd4f11bce28810c0,287.3629999999999,0.45381396845831995,0.945,Emax_ratio,MW ≥215 Da,3107
nesso_e0f547acbf1e0b27ec8b,336.395,0.45413582233665917,0.945,Emax_ratio,MW ≥215 Da,3107
nesso_1a902216b6a9cebeca42,261.233,0.4544576762149984,0.946,Emax_ratio,MW ≥215 Da,3107
nesso_284263485da23a8f7dc6,433.27700000000004,0.4547795300933376,0.946,Emax_ratio,MW ≥215 Da,3107
nesso_2e1416428902adb63ae2,278.35900000000004,0.4551013839716769,0.946,Emax_ratio,MW ≥215 Da,3107
nesso_4e8df8e607a4830b4276,357.50200000000007,0.4554232378500161,0.946,Emax_ratio,MW ≥215 Da,3107
nesso_72ce718d8fe151198e5d,313.4190000000001,0.4557450917283553,0.946,Emax_ratio,MW ≥215 Da,3107
nesso_a3bf5fc91c4ba038e9a3,390.4880000000003,0.4560669456066946,0.946,Emax_ratio,MW ≥215 Da,3107
nesso_d60156586eedafea244e,301.29800000000006,0.4563887994850338,0.946,Emax_ratio,MW ≥215 Da,3107
nesso_ed107aa72fe35ab80758,318.40199999999993,0.456710653363373,0.946,Emax_ratio,MW ≥215 Da,3107
nesso_4124880e524af6ba1ed8,303.32800000000003,0.45703250724171224,0.947,Emax_ratio,MW ≥215 Da,3107
nesso_5858cd005f4b905f62b7,311.3850000000001,0.4573543611200515,0.947,Emax_ratio,MW ≥215 Da,3107
nesso_723c321c00d6818dc771,370.403,0.45767621499839073,0.947,Emax_ratio,MW ≥215 Da,3107
nesso_82700d129b12bef74d19,346.47500000000014,0.45799806887672995,0.947,Emax_ratio,MW ≥215 Da,3107
nesso_b3f85433ee7e7dc5c2f2,346.3860000000001,0.4583199227550692,0.947,Emax_ratio,MW ≥215 Da,3107
nesso_b684cb24985a61ec3de8,351.2440000000001,0.45864177663340844,0.947,Emax_ratio,MW ≥215 Da,3107
nesso_ee7f19991c357165ab7a,355.38700000000006,0.45896363051174766,0.947,Emax_ratio,MW ≥215 Da,3107
nesso_c7583252a3b320956ed6,374.8530000000002,0.4592854843900869,0.9475,Emax_ratio,MW ≥215 Da,3107
nesso_2aaee82d00ebbec73a86,439.51600000000036,0.45960733826842615,0.948,Emax_ratio,MW ≥215 Da,3107
nesso_6631120bb28610abc451,398.4660000000002,0.45992919214676536,0.948,Emax_ratio,MW ≥215 Da,3107
nesso_83288fb5492eb2d71cff,341.41100000000006,0.4602510460251046,0.948,Emax_ratio,MW ≥215 Da,3107
nesso_9f72418bb1ac6ffe6967,372.45,0.46057289990344386,0.948,Emax_ratio,MW ≥215 Da,3107
nesso_0580923c52cbc5e08beb,473.6200000000004,0.4608947537817831,0.949,Emax_ratio,MW ≥215 Da,3107
nesso_2cac5bb87584c48d165a,362.43300000000005,0.4612166076601223,0.949,Emax_ratio,MW ≥215 Da,3107
nesso_375034f68e3bca31a4cf,390.48400000000004,0.46153846153846156,0.949,Emax_ratio,MW ≥215 Da,3107
nesso_56297ca836cd2ca70bf1,404.5760000000002,0.4618603154168008,0.949,Emax_ratio,MW ≥215 Da,3107
nesso_70d0f5b96cb3d9ea6084,316.38599999999997,0.46218216929514,0.949,Emax_ratio,MW ≥215 Da,3107
nesso_cb532d4e1ef8e283197d,322.38,0.4625040231734792,0.949,Emax_ratio,MW ≥215 Da,3107
nesso_0957aa835b85e3be7061,327.3840000000001,0.4628258770518185,0.951,Emax_ratio,MW ≥215 Da,3107
nesso_5c0daeae87ef26f02865,374.4600000000001,0.4631477309301577,0.951,Emax_ratio,MW ≥215 Da,3107
nesso_a862976c7163a8477f4c,263.34099999999995,0.4634695848084969,0.951,Emax_ratio,MW ≥215 Da,3107
nesso_e5f8404ad2e48a5d6110,337.37900000000013,0.4637914386868362,0.951,Emax_ratio,MW ≥215 Da,3107
nesso_e970f8d8af1d452b11c8,366.46100000000007,0.4641132925651754,0.951,Emax_ratio,MW ≥215 Da,3107
nesso_410c85c79a7a8a607272,341.39000000000004,0.46443514644351463,0.952,Emax_ratio,MW ≥215 Da,3107
nesso_58ed9380b2d82781c3f7,248.36999999999998,0.46475700032185385,0.952,Emax_ratio,MW ≥215 Da,3107
nesso_60e65f95ccca609d40bc,349.4560000000001,0.4650788542001931,0.952,Emax_ratio,MW ≥215 Da,3107
nesso_64709d04e8af7f71b8e1,359.5140000000002,0.46540070807853234,0.952,Emax_ratio,MW ≥215 Da,3107
nesso_bdfcaaddd458689f0999,380.42700000000013,0.46572256195687156,0.952,Emax_ratio,MW ≥215 Da,3107
nesso_0543135cb070bc0ee953,317.38900000000007,0.46604441583521083,0.953,Emax_ratio,MW ≥215 Da,3107
nesso_1fccbaf3616e443a20c8,347.44000000000005,0.46636626971355005,0.953,Emax_ratio,MW ≥215 Da,3107
nesso_33e2f3039b0b78254c19,303.45,0.46668812359188927,0.953,Emax_ratio,MW ≥215 Da,3107
nesso_a2d8d8d637b5dd2bf908,410.28700000000003,0.46700997747022854,0.953,Emax_ratio,MW ≥215 Da,3107
nesso_b22d4ee32927d9b6f45f,336.39500000000015,0.46733183134856776,0.953,Emax_ratio,MW ≥215 Da,3107
nesso_3245be90a50c6c444e14,363.2660000000002,0.467653685226907,0.954,Emax_ratio,MW ≥215 Da,3107
nesso_62d06b0e6540409c66a8,311.38199999999995,0.4679755391052462,0.954,Emax_ratio,MW ≥215 Da,3107
nesso_a780b31d16b416b64ebc,375.4150000000002,0.46829739298358547,0.954,Emax_ratio,MW ≥215 Da,3107
nesso_c4b73f47c79dc4137c45,373.5070000000001,0.4686192468619247,0.954,Emax_ratio,MW ≥215 Da,3107
nesso_310e19deaab7eb61267c,406.3760000000002,0.4689411007402639,0.955,Emax_ratio,MW ≥215 Da,3107
nesso_44fbd22f40132c334636,305.30100000000004,0.4692629546186032,0.955,Emax_ratio,MW ≥215 Da,3107
nesso_d7917f89adf8d6ccfd62,321.365,0.4695848084969424,0.955,Emax_ratio,MW ≥215 Da,3107
nesso_df5504e83f8ccccd1c66,338.40700000000004,0.4699066623752816,0.955,Emax_ratio,MW ≥215 Da,3107
nesso_0830dd6d3ef235baa54a,250.327,0.47022851625362083,0.956,Emax_ratio,MW ≥215 Da,3107
nesso_31eb259405380868b97d,387.4290000000001,0.4705503701319601,0.956,Emax_ratio,MW ≥215 Da,3107
nesso_4a71cf215a27f8c68002,318.30199999999996,0.4708722240102993,0.956,Emax_ratio,MW ≥215 Da,3107
nesso_5a5be991169241ee7fc9,282.343,0.47119407788863854,0.956,Emax_ratio,MW ≥215 Da,3107
nesso_5d7f32067782dc120ce9,289.33900000000006,0.4715159317669778,0.956,Emax_ratio,MW ≥215 Da,3107
nesso_7f2e011e76148ed0ed64,334.4230000000001,0.47183778564531703,0.956,Emax_ratio,MW ≥215 Da,3107
nesso_e16430c3fb68de174897,355.39400000000006,0.47215963952365625,0.956,Emax_ratio,MW ≥215 Da,3107
nesso_5e86e06334f92ab782c4,340.3830000000001,0.47248149340199547,0.957,Emax_ratio,MW ≥215 Da,3107
nesso_6e76e22b850fc105b689,286.295,0.47280334728033474,0.957,Emax_ratio,MW ≥215 Da,3107
nesso_a01e18ca1b9f77a8b2fa,382.48600000000005,0.47312520115867396,0.957,Emax_ratio,MW ≥215 Da,3107
nesso_b834e8995edeaa1a56ea,382.4450000000001,0.4734470550370132,0.957,Emax_ratio,MW ≥215 Da,3107
nesso_0b733505461383c0c124,366.4650000000001,0.47376890891535245,0.958,Emax_ratio,MW ≥215 Da,3107
nesso_0ca2fd6c919ff188c732,350.42500000000007,0.47409076279369167,0.958,Emax_ratio,MW ≥215 Da,3107
nesso_2838cd31129061a22d93,308.29300000000006,0.4744126166720309,0.958,Emax_ratio,MW ≥215 Da,3107
nesso_9bc8c521cb5d4fb697b8,240.694,0.47473447055037016,0.958,Emax_ratio,MW ≥215 Da,3107
nesso_ecb9565ba90d9c137f9d,348.346,0.4750563244287094,0.958,Emax_ratio,MW ≥215 Da,3107
nesso_0ba186780a708113bfa6,382.41100000000006,0.4753781783070486,0.959,Emax_ratio,MW ≥215 Da,3107
nesso_0e475a3e7244ddb942de,299.40300000000013,0.4757000321853878,0.959,Emax_ratio,MW ≥215 Da,3107
nesso_59d35fa61db155407ac1,374.44400000000013,0.4760218860637271,0.959,Emax_ratio,MW ≥215 Da,3107
nesso_681f93a2bf8b2e1f2583,308.34100000000007,0.4763437399420663,0.959,Emax_ratio,MW ≥215 Da,3107
nesso_8c1c01a5d38f0effe6fb,344.3960000000001,0.4766655938204055,0.959,Emax_ratio,MW ≥215 Da,3107
nesso_cc0a371df748207bd8a1,294.398,0.4769874476987448,0.959,Emax_ratio,MW ≥215 Da,3107
nesso_d0713d6583de1cfb3c44,322.7710000000001,0.477309301577084,0.959,Emax_ratio,MW ≥215 Da,3107
nesso_5e611757cd0f379d93a9,402.458,0.47763115545542323,0.96,Emax_ratio,MW ≥215 Da,3107
nesso_6d7dcce2a0836076a57e,359.8570000000002,0.47795300933376245,0.96,Emax_ratio,MW ≥215 Da,3107
nesso_8421de9e06b68d247f7d,397.9240000000002,0.4782748632121017,0.96,Emax_ratio,MW ≥215 Da,3107
nesso_884988430116e5a9bc00,372.8520000000001,0.47859671709044094,0.96,Emax_ratio,MW ≥215 Da,3107
nesso_a7d4dc61096878eb4dc0,333.39500000000004,0.47891857096878016,0.96,Emax_ratio,MW ≥215 Da,3107
nesso_fe5b5a38b277b03bfc5f,389.5170000000002,0.47924042484711943,0.96,Emax_ratio,MW ≥215 Da,3107
nesso_1cbb45b9c2640d69f85c,350.422,0.47956227872545865,0.961,Emax_ratio,MW ≥215 Da,3107
nesso_1cc50c6962406320c1e5,339.4390000000002,0.47988413260379786,0.961,Emax_ratio,MW ≥215 Da,3107
nesso_644748e72c6927817843,385.4240000000002,0.48020598648213714,0.961,Emax_ratio,MW ≥215 Da,3107
nesso_8e4c1d0cc90b32be0228,362.2710000000002,0.48052784036047635,0.961,Emax_ratio,MW ≥215 Da,3107
nesso_2738b67e18bbeaa607ef,359.351,0.4808496942388156,0.962,Emax_ratio,MW ≥215 Da,3107
nesso_ac320f63c29e35b347a0,458.5630000000002,0.4811715481171548,0.962,Emax_ratio,MW ≥215 Da,3107
nesso_037d16c532c0baafa2a8,393.40700000000004,0.48149340199549406,0.963,Emax_ratio,MW ≥215 Da,3107
nesso_4e71bdf0902f0f1a202e,376.4380000000001,0.4818152558738333,0.963,Emax_ratio,MW ≥215 Da,3107
nesso_a02861ce4a72dc788797,293.41,0.4821371097521725,0.963,Emax_ratio,MW ≥215 Da,3107
nesso_bf7c5e555eef75f4f9c5,318.3370000000001,0.4824589636305118,0.963,Emax_ratio,MW ≥215 Da,3107
nesso_e1c8bcc9e07e32046775,312.4530000000001,0.482780817508851,0.963,Emax_ratio,MW ≥215 Da,3107
nesso_00439432fbc3d5cd82f9,323.3179999999999,0.4831026713871902,0.964,Emax_ratio,MW ≥215 Da,3107
nesso_1c4f1ab6081e3dadd9ff,341.304,0.4834245252655294,0.964,Emax_ratio,MW ≥215 Da,3107
nesso_22b0b3fd00c0e91b364f,375.45400000000024,0.4837463791438687,0.964,Emax_ratio,MW ≥215 Da,3107
nesso_4e25ce23572e427d6a77,310.3039999999999,0.4840682330222079,0.964,Emax_ratio,MW ≥215 Da,3107
nesso_9065f1b8f4a8d55bfa4f,318.38,0.48439008690054713,0.964,Emax_ratio,MW ≥215 Da,3107
nesso_b1b827d930a9be93202e,321.384,0.4847119407788864,0.964,Emax_ratio,MW ≥215 Da,3107
nesso_4077ddba2341582fd86b,331.759,0.4850337946572256,0.965,Emax_ratio,MW ≥215 Da,3107
nesso_92fdca2359c213867887,446.5690000000003,0.48535564853556484,0.965,Emax_ratio,MW ≥215 Da,3107
nesso_ad8be7d695d119603e44,322.3680000000001,0.48567750241390406,0.965,Emax_ratio,MW ≥215 Da,3107
nesso_bfb01c9359a7069d6838,369.3810000000001,0.48599935629224333,0.965,Emax_ratio,MW ≥215 Da,3107
nesso_cbc26047e4f4eca92a62,343.21000000000015,0.48632121017058255,0.965,Emax_ratio,MW ≥215 Da,3107
nesso_ff580ab0f4ba30d1bb01,338.34200000000004,0.48664306404892177,0.965,Emax_ratio,MW ≥215 Da,3107
nesso_337983ddd90efaa84beb,318.37600000000003,0.48696491792726104,0.966,Emax_ratio,MW ≥215 Da,3107
nesso_7930411ee4d0e706a953,346.8140000000002,0.48728677180560026,0.966,Emax_ratio,MW ≥215 Da,3107
nesso_c35edf7ffdb11eb9893a,365.412,0.4876086256839395,0.966,Emax_ratio,MW ≥215 Da,3107
nesso_fcca9725bebfc4c7a882,424.4280000000002,0.48793047956227875,0.966,Emax_ratio,MW ≥215 Da,3107
nesso_0c318501aa62ed7ae1f2,429.48000000000013,0.48825233344061797,0.967,Emax_ratio,MW ≥215 Da,3107
nesso_75e4e85e3798e7facf65,375.38400000000007,0.4885741873189572,0.967,Emax_ratio,MW ≥215 Da,3107
nesso_a39cfbc0ba4aa907f235,385.4710000000002,0.4888960411972964,0.967,Emax_ratio,MW ≥215 Da,3107
nesso_c2c6fc6dc2b251f40f9d,275.399,0.4892178950756357,0.967,Emax_ratio,MW ≥215 Da,3107
nesso_e5b1b29c1ab0625b9a68,359.4290000000001,0.4895397489539749,0.967,Emax_ratio,MW ≥215 Da,3107
nesso_587f8bbda06f675f8a31,328.434,0.4898616028323141,0.968,Emax_ratio,MW ≥215 Da,3107
nesso_9fb40674703e4f2be78f,375.8340000000002,0.4901834567106534,0.968,Emax_ratio,MW ≥215 Da,3107
nesso_d173e6bf1d50dd1423c5,334.36100000000005,0.4905053105889926,0.968,Emax_ratio,MW ≥215 Da,3107
nesso_e8cf629f3293703da86d,363.5020000000001,0.4908271644673318,0.968,Emax_ratio,MW ≥215 Da,3107
nesso_ffdafc75f439c50d114f,355.31600000000003,0.49114901834567104,0.968,Emax_ratio,MW ≥215 Da,3107
nesso_06fbdb878cfdf9f6248b,382.42000000000013,0.4914708722240103,0.969,Emax_ratio,MW ≥215 Da,3107
nesso_120f48d9446038621548,351.45400000000006,0.49179272610234953,0.969,Emax_ratio,MW ≥215 Da,3107
nesso_3d5efb3ab06bb3104154,341.4550000000001,0.49211457998068875,0.969,Emax_ratio,MW ≥215 Da,3107
nesso_8fc8a25839f946851a28,344.216,0.492436433859028,0.969,Emax_ratio,MW ≥215 Da,3107
nesso_d7de016363424bb8ceed,409.4320000000001,0.49275828773736724,0.969,Emax_ratio,MW ≥215 Da,3107
nesso_ded5e51c9468691cb7fe,305.338,0.49308014161570646,0.969,Emax_ratio,MW ≥215 Da,3107
nesso_da1ae6bada6baf410b2f,358.42700000000013,0.49340199549404573,0.97,Emax_ratio,MW ≥215 Da,3107
nesso_53c67f9cd8d86ff9a1ea,326.353,0.49372384937238495,0.971,Emax_ratio,MW ≥215 Da,3107
nesso_6b3767f6052c62f36ed2,304.34600000000006,0.49404570325072417,0.971,Emax_ratio,MW ≥215 Da,3107
nesso_9a2ece26c1da298bad76,402.37600000000003,0.4943675571290634,0.971,Emax_ratio,MW ≥215 Da,3107
nesso_b1b43b2b013d072f81e9,328.28400000000005,0.49468941100740266,0.971,Emax_ratio,MW ≥215 Da,3107
nesso_767d98f02fc4b17371b6,266.34499999999997,0.4950112648857419,0.972,Emax_ratio,MW ≥215 Da,3107
nesso_32731657534592d95e6b,473.5940000000001,0.4953331187640811,0.973,Emax_ratio,MW ≥215 Da,3107
nesso_4e95052c22bdf8777cab,298.3900000000001,0.49565497264242037,0.973,Emax_ratio,MW ≥215 Da,3107
nesso_4d827206ffa429ed4bfd,361.43100000000004,0.4959768265207596,0.974,Emax_ratio,MW ≥215 Da,3107
nesso_d3be4da471e682c7934f,315.3370000000001,0.4962986803990988,0.974,Emax_ratio,MW ≥215 Da,3107
nesso_d3c448ca7edaa0ce3cf0,388.42400000000026,0.496620534277438,0.974,Emax_ratio,MW ≥215 Da,3107
nesso_0217a28a0058194c0e21,348.435,0.4969423881557773,0.975,Emax_ratio,MW ≥215 Da,3107
nesso_4bef6a4859614d11b28f,397.2770000000001,0.4972642420341165,0.975,Emax_ratio,MW ≥215 Da,3107
nesso_6dab1939ffe6820739cb,317.3930000000002,0.49758609591245573,0.975,Emax_ratio,MW ≥215 Da,3107
nesso_b1394234c7a0beae2925,413.4970000000001,0.497907949790795,0.975,Emax_ratio,MW ≥215 Da,3107
nesso_3d59615345e59150d58f,404.47400000000016,0.4982298036691342,0.976,Emax_ratio,MW ≥215 Da,3107
nesso_3fb799acdf494c7b87a7,388.4800000000002,0.49855165754747344,0.976,Emax_ratio,MW ≥215 Da,3107
nesso_63f909794ebdd3ba5c2b,349.50000000000017,0.49887351142581265,0.976,Emax_ratio,MW ≥215 Da,3107
nesso_693e6618d34a792edb49,307.41900000000004,0.49919536530415193,0.976,Emax_ratio,MW ≥215 Da,3107
nesso_e444f4c71ca4560abffa,309.7970000000001,0.49951721918249115,0.976,Emax_ratio,MW ≥215 Da,3107
nesso_f96cc6a5fa883d864956,381.43600000000004,0.49983907306083036,0.976,Emax_ratio,MW ≥215 Da,3107
nesso_558b4772d2fa6f5f9341,271.32399999999996,0.5001609269391696,0.977,Emax_ratio,MW ≥215 Da,3107
nesso_868274875febf1223258,398.41,0.5004827808175089,0.977,Emax_ratio,MW ≥215 Da,3107
nesso_07e8177b23aee02ad895,348.7370000000001,0.5008046346958481,0.978,Emax_ratio,MW ≥215 Da,3107
nesso_26060358edd93858bdba,351.4750000000001,0.5011264885741873,0.978,Emax_ratio,MW ≥215 Da,3107
nesso_2734ead8f6ea9d19c12b,264.32899999999995,0.5014483424525266,0.978,Emax_ratio,MW ≥215 Da,3107
nesso_523be798008817d46205,304.31,0.5017701963308658,0.978,Emax_ratio,MW ≥215 Da,3107
nesso_937fb9c0d6a3a58f102a,264.32899999999995,0.502092050209205,0.978,Emax_ratio,MW ≥215 Da,3107
nesso_c196ca9cbc99d51bbfaf,399.41300000000024,0.5024139040875443,0.978,Emax_ratio,MW ≥215 Da,3107
nesso_d024090281176fb5a026,440.5210000000001,0.5027357579658834,0.978,Emax_ratio,MW ≥215 Da,3107
nesso_f07b05268d1eb5155aca,316.4230000000002,0.5030576118442227,0.978,Emax_ratio,MW ≥215 Da,3107
nesso_53ea6cd1b4755295051a,338.41100000000006,0.503379465722562,0.9785,Emax_ratio,MW ≥215 Da,3107
nesso_44becade98e7ef4f5ce4,392.4810000000001,0.5037013196009011,0.979,Emax_ratio,MW ≥215 Da,3107
nesso_866f9e6c2e2448cc3ff2,333.41700000000003,0.5040231734792404,0.979,Emax_ratio,MW ≥215 Da,3107
nesso_bee92b47a67419ae9905,335.87900000000013,0.5043450273575797,0.979,Emax_ratio,MW ≥215 Da,3107
nesso_dbcc3faf24f8e48c422c,314.345,0.5046668812359189,0.979,Emax_ratio,MW ≥215 Da,3107
nesso_61efbdc50f3919d99f23,297.28000000000003,0.5049887351142581,0.98,Emax_ratio,MW ≥215 Da,3107
nesso_8990dc75bb972f5fb893,374.8680000000001,0.5053105889925974,0.98,Emax_ratio,MW ≥215 Da,3107
nesso_89ea8b439ac0a8ef9451,325.3430000000001,0.5056324428709366,0.98,Emax_ratio,MW ≥215 Da,3107
nesso_bc411f4381e951a894ff,321.80800000000005,0.5059542967492758,0.98,Emax_ratio,MW ≥215 Da,3107
nesso_cfed02a49e7d9cd4d4dc,329.40000000000015,0.5062761506276151,0.98,Emax_ratio,MW ≥215 Da,3107
nesso_ff5273c43b2f410d9c61,317.32400000000007,0.5065980045059543,0.98,Emax_ratio,MW ≥215 Da,3107
nesso_136ed3c0e89cb9b615ed,260.297,0.5069198583842935,0.981,Emax_ratio,MW ≥215 Da,3107
nesso_163418f47dbaa5a3ddb7,349.42900000000003,0.5072417122626328,0.981,Emax_ratio,MW ≥215 Da,3107
nesso_1717a1cf534006309b79,372.4180000000001,0.507563566140972,0.981,Emax_ratio,MW ≥215 Da,3107
nesso_2499ec5c6cbad1400058,377.24200000000013,0.5078854200193113,0.981,Emax_ratio,MW ≥215 Da,3107
nesso_316d628ac446a7014c41,312.29099999999994,0.5082072738976504,0.981,Emax_ratio,MW ≥215 Da,3107
nesso_472ba03e893990513eef,360.8660000000001,0.5085291277759897,0.981,Emax_ratio,MW ≥215 Da,3107
nesso_7dd63ad5819fec8f4f78,329.36000000000007,0.508850981654329,0.981,Emax_ratio,MW ≥215 Da,3107
nesso_9bc067f4b85fcd4a641e,563.6720000000004,0.5091728355326681,0.981,Emax_ratio,MW ≥215 Da,3107
nesso_cdb4736b84b12165b028,355.4640000000001,0.5094946894110074,0.981,Emax_ratio,MW ≥215 Da,3107
nesso_8206eccbc51bb09a75a9,260.34499999999997,0.5098165432893467,0.982,Emax_ratio,MW ≥215 Da,3107
nesso_b0435205b275ea528d0b,361.45600000000013,0.5101383971676858,0.982,Emax_ratio,MW ≥215 Da,3107
nesso_0dce6db3746c5d4e851e,350.31800000000004,0.5104602510460251,0.983,Emax_ratio,MW ≥215 Da,3107
nesso_0eae6d2d02ff1d75c169,363.4580000000001,0.5107821049243644,0.983,Emax_ratio,MW ≥215 Da,3107
nesso_235c637d724087d63255,284.283,0.5111039588027035,0.983,Emax_ratio,MW ≥215 Da,3107
nesso_2f765c330521684589cc,365.84200000000004,0.5114258126810428,0.983,Emax_ratio,MW ≥215 Da,3107
nesso_35b5e995b73c30a9e572,242.322,0.5117476665593821,0.983,Emax_ratio,MW ≥215 Da,3107
nesso_71178b8faefeb0aa3116,372.46500000000015,0.5120695204377212,0.983,Emax_ratio,MW ≥215 Da,3107
nesso_289d69200747bb8a37b1,319.40799999999996,0.5123913743160605,0.985,Emax_ratio,MW ≥215 Da,3107
nesso_90ec00fbc856a3c6a55f,336.39100000000025,0.5127132281943998,0.985,Emax_ratio,MW ≥215 Da,3107
nesso_9d18f81a3857ed6ec95f,331.3760000000001,0.513035082072739,0.985,Emax_ratio,MW ≥215 Da,3107
nesso_b5f7048af0a1d2142fed,306.36600000000004,0.5133569359510782,0.985,Emax_ratio,MW ≥215 Da,3107
nesso_bd91b25b797b69670e84,401.5320000000002,0.5136787898294174,0.985,Emax_ratio,MW ≥215 Da,3107
nesso_e477a4e8f16839b05d02,307.39,0.5140006437077567,0.985,Emax_ratio,MW ≥215 Da,3107
nesso_15fe1c99a16fe29b20b6,441.57600000000025,0.5143224975860959,0.986,Emax_ratio,MW ≥215 Da,3107
nesso_46e8d4742d94f8c588d3,372.38500000000016,0.5146443514644351,0.986,Emax_ratio,MW ≥215 Da,3107
nesso_647efe74d1ba542062a2,302.294,0.5149662053427744,0.986,Emax_ratio,MW ≥215 Da,3107
nesso_9e49f0dfd40f44583f03,288.37299999999993,0.5152880592211136,0.986,Emax_ratio,MW ≥215 Da,3107
nesso_a3ac901b77c26bf419ce,260.293,0.5156099130994528,0.986,Emax_ratio,MW ≥215 Da,3107
nesso_eee00ef1834303882df1,398.5280000000002,0.5159317669777921,0.986,Emax_ratio,MW ≥215 Da,3107
nesso_f6d7b858b9bbb4402a5a,348.4460000000001,0.5162536208561314,0.986,Emax_ratio,MW ≥215 Da,3107
nesso_25e7ca221067f2be1027,440.52500000000015,0.5165754747344705,0.987,Emax_ratio,MW ≥215 Da,3107
nesso_57f05b2c3259bcf649f8,338.517,0.5168973286128098,0.987,Emax_ratio,MW ≥215 Da,3107
nesso_669d5b65e25d2f10c20c,383.4480000000001,0.5172191824911491,0.987,Emax_ratio,MW ≥215 Da,3107
nesso_95dd0b24dc3534af529a,439.5560000000002,0.5175410363694882,0.987,Emax_ratio,MW ≥215 Da,3107
nesso_e89a4b084f39869f219f,340.40200000000004,0.5178628902478275,0.987,Emax_ratio,MW ≥215 Da,3107
nesso_182cd815c0299bb52149,372.85600000000017,0.5181847441261668,0.988,Emax_ratio,MW ≥215 Da,3107
nesso_47b17a83470853b4cb69,352.8180000000001,0.5185065980045059,0.988,Emax_ratio,MW ≥215 Da,3107
nesso_4837bf78474b089e7c70,276.30000000000007,0.5188284518828452,0.988,Emax_ratio,MW ≥215 Da,3107
nesso_739bb2f07cd756ec8cc7,316.40100000000007,0.5191503057611844,0.988,Emax_ratio,MW ≥215 Da,3107
nesso_df2d93196a09e7582b80,442.52300000000014,0.5194721596395236,0.988,Emax_ratio,MW ≥215 Da,3107
nesso_82c3c96b5c32fa64f403,322.3900000000001,0.5197940135178629,0.989,Emax_ratio,MW ≥215 Da,3107
nesso_12dc14489529a6f7f98f,279.303,0.5201158673962021,0.99,Emax_ratio,MW ≥215 Da,3107
nesso_239ae47ff1b389b5e602,283.335,0.5204377212745414,0.99,Emax_ratio,MW ≥215 Da,3107
nesso_3b09f8a0102622b3e571,327.3020000000001,0.5207595751528806,0.99,Emax_ratio,MW ≥215 Da,3107
nesso_5803726bf86fff9713db,268.16099999999994,0.5210814290312198,0.99,Emax_ratio,MW ≥215 Da,3107
nesso_922c997e3623237d6793,430.5930000000003,0.5214032829095591,0.99,Emax_ratio,MW ≥215 Da,3107
nesso_9d18a4f2f148b3a63169,279.33900000000006,0.5217251367878983,0.99,Emax_ratio,MW ≥215 Da,3107
nesso_b47ad04bc1f8eceb53ef,338.19800000000004,0.5220469906662375,0.99,Emax_ratio,MW ≥215 Da,3107
nesso_d3ef87b63262a343ddd3,373.95300000000015,0.5223688445445768,0.99,Emax_ratio,MW ≥215 Da,3107
nesso_e5136b4d490201525315,375.40000000000026,0.522690698422916,0.99,Emax_ratio,MW ≥215 Da,3107
nesso_ef6d357355bf70c407b6,403.52700000000027,0.5230125523012552,0.99,Emax_ratio,MW ≥215 Da,3107
nesso_f335a25ab8f8afe2ad54,296.37000000000006,0.5233344061795945,0.99,Emax_ratio,MW ≥215 Da,3107
nesso_32934c834569ce9204ca,360.46100000000007,0.5236562600579338,0.991,Emax_ratio,MW ≥215 Da,3107
nesso_7e0228110395a4d8b96d,380.5290000000002,0.5239781139362729,0.991,Emax_ratio,MW ≥215 Da,3107
nesso_57f8194097a8559f6990,394.47800000000007,0.5242999678146122,0.992,Emax_ratio,MW ≥215 Da,3107
nesso_77949d1b77b06a81e65a,374.35700000000014,0.5246218216929514,0.992,Emax_ratio,MW ≥215 Da,3107
nesso_f87e0b4d0a1da097f83c,300.7490000000001,0.5249436755712906,0.992,Emax_ratio,MW ≥215 Da,3107
nesso_1429aa2620ef5f178644,336.3990000000001,0.5252655294496299,0.993,Emax_ratio,MW ≥215 Da,3107
nesso_27c400759f3456c5991d,341.4320000000001,0.5255873833279691,0.993,Emax_ratio,MW ≥215 Da,3107
nesso_517645adecaa0771f496,328.33200000000005,0.5259092372063083,0.993,Emax_ratio,MW ≥215 Da,3107
nesso_9748ddb2f25cf609ab64,314.3740000000001,0.5262310910846476,0.993,Emax_ratio,MW ≥215 Da,3107
nesso_edb70336944b57225212,278.10499999999996,0.5265529449629868,0.993,Emax_ratio,MW ≥215 Da,3107
nesso_04d830517677d42d485c,284.4069999999999,0.526874798841326,0.994,Emax_ratio,MW ≥215 Da,3107
nesso_44583d255dc6e9fa2bde,353.46600000000024,0.5271966527196653,0.994,Emax_ratio,MW ≥215 Da,3107
nesso_5cfa0b1cdf24c0c2ff3a,293.3260000000001,0.5275185065980045,0.994,Emax_ratio,MW ≥215 Da,3107
nesso_bf527874e0f10f245f96,270.31399999999996,0.5278403604763438,0.994,Emax_ratio,MW ≥215 Da,3107
nesso_c001b1917c379c71f19b,422.52200000000033,0.528162214354683,0.994,Emax_ratio,MW ≥215 Da,3107
nesso_d733c9bb96fde2d5fc45,349.46000000000015,0.5284840682330222,0.994,Emax_ratio,MW ≥215 Da,3107
nesso_77da981650c5dfde39b3,360.39500000000004,0.5288059221113615,0.995,Emax_ratio,MW ≥215 Da,3107
nesso_88fbf26b9b87e695639b,373.47800000000007,0.5291277759897006,0.995,Emax_ratio,MW ≥215 Da,3107
nesso_2f50f4645c838c820046,382.4640000000001,0.5294496298680399,0.996,Emax_ratio,MW ≥215 Da,3107
nesso_5ab6fd8b31b332356a71,342.36100000000005,0.5297714837463792,0.996,Emax_ratio,MW ≥215 Da,3107
nesso_91b83d078f8c571b704b,398.76800000000003,0.5300933376247183,0.996,Emax_ratio,MW ≥215 Da,3107
nesso_e0b089106284225f49ab,345.754,0.5304151915030576,0.996,Emax_ratio,MW ≥215 Da,3107
nesso_0f66f36e7e48b890da4b,343.8320000000002,0.5307370453813969,0.997,Emax_ratio,MW ≥215 Da,3107
nesso_e909b041029e28de8616,396.42500000000024,0.531058899259736,0.997,Emax_ratio,MW ≥215 Da,3107
nesso_3e297cd9c1733676c514,390.4170000000002,0.5313807531380753,0.998,Emax_ratio,MW ≥215 Da,3107
nesso_4a3fc4cde285256c1f28,263.33699999999993,0.5317026070164146,0.998,Emax_ratio,MW ≥215 Da,3107
nesso_629f7a5cd3b5ef1b9eec,347.3900000000001,0.5320244608947537,0.998,Emax_ratio,MW ≥215 Da,3107
nesso_875b4d1bdc659ae44bef,328.3360000000001,0.532346314773093,0.998,Emax_ratio,MW ≥215 Da,3107
nesso_e97dab182cb2537c5993,420.4940000000001,0.5326681686514323,0.998,Emax_ratio,MW ≥215 Da,3107
nesso_05b9e100e04ac3953da9,415.8490000000001,0.5329900225297715,0.999,Emax_ratio,MW ≥215 Da,3107
nesso_1049ff24ecc8f1d6249b,392.4770000000001,0.5333118764081107,0.999,Emax_ratio,MW ≥215 Da,3107
nesso_1f6cfa771cee8f47bbd8,376.5,0.53363373028645,0.999,Emax_ratio,MW ≥215 Da,3107
nesso_4fe121a6ffc7fe4663c0,384.46500000000015,0.5339555841647892,0.999,Emax_ratio,MW ≥215 Da,3107
nesso_e08a31478a907313dd7e,323.31300000000005,0.5342774380431284,0.999,Emax_ratio,MW ≥215 Da,3107
nesso_03f74b7627e28feacbc4,340.4270000000001,0.5345992919214676,1.0,Emax_ratio,MW ≥215 Da,3107
nesso_0925be8c11cace901ae4,382.46000000000015,0.5349211457998069,1.0,Emax_ratio,MW ≥215 Da,3107
nesso_0a2da96a1141c6f71a48,312.41000000000014,0.5352429996781461,1.0,Emax_ratio,MW ≥215 Da,3107
nesso_1e5a2999a2fafb5a1d3f,440.5500000000001,0.5355648535564853,1.0,Emax_ratio,MW ≥215 Da,3107
nesso_2d112aaa97f01154a494,331.44100000000014,0.5358867074348246,1.0,Emax_ratio,MW ≥215 Da,3107
nesso_3a53ad9e8a02f2aac06d,385.5300000000002,0.5362085613131639,1.0,Emax_ratio,MW ≥215 Da,3107
nesso_58081fa9b01fe7065e8f,372.80800000000016,0.536530415191503,1.0,Emax_ratio,MW ≥215 Da,3107
nesso_6acefeb9b376ab61f452,231.086,0.5368522690698423,1.0,Emax_ratio,MW ≥215 Da,3107
nesso_707cfd0ccee93a730bff,398.4820000000002,0.5371741229481816,1.0,Emax_ratio,MW ≥215 Da,3107
nesso_72c03e162f2524c53b94,231.339,0.5374959768265207,1.0,Emax_ratio,MW ≥215 Da,3107
nesso_7be93cd70115a6bb0725,337.3790000000001,0.53781783070486,1.0,Emax_ratio,MW ≥215 Da,3107
nesso_7e8c7a021350bad994f4,403.61500000000024,0.5381396845831993,1.0,Emax_ratio,MW ≥215 Da,3107
nesso_7ea657b21ae70a0a108a,481.33599999999996,0.5384615384615384,1.0,Emax_ratio,MW ≥215 Da,3107
nesso_81909158ecf028dca90a,352.36000000000007,0.5387833923398777,1.0,Emax_ratio,MW ≥215 Da,3107
nesso_994174b48483273d034c,283.335,0.539105246218217,1.0,Emax_ratio,MW ≥215 Da,3107
nesso_a33fd6e3a9854a84e012,325.41200000000003,0.5394271000965561,1.0,Emax_ratio,MW ≥215 Da,3107
nesso_aa2025f2f1aff152d283,317.31399999999996,0.5397489539748954,1.0,Emax_ratio,MW ≥215 Da,3107
nesso_c4e62d579059ee87237b,366.468,0.5400708078532346,1.0,Emax_ratio,MW ≥215 Da,3107
nesso_d37771a90f8bd6958208,351.385,0.5403926617315739,1.0,Emax_ratio,MW ≥215 Da,3107
nesso_e8d9283518143484671d,349.38100000000003,0.5407145156099131,1.0,Emax_ratio,MW ≥215 Da,3107
nesso_f190022dd2d3a59fb3df,342.355,0.5410363694882523,1.0,Emax_ratio,MW ≥215 Da,3107
nesso_fa5d4a7529e05796e25e,297.44300000000004,0.5413582233665916,1.0,Emax_ratio,MW ≥215 Da,3107
nesso_177362de1f476581233f,419.3080000000001,0.5416800772449308,1.0085000000000002,Emax_ratio,MW ≥215 Da,3107
nesso_017c6482b04ed81527be,337.44500000000005,0.54200193112327,1.01,Emax_ratio,MW ≥215 Da,3107
nesso_0707f27445c3dddde6f7,338.367,0.5423237850016093,1.01,Emax_ratio,MW ≥215 Da,3107
nesso_07d0b10af6a64c2b9249,423.5860000000003,0.5426456388799485,1.01,Emax_ratio,MW ≥215 Da,3107
nesso_095a44ae37c03c675620,332.7660000000001,0.5429674927582877,1.01,Emax_ratio,MW ≥215 Da,3107
nesso_0c58e597b74e27c015e4,309.394,0.543289346636627,1.01,Emax_ratio,MW ≥215 Da,3107
nesso_0f463adc20aabf7d3cc3,341.45900000000006,0.5436112005149663,1.01,Emax_ratio,MW ≥215 Da,3107
nesso_1332db1a6e8a97e23b94,313.82800000000003,0.5439330543933054,1.01,Emax_ratio,MW ≥215 Da,3107
nesso_1d29399d9ca2089cb8c5,429.6040000000001,0.5442549082716447,1.01,Emax_ratio,MW ≥215 Da,3107
nesso_1ee12d0cfe40bf37b94d,418.57400000000024,0.544576762149984,1.01,Emax_ratio,MW ≥215 Da,3107
nesso_20eb10ee632dc7825206,356.8750000000001,0.5448986160283231,1.01,Emax_ratio,MW ≥215 Da,3107
nesso_243509048398cb7bb639,336.4390000000001,0.5452204699066624,1.01,Emax_ratio,MW ≥215 Da,3107
nesso_39b9ab0313771fbdca1d,258.36899999999997,0.5455423237850016,1.01,Emax_ratio,MW ≥215 Da,3107
nesso_3cc69775b19249e29214,290.367,0.5458641776633408,1.01,Emax_ratio,MW ≥215 Da,3107
nesso_4457446709ce72ee7560,316.4270000000001,0.5461860315416801,1.01,Emax_ratio,MW ≥215 Da,3107
nesso_5048f97e9a8e51984ebc,351.45,0.5465078854200193,1.01,Emax_ratio,MW ≥215 Da,3107
nesso_5def65bf110d1dc8956b,373.4820000000002,0.5468297392983585,1.01,Emax_ratio,MW ≥215 Da,3107
nesso_5f0047bb5f0b64d55579,452.0010000000002,0.5471515931766978,1.01,Emax_ratio,MW ≥215 Da,3107
nesso_620b82eeb34123fa2a46,339.8260000000001,0.547473447055037,1.01,Emax_ratio,MW ≥215 Da,3107
nesso_637217fae418ddbe7e4e,265.36,0.5477953009333763,1.01,Emax_ratio,MW ≥215 Da,3107
nesso_677edb353e7badfaccb0,322.36800000000005,0.5481171548117155,1.01,Emax_ratio,MW ≥215 Da,3107
nesso_7c7d477c41f74242a120,352.8620000000002,0.5484390086900547,1.01,Emax_ratio,MW ≥215 Da,3107
nesso_7e59958098fb836e1aba,421.94600000000025,0.548760862568394,1.01,Emax_ratio,MW ≥215 Da,3107
nesso_872370c9b84f8dfa1160,352.4340000000001,0.5490827164467332,1.01,Emax_ratio,MW ≥215 Da,3107
nesso_97c82085a5cde85eca50,291.354,0.5494045703250724,1.01,Emax_ratio,MW ≥215 Da,3107
nesso_af7c6b5f7da238892561,330.34400000000016,0.5497264242034117,1.01,Emax_ratio,MW ≥215 Da,3107
nesso_bd05a3253fb00f286cb0,288.307,0.5500482780817508,1.01,Emax_ratio,MW ≥215 Da,3107
nesso_ccf3fdf820f7e0a51cf4,364.4490000000001,0.5503701319600901,1.01,Emax_ratio,MW ≥215 Da,3107
nesso_ceb64a98796a77b0ea5d,310.35300000000007,0.5506919858384294,1.01,Emax_ratio,MW ≥215 Da,3107
nesso_d98427e0800e318c1946,371.4400000000001,0.5510138397167685,1.01,Emax_ratio,MW ≥215 Da,3107
nesso_da87b3422dc1b742467b,367.421,0.5513356935951078,1.01,Emax_ratio,MW ≥215 Da,3107
nesso_e10b409a5c47e9d49b61,312.337,0.5516575474734471,1.01,Emax_ratio,MW ≥215 Da,3107
nesso_e30a6061557ae0e25b63,368.4810000000003,0.5519794013517862,1.01,Emax_ratio,MW ≥215 Da,3107
nesso_ea12739a713686eac542,324.388,0.5523012552301255,1.01,Emax_ratio,MW ≥215 Da,3107
nesso_f1ea2535515fd976e5dc,325.1990000000001,0.5526231091084648,1.01,Emax_ratio,MW ≥215 Da,3107
nesso_f3ac59447a186de39410,360.7970000000001,0.552944962986804,1.01,Emax_ratio,MW ≥215 Da,3107
nesso_fdf69bdb39fe7473fcc7,376.44200000000006,0.5532668168651432,1.01,Emax_ratio,MW ≥215 Da,3107
nesso_fee8be220c0bb5308413,315.37300000000005,0.5535886707434825,1.01,Emax_ratio,MW ≥215 Da,3107
nesso_5b2f045af25a567b81bc,386.24900000000014,0.5539105246218217,1.0185,Emax_ratio,MW ≥215 Da,3107
nesso_06f54d1c968931d1e785,317.292,0.5542323785001609,1.02,Emax_ratio,MW ≥215 Da,3107
nesso_079e17dfacd861fb64d9,361.22800000000007,0.5545542323785002,1.02,Emax_ratio,MW ≥215 Da,3107
nesso_13b7ff53e98b875182c4,314.374,0.5548760862568394,1.02,Emax_ratio,MW ≥215 Da,3107
nesso_194912190de38374fc01,395.52800000000013,0.5551979401351786,1.02,Emax_ratio,MW ≥215 Da,3107
nesso_1a280836f7c34987389c,324.355,0.5555197940135178,1.02,Emax_ratio,MW ≥215 Da,3107
nesso_1ec1b63da3bbda4924c7,312.355,0.5558416478918571,1.02,Emax_ratio,MW ≥215 Da,3107
nesso_21998628454cba763c57,344.44,0.5561635017701964,1.02,Emax_ratio,MW ≥215 Da,3107
nesso_2569ffc9c17cb32554ad,416.90900000000016,0.5564853556485355,1.02,Emax_ratio,MW ≥215 Da,3107
nesso_27d78b0fbac9bb106e3a,346.38700000000017,0.5568072095268748,1.02,Emax_ratio,MW ≥215 Da,3107
nesso_28f00fc4a3ade5c866af,367.40900000000016,0.5571290634052141,1.02,Emax_ratio,MW ≥215 Da,3107
nesso_30758453d9b991b57d13,439.954,0.5574509172835532,1.02,Emax_ratio,MW ≥215 Da,3107
nesso_311b492672bd6cedc7b4,330.391,0.5577727711618925,1.02,Emax_ratio,MW ≥215 Da,3107
nesso_38d6c1d8b2676ad737b7,348.42800000000005,0.5580946250402318,1.02,Emax_ratio,MW ≥215 Da,3107
nesso_3e50a2dfc9ca570de833,258.28100000000006,0.5584164789185709,1.02,Emax_ratio,MW ≥215 Da,3107
nesso_45fec04433f5ca5a625f,348.40599999999995,0.5587383327969102,1.02,Emax_ratio,MW ≥215 Da,3107
nesso_54bdb623844be2d6c29b,370.8250000000001,0.5590601866752495,1.02,Emax_ratio,MW ≥215 Da,3107
nesso_55b8c0f1229e133d3a90,352.4380000000001,0.5593820405535886,1.02,Emax_ratio,MW ≥215 Da,3107
nesso_592ba4fa76d7295508a7,347.418,0.5597038944319279,1.02,Emax_ratio,MW ≥215 Da,3107
nesso_5c7021b8fe9ddb0e2d7b,301.3900000000001,0.5600257483102672,1.02,Emax_ratio,MW ≥215 Da,3107
nesso_616b75a718b9fbf475c0,341.8020000000001,0.5603476021886064,1.02,Emax_ratio,MW ≥215 Da,3107
nesso_66f14273a31b1b935e24,344.3670000000001,0.5606694560669456,1.02,Emax_ratio,MW ≥215 Da,3107
nesso_69218a78e94e0e242128,485.5060000000001,0.5609913099452848,1.02,Emax_ratio,MW ≥215 Da,3107
nesso_721098c45ec0c6ea778e,355.41600000000017,0.5613131638236241,1.02,Emax_ratio,MW ≥215 Da,3107
nesso_7a14b397784ff4f3cf79,318.37600000000003,0.5616350177019633,1.02,Emax_ratio,MW ≥215 Da,3107
nesso_831a02b953fb78e1a7f5,478.55200000000025,0.5619568715803025,1.02,Emax_ratio,MW ≥215 Da,3107
nesso_84816135dd5a3e8a5fba,347.3900000000002,0.5622787254586418,1.02,Emax_ratio,MW ≥215 Da,3107
nesso_9954368b7f57d75b49e0,364.82900000000024,0.562600579336981,1.02,Emax_ratio,MW ≥215 Da,3107
nesso_9a97a8d6026388b5b137,263.793,0.5629224332153202,1.02,Emax_ratio,MW ≥215 Da,3107
nesso_a706ba271e3efd299a4b,253.05099999999996,0.5632442870936595,1.02,Emax_ratio,MW ≥215 Da,3107
nesso_a994fcac95d88d15b25e,301.394,0.5635661409719988,1.02,Emax_ratio,MW ≥215 Da,3107
nesso_ab4b17f1fa5b69a2815d,447.5830000000003,0.5638879948503379,1.02,Emax_ratio,MW ≥215 Da,3107
nesso_af88ca61d6d07d86c997,347.41800000000006,0.5642098487286772,1.02,Emax_ratio,MW ≥215 Da,3107
nesso_b477cff8fbd215b06c35,456.5240000000003,0.5645317026070165,1.02,Emax_ratio,MW ≥215 Da,3107
nesso_c0a71f4f8d49ee184eaa,362.365,0.5648535564853556,1.02,Emax_ratio,MW ≥215 Da,3107
nesso_d51a6283067c76bd60fb,343.4930000000001,0.5651754103636949,1.02,Emax_ratio,MW ≥215 Da,3107
nesso_e11b83fc7102aaf0b65d,299.499,0.5654972642420342,1.02,Emax_ratio,MW ≥215 Da,3107
nesso_e6d5ba4f604b3d72ede1,396.4250000000001,0.5658191181203733,1.02,Emax_ratio,MW ≥215 Da,3107
nesso_ed3e88df86882da7698b,238.334,0.5661409719987126,1.02,Emax_ratio,MW ≥215 Da,3107
nesso_f6d86afe9058d51b582e,393.4910000000002,0.5664628258770518,1.02,Emax_ratio,MW ≥215 Da,3107
nesso_c344f6ef0195bbc54067,336.43900000000014,0.566784679755391,1.022,Emax_ratio,MW ≥215 Da,3107
nesso_bfb0bfdef3291e7f136a,333.4130000000001,0.5671065336337303,1.025,Emax_ratio,MW ≥215 Da,3107
nesso_06c317714ef4e61868af,312.365,0.5674283875120695,1.03,Emax_ratio,MW ≥215 Da,3107
nesso_07612df3b850c91e1513,381.4760000000003,0.5677502413904087,1.03,Emax_ratio,MW ≥215 Da,3107
nesso_12fa1dbed2521b2f751f,291.33,0.568072095268748,1.03,Emax_ratio,MW ≥215 Da,3107
nesso_1d44c27a3d4ea9cebbe4,334.4640000000002,0.5683939491470872,1.03,Emax_ratio,MW ≥215 Da,3107
nesso_1dcb7d75926473349406,352.84700000000004,0.5687158030254265,1.03,Emax_ratio,MW ≥215 Da,3107
nesso_1fc239551f46d29a4378,278.28700000000003,0.5690376569037657,1.03,Emax_ratio,MW ≥215 Da,3107
nesso_2060c753e0500dbb4b43,347.444,0.5693595107821049,1.03,Emax_ratio,MW ≥215 Da,3107
nesso_236f49e0336bab738d9b,354.3850000000001,0.5696813646604442,1.03,Emax_ratio,MW ≥215 Da,3107
nesso_2552d7a1a3f8fad86a64,320.50600000000003,0.5700032185387834,1.03,Emax_ratio,MW ≥215 Da,3107
nesso_266d6510d34f27abe024,347.4590000000001,0.5703250724171226,1.03,Emax_ratio,MW ≥215 Da,3107
nesso_2db7b6e41b2ff6226915,300.15199999999993,0.5706469262954619,1.03,Emax_ratio,MW ≥215 Da,3107
nesso_330c160a80e354ea907c,351.0160000000001,0.5709687801738011,1.03,Emax_ratio,MW ≥215 Da,3107
nesso_3599ccc86f8499f5ab8a,377.47000000000014,0.5712906340521403,1.03,Emax_ratio,MW ≥215 Da,3107
nesso_386578837df088569b6e,439.51900000000023,0.5716124879304796,1.03,Emax_ratio,MW ≥215 Da,3107
nesso_3f303258d2d05a93bef1,382.4790000000001,0.5719343418088187,1.03,Emax_ratio,MW ≥215 Da,3107
nesso_4a96ce4024c661f81925,287.348,0.572256195687158,1.03,Emax_ratio,MW ≥215 Da,3107
nesso_63be1bfcdfd5097de4b0,395.5690000000002,0.5725780495654973,1.03,Emax_ratio,MW ≥215 Da,3107
nesso_71a2ba1bfecf47d13d56,395.4840000000003,0.5728999034438365,1.03,Emax_ratio,MW ≥215 Da,3107
nesso_7fcf711e2458e2af8149,301.39,0.5732217573221757,1.03,Emax_ratio,MW ≥215 Da,3107
nesso_9f740a8f1f0260be5148,363.4790000000002,0.573543611200515,1.03,Emax_ratio,MW ≥215 Da,3107
nesso_a11aa3f1e72a5465a84f,345.42800000000005,0.5738654650788542,1.03,Emax_ratio,MW ≥215 Da,3107
nesso_a1d767cc92bf2e4b1584,385.5120000000002,0.5741873189571934,1.03,Emax_ratio,MW ≥215 Da,3107
nesso_aab50b04b56ea7f8dcc6,380.4080000000001,0.5745091728355327,1.03,Emax_ratio,MW ≥215 Da,3107
nesso_b04f0fe90bdeba34791a,413.9090000000002,0.5748310267138719,1.03,Emax_ratio,MW ≥215 Da,3107
nesso_b15b18b80f11e165e8e6,377.469,0.5751528805922111,1.03,Emax_ratio,MW ≥215 Da,3107
nesso_b38fd7b2769601598a7c,304.346,0.5754747344705504,1.03,Emax_ratio,MW ≥215 Da,3107
nesso_b4fdc198a07f65d3263d,400.42500000000007,0.5757965883488896,1.03,Emax_ratio,MW ≥215 Da,3107
nesso_b627feb8dbd4ef2f8134,356.37300000000005,0.5761184422272289,1.03,Emax_ratio,MW ≥215 Da,3107
nesso_bcba60516424b126ea67,352.42500000000007,0.576440296105568,1.03,Emax_ratio,MW ≥215 Da,3107
nesso_bf593c364273b6f242a0,319.40500000000014,0.5767621499839073,1.03,Emax_ratio,MW ≥215 Da,3107
nesso_c3778e39c373d5ffc343,339.43900000000014,0.5770840038622466,1.03,Emax_ratio,MW ≥215 Da,3107
nesso_c5dc10766d72af146319,385.9200000000001,0.5774058577405857,1.03,Emax_ratio,MW ≥215 Da,3107
nesso_cb5d247b2c68f78d2d7c,363.46500000000015,0.577727711618925,1.03,Emax_ratio,MW ≥215 Da,3107
nesso_dcf30278c7adb899120d,280.32400000000007,0.5780495654972643,1.03,Emax_ratio,MW ≥215 Da,3107
nesso_dfd2d0bf237a20eb8564,351.5120000000001,0.5783714193756034,1.03,Emax_ratio,MW ≥215 Da,3107
nesso_e640c3e3b3e97996e205,310.40100000000007,0.5786932732539427,1.03,Emax_ratio,MW ≥215 Da,3107
nesso_ebbaa78e428784317bfd,332.44800000000015,0.579015127132282,1.03,Emax_ratio,MW ≥215 Da,3107
nesso_f546f346e8590a382c67,309.72799999999995,0.5793369810106211,1.03,Emax_ratio,MW ≥215 Da,3107
nesso_f6a21d912b81d84cb2ff,396.4140000000001,0.5796588348889604,1.03,Emax_ratio,MW ≥215 Da,3107
nesso_fd56cf811ede21d96a3f,402.46900000000016,0.5799806887672997,1.03,Emax_ratio,MW ≥215 Da,3107
nesso_c16be417e690f1faae3d,356.47400000000016,0.5803025426456389,1.0335,Emax_ratio,MW ≥215 Da,3107
nesso_dd90428abf61738a0d75,368.42400000000026,0.5806243965239781,1.036,Emax_ratio,MW ≥215 Da,3107
nesso_b14989e527cd4aec66b4,375.80600000000015,0.5809462504023174,1.038,Emax_ratio,MW ≥215 Da,3107
nesso_06a4941ea749925e8e76,372.8560000000001,0.5812681042806566,1.04,Emax_ratio,MW ≥215 Da,3107
nesso_06e06f0c876aaf93fb51,378.43600000000026,0.5815899581589958,1.04,Emax_ratio,MW ≥215 Da,3107
nesso_0b0b2eb6c52bedf7cef0,375.4250000000002,0.581911812037335,1.04,Emax_ratio,MW ≥215 Da,3107
nesso_22eb3c911bdb2f488d02,283.2830000000001,0.5822336659156743,1.04,Emax_ratio,MW ≥215 Da,3107
nesso_2cd0ac8d0fd8f714df74,277.368,0.5825555197940135,1.04,Emax_ratio,MW ≥215 Da,3107
nesso_2eaf35d2a8720bfe25a0,306.328,0.5828773736723527,1.04,Emax_ratio,MW ≥215 Da,3107
nesso_2f62af56ea0a06960c60,350.4440000000001,0.583199227550692,1.04,Emax_ratio,MW ≥215 Da,3107
nesso_3ae92d1b628dffda253f,307.17199999999997,0.5835210814290313,1.04,Emax_ratio,MW ≥215 Da,3107
nesso_3b65694ba919f8f41f41,353.4740000000001,0.5838429353073704,1.04,Emax_ratio,MW ≥215 Da,3107
nesso_40496ee37c5be9f09264,452.5380000000002,0.5841647891857097,1.04,Emax_ratio,MW ≥215 Da,3107
nesso_436474ab34e9388784fd,352.4090000000001,0.584486643064049,1.04,Emax_ratio,MW ≥215 Da,3107
nesso_581bd167d6aee9cf4898,426.4980000000002,0.5848084969423881,1.04,Emax_ratio,MW ≥215 Da,3107
nesso_5e66c17aeb996be0ccfb,409.5110000000001,0.5851303508207274,1.04,Emax_ratio,MW ≥215 Da,3107
nesso_63ffe9c2765b8f391819,386.471,0.5854522046990667,1.04,Emax_ratio,MW ≥215 Da,3107
nesso_6d539bbba6e377e778a6,349.39000000000004,0.5857740585774058,1.04,Emax_ratio,MW ≥215 Da,3107
nesso_77c56432a9db99adae4d,354.797,0.5860959124557451,1.04,Emax_ratio,MW ≥215 Da,3107
nesso_89dc4ffa52132dd68210,310.265,0.5864177663340844,1.04,Emax_ratio,MW ≥215 Da,3107
nesso_8d5764dbdf5408d54ee5,354.49800000000005,0.5867396202124235,1.04,Emax_ratio,MW ≥215 Da,3107
nesso_928c1dd1a23b59a49f18,347.4550000000001,0.5870614740907628,1.04,Emax_ratio,MW ≥215 Da,3107
nesso_99821b02be3b63b4b40c,349.43800000000016,0.587383327969102,1.04,Emax_ratio,MW ≥215 Da,3107
nesso_9f54ee5c365d09c28f17,340.4920000000001,0.5877051818474412,1.04,Emax_ratio,MW ≥215 Da,3107
nesso_a9e3838669674429c5af,338.4110000000001,0.5880270357257805,1.04,Emax_ratio,MW ≥215 Da,3107
nesso_b0ccb4334f0a4bf2ead2,349.4380000000002,0.5883488896041197,1.04,Emax_ratio,MW ≥215 Da,3107
nesso_b22ade71ecd999b77cef,368.4840000000001,0.588670743482459,1.04,Emax_ratio,MW ≥215 Da,3107
nesso_b77f13dbda65da008e4b,370.8830000000001,0.5889925973607982,1.04,Emax_ratio,MW ≥215 Da,3107
nesso_cdf9a724bb9172d53cb4,371.235,0.5893144512391374,1.04,Emax_ratio,MW ≥215 Da,3107
nesso_d7f13b2d9fae32ca318a,313.788,0.5896363051174767,1.04,Emax_ratio,MW ≥215 Da,3107
nesso_d897b5efc42c0df738b7,368.4150000000001,0.5899581589958159,1.04,Emax_ratio,MW ≥215 Da,3107
nesso_f05b052ed7ad30bb60ea,327.384,0.5902800128741551,1.04,Emax_ratio,MW ≥215 Da,3107
nesso_fad6cf318ccb9652c12d,335.4290000000001,0.5906018667524944,1.04,Emax_ratio,MW ≥215 Da,3107
nesso_4ed0c88c2267224608ab,301.781,0.5909237206308336,1.0485,Emax_ratio,MW ≥215 Da,3107
nesso_00ffdeb4a5ae34db60a5,286.45900000000006,0.5912455745091728,1.05,Emax_ratio,MW ≥215 Da,3107
nesso_03826ea12b9402384789,428.51400000000024,0.5915674283875121,1.05,Emax_ratio,MW ≥215 Da,3107
nesso_0f4bd6a3c134612e6b52,328.4160000000001,0.5918892822658514,1.05,Emax_ratio,MW ≥215 Da,3107
nesso_23187461f38fb0b4c255,302.4000000000001,0.5922111361441905,1.05,Emax_ratio,MW ≥215 Da,3107
nesso_2e1eef181c380a76e3f0,328.41600000000017,0.5925329900225298,1.05,Emax_ratio,MW ≥215 Da,3107
nesso_3242fe200c7a149a9b87,445.92500000000035,0.592854843900869,1.05,Emax_ratio,MW ≥215 Da,3107
nesso_3acf8d48deaed3de46fd,340.3870000000001,0.5931766977792082,1.05,Emax_ratio,MW ≥215 Da,3107
nesso_3d9e610155c0d9a4b7a5,398.5070000000001,0.5934985516575475,1.05,Emax_ratio,MW ≥215 Da,3107
nesso_3ddaec1866568d5780ff,371.86800000000005,0.5938204055358867,1.05,Emax_ratio,MW ≥215 Da,3107
nesso_3ff0fbbbd60ffac79d79,357.4350000000001,0.5941422594142259,1.05,Emax_ratio,MW ≥215 Da,3107
nesso_4ad50fae05f7d2fcb77d,337.231,0.5944641132925652,1.05,Emax_ratio,MW ≥215 Da,3107
nesso_4d606ebb0946d94ebf04,309.7740000000001,0.5947859671709044,1.05,Emax_ratio,MW ≥215 Da,3107
nesso_4f39e716df29d1ae92ba,417.4360000000002,0.5951078210492436,1.05,Emax_ratio,MW ≥215 Da,3107
nesso_51ae0799eb34b2e66aef,270.34000000000003,0.5954296749275829,1.05,Emax_ratio,MW ≥215 Da,3107
nesso_6137e32194314ece3a7f,364.427,0.5957515288059221,1.05,Emax_ratio,MW ≥215 Da,3107
nesso_68ca5811da4876647c0e,410.9010000000002,0.5960733826842614,1.05,Emax_ratio,MW ≥215 Da,3107
nesso_6f916d9347835d277568,370.4090000000001,0.5963952365626006,1.05,Emax_ratio,MW ≥215 Da,3107
nesso_6ffd0e628473af0c5025,376.47900000000016,0.5967170904409398,1.05,Emax_ratio,MW ≥215 Da,3107
nesso_74c8f3fb680e85ab7be0,390.38300000000004,0.5970389443192791,1.05,Emax_ratio,MW ≥215 Da,3107
nesso_7b51358a9b0ef9915908,348.41000000000014,0.5973607981976183,1.05,Emax_ratio,MW ≥215 Da,3107
nesso_8bfd40ea055befb79dfb,346.43100000000015,0.5976826520759575,1.05,Emax_ratio,MW ≥215 Da,3107
nesso_8cbcb186e038a5a07965,551.6250000000002,0.5980045059542968,1.05,Emax_ratio,MW ≥215 Da,3107
nesso_8eb60a4ddec08408285c,324.39600000000013,0.5983263598326359,1.05,Emax_ratio,MW ≥215 Da,3107
nesso_9b2d5ca9d8c4399283fa,339.45700000000016,0.5986482137109752,1.05,Emax_ratio,MW ≥215 Da,3107
nesso_9d37544634596b8d843d,345.76500000000004,0.5989700675893145,1.05,Emax_ratio,MW ≥215 Da,3107
nesso_9e3fcd772295f2594905,310.4010000000001,0.5992919214676536,1.05,Emax_ratio,MW ≥215 Da,3107
nesso_a1c8f1ea3ebb18b21d25,355.35400000000004,0.5996137753459929,1.05,Emax_ratio,MW ≥215 Da,3107
nesso_a25948c28b25be92c394,301.39,0.5999356292243322,1.05,Emax_ratio,MW ≥215 Da,3107
nesso_a927ccf759542c9f360c,439.58200000000033,0.6002574831026714,1.05,Emax_ratio,MW ≥215 Da,3107
nesso_ac2c1f3c6da6f9335729,338.45900000000006,0.6005793369810106,1.05,Emax_ratio,MW ≥215 Da,3107
nesso_bb6fd969e87744773b2c,317.349,0.6009011908593499,1.05,Emax_ratio,MW ≥215 Da,3107
nesso_c32e5dc5e9b393482418,403.5710000000002,0.6012230447376891,1.05,Emax_ratio,MW ≥215 Da,3107
nesso_c6b736a4bca58bcab9f4,303.83299999999997,0.6015448986160283,1.05,Emax_ratio,MW ≥215 Da,3107
nesso_c987ede735382938ba88,361.39700000000005,0.6018667524943676,1.05,Emax_ratio,MW ≥215 Da,3107
nesso_d015f6221b079dbdd084,318.46500000000015,0.6021886063727068,1.05,Emax_ratio,MW ≥215 Da,3107
nesso_d01f94f6486340f276c6,342.4180000000001,0.602510460251046,1.05,Emax_ratio,MW ≥215 Da,3107
nesso_d2a68ce9f46d5144e7f3,354.4940000000001,0.6028323141293852,1.05,Emax_ratio,MW ≥215 Da,3107
nesso_d88d1e5c243ff14b18f8,387.48000000000025,0.6031541680077245,1.05,Emax_ratio,MW ≥215 Da,3107
nesso_dfdf448668bca371f1d5,347.82000000000016,0.6034760218860638,1.05,Emax_ratio,MW ≥215 Da,3107
nesso_e889c68b466001ad8a65,336.8630000000001,0.6037978757644029,1.05,Emax_ratio,MW ≥215 Da,3107
nesso_e9a94ac1bc013cd091bf,340.305,0.6041197296427422,1.05,Emax_ratio,MW ≥215 Da,3107
nesso_ec554cada19b80462c32,388.4710000000002,0.6044415835210815,1.05,Emax_ratio,MW ≥215 Da,3107
nesso_f92d388c9e832ab916b7,361.44500000000005,0.6047634373994206,1.0555,Emax_ratio,MW ≥215 Da,3107
nesso_00f69ffdf14cd14dd163,349.24300000000005,0.6050852912777599,1.06,Emax_ratio,MW ≥215 Da,3107
nesso_02efc6361d297e769ab8,296.37,0.6054071451560992,1.06,Emax_ratio,MW ≥215 Da,3107
nesso_032c04da44a0ec8f135c,349.76800000000003,0.6057289990344383,1.06,Emax_ratio,MW ≥215 Da,3107
nesso_051c0fba3320972d67e5,316.3610000000001,0.6060508529127776,1.06,Emax_ratio,MW ≥215 Da,3107
nesso_14fff6fc2f0193b61393,352.4380000000002,0.6063727067911169,1.06,Emax_ratio,MW ≥215 Da,3107
nesso_2ddb299d468a692fe892,307.43800000000016,0.606694560669456,1.06,Emax_ratio,MW ≥215 Da,3107
nesso_312512245e0bcd4c2d2f,291.438,0.6070164145477953,1.06,Emax_ratio,MW ≥215 Da,3107
nesso_3414f2f56cb94d645836,385.389,0.6073382684261346,1.06,Emax_ratio,MW ≥215 Da,3107
nesso_37cc1fa9771549293144,332.394,0.6076601223044737,1.06,Emax_ratio,MW ≥215 Da,3107
nesso_414d8d144b10ecb2431d,322.3650000000001,0.607981976182813,1.06,Emax_ratio,MW ≥215 Da,3107
nesso_417f16b3c81fd88f1036,367.371,0.6083038300611522,1.06,Emax_ratio,MW ≥215 Da,3107
nesso_47aba6a97263cedb0bc0,351.385,0.6086256839394915,1.06,Emax_ratio,MW ≥215 Da,3107
nesso_507ece304eaa04f7fb83,290.367,0.6089475378178307,1.06,Emax_ratio,MW ≥215 Da,3107
nesso_53d90e07577ce3e1e985,367.3650000000001,0.6092693916961699,1.06,Emax_ratio,MW ≥215 Da,3107
nesso_563fa5e31fe2d67cb00a,343.4480000000001,0.6095912455745092,1.06,Emax_ratio,MW ≥215 Da,3107
nesso_6cd9506db86e38a396e1,372.89900000000006,0.6099130994528484,1.06,Emax_ratio,MW ≥215 Da,3107
nesso_72f5149b6d4fa3be3486,338.7320000000001,0.6102349533311876,1.06,Emax_ratio,MW ≥215 Da,3107
nesso_74571ebde58a6fd7301d,343.43100000000004,0.6105568072095269,1.06,Emax_ratio,MW ≥215 Da,3107
nesso_7f6bb3156c1e18a7cb97,336.414,0.6108786610878661,1.06,Emax_ratio,MW ≥215 Da,3107
nesso_8169f407e5495270b710,335.407,0.6112005149662053,1.06,Emax_ratio,MW ≥215 Da,3107
nesso_880bcae94a87acbf8fa2,413.42400000000015,0.6115223688445446,1.06,Emax_ratio,MW ≥215 Da,3107
nesso_884500aab000c4fdac43,377.4880000000002,0.6118442227228839,1.06,Emax_ratio,MW ≥215 Da,3107
nesso_8b97f767c33814488ba9,359.8130000000001,0.612166076601223,1.06,Emax_ratio,MW ≥215 Da,3107
nesso_8ee33d73d889f8add5d1,374.46200000000005,0.6124879304795623,1.06,Emax_ratio,MW ≥215 Da,3107
nesso_904ea5b1e0f0ff868abb,259.14899999999994,0.6128097843579016,1.06,Emax_ratio,MW ≥215 Da,3107
nesso_a029d8c171ab9366fd57,307.7810000000001,0.6131316382362407,1.06,Emax_ratio,MW ≥215 Da,3107
nesso_a04c0a08b672116d61c9,477.47700000000026,0.61345349211458,1.06,Emax_ratio,MW ≥215 Da,3107
nesso_b326e5353e7c4d5e7d39,419.59100000000024,0.6137753459929192,1.06,Emax_ratio,MW ≥215 Da,3107
nesso_b3bd8c5d61ee4fc76c49,231.30299999999997,0.6140971998712584,1.06,Emax_ratio,MW ≥215 Da,3107
nesso_c13e77f8b145a5f765c3,338.37100000000004,0.6144190537495977,1.06,Emax_ratio,MW ≥215 Da,3107
nesso_c5f683dca386d4da9f40,504.54100000000034,0.6147409076279369,1.06,Emax_ratio,MW ≥215 Da,3107
nesso_d35fedf0e0822bc6d3b9,356.1950000000001,0.6150627615062761,1.06,Emax_ratio,MW ≥215 Da,3107
nesso_dde3d8b846debc12d570,356.4450000000001,0.6153846153846154,1.06,Emax_ratio,MW ≥215 Da,3107
nesso_de68974cf18f631c851d,379.4200000000001,0.6157064692629546,1.06,Emax_ratio,MW ≥215 Da,3107
nesso_de7f823836b48a64fdd1,359.47600000000006,0.6160283231412939,1.06,Emax_ratio,MW ≥215 Da,3107
nesso_ebc050213b670af89cd6,343.3490000000001,0.6163501770196331,1.06,Emax_ratio,MW ≥215 Da,3107
nesso_ee8a7de8b976a2249e56,341.4360000000001,0.6166720308979723,1.06,Emax_ratio,MW ≥215 Da,3107
nesso_0299796dc6ed1475b183,308.42200000000014,0.6169938847763116,1.07,Emax_ratio,MW ≥215 Da,3107
nesso_064596be752914f8faf8,363.37700000000007,0.6173157386546508,1.07,Emax_ratio,MW ≥215 Da,3107
nesso_06df58ba219840abc414,414.8900000000002,0.61763759253299,1.07,Emax_ratio,MW ≥215 Da,3107
nesso_0cd4afc9b97c6d30a36a,305.338,0.6179594464113293,1.07,Emax_ratio,MW ≥215 Da,3107
nesso_0fe85c04f42648a5f2f4,445.5890000000003,0.6182813002896685,1.07,Emax_ratio,MW ≥215 Da,3107
nesso_1862192a35654a1fc111,475.6290000000003,0.6186031541680077,1.07,Emax_ratio,MW ≥215 Da,3107
nesso_26b8fa373948854fb8c0,342.46400000000017,0.618925008046347,1.07,Emax_ratio,MW ≥215 Da,3107
nesso_2db67363cfb2db36063a,344.45900000000023,0.6192468619246861,1.07,Emax_ratio,MW ≥215 Da,3107
nesso_347168724da138dfdff3,247.72899999999998,0.6195687158030254,1.07,Emax_ratio,MW ≥215 Da,3107
nesso_4c87a84cb9925e83a1bb,307.3539999999999,0.6198905696813647,1.07,Emax_ratio,MW ≥215 Da,3107
nesso_4d5019b0d6c2cb537f30,361.5110000000002,0.6202124235597039,1.07,Emax_ratio,MW ≥215 Da,3107
nesso_560017a8d15db6933d0f,454.6110000000002,0.6205342774380431,1.07,Emax_ratio,MW ≥215 Da,3107
nesso_581e2b4c86eb3a429fcd,369.4500000000001,0.6208561313163824,1.07,Emax_ratio,MW ≥215 Da,3107
nesso_58942ae2300e3edadf47,352.36000000000007,0.6211779851947216,1.07,Emax_ratio,MW ≥215 Da,3107
nesso_5f4ac0f5523b958367b0,340.391,0.6214998390730608,1.07,Emax_ratio,MW ≥215 Da,3107
nesso_69a1c8506e2aa6b5a515,390.5080000000001,0.6218216929514001,1.07,Emax_ratio,MW ≥215 Da,3107
nesso_6c6327c4462758aa66e8,333.391,0.6221435468297393,1.07,Emax_ratio,MW ≥215 Da,3107
nesso_7e16f9879a7e553b53c7,349.86199999999997,0.6224654007080785,1.07,Emax_ratio,MW ≥215 Da,3107
nesso_7eb8ae6cf76849dde3f4,351.4540000000002,0.6227872545864178,1.07,Emax_ratio,MW ≥215 Da,3107
nesso_897ada667ba44b4b0e71,401.5320000000002,0.623109108464757,1.07,Emax_ratio,MW ≥215 Da,3107
nesso_8ae2c2890e07c07ffd00,339.39900000000006,0.6234309623430963,1.07,Emax_ratio,MW ≥215 Da,3107
nesso_955c2d061463a621ed88,254.35499999999993,0.6237528162214354,1.07,Emax_ratio,MW ≥215 Da,3107
nesso_95d120d967b299a2485d,328.294,0.6240746700997747,1.07,Emax_ratio,MW ≥215 Da,3107
nesso_977e5acaf39d64a4cee8,335.80600000000004,0.624396523978114,1.07,Emax_ratio,MW ≥215 Da,3107
nesso_99dc2190c487f9aea4cf,348.44900000000007,0.6247183778564531,1.07,Emax_ratio,MW ≥215 Da,3107
nesso_9c6ea050cadd5598dfe6,340.42700000000025,0.6250402317347924,1.07,Emax_ratio,MW ≥215 Da,3107
nesso_ab5a49c1a315e171c6c8,295.38300000000004,0.6253620856131317,1.07,Emax_ratio,MW ≥215 Da,3107
nesso_af33f95564b9b6315b49,261.329,0.6256839394914708,1.07,Emax_ratio,MW ≥215 Da,3107
nesso_b0385c35df9ea303e0fe,395.50700000000006,0.6260057933698101,1.07,Emax_ratio,MW ≥215 Da,3107
nesso_b751787a3f2c0d1f5431,456.3220000000001,0.6263276472481494,1.07,Emax_ratio,MW ≥215 Da,3107
nesso_b808525c2b5545cfa793,344.4950000000001,0.6266495011264885,1.07,Emax_ratio,MW ≥215 Da,3107
nesso_bb478bafff86f8e7bf41,303.3260000000001,0.6269713550048278,1.07,Emax_ratio,MW ≥215 Da,3107
nesso_bc56bd394b89548b2f48,408.8850000000001,0.6272932088831671,1.07,Emax_ratio,MW ≥215 Da,3107
nesso_c4ff55929086b4ae74cd,347.42200000000014,0.6276150627615062,1.07,Emax_ratio,MW ≥215 Da,3107
nesso_ca244636b95ed6060cdc,268.27299999999997,0.6279369166398455,1.07,Emax_ratio,MW ≥215 Da,3107
nesso_d0b15906f19f8c3604ce,398.48800000000006,0.6282587705181848,1.07,Emax_ratio,MW ≥215 Da,3107
nesso_d4acab468073fdac2e39,366.48300000000023,0.628580624396524,1.07,Emax_ratio,MW ≥215 Da,3107
nesso_d4c4e9178305d15d14b0,326.3960000000002,0.6289024782748632,1.07,Emax_ratio,MW ≥215 Da,3107
nesso_d545d1862cf905374f88,376.4780000000001,0.6292243321532024,1.07,Emax_ratio,MW ≥215 Da,3107
nesso_e2167f57ce6a991618a6,351.40200000000004,0.6295461860315417,1.07,Emax_ratio,MW ≥215 Da,3107
nesso_e2d890e8f7f39be2ed91,332.40700000000015,0.6298680399098809,1.07,Emax_ratio,MW ≥215 Da,3107
nesso_eb4120dc75b8bcfe929a,358.43800000000016,0.6301898937882201,1.07,Emax_ratio,MW ≥215 Da,3107
nesso_d4c46b4614465117c1f6,369.8700000000001,0.6305117476665594,1.075,Emax_ratio,MW ≥215 Da,3107
nesso_06aac10cbd954ec3ac1d,344.40000000000003,0.6308336015448986,1.08,Emax_ratio,MW ≥215 Da,3107
nesso_0a1a8439f812017cd5f3,467.57000000000033,0.6311554554232378,1.08,Emax_ratio,MW ≥215 Da,3107
nesso_0ba75904a03a269a6afc,360.37700000000007,0.6314773093015771,1.08,Emax_ratio,MW ≥215 Da,3107
nesso_1aaf75cf33d7b51c1280,318.36600000000004,0.6317991631799164,1.08,Emax_ratio,MW ≥215 Da,3107
nesso_1fb89cb2b9439d512c92,334.35400000000004,0.6321210170582555,1.08,Emax_ratio,MW ≥215 Da,3107
nesso_30cbf53518ffcad89d92,327.404,0.6324428709365948,1.08,Emax_ratio,MW ≥215 Da,3107
nesso_3a8d88ab00bc9a7d080c,328.463,0.6327647248149341,1.08,Emax_ratio,MW ≥215 Da,3107
nesso_426b9db5f8d9fbf1f4d4,301.3900000000001,0.6330865786932732,1.08,Emax_ratio,MW ≥215 Da,3107
nesso_4a40383c56d45b06f102,282.333,0.6334084325716125,1.08,Emax_ratio,MW ≥215 Da,3107
nesso_4f6062f00df9e0332b60,272.30800000000005,0.6337302864499518,1.08,Emax_ratio,MW ≥215 Da,3107
nesso_5224a8c4e041d186dafd,327.45300000000003,0.6340521403282909,1.08,Emax_ratio,MW ≥215 Da,3107
nesso_57016bd91d5e8f502ccd,312.348,0.6343739942066302,1.08,Emax_ratio,MW ≥215 Da,3107
nesso_57e0addd88d90373ca09,344.43600000000004,0.6346958480849694,1.08,Emax_ratio,MW ≥215 Da,3107
nesso_69bbbb6feb389a5c302a,261.28900000000004,0.6350177019633086,1.08,Emax_ratio,MW ≥215 Da,3107
nesso_6ab8f396fa5ff945fba0,381.4800000000002,0.6353395558416479,1.08,Emax_ratio,MW ≥215 Da,3107
nesso_6c1ed49a07d878a5b6ca,377.4700000000002,0.6356614097199871,1.08,Emax_ratio,MW ≥215 Da,3107
nesso_80509e5315410908711b,348.366,0.6359832635983264,1.08,Emax_ratio,MW ≥215 Da,3107
nesso_82e62a9edd397c1a585d,319.36899999999997,0.6363051174766656,1.08,Emax_ratio,MW ≥215 Da,3107
nesso_8e238e605741c62ffd9c,330.43200000000013,0.6366269713550048,1.08,Emax_ratio,MW ≥215 Da,3107
nesso_93054ad35b60162ea14f,313.378,0.6369488252333441,1.08,Emax_ratio,MW ≥215 Da,3107
nesso_952b63e3fe2796d926f4,472.9320000000001,0.6372706791116833,1.08,Emax_ratio,MW ≥215 Da,3107
nesso_9b9fbfd4e09eefd2680f,332.4070000000001,0.6375925329900225,1.08,Emax_ratio,MW ≥215 Da,3107
nesso_9d4740c313e93cdf7501,384.4760000000001,0.6379143868683618,1.08,Emax_ratio,MW ≥215 Da,3107
nesso_a55b2be7eeca4d3405f0,365.4410000000001,0.638236240746701,1.08,Emax_ratio,MW ≥215 Da,3107
nesso_a6e02eaf542fe829b6ba,291.43900000000014,0.6385580946250402,1.08,Emax_ratio,MW ≥215 Da,3107
nesso_abd0f718495df247eed4,312.36899999999997,0.6388799485033795,1.08,Emax_ratio,MW ≥215 Da,3107
nesso_aed2684d0a96e5f11d14,343.333,0.6392018023817188,1.08,Emax_ratio,MW ≥215 Da,3107
nesso_c93f916a7673b09059f6,322.3940000000001,0.6395236562600579,1.08,Emax_ratio,MW ≥215 Da,3107
nesso_d294dfd6b67ef4071081,293.326,0.6398455101383972,1.08,Emax_ratio,MW ≥215 Da,3107
nesso_f0e3502b8ce9d812c76e,391.4240000000003,0.6401673640167364,1.08,Emax_ratio,MW ≥215 Da,3107
nesso_f22dc1fd3c29531f6549,371.462,0.6404892178950756,1.08,Emax_ratio,MW ≥215 Da,3107
nesso_590f0f183876cfec609f,344.4180000000002,0.6408110717734149,1.0845,Emax_ratio,MW ≥215 Da,3107
nesso_096ceaf98c0e75d9c2f2,425.3480000000001,0.6411329256517541,1.09,Emax_ratio,MW ≥215 Da,3107
nesso_0b337312cd431267ef92,309.36899999999997,0.6414547795300933,1.09,Emax_ratio,MW ≥215 Da,3107
nesso_21d21eb95f84a533985a,377.4220000000001,0.6417766334084326,1.09,Emax_ratio,MW ≥215 Da,3107
nesso_2405b828502fc8d380f0,377.44400000000013,0.6420984872867718,1.09,Emax_ratio,MW ≥215 Da,3107
nesso_2a73d3d21beca663d28b,388.851,0.642420341165111,1.09,Emax_ratio,MW ≥215 Da,3107
nesso_39292742163bb515f878,367.40900000000005,0.6427421950434503,1.09,Emax_ratio,MW ≥215 Da,3107
nesso_3bdd9b6a905c9dd3c0ac,421.5630000000002,0.6430640489217895,1.09,Emax_ratio,MW ≥215 Da,3107
nesso_434fdf27bbf6f28d365e,312.4170000000001,0.6433859028001288,1.09,Emax_ratio,MW ≥215 Da,3107
nesso_4bce916ae85b7548b46e,392.41500000000013,0.643707756678468,1.09,Emax_ratio,MW ≥215 Da,3107
nesso_4c3b0dea5895e713e388,288.35400000000004,0.6440296105568072,1.09,Emax_ratio,MW ≥215 Da,3107
nesso_549377113ea163ec0bb4,388.38700000000006,0.6443514644351465,1.09,Emax_ratio,MW ≥215 Da,3107
nesso_54d5ea8a499c197e675b,254.311,0.6446733183134857,1.09,Emax_ratio,MW ≥215 Da,3107
nesso_575c9d8dc66a04958bfa,351.4720000000001,0.6449951721918249,1.09,Emax_ratio,MW ≥215 Da,3107
nesso_5a9768f07ed196d1cf64,324.4030000000001,0.6453170260701642,1.09,Emax_ratio,MW ≥215 Da,3107
nesso_7390d888938089fdad0a,414.48700000000014,0.6456388799485033,1.09,Emax_ratio,MW ≥215 Da,3107
nesso_7b4d7b8dc43402f3bad5,337.345,0.6459607338268426,1.09,Emax_ratio,MW ≥215 Da,3107
nesso_8948e63cd299070a2a63,336.37,0.6462825877051819,1.09,Emax_ratio,MW ≥215 Da,3107
nesso_931a6be14c9f20ad06a3,409.54800000000034,0.646604441583521,1.09,Emax_ratio,MW ≥215 Da,3107
nesso_a27e5926a0eb8eb961f5,332.3830000000001,0.6469262954618603,1.09,Emax_ratio,MW ≥215 Da,3107
nesso_a778741e4515bf2b5783,328.41200000000003,0.6472481493401996,1.09,Emax_ratio,MW ≥215 Da,3107
nesso_b24c6e7b8d287a11ee31,377.47000000000014,0.6475700032185387,1.09,Emax_ratio,MW ≥215 Da,3107
nesso_b3db1a1e72da320ec165,311.45100000000014,0.647891857096878,1.09,Emax_ratio,MW ≥215 Da,3107
nesso_c07e5cd7a58e085a8f07,369.4650000000001,0.6482137109752173,1.09,Emax_ratio,MW ≥215 Da,3107
nesso_e0918634a838f118dee3,343.333,0.6485355648535565,1.09,Emax_ratio,MW ≥215 Da,3107
nesso_e54aa1712ca6af15293b,309.43500000000006,0.6488574187318957,1.09,Emax_ratio,MW ≥215 Da,3107
nesso_e7ee504c60ad7b23675a,266.345,0.649179272610235,1.09,Emax_ratio,MW ≥215 Da,3107
nesso_e9c9bef7754978054cfd,335.3410000000001,0.6495011264885742,1.09,Emax_ratio,MW ≥215 Da,3107
nesso_f10f41f10665de0f5066,295.372,0.6498229803669134,1.09,Emax_ratio,MW ≥215 Da,3107
nesso_fa15afed29ad631f14bb,415.5370000000001,0.6501448342452526,1.09,Emax_ratio,MW ≥215 Da,3107
nesso_054c20de013fad0035a1,414.44300000000027,0.6504666881235919,1.1,Emax_ratio,MW ≥215 Da,3107
nesso_0aa8af4201ba6595b367,356.4660000000001,0.6507885420019311,1.1,Emax_ratio,MW ≥215 Da,3107
nesso_188b72ddc3e7e7221a0d,327.384,0.6511103958802703,1.1,Emax_ratio,MW ≥215 Da,3107
nesso_251b4ef8257279a4df50,295.36099999999993,0.6514322497586096,1.1,Emax_ratio,MW ≥215 Da,3107
nesso_25c9fc8b2442b0377b24,269.3,0.6517541036369489,1.1,Emax_ratio,MW ≥215 Da,3107
nesso_278cfb92830be7c2e691,381.43200000000013,0.652075957515288,1.1,Emax_ratio,MW ≥215 Da,3107
nesso_2c208751e48b111d1d75,344.4590000000001,0.6523978113936273,1.1,Emax_ratio,MW ≥215 Da,3107
nesso_3d2d9916d2e5f6c562b5,340.43,0.6527196652719666,1.1,Emax_ratio,MW ≥215 Da,3107
nesso_4182517d3dcfc5c12c1e,317.3930000000002,0.6530415191503057,1.1,Emax_ratio,MW ≥215 Da,3107
nesso_4577e654d77d3c7b62ef,401.53200000000015,0.653363373028645,1.1,Emax_ratio,MW ≥215 Da,3107
nesso_48a07f811af2dec6f566,330.4530000000001,0.6536852269069843,1.1,Emax_ratio,MW ≥215 Da,3107
nesso_4d8e57ec519e3aa81ba8,362.4290000000002,0.6540070807853234,1.1,Emax_ratio,MW ≥215 Da,3107
nesso_4e0731e4c43381047208,350.44700000000006,0.6543289346636627,1.1,Emax_ratio,MW ≥215 Da,3107
nesso_4f3163c0b91d57d5add4,360.461,0.654650788542002,1.1,Emax_ratio,MW ≥215 Da,3107
nesso_5fd14801c11e6ce3d2b0,231.31699999999998,0.6549726424203411,1.1,Emax_ratio,MW ≥215 Da,3107
nesso_6da37dcabf98b55a6f98,351.38100000000003,0.6552944962986804,1.1,Emax_ratio,MW ≥215 Da,3107
nesso_6da8da4a2fa9490c58b0,367.409,0.6556163501770196,1.1,Emax_ratio,MW ≥215 Da,3107
nesso_83e85b68ff986119665b,307.3980000000001,0.6559382040553589,1.1,Emax_ratio,MW ≥215 Da,3107
nesso_8411ae9fa44aa501bf9c,318.3770000000001,0.6562600579336981,1.1,Emax_ratio,MW ≥215 Da,3107
nesso_a8e37c610612ce3651f6,369.3810000000002,0.6565819118120373,1.1,Emax_ratio,MW ≥215 Da,3107
nesso_ab1756ffc5791970f430,482.58500000000026,0.6569037656903766,1.1,Emax_ratio,MW ≥215 Da,3107
nesso_af0311b9a5cd09c8372f,314.34499999999997,0.6572256195687158,1.1,Emax_ratio,MW ≥215 Da,3107
nesso_b6314dbd19fe36eed08c,351.4500000000001,0.657547473447055,1.1,Emax_ratio,MW ≥215 Da,3107
nesso_b637d606c541c00a5510,373.4350000000001,0.6578693273253943,1.1,Emax_ratio,MW ≥215 Da,3107
nesso_bff57a33bdefa3301fec,355.41900000000004,0.6581911812037335,1.1,Emax_ratio,MW ≥215 Da,3107
nesso_c3276df4dd396c730859,292.364,0.6585130350820727,1.1,Emax_ratio,MW ≥215 Da,3107
nesso_c6de6dcfd9dbe10d8e0e,267.32899999999995,0.658834888960412,1.1,Emax_ratio,MW ≥215 Da,3107
nesso_c97ab89f020789643e36,342.798,0.6591567428387513,1.1,Emax_ratio,MW ≥215 Da,3107
nesso_cb50508cb0d02418f322,426.9000000000001,0.6594785967170904,1.1,Emax_ratio,MW ≥215 Da,3107
nesso_d1868c4cf5502460dd4c,321.33700000000016,0.6598004505954297,1.1,Emax_ratio,MW ≥215 Da,3107
nesso_d8be2d0fd22e246b151e,345.27,0.660122304473769,1.1,Emax_ratio,MW ≥215 Da,3107
nesso_dfcc35fde30241da8e60,370.4090000000001,0.6604441583521081,1.1,Emax_ratio,MW ≥215 Da,3107
nesso_e87a82fcd0e8e01588b5,348.41,0.6607660122304474,1.1,Emax_ratio,MW ≥215 Da,3107
nesso_f318ed80acac150d0939,356.44700000000006,0.6610878661087866,1.1,Emax_ratio,MW ≥215 Da,3107
nesso_fc9b39c503e8da3b1f5c,393.55300000000017,0.6614097199871258,1.1,Emax_ratio,MW ≥215 Da,3107
nesso_fed35b9340e6c1f5dc99,371.5030000000003,0.6617315738654651,1.1,Emax_ratio,MW ≥215 Da,3107
nesso_00d6af6adb2d7cb2038c,345.38800000000003,0.6620534277438043,1.11,Emax_ratio,MW ≥215 Da,3107
nesso_0c2907ae8fb2be22dddd,326.7830000000001,0.6623752816221435,1.11,Emax_ratio,MW ≥215 Da,3107
nesso_0cbc2a1954ccf93bd53f,477.5210000000002,0.6626971355004828,1.11,Emax_ratio,MW ≥215 Da,3107
nesso_0d7e25de754535b69a2a,314.77600000000007,0.663018989378822,1.11,Emax_ratio,MW ≥215 Da,3107
nesso_0dbc507f618d6f0c5f1e,240.32799999999997,0.6633408432571613,1.11,Emax_ratio,MW ≥215 Da,3107
nesso_148733a609d0068fa883,315.869,0.6636626971355005,1.11,Emax_ratio,MW ≥215 Da,3107
nesso_159d262e65c24701d5a1,347.41100000000023,0.6639845510138397,1.11,Emax_ratio,MW ≥215 Da,3107
nesso_227ad3acf52e3ba0f8e4,275.39199999999994,0.664306404892179,1.11,Emax_ratio,MW ≥215 Da,3107
nesso_27ba9540d7826c709ec9,325.4080000000001,0.6646282587705182,1.11,Emax_ratio,MW ≥215 Da,3107
nesso_2bd2838aef6dd5b5dbe0,313.405,0.6649501126488574,1.11,Emax_ratio,MW ≥215 Da,3107
nesso_34f9015c1755b7fafb7f,223.34100000000004,0.6652719665271967,1.11,Emax_ratio,MW ≥215 Da,3107
nesso_361c2fad3365c2b9bb13,286.37899999999996,0.6655938204055359,1.11,Emax_ratio,MW ≥215 Da,3107
nesso_40d63477ce52d1a38338,412.3170000000002,0.6659156742838751,1.11,Emax_ratio,MW ≥215 Da,3107
nesso_684c227a93e270f5305e,381.4400000000002,0.6662375281622144,1.11,Emax_ratio,MW ≥215 Da,3107
nesso_7613f236fe205e47bfe4,317.476,0.6665593820405535,1.11,Emax_ratio,MW ≥215 Da,3107
nesso_815140b31499658462ef,331.86500000000007,0.6668812359188928,1.11,Emax_ratio,MW ≥215 Da,3107
nesso_83c295b9b0cb46cad8a6,366.5090000000002,0.6672030897972321,1.11,Emax_ratio,MW ≥215 Da,3107
nesso_87b6a2a3c03815030bc7,300.355,0.6675249436755712,1.11,Emax_ratio,MW ≥215 Da,3107
nesso_8b5352430a396a476500,411.48300000000006,0.6678467975539105,1.11,Emax_ratio,MW ≥215 Da,3107
nesso_979445607b8018ee9626,492.68900000000025,0.6681686514322498,1.11,Emax_ratio,MW ≥215 Da,3107
nesso_99fa763ec305f837f772,247.30200000000002,0.668490505310589,1.11,Emax_ratio,MW ≥215 Da,3107
nesso_9ea35afbd018673f2c2b,321.33700000000005,0.6688123591889282,1.11,Emax_ratio,MW ≥215 Da,3107
nesso_b26d1cd6b41dd455fb36,448.93200000000013,0.6691342130672675,1.11,Emax_ratio,MW ≥215 Da,3107
nesso_c42d8a4da99cde72ef99,352.4820000000001,0.6694560669456067,1.11,Emax_ratio,MW ≥215 Da,3107
nesso_c7bcb3ceaa200dfe710b,352.4200000000001,0.6697779208239459,1.11,Emax_ratio,MW ≥215 Da,3107
nesso_cbbbb46476e4ef69fdb8,340.38700000000006,0.6700997747022852,1.11,Emax_ratio,MW ≥215 Da,3107
nesso_d0c8052f2f11600108f4,365.42600000000004,0.6704216285806244,1.11,Emax_ratio,MW ≥215 Da,3107
nesso_eef31081246a8ad51940,372.53400000000016,0.6707434824589636,1.11,Emax_ratio,MW ≥215 Da,3107
nesso_eff060628436ef7cbf71,361.405,0.6710653363373028,1.11,Emax_ratio,MW ≥215 Da,3107
nesso_f38bc3c27fc2a55d0fe7,367.40500000000014,0.6713871902156421,1.11,Emax_ratio,MW ≥215 Da,3107
nesso_f399b3d01b7a578eda80,328.416,0.6717090440939814,1.11,Emax_ratio,MW ≥215 Da,3107
nesso_ffb33c9a189b3e6d99e1,306.79700000000014,0.6720308979723205,1.11,Emax_ratio,MW ≥215 Da,3107
nesso_00185e17d4a7bef0f788,319.44500000000005,0.6723527518506598,1.12,Emax_ratio,MW ≥215 Da,3107
nesso_07c1859e34ddcce0a429,311.38500000000005,0.6726746057289991,1.12,Emax_ratio,MW ≥215 Da,3107
nesso_0ebc9509c09f9280a24b,319.373,0.6729964596073382,1.12,Emax_ratio,MW ≥215 Da,3107
nesso_18b8e30fd99202768184,294.339,0.6733183134856775,1.12,Emax_ratio,MW ≥215 Da,3107
nesso_1e2a0c000f1164b2ce70,373.4050000000001,0.6736401673640168,1.12,Emax_ratio,MW ≥215 Da,3107
nesso_242b09a658c272d2bb5f,351.8370000000001,0.6739620212423559,1.12,Emax_ratio,MW ≥215 Da,3107
nesso_31debbfa15ead66d6a2e,693.7320000000003,0.6742838751206952,1.12,Emax_ratio,MW ≥215 Da,3107
nesso_4d6c78f3f066f21029f3,338.38200000000006,0.6746057289990345,1.12,Emax_ratio,MW ≥215 Da,3107
nesso_50900b0b28493770380a,379.42000000000013,0.6749275828773736,1.12,Emax_ratio,MW ≥215 Da,3107
nesso_59518215ee091787d6e9,362.4980000000001,0.6752494367557129,1.12,Emax_ratio,MW ≥215 Da,3107
nesso_653cba321d125a2baeaf,348.45300000000003,0.6755712906340522,1.12,Emax_ratio,MW ≥215 Da,3107
nesso_6a5ec80e2ec470f38950,348.4240000000002,0.6758931445123914,1.12,Emax_ratio,MW ≥215 Da,3107
nesso_70d32d953714169c602c,447.6230000000003,0.6762149983907306,1.12,Emax_ratio,MW ≥215 Da,3107
nesso_7e9e078205c9dee32f8a,333.461,0.6765368522690698,1.12,Emax_ratio,MW ≥215 Da,3107
nesso_a00f4ebe8bb9d5ad8ffe,313.37600000000003,0.6768587061474091,1.12,Emax_ratio,MW ≥215 Da,3107
nesso_a2f0cdff205387fc8491,339.3910000000001,0.6771805600257483,1.12,Emax_ratio,MW ≥215 Da,3107
nesso_a36273394b32279dd62f,375.46000000000004,0.6775024139040875,1.12,Emax_ratio,MW ≥215 Da,3107
nesso_acbe601dfc56e93a67c0,363.77300000000014,0.6778242677824268,1.12,Emax_ratio,MW ≥215 Da,3107
nesso_b47c4754ce724850b5c7,302.3250000000001,0.678146121660766,1.12,Emax_ratio,MW ≥215 Da,3107
nesso_c19dd79dd945c9ad086c,287.363,0.6784679755391052,1.12,Emax_ratio,MW ≥215 Da,3107
nesso_c7d891325f24103ef503,428.49600000000015,0.6787898294174445,1.12,Emax_ratio,MW ≥215 Da,3107
nesso_cd52eece01e350c2ef33,369.8520000000001,0.6791116832957838,1.12,Emax_ratio,MW ≥215 Da,3107
nesso_d3b614917d6bc2602be2,377.4920000000003,0.6794335371741229,1.12,Emax_ratio,MW ≥215 Da,3107
nesso_d7a2f749080c6eb91a31,252.36099999999993,0.6797553910524622,1.12,Emax_ratio,MW ≥215 Da,3107
nesso_ed78718334f48a60fc80,370.35900000000004,0.6800772449308015,1.12,Emax_ratio,MW ≥215 Da,3107
nesso_f0c39483f176a5828b77,389.5000000000003,0.6803990988091406,1.12,Emax_ratio,MW ≥215 Da,3107
nesso_fca0abcf66669e0c3d01,354.4540000000001,0.6807209526874799,1.12,Emax_ratio,MW ≥215 Da,3107
nesso_ffdfff4d5c316492bc95,365.246,0.6810428065658192,1.12,Emax_ratio,MW ≥215 Da,3107
nesso_0916572182d89c344dfd,372.53600000000006,0.6813646604441583,1.13,Emax_ratio,MW ≥215 Da,3107
nesso_136980d364ae6796b865,376.45700000000016,0.6816865143224976,1.13,Emax_ratio,MW ≥215 Da,3107
nesso_150724aa094483c0eec6,370.56200000000007,0.6820083682008368,1.13,Emax_ratio,MW ≥215 Da,3107
nesso_16b435b96644fc784651,341.41100000000006,0.682330222079176,1.13,Emax_ratio,MW ≥215 Da,3107
nesso_1e33a4b4cce884546f76,287.367,0.6826520759575153,1.13,Emax_ratio,MW ≥215 Da,3107
nesso_20584d50123238f68014,300.31800000000004,0.6829739298358545,1.13,Emax_ratio,MW ≥215 Da,3107
nesso_2591ab10eabf8b6b435f,397.90500000000014,0.6832957837141937,1.13,Emax_ratio,MW ≥215 Da,3107
nesso_29bed0423515f4f1c22f,352.39400000000006,0.683617637592533,1.13,Emax_ratio,MW ≥215 Da,3107
nesso_2a160371322a54edc5d8,379.8480000000001,0.6839394914708722,1.13,Emax_ratio,MW ≥215 Da,3107
nesso_2ac6d8bf15d160f8c123,253.32299999999995,0.6842613453492115,1.13,Emax_ratio,MW ≥215 Da,3107
nesso_360734d16d6a63d7b26c,413.3050000000001,0.6845831992275507,1.13,Emax_ratio,MW ≥215 Da,3107
nesso_413eeaee5d8a7542b02b,337.48500000000024,0.6849050531058899,1.13,Emax_ratio,MW ≥215 Da,3107
nesso_5b2668fc51135fbd63ba,349.3940000000002,0.6852269069842292,1.13,Emax_ratio,MW ≥215 Da,3107
nesso_5b52f28619dbac6df85e,294.35400000000004,0.6855487608625684,1.13,Emax_ratio,MW ≥215 Da,3107
nesso_612450096ff349225ec2,430.51200000000006,0.6858706147409076,1.13,Emax_ratio,MW ≥215 Da,3107
nesso_68e5b4ab6175909bcdb1,338.4330000000002,0.6861924686192469,1.13,Emax_ratio,MW ≥215 Da,3107
nesso_6acea25529f3d75fcb75,355.4420000000002,0.6865143224975861,1.13,Emax_ratio,MW ≥215 Da,3107
nesso_6cd853fd80d86edb48c0,320.433,0.6868361763759253,1.13,Emax_ratio,MW ≥215 Da,3107
nesso_704ec2bcbed60cf7b081,307.383,0.6871580302542646,1.13,Emax_ratio,MW ≥215 Da,3107
nesso_7992d6de6f0762b9f937,388.47100000000006,0.6874798841326037,1.13,Emax_ratio,MW ≥215 Da,3107
nesso_81b2deeec889adedb8cf,303.36200000000014,0.687801738010943,1.13,Emax_ratio,MW ≥215 Da,3107
nesso_8d772e62d6dc83cf1f1b,346.814,0.6881235918892823,1.13,Emax_ratio,MW ≥215 Da,3107
nesso_90bfa89b129073379bab,370.4780000000002,0.6884454457676215,1.13,Emax_ratio,MW ≥215 Da,3107
nesso_a3730b18ff04c816da9e,346.4340000000002,0.6887672996459607,1.13,Emax_ratio,MW ≥215 Da,3107
nesso_b17c308bcee229b4c73f,375.45400000000006,0.6890891535243,1.13,Emax_ratio,MW ≥215 Da,3107
nesso_b8207fc0f52c4f7142cc,348.35000000000014,0.6894110074026392,1.13,Emax_ratio,MW ≥215 Da,3107
nesso_bd1fb5f86ffa3db51181,449.5550000000002,0.6897328612809784,1.13,Emax_ratio,MW ≥215 Da,3107
nesso_c17abe58d845aec0ac5f,343.47500000000014,0.6900547151593177,1.13,Emax_ratio,MW ≥215 Da,3107
nesso_c348a4dc885280169b4a,316.423,0.6903765690376569,1.13,Emax_ratio,MW ≥215 Da,3107
nesso_f0c2be2e2344562792ea,343.3550000000002,0.6906984229159961,1.13,Emax_ratio,MW ≥215 Da,3107
nesso_f35f7dcc9aa0866154a0,368.4810000000001,0.6910202767943354,1.13,Emax_ratio,MW ≥215 Da,3107
nesso_ff0a63c9a2b40549cd92,509.6760000000005,0.6913421306726746,1.13,Emax_ratio,MW ≥215 Da,3107
nesso_0e5ccae9bfd8ad2490dd,296.32300000000004,0.6916639845510139,1.14,Emax_ratio,MW ≥215 Da,3107
nesso_0e799acda58abcdad8a8,338.40700000000015,0.6919858384293531,1.14,Emax_ratio,MW ≥215 Da,3107
nesso_1cbce1f27226fa04d20e,369.3680000000001,0.6923076923076923,1.14,Emax_ratio,MW ≥215 Da,3107
nesso_1fa797da2528b2eeee37,443.50300000000027,0.6926295461860316,1.14,Emax_ratio,MW ≥215 Da,3107
nesso_3055f2b8220083e970a4,358.44600000000014,0.6929514000643707,1.14,Emax_ratio,MW ≥215 Da,3107
nesso_3363ad2c57f97c8f3cc7,255.233,0.69327325394271,1.14,Emax_ratio,MW ≥215 Da,3107
nesso_39785fb68b7cb0a64664,316.42600000000004,0.6935951078210493,1.14,Emax_ratio,MW ≥215 Da,3107
nesso_3ad4c8e3ed904183faae,320.367,0.6939169616993884,1.14,Emax_ratio,MW ≥215 Da,3107
nesso_409d5da7bf171b331a76,313.40100000000007,0.6942388155777277,1.14,Emax_ratio,MW ≥215 Da,3107
nesso_52ad9ec0cfbf5d7b194f,356.35,0.694560669456067,1.14,Emax_ratio,MW ≥215 Da,3107
nesso_5664fb7e009d9d5256aa,958.2400000000001,0.6948825233344061,1.14,Emax_ratio,MW ≥215 Da,3107
nesso_572549b327ba48eb7113,586.6890000000004,0.6952043772127454,1.14,Emax_ratio,MW ≥215 Da,3107
nesso_58563da4cab82c6275d8,323.4620000000001,0.6955262310910847,1.14,Emax_ratio,MW ≥215 Da,3107
nesso_6437b209630ec64e5201,539.6360000000004,0.6958480849694239,1.14,Emax_ratio,MW ≥215 Da,3107
nesso_65dbe0b55800246ef703,314.4330000000001,0.6961699388477631,1.14,Emax_ratio,MW ≥215 Da,3107
nesso_6847e398d88bb14f1229,240.44400000000002,0.6964917927261024,1.14,Emax_ratio,MW ≥215 Da,3107
nesso_6a69cab05ae5dc4d1420,449.5230000000002,0.6968136466044416,1.14,Emax_ratio,MW ≥215 Da,3107
nesso_7bdc6c9e0a599ea50fac,315.31600000000003,0.6971355004827808,1.14,Emax_ratio,MW ≥215 Da,3107
nesso_926467ce2a1c75a4ce8f,406.42100000000005,0.69745735436112,1.14,Emax_ratio,MW ≥215 Da,3107
nesso_a17e3cf5eb15d75b5da6,224.21599999999998,0.6977792082394593,1.14,Emax_ratio,MW ≥215 Da,3107
nesso_a440768618cdc2d1ced0,341.43600000000004,0.6981010621177985,1.14,Emax_ratio,MW ≥215 Da,3107
nesso_ae6df84accb32cdd10d9,328.39700000000005,0.6984229159961377,1.14,Emax_ratio,MW ≥215 Da,3107
nesso_c8dab8b2a1fd4b562452,353.44800000000015,0.698744769874477,1.14,Emax_ratio,MW ≥215 Da,3107
nesso_cf68f33e793e2a9035c7,271.316,0.6990666237528163,1.14,Emax_ratio,MW ≥215 Da,3107
nesso_d455df014a4aa955ed3e,398.4670000000002,0.6993884776311554,1.14,Emax_ratio,MW ≥215 Da,3107
nesso_dc36c8137bca5f53b7e9,284.352,0.6997103315094947,1.14,Emax_ratio,MW ≥215 Da,3107
nesso_e6dbe50d3b0409f94305,390.82300000000015,0.700032185387834,1.14,Emax_ratio,MW ≥215 Da,3107
nesso_e85d140a7c80d9602db3,300.406,0.7003540392661731,1.14,Emax_ratio,MW ≥215 Da,3107
nesso_e867977bf813e18700de,329.318,0.7006758931445124,1.14,Emax_ratio,MW ≥215 Da,3107
nesso_ed7ea82bcb85725a35a7,334.42300000000006,0.7009977470228517,1.14,Emax_ratio,MW ≥215 Da,3107
nesso_4f2d6266dcb7a57a35e2,348.47200000000015,0.7013196009011908,1.145,Emax_ratio,MW ≥215 Da,3107
nesso_0fd6ea916cf6bc4d1b4f,360.4240000000001,0.7016414547795301,1.15,Emax_ratio,MW ≥215 Da,3107
nesso_123e5bd38f076eed05e5,338.4040000000001,0.7019633086578694,1.15,Emax_ratio,MW ≥215 Da,3107
nesso_18d6e988867974e4b5a7,367.4780000000001,0.7022851625362085,1.15,Emax_ratio,MW ≥215 Da,3107
nesso_231b46a43cb7450ea3c8,270.21,0.7026070164145478,1.15,Emax_ratio,MW ≥215 Da,3107
nesso_28ccacfd93cd2d29df94,399.45000000000016,0.702928870292887,1.15,Emax_ratio,MW ≥215 Da,3107
nesso_2bb759ee53d91739a1db,377.4480000000001,0.7032507241712262,1.15,Emax_ratio,MW ≥215 Da,3107
nesso_3bad8ca65bc9e36919f3,291.37600000000003,0.7035725780495655,1.15,Emax_ratio,MW ≥215 Da,3107
nesso_4f87dc054ee1cbfaba5e,368.43300000000005,0.7038944319279047,1.15,Emax_ratio,MW ≥215 Da,3107
nesso_5887d473a498b672b38c,297.39799999999997,0.704216285806244,1.15,Emax_ratio,MW ≥215 Da,3107
nesso_5bb5ff68c630124a7831,346.43,0.7045381396845832,1.15,Emax_ratio,MW ≥215 Da,3107
nesso_65004023f64f8f3f6347,321.3520000000001,0.7048599935629224,1.15,Emax_ratio,MW ≥215 Da,3107
nesso_686ea233b5c44180b81c,376.4160000000001,0.7051818474412617,1.15,Emax_ratio,MW ≥215 Da,3107
nesso_6c2332b47cc902cdf2c8,319.3640000000001,0.7055037013196009,1.15,Emax_ratio,MW ≥215 Da,3107
nesso_6ee786f88012b72464c2,238.71799999999996,0.7058255551979401,1.15,Emax_ratio,MW ≥215 Da,3107
nesso_7422f2d250408fb65a71,347.379,0.7061474090762794,1.15,Emax_ratio,MW ≥215 Da,3107
nesso_76023f237b7cbda8d043,476.6020000000002,0.7064692629546186,1.15,Emax_ratio,MW ≥215 Da,3107
nesso_7807c2bf030d1dc56444,358.26900000000006,0.7067911168329578,1.15,Emax_ratio,MW ≥215 Da,3107
nesso_7a0ef6fc9917934ea07d,334.124,0.7071129707112971,1.15,Emax_ratio,MW ≥215 Da,3107
nesso_7f8c2844e9b966ad4d4d,341.36700000000013,0.7074348245896364,1.15,Emax_ratio,MW ≥215 Da,3107
nesso_923ed243f1d2e53d88cb,301.3940000000001,0.7077566784679755,1.15,Emax_ratio,MW ≥215 Da,3107
nesso_961d1efc07b223a1272f,315.30800000000005,0.7080785323463148,1.15,Emax_ratio,MW ≥215 Da,3107
nesso_a8f3df504fe444d01f81,313.376,0.708400386224654,1.15,Emax_ratio,MW ≥215 Da,3107
nesso_adb1fc0aa8f8cec17778,368.40800000000024,0.7087222401029932,1.15,Emax_ratio,MW ≥215 Da,3107
nesso_afa7a48fbe0490bce24a,349.8620000000001,0.7090440939813325,1.15,Emax_ratio,MW ≥215 Da,3107
nesso_b03985e73d3c1557d6ef,325.41200000000015,0.7093659478596717,1.15,Emax_ratio,MW ≥215 Da,3107
nesso_b40fb1b832aacc2074ea,310.32300000000015,0.7096878017380109,1.15,Emax_ratio,MW ≥215 Da,3107
nesso_bd57b4ef1d9012618d06,357.36,0.7100096556163502,1.15,Emax_ratio,MW ≥215 Da,3107
nesso_c92d7d3e08fa34acc105,297.322,0.7103315094946894,1.15,Emax_ratio,MW ≥215 Da,3107
nesso_e1401a44c6266a28f384,251.72100000000003,0.7106533633730286,1.15,Emax_ratio,MW ≥215 Da,3107
nesso_f003d13ecce2392838dd,373.365,0.7109752172513679,1.15,Emax_ratio,MW ≥215 Da,3107
nesso_f47a7ca3f30282c7dede,271.294,0.7112970711297071,1.15,Emax_ratio,MW ≥215 Da,3107
nesso_1e89fc986f26b3d55fe7,361.4450000000001,0.7116189250080464,1.155,Emax_ratio,MW ≥215 Da,3107
nesso_1ef1b575f3c84fcc9f23,419.3840000000002,0.7119407788863856,1.16,Emax_ratio,MW ≥215 Da,3107
nesso_2878b6e1448d832e5898,434.47700000000015,0.7122626327647248,1.16,Emax_ratio,MW ≥215 Da,3107
nesso_29ce4eb17a5ec2c30f20,348.39900000000017,0.7125844866430641,1.16,Emax_ratio,MW ≥215 Da,3107
nesso_2ae7bc5278929fbfa35c,332.3640000000001,0.7129063405214033,1.16,Emax_ratio,MW ≥215 Da,3107
nesso_32333e01ddab6cf76565,281.286,0.7132281943997425,1.16,Emax_ratio,MW ≥215 Da,3107
nesso_33c73c4c49675c7f768e,346.4080000000002,0.7135500482780818,1.16,Emax_ratio,MW ≥215 Da,3107
nesso_3be3df11aef5e43ec864,253.257,0.7138719021564209,1.16,Emax_ratio,MW ≥215 Da,3107
nesso_4f2b5e7bd386e64498a0,318.39200000000005,0.7141937560347602,1.16,Emax_ratio,MW ≥215 Da,3107
nesso_51c9afe2d7d13a57fe59,365.25200000000007,0.7145156099130995,1.16,Emax_ratio,MW ≥215 Da,3107
nesso_5457515b028b8fb7ab1b,308.37800000000004,0.7148374637914386,1.16,Emax_ratio,MW ≥215 Da,3107
nesso_5ae28118387d92280271,311.3780000000001,0.7151593176697779,1.16,Emax_ratio,MW ≥215 Da,3107
nesso_61264eea38d5827fd50f,270.513,0.7154811715481172,1.16,Emax_ratio,MW ≥215 Da,3107
nesso_69044625a45996e864c2,344.34200000000004,0.7158030254264564,1.16,Emax_ratio,MW ≥215 Da,3107
nesso_72da1b6202700cb38901,268.27299999999997,0.7161248793047956,1.16,Emax_ratio,MW ≥215 Da,3107
nesso_7416eb3d50dd2c1f30bb,355.3600000000002,0.7164467331831349,1.16,Emax_ratio,MW ≥215 Da,3107
nesso_7da566f29f6028383931,316.74800000000005,0.7167685870614741,1.16,Emax_ratio,MW ≥215 Da,3107
nesso_7ea80ce655fe4a7a148c,334.44500000000016,0.7170904409398133,1.16,Emax_ratio,MW ≥215 Da,3107
nesso_a9f4bf6d2ca034cc9c54,358.4860000000002,0.7174122948181526,1.16,Emax_ratio,MW ≥215 Da,3107
nesso_b3fd24796693c6da9d8c,387.27700000000004,0.7177341486964918,1.16,Emax_ratio,MW ≥215 Da,3107
nesso_bc8ef340a65a0a6ababc,368.4590000000002,0.718056002574831,1.16,Emax_ratio,MW ≥215 Da,3107
nesso_c77814085ae26ff515db,336.46100000000007,0.7183778564531703,1.16,Emax_ratio,MW ≥215 Da,3107
nesso_cb7ee4497869735128fb,388.47200000000026,0.7186997103315095,1.16,Emax_ratio,MW ≥215 Da,3107
nesso_ce1ccbf9984e36de5aba,427.41700000000014,0.7190215642098488,1.16,Emax_ratio,MW ≥215 Da,3107
nesso_d2884de65ece05faf896,288.336,0.7193434180881879,1.16,Emax_ratio,MW ≥215 Da,3107
nesso_d51ec5767b9c7ddae710,335.40400000000005,0.7196652719665272,1.16,Emax_ratio,MW ≥215 Da,3107
nesso_e4745b753c73d97b1042,342.3740000000002,0.7199871258448665,1.16,Emax_ratio,MW ≥215 Da,3107
nesso_f00691d521b41c3cc928,320.3140000000001,0.7203089797232056,1.16,Emax_ratio,MW ≥215 Da,3107
nesso_f483d10c08a30d483199,314.4100000000001,0.7206308336015449,1.16,Emax_ratio,MW ≥215 Da,3107
nesso_f81a29011bf4ae20d543,402.5350000000003,0.7209526874798842,1.16,Emax_ratio,MW ≥215 Da,3107
nesso_f4e3552d4609a3004f37,391.46400000000006,0.7212745413582233,1.1695,Emax_ratio,MW ≥215 Da,3107
nesso_0b2db1087188addad570,334.37900000000013,0.7215963952365626,1.17,Emax_ratio,MW ≥215 Da,3107
nesso_1833be115bef6f988933,310.401,0.7219182491149019,1.17,Emax_ratio,MW ≥215 Da,3107
nesso_187f2f161f7070cb6964,262.284,0.722240102993241,1.17,Emax_ratio,MW ≥215 Da,3107
nesso_1981aac7e8ba821e7414,316.321,0.7225619568715803,1.17,Emax_ratio,MW ≥215 Da,3107
nesso_1bbb155fdd653eeae97e,300.3180000000001,0.7228838107499196,1.17,Emax_ratio,MW ≥215 Da,3107
nesso_26cbfb16a9b73eafe047,349.18800000000005,0.7232056646282587,1.17,Emax_ratio,MW ≥215 Da,3107
nesso_3287c2f3cb470949b1d3,402.5420000000002,0.723527518506598,1.17,Emax_ratio,MW ≥215 Da,3107
nesso_4f28ef398be4404d7d84,369.46900000000016,0.7238493723849372,1.17,Emax_ratio,MW ≥215 Da,3107
nesso_500d48409d0c85ccc05c,345.4270000000001,0.7241712262632765,1.17,Emax_ratio,MW ≥215 Da,3107
nesso_6cd470003452f66c649d,326.39599999999996,0.7244930801416157,1.17,Emax_ratio,MW ≥215 Da,3107
nesso_72e485612dbfb230e1d5,329.41800000000006,0.7248149340199549,1.17,Emax_ratio,MW ≥215 Da,3107
nesso_821f795f041328a734cc,376.5010000000002,0.7251367878982942,1.17,Emax_ratio,MW ≥215 Da,3107
nesso_8786101bf6b9030fa01a,349.43400000000014,0.7254586417766334,1.17,Emax_ratio,MW ≥215 Da,3107
nesso_94e3dbcacfe818ee719c,319.3110000000001,0.7257804956549726,1.17,Emax_ratio,MW ≥215 Da,3107
nesso_99fa9465a24a12f58281,329.425,0.7261023495333119,1.17,Emax_ratio,MW ≥215 Da,3107
nesso_9a40afe9cce02f1193e8,300.3620000000001,0.7264242034116511,1.17,Emax_ratio,MW ≥215 Da,3107
nesso_a2fa5460145cd0cb1a62,325.437,0.7267460572899903,1.17,Emax_ratio,MW ≥215 Da,3107
nesso_ada5640494e34d55b626,321.49000000000007,0.7270679111683296,1.17,Emax_ratio,MW ≥215 Da,3107
nesso_adc364d7ffc2935af61a,382.4640000000002,0.7273897650466689,1.17,Emax_ratio,MW ≥215 Da,3107
nesso_b4102501320cfa22c3bc,404.51100000000025,0.727711618925008,1.17,Emax_ratio,MW ≥215 Da,3107
nesso_be1f15ecc5bbd89c363c,312.369,0.7280334728033473,1.17,Emax_ratio,MW ≥215 Da,3107
nesso_ec0c107a0b7387af65c8,312.377,0.7283553266816866,1.17,Emax_ratio,MW ≥215 Da,3107
nesso_ec995e74c074b4c554ab,328.38000000000005,0.7286771805600257,1.17,Emax_ratio,MW ≥215 Da,3107
nesso_fca1bc784db1a8b816f6,384.50500000000005,0.728999034438365,1.17,Emax_ratio,MW ≥215 Da,3107
nesso_fd8f8ccfa1c7f8132165,807.8900000000002,0.7293208883167042,1.17,Emax_ratio,MW ≥215 Da,3107
nesso_fe2e4cc1f91d5b377535,223.247,0.7296427421950434,1.17,Emax_ratio,MW ≥215 Da,3107
nesso_050a9974feb24a028482,337.379,0.7299645960733827,1.18,Emax_ratio,MW ≥215 Da,3107
nesso_076310f4daf95c70946e,297.33299999999997,0.7302864499517219,1.18,Emax_ratio,MW ≥215 Da,3107
nesso_08212e95d277c7bcab8c,321.4860000000001,0.7306083038300611,1.18,Emax_ratio,MW ≥215 Da,3107
nesso_1cdfee7bc963353b4659,365.3930000000001,0.7309301577084004,1.18,Emax_ratio,MW ≥215 Da,3107
nesso_226a68ed465d252d861f,242.702,0.7312520115867396,1.18,Emax_ratio,MW ≥215 Da,3107
nesso_2730f3123439cb9ce852,370.47400000000005,0.7315738654650789,1.18,Emax_ratio,MW ≥215 Da,3107
nesso_2ada23ef21370fbee1df,335.407,0.7318957193434181,1.18,Emax_ratio,MW ≥215 Da,3107
nesso_2ea2c1d18be856f7cf7e,341.43300000000005,0.7322175732217573,1.18,Emax_ratio,MW ≥215 Da,3107
nesso_36d5581ea14f8ce3f35e,285.322,0.7325394271000966,1.18,Emax_ratio,MW ≥215 Da,3107
nesso_3840ff522a71aa25a2e0,434.8810000000002,0.7328612809784358,1.18,Emax_ratio,MW ≥215 Da,3107
nesso_43fce8beb3361ca2f930,306.39099999999996,0.733183134856775,1.18,Emax_ratio,MW ≥215 Da,3107
nesso_5ddbb2bf7a36b0294a07,375.21500000000003,0.7335049887351143,1.18,Emax_ratio,MW ≥215 Da,3107
nesso_64b1a6312871c98dba69,280.37100000000004,0.7338268426134535,1.18,Emax_ratio,MW ≥215 Da,3107
nesso_6fad9d532f195b43880e,349.4120000000002,0.7341486964917927,1.18,Emax_ratio,MW ≥215 Da,3107
nesso_7e19bcd3c880e0e2343e,329.4040000000001,0.734470550370132,1.18,Emax_ratio,MW ≥215 Da,3107
nesso_8472098fb9d58438b40c,276.315,0.7347924042484711,1.18,Emax_ratio,MW ≥215 Da,3107
nesso_90a316955dd2236da7ed,315.67799999999994,0.7351142581268104,1.18,Emax_ratio,MW ≥215 Da,3107
nesso_9516fb2af51ed499090e,357.479,0.7354361120051497,1.18,Emax_ratio,MW ≥215 Da,3107
nesso_96aa7c918677a1bafdda,346.41200000000015,0.7357579658834889,1.18,Emax_ratio,MW ≥215 Da,3107
nesso_987c1c8f16ac92420633,340.423,0.7360798197618281,1.18,Emax_ratio,MW ≥215 Da,3107
nesso_9d480d9f42e6e47cfe48,348.42400000000004,0.7364016736401674,1.18,Emax_ratio,MW ≥215 Da,3107
nesso_9fa694ac05d01dc4e697,466.5590000000002,0.7367235275185066,1.18,Emax_ratio,MW ≥215 Da,3107
nesso_a8a404d413db6b221614,356.3820000000002,0.7370453813968458,1.18,Emax_ratio,MW ≥215 Da,3107
nesso_ad5a8ccc251dd2907b53,374.4660000000001,0.7373672352751851,1.18,Emax_ratio,MW ≥215 Da,3107
nesso_bd1b1b6528da42070d9a,223.22799999999998,0.7376890891535243,1.18,Emax_ratio,MW ≥215 Da,3107
nesso_d08ce2a53e2cc591c200,258.05999999999995,0.7380109430318635,1.18,Emax_ratio,MW ≥215 Da,3107
nesso_e7996985e152846ee412,323.377,0.7383327969102028,1.18,Emax_ratio,MW ≥215 Da,3107
nesso_fc5d1395d23ba19fd8ca,301.4150000000002,0.738654650788542,1.18,Emax_ratio,MW ≥215 Da,3107
nesso_0d387037591ae00e8c02,240.33100000000002,0.7389765046668813,1.19,Emax_ratio,MW ≥215 Da,3107
nesso_1d6594c84c2813c83ece,373.4300000000001,0.7392983585452205,1.19,Emax_ratio,MW ≥215 Da,3107
nesso_1fced130380a6171caf5,319.88000000000005,0.7396202124235597,1.19,Emax_ratio,MW ≥215 Da,3107
nesso_375bc13c886d1e3aa53a,437.58400000000023,0.739942066301899,1.19,Emax_ratio,MW ≥215 Da,3107
nesso_46645980dc258a9f37aa,303.3580000000001,0.7402639201802381,1.19,Emax_ratio,MW ≥215 Da,3107
nesso_48d58aeecf5678aea648,333.3910000000001,0.7405857740585774,1.19,Emax_ratio,MW ≥215 Da,3107
nesso_48f70d81063db7d35b22,331.4160000000001,0.7409076279369167,1.19,Emax_ratio,MW ≥215 Da,3107
nesso_52b4a09f66a18d62163e,325.41200000000003,0.7412294818152558,1.19,Emax_ratio,MW ≥215 Da,3107
nesso_6572fe15cf2ff334d8af,332.4440000000001,0.7415513356935951,1.19,Emax_ratio,MW ≥215 Da,3107
nesso_67928ead5a14b847645b,356.3860000000001,0.7418731895719344,1.19,Emax_ratio,MW ≥215 Da,3107
nesso_683916568645bdfbf007,286.29100000000005,0.7421950434502735,1.19,Emax_ratio,MW ≥215 Da,3107
nesso_74827ecb50e0da977f69,442.54100000000034,0.7425168973286128,1.19,Emax_ratio,MW ≥215 Da,3107
nesso_76973267332c6b6f0dc3,402.45400000000006,0.7428387512069521,1.19,Emax_ratio,MW ≥215 Da,3107
nesso_9152ca0dbc345ead0bfb,349.2280000000002,0.7431606050852912,1.19,Emax_ratio,MW ≥215 Da,3107
nesso_93752e314e066bf848e2,373.45700000000016,0.7434824589636305,1.19,Emax_ratio,MW ≥215 Da,3107
nesso_97a7c51e8e328112f4cd,332.40400000000017,0.7438043128419698,1.19,Emax_ratio,MW ≥215 Da,3107
nesso_9b3f5d5a94c39efb6ebf,381.45100000000014,0.744126166720309,1.19,Emax_ratio,MW ≥215 Da,3107
nesso_aee153f597d2ccbf51be,249.40099999999995,0.7444480205986482,1.19,Emax_ratio,MW ≥215 Da,3107
nesso_b3e25170f341182a42bd,323.37800000000004,0.7447698744769874,1.19,Emax_ratio,MW ≥215 Da,3107
nesso_c6b5bac3d1eecbade2cf,350.44000000000005,0.7450917283553267,1.19,Emax_ratio,MW ≥215 Da,3107
nesso_cde28a27bbd8ec8b9bf8,364.42700000000013,0.7454135822336659,1.19,Emax_ratio,MW ≥215 Da,3107
nesso_d55560b31bf2b7c0e119,272.087,0.7457354361120051,1.19,Emax_ratio,MW ≥215 Da,3107
nesso_f597382736365cfb60fe,373.49700000000024,0.7460572899903444,1.19,Emax_ratio,MW ≥215 Da,3107
nesso_f6c38c2b42a8ca0219e0,361.19200000000006,0.7463791438686836,1.19,Emax_ratio,MW ≥215 Da,3107
nesso_f8638837965ef985c9b6,470.3230000000001,0.7467009977470228,1.19,Emax_ratio,MW ≥215 Da,3107
nesso_01d2efbfa0009bd4b228,369.4290000000001,0.7470228516253621,1.2,Emax_ratio,MW ≥215 Da,3107
nesso_0e04aca66f4acef0478b,296.33000000000004,0.7473447055037014,1.2,Emax_ratio,MW ≥215 Da,3107
nesso_19ed99e13c2c21623ae2,376.4240000000001,0.7476665593820405,1.2,Emax_ratio,MW ≥215 Da,3107
nesso_237acec0863c39e6c01d,329.78700000000015,0.7479884132603798,1.2,Emax_ratio,MW ≥215 Da,3107
nesso_28dbdb4674859c13c378,510.8280000000005,0.7483102671387191,1.2,Emax_ratio,MW ≥215 Da,3107
nesso_2a4012ddbdd5b9bb7b5c,363.4130000000001,0.7486321210170582,1.2,Emax_ratio,MW ≥215 Da,3107
nesso_2bae5d8625e8e1c7f4da,264.39799999999997,0.7489539748953975,1.2,Emax_ratio,MW ≥215 Da,3107
nesso_37425d40ea4229ae34c3,341.375,0.7492758287737368,1.2,Emax_ratio,MW ≥215 Da,3107
nesso_39bf6dcf79fb083da9cd,260.29699999999997,0.7495976826520759,1.2,Emax_ratio,MW ≥215 Da,3107
nesso_3e71e028f07c9d94a0b6,328.45900000000006,0.7499195365304152,1.2,Emax_ratio,MW ≥215 Da,3107
nesso_3fe28e8e4afc6706873e,350.465,0.7502413904087544,1.2,Emax_ratio,MW ≥215 Da,3107
nesso_4382d0a5d90426be16b4,351.41400000000004,0.7505632442870936,1.2,Emax_ratio,MW ≥215 Da,3107
nesso_472a5a0b7bd15868d215,416.6460000000003,0.7508850981654329,1.2,Emax_ratio,MW ≥215 Da,3107
nesso_50cb7a811b090127cb7a,317.42900000000014,0.7512069520437721,1.2,Emax_ratio,MW ≥215 Da,3107
nesso_5bdba85f2a47e8487c8a,233.24499999999998,0.7515288059221114,1.2,Emax_ratio,MW ≥215 Da,3107
nesso_5ef5fef234fae98d5d5f,296.5520000000001,0.7518506598004506,1.2,Emax_ratio,MW ≥215 Da,3107
nesso_7e446aeec9ed9314f498,471.52100000000024,0.7521725136787898,1.2,Emax_ratio,MW ≥215 Da,3107
nesso_8600a4f9d23b36106aa8,376.3730000000003,0.7524943675571291,1.2,Emax_ratio,MW ≥215 Da,3107
nesso_87c9efe90d05b76fb44d,324.3660000000001,0.7528162214354683,1.2,Emax_ratio,MW ≥215 Da,3107
nesso_990512985c34a89051ab,409.5550000000003,0.7531380753138075,1.2,Emax_ratio,MW ≥215 Da,3107
nesso_a0fed1dee1cc886b4e27,290.32300000000004,0.7534599291921468,1.2,Emax_ratio,MW ≥215 Da,3107
nesso_a738e48151ca8e60524e,377.4920000000001,0.753781783070486,1.2,Emax_ratio,MW ≥215 Da,3107
nesso_aabbba4e584c8f6deb6b,397.4020000000001,0.7541036369488252,1.2,Emax_ratio,MW ≥215 Da,3107
nesso_b16eb03665155b30b63d,310.40100000000007,0.7544254908271645,1.2,Emax_ratio,MW ≥215 Da,3107
nesso_bb5db0caf8d5497a2529,347.44300000000015,0.7547473447055038,1.2,Emax_ratio,MW ≥215 Da,3107
nesso_d1be3750c6b50b8efe41,367.38400000000007,0.7550691985838429,1.2,Emax_ratio,MW ≥215 Da,3107
nesso_d53af22ef5207ba5a40a,349.43800000000005,0.7553910524621822,1.2,Emax_ratio,MW ≥215 Da,3107
nesso_dd2506112315ef29ea52,233.267,0.7557129063405214,1.2,Emax_ratio,MW ≥215 Da,3107
nesso_f021574fdce53a66e492,359.3850000000001,0.7560347602188606,1.2,Emax_ratio,MW ≥215 Da,3107
nesso_282b2d3d0adca28b232d,331.44100000000026,0.7563566140971999,1.21,Emax_ratio,MW ≥215 Da,3107
nesso_2ee6e75294d35fec41ae,358.3980000000001,0.7566784679755391,1.21,Emax_ratio,MW ≥215 Da,3107
nesso_3291b8fa4701d729481d,334.3800000000001,0.7570003218538783,1.21,Emax_ratio,MW ≥215 Da,3107
nesso_34645a3b715713be5d8f,398.48200000000014,0.7573221757322176,1.21,Emax_ratio,MW ≥215 Da,3107
nesso_3b36482de69b314cd74b,351.4090000000001,0.7576440296105568,1.21,Emax_ratio,MW ≥215 Da,3107
nesso_3e2ddef52025f1dfea2e,431.254,0.757965883488896,1.21,Emax_ratio,MW ≥215 Da,3107
nesso_49189c2842a015c86ce3,392.4990000000001,0.7582877373672353,1.21,Emax_ratio,MW ≥215 Da,3107
nesso_5111783da88bfe1337b2,383.47700000000015,0.7586095912455745,1.21,Emax_ratio,MW ≥215 Da,3107
nesso_619d80dc469a385b49e3,256.257,0.7589314451239138,1.21,Emax_ratio,MW ≥215 Da,3107
nesso_6361e8e7a85330374f3e,326.4680000000001,0.759253299002253,1.21,Emax_ratio,MW ≥215 Da,3107
nesso_64885429dd9023480a43,247.68099999999998,0.7595751528805922,1.21,Emax_ratio,MW ≥215 Da,3107
nesso_6ce1ba9ed5314a09a16e,347.224,0.7598970067589315,1.21,Emax_ratio,MW ≥215 Da,3107
nesso_70a6bd68ec574054929a,262.22099999999995,0.7602188606372707,1.21,Emax_ratio,MW ≥215 Da,3107
nesso_7460e5c6ed271a8aecec,377.44400000000013,0.7605407145156099,1.21,Emax_ratio,MW ≥215 Da,3107
nesso_8188476064942f244925,305.35900000000015,0.7608625683939492,1.21,Emax_ratio,MW ≥215 Da,3107
nesso_848daa3ebcaf19ec160e,308.403,0.7611844222722883,1.21,Emax_ratio,MW ≥215 Da,3107
nesso_870a4e40de0cde576389,311.42900000000003,0.7615062761506276,1.21,Emax_ratio,MW ≥215 Da,3107
nesso_91bf72af75f9c47eee95,363.77600000000007,0.7618281300289669,1.21,Emax_ratio,MW ≥215 Da,3107
nesso_9230969a695df1f787f3,290.367,0.762149983907306,1.21,Emax_ratio,MW ≥215 Da,3107
nesso_9b67b0972cfbeb010b6e,356.42900000000003,0.7624718377856453,1.21,Emax_ratio,MW ≥215 Da,3107
nesso_afb9184c6875164d53a6,305.502,0.7627936916639846,1.21,Emax_ratio,MW ≥215 Da,3107
nesso_b5a1c434a347c25caff0,343.3790000000001,0.7631155455423237,1.21,Emax_ratio,MW ≥215 Da,3107
nesso_b70b3c6d889496a88223,482.82100000000014,0.763437399420663,1.21,Emax_ratio,MW ≥215 Da,3107
nesso_e3fea77cb318c6379003,230.26699999999997,0.7637592532990023,1.21,Emax_ratio,MW ≥215 Da,3107
nesso_e4bd8fab427a0785b253,273.1889999999999,0.7640811071773415,1.21,Emax_ratio,MW ≥215 Da,3107
nesso_e55e150d3ba13265ea20,356.42200000000025,0.7644029610556807,1.21,Emax_ratio,MW ≥215 Da,3107
nesso_eb9788fc03eb1abc2fb9,350.28100000000006,0.76472481493402,1.21,Emax_ratio,MW ≥215 Da,3107
nesso_edcbdecd0a89dce3561e,285.235,0.7650466688123592,1.21,Emax_ratio,MW ≥215 Da,3107
nesso_f0f8a0e28d0c24ccd203,295.298,0.7653685226906984,1.21,Emax_ratio,MW ≥215 Da,3107
nesso_f1e271982145a228d441,379.38000000000017,0.7656903765690377,1.21,Emax_ratio,MW ≥215 Da,3107
nesso_f5ae25877b8f93654c34,338.444,0.7660122304473769,1.21,Emax_ratio,MW ≥215 Da,3107
nesso_f82b018ca1f944c0cd9c,335.354,0.7663340843257161,1.21,Emax_ratio,MW ≥215 Da,3107
nesso_16546b4497b245d4682a,302.37400000000014,0.7666559382040553,1.22,Emax_ratio,MW ≥215 Da,3107
nesso_1b39b9d1f7c63592da8e,357.435,0.7669777920823946,1.22,Emax_ratio,MW ≥215 Da,3107
nesso_1cdc8a4bf568fd6f1423,352.45,0.7672996459607339,1.22,Emax_ratio,MW ≥215 Da,3107
nesso_2308c53285c06d70bea4,249.096,0.767621499839073,1.22,Emax_ratio,MW ≥215 Da,3107
nesso_25a8c93ac041c3085e9a,347.41800000000006,0.7679433537174123,1.22,Emax_ratio,MW ≥215 Da,3107
nesso_3557c5de590de745f3a1,288.43500000000006,0.7682652075957516,1.22,Emax_ratio,MW ≥215 Da,3107
nesso_4470b61f865226e8068d,429.54900000000015,0.7685870614740907,1.22,Emax_ratio,MW ≥215 Da,3107
nesso_44b3a8d5f9a4225be819,225.29400000000004,0.76890891535243,1.22,Emax_ratio,MW ≥215 Da,3107
nesso_486960d64bc1ac0251c3,310.39700000000005,0.7692307692307693,1.22,Emax_ratio,MW ≥215 Da,3107
nesso_5117f914b0f154f70dde,386.2820000000002,0.7695526231091084,1.22,Emax_ratio,MW ≥215 Da,3107
nesso_54379f9fcd385a94b1ea,337.4450000000002,0.7698744769874477,1.22,Emax_ratio,MW ≥215 Da,3107
nesso_63ba829bd7f861380f3f,307.31499999999994,0.770196330865787,1.22,Emax_ratio,MW ≥215 Da,3107
nesso_65d41c86f9528ce7021a,446.5110000000001,0.7705181847441261,1.22,Emax_ratio,MW ≥215 Da,3107
nesso_665aaa42597322406a0d,392.4090000000001,0.7708400386224654,1.22,Emax_ratio,MW ≥215 Da,3107
nesso_677886513ad85b75082d,381.4510000000002,0.7711618925008046,1.22,Emax_ratio,MW ≥215 Da,3107
nesso_722bc217f87769b8329e,377.42500000000007,0.7714837463791439,1.22,Emax_ratio,MW ≥215 Da,3107
nesso_81636b3af7cea50abfd2,355.22499999999997,0.7718056002574831,1.22,Emax_ratio,MW ≥215 Da,3107
nesso_9d71ebf20ba255fbfb63,318.37700000000007,0.7721274541358223,1.22,Emax_ratio,MW ≥215 Da,3107
nesso_a3c8f3b9773bc351e5c7,385.46400000000017,0.7724493080141616,1.22,Emax_ratio,MW ≥215 Da,3107
nesso_a435f5e753011ef5c53e,343.4530000000001,0.7727711618925008,1.22,Emax_ratio,MW ≥215 Da,3107
nesso_aac1f8e5ef4b83abc62a,364.36500000000007,0.77309301577084,1.22,Emax_ratio,MW ≥215 Da,3107
nesso_ae8b9c391fa0b7e2bd0d,558.5950000000003,0.7734148696491793,1.22,Emax_ratio,MW ≥215 Da,3107
nesso_bd05517bbad2deff96f1,357.8410000000001,0.7737367235275185,1.22,Emax_ratio,MW ≥215 Da,3107
nesso_cde111d250385f2bae63,396.46800000000013,0.7740585774058577,1.22,Emax_ratio,MW ≥215 Da,3107
nesso_d2c455a62928b6786d21,602.5850000000002,0.774380431284197,1.22,Emax_ratio,MW ≥215 Da,3107
nesso_d2d1fa3effa1a0e66863,613.9150000000002,0.7747022851625363,1.22,Emax_ratio,MW ≥215 Da,3107
nesso_ecb49e91926a954359d0,231.045,0.7750241390408754,1.22,Emax_ratio,MW ≥215 Da,3107
nesso_ecd7b72ade134daf410c,337.3830000000001,0.7753459929192147,1.22,Emax_ratio,MW ≥215 Da,3107
nesso_1b02593f9f1638c98bd8,288.43500000000006,0.775667846797554,1.23,Emax_ratio,MW ≥215 Da,3107
nesso_2c9f09855a935cef8484,428.3220000000001,0.7759897006758931,1.23,Emax_ratio,MW ≥215 Da,3107
nesso_31a054a3319645637763,394.25400000000013,0.7763115545542324,1.23,Emax_ratio,MW ≥215 Da,3107
nesso_32a097b9d454b149c546,381.4760000000001,0.7766334084325716,1.23,Emax_ratio,MW ≥215 Da,3107
nesso_355b5a63f355967c9f8f,371.4590000000001,0.7769552623109108,1.23,Emax_ratio,MW ≥215 Da,3107
nesso_37cca67c2972da91c61c,357.374,0.7772771161892501,1.23,Emax_ratio,MW ≥215 Da,3107
nesso_3b9b7dff6782642a49dc,363.5270000000001,0.7775989700675893,1.23,Emax_ratio,MW ≥215 Da,3107
nesso_3d37aae2bcaf7caee3f7,318.3730000000001,0.7779208239459285,1.23,Emax_ratio,MW ≥215 Da,3107
nesso_4288782b2da213892649,387.2770000000001,0.7782426778242678,1.23,Emax_ratio,MW ≥215 Da,3107
nesso_4cacb39be298ae9e409d,317.42900000000003,0.778564531702607,1.23,Emax_ratio,MW ≥215 Da,3107
nesso_4f3c9de93c24f3513269,374.91200000000015,0.7788863855809462,1.23,Emax_ratio,MW ≥215 Da,3107
nesso_50c62ddbd4897f7edff9,353.3810000000001,0.7792082394592855,1.23,Emax_ratio,MW ≥215 Da,3107
nesso_6f5eae0300dc13b2036a,255.28000000000003,0.7795300933376247,1.23,Emax_ratio,MW ≥215 Da,3107
nesso_7a57fc72549f1aca2344,248.019,0.779851947215964,1.23,Emax_ratio,MW ≥215 Da,3107
nesso_7d3cc60b499eb1d3bbf6,466.5630000000002,0.7801738010943032,1.23,Emax_ratio,MW ≥215 Da,3107
nesso_84330e6e38b0fc43bdd1,318.76400000000007,0.7804956549726424,1.23,Emax_ratio,MW ≥215 Da,3107
nesso_97e209fe05666ea366a1,335.01700000000005,0.7808175088509817,1.23,Emax_ratio,MW ≥215 Da,3107
nesso_9fdc890972c4e6330b03,282.4679999999999,0.7811393627293209,1.23,Emax_ratio,MW ≥215 Da,3107
nesso_a8416bbc75f9949594f4,364.47400000000005,0.7814612166076601,1.23,Emax_ratio,MW ≥215 Da,3107
nesso_b2db337ec8342b8edf85,248.23799999999991,0.7817830704859994,1.23,Emax_ratio,MW ≥215 Da,3107
nesso_bd27c852e36fc45f49d7,320.336,0.7821049243643385,1.23,Emax_ratio,MW ≥215 Da,3107
nesso_be3daea1a7c054eefbf1,426.8600000000003,0.7824267782426778,1.23,Emax_ratio,MW ≥215 Da,3107
nesso_bef7902b99d779094fd3,286.29100000000005,0.7827486321210171,1.23,Emax_ratio,MW ≥215 Da,3107
nesso_c8a716fcd07e9462fa86,308.34099999999995,0.7830704859993562,1.23,Emax_ratio,MW ≥215 Da,3107
nesso_c9058d3d08f81e50bedd,252.22599999999994,0.7833923398776955,1.23,Emax_ratio,MW ≥215 Da,3107
nesso_d244255e579d5980786c,345.48700000000025,0.7837141937560348,1.23,Emax_ratio,MW ≥215 Da,3107
nesso_d8af0642aa32ed64ce86,265.33799999999997,0.784036047634374,1.23,Emax_ratio,MW ≥215 Da,3107
nesso_daa8c4ba1191195283f2,378.4310000000001,0.7843579015127132,1.23,Emax_ratio,MW ≥215 Da,3107
nesso_fc2501584220d21c8f45,262.26499999999993,0.7846797553910525,1.23,Emax_ratio,MW ≥215 Da,3107
nesso_3369c375d109e075bd2f,356.386,0.7850016092693917,1.24,Emax_ratio,MW ≥215 Da,3107
nesso_3caf274470d411f5a66f,272.30800000000005,0.7853234631477309,1.24,Emax_ratio,MW ≥215 Da,3107
nesso_3e46b8f14791d05879ca,295.346,0.7856453170260702,1.24,Emax_ratio,MW ≥215 Da,3107
nesso_41db17debc26f60f92d6,317.344,0.7859671709044094,1.24,Emax_ratio,MW ≥215 Da,3107
nesso_4861b824e52f08c0f72a,347.4150000000001,0.7862890247827486,1.24,Emax_ratio,MW ≥215 Da,3107
nesso_5018012aedc10c2b651f,254.285,0.7866108786610879,1.24,Emax_ratio,MW ≥215 Da,3107
nesso_583f545482f120064403,387.4550000000001,0.7869327325394271,1.24,Emax_ratio,MW ≥215 Da,3107
nesso_59e35e049f2264f1115c,335.4070000000001,0.7872545864177664,1.24,Emax_ratio,MW ≥215 Da,3107
nesso_6c514a80a8a2f3cbb3bb,216.68900000000002,0.7875764402961055,1.24,Emax_ratio,MW ≥215 Da,3107
nesso_814b78ee66bb1a0667e0,370.83600000000007,0.7878982941744448,1.24,Emax_ratio,MW ≥215 Da,3107
nesso_896cf0d6501b86166abf,256.132,0.7882201480527841,1.24,Emax_ratio,MW ≥215 Da,3107
nesso_8d2f4e972bca3d518c53,332.40400000000005,0.7885420019311232,1.24,Emax_ratio,MW ≥215 Da,3107
nesso_9385f46c94efa35fda23,340.37,0.7888638558094625,1.24,Emax_ratio,MW ≥215 Da,3107
nesso_985e660e23993d69a850,342.37000000000006,0.7891857096878018,1.24,Emax_ratio,MW ≥215 Da,3107
nesso_990e2bcf41cdebf608ac,349.41200000000015,0.7895075635661409,1.24,Emax_ratio,MW ≥215 Da,3107
nesso_9b6fb8ae60c1f19f0b49,277.40799999999996,0.7898294174444802,1.24,Emax_ratio,MW ≥215 Da,3107
nesso_9bd96d5f7c89a626648d,227.17199999999997,0.7901512713228195,1.24,Emax_ratio,MW ≥215 Da,3107
nesso_9f69b7121e7e8c7042be,346.4340000000001,0.7904731252011586,1.24,Emax_ratio,MW ≥215 Da,3107
nesso_a187eebfd25e82ab2a99,357.8410000000001,0.7907949790794979,1.24,Emax_ratio,MW ≥215 Da,3107
nesso_a9c6d47a58486fbf7ef6,350.42199999999997,0.7911168329578372,1.24,Emax_ratio,MW ≥215 Da,3107
nesso_afc1062001b6ffc8176e,367.44900000000007,0.7914386868361764,1.24,Emax_ratio,MW ≥215 Da,3107
nesso_b058ef48ec06bfc47fa9,333.38800000000003,0.7917605407145156,1.24,Emax_ratio,MW ≥215 Da,3107
nesso_bd8e8733af69f740f6f3,424.4690000000001,0.7920823945928549,1.24,Emax_ratio,MW ≥215 Da,3107
nesso_c6ef407d77c111eb0125,286.40000000000003,0.7924042484711941,1.24,Emax_ratio,MW ≥215 Da,3107
nesso_cc59bd3fac48a94ceeb1,338.24900000000025,0.7927261023495333,1.24,Emax_ratio,MW ≥215 Da,3107
nesso_e155da2f46a848505fa2,420.29400000000004,0.7930479562278725,1.24,Emax_ratio,MW ≥215 Da,3107
nesso_ec2a9aea4207929d7214,335.3789999999999,0.7933698101062118,1.24,Emax_ratio,MW ≥215 Da,3107
nesso_edf170aaacdb04cd9d33,369.3310000000001,0.793691663984551,1.24,Emax_ratio,MW ≥215 Da,3107
nesso_f4079ee4076fdd422a94,280.368,0.7940135178628902,1.24,Emax_ratio,MW ≥215 Da,3107
nesso_f9c40d795351a74446f5,251.07899999999998,0.7943353717412295,1.24,Emax_ratio,MW ≥215 Da,3107
nesso_17845cc5730252940768,350.20900000000006,0.7946572256195688,1.25,Emax_ratio,MW ≥215 Da,3107
nesso_333c4f0ee0b4e3dbcc76,251.32899999999995,0.7949790794979079,1.25,Emax_ratio,MW ≥215 Da,3107
nesso_66746e21d7fdb2f6447e,467.5330000000002,0.7953009333762472,1.25,Emax_ratio,MW ≥215 Da,3107
nesso_73a1e21ab571a11b9b5b,347.41500000000013,0.7956227872545865,1.25,Emax_ratio,MW ≥215 Da,3107
nesso_7d58af9dea50f453d865,258.2199999999999,0.7959446411329256,1.25,Emax_ratio,MW ≥215 Da,3107
nesso_7e085109e64b9326a41b,216.68900000000002,0.7962664950112649,1.25,Emax_ratio,MW ≥215 Da,3107
nesso_7e5ae97e5833a30d8a5a,281.308,0.7965883488896042,1.25,Emax_ratio,MW ≥215 Da,3107
nesso_7f31a2e2d669c15b583a,259.357,0.7969102027679433,1.25,Emax_ratio,MW ≥215 Da,3107
nesso_9c0d4dcb66afee9fc670,323.13199999999995,0.7972320566462826,1.25,Emax_ratio,MW ≥215 Da,3107
nesso_b8be9d00b56332708386,328.45600000000013,0.7975539105246218,1.25,Emax_ratio,MW ≥215 Da,3107
nesso_ba2d9c04a1d48d65dfdd,319.792,0.797875764402961,1.25,Emax_ratio,MW ≥215 Da,3107
nesso_c0db07f888b42bd6df6b,320.38900000000007,0.7981976182813003,1.25,Emax_ratio,MW ≥215 Da,3107
nesso_e7953eeeb168bf4e4523,295.914,0.7985194721596395,1.25,Emax_ratio,MW ≥215 Da,3107
nesso_f2449b50334aafe506c6,341.79100000000005,0.7988413260379787,1.25,Emax_ratio,MW ≥215 Da,3107
nesso_f8b0b637a4cf22d5f283,231.045,0.799163179916318,1.25,Emax_ratio,MW ≥215 Da,3107
nesso_f99cb62860a4576f9af9,393.4430000000002,0.7994850337946572,1.25,Emax_ratio,MW ≥215 Da,3107
nesso_004fa1ed5b05a82c5fe2,437.5400000000003,0.7998068876729965,1.26,Emax_ratio,MW ≥215 Da,3107
nesso_02515970249133cc7bb7,314.42900000000014,0.8001287415513357,1.26,Emax_ratio,MW ≥215 Da,3107
nesso_04646ee5e59068fb95de,369.4210000000001,0.8004505954296749,1.26,Emax_ratio,MW ≥215 Da,3107
nesso_0e4807595256e2b90de3,434.50300000000016,0.8007724493080142,1.26,Emax_ratio,MW ≥215 Da,3107
nesso_109cdafac94f7431c1a2,337.423,0.8010943031863534,1.26,Emax_ratio,MW ≥215 Da,3107
nesso_261b6c4fac0a966dcab9,244.31500000000003,0.8014161570646926,1.26,Emax_ratio,MW ≥215 Da,3107
nesso_35292f5a785527d33b74,368.8420000000001,0.8017380109430319,1.26,Emax_ratio,MW ≥215 Da,3107
nesso_38f7df91df2f8be07f5b,256.4299999999999,0.8020598648213711,1.26,Emax_ratio,MW ≥215 Da,3107
nesso_6271d1ac420a2229791e,349.4340000000001,0.8023817186997103,1.26,Emax_ratio,MW ≥215 Da,3107
nesso_6d865103369cf00df16c,226.275,0.8027035725780496,1.26,Emax_ratio,MW ≥215 Da,3107
nesso_76d3ddd2abb2806ffc87,304.4150000000001,0.8030254264563887,1.26,Emax_ratio,MW ≥215 Da,3107
nesso_7d64e2e631ac50069c46,382.89100000000025,0.803347280334728,1.26,Emax_ratio,MW ≥215 Da,3107
nesso_7db7f8f5e5a79d8c3e80,310.4009999999999,0.8036691342130673,1.26,Emax_ratio,MW ≥215 Da,3107
nesso_8a8ca39f4dc8acc159f3,283.31,0.8039909880914065,1.26,Emax_ratio,MW ≥215 Da,3107
nesso_9c4ba5f6d5569a505d96,347.46200000000005,0.8043128419697457,1.26,Emax_ratio,MW ≥215 Da,3107
nesso_a48fc07708634f459836,326.3270000000001,0.804634695848085,1.26,Emax_ratio,MW ≥215 Da,3107
nesso_b8a8b861b6073539df72,369.29200000000003,0.8049565497264242,1.26,Emax_ratio,MW ≥215 Da,3107
nesso_c2fc4aeb1063804ad129,249.30999999999997,0.8052784036047634,1.26,Emax_ratio,MW ≥215 Da,3107
nesso_cc87c53c453d4397c1e5,356.44700000000006,0.8056002574831027,1.26,Emax_ratio,MW ≥215 Da,3107
nesso_ccf2bc3d5064c4b348e7,359.45100000000014,0.8059221113614419,1.26,Emax_ratio,MW ≥215 Da,3107
nesso_d258e7ccbcd9084808e5,345.48300000000023,0.8062439652397811,1.26,Emax_ratio,MW ≥215 Da,3107
nesso_d760e8e0f80dd054ea47,359.4950000000002,0.8065658191181204,1.26,Emax_ratio,MW ≥215 Da,3107
nesso_daa04a93339bb28a2672,240.25799999999998,0.8068876729964596,1.26,Emax_ratio,MW ≥215 Da,3107
nesso_e352334ae51ec5ffdffb,367.4530000000002,0.8072095268747989,1.26,Emax_ratio,MW ≥215 Da,3107
nesso_e6f31141dfaa2dc170b5,336.4390000000001,0.8075313807531381,1.26,Emax_ratio,MW ≥215 Da,3107
nesso_593136c3399db719c538,372.55600000000015,0.8078532346314773,1.265,Emax_ratio,MW ≥215 Da,3107
nesso_00886301e66a6b65117c,383.45600000000013,0.8081750885098166,1.27,Emax_ratio,MW ≥215 Da,3107
nesso_053accecde5f2d9ab867,293.40700000000004,0.8084969423881557,1.27,Emax_ratio,MW ≥215 Da,3107
nesso_1f2662862dfcd9df467b,449.92400000000004,0.808818796266495,1.27,Emax_ratio,MW ≥215 Da,3107
nesso_2552f60f05f8e7d4bc90,296.41799999999995,0.8091406501448343,1.27,Emax_ratio,MW ≥215 Da,3107
nesso_2875eb66b42a217c45bf,345.324,0.8094625040231734,1.27,Emax_ratio,MW ≥215 Da,3107
nesso_457446b807da36762803,370.4050000000001,0.8097843579015127,1.27,Emax_ratio,MW ≥215 Da,3107
nesso_578bae1dddca7552e258,352.14400000000006,0.810106211779852,1.27,Emax_ratio,MW ≥215 Da,3107
nesso_63460585a6071bf9f5f1,407.86100000000016,0.8104280656581911,1.27,Emax_ratio,MW ≥215 Da,3107
nesso_7ca9d180784cba8ffa11,354.40600000000006,0.8107499195365304,1.27,Emax_ratio,MW ≥215 Da,3107
nesso_ab945275d6c4dff6ef6b,342.3950000000001,0.8110717734148697,1.27,Emax_ratio,MW ≥215 Da,3107
nesso_d77c9bdd67960b821af0,388.45800000000014,0.8113936272932089,1.27,Emax_ratio,MW ≥215 Da,3107
nesso_e0aa531b8f8d7e0cdb09,321.3800000000001,0.8117154811715481,1.27,Emax_ratio,MW ≥215 Da,3107
nesso_ec70171bcd5f9b55f625,369.7990000000001,0.8120373350498874,1.27,Emax_ratio,MW ≥215 Da,3107
nesso_fa83c2e091ebd947907f,390.3960000000002,0.8123591889282266,1.27,Emax_ratio,MW ≥215 Da,3107
nesso_06938e368952147e38e8,253.71,0.8126810428065658,1.28,Emax_ratio,MW ≥215 Da,3107
nesso_0ac5b9249cda5d8b8b27,356.78400000000005,0.8130028966849051,1.28,Emax_ratio,MW ≥215 Da,3107
nesso_350bc4899aef08083d40,325.32800000000003,0.8133247505632443,1.28,Emax_ratio,MW ≥215 Da,3107
nesso_70e5ea4a09ec259ae260,290.75,0.8136466044415835,1.28,Emax_ratio,MW ≥215 Da,3107
nesso_7153181d5f67f0fda643,597.664,0.8139684583199227,1.28,Emax_ratio,MW ≥215 Da,3107
nesso_8fde60171ff2806f889d,365.39400000000006,0.814290312198262,1.28,Emax_ratio,MW ≥215 Da,3107
nesso_90d5ce9b7c000b073e9c,283.33099999999996,0.8146121660766013,1.28,Emax_ratio,MW ≥215 Da,3107
nesso_a0793548cafb3829f53c,392.434,0.8149340199549404,1.28,Emax_ratio,MW ≥215 Da,3107
nesso_b5d1547437afbd5ac30c,289.354,0.8152558738332797,1.28,Emax_ratio,MW ≥215 Da,3107
nesso_b8b38cc8edf12345f21f,404.4520000000001,0.815577727711619,1.28,Emax_ratio,MW ≥215 Da,3107
nesso_c344af53dd2687af083f,322.47400000000016,0.8158995815899581,1.28,Emax_ratio,MW ≥215 Da,3107
nesso_cfd1c203a60ba38e9c0a,444.5820000000001,0.8162214354682974,1.28,Emax_ratio,MW ≥215 Da,3107
nesso_de1c5afe8de409cd67ae,436.50900000000024,0.8165432893466367,1.28,Emax_ratio,MW ≥215 Da,3107
nesso_e62022bb214724afefc4,346.4710000000001,0.8168651432249758,1.28,Emax_ratio,MW ≥215 Da,3107
nesso_ef2c2c2da1961982e840,369.412,0.8171869971033151,1.28,Emax_ratio,MW ≥215 Da,3107
nesso_f60838be7682d01a334c,356.21900000000005,0.8175088509816544,1.28,Emax_ratio,MW ≥215 Da,3107
nesso_f88aebc93e354168e948,346.35400000000004,0.8178307048599935,1.28,Emax_ratio,MW ≥215 Da,3107
nesso_c2b4f1f7f6d19ac6a48a,378.4470000000002,0.8181525587383328,1.285,Emax_ratio,MW ≥215 Da,3107
nesso_019c81eb619218d5bb65,306.362,0.818474412616672,1.29,Emax_ratio,MW ≥215 Da,3107
nesso_33f2109256ae660f4921,217.19899999999998,0.8187962664950112,1.29,Emax_ratio,MW ≥215 Da,3107
nesso_46641541d3a09ea19f14,308.44700000000006,0.8191181203733505,1.29,Emax_ratio,MW ≥215 Da,3107
nesso_5ea380c726059b20aeb8,346.3080000000001,0.8194399742516897,1.29,Emax_ratio,MW ≥215 Da,3107
nesso_78533be6aea944ccffaa,245.33,0.819761828130029,1.29,Emax_ratio,MW ≥215 Da,3107
nesso_7cab5cb4dd6c1826757a,363.5270000000001,0.8200836820083682,1.29,Emax_ratio,MW ≥215 Da,3107
nesso_826a0adea71bb0dcb5d0,319.36400000000003,0.8204055358867074,1.29,Emax_ratio,MW ≥215 Da,3107
nesso_862025e64f5113908187,265.31600000000003,0.8207273897650467,1.29,Emax_ratio,MW ≥215 Da,3107
nesso_8c11a7f5a653b227d6f6,331.80300000000005,0.8210492436433859,1.29,Emax_ratio,MW ≥215 Da,3107
nesso_a8f38fde3c2214eb345e,364.38899999999995,0.8213710975217251,1.29,Emax_ratio,MW ≥215 Da,3107
nesso_ad7fd0e8946fd313dcad,295.29900000000004,0.8216929514000644,1.29,Emax_ratio,MW ≥215 Da,3107
nesso_c78829ff3b9b4b21f6b8,338.8100000000002,0.8220148052784036,1.29,Emax_ratio,MW ≥215 Da,3107
nesso_ca9585546d38825859e0,232.32699999999994,0.8223366591567428,1.29,Emax_ratio,MW ≥215 Da,3107
nesso_d538bbc7e97aa4ffaf39,325.412,0.8226585130350821,1.29,Emax_ratio,MW ≥215 Da,3107
nesso_d7f4dafc1c79c6869aec,341.40800000000013,0.8229803669134214,1.29,Emax_ratio,MW ≥215 Da,3107
nesso_d93a0479fd42cdfb34d1,335.4070000000001,0.8233022207917605,1.29,Emax_ratio,MW ≥215 Da,3107
nesso_e17101ab52b477a8b3fa,229.23499999999999,0.8236240746700998,1.29,Emax_ratio,MW ≥215 Da,3107
nesso_e51657269126ba1b2508,397.4740000000001,0.823945928548439,1.29,Emax_ratio,MW ≥215 Da,3107
nesso_e6ccd7c4c9f114997c91,323.3960000000001,0.8242677824267782,1.29,Emax_ratio,MW ≥215 Da,3107
nesso_e73099031c458e738c15,390.6980000000001,0.8245896363051175,1.29,Emax_ratio,MW ≥215 Da,3107
nesso_f19bf30136517f1feb64,305.324,0.8249114901834567,1.29,Emax_ratio,MW ≥215 Da,3107
nesso_fbfa41eaeaf46b444265,347.41800000000006,0.8252333440617959,1.29,Emax_ratio,MW ≥215 Da,3107
nesso_0ea2353043701078b022,324.384,0.8255551979401352,1.3,Emax_ratio,MW ≥215 Da,3107
nesso_23a6831b127a48f3a4e1,343.44500000000005,0.8258770518184744,1.3,Emax_ratio,MW ≥215 Da,3107
nesso_246ec1f89a06cfeced9e,379.43900000000014,0.8261989056968136,1.3,Emax_ratio,MW ≥215 Da,3107
nesso_51f1aa6f138fc853179d,339.39800000000014,0.8265207595751529,1.3,Emax_ratio,MW ≥215 Da,3107
nesso_5f3ff9e298eecb6987b7,374.5060000000001,0.8268426134534921,1.3,Emax_ratio,MW ≥215 Da,3107
nesso_665a174b2e9be9633ee0,347.4400000000001,0.8271644673318314,1.3,Emax_ratio,MW ≥215 Da,3107
nesso_68d42f6b1616ebd49cbb,313.4010000000002,0.8274863212101706,1.3,Emax_ratio,MW ≥215 Da,3107
nesso_7b674e7da69bffcdafda,329.375,0.8278081750885098,1.3,Emax_ratio,MW ≥215 Da,3107
nesso_7e08b5502f5c85b2e161,290.36700000000013,0.8281300289668491,1.3,Emax_ratio,MW ≥215 Da,3107
nesso_884dfa3142866a766d2d,306.81800000000004,0.8284518828451883,1.3,Emax_ratio,MW ≥215 Da,3107
nesso_897a4e6d0863821b7f67,348.855,0.8287737367235275,1.3,Emax_ratio,MW ≥215 Da,3107
nesso_8d201e41f0197574ace5,387.383,0.8290955906018668,1.3,Emax_ratio,MW ≥215 Da,3107
nesso_a4bae236e166bea71683,296.32300000000004,0.8294174444802059,1.3,Emax_ratio,MW ≥215 Da,3107
nesso_b4954ad05860f7a800a9,312.37300000000005,0.8297392983585452,1.3,Emax_ratio,MW ≥215 Da,3107
nesso_cfc1009877d2974268d4,454.95800000000014,0.8300611522368845,1.3,Emax_ratio,MW ≥215 Da,3107
nesso_d3d28e76fbb3cc4c03e4,306.38700000000006,0.8303830061152236,1.3,Emax_ratio,MW ≥215 Da,3107
nesso_f3ff21001cdd298102c2,375.4540000000001,0.8307048599935629,1.3,Emax_ratio,MW ≥215 Da,3107
nesso_03715a91a15cbf3645cd,391.53700000000015,0.8310267138719022,1.31,Emax_ratio,MW ≥215 Da,3107
nesso_0aae2a3b0c1eac00481f,368.4370000000003,0.8313485677502414,1.31,Emax_ratio,MW ≥215 Da,3107
nesso_1214e0df75a2502fb7ca,405.4540000000001,0.8316704216285806,1.31,Emax_ratio,MW ≥215 Da,3107
nesso_293526b5dcdebb10b5a3,309.369,0.8319922755069199,1.31,Emax_ratio,MW ≥215 Da,3107
nesso_3f0a8a7cf8cfa1675b11,252.1409999999999,0.8323141293852591,1.31,Emax_ratio,MW ≥215 Da,3107
nesso_544a7b40a1beb725d177,254.28500000000003,0.8326359832635983,1.31,Emax_ratio,MW ≥215 Da,3107
nesso_6624b58e3110f288f0ca,237.64199999999997,0.8329578371419376,1.31,Emax_ratio,MW ≥215 Da,3107
nesso_8920e20ebba6cf9092ef,312.365,0.8332796910202768,1.31,Emax_ratio,MW ≥215 Da,3107
nesso_983e9659bd671d4b3e08,370.4280000000001,0.833601544898616,1.31,Emax_ratio,MW ≥215 Da,3107
nesso_beea7e37023706f11e2c,369.5900000000001,0.8339233987769553,1.31,Emax_ratio,MW ≥215 Da,3107
nesso_ccf5eaae9aededc8cc6a,426.45800000000014,0.8342452526552945,1.31,Emax_ratio,MW ≥215 Da,3107
nesso_d51890f069077600a657,370.40900000000005,0.8345671065336338,1.31,Emax_ratio,MW ≥215 Da,3107
nesso_0797e74304dbe584782d,357.793,0.8348889604119729,1.32,Emax_ratio,MW ≥215 Da,3107
nesso_251ee099238147c1b747,376.475,0.8352108142903122,1.32,Emax_ratio,MW ≥215 Da,3107
nesso_2bb9f9071e6d5b00836d,381.46700000000004,0.8355326681686515,1.32,Emax_ratio,MW ≥215 Da,3107
nesso_3ba5380f4d39969604e0,351.45000000000005,0.8358545220469906,1.32,Emax_ratio,MW ≥215 Da,3107
nesso_4300bc91f6339e238e2f,270.339,0.8361763759253299,1.32,Emax_ratio,MW ≥215 Da,3107
nesso_5141b06a86de91962ad7,221.29999999999995,0.8364982298036692,1.32,Emax_ratio,MW ≥215 Da,3107
nesso_720799f8ee9280a8405c,390.50900000000024,0.8368200836820083,1.32,Emax_ratio,MW ≥215 Da,3107
nesso_7469ee95188ad106a1b8,345.42400000000004,0.8371419375603476,1.32,Emax_ratio,MW ≥215 Da,3107
nesso_8e3da3a69d5f2527170e,402.57900000000024,0.8374637914386869,1.32,Emax_ratio,MW ≥215 Da,3107
nesso_ad9e2600dca83ecefaa5,418.28400000000016,0.837785645317026,1.32,Emax_ratio,MW ≥215 Da,3107
nesso_dcb60eaabcda8d87a190,369.2520000000001,0.8381074991953653,1.32,Emax_ratio,MW ≥215 Da,3107
nesso_f6f99bfbe4dacce8583a,246.29500000000002,0.8384293530737046,1.32,Emax_ratio,MW ≥215 Da,3107
nesso_f9029c6fea9645011ca7,324.83299999999997,0.8387512069520437,1.32,Emax_ratio,MW ≥215 Da,3107
nesso_ff6f54f91f9a4a015610,283.327,0.839073060830383,1.32,Emax_ratio,MW ≥215 Da,3107
nesso_ffdf011f171f563fa396,265.342,0.8393949147087223,1.32,Emax_ratio,MW ≥215 Da,3107
nesso_1cbaac6b01530f9a7bb4,374.84900000000005,0.8397167685870615,1.33,Emax_ratio,MW ≥215 Da,3107
nesso_34006d532fa7c717940a,313.3230000000001,0.8400386224654007,1.33,Emax_ratio,MW ≥215 Da,3107
nesso_389d3107726b6ca3b319,397.5150000000002,0.8403604763437399,1.33,Emax_ratio,MW ≥215 Da,3107
nesso_54cd1c02669cc70baa89,320.04600000000005,0.8406823302220792,1.33,Emax_ratio,MW ≥215 Da,3107
nesso_8d912781e123bb84afec,322.3680000000001,0.8410041841004184,1.33,Emax_ratio,MW ≥215 Da,3107
nesso_ba1ccf7c898259be2b0c,288.299,0.8413260379787576,1.33,Emax_ratio,MW ≥215 Da,3107
nesso_cbaed660ecaaf3ffd3a6,334.423,0.8416478918570969,1.33,Emax_ratio,MW ≥215 Da,3107
nesso_d230bec33af21f51361a,240.306,0.8419697457354361,1.33,Emax_ratio,MW ≥215 Da,3107
nesso_faa9a613608d04be3408,317.3490000000001,0.8422915996137753,1.33,Emax_ratio,MW ≥215 Da,3107
nesso_fe8afe518e9799f679ef,385.4140000000001,0.8426134534921146,1.33,Emax_ratio,MW ≥215 Da,3107
nesso_d914dc08ff5c86265e54,375.4940000000002,0.8429353073704539,1.335,Emax_ratio,MW ≥215 Da,3107
nesso_08c55dfcefcde104f584,246.35399999999996,0.843257161248793,1.34,Emax_ratio,MW ≥215 Da,3107
nesso_163c44c446d01dc6cbd5,425.5140000000002,0.8435790151271323,1.34,Emax_ratio,MW ≥215 Da,3107
nesso_21b95957b09721e5d672,343.42300000000006,0.8439008690054716,1.34,Emax_ratio,MW ≥215 Da,3107
nesso_38a5e3ffce9701e89224,292.21299999999997,0.8442227228838107,1.34,Emax_ratio,MW ≥215 Da,3107
nesso_3c3fb9f1c61815aebe9a,296.24399999999997,0.84454457676215,1.34,Emax_ratio,MW ≥215 Da,3107
nesso_6c450b8391322d44b517,374.39600000000013,0.8448664306404892,1.34,Emax_ratio,MW ≥215 Da,3107
nesso_83d15b519adaed0a8dfb,325.79200000000014,0.8451882845188284,1.34,Emax_ratio,MW ≥215 Da,3107
nesso_952a1d36e4f23c06a6f8,303.749,0.8455101383971677,1.34,Emax_ratio,MW ≥215 Da,3107
nesso_a9105cb39438983f89f2,290.4070000000001,0.8458319922755069,1.34,Emax_ratio,MW ≥215 Da,3107
nesso_c4833c0294a516aac42b,449.69200000000006,0.8461538461538461,1.34,Emax_ratio,MW ≥215 Da,3107
nesso_db79a25d98df859ad0b1,324.42900000000014,0.8464757000321854,1.34,Emax_ratio,MW ≥215 Da,3107
nesso_fa76848465c77c4ef7e4,322.79200000000003,0.8467975539105246,1.34,Emax_ratio,MW ≥215 Da,3107
nesso_ff7c5aef6db49294fe71,360.3950000000001,0.8471194077888639,1.34,Emax_ratio,MW ≥215 Da,3107
nesso_0173f6e9d9dff0748980,297.33299999999997,0.8474412616672031,1.35,Emax_ratio,MW ≥215 Da,3107
nesso_0a46a8e7e3070dd8c427,316.30400000000003,0.8477631155455423,1.35,Emax_ratio,MW ≥215 Da,3107
nesso_2a1cbae63c2994754282,245.278,0.8480849694238816,1.35,Emax_ratio,MW ≥215 Da,3107
nesso_5475b28e3f76d50c5483,303.3220000000001,0.8484068233022208,1.35,Emax_ratio,MW ≥215 Da,3107
nesso_630d4c74d4ed1b35242b,383.629,0.84872867718056,1.35,Emax_ratio,MW ≥215 Da,3107
nesso_78225055b2f2040f2bc1,379.4410000000001,0.8490505310588993,1.35,Emax_ratio,MW ≥215 Da,3107
nesso_9cedaf155ae2e3f4d33a,408.4580000000001,0.8493723849372385,1.35,Emax_ratio,MW ≥215 Da,3107
nesso_a3223cf0e7d49aec01c1,243.16799999999998,0.8496942388155777,1.35,Emax_ratio,MW ≥215 Da,3107
nesso_b899a3c8b943580e5127,274.316,0.850016092693917,1.35,Emax_ratio,MW ≥215 Da,3107
nesso_c3b26d257502fd68dd8f,326.343,0.8503379465722561,1.35,Emax_ratio,MW ≥215 Da,3107
nesso_d951825a4641bb336776,270.37199999999996,0.8506598004505954,1.35,Emax_ratio,MW ≥215 Da,3107
nesso_dcbf27797f30b1c416ec,444.48400000000015,0.8509816543289347,1.35,Emax_ratio,MW ≥215 Da,3107
nesso_f159df6a354e4dfc3b56,305.73900000000003,0.8513035082072739,1.35,Emax_ratio,MW ≥215 Da,3107
nesso_0badbad577a1b36f5eb0,328.33200000000005,0.8516253620856131,1.36,Emax_ratio,MW ≥215 Da,3107
nesso_151030d1c6f9f8bfae77,306.27700000000004,0.8519472159639524,1.36,Emax_ratio,MW ≥215 Da,3107
nesso_1ed4e87440d38449ef15,303.4020000000001,0.8522690698422916,1.36,Emax_ratio,MW ≥215 Da,3107
nesso_39d080ca9f01f44e6558,304.4380000000001,0.8525909237206308,1.36,Emax_ratio,MW ≥215 Da,3107
nesso_43bbc459f3205877b81d,420.9180000000001,0.8529127775989701,1.36,Emax_ratio,MW ≥215 Da,3107
nesso_5b30bd21394e0ec033ef,304.3460000000001,0.8532346314773093,1.36,Emax_ratio,MW ≥215 Da,3107
nesso_63d16591af3aed48762e,320.3640000000001,0.8535564853556485,1.36,Emax_ratio,MW ≥215 Da,3107
nesso_847f7db351b562432195,352.3690000000001,0.8538783392339878,1.36,Emax_ratio,MW ≥215 Da,3107
nesso_bee2aaacbb8a5300554a,341.4110000000001,0.854200193112327,1.36,Emax_ratio,MW ≥215 Da,3107
nesso_c3eecf3d4c7c36725b28,313.4010000000001,0.8545220469906663,1.36,Emax_ratio,MW ≥215 Da,3107
nesso_f003dc719f5684e37b0b,419.4600000000001,0.8548439008690055,1.36,Emax_ratio,MW ≥215 Da,3107
nesso_bb69b67fa1c8b8677683,327.12300000000005,0.8551657547473447,1.365,Emax_ratio,MW ≥215 Da,3107
nesso_0821e2ff227ac9418d4e,430.5270000000001,0.855487608625684,1.37,Emax_ratio,MW ≥215 Da,3107
nesso_32fef4ea3974f8b42a6e,220.27199999999996,0.8558094625040231,1.37,Emax_ratio,MW ≥215 Da,3107
nesso_35c7f770f26330886fe3,247.102,0.8561313163823624,1.37,Emax_ratio,MW ≥215 Da,3107
nesso_6eaf1c407970c1ddb0fc,363.4350000000002,0.8564531702607017,1.37,Emax_ratio,MW ≥215 Da,3107
nesso_8234ebe42921fdd0ecb4,352.2320000000001,0.8567750241390408,1.37,Emax_ratio,MW ≥215 Da,3107
nesso_89e063b943afbf161010,385.48900000000015,0.8570968780173801,1.37,Emax_ratio,MW ≥215 Da,3107
nesso_8bf0a0a91c6240946ff2,277.283,0.8574187318957194,1.37,Emax_ratio,MW ≥215 Da,3107
nesso_a1bf0ad971a218c3d24d,249.33900000000003,0.8577405857740585,1.37,Emax_ratio,MW ≥215 Da,3107
nesso_ad59aa7a9ac644341844,406.57300000000026,0.8580624396523978,1.37,Emax_ratio,MW ≥215 Da,3107
nesso_d6d8ed63edfab07dd52b,314.3620000000001,0.8583842935307371,1.37,Emax_ratio,MW ≥215 Da,3107
nesso_e7fea50aefe1e8b650c4,342.321,0.8587061474090762,1.37,Emax_ratio,MW ≥215 Da,3107
nesso_eb4a82f1a528f2af35c6,273.3290000000001,0.8590280012874155,1.37,Emax_ratio,MW ≥215 Da,3107
nesso_0f38bef45ff640b678ea,368.4810000000002,0.8593498551657548,1.38,Emax_ratio,MW ≥215 Da,3107
nesso_1e80496ddbcea22b44b0,412.4930000000001,0.859671709044094,1.38,Emax_ratio,MW ≥215 Da,3107
nesso_1f055f4072965228a39e,361.4920000000001,0.8599935629224332,1.38,Emax_ratio,MW ≥215 Da,3107
nesso_525997201f7b0dddde28,355.41000000000014,0.8603154168007725,1.38,Emax_ratio,MW ≥215 Da,3107
nesso_538bbb3c8555157cb318,403.4040000000001,0.8606372706791117,1.38,Emax_ratio,MW ≥215 Da,3107
nesso_758d1e39b2cffdc948cf,385.49300000000005,0.8609591245574509,1.38,Emax_ratio,MW ≥215 Da,3107
nesso_83cff56d0420999a2683,378.4530000000001,0.8612809784357901,1.38,Emax_ratio,MW ≥215 Da,3107
nesso_8627423b3c37cb0aa577,392.5800000000002,0.8616028323141294,1.38,Emax_ratio,MW ≥215 Da,3107
nesso_86288c8841bf08f2a281,394.3780000000001,0.8619246861924686,1.38,Emax_ratio,MW ≥215 Da,3107
nesso_874ae660e49b36e9438a,383.3550000000002,0.8622465400708078,1.38,Emax_ratio,MW ≥215 Da,3107
nesso_a9faed1087064ea69b11,375.45700000000005,0.8625683939491471,1.38,Emax_ratio,MW ≥215 Da,3107
nesso_acacfe92b53a0362fcb6,414.4770000000002,0.8628902478274864,1.38,Emax_ratio,MW ≥215 Da,3107
nesso_ad41158bad3e1731467a,381.303,0.8632121017058255,1.38,Emax_ratio,MW ≥215 Da,3107
nesso_bec2c85bd8b9b1b0649c,340.8320000000001,0.8635339555841648,1.38,Emax_ratio,MW ≥215 Da,3107
nesso_d6e3887d5a006392da4a,274.408,0.8638558094625041,1.38,Emax_ratio,MW ≥215 Da,3107
nesso_fe7a86b048e127f4debf,354.47500000000014,0.8641776633408432,1.38,Emax_ratio,MW ≥215 Da,3107
nesso_cdb909ff31058c7f5851,385.86900000000014,0.8644995172191825,1.385,Emax_ratio,MW ≥215 Da,3107
nesso_1f1d7d7ebcc2fcf31527,347.7980000000002,0.8648213710975218,1.39,Emax_ratio,MW ≥215 Da,3107
nesso_53ce46e399eb4faf3b02,764.9500000000003,0.8651432249758609,1.39,Emax_ratio,MW ≥215 Da,3107
nesso_9612b8fba49a21995078,422.50400000000013,0.8654650788542002,1.39,Emax_ratio,MW ≥215 Da,3107
nesso_a5e90b2463a36e6324b1,401.4480000000001,0.8657869327325395,1.39,Emax_ratio,MW ≥215 Da,3107
nesso_acebbe8d7e850bf17661,302.39700000000016,0.8661087866108786,1.39,Emax_ratio,MW ≥215 Da,3107
nesso_af65f7995a039778a78d,411.52400000000034,0.8664306404892179,1.39,Emax_ratio,MW ≥215 Da,3107
nesso_eaf59123f36175aebbae,340.383,0.8667524943675571,1.39,Emax_ratio,MW ≥215 Da,3107
nesso_ff8be28b2ec779290b68,343.21299999999997,0.8670743482458964,1.395,Emax_ratio,MW ≥215 Da,3107
nesso_0fe4f8db074ffd522e43,405.3760000000001,0.8673962021242356,1.4,Emax_ratio,MW ≥215 Da,3107
nesso_20eb2cef6a4f8fd87e1c,376.4560000000001,0.8677180560025748,1.4,Emax_ratio,MW ≥215 Da,3107
nesso_5479f877525366d52c97,326.377,0.8680399098809141,1.4,Emax_ratio,MW ≥215 Da,3107
nesso_64ed68e865a76107be99,231.207,0.8683617637592533,1.4,Emax_ratio,MW ≥215 Da,3107
nesso_6d69453ada3896e5eaac,322.34600000000006,0.8686836176375925,1.4,Emax_ratio,MW ≥215 Da,3107
nesso_8c2555ede47f3b4e3ecf,575.6870000000001,0.8690054715159318,1.4,Emax_ratio,MW ≥215 Da,3107
nesso_9768f2b6fb0e51c9f8c8,313.40100000000007,0.869327325394271,1.4,Emax_ratio,MW ≥215 Da,3107
nesso_a3af40d8d51895496790,313.4050000000001,0.8696491792726102,1.4,Emax_ratio,MW ≥215 Da,3107
nesso_a42aef1f2dd0fd1095b9,255.22899999999998,0.8699710331509495,1.4,Emax_ratio,MW ≥215 Da,3107
nesso_b7c6020e5885e4ed29d7,314.36600000000004,0.8702928870292888,1.4,Emax_ratio,MW ≥215 Da,3107
nesso_bb893f6bfc13592667f6,366.4170000000001,0.8706147409076279,1.4,Emax_ratio,MW ≥215 Da,3107
nesso_c020cc19e468e178acc4,270.328,0.8709365947859672,1.4,Emax_ratio,MW ≥215 Da,3107
nesso_c176f6f2be07021f1b10,357.36000000000007,0.8712584486643064,1.4,Emax_ratio,MW ≥215 Da,3107
nesso_cd0b1293b23f4a1c4f60,357.4570000000001,0.8715803025426456,1.4,Emax_ratio,MW ≥215 Da,3107
nesso_d0a7d3da95cc0350b7ac,392.49900000000025,0.8719021564209849,1.4,Emax_ratio,MW ≥215 Da,3107
nesso_de4b0db5473caebdc519,391.3770000000001,0.8722240102993241,1.4,Emax_ratio,MW ≥215 Da,3107
nesso_ecaa302dab43ab5ffd3f,285.94399999999996,0.8725458641776633,1.4,Emax_ratio,MW ≥215 Da,3107
nesso_f084380ef11460b26202,246.30999999999997,0.8728677180560026,1.4,Emax_ratio,MW ≥215 Da,3107
nesso_265993ce877728124bd3,292.40400000000005,0.8731895719343418,1.41,Emax_ratio,MW ≥215 Da,3107
nesso_44ed1548cbd7998dbc43,446.5320000000001,0.873511425812681,1.41,Emax_ratio,MW ≥215 Da,3107
nesso_55354da9dc67acadca49,332.7870000000001,0.8738332796910203,1.41,Emax_ratio,MW ≥215 Da,3107
nesso_5992971ee3720b74b24f,231.045,0.8741551335693595,1.41,Emax_ratio,MW ≥215 Da,3107
nesso_82c19c803ce79264f912,303.31200000000007,0.8744769874476988,1.41,Emax_ratio,MW ≥215 Da,3107
nesso_a6807f83fadc446c9263,388.8030000000001,0.874798841326038,1.41,Emax_ratio,MW ≥215 Da,3107
nesso_ded05895adbf3f231864,320.3960000000001,0.8751206952043772,1.41,Emax_ratio,MW ≥215 Da,3107
nesso_f4de5e090a43d5814d7d,321.376,0.8754425490827165,1.41,Emax_ratio,MW ≥215 Da,3107
nesso_0191f538cb5d18dcbc93,323.318,0.8757644029610557,1.42,Emax_ratio,MW ≥215 Da,3107
nesso_1eaca106ee9a03b25ff8,369.51500000000004,0.8760862568393949,1.42,Emax_ratio,MW ≥215 Da,3107
nesso_536dd01ef24d9fa4d1b9,349.39000000000004,0.8764081107177342,1.42,Emax_ratio,MW ≥215 Da,3107
nesso_8ef617dffd2592c7d893,355.207,0.8767299645960733,1.42,Emax_ratio,MW ≥215 Da,3107
nesso_c4e7e01c091bbfd21cf7,382.48900000000026,0.8770518184744126,1.42,Emax_ratio,MW ≥215 Da,3107
nesso_ecbd3f9110e2c343402a,431.54300000000023,0.8773736723527519,1.42,Emax_ratio,MW ≥215 Da,3107
nesso_0c72fcaa56efdde5fde3,229.257,0.877695526231091,1.43,Emax_ratio,MW ≥215 Da,3107
nesso_11cb78541137255dfccd,333.80000000000007,0.8780173801094303,1.43,Emax_ratio,MW ≥215 Da,3107
nesso_1e0d8606326fb97fc8c0,360.46100000000007,0.8783392339877696,1.43,Emax_ratio,MW ≥215 Da,3107
nesso_b9d77251f5b1684fb4ee,421.43200000000013,0.8786610878661087,1.43,Emax_ratio,MW ≥215 Da,3107
nesso_05401a027d95ff331009,353.83400000000006,0.878982941744448,1.44,Emax_ratio,MW ≥215 Da,3107
nesso_2898448c6b4173ffeeef,346.4080000000001,0.8793047956227873,1.44,Emax_ratio,MW ≥215 Da,3107
nesso_5063815e3e71b05b0b85,343.8110000000001,0.8796266495011265,1.44,Emax_ratio,MW ≥215 Da,3107
nesso_85c5170b6a8efba117fc,222.62699999999998,0.8799485033794657,1.44,Emax_ratio,MW ≥215 Da,3107
nesso_d4030381944ba4b0eae5,264.32500000000005,0.880270357257805,1.44,Emax_ratio,MW ≥215 Da,3107
nesso_1096f685dc7f6151e183,245.34700000000004,0.8805922111361442,1.45,Emax_ratio,MW ≥215 Da,3107
nesso_5d5bd272993eb2a7e0f9,335.83500000000004,0.8809140650144834,1.45,Emax_ratio,MW ≥215 Da,3107
nesso_6d56e7eefbe84c032717,337.42200000000014,0.8812359188928227,1.45,Emax_ratio,MW ≥215 Da,3107
nesso_835eafa80da15b5719aa,348.4280000000001,0.8815577727711619,1.45,Emax_ratio,MW ≥215 Da,3107
nesso_a6e1e43ff404ab06f385,439.5560000000001,0.8818796266495011,1.45,Emax_ratio,MW ≥215 Da,3107
nesso_b7655ff7bf80927967d0,297.3290000000001,0.8822014805278403,1.45,Emax_ratio,MW ≥215 Da,3107
nesso_c1e30283f375ddd7e2ff,299.334,0.8825233344061796,1.45,Emax_ratio,MW ≥215 Da,3107
nesso_e407f87af849ffc885d2,345.403,0.8828451882845189,1.45,Emax_ratio,MW ≥215 Da,3107
nesso_f4e74892be084e3b705d,344.43600000000004,0.883167042162858,1.45,Emax_ratio,MW ≥215 Da,3107
nesso_0eae9adeb59d5938f322,330.4750000000002,0.8834888960411973,1.46,Emax_ratio,MW ≥215 Da,3107
nesso_11f4c192f6449d5340a0,273.302,0.8838107499195366,1.46,Emax_ratio,MW ≥215 Da,3107
nesso_1e6d5f627e86b5aa19a8,390.4870000000001,0.8841326037978757,1.46,Emax_ratio,MW ≥215 Da,3107
nesso_437aad3889d378c94978,338.33299999999997,0.884454457676215,1.46,Emax_ratio,MW ≥215 Da,3107
nesso_489a9805e538da000e7c,319.3860000000001,0.8847763115545543,1.46,Emax_ratio,MW ≥215 Da,3107
nesso_6864a1f37539a9ea29c3,401.41800000000006,0.8850981654328934,1.46,Emax_ratio,MW ≥215 Da,3107
nesso_802d2ea2d429a6a0caf1,362.4580000000001,0.8854200193112327,1.46,Emax_ratio,MW ≥215 Da,3107
nesso_ef692d254a223beb4221,378.4760000000002,0.885741873189572,1.46,Emax_ratio,MW ≥215 Da,3107
nesso_0acf2cd7137b8c48a9d7,317.335,0.8860637270679111,1.47,Emax_ratio,MW ≥215 Da,3107
nesso_1ca8829a67d079f175c9,365.82000000000005,0.8863855809462504,1.47,Emax_ratio,MW ≥215 Da,3107
nesso_1fd9c1d57b0d7ac825b5,338.4110000000001,0.8867074348245897,1.47,Emax_ratio,MW ≥215 Da,3107
nesso_8b54257d75e37a296eeb,396.47600000000017,0.8870292887029289,1.47,Emax_ratio,MW ≥215 Da,3107
nesso_8c403f568b06afb42a11,313.279,0.8873511425812681,1.47,Emax_ratio,MW ≥215 Da,3107
nesso_be816807a69a8b0df6c1,360.5040000000001,0.8876729964596073,1.47,Emax_ratio,MW ≥215 Da,3107
nesso_f1602167daef38da80a9,334.46000000000015,0.8879948503379466,1.47,Emax_ratio,MW ≥215 Da,3107
nesso_0fa1330408a4fa8c1650,455.5880000000002,0.8883167042162858,1.475,Emax_ratio,MW ≥215 Da,3107
nesso_193305a742ed031748fd,347.41800000000006,0.888638558094625,1.48,Emax_ratio,MW ≥215 Da,3107
nesso_24d17065d40d66afa7bf,274.364,0.8889604119729643,1.48,Emax_ratio,MW ≥215 Da,3107
nesso_43f98b3c022efddb86f6,309.163,0.8892822658513035,1.48,Emax_ratio,MW ≥215 Da,3107
nesso_693036a88bd6f7727729,357.47900000000016,0.8896041197296427,1.48,Emax_ratio,MW ≥215 Da,3107
nesso_d2482525c8014b9af562,376.84300000000013,0.889925973607982,1.48,Emax_ratio,MW ≥215 Da,3107
nesso_ed732c2ab972332d423e,235.29000000000002,0.8902478274863213,1.48,Emax_ratio,MW ≥215 Da,3107
nesso_24dd31d4d6241208e163,412.4710000000002,0.8905696813646604,1.49,Emax_ratio,MW ≥215 Da,3107
nesso_692b5bab46ad50a453ca,311.41,0.8908915352429997,1.49,Emax_ratio,MW ≥215 Da,3107
nesso_6a451782ece6c823e17d,419.8900000000001,0.891213389121339,1.49,Emax_ratio,MW ≥215 Da,3107
nesso_c0fb788d91b08c55dff5,419.4600000000001,0.8915352429996781,1.49,Emax_ratio,MW ≥215 Da,3107
nesso_3267a950179628e4d144,348.204,0.8918570968780174,1.5,Emax_ratio,MW ≥215 Da,3107
nesso_3c183fcf5c6c40856433,329.40000000000015,0.8921789507563566,1.5,Emax_ratio,MW ≥215 Da,3107
nesso_7b3ea14fa7150d2a6add,332.354,0.8925008046346958,1.5,Emax_ratio,MW ≥215 Da,3107
nesso_98e6196ecad07f45388d,370.43000000000006,0.8928226585130351,1.5,Emax_ratio,MW ≥215 Da,3107
nesso_d11779094e7806c8aa68,392.29,0.8931445123913743,1.5,Emax_ratio,MW ≥215 Da,3107
nesso_f1dd812b2afda1f6ac93,332.79100000000005,0.8934663662697135,1.5,Emax_ratio,MW ≥215 Da,3107
nesso_11e2996b6b8d3ff5d042,406.57000000000016,0.8937882201480528,1.51,Emax_ratio,MW ≥215 Da,3107
nesso_99979f61f6497b253c1a,353.44300000000004,0.894110074026392,1.51,Emax_ratio,MW ≥215 Da,3107
nesso_9c11b2d743fd3807b315,359.3500000000002,0.8944319279047312,1.51,Emax_ratio,MW ≥215 Da,3107
nesso_b248bba372f7a201f55c,427.34600000000023,0.8947537817830705,1.51,Emax_ratio,MW ≥215 Da,3107
nesso_cb493cd2120dd210262c,352.7990000000001,0.8950756356614097,1.51,Emax_ratio,MW ≥215 Da,3107
nesso_da15df42efb9f1bae8a7,447.44700000000023,0.895397489539749,1.51,Emax_ratio,MW ≥215 Da,3107
nesso_25a55baec4cb65963984,361.4050000000002,0.8957193434180882,1.52,Emax_ratio,MW ≥215 Da,3107
nesso_38be8b487e33ecd0f6df,382.47900000000016,0.8960411972964274,1.52,Emax_ratio,MW ≥215 Da,3107
nesso_40bf59385c50944d5faf,325.496,0.8963630511747667,1.52,Emax_ratio,MW ≥215 Da,3107
nesso_6d3f21ad69ba1d667e27,282.093,0.8966849050531059,1.52,Emax_ratio,MW ≥215 Da,3107
nesso_844b8459b7c96be8930c,263.381,0.8970067589314451,1.52,Emax_ratio,MW ≥215 Da,3107
nesso_907d78f974b1bdaff4fa,312.46100000000007,0.8973286128097844,1.52,Emax_ratio,MW ≥215 Da,3107
nesso_7231903cfd23a810f39a,338.3710000000001,0.8976504666881235,1.53,Emax_ratio,MW ≥215 Da,3107
nesso_ef193caaee1542b13be0,343.4960000000002,0.8979723205664628,1.53,Emax_ratio,MW ≥215 Da,3107
nesso_05d03d8f54efa7eace00,347.2160000000001,0.8982941744448021,1.54,Emax_ratio,MW ≥215 Da,3107
nesso_394a39554cd6873bcf22,282.303,0.8986160283231412,1.54,Emax_ratio,MW ≥215 Da,3107
nesso_473e2e67d61eeb4298de,396.5570000000001,0.8989378822014805,1.54,Emax_ratio,MW ≥215 Da,3107
nesso_610383794efbf3ff58ef,338.4069999999999,0.8992597360798198,1.54,Emax_ratio,MW ≥215 Da,3107
nesso_9e9eba16d495d8c47153,378.51600000000013,0.899581589958159,1.54,Emax_ratio,MW ≥215 Da,3107
nesso_e48c82203f8c26695847,749.956,0.8999034438364982,1.54,Emax_ratio,MW ≥215 Da,3107
nesso_1a0cc1078fbb5ec84b4d,315.32300000000004,0.9002252977148375,1.55,Emax_ratio,MW ≥215 Da,3107
nesso_62a8aadd2445e89def57,454.87100000000015,0.9005471515931767,1.55,Emax_ratio,MW ≥215 Da,3107
nesso_b0aa66df0c7dc724cd70,271.364,0.9008690054715159,1.55,Emax_ratio,MW ≥215 Da,3107
nesso_f838e81637c21bdee821,326.831,0.9011908593498552,1.55,Emax_ratio,MW ≥215 Da,3107
nesso_10b8d6f7e6a8debd65fc,472.5010000000003,0.9015127132281944,1.56,Emax_ratio,MW ≥215 Da,3107
nesso_361b3565abf811e2a562,373.4820000000001,0.9018345671065336,1.56,Emax_ratio,MW ≥215 Da,3107
nesso_637c28a218ae75f6be81,344.172,0.9021564209848729,1.56,Emax_ratio,MW ≥215 Da,3107
nesso_6ab91322381fbb5985b6,306.337,0.9024782748632121,1.56,Emax_ratio,MW ≥215 Da,3107
nesso_82dab6792a1e36060f9e,404.5170000000001,0.9028001287415514,1.56,Emax_ratio,MW ≥215 Da,3107
nesso_ab0df3a2c442c21abde3,348.45000000000005,0.9031219826198905,1.56,Emax_ratio,MW ≥215 Da,3107
nesso_de2c63cdcd9e859e036c,317.4330000000001,0.9034438364982298,1.56,Emax_ratio,MW ≥215 Da,3107
nesso_29b70d71ab59f8c70050,294.351,0.9037656903765691,1.57,Emax_ratio,MW ≥215 Da,3107
nesso_921f877560389db5ab54,300.3620000000001,0.9040875442549082,1.57,Emax_ratio,MW ≥215 Da,3107
nesso_bee8a4d9dde5ef54cf1e,365.4580000000001,0.9044093981332475,1.57,Emax_ratio,MW ≥215 Da,3107
nesso_ddf7d2e823c68a9cd680,266.3,0.9047312520115868,1.57,Emax_ratio,MW ≥215 Da,3107
nesso_00e9be39e7ebc5483a43,439.2990000000002,0.9050531058899259,1.58,Emax_ratio,MW ≥215 Da,3107
nesso_83e61660d87f94d0fb92,389.6580000000001,0.9053749597682652,1.58,Emax_ratio,MW ≥215 Da,3107
nesso_9d5535a767582f224784,317.3700000000001,0.9056968136466045,1.58,Emax_ratio,MW ≥215 Da,3107
nesso_a0b5da68ee97570bf11d,315.804,0.9060186675249436,1.58,Emax_ratio,MW ≥215 Da,3107
nesso_c6206e6838ab54c12210,355.42199999999997,0.9063405214032829,1.58,Emax_ratio,MW ≥215 Da,3107
nesso_2588ce825e34ebf82d47,448.5480000000001,0.9066623752816222,1.59,Emax_ratio,MW ≥215 Da,3107
nesso_3d8b3d3541e7da68e9c3,355.34400000000005,0.9069842291599614,1.59,Emax_ratio,MW ≥215 Da,3107
nesso_5a41d65f009a7ef92e2f,404.4230000000001,0.9073060830383006,1.59,Emax_ratio,MW ≥215 Da,3107
nesso_7f9f96c7fefb3f1a6132,231.20699999999997,0.9076279369166399,1.59,Emax_ratio,MW ≥215 Da,3107
nesso_871fd65da9a1eaaa3223,375.43200000000013,0.9079497907949791,1.59,Emax_ratio,MW ≥215 Da,3107
nesso_b944ddfb79d1512093a3,342.46399999999994,0.9082716446733183,1.59,Emax_ratio,MW ≥215 Da,3107
nesso_e0571299ebab81a084b7,394.50000000000017,0.9085934985516575,1.59,Emax_ratio,MW ≥215 Da,3107
nesso_07a3317833824b275aef,346.37700000000007,0.9089153524299968,1.6,Emax_ratio,MW ≥215 Da,3107
nesso_41337cc60355972dccc1,432.90800000000036,0.909237206308336,1.6,Emax_ratio,MW ≥215 Da,3107
nesso_53bbe1c32f7007edf863,322.836,0.9095590601866752,1.6,Emax_ratio,MW ≥215 Da,3107
nesso_9d57abaedb1a79a3c76f,309.15199999999993,0.9098809140650145,1.6,Emax_ratio,MW ≥215 Da,3107
nesso_a8a6a169b3b40356bc86,339.4390000000001,0.9102027679433538,1.6,Emax_ratio,MW ≥215 Da,3107
nesso_fcf6a9b4fd66122d84c4,350.4220000000001,0.9105246218216929,1.6,Emax_ratio,MW ≥215 Da,3107
nesso_3db747cc4533ed65db05,364.83600000000007,0.9108464757000322,1.61,Emax_ratio,MW ≥215 Da,3107
nesso_95ab06fc30c6bf41e434,336.40700000000015,0.9111683295783715,1.61,Emax_ratio,MW ≥215 Da,3107
nesso_cce15aef517e4dfb2977,361.4860000000003,0.9114901834567106,1.61,Emax_ratio,MW ≥215 Da,3107
nesso_2fd99b7e6c68857206d2,234.343,0.9118120373350499,1.62,Emax_ratio,MW ≥215 Da,3107
nesso_8c1a6d54a982e3d069d2,381.4610000000001,0.9121338912133892,1.62,Emax_ratio,MW ≥215 Da,3107
nesso_98e443bff9c0d3e5fa7b,313.40100000000007,0.9124557450917283,1.62,Emax_ratio,MW ≥215 Da,3107
nesso_ea32d97436c434c59967,385.4490000000002,0.9127775989700676,1.62,Emax_ratio,MW ≥215 Da,3107
nesso_25a0486c61edd1835d61,278.37100000000004,0.9130994528484069,1.63,Emax_ratio,MW ≥215 Da,3107
nesso_644a1c4695e5aced88df,355.41900000000004,0.913421306726746,1.63,Emax_ratio,MW ≥215 Da,3107
nesso_7654b7254091e4160bed,354.347,0.9137431606050853,1.63,Emax_ratio,MW ≥215 Da,3107
nesso_8e80fb6ad20d84b0d7e2,337.8320000000001,0.9140650144834245,1.63,Emax_ratio,MW ≥215 Da,3107
nesso_959f181e46ebb68a42e8,372.32400000000007,0.9143868683617637,1.63,Emax_ratio,MW ≥215 Da,3107
nesso_3776eca67995ab7b5cfb,316.31300000000016,0.914708722240103,1.64,Emax_ratio,MW ≥215 Da,3107
nesso_660daea86da94c6cf5cf,380.40800000000024,0.9150305761184422,1.64,Emax_ratio,MW ≥215 Da,3107
nesso_88ca8fada2cde806208a,420.52500000000015,0.9153524299967815,1.64,Emax_ratio,MW ≥215 Da,3107
nesso_b3cdac4a9c4334ea9b31,240.73399999999992,0.9156742838751207,1.64,Emax_ratio,MW ≥215 Da,3107
nesso_164eb514abdf1d06acf9,316.744,0.9159961377534599,1.65,Emax_ratio,MW ≥215 Da,3107
nesso_500c9b986791144a3793,353.3530000000001,0.9163179916317992,1.65,Emax_ratio,MW ≥215 Da,3107
nesso_aacc8f3c93b25bc7a204,357.38500000000016,0.9166398455101384,1.65,Emax_ratio,MW ≥215 Da,3107
nesso_3f5f35881b92f6d3b93c,347.41800000000006,0.9169616993884776,1.66,Emax_ratio,MW ≥215 Da,3107
nesso_8aecc74bfafe8961a004,376.42,0.9172835532668169,1.66,Emax_ratio,MW ≥215 Da,3107
nesso_da8c2c951469e645aae8,321.829,0.9176054071451561,1.66,Emax_ratio,MW ≥215 Da,3107
nesso_dfd442ec23d82cb81951,301.3499999999999,0.9179272610234953,1.66,Emax_ratio,MW ≥215 Da,3107
nesso_e26ddbbeec193eaec94d,477.0480000000002,0.9182491149018346,1.66,Emax_ratio,MW ≥215 Da,3107
nesso_f1bc5ff281909faaee36,360.2510000000001,0.9185709687801737,1.66,Emax_ratio,MW ≥215 Da,3107
nesso_125bc73dc0bb012ec28a,391.9,0.918892822658513,1.67,Emax_ratio,MW ≥215 Da,3107
nesso_812f2d251f455ac3dfb1,355.8690000000001,0.9192146765368523,1.67,Emax_ratio,MW ≥215 Da,3107
nesso_961f9356de7fe54eb455,391.47500000000014,0.9195365304151915,1.67,Emax_ratio,MW ≥215 Da,3107
nesso_c3e63ab91f1cca35797c,309.757,0.9198583842935307,1.67,Emax_ratio,MW ≥215 Da,3107
nesso_047d96a04678588b2540,303.34000000000003,0.92018023817187,1.68,Emax_ratio,MW ≥215 Da,3107
nesso_304cc1a9e3212038bbd9,371.8720000000001,0.9205020920502092,1.68,Emax_ratio,MW ≥215 Da,3107
nesso_6915e05801aa1cbdf178,361.7600000000001,0.9208239459285484,1.68,Emax_ratio,MW ≥215 Da,3107
nesso_6b8f33b27cded3f2ef1a,418.44600000000014,0.9211457998068877,1.68,Emax_ratio,MW ≥215 Da,3107
nesso_a1c54ed6a55b6998ac4d,394.6490000000001,0.9214676536852269,1.68,Emax_ratio,MW ≥215 Da,3107
nesso_c5297c0b14cb9692ccd3,354.859,0.9217895075635661,1.68,Emax_ratio,MW ≥215 Da,3107
nesso_e3390ba45640228d141e,337.4270000000001,0.9221113614419054,1.68,Emax_ratio,MW ≥215 Da,3107
nesso_e34815ab790b86e07e2d,331.44100000000003,0.9224332153202446,1.68,Emax_ratio,MW ≥215 Da,3107
nesso_ef08bf164c0414d3f7e3,373.4460000000001,0.9227550691985839,1.68,Emax_ratio,MW ≥215 Da,3107
nesso_290407398539fdaad777,397.5480000000002,0.9230769230769231,1.69,Emax_ratio,MW ≥215 Da,3107
nesso_5f3a5923d9b49c28abbc,358.8040000000001,0.9233987769552623,1.69,Emax_ratio,MW ≥215 Da,3107
nesso_7588de292614919ddd11,355.41900000000004,0.9237206308336016,1.69,Emax_ratio,MW ≥215 Da,3107
nesso_d2f68e04a3bb29fc2749,378.856,0.9240424847119407,1.69,Emax_ratio,MW ≥215 Da,3107
nesso_d9a4b3990ddec7878763,473.56100000000026,0.92436433859028,1.69,Emax_ratio,MW ≥215 Da,3107
nesso_e9c98e15f63e654fee85,350.82700000000006,0.9246861924686193,1.69,Emax_ratio,MW ≥215 Da,3107
nesso_a9476df972f6c2ce6bf8,429.31800000000004,0.9250080463469584,1.695,Emax_ratio,MW ≥215 Da,3107
nesso_2e2fc6f1bbd9e9a232cc,302.37399999999997,0.9253299002252977,1.7,Emax_ratio,MW ≥215 Da,3107
nesso_41fc6ce236562031f8d3,352.41600000000005,0.925651754103637,1.7,Emax_ratio,MW ≥215 Da,3107
nesso_4d892204f031681c711b,305.309,0.9259736079819761,1.7,Emax_ratio,MW ≥215 Da,3107
nesso_3070b5056b5b997ef5ed,366.4650000000001,0.9262954618603154,1.71,Emax_ratio,MW ≥215 Da,3107
nesso_35109f38f6a43644b819,463.4970000000003,0.9266173157386547,1.71,Emax_ratio,MW ≥215 Da,3107
nesso_5f43be642b307ac3e852,379.384,0.9269391696169939,1.71,Emax_ratio,MW ≥215 Da,3107
nesso_7751227a61bf4cbde327,386.88300000000004,0.9272610234953331,1.71,Emax_ratio,MW ≥215 Da,3107
nesso_9a6190f63649fbe1f0cf,324.352,0.9275828773736724,1.71,Emax_ratio,MW ≥215 Da,3107
nesso_f8c1a35e5462970da159,404.8730000000002,0.9279047312520116,1.71,Emax_ratio,MW ≥215 Da,3107
nesso_1d037c5583ca2c6f23f4,372.82700000000006,0.9282265851303508,1.72,Emax_ratio,MW ≥215 Da,3107
nesso_558ced35d68c687eb953,452.41300000000024,0.9285484390086901,1.73,Emax_ratio,MW ≥215 Da,3107
nesso_b9e1c00c28b75f169a7e,319.408,0.9288702928870293,1.73,Emax_ratio,MW ≥215 Da,3107
nesso_c518ddcf24fb7a0d0e05,243.31,0.9291921467653685,1.73,Emax_ratio,MW ≥215 Da,3107
nesso_0cf10d2bbecf9e7aaee8,390.26600000000013,0.9295140006437077,1.74,Emax_ratio,MW ≥215 Da,3107
nesso_8f6b3036d1ea6ed936ac,444.9620000000001,0.929835854522047,1.74,Emax_ratio,MW ≥215 Da,3107
nesso_d2e478a41306b8180a69,275.356,0.9301577084003863,1.74,Emax_ratio,MW ≥215 Da,3107
nesso_158e5a0de5d9be83a18c,318.8080000000001,0.9304795622787254,1.75,Emax_ratio,MW ≥215 Da,3107
nesso_d0dac385db80f9b6a684,290.319,0.9308014161570647,1.75,Emax_ratio,MW ≥215 Da,3107
nesso_04bebd7cc38090db9c0b,420.51600000000013,0.931123270035404,1.76,Emax_ratio,MW ≥215 Da,3107
nesso_2e5b0bd5b4a02fff3c58,434.45200000000017,0.9314451239137431,1.76,Emax_ratio,MW ≥215 Da,3107
nesso_4d2c1a2de05457127071,321.336,0.9317669777920824,1.76,Emax_ratio,MW ≥215 Da,3107
nesso_6d71d0aefd8e53419d37,313.40100000000007,0.9320888316704217,1.76,Emax_ratio,MW ≥215 Da,3107
nesso_73dfed7967b5900a6a77,376.45600000000013,0.9324106855487608,1.76,Emax_ratio,MW ≥215 Da,3107
nesso_e31b490c3da9556f209e,354.4750000000002,0.9327325394271001,1.76,Emax_ratio,MW ≥215 Da,3107
nesso_e8260c70607726f708aa,324.42700000000013,0.9330543933054394,1.76,Emax_ratio,MW ≥215 Da,3107
nesso_e9900ab9b1464b99f7e9,387.71900000000005,0.9333762471837785,1.76,Emax_ratio,MW ≥215 Da,3107
nesso_f7ecd69a3ac02b4545ec,397.5040000000001,0.9336981010621178,1.76,Emax_ratio,MW ≥215 Da,3107
nesso_007d94f2c6c76f78f154,298.39,0.9340199549404571,1.77,Emax_ratio,MW ≥215 Da,3107
nesso_4e5734aa276a8835d44e,380.196,0.9343418088187962,1.77,Emax_ratio,MW ≥215 Da,3107
nesso_65964cb57342e2a66f23,336.43899999999996,0.9346636626971355,1.77,Emax_ratio,MW ≥215 Da,3107
nesso_8f234f59e2dbc8d3f888,363.4580000000002,0.9349855165754747,1.77,Emax_ratio,MW ≥215 Da,3107
nesso_b7d305adff1d6c9e725b,323.35200000000003,0.935307370453814,1.77,Emax_ratio,MW ≥215 Da,3107
nesso_c455c3e5891d531e7473,442.3750000000001,0.9356292243321532,1.77,Emax_ratio,MW ≥215 Da,3107
nesso_f23bcbe4cf2eeb27cbd9,439.5630000000002,0.9359510782104924,1.77,Emax_ratio,MW ≥215 Da,3107
nesso_f80ef32b596f7af854d6,352.47800000000024,0.9362729320888317,1.77,Emax_ratio,MW ≥215 Da,3107
nesso_f4c9649c7ae7e2603118,309.36500000000007,0.9365947859671709,1.775,Emax_ratio,MW ≥215 Da,3107
nesso_314c7392355c721cde26,346.359,0.9369166398455101,1.78,Emax_ratio,MW ≥215 Da,3107
nesso_dfc8ab2b02e1fcc26f30,295.3420000000001,0.9372384937238494,1.78,Emax_ratio,MW ≥215 Da,3107
nesso_e5deded1c2b9f01baa23,330.779,0.9375603476021886,1.78,Emax_ratio,MW ≥215 Da,3107
nesso_9b7a57e1efba2508a24b,376.5000000000002,0.9378822014805278,1.79,Emax_ratio,MW ≥215 Da,3107
nesso_acb30610bb5d8ee07308,374.4440000000002,0.9382040553588671,1.79,Emax_ratio,MW ≥215 Da,3107
nesso_b42359f5043f9738fd19,340.44500000000005,0.9385259092372064,1.79,Emax_ratio,MW ≥215 Da,3107
nesso_5d781f376b6f1677932f,377.4660000000003,0.9388477631155455,1.8,Emax_ratio,MW ≥215 Da,3107
nesso_76a6b83159e61add5edd,418.92400000000015,0.9391696169938848,1.8,Emax_ratio,MW ≥215 Da,3107
nesso_8a02984e14c837e195e5,370.49300000000017,0.939491470872224,1.8,Emax_ratio,MW ≥215 Da,3107
nesso_8c19870a85d60dd43e70,335.40700000000004,0.9398133247505632,1.8,Emax_ratio,MW ≥215 Da,3107
nesso_d8ebed8a9499e34c7168,440.54600000000005,0.9401351786289025,1.8,Emax_ratio,MW ≥215 Da,3107
nesso_2f237bbdb93ca4b7f903,339.4030000000001,0.9404570325072417,1.81,Emax_ratio,MW ≥215 Da,3107
nesso_67ab1f00021e519e9b0f,392.4630000000001,0.9407788863855809,1.81,Emax_ratio,MW ≥215 Da,3107
nesso_e7b45bb4751afa3fbe6f,355.4420000000001,0.9411007402639202,1.82,Emax_ratio,MW ≥215 Da,3107
nesso_0176ed6ddb7f5774b92b,349.4590000000001,0.9414225941422594,1.83,Emax_ratio,MW ≥215 Da,3107
nesso_4b7aa18db4cbad515908,330.47600000000006,0.9417444480205986,1.83,Emax_ratio,MW ≥215 Da,3107
nesso_cc77c7efc762114fe682,347.40000000000003,0.9420663018989379,1.83,Emax_ratio,MW ≥215 Da,3107
nesso_936a54fbf76028fe285d,330.34000000000003,0.9423881557772771,1.84,Emax_ratio,MW ≥215 Da,3107
nesso_ad5b92340e59e844d1f4,454.48600000000005,0.9427100096556164,1.84,Emax_ratio,MW ≥215 Da,3107
nesso_326fe930e1172700d561,341.37600000000003,0.9430318635339556,1.85,Emax_ratio,MW ≥215 Da,3107
nesso_7dc5a2c4da044eb422e9,360.4610000000002,0.9433537174122948,1.85,Emax_ratio,MW ≥215 Da,3107
nesso_890af7f4c45ac334d663,406.482,0.9436755712906341,1.85,Emax_ratio,MW ≥215 Da,3107
nesso_cff24e58c9864c1ffe7c,429.54200000000014,0.9439974251689733,1.85,Emax_ratio,MW ≥215 Da,3107
nesso_dc83d0c6974ae460ea1a,340.423,0.9443192790473125,1.85,Emax_ratio,MW ≥215 Da,3107
nesso_0bfe77a1e70aa038b2ee,353.40100000000007,0.9446411329256518,1.87,Emax_ratio,MW ≥215 Da,3107
nesso_ff51c8e592bd44a99ac3,415.46800000000013,0.9449629868039909,1.87,Emax_ratio,MW ≥215 Da,3107
nesso_59bbf0225766d193d304,316.3570000000001,0.9452848406823302,1.89,Emax_ratio,MW ≥215 Da,3107
nesso_8f0861a4a867dffe09e1,336.77500000000003,0.9456066945606695,1.89,Emax_ratio,MW ≥215 Da,3107
nesso_fc4a5b7748dacaa0e7df,384.9070000000002,0.9459285484390086,1.89,Emax_ratio,MW ≥215 Da,3107
nesso_1c51d3fb4ee71356b819,428.58500000000026,0.9462504023173479,1.9,Emax_ratio,MW ≥215 Da,3107
nesso_f951d8ca06c4248a7308,406.4830000000002,0.9465722561956872,1.9,Emax_ratio,MW ≥215 Da,3107
nesso_13a54510f2d781213ec5,280.37500000000006,0.9468941100740264,1.91,Emax_ratio,MW ≥215 Da,3107
nesso_13ddc18d1a246d612ab7,392.41500000000013,0.9472159639523656,1.91,Emax_ratio,MW ≥215 Da,3107
nesso_61015d189f2e77820738,347.35300000000007,0.9475378178307049,1.91,Emax_ratio,MW ≥215 Da,3107
nesso_b036f768e7ec4c7f9700,284.38399999999996,0.9478596717090441,1.92,Emax_ratio,MW ≥215 Da,3107
nesso_b5ff763953dddfb4ddbc,434.49200000000025,0.9481815255873833,1.92,Emax_ratio,MW ≥215 Da,3107
nesso_65fd607f38b40d7fa938,366.8520000000002,0.9485033794657226,1.93,Emax_ratio,MW ≥215 Da,3107
nesso_69c26b4d327220e02a49,396.46200000000016,0.9488252333440618,1.93,Emax_ratio,MW ≥215 Da,3107
nesso_97b1042c59746102d3c2,441.53500000000014,0.949147087222401,1.93,Emax_ratio,MW ≥215 Da,3107
nesso_37c5a5c9da34c9247fd4,442.5670000000002,0.9494689411007403,1.94,Emax_ratio,MW ≥215 Da,3107
nesso_7180f2fb7111040ca480,367.4960000000001,0.9497907949790795,1.94,Emax_ratio,MW ≥215 Da,3107
nesso_abbba37666b2e722729c,364.4490000000001,0.9501126488574188,1.94,Emax_ratio,MW ≥215 Da,3107
nesso_d2dabc22df42cae0f3b4,399.5390000000003,0.9504345027357579,1.94,Emax_ratio,MW ≥215 Da,3107
nesso_502d49ff38459171b265,423.5130000000002,0.9507563566140972,1.95,Emax_ratio,MW ≥215 Da,3107
nesso_6a276644b375f88012d5,320.36800000000005,0.9510782104924365,1.95,Emax_ratio,MW ≥215 Da,3107
nesso_72c78e0c13aff10dccf1,335.30600000000004,0.9514000643707756,1.95,Emax_ratio,MW ≥215 Da,3107
nesso_964d2cc42c375751ff85,322.39000000000004,0.9517219182491149,1.95,Emax_ratio,MW ≥215 Da,3107
nesso_ff2d623f0fb93976cf3f,357.3720000000002,0.9520437721274542,1.95,Emax_ratio,MW ≥215 Da,3107
nesso_f0facf6cbd6d333daee3,364.449,0.9523656260057933,1.96,Emax_ratio,MW ≥215 Da,3107
nesso_a81b9553a10093dfb060,382.782,0.9526874798841326,1.97,Emax_ratio,MW ≥215 Da,3107
nesso_a9cc920fe4bbaf2cba68,400.4750000000002,0.9530093337624719,1.97,Emax_ratio,MW ≥215 Da,3107
nesso_96e4933ad553c40b0781,423.5380000000001,0.953331187640811,1.98,Emax_ratio,MW ≥215 Da,3107
nesso_b76c3512a009391f1a12,411.5270000000002,0.9536530415191503,1.98,Emax_ratio,MW ≥215 Da,3107
nesso_e105695811da9c6decf9,374.37400000000014,0.9539748953974896,1.98,Emax_ratio,MW ≥215 Da,3107
nesso_0342a4fec815b477aaee,409.38900000000007,0.9542967492758287,2.0,Emax_ratio,MW ≥215 Da,3107
nesso_9c5426aca6c3d0917551,395.48100000000017,0.954618603154168,2.0,Emax_ratio,MW ≥215 Da,3107
nesso_c6ce0f1303c0cfe2f9b5,264.375,0.9549404570325073,2.0,Emax_ratio,MW ≥215 Da,3107
nesso_e28bc4b75efd7b251515,353.37700000000007,0.9552623109108465,2.0,Emax_ratio,MW ≥215 Da,3107
nesso_7757532381cd373218e3,353.4620000000001,0.9555841647891857,2.01,Emax_ratio,MW ≥215 Da,3107
nesso_3419a563b357f3a632fd,397.8800000000001,0.9559060186675249,2.02,Emax_ratio,MW ≥215 Da,3107
nesso_82d7453ed3716bb48211,268.32,0.9562278725458642,2.02,Emax_ratio,MW ≥215 Da,3107
nesso_77e8c0e9835cde1c60a7,334.375,0.9565497264242034,2.03,Emax_ratio,MW ≥215 Da,3107
nesso_7a731c66e2b28ddaa9eb,505.63700000000034,0.9568715803025426,2.03,Emax_ratio,MW ≥215 Da,3107
nesso_dcd3846e93df9c46e14a,319.308,0.9571934341808819,2.03,Emax_ratio,MW ≥215 Da,3107
nesso_eb66eabdd864985bd3a3,314.38500000000005,0.9575152880592211,2.03,Emax_ratio,MW ≥215 Da,3107
nesso_44fd02993d79d4977d3c,377.4880000000002,0.9578371419375603,2.04,Emax_ratio,MW ≥215 Da,3107
nesso_7e0e50ff67a6b3963d14,302.37000000000006,0.9581589958158996,2.04,Emax_ratio,MW ≥215 Da,3107
nesso_c59f2a1cb3221f4badd9,397.86900000000014,0.9584808496942389,2.04,Emax_ratio,MW ≥215 Da,3107
nesso_13c90a29d0fa1ab86e83,354.4750000000001,0.958802703572578,2.06,Emax_ratio,MW ≥215 Da,3107
nesso_90dfd3a40e27fe75d425,413.49300000000017,0.9591245574509173,2.06,Emax_ratio,MW ≥215 Da,3107
nesso_b40c2dcb3e4d8b4ad2df,379.44500000000005,0.9594464113292566,2.07,Emax_ratio,MW ≥215 Da,3107
nesso_be605f61580e94ec4146,329.3520000000001,0.9597682652075957,2.07,Emax_ratio,MW ≥215 Da,3107
nesso_ff0fec7da9b15143a115,329.37499999999994,0.960090119085935,2.07,Emax_ratio,MW ≥215 Da,3107
nesso_104a305bc40149a1855d,338.34800000000007,0.9604119729642743,2.08,Emax_ratio,MW ≥215 Da,3107
nesso_179fd1d4b52fe25f0771,346.8180000000001,0.9607338268426134,2.08,Emax_ratio,MW ≥215 Da,3107
nesso_512841655473faa7322c,364.4080000000001,0.9610556807209527,2.08,Emax_ratio,MW ≥215 Da,3107
nesso_5ed46f4ba17e1ef7298b,398.5000000000001,0.9613775345992919,2.08,Emax_ratio,MW ≥215 Da,3107
nesso_b741e69fc6d4d980e17a,319.40800000000013,0.9616993884776311,2.08,Emax_ratio,MW ≥215 Da,3107
nesso_1e4f0db7eddd60e05df2,393.51200000000006,0.9620212423559704,2.09,Emax_ratio,MW ≥215 Da,3107
nesso_29f040de39dbc12fa760,356.762,0.9623430962343096,2.09,Emax_ratio,MW ≥215 Da,3107
nesso_2ebe07be9be5c16b5a9c,379.4590000000002,0.9626649501126489,2.09,Emax_ratio,MW ≥215 Da,3107
nesso_64bdf44c7dbb648289a0,436.53100000000023,0.9629868039909881,2.09,Emax_ratio,MW ≥215 Da,3107
nesso_85ad4cd091a6dd16ff79,334.375,0.9633086578693273,2.09,Emax_ratio,MW ≥215 Da,3107
nesso_58dc91aeae8275afb372,309.391,0.9636305117476666,2.1,Emax_ratio,MW ≥215 Da,3107
nesso_4c86ee147882a02e2ffd,332.812,0.9639523656260058,2.11,Emax_ratio,MW ≥215 Da,3107
nesso_f447b45171df6855c782,312.32900000000006,0.964274219504345,2.11,Emax_ratio,MW ≥215 Da,3107
nesso_4c2c80c10ee992f6f23e,327.3840000000001,0.9645960733826843,2.12,Emax_ratio,MW ≥215 Da,3107
nesso_6c753e8b13e1230a3df4,320.34900000000005,0.9649179272610235,2.12,Emax_ratio,MW ≥215 Da,3107
nesso_05fceab83e809c6494e4,274.368,0.9652397811393627,2.13,Emax_ratio,MW ≥215 Da,3107
nesso_a114b56c2ef31508ad2d,449.5510000000002,0.965561635017702,2.13,Emax_ratio,MW ≥215 Da,3107
nesso_b92531ec0489ed7baded,272.308,0.9658834888960411,2.14,Emax_ratio,MW ≥215 Da,3107
nesso_bec288718009b535713a,328.38700000000006,0.9662053427743804,2.145,Emax_ratio,MW ≥215 Da,3107
nesso_5cb9c6ddfed30c6e29e7,416.48100000000005,0.9665271966527197,2.15,Emax_ratio,MW ≥215 Da,3107
nesso_fb9a9a6dfa88f0ba4b03,368.45800000000014,0.9668490505310589,2.15,Emax_ratio,MW ≥215 Da,3107
nesso_314c7c23bd8c1a1d75f5,334.4190000000001,0.9671709044093981,2.16,Emax_ratio,MW ≥215 Da,3107
nesso_ce53a0d44380df11e296,392.4590000000001,0.9674927582877374,2.16,Emax_ratio,MW ≥215 Da,3107
nesso_77b73b14666dc4f5e3ae,402.329,0.9678146121660766,2.17,Emax_ratio,MW ≥215 Da,3107
nesso_b3a71065310adbe8454b,393.40500000000014,0.9681364660444158,2.17,Emax_ratio,MW ≥215 Da,3107
nesso_b8061866f6a9723afe5c,372.4680000000001,0.9684583199227551,2.17,Emax_ratio,MW ≥215 Da,3107
nesso_ef857cea160c30478b1d,301.39000000000004,0.9687801738010943,2.17,Emax_ratio,MW ≥215 Da,3107
nesso_11d6c509e3e554432046,338.357,0.9691020276794335,2.18,Emax_ratio,MW ≥215 Da,3107
nesso_5002bdb1cc77cffcbf8e,339.3950000000001,0.9694238815577728,2.18,Emax_ratio,MW ≥215 Da,3107
nesso_659143b93941a037b38b,407.5140000000001,0.969745735436112,2.2,Emax_ratio,MW ≥215 Da,3107
nesso_814e899a68755e7f7b85,351.8190000000001,0.9700675893144513,2.2,Emax_ratio,MW ≥215 Da,3107
nesso_9a695cc052495ffed88a,396.45000000000005,0.9703894431927905,2.21,Emax_ratio,MW ≥215 Da,3107
nesso_5bb5bf7f731eb025799c,342.44300000000015,0.9707112970711297,2.22,Emax_ratio,MW ≥215 Da,3107
nesso_fa20a986e58795e3b2d2,317.3890000000001,0.971033150949469,2.22,Emax_ratio,MW ≥215 Da,3107
nesso_32849758102ed1b016f9,412.55500000000006,0.9713550048278081,2.25,Emax_ratio,MW ≥215 Da,3107
nesso_187ad8d20a0f13f7dbf0,382.4410000000001,0.9716768587061474,2.28,Emax_ratio,MW ≥215 Da,3107
nesso_5f31d162d5154d8586c6,353.49100000000004,0.9719987125844867,2.28,Emax_ratio,MW ≥215 Da,3107
nesso_82c1e6e4f82489ad07ec,391.9200000000001,0.9723205664628258,2.28,Emax_ratio,MW ≥215 Da,3107
nesso_a90486a87750c118a819,393.40500000000003,0.9726424203411651,2.3,Emax_ratio,MW ≥215 Da,3107
nesso_a6c97d104f8dfd94a10c,356.83500000000026,0.9729642742195044,2.31,Emax_ratio,MW ≥215 Da,3107
nesso_0a5a731a193480161435,354.36600000000004,0.9732861280978435,2.33,Emax_ratio,MW ≥215 Da,3107
nesso_6fa3fcb17fbbbee703b3,336.43500000000006,0.9736079819761828,2.33,Emax_ratio,MW ≥215 Da,3107
nesso_579163e276d4bd7e7a80,310.3350000000001,0.9739298358545221,2.34,Emax_ratio,MW ≥215 Da,3107
nesso_b31ccd4261bcc07842e4,392.50300000000016,0.9742516897328612,2.34,Emax_ratio,MW ≥215 Da,3107
nesso_b0e41d9b58e172d2e91d,415.42800000000005,0.9745735436112005,2.4,Emax_ratio,MW ≥215 Da,3107
nesso_51c0fcbcc218bdc9a190,276.38,0.9748953974895398,2.41,Emax_ratio,MW ≥215 Da,3107
nesso_83a3f1b1cd48ef0ac079,347.4840000000001,0.975217251367879,2.41,Emax_ratio,MW ≥215 Da,3107
nesso_f384333f7d6baff70f53,396.47200000000026,0.9755391052462182,2.41,Emax_ratio,MW ≥215 Da,3107
nesso_53733ea1a0d009ffebf8,331.348,0.9758609591245575,2.42,Emax_ratio,MW ≥215 Da,3107
nesso_5b4ee190be867e5494f5,384.5270000000001,0.9761828130028967,2.43,Emax_ratio,MW ≥215 Da,3107
nesso_d6d2904add284967dbcc,293.326,0.9765046668812359,2.45,Emax_ratio,MW ≥215 Da,3107
nesso_1593c7e1c79378747e85,373.4350000000001,0.9768265207595751,2.46,Emax_ratio,MW ≥215 Da,3107
nesso_8ec29168a5d70a02d929,424.57000000000005,0.9771483746379144,2.46,Emax_ratio,MW ≥215 Da,3107
nesso_f49a981041a64d83363c,356.853,0.9774702285162536,2.46,Emax_ratio,MW ≥215 Da,3107
nesso_437c40b032062d1b6c85,338.4150000000001,0.9777920823945928,2.48,Emax_ratio,MW ≥215 Da,3107
nesso_700d23a1aa36c1536c16,331.44100000000014,0.9781139362729321,2.49,Emax_ratio,MW ≥215 Da,3107
nesso_879d96f08d89f47d1075,324.38000000000005,0.9784357901512714,2.49,Emax_ratio,MW ≥215 Da,3107
nesso_f012b57a1dbde3e4e57a,401.8500000000001,0.9787576440296105,2.5,Emax_ratio,MW ≥215 Da,3107
nesso_69d0bc45e3dbd7d82a30,329.36000000000007,0.9790794979079498,2.51,Emax_ratio,MW ≥215 Da,3107
nesso_7e83a120b08ec1e85e02,367.38400000000007,0.9794013517862891,2.51,Emax_ratio,MW ≥215 Da,3107
nesso_1df3f24caf6019e0301f,348.40200000000004,0.9797232056646282,2.53,Emax_ratio,MW ≥215 Da,3107
nesso_66ac3407b421580699b1,441.57800000000015,0.9800450595429675,2.53,Emax_ratio,MW ≥215 Da,3107
nesso_8169413375dd1dd4ed70,479.3890000000002,0.9803669134213068,2.53,Emax_ratio,MW ≥215 Da,3107
nesso_bd61e4ee1b81fdb14151,310.78100000000006,0.9806887672996459,2.53,Emax_ratio,MW ≥215 Da,3107
nesso_165337eee306f9a1fbbf,304.73299999999995,0.9810106211779852,2.55,Emax_ratio,MW ≥215 Da,3107
nesso_b5f73970a1fef7be6de8,314.432,0.9813324750563245,2.57,Emax_ratio,MW ≥215 Da,3107
nesso_4143255703bdf8d190b8,361.40500000000003,0.9816543289346636,2.59,Emax_ratio,MW ≥215 Da,3107
nesso_5f0063ca89c60bf43cbc,329.363,0.9819761828130029,2.59,Emax_ratio,MW ≥215 Da,3107
nesso_e87ce06f08cfc5548140,299.349,0.9822980366913421,2.6,Emax_ratio,MW ≥215 Da,3107
nesso_77d90a1587ddc2d91789,363.46100000000007,0.9826198905696814,2.61,Emax_ratio,MW ≥215 Da,3107
nesso_2772eb1ccd1ba375da55,355.45900000000006,0.9829417444480206,2.62,Emax_ratio,MW ≥215 Da,3107
nesso_d3e4b696adabd0c848d2,387.255,0.9832635983263598,2.62,Emax_ratio,MW ≥215 Da,3107
nesso_3dd75bf37c67ff35a89a,307.41800000000006,0.9835854522046991,2.65,Emax_ratio,MW ≥215 Da,3107
nesso_a6cc99ea27feee852742,365.4080000000001,0.9839073060830383,2.65,Emax_ratio,MW ≥215 Da,3107
nesso_e9f1f94abf4525d61967,373.434,0.9842291599613775,2.65,Emax_ratio,MW ≥215 Da,3107
nesso_52ac820b0f4990d0639b,547.6740000000003,0.9845510138397168,2.66,Emax_ratio,MW ≥215 Da,3107
nesso_d9312245c1ec139a9fcf,404.4910000000001,0.984872867718056,2.71,Emax_ratio,MW ≥215 Da,3107
nesso_9d259ce41e2157fd91a0,357.4750000000001,0.9851947215963952,2.73,Emax_ratio,MW ≥215 Da,3107
nesso_40aff9f4240f24ff226f,301.77300000000014,0.9855165754747345,2.74,Emax_ratio,MW ≥215 Da,3107
nesso_b760c3a826b6c1a287a4,407.4730000000001,0.9858384293530738,2.74,Emax_ratio,MW ≥215 Da,3107
nesso_86f3a7e920e2c98acb7a,411.5090000000002,0.9861602832314129,2.78,Emax_ratio,MW ≥215 Da,3107
nesso_56280dc7a4b58dafe4cf,346.235,0.9864821371097522,2.8,Emax_ratio,MW ≥215 Da,3107
nesso_8ef115c0947e9e043656,398.27200000000033,0.9868039909880915,2.82,Emax_ratio,MW ≥215 Da,3107
nesso_66cb14418fb3aa55e7c1,343.4480000000001,0.9871258448664306,2.83,Emax_ratio,MW ≥215 Da,3107
nesso_a429321beefa20c7ad53,348.45000000000005,0.9874476987447699,2.86,Emax_ratio,MW ≥215 Da,3107
nesso_7a039d253d89ca3c148f,355.4160000000001,0.9877695526231091,2.89,Emax_ratio,MW ≥215 Da,3107
nesso_850426cfc1df1ccec41c,329.40000000000003,0.9880914065014483,2.94,Emax_ratio,MW ≥215 Da,3107
nesso_9b64ffb4ce8108c7eb8a,424.5410000000004,0.9884132603797876,2.94,Emax_ratio,MW ≥215 Da,3107
nesso_fd103e4cc54ca71c876c,389.4960000000001,0.9887351142581268,2.94,Emax_ratio,MW ≥215 Da,3107
nesso_b9ad17f5c8f54fc9812e,404.47,0.989056968136466,2.95,Emax_ratio,MW ≥215 Da,3107
nesso_39f96cf606aa96997bc4,383.42900000000014,0.9893788220148053,2.96,Emax_ratio,MW ≥215 Da,3107
nesso_7afd81b060e9ad21a15f,458.5430000000003,0.9897006758931445,2.98,Emax_ratio,MW ≥215 Da,3107
nesso_afaac2846043cc3ae612,359.48,0.9900225297714838,2.98,Emax_ratio,MW ≥215 Da,3107
nesso_c5a4dacc6e11ae7056d6,468.55300000000017,0.990344383649823,2.99,Emax_ratio,MW ≥215 Da,3107
nesso_fd0f6737a32276e9d172,387.386,0.9906662375281622,3.02,Emax_ratio,MW ≥215 Da,3107
nesso_01799c36f36d12605944,384.259,0.9909880914065015,3.05,Emax_ratio,MW ≥215 Da,3107
nesso_79011236f8239238c356,353.4220000000001,0.9913099452848407,3.08,Emax_ratio,MW ≥215 Da,3107
nesso_4d3056b51d164ed1cb50,477.4430000000002,0.9916317991631799,3.11,Emax_ratio,MW ≥215 Da,3107
nesso_00dce94c2ecb99cae04c,397.298,0.9919536530415192,3.155,Emax_ratio,MW ≥215 Da,3107
nesso_588f4cf4df073fce46fd,379.4010000000002,0.9922755069198583,3.22,Emax_ratio,MW ≥215 Da,3107
nesso_92c0cbb2870866b6ee92,384.47000000000014,0.9925973607981976,3.23,Emax_ratio,MW ≥215 Da,3107
nesso_97534dfdb497fc808f5a,364.8730000000001,0.9929192146765369,3.23,Emax_ratio,MW ≥215 Da,3107
nesso_79d5b87325e19407a9dc,363.44200000000006,0.993241068554876,3.29,Emax_ratio,MW ≥215 Da,3107
nesso_5dfab3ec5638d916e2d3,346.43700000000007,0.9935629224332153,3.43,Emax_ratio,MW ≥215 Da,3107
nesso_985bf0804b473f16de4a,313.14000000000004,0.9938847763115546,3.48,Emax_ratio,MW ≥215 Da,3107
nesso_bc3b2a063d0a685b8cb7,374.46200000000016,0.9942066301898937,3.48,Emax_ratio,MW ≥215 Da,3107
nesso_4e1cdf701c9fd6b31e66,358.235,0.994528484068233,3.51,Emax_ratio,MW ≥215 Da,3107
nesso_6b5d387b946b19fe6bd6,414.52700000000016,0.9948503379465723,3.515,Emax_ratio,MW ≥215 Da,3107
nesso_a16a86356fc33c9d594f,355.78999999999996,0.9951721918249115,3.54,Emax_ratio,MW ≥215 Da,3107
nesso_207a37232c222178802c,390.4720000000001,0.9954940457032507,3.7,Emax_ratio,MW ≥215 Da,3107
nesso_a695feeb853b0b306020,376.4600000000001,0.99581589958159,3.77,Emax_ratio,MW ≥215 Da,3107
nesso_327a2e570542357dc676,308.3810000000001,0.9961377534599292,3.83,Emax_ratio,MW ≥215 Da,3107
nesso_b163f934ace81996d2b4,277.755,0.9964596073382684,3.83,Emax_ratio,MW ≥215 Da,3107
nesso_ba600fb1ff829d327cdc,353.4180000000002,0.9967814612166077,4.01,Emax_ratio,MW ≥215 Da,3107
nesso_cd6bb9cb62dacd58e4c9,387.43900000000014,0.9971033150949469,4.2,Emax_ratio,MW ≥215 Da,3107
nesso_24662296c429d50e00a0,388.4490000000001,0.9974251689732861,4.27,Emax_ratio,MW ≥215 Da,3107
nesso_3f118025c4e422c19032,384.24500000000006,0.9977470228516253,4.31,Emax_ratio,MW ≥215 Da,3107
nesso_7ba5c4fd208888018a11,357.4540000000001,0.9980688767299646,4.64,Emax_ratio,MW ≥215 Da,3107
nesso_7c16c630405747c7a24c,496.6330000000002,0.9983907306083039,4.99,Emax_ratio,MW ≥215 Da,3107
nesso_c75fcedf1544fa59b8d6,356.245,0.998712584486643,5.01,Emax_ratio,MW ≥215 Da,3107
nesso_82c9cb5ce7d395311ab9,370.449,0.9990344383649823,5.11,Emax_ratio,MW ≥215 Da,3107
nesso_385938882b6626756025,810.9889999999998,0.9993562922433216,6.4,Emax_ratio,MW ≥215 Da,3107
nesso_32fea022e26286ec45f5,302.37399999999997,0.9996781461216607,6.77,Emax_ratio,MW ≥215 Da,3107
nesso_1dff9e13b7bf5c50543e,552.7240000000003,1.0,12.5,Emax_ratio,MW ≥215 Da,3107
nesso_5de770db5b15171fa138,203.197,0.004219409282700422,0.883,Emax_ratio,MW <215 Da,237
nesso_75ccce3bf8269a823b87,190.158,0.008438818565400843,0.897,Emax_ratio,MW <215 Da,237
nesso_21e9e6150c40c8571141,93.12899999999999,0.012658227848101266,1.05,Emax_ratio,MW <215 Da,237
nesso_f082922e735d5e9563e9,178.23499999999999,0.016877637130801686,1.07,Emax_ratio,MW <215 Da,237
nesso_090d91edb462c38d2ca0,191.27799999999993,0.02109704641350211,1.08,Emax_ratio,MW <215 Da,237
nesso_a9ff66dda2a0b48f97c2,163.007,0.02531645569620253,1.08,Emax_ratio,MW <215 Da,237
nesso_c4067126deb7ff4c9ef7,152.15299999999996,0.029535864978902954,1.08,Emax_ratio,MW <215 Da,237
nesso_6d8a052298898b593cb2,138.126,0.03375527426160337,1.09,Emax_ratio,MW <215 Da,237
nesso_c5625a5c825d46fa148a,143.573,0.0379746835443038,1.09,Emax_ratio,MW <215 Da,237
nesso_c5903e99b2034bdad4ac,172.02500000000003,0.04219409282700422,1.09,Emax_ratio,MW <215 Da,237
nesso_dd61f927f3b12f6c73d7,108.14399999999998,0.046413502109704644,1.09,Emax_ratio,MW <215 Da,237
nesso_facf6ad69c1900443d6a,190.2899999999999,0.05063291139240506,1.09,Emax_ratio,MW <215 Da,237
nesso_421111a6a5ab096dab21,180.20699999999997,0.05485232067510549,1.1,Emax_ratio,MW <215 Da,237
nesso_bf7faa8e648121554eec,190.29,0.05907172995780591,1.1,Emax_ratio,MW <215 Da,237
nesso_ec6d3e6270384a67fcf3,113.18499999999997,0.06329113924050633,1.1,Emax_ratio,MW <215 Da,237
nesso_62f84e96376a3c4d874b,195.57100000000003,0.06751054852320675,1.11,Emax_ratio,MW <215 Da,237
nesso_8a0517fbf2afde9d34fb,125.14899999999997,0.07172995780590717,1.11,Emax_ratio,MW <215 Da,237
nesso_d56743fcc2227244cd4a,141.601,0.0759493670886076,1.11,Emax_ratio,MW <215 Da,237
nesso_6453a87f47aa272a4d61,213.28099999999995,0.08016877637130802,1.12,Emax_ratio,MW <215 Da,237
nesso_d7e9f5cf7703418f551c,161.12600000000003,0.08438818565400844,1.12,Emax_ratio,MW <215 Da,237
nesso_d8ced3414e5f9c7e19f1,139.114,0.08860759493670886,1.12,Emax_ratio,MW <215 Da,237
nesso_0905ecca22046a39df2a,108.14399999999998,0.09282700421940929,1.13,Emax_ratio,MW <215 Da,237
nesso_1065adf7e0da08be7ff8,123.15499999999999,0.0970464135021097,1.13,Emax_ratio,MW <215 Da,237
nesso_1901cac55e1e65936b39,207.277,0.10126582278481013,1.13,Emax_ratio,MW <215 Da,237
nesso_985ec70dc31e32244bfa,168.217,0.10548523206751055,1.13,Emax_ratio,MW <215 Da,237
nesso_c3fbaf574fa9b5f486ca,213.708,0.10970464135021098,1.13,Emax_ratio,MW <215 Da,237
nesso_f77d87bcd5d993439543,144.262,0.11392405063291139,1.13,Emax_ratio,MW <215 Da,237
nesso_10ae7ca1240e1f94d9a9,205.16899999999998,0.11814345991561181,1.14,Emax_ratio,MW <215 Da,237
nesso_38e62f91f7de5fa84eaa,130.078,0.12236286919831224,1.14,Emax_ratio,MW <215 Da,237
nesso_8a5d8fbc05894802c0cb,195.571,0.12658227848101267,1.14,Emax_ratio,MW <215 Da,237
nesso_a642dce88639e86f5926,160.21999999999997,0.1308016877637131,1.14,Emax_ratio,MW <215 Da,237
nesso_dd40bdcfb9b7211f3c43,172.571,0.1350210970464135,1.14,Emax_ratio,MW <215 Da,237
nesso_edc8c06762b1140dc169,190.162,0.13924050632911392,1.14,Emax_ratio,MW <215 Da,237
nesso_f2022316c88eb5216cf8,184.242,0.14345991561181434,1.14,Emax_ratio,MW <215 Da,237
nesso_fc1ce0e6f9563286f7e1,200.23700000000002,0.14767932489451477,1.14,Emax_ratio,MW <215 Da,237
nesso_405fba9a7fc6ba059b01,214.051,0.1518987341772152,1.15,Emax_ratio,MW <215 Da,237
nesso_5c8c4eb8326b9b00437b,199.25699999999998,0.15611814345991562,1.15,Emax_ratio,MW <215 Da,237
nesso_71f2f62651078e0f157f,174.24699999999993,0.16033755274261605,1.15,Emax_ratio,MW <215 Da,237
nesso_81af50186a6fa7d80250,165.19199999999998,0.16455696202531644,1.15,Emax_ratio,MW <215 Da,237
nesso_c77ecacb9934178c9e3f,171.112,0.16877637130801687,1.15,Emax_ratio,MW <215 Da,237
nesso_d130f083c4473c792aa4,108.14399999999998,0.1729957805907173,1.15,Emax_ratio,MW <215 Da,237
nesso_e8f6c2bfe7b8c588027f,210.214,0.17721518987341772,1.15,Emax_ratio,MW <215 Da,237
nesso_ea4f16d3e59f5fb0551a,137.18199999999996,0.18143459915611815,1.15,Emax_ratio,MW <215 Da,237
nesso_4150bd5b78510719e485,133.194,0.18565400843881857,1.16,Emax_ratio,MW <215 Da,237
nesso_6ee4defca44f9b71acc8,182.17499999999998,0.189873417721519,1.16,Emax_ratio,MW <215 Da,237
nesso_81ceb662ae1bc7291bdf,128.152,0.1940928270042194,1.16,Emax_ratio,MW <215 Da,237
nesso_b24c034e1464cf3e53e9,211.30899999999997,0.19831223628691982,1.16,Emax_ratio,MW <215 Da,237
nesso_b665186cfd651ac559b1,179.26299999999998,0.20253164556962025,1.16,Emax_ratio,MW <215 Da,237
nesso_cd89f9e43020b808ff4e,143.142,0.20675105485232068,1.16,Emax_ratio,MW <215 Da,237
nesso_dc6d287476c3daac7ac7,167.20799999999997,0.2109704641350211,1.16,Emax_ratio,MW <215 Da,237
nesso_dde92277b005e945167f,195.19899999999998,0.21518987341772153,1.16,Emax_ratio,MW <215 Da,237
nesso_0a96d88cd325e817b8d1,166.17599999999996,0.21940928270042195,1.17,Emax_ratio,MW <215 Da,237
nesso_11b73c69ce386cd984b3,161.126,0.22362869198312235,1.17,Emax_ratio,MW <215 Da,237
nesso_269f81eb765de62d4788,179.15,0.22784810126582278,1.17,Emax_ratio,MW <215 Da,237
nesso_6d3d6677291c586ff580,141.601,0.2320675105485232,1.17,Emax_ratio,MW <215 Da,237
nesso_7f5ae5851e90cf1b1a55,180.226,0.23628691983122363,1.17,Emax_ratio,MW <215 Da,237
nesso_b8b08b7c22f8d40a4399,164.20399999999998,0.24050632911392406,1.17,Emax_ratio,MW <215 Da,237
nesso_cca3f30095312b42bba8,136.19799999999998,0.24472573839662448,1.17,Emax_ratio,MW <215 Da,237
nesso_cec5078599fe0f065a74,94.11699999999999,0.2489451476793249,1.17,Emax_ratio,MW <215 Da,237
nesso_cfa8f6478d8da6b326aa,209.63199999999998,0.25316455696202533,1.17,Emax_ratio,MW <215 Da,237
nesso_dca0a9c3072a6173e508,184.65099999999998,0.25738396624472576,1.17,Emax_ratio,MW <215 Da,237
nesso_ddf9fc4aac6beed786eb,135.20999999999998,0.2616033755274262,1.17,Emax_ratio,MW <215 Da,237
nesso_0e3e65e7fc125ee088e2,134.13799999999998,0.26582278481012656,1.18,Emax_ratio,MW <215 Da,237
nesso_3ea82c605cc4236b0bd1,210.22899999999998,0.270042194092827,1.18,Emax_ratio,MW <215 Da,237
nesso_48835785bcdfa497ba95,147.221,0.2742616033755274,1.18,Emax_ratio,MW <215 Da,237
nesso_7092261f6a0189ed7487,181.235,0.27848101265822783,1.18,Emax_ratio,MW <215 Da,237
nesso_98d9a560ce60e175a49c,125.17499999999997,0.28270042194092826,1.18,Emax_ratio,MW <215 Da,237
nesso_57717577b879f904fbc3,127.16799999999999,0.2869198312236287,1.19,Emax_ratio,MW <215 Da,237
nesso_97752f35f135311561db,126.11099999999999,0.2911392405063291,1.19,Emax_ratio,MW <215 Da,237
nesso_128de4fd13094c4f77b5,182.17499999999998,0.29535864978902954,1.2,Emax_ratio,MW <215 Da,237
nesso_22978799cbf203042bf9,205.23499999999999,0.29957805907172996,1.2,Emax_ratio,MW <215 Da,237
nesso_41bc33721abcb3b23b6a,197.13100000000003,0.3037974683544304,1.2,Emax_ratio,MW <215 Da,237
nesso_798b20291f0bcaa5b2fa,141.60099999999997,0.3080168776371308,1.2,Emax_ratio,MW <215 Da,237
nesso_a10c7dfd7d7e9657d61d,213.236,0.31223628691983124,1.2,Emax_ratio,MW <215 Da,237
nesso_12c66749309dde30620e,158.10299999999998,0.31645569620253167,1.21,Emax_ratio,MW <215 Da,237
nesso_168bae379613a940a4e4,149.215,0.3206751054852321,1.21,Emax_ratio,MW <215 Da,237
nesso_18ebadc54b6e8ca47524,212.20099999999996,0.32489451476793246,1.21,Emax_ratio,MW <215 Da,237
nesso_345bd3485155e7abc0fe,172.20900000000003,0.3291139240506329,1.21,Emax_ratio,MW <215 Da,237
nesso_65e963f0645b31a98210,201.565,0.3333333333333333,1.21,Emax_ratio,MW <215 Da,237
nesso_75e737825a216f047b83,136.15,0.33755274261603374,1.21,Emax_ratio,MW <215 Da,237
nesso_83afc2460b79aca760da,88.10599999999998,0.34177215189873417,1.21,Emax_ratio,MW <215 Da,237
nesso_9df0f863ba2c6952d54d,201.254,0.3459915611814346,1.21,Emax_ratio,MW <215 Da,237
nesso_be40b9b060dd5955b8db,112.08399999999997,0.350210970464135,1.21,Emax_ratio,MW <215 Da,237
nesso_bfb3aed8b706de6cd8c8,186.594,0.35443037974683544,1.21,Emax_ratio,MW <215 Da,237
nesso_c20880eac0768b4d626c,182.175,0.35864978902953587,1.21,Emax_ratio,MW <215 Da,237
nesso_cca86da38a87318d55fe,76.05499999999999,0.3628691983122363,1.21,Emax_ratio,MW <215 Da,237
nesso_d8450d09ab13862a4ee5,150.177,0.3670886075949367,1.21,Emax_ratio,MW <215 Da,237
nesso_21c53d8a15113c5941c7,123.11099999999998,0.37130801687763715,1.22,Emax_ratio,MW <215 Da,237
nesso_27761d26b81e84bd9534,167.11999999999998,0.3755274261603376,1.22,Emax_ratio,MW <215 Da,237
nesso_43753c467432aeaa1ab7,129.159,0.379746835443038,1.22,Emax_ratio,MW <215 Da,237
nesso_44c4ab521d596e549457,182.24400000000003,0.38396624472573837,1.22,Emax_ratio,MW <215 Da,237
nesso_4b1fa6d212ba6ffa9bea,187.202,0.3881856540084388,1.22,Emax_ratio,MW <215 Da,237
nesso_64abcf9eafaed5ab9eac,157.55599999999998,0.3924050632911392,1.22,Emax_ratio,MW <215 Da,237
nesso_9825ab8b417fbd33b96c,178.14000000000001,0.39662447257383965,1.22,Emax_ratio,MW <215 Da,237
nesso_9e5044137cac7af95806,104.10499999999999,0.4008438818565401,1.22,Emax_ratio,MW <215 Da,237
nesso_a671a0ae3c0837e57e69,207.18500000000003,0.4050632911392405,1.22,Emax_ratio,MW <215 Da,237
nesso_b32cd3de767d16339d82,138.12199999999999,0.4092827004219409,1.22,Emax_ratio,MW <215 Da,237
nesso_dac249e5e4e0324d60b7,167.197,0.41350210970464135,1.22,Emax_ratio,MW <215 Da,237
nesso_e6d74000015b9556197c,182.17499999999998,0.4177215189873418,1.22,Emax_ratio,MW <215 Da,237
nesso_eb66b47afefc0bc0683d,148.20499999999998,0.4219409282700422,1.22,Emax_ratio,MW <215 Da,237
nesso_02f82ec61ca846bf3645,204.225,0.42616033755274263,1.23,Emax_ratio,MW <215 Da,237
nesso_040e1cf62f3a4de7fb6f,182.222,0.43037974683544306,1.23,Emax_ratio,MW <215 Da,237
nesso_05d914562aedcc78163a,105.09299999999999,0.4345991561181435,1.23,Emax_ratio,MW <215 Da,237
nesso_0e8a5ebce8cee5b9a0d7,124.13899999999997,0.4388185654008439,1.23,Emax_ratio,MW <215 Da,237
nesso_39de9340e10a6506fc29,164.20399999999998,0.4430379746835443,1.23,Emax_ratio,MW <215 Da,237
nesso_3c9001894c615d9f2df1,212.20399999999998,0.4472573839662447,1.23,Emax_ratio,MW <215 Da,237
nesso_9bd97dfb53c44469592e,152.149,0.45147679324894513,1.23,Emax_ratio,MW <215 Da,237
nesso_a4cf7afcb82693f38cab,184.491,0.45569620253164556,1.23,Emax_ratio,MW <215 Da,237
nesso_f052f92ac567244548c1,151.20899999999997,0.459915611814346,1.23,Emax_ratio,MW <215 Da,237
nesso_061e68afdb1c8f1f96de,186.594,0.4641350210970464,1.24,Emax_ratio,MW <215 Da,237
nesso_13533ecfb0b0aa8f3b94,170.595,0.46835443037974683,1.24,Emax_ratio,MW <215 Da,237
nesso_28f4c37a8ca4f684e9fa,199.637,0.47257383966244726,1.24,Emax_ratio,MW <215 Da,237
nesso_495590d801032b663884,210.277,0.4767932489451477,1.24,Emax_ratio,MW <215 Da,237
nesso_53b2a625f665e93bbd8b,116.15999999999998,0.4810126582278481,1.24,Emax_ratio,MW <215 Da,237
nesso_9474265283cdf1ed4429,172.567,0.48523206751054854,1.24,Emax_ratio,MW <215 Da,237
nesso_9a1c697cce34ac53ffb7,142.18300000000002,0.48945147679324896,1.24,Emax_ratio,MW <215 Da,237
nesso_a9cf174fc972f9a8d9a1,164.20399999999998,0.4936708860759494,1.24,Emax_ratio,MW <215 Da,237
nesso_b53862ca4d9ff3561529,127.09899999999998,0.4978902953586498,1.24,Emax_ratio,MW <215 Da,237
nesso_b6c035deaa0aed1b6c49,200.26299999999998,0.5021097046413502,1.24,Emax_ratio,MW <215 Da,237
nesso_d2625ba76859535078a8,100.14599999999999,0.5063291139240507,1.24,Emax_ratio,MW <215 Da,237
nesso_e849b90b528be5f1119a,136.19799999999995,0.510548523206751,1.24,Emax_ratio,MW <215 Da,237
nesso_08e0c1444877859671ec,187.286,0.5147679324894515,1.25,Emax_ratio,MW <215 Da,237
nesso_0b558b99916ebe540e95,167.12,0.5189873417721519,1.25,Emax_ratio,MW <215 Da,237
nesso_388e61b456804a52d531,166.176,0.5232067510548524,1.25,Emax_ratio,MW <215 Da,237
nesso_5db214b6e9998d663a63,197.146,0.5274261603375527,1.25,Emax_ratio,MW <215 Da,237
nesso_74e8b2ae520d684d11f2,191.186,0.5316455696202531,1.25,Emax_ratio,MW <215 Da,237
nesso_e0f59516b17c2b1b6529,204.22499999999997,0.5358649789029536,1.25,Emax_ratio,MW <215 Da,237
nesso_ef5671cf9b774b3160dd,199.209,0.540084388185654,1.25,Emax_ratio,MW <215 Da,237
nesso_3971d4e59f7cbe236b77,123.11099999999998,0.5443037974683544,1.26,Emax_ratio,MW <215 Da,237
nesso_6a01f7c789865e2b5424,153.18099999999998,0.5485232067510548,1.26,Emax_ratio,MW <215 Da,237
nesso_a12b09c4ab1f58258ba6,152.149,0.5527426160337553,1.26,Emax_ratio,MW <215 Da,237
nesso_1ce12e2f7db889ccdff2,170.595,0.5569620253164557,1.27,Emax_ratio,MW <215 Da,237
nesso_3588abb62377c248d948,173.171,0.5611814345991561,1.27,Emax_ratio,MW <215 Da,237
nesso_369d05fc5ecc88166bfe,111.14399999999996,0.5654008438818565,1.27,Emax_ratio,MW <215 Da,237
nesso_493e94c5b6eaf3fa2f9a,188.61399999999998,0.569620253164557,1.27,Emax_ratio,MW <215 Da,237
nesso_7a8012c768ef002e2610,158.241,0.5738396624472574,1.27,Emax_ratio,MW <215 Da,237
nesso_86ea49450f3b5c58506e,129.109,0.5780590717299579,1.27,Emax_ratio,MW <215 Da,237
nesso_8b1ac076f400c11718b0,141.214,0.5822784810126582,1.27,Emax_ratio,MW <215 Da,237
nesso_ce0b7545dfb26b02a48f,164.21200000000002,0.5864978902953587,1.27,Emax_ratio,MW <215 Da,237
nesso_f5250c77df26ece917f0,195.57099999999997,0.5907172995780591,1.27,Emax_ratio,MW <215 Da,237
nesso_1446209e22908f8ea4e5,163.22400000000002,0.5949367088607594,1.28,Emax_ratio,MW <215 Da,237
nesso_4f8524d2587b424c6c2a,101.149,0.5991561181434599,1.28,Emax_ratio,MW <215 Da,237
nesso_7a9fc2375a12fa5e66a5,211.261,0.6033755274261603,1.28,Emax_ratio,MW <215 Da,237
nesso_88661e68b4a234cdaa13,109.12799999999999,0.6075949367088608,1.28,Emax_ratio,MW <215 Da,237
nesso_8f2bd49c37337f893e36,135.21,0.6118143459915611,1.28,Emax_ratio,MW <215 Da,237
nesso_9d3a826f5a3ea4ae72d9,174.558,0.6160337552742616,1.28,Emax_ratio,MW <215 Da,237
nesso_b39169d1f827be24ca4d,170.215,0.620253164556962,1.28,Emax_ratio,MW <215 Da,237
nesso_c2b6ae5c5245ae42388f,140.113,0.6244725738396625,1.28,Emax_ratio,MW <215 Da,237
nesso_c69d96a97e0c500c81ac,167.233,0.6286919831223629,1.28,Emax_ratio,MW <215 Da,237
nesso_c8922b4844a6370da6dc,166.17600000000002,0.6329113924050633,1.28,Emax_ratio,MW <215 Da,237
nesso_e342f30d4ef12f2abeac,121.18299999999995,0.6371308016877637,1.28,Emax_ratio,MW <215 Da,237
nesso_ee277cabea2cd7dd5c40,169.227,0.6413502109704642,1.28,Emax_ratio,MW <215 Da,237
nesso_06f2f9e4c8ea4b5fd272,203.672,0.6455696202531646,1.29,Emax_ratio,MW <215 Da,237
nesso_380e21a6099699315fd2,196.187,0.6497890295358649,1.29,Emax_ratio,MW <215 Da,237
nesso_3d58bacdf434227b1545,194.16099999999997,0.6540084388185654,1.29,Emax_ratio,MW <215 Da,237
nesso_4f01d9a62c80fae691f2,124.09899999999999,0.6582278481012658,1.29,Emax_ratio,MW <215 Da,237
nesso_56ced9f6b257bd2a4a19,135.20999999999998,0.6624472573839663,1.29,Emax_ratio,MW <215 Da,237
nesso_5d01efcc6f27977344fe,181.14699999999996,0.6666666666666666,1.29,Emax_ratio,MW <215 Da,237
nesso_86f590938d06200bb9fc,163.26399999999998,0.6708860759493671,1.29,Emax_ratio,MW <215 Da,237
nesso_b1bd48941e17e589ac5a,136.15,0.6751054852320675,1.29,Emax_ratio,MW <215 Da,237
nesso_cfe07c17f75d5eb08e2a,186.236,0.679324894514768,1.29,Emax_ratio,MW <215 Da,237
nesso_411e47c9437341dbbeea,167.296,0.6835443037974683,1.3,Emax_ratio,MW <215 Da,237
nesso_53f3850992ce69c0a77e,206.289,0.6877637130801688,1.3,Emax_ratio,MW <215 Da,237
nesso_6adf9c047bb89f5f9024,116.20800000000001,0.6919831223628692,1.3,Emax_ratio,MW <215 Da,237
nesso_b2a26d417c96cc2a099b,162.23599999999996,0.6962025316455697,1.3,Emax_ratio,MW <215 Da,237
nesso_ddbe7e870f20f6b490ce,83.134,0.70042194092827,1.3,Emax_ratio,MW <215 Da,237
nesso_f0051130567249b97900,196.27100000000002,0.7046413502109705,1.3,Emax_ratio,MW <215 Da,237
nesso_05c3665ea1a327497276,149.602,0.7088607594936709,1.31,Emax_ratio,MW <215 Da,237
nesso_97fd17ddc3adcd3d769a,102.13299999999998,0.7130801687763713,1.31,Emax_ratio,MW <215 Da,237
nesso_ab0a79a156d9ac237efc,127.574,0.7172995780590717,1.31,Emax_ratio,MW <215 Da,237
nesso_b59a9f76919343f78798,153.181,0.7215189873417721,1.31,Emax_ratio,MW <215 Da,237
nesso_da1dbab5862cdb414db5,159.232,0.7257383966244726,1.31,Emax_ratio,MW <215 Da,237
nesso_f90a47ddcf02144bf8ea,195.20299999999997,0.729957805907173,1.31,Emax_ratio,MW <215 Da,237
nesso_0748894f7a0e7ccd3972,162.019,0.7341772151898734,1.32,Emax_ratio,MW <215 Da,237
nesso_7e660cd2f66afd5bbacc,179.17499999999998,0.7383966244725738,1.32,Emax_ratio,MW <215 Da,237
nesso_dab11a90863c04a763c3,180.22599999999997,0.7426160337552743,1.32,Emax_ratio,MW <215 Da,237
nesso_fe29f30f066115dfe74e,153.181,0.7468354430379747,1.32,Emax_ratio,MW <215 Da,237
nesso_13497ed4d7bac3ef31f6,188.182,0.7510548523206751,1.33,Emax_ratio,MW <215 Da,237
nesso_42bca3eb87ae1af58d6b,206.123,0.7552742616033755,1.33,Emax_ratio,MW <215 Da,237
nesso_4f5d960ee79593ed1c2e,113.20400000000001,0.759493670886076,1.33,Emax_ratio,MW <215 Da,237
nesso_5c0a568495478cbf4b94,201.56499999999997,0.7637130801687764,1.33,Emax_ratio,MW <215 Da,237
nesso_47cb4771f4e72f363b4a,196.27499999999995,0.7679324894514767,1.34,Emax_ratio,MW <215 Da,237
nesso_4fcbf441c2b6849abd63,99.17699999999999,0.7721518987341772,1.34,Emax_ratio,MW <215 Da,237
nesso_6a513ad86737c84947e6,141.60099999999997,0.7763713080168776,1.34,Emax_ratio,MW <215 Da,237
nesso_8259eef705445212de84,194.253,0.7805907172995781,1.34,Emax_ratio,MW <215 Da,237
nesso_9488ed207b0172efb5ab,105.137,0.7848101265822784,1.34,Emax_ratio,MW <215 Da,237
nesso_df7af6abb9be2a4b8c8f,180.159,0.7890295358649789,1.34,Emax_ratio,MW <215 Da,237
nesso_5cec67a5d979fa13448c,179.13099999999997,0.7932489451476793,1.35,Emax_ratio,MW <215 Da,237
nesso_b47cbacec4985e12fa31,202.209,0.7974683544303798,1.35,Emax_ratio,MW <215 Da,237
nesso_3fc7bda7a88f64a524ab,85.06199999999998,0.8016877637130801,1.36,Emax_ratio,MW <215 Da,237
nesso_6da5f79cdde4613ecb7e,186.05200000000002,0.8059071729957806,1.36,Emax_ratio,MW <215 Da,237
nesso_6f266b2c3f7d35c065d7,145.143,0.810126582278481,1.36,Emax_ratio,MW <215 Da,237
nesso_adae48f2ef56d4375f36,213.28,0.8143459915611815,1.36,Emax_ratio,MW <215 Da,237
nesso_e7ae4ab52fcb757f67ca,100.16499999999999,0.8185654008438819,1.36,Emax_ratio,MW <215 Da,237
nesso_10d1cf5e4d4ba3fc72f1,181.19099999999997,0.8227848101265823,1.37,Emax_ratio,MW <215 Da,237
nesso_1dcc5011c8f83758c411,128.942,0.8270042194092827,1.37,Emax_ratio,MW <215 Da,237
nesso_35c6dffbf412c7cd962e,202.007,0.8312236286919831,1.37,Emax_ratio,MW <215 Da,237
nesso_5745d329876f24d0a5a4,165.19199999999998,0.8354430379746836,1.37,Emax_ratio,MW <215 Da,237
nesso_938bd120c2d5a85c7d52,108.144,0.8396624472573839,1.37,Emax_ratio,MW <215 Da,237
nesso_99543dc096e020200214,131.175,0.8438818565400844,1.37,Emax_ratio,MW <215 Da,237
nesso_a981ab78ea0d6214b752,175.27499999999998,0.8481012658227848,1.37,Emax_ratio,MW <215 Da,237
nesso_b8a4d574c509991cfb80,147.13299999999998,0.8523206751054853,1.37,Emax_ratio,MW <215 Da,237
nesso_e5acb782f5e87cdbfb7a,154.25699999999998,0.8565400843881856,1.37,Emax_ratio,MW <215 Da,237
nesso_0cb71db5b8cbc1c25cb1,191.01299999999998,0.8607594936708861,1.38,Emax_ratio,MW <215 Da,237
nesso_588c471f53fefb36753d,200.62099999999998,0.8649789029535865,1.38,Emax_ratio,MW <215 Da,237
nesso_65d133cceb198c12dbc7,87.16600000000001,0.869198312236287,1.38,Emax_ratio,MW <215 Da,237
nesso_6b8b5e9c6d5dde100899,150.177,0.8734177215189873,1.38,Emax_ratio,MW <215 Da,237
nesso_ecc52a281d3209621caf,214.22699999999998,0.8776371308016878,1.38,Emax_ratio,MW <215 Da,237
nesso_072e7ab30fca11ed5c19,212.20499999999998,0.8818565400843882,1.39,Emax_ratio,MW <215 Da,237
nesso_5923d0695fec7eb7d46a,92.119,0.8860759493670886,1.39,Emax_ratio,MW <215 Da,237
nesso_c92c970a2bd5e72b7a0b,191.013,0.890295358649789,1.39,Emax_ratio,MW <215 Da,237
nesso_8cc609c3f41364b2ea8f,156.56799999999998,0.8945147679324894,1.4,Emax_ratio,MW <215 Da,237
nesso_8dc42f73a5232c623df4,190.11999999999998,0.8987341772151899,1.4,Emax_ratio,MW <215 Da,237
nesso_90e259637118d32908db,61.083999999999996,0.9029535864978903,1.4,Emax_ratio,MW <215 Da,237
nesso_bba61eddedffe6be9d4e,194.23,0.9071729957805907,1.4,Emax_ratio,MW <215 Da,237
nesso_edbc73372d2cd7f9902c,150.20599999999996,0.9113924050632911,1.4,Emax_ratio,MW <215 Da,237
nesso_f654a08e571d6def4d88,212.24800000000002,0.9156118143459916,1.4,Emax_ratio,MW <215 Da,237
nesso_fed1bbeebcf8fd14a770,207.23299999999998,0.919831223628692,1.4,Emax_ratio,MW <215 Da,237
nesso_7722b1ac442db342c9cd,194.23000000000002,0.9240506329113924,1.42,Emax_ratio,MW <215 Da,237
nesso_94028d0820b0c944d9b7,121.183,0.9282700421940928,1.42,Emax_ratio,MW <215 Da,237
nesso_f244818747080c0ec0dd,180.15899999999996,0.9324894514767933,1.42,Emax_ratio,MW <215 Da,237
nesso_1b9c6ecebd642181dc94,158.201,0.9367088607594937,1.43,Emax_ratio,MW <215 Da,237
nesso_5143453c6ec8ca2aa5a0,152.14899999999997,0.9409282700421941,1.43,Emax_ratio,MW <215 Da,237
nesso_033f138490596d2a9e29,201.56499999999997,0.9451476793248945,1.45,Emax_ratio,MW <215 Da,237
nesso_633c5a5392c7ffdb3a1d,178.231,0.9493670886075949,1.45,Emax_ratio,MW <215 Da,237
nesso_9a2e4980548354839bb4,189.17,0.9535864978902954,1.45,Emax_ratio,MW <215 Da,237
nesso_430a6ffc67e08a6ec644,202.662,0.9578059071729957,1.46,Emax_ratio,MW <215 Da,237
nesso_b82ae6678193c1585415,170.13899999999998,0.9620253164556962,1.46,Emax_ratio,MW <215 Da,237
nesso_043d40bf4102f26688d6,188.182,0.9662447257383966,1.48,Emax_ratio,MW <215 Da,237
nesso_0e15f29135e27206b401,156.56799999999998,0.9704641350210971,1.48,Emax_ratio,MW <215 Da,237
nesso_ac65be04a36a64801e6f,153.181,0.9746835443037974,1.49,Emax_ratio,MW <215 Da,237
nesso_f9dade659f469b129b53,207.012,0.9789029535864979,1.52,Emax_ratio,MW <215 Da,237
nesso_84916a1e9fb472c49d89,212.65699999999998,0.9831223628691983,1.54,Emax_ratio,MW <215 Da,237
nesso_d0534da28d0600c2a7e6,193.15800000000002,0.9873417721518988,1.59,Emax_ratio,MW <215 Da,237
nesso_637fdf1686afd4f7e017,190.162,0.9915611814345991,1.62,Emax_ratio,MW <215 Da,237
nesso_83bdb68b2412ef11e19d,202.209,0.9957805907172996,1.76,Emax_ratio,MW <215 Da,237
nesso_53a4ef0199b4ff37a181,210.27999999999997,1.0,1.8,Emax_ratio,MW <215 Da,237
nesso_7ea657b21ae70a0a108a,481.33599999999996,0.000321853878339234,0.0032536748543859,raw_pEC50_SE,MW ≥215 Da,3107
nesso_0e4807595256e2b90de3,434.50300000000016,0.000643707756678468,0.0107,raw_pEC50_SE,MW ≥215 Da,3107
nesso_236f49e0336bab738d9b,354.3850000000001,0.0009655616350177019,0.0111,raw_pEC50_SE,MW ≥215 Da,3107
nesso_3f20b8cf58459bf7ce2a,335.41100000000006,0.001287415513356936,0.0112,raw_pEC50_SE,MW ≥215 Da,3107
nesso_43bbc459f3205877b81d,420.9180000000001,0.0016092693916961698,0.0115,raw_pEC50_SE,MW ≥215 Da,3107
nesso_024f48233e10c7c93853,346.4520000000001,0.0019311232700354038,0.0116,raw_pEC50_SE,MW ≥215 Da,3107
nesso_51c9afe2d7d13a57fe59,365.25200000000007,0.002252977148374638,0.012,raw_pEC50_SE,MW ≥215 Da,3107
nesso_3d6e36b1fe7705fccc49,244.207,0.002574831026713872,0.0122,raw_pEC50_SE,MW ≥215 Da,3107
nesso_94c2387666bd639102d4,426.36900000000014,0.002896684905053106,0.0144,raw_pEC50_SE,MW ≥215 Da,3107
nesso_11b416f12d5848aefbad,342.4240000000001,0.0032185387833923397,0.0154,raw_pEC50_SE,MW ≥215 Da,3107
nesso_163854d1077d6ad3ffae,299.296,0.003540392661731574,0.0157,raw_pEC50_SE,MW ≥215 Da,3107
nesso_9d5e01d5d2201f4aab51,325.4080000000001,0.0038622465400708077,0.0163,raw_pEC50_SE,MW ≥215 Da,3107
nesso_f3f7bb7ec67d45d86140,303.681,0.0041841004184100415,0.0168,raw_pEC50_SE,MW ≥215 Da,3107
nesso_1dff9e13b7bf5c50543e,552.7240000000003,0.004505954296749276,0.0201,raw_pEC50_SE,MW ≥215 Da,3107
nesso_42df2b115668613eecac,399.45000000000016,0.00482780817508851,0.0215,raw_pEC50_SE,MW ≥215 Da,3107
nesso_5479f877525366d52c97,326.377,0.005149662053427744,0.0216,raw_pEC50_SE,MW ≥215 Da,3107
nesso_13683545f9876d611009,359.52000000000015,0.0054715159317669775,0.0219,raw_pEC50_SE,MW ≥215 Da,3107
nesso_70836842ca1d9b3b9809,318.354,0.005793369810106212,0.0222,raw_pEC50_SE,MW ≥215 Da,3107
nesso_f05ea00b93ac5f064eaa,324.83299999999997,0.006115223688445446,0.0225,raw_pEC50_SE,MW ≥215 Da,3107
nesso_535535d49063d600a068,400.50400000000013,0.006437077566784679,0.0246,raw_pEC50_SE,MW ≥215 Da,3107
nesso_fca1bc784db1a8b816f6,384.50500000000005,0.0067589314451239136,0.0258,raw_pEC50_SE,MW ≥215 Da,3107
nesso_5a229045f5d70d851ea7,433.5520000000002,0.007080785323463148,0.0261,raw_pEC50_SE,MW ≥215 Da,3107
nesso_ed157dad9610950b8ab9,331.3870000000001,0.007402639201802382,0.0278,raw_pEC50_SE,MW ≥215 Da,3107
nesso_33eeb21d7d8e89cb4be8,395.4800000000002,0.007724493080141615,0.0281,raw_pEC50_SE,MW ≥215 Da,3107
nesso_9d20cf996a74ff93bc35,411.4520000000002,0.00804634695848085,0.0283,raw_pEC50_SE,MW ≥215 Da,3107
nesso_123e5bd38f076eed05e5,338.4040000000001,0.008368200836820083,0.0288,raw_pEC50_SE,MW ≥215 Da,3107
nesso_b8a8b861b6073539df72,369.29200000000003,0.008690054715159318,0.0296,raw_pEC50_SE,MW ≥215 Da,3107
nesso_c16be417e690f1faae3d,356.47400000000016,0.009011908593498551,0.0297725544755568,raw_pEC50_SE,MW ≥215 Da,3107
nesso_b6be5e106ffa9688cfdb,392.47100000000023,0.009333762471837787,0.0304,raw_pEC50_SE,MW ≥215 Da,3107
nesso_4c2c80c10ee992f6f23e,327.3840000000001,0.00965561635017702,0.0311,raw_pEC50_SE,MW ≥215 Da,3107
nesso_f56148d45bce8107496c,346.8390000000001,0.009977470228516253,0.0313,raw_pEC50_SE,MW ≥215 Da,3107
nesso_cc07ccb071202dc801b1,373.40000000000026,0.010299324106855488,0.031955633306195,raw_pEC50_SE,MW ≥215 Da,3107
nesso_f4c9649c7ae7e2603118,309.36500000000007,0.010621177985194722,0.0321705610768603,raw_pEC50_SE,MW ≥215 Da,3107
nesso_d39aa6961572f6a19c03,418.5840000000004,0.010943031863533955,0.0323,raw_pEC50_SE,MW ≥215 Da,3107
nesso_6e597c62ca860df49b5a,281.3589999999999,0.01126488574187319,0.0325,raw_pEC50_SE,MW ≥215 Da,3107
nesso_4e824a20b9892a97efda,361.48600000000005,0.011586739620212423,0.0326,raw_pEC50_SE,MW ≥215 Da,3107
nesso_0580923c52cbc5e08beb,473.6200000000004,0.011908593498551657,0.0331,raw_pEC50_SE,MW ≥215 Da,3107
nesso_34580e40835cf939b097,402.90300000000013,0.012230447376890892,0.0332238242831857,raw_pEC50_SE,MW ≥215 Da,3107
nesso_0bfe77a1e70aa038b2ee,353.40100000000007,0.012552301255230125,0.0336,raw_pEC50_SE,MW ≥215 Da,3107
nesso_9a422763397251be6418,318.38,0.012874155133569359,0.0337,raw_pEC50_SE,MW ≥215 Da,3107
nesso_cdb909ff31058c7f5851,385.86900000000014,0.013196009011908594,0.0338103534438787,raw_pEC50_SE,MW ≥215 Da,3107
nesso_f210542c819501074fe8,424.54500000000024,0.013517862890247827,0.0339,raw_pEC50_SE,MW ≥215 Da,3107
nesso_1d04d84136075b09735f,377.8530000000001,0.013839716768587062,0.033902986594104,raw_pEC50_SE,MW ≥215 Da,3107
nesso_07b485f36d511778181b,392.4840000000001,0.014161570646926296,0.034,raw_pEC50_SE,MW ≥215 Da,3107
nesso_c58375b525fa33f8e18e,408.9510000000001,0.014483424525265529,0.0344,raw_pEC50_SE,MW ≥215 Da,3107
nesso_1e80496ddbcea22b44b0,412.4930000000001,0.014805278403604764,0.0345,raw_pEC50_SE,MW ≥215 Da,3107
nesso_1e89fc986f26b3d55fe7,361.4450000000001,0.015127132281943997,0.034525389208523,raw_pEC50_SE,MW ≥215 Da,3107
nesso_32731657534592d95e6b,473.5940000000001,0.01544898616028323,0.0346,raw_pEC50_SE,MW ≥215 Da,3107
nesso_fa50ad07566cf5fea796,384.2950000000001,0.015770840038622464,0.0348776432690054,raw_pEC50_SE,MW ≥215 Da,3107
nesso_00acab1e8db124595e65,368.4620000000001,0.0160926939169617,0.034915505151723,raw_pEC50_SE,MW ≥215 Da,3107
nesso_ff0a63c9a2b40549cd92,509.6760000000005,0.016414547795300934,0.0351,raw_pEC50_SE,MW ≥215 Da,3107
nesso_8ef617dffd2592c7d893,355.207,0.016736401673640166,0.0357,raw_pEC50_SE,MW ≥215 Da,3107
nesso_fe5b5a38b277b03bfc5f,389.5170000000002,0.0170582555519794,0.0357,raw_pEC50_SE,MW ≥215 Da,3107
nesso_86288c8841bf08f2a281,394.3780000000001,0.017380109430318636,0.0358,raw_pEC50_SE,MW ≥215 Da,3107
nesso_8c52cfd3475198da0e71,413.3840000000001,0.017701963308657868,0.036,raw_pEC50_SE,MW ≥215 Da,3107
nesso_577dc37e8ce503e03047,423.52000000000027,0.018023817186997103,0.0362,raw_pEC50_SE,MW ≥215 Da,3107
nesso_5f3ff9e298eecb6987b7,374.5060000000001,0.018345671065336338,0.0362,raw_pEC50_SE,MW ≥215 Da,3107
nesso_8a4809ca73cf3c522fb4,1202.634999999999,0.018667524943675573,0.0363,raw_pEC50_SE,MW ≥215 Da,3107
nesso_c344f6ef0195bbc54067,336.43900000000014,0.018989378822014805,0.036384886972478,raw_pEC50_SE,MW ≥215 Da,3107
nesso_b74b0645c50a25eff7b6,382.4860000000003,0.01931123270035404,0.0364046700300936,raw_pEC50_SE,MW ≥215 Da,3107
nesso_d024090281176fb5a026,440.5210000000001,0.019633086578693275,0.0365,raw_pEC50_SE,MW ≥215 Da,3107
nesso_87cfd4f745dccb272ab1,347.89400000000023,0.019954940457032506,0.0366,raw_pEC50_SE,MW ≥215 Da,3107
nesso_a299fbb3c02320c0ccef,312.377,0.02027679433537174,0.0367,raw_pEC50_SE,MW ≥215 Da,3107
nesso_987c1c8f16ac92420633,340.423,0.020598648213710977,0.0368805165365128,raw_pEC50_SE,MW ≥215 Da,3107
nesso_f35f7dcc9aa0866154a0,368.4810000000001,0.02092050209205021,0.0369629882449998,raw_pEC50_SE,MW ≥215 Da,3107
nesso_70d32d953714169c602c,447.6230000000003,0.021242355970389443,0.0370427118337737,raw_pEC50_SE,MW ≥215 Da,3107
nesso_248c4f36574c5c291ced,358.8730000000001,0.02156420984872868,0.0371109822020382,raw_pEC50_SE,MW ≥215 Da,3107
nesso_6a69cab05ae5dc4d1420,449.5230000000002,0.02188606372706791,0.0373,raw_pEC50_SE,MW ≥215 Da,3107
nesso_7e0228110395a4d8b96d,380.5290000000002,0.022207917605407145,0.0374096578439311,raw_pEC50_SE,MW ≥215 Da,3107
nesso_dad8336ed8dbada8054e,333.43100000000004,0.02252977148374638,0.037540711234605,raw_pEC50_SE,MW ≥215 Da,3107
nesso_8ec29168a5d70a02d929,424.57000000000005,0.022851625362085612,0.0376,raw_pEC50_SE,MW ≥215 Da,3107
nesso_ef2c2c2da1961982e840,369.412,0.023173479240424847,0.037927298875612,raw_pEC50_SE,MW ≥215 Da,3107
nesso_80a50bca94b7bbb10939,501.47700000000026,0.023495333118764082,0.038,raw_pEC50_SE,MW ≥215 Da,3107
nesso_66c6cc52348645ef971a,429.3800000000002,0.023817186997103314,0.0381,raw_pEC50_SE,MW ≥215 Da,3107
nesso_31a054a3319645637763,394.25400000000013,0.02413904087544255,0.0384,raw_pEC50_SE,MW ≥215 Da,3107
nesso_d2ed3dba080285325b54,428.5360000000002,0.024460894753781784,0.0384,raw_pEC50_SE,MW ≥215 Da,3107
nesso_95d07d61f58173876f63,384.49500000000035,0.024782748632121016,0.0385,raw_pEC50_SE,MW ≥215 Da,3107
nesso_c3778e39c373d5ffc343,339.43900000000014,0.02510460251046025,0.0386136310128949,raw_pEC50_SE,MW ≥215 Da,3107
nesso_385938882b6626756025,810.9889999999998,0.025426456388799486,0.0387,raw_pEC50_SE,MW ≥215 Da,3107
nesso_e085433cf71a5d8f8ca4,398.423,0.025748310267138717,0.0387,raw_pEC50_SE,MW ≥215 Da,3107
nesso_5e1244c94c75f49cae9c,327.36100000000005,0.026070164145477952,0.0388,raw_pEC50_SE,MW ≥215 Da,3107
nesso_98127fe349c6c7b73e50,437.51500000000016,0.026392018023817188,0.0388,raw_pEC50_SE,MW ≥215 Da,3107
nesso_53ea6cd1b4755295051a,338.41100000000006,0.026713871902156423,0.0389899025389907,raw_pEC50_SE,MW ≥215 Da,3107
nesso_4f2d6266dcb7a57a35e2,348.47200000000015,0.027035725780495654,0.0393789601183169,raw_pEC50_SE,MW ≥215 Da,3107
nesso_58942ae2300e3edadf47,352.36000000000007,0.02735757965883489,0.0394,raw_pEC50_SE,MW ≥215 Da,3107
nesso_09abcf7d6c82938d682a,394.4410000000001,0.027679433537174124,0.0397,raw_pEC50_SE,MW ≥215 Da,3107
nesso_837c2e1a661a2664849c,355.46700000000004,0.028001287415513356,0.0397,raw_pEC50_SE,MW ≥215 Da,3107
nesso_27c400759f3456c5991d,341.4320000000001,0.02832314129385259,0.0397754949686361,raw_pEC50_SE,MW ≥215 Da,3107
nesso_2190387f1daf54ea878b,347.4190000000001,0.028644995172191826,0.0398,raw_pEC50_SE,MW ≥215 Da,3107
nesso_98dc63a4345d3006da56,414.4840000000002,0.028966849050531058,0.0401,raw_pEC50_SE,MW ≥215 Da,3107
nesso_4ed0c88c2267224608ab,301.781,0.029288702928870293,0.0401598369020592,raw_pEC50_SE,MW ≥215 Da,3107
nesso_ff8be28b2ec779290b68,343.21299999999997,0.029610556807209528,0.040274619799571,raw_pEC50_SE,MW ≥215 Da,3107
nesso_837cf8c8fe1fd252a1c0,323.4390000000001,0.02993241068554876,0.04035173478303,raw_pEC50_SE,MW ≥215 Da,3107
nesso_5c4b7dfedc815ff9909e,359.49500000000006,0.030254264563887995,0.0404,raw_pEC50_SE,MW ≥215 Da,3107
nesso_9c4ba5f6d5569a505d96,347.46200000000005,0.03057611844222723,0.0405,raw_pEC50_SE,MW ≥215 Da,3107
nesso_b9ad17f5c8f54fc9812e,404.47,0.03089797232056646,0.0405,raw_pEC50_SE,MW ≥215 Da,3107
nesso_98e443bff9c0d3e5fa7b,313.40100000000007,0.031219826198905697,0.0406,raw_pEC50_SE,MW ≥215 Da,3107
nesso_b7eb72d8532623946fe3,348.81500000000017,0.03154168007724493,0.0406,raw_pEC50_SE,MW ≥215 Da,3107
nesso_32333e01ddab6cf76565,281.286,0.03186353395558417,0.0407,raw_pEC50_SE,MW ≥215 Da,3107
nesso_07104036aa04c2df6f78,340.3010000000001,0.0321853878339234,0.0408,raw_pEC50_SE,MW ≥215 Da,3107
nesso_3043d10324fa63bb57a9,358.8290000000001,0.03250724171226263,0.0408,raw_pEC50_SE,MW ≥215 Da,3107
nesso_d914dc08ff5c86265e54,375.4940000000002,0.03282909559060187,0.0408814138698749,raw_pEC50_SE,MW ≥215 Da,3107
nesso_6b83d2a5ee526dcbd7d8,334.46000000000015,0.0331509494689411,0.0409,raw_pEC50_SE,MW ≥215 Da,3107
nesso_fe43ed54986d8cab38ef,822.9530000000003,0.03347280334728033,0.0409,raw_pEC50_SE,MW ≥215 Da,3107
nesso_7d85b87e4d052a5e113c,355.387,0.03379465722561957,0.041,raw_pEC50_SE,MW ≥215 Da,3107
nesso_bfb0bfdef3291e7f136a,333.4130000000001,0.0341165111039588,0.0412046720651918,raw_pEC50_SE,MW ≥215 Da,3107
nesso_2703e00f224199ae2dd2,368.4240000000002,0.034438364982298034,0.0414,raw_pEC50_SE,MW ≥215 Da,3107
nesso_4c3fb4510559904cbdf4,378.4760000000001,0.03476021886063727,0.0414,raw_pEC50_SE,MW ≥215 Da,3107
nesso_560860163c124e69d1a6,331.44100000000003,0.035082072738976504,0.0417,raw_pEC50_SE,MW ≥215 Da,3107
nesso_2547fd41fe4097c008e3,309.365,0.035403926617315735,0.042,raw_pEC50_SE,MW ≥215 Da,3107
nesso_dfc1feb8ffbc6b86293c,349.793,0.035725780495654974,0.0420157708485754,raw_pEC50_SE,MW ≥215 Da,3107
nesso_d4c46b4614465117c1f6,369.8700000000001,0.036047634373994206,0.0420521699796811,raw_pEC50_SE,MW ≥215 Da,3107
nesso_5d25ad52e1338fa8e1ce,409.9210000000001,0.03636948825233344,0.0421,raw_pEC50_SE,MW ≥215 Da,3107
nesso_b2898b31ad385ea6b7e4,458.3310000000001,0.036691342130672676,0.0421504744931774,raw_pEC50_SE,MW ≥215 Da,3107
nesso_f483d10c08a30d483199,314.4100000000001,0.03701319600901191,0.0421806235136466,raw_pEC50_SE,MW ≥215 Da,3107
nesso_3bb5814f22d7560281da,324.396,0.037335049887351146,0.0422,raw_pEC50_SE,MW ≥215 Da,3107
nesso_68ca5811da4876647c0e,410.9010000000002,0.03765690376569038,0.0422,raw_pEC50_SE,MW ≥215 Da,3107
nesso_7620da9c6e7538a7d8c1,312.34400000000005,0.03797875764402961,0.0422,raw_pEC50_SE,MW ≥215 Da,3107
nesso_18f3b98273616f39cb2f,435.4710000000003,0.03830061152236885,0.0422148374389858,raw_pEC50_SE,MW ≥215 Da,3107
nesso_a9c6d47a58486fbf7ef6,350.42199999999997,0.03862246540070808,0.0423,raw_pEC50_SE,MW ≥215 Da,3107
nesso_ad9e2600dca83ecefaa5,418.28400000000016,0.03894431927904731,0.0424,raw_pEC50_SE,MW ≥215 Da,3107
nesso_187ad8d20a0f13f7dbf0,382.4410000000001,0.03926617315738655,0.0425,raw_pEC50_SE,MW ≥215 Da,3107
nesso_7757532381cd373218e3,353.4620000000001,0.03958802703572578,0.0426,raw_pEC50_SE,MW ≥215 Da,3107
nesso_ae9fd596ccd030217a76,335.367,0.03990988091406501,0.0426,raw_pEC50_SE,MW ≥215 Da,3107
nesso_835eafa80da15b5719aa,348.4280000000001,0.04023173479240425,0.0429,raw_pEC50_SE,MW ≥215 Da,3107
nesso_f4e3552d4609a3004f37,391.46400000000006,0.04055358867074348,0.0429679240829714,raw_pEC50_SE,MW ≥215 Da,3107
nesso_27d474f30618353dd68e,439.53700000000026,0.040875442549082715,0.043,raw_pEC50_SE,MW ≥215 Da,3107
nesso_969c2d1b1b22746abc33,317.797,0.04119729642742195,0.043,raw_pEC50_SE,MW ≥215 Da,3107
nesso_7390d888938089fdad0a,414.48700000000014,0.041519150305761185,0.0432,raw_pEC50_SE,MW ≥215 Da,3107
nesso_897ada667ba44b4b0e71,401.5320000000002,0.04184100418410042,0.0433,raw_pEC50_SE,MW ≥215 Da,3107
nesso_cfd1c203a60ba38e9c0a,444.5820000000001,0.042162858062439655,0.0433,raw_pEC50_SE,MW ≥215 Da,3107
nesso_8ad1acd1f4ca5be64230,464.61300000000034,0.04248471194077889,0.0433084864662804,raw_pEC50_SE,MW ≥215 Da,3107
nesso_992947d8a724156ec053,325.8210000000002,0.04280656581911812,0.043338810551283,raw_pEC50_SE,MW ≥215 Da,3107
nesso_0342a4fec815b477aaee,409.38900000000007,0.04312841969745736,0.0434,raw_pEC50_SE,MW ≥215 Da,3107
nesso_4577e654d77d3c7b62ef,401.53200000000015,0.04345027357579659,0.0434609019694713,raw_pEC50_SE,MW ≥215 Da,3107
nesso_f92d388c9e832ab916b7,361.44500000000005,0.04377212745413582,0.0434735839332346,raw_pEC50_SE,MW ≥215 Da,3107
nesso_05964dbd2692b794b3bf,373.5410000000001,0.04409398133247506,0.0435,raw_pEC50_SE,MW ≥215 Da,3107
nesso_63ffe9c2765b8f391819,386.471,0.04441583521081429,0.0435,raw_pEC50_SE,MW ≥215 Da,3107
nesso_fd56cf811ede21d96a3f,402.46900000000016,0.04473768908915352,0.0435,raw_pEC50_SE,MW ≥215 Da,3107
nesso_0ac5b9249cda5d8b8b27,356.78400000000005,0.04505954296749276,0.0436,raw_pEC50_SE,MW ≥215 Da,3107
nesso_f75e213e6652d38c8324,297.85100000000006,0.04538139684583199,0.0436,raw_pEC50_SE,MW ≥215 Da,3107
nesso_872370c9b84f8dfa1160,352.4340000000001,0.045703250724171224,0.0439,raw_pEC50_SE,MW ≥215 Da,3107
nesso_af88ca61d6d07d86c997,347.41800000000006,0.04602510460251046,0.044,raw_pEC50_SE,MW ≥215 Da,3107
nesso_53bbe1c32f7007edf863,322.836,0.046346958480849694,0.0441,raw_pEC50_SE,MW ≥215 Da,3107
nesso_dbaafd2a737e5a6144fe,343.456,0.046668812359188926,0.0442746259159803,raw_pEC50_SE,MW ≥215 Da,3107
nesso_4e95052c22bdf8777cab,298.3900000000001,0.046990666237528164,0.0443,raw_pEC50_SE,MW ≥215 Da,3107
nesso_9127ffab525c03e9324d,303.36899999999997,0.047312520115867396,0.0444,raw_pEC50_SE,MW ≥215 Da,3107
nesso_ef193caaee1542b13be0,343.4960000000002,0.04763437399420663,0.0444,raw_pEC50_SE,MW ≥215 Da,3107
nesso_fb9d535aef633f39a815,354.50100000000015,0.047956227872545866,0.0445,raw_pEC50_SE,MW ≥215 Da,3107
nesso_157c74831d8d7a751690,328.441,0.0482780817508851,0.0445808254746365,raw_pEC50_SE,MW ≥215 Da,3107
nesso_850426cfc1df1ccec41c,329.40000000000003,0.04859993562922433,0.0446,raw_pEC50_SE,MW ≥215 Da,3107
nesso_23b1e0f8dae6d65c452c,441.5820000000002,0.04892178950756357,0.0447,raw_pEC50_SE,MW ≥215 Da,3107
nesso_c001b1917c379c71f19b,422.52200000000033,0.0492436433859028,0.0447,raw_pEC50_SE,MW ≥215 Da,3107
nesso_b510efa235c83277209f,344.4550000000001,0.04956549726424203,0.0448,raw_pEC50_SE,MW ≥215 Da,3107
nesso_fcca9725bebfc4c7a882,424.4280000000002,0.04988735114258127,0.0448,raw_pEC50_SE,MW ≥215 Da,3107
nesso_1d9c963e7f884427d214,371.4810000000001,0.0502092050209205,0.0449,raw_pEC50_SE,MW ≥215 Da,3107
nesso_1fc5fd9d0614fd7b2b9c,704.869,0.05053105889925973,0.0449,raw_pEC50_SE,MW ≥215 Da,3107
nesso_5ad25bac6eeba060abba,347.44000000000005,0.05085291277759897,0.0449,raw_pEC50_SE,MW ≥215 Da,3107
nesso_ac345419a8a5341a2df1,412.6380000000001,0.0511747666559382,0.0449,raw_pEC50_SE,MW ≥215 Da,3107
nesso_a2acdad0223ac6316b59,474.4210000000004,0.051496620534277435,0.04493289440933,raw_pEC50_SE,MW ≥215 Da,3107
nesso_b9b9a610a5c1c52f530e,370.4740000000002,0.05181847441261667,0.0449853865160676,raw_pEC50_SE,MW ≥215 Da,3107
nesso_5fbdac31f88b6335c388,384.5020000000002,0.052140328290955905,0.045,raw_pEC50_SE,MW ≥215 Da,3107
nesso_22717650ba31c92367ea,365.4770000000001,0.05246218216929514,0.0451,raw_pEC50_SE,MW ≥215 Da,3107
nesso_3acad043284520c27ae8,339.3450000000001,0.052784036047634375,0.0451,raw_pEC50_SE,MW ≥215 Da,3107
nesso_85eb0d13e5f1aa22c14c,369.85200000000003,0.05310588992597361,0.0451,raw_pEC50_SE,MW ≥215 Da,3107
nesso_49f02f2fbe96fd6a1e3f,346.3870000000001,0.053427743804312845,0.0452,raw_pEC50_SE,MW ≥215 Da,3107
nesso_0a41ff2458d7de729fb4,417.46600000000007,0.05374959768265208,0.0452983719354239,raw_pEC50_SE,MW ≥215 Da,3107
nesso_a2bad01d4d88c1b41c8e,328.456,0.05407145156099131,0.0454,raw_pEC50_SE,MW ≥215 Da,3107
nesso_bb897f3fc805b8b1b8cf,439.57800000000015,0.05439330543933055,0.0454,raw_pEC50_SE,MW ≥215 Da,3107
nesso_edbb71dca2fd136f695c,343.4270000000001,0.05471515931766978,0.0454,raw_pEC50_SE,MW ≥215 Da,3107
nesso_01ff8805d67f116e8b3b,400.45400000000006,0.05503701319600901,0.0455,raw_pEC50_SE,MW ≥215 Da,3107
nesso_65964cb57342e2a66f23,336.43899999999996,0.05535886707434825,0.0456,raw_pEC50_SE,MW ≥215 Da,3107
nesso_6a5eb23c694332d2e540,293.36600000000004,0.05568072095268748,0.0456,raw_pEC50_SE,MW ≥215 Da,3107
nesso_0ed67dbc163768cb5215,377.41000000000014,0.05600257483102671,0.0458,raw_pEC50_SE,MW ≥215 Da,3107
nesso_a5e90b2463a36e6324b1,401.4480000000001,0.05632442870936595,0.0458,raw_pEC50_SE,MW ≥215 Da,3107
nesso_d7f13b2d9fae32ca318a,313.788,0.05664628258770518,0.0458,raw_pEC50_SE,MW ≥215 Da,3107
nesso_4f2b5e7bd386e64498a0,318.39200000000005,0.056968136466044414,0.0459,raw_pEC50_SE,MW ≥215 Da,3107
nesso_acbe601dfc56e93a67c0,363.77300000000014,0.05728999034438365,0.0459,raw_pEC50_SE,MW ≥215 Da,3107
nesso_e4193018ae92eb07fcee,307.41900000000004,0.057611844222722884,0.0459,raw_pEC50_SE,MW ≥215 Da,3107
nesso_e477ec6ead56fb482c26,388.4800000000002,0.057933698101062116,0.0459,raw_pEC50_SE,MW ≥215 Da,3107
nesso_ec554cada19b80462c32,388.4710000000002,0.058255551979401354,0.0459,raw_pEC50_SE,MW ≥215 Da,3107
nesso_00dce94c2ecb99cae04c,397.298,0.058577405857740586,0.0459780654225468,raw_pEC50_SE,MW ≥215 Da,3107
nesso_5921d55059417edeed4d,356.46600000000007,0.05889925973607982,0.046,raw_pEC50_SE,MW ≥215 Da,3107
nesso_b77f13dbda65da008e4b,370.8830000000001,0.059221113614419056,0.046,raw_pEC50_SE,MW ≥215 Da,3107
nesso_9823833e8a73b9bcca72,374.4440000000001,0.05954296749275829,0.0462,raw_pEC50_SE,MW ≥215 Da,3107
nesso_f2c4576471400d6adb71,339.414,0.05986482137109752,0.0462,raw_pEC50_SE,MW ≥215 Da,3107
nesso_57f05b2c3259bcf649f8,338.517,0.06018667524943676,0.0463,raw_pEC50_SE,MW ≥215 Da,3107
nesso_dd1cbe52fa7f8d1711fe,329.7049999999999,0.06050852912777599,0.0463,raw_pEC50_SE,MW ≥215 Da,3107
nesso_0986d6843d17d29d4294,350.4180000000001,0.06083038300611522,0.0464,raw_pEC50_SE,MW ≥215 Da,3107
nesso_8169413375dd1dd4ed70,479.3890000000002,0.06115223688445446,0.0464,raw_pEC50_SE,MW ≥215 Da,3107
nesso_344188053fa18d05e7b1,403.407,0.06147409076279369,0.0464684032434943,raw_pEC50_SE,MW ≥215 Da,3107
nesso_693e6618d34a792edb49,307.41900000000004,0.06179594464113292,0.0465,raw_pEC50_SE,MW ≥215 Da,3107
nesso_8ae42f33eb3236bf1d99,311.336,0.06211779851947216,0.0465,raw_pEC50_SE,MW ≥215 Da,3107
nesso_99931b5fb427be002e05,342.37400000000025,0.06243965239781139,0.0466,raw_pEC50_SE,MW ≥215 Da,3107
nesso_d2b7f8ef298ab4694621,312.36899999999997,0.06276150627615062,0.0466,raw_pEC50_SE,MW ≥215 Da,3107
nesso_164eb514abdf1d06acf9,316.744,0.06308336015448986,0.0468,raw_pEC50_SE,MW ≥215 Da,3107
nesso_8c1a6d54a982e3d069d2,381.4610000000001,0.0634052140328291,0.0468,raw_pEC50_SE,MW ≥215 Da,3107
nesso_a9cad7381e9393576b2c,368.86400000000015,0.06372706791116833,0.0468,raw_pEC50_SE,MW ≥215 Da,3107
nesso_0cecb7e2163c07902542,398.5760000000002,0.06404892178950757,0.0469,raw_pEC50_SE,MW ≥215 Da,3107
nesso_f87d0a79a8462c5dd0e0,342.5080000000001,0.0643707756678468,0.0469,raw_pEC50_SE,MW ≥215 Da,3107
nesso_9d259ce41e2157fd91a0,357.4750000000001,0.06469262954618603,0.047,raw_pEC50_SE,MW ≥215 Da,3107
nesso_4e0731e4c43381047208,350.44700000000006,0.06501448342452526,0.0471,raw_pEC50_SE,MW ≥215 Da,3107
nesso_c84e0d3fc83db98f69db,345.4100000000001,0.0653363373028645,0.0471812727679107,raw_pEC50_SE,MW ≥215 Da,3107
nesso_d29a577a9ef286eca3ef,320.4220000000001,0.06565819118120374,0.0472,raw_pEC50_SE,MW ≥215 Da,3107
nesso_33977f85392f7277bf89,395.619,0.06598004505954297,0.0472949521619379,raw_pEC50_SE,MW ≥215 Da,3107
nesso_b3fd24796693c6da9d8c,387.27700000000004,0.0663018989378822,0.0473,raw_pEC50_SE,MW ≥215 Da,3107
nesso_f084e1d64130fd892ac2,347.34000000000003,0.06662375281622143,0.0474,raw_pEC50_SE,MW ≥215 Da,3107
nesso_047e49e07a88399011fc,360.461,0.06694560669456066,0.0474481295732508,raw_pEC50_SE,MW ≥215 Da,3107
nesso_85007d0663d9235e8e79,379.50400000000025,0.06726746057289991,0.0474930784430742,raw_pEC50_SE,MW ≥215 Da,3107
nesso_efca5487738be996b514,349.39000000000004,0.06758931445123914,0.0475,raw_pEC50_SE,MW ≥215 Da,3107
nesso_cae812d18ce22237f4c1,357.25500000000005,0.06791116832957837,0.0476425230230305,raw_pEC50_SE,MW ≥215 Da,3107
nesso_66ac3407b421580699b1,441.57800000000015,0.0682330222079176,0.0477,raw_pEC50_SE,MW ≥215 Da,3107
nesso_90b7367bad096a69c914,317.81600000000003,0.06855487608625684,0.0478,raw_pEC50_SE,MW ≥215 Da,3107
nesso_21d9d7c95548badf3593,442.95100000000025,0.06887672996459607,0.0478435209824695,raw_pEC50_SE,MW ≥215 Da,3107
nesso_e7f939f86a1b613a12c2,365.48100000000005,0.06919858384293531,0.048,raw_pEC50_SE,MW ≥215 Da,3107
nesso_6fc313d192a96c7e838e,318.421,0.06952043772127454,0.0480787115051973,raw_pEC50_SE,MW ≥215 Da,3107
nesso_f6d7b858b9bbb4402a5a,348.4460000000001,0.06984229159961378,0.0481,raw_pEC50_SE,MW ≥215 Da,3107
nesso_19e97d986c89a6befe00,289.34200000000004,0.07016414547795301,0.0482,raw_pEC50_SE,MW ≥215 Da,3107
nesso_9b7508d2e0e1d3bcd738,442.47500000000025,0.07048599935629224,0.0482,raw_pEC50_SE,MW ≥215 Da,3107
nesso_07d0b10af6a64c2b9249,423.5860000000003,0.07080785323463147,0.0484,raw_pEC50_SE,MW ≥215 Da,3107
nesso_2bb9f9071e6d5b00836d,381.46700000000004,0.07112970711297072,0.0484,raw_pEC50_SE,MW ≥215 Da,3107
nesso_815140b31499658462ef,331.86500000000007,0.07145156099130995,0.0485,raw_pEC50_SE,MW ≥215 Da,3107
nesso_c43511bb41500799bdf1,343.452,0.07177341486964918,0.0485,raw_pEC50_SE,MW ≥215 Da,3107
nesso_2c208751e48b111d1d75,344.4590000000001,0.07209526874798841,0.0486,raw_pEC50_SE,MW ≥215 Da,3107
nesso_1afe54bdc8adf2cdbaaa,428.5370000000002,0.07241712262632764,0.0487,raw_pEC50_SE,MW ≥215 Da,3107
nesso_afaac2846043cc3ae612,359.48,0.07273897650466687,0.0487,raw_pEC50_SE,MW ≥215 Da,3107
nesso_134cc2f4e791cab4690a,367.4200000000002,0.07306083038300612,0.0488,raw_pEC50_SE,MW ≥215 Da,3107
nesso_a139602a3a40407a6d0e,326.40399999999994,0.07338268426134535,0.0488,raw_pEC50_SE,MW ≥215 Da,3107
nesso_e8a718af640327bf3b84,331.4160000000001,0.07370453813968458,0.0488,raw_pEC50_SE,MW ≥215 Da,3107
nesso_5d4131b1786c3f4c66fe,319.408,0.07402639201802381,0.0489,raw_pEC50_SE,MW ≥215 Da,3107
nesso_96cdeaeb08d7a9e6bac8,334.36600000000016,0.07434824589636305,0.0489,raw_pEC50_SE,MW ≥215 Da,3107
nesso_913aefd11aca52d0d6e6,444.5310000000003,0.07467009977470229,0.0489764484216648,raw_pEC50_SE,MW ≥215 Da,3107
nesso_1f6cfa771cee8f47bbd8,376.5,0.07499195365304152,0.049,raw_pEC50_SE,MW ≥215 Da,3107
nesso_abbba37666b2e722729c,364.4490000000001,0.07531380753138076,0.0491,raw_pEC50_SE,MW ≥215 Da,3107
nesso_4adf82aa64064a501d9d,341.4110000000001,0.07563566140971999,0.0492,raw_pEC50_SE,MW ≥215 Da,3107
nesso_c7745502a496ed54f404,356.4700000000001,0.07595751528805922,0.049220778132817,raw_pEC50_SE,MW ≥215 Da,3107
nesso_197a8ed6ad2d7d9f7ae9,328.38699999999994,0.07627936916639845,0.0493,raw_pEC50_SE,MW ≥215 Da,3107
nesso_c756cc7dd64e60f8a8b5,392.37700000000007,0.0766012230447377,0.0493,raw_pEC50_SE,MW ≥215 Da,3107
nesso_375034f68e3bca31a4cf,390.48400000000004,0.07692307692307693,0.0494,raw_pEC50_SE,MW ≥215 Da,3107
nesso_4495c1742b936211fcf1,405.5020000000002,0.07724493080141616,0.0494,raw_pEC50_SE,MW ≥215 Da,3107
nesso_bee2aaacbb8a5300554a,341.4110000000001,0.07756678467975539,0.0494,raw_pEC50_SE,MW ≥215 Da,3107
nesso_2248d59bbe128b8cd4f3,436.53700000000015,0.07788863855809462,0.0495,raw_pEC50_SE,MW ≥215 Da,3107
nesso_534c89cc5c17f3e61528,410.9050000000001,0.07821049243643385,0.0495,raw_pEC50_SE,MW ≥215 Da,3107
nesso_6b8f33b27cded3f2ef1a,418.44600000000014,0.0785323463147731,0.0495,raw_pEC50_SE,MW ≥215 Da,3107
nesso_778201f776138875cd94,325.412,0.07885420019311233,0.0495,raw_pEC50_SE,MW ≥215 Da,3107
nesso_8d9191a43c6c5b823d0e,340.42600000000004,0.07917605407145156,0.0495774142125222,raw_pEC50_SE,MW ≥215 Da,3107
nesso_0fa1330408a4fa8c1650,455.5880000000002,0.0794979079497908,0.0495996471761644,raw_pEC50_SE,MW ≥215 Da,3107
nesso_e22d10938738c2b838ba,391.46200000000005,0.07981976182813003,0.0496,raw_pEC50_SE,MW ≥215 Da,3107
nesso_168c6e9bd9da79ac0a26,313.401,0.08014161570646926,0.0497,raw_pEC50_SE,MW ≥215 Da,3107
nesso_3fed9cf30c5b149e95e8,350.42200000000014,0.0804634695848085,0.0497,raw_pEC50_SE,MW ≥215 Da,3107
nesso_c7f0a9aa6e0decf57f25,369.46500000000026,0.08078532346314773,0.0497,raw_pEC50_SE,MW ≥215 Da,3107
nesso_4d11f4d42e00ffec57bd,440.5870000000003,0.08110717734148697,0.0498,raw_pEC50_SE,MW ≥215 Da,3107
nesso_64a14d4fb06649a81618,391.474,0.0814290312198262,0.0499,raw_pEC50_SE,MW ≥215 Da,3107
nesso_96cebc83d60f4402cef5,367.4490000000001,0.08175088509816543,0.0499,raw_pEC50_SE,MW ≥215 Da,3107
nesso_ad59aa7a9ac644341844,406.57300000000026,0.08207273897650466,0.0499,raw_pEC50_SE,MW ≥215 Da,3107
nesso_9a2ece26c1da298bad76,402.37600000000003,0.0823945928548439,0.05,raw_pEC50_SE,MW ≥215 Da,3107
nesso_eee00ef1834303882df1,398.5280000000002,0.08271644673318314,0.05,raw_pEC50_SE,MW ≥215 Da,3107
nesso_22263a3ec9c50e1ebbe5,301.39000000000004,0.08303830061152237,0.0501,raw_pEC50_SE,MW ≥215 Da,3107
nesso_563fa5e31fe2d67cb00a,343.4480000000001,0.0833601544898616,0.0501,raw_pEC50_SE,MW ≥215 Da,3107
nesso_655d90620cb2e0f3e838,364.37600000000003,0.08368200836820083,0.0501,raw_pEC50_SE,MW ≥215 Da,3107
nesso_fca0abcf66669e0c3d01,354.4540000000001,0.08400386224654006,0.0501,raw_pEC50_SE,MW ≥215 Da,3107
nesso_8e4c1d0cc90b32be0228,362.2710000000002,0.08432571612487931,0.0502,raw_pEC50_SE,MW ≥215 Da,3107
nesso_b639f8574d07bd34e1d4,308.32800000000003,0.08464757000321854,0.0502,raw_pEC50_SE,MW ≥215 Da,3107
nesso_f1f223be7715db670638,479.50500000000034,0.08496942388155777,0.0502,raw_pEC50_SE,MW ≥215 Da,3107
nesso_86b83ae9be30507613fa,326.46900000000016,0.085291277759897,0.0503,raw_pEC50_SE,MW ≥215 Da,3107
nesso_e444f4c71ca4560abffa,309.7970000000001,0.08561313163823624,0.0505,raw_pEC50_SE,MW ≥215 Da,3107
nesso_42542a02f8e792d992f0,338.41499999999996,0.08593498551657547,0.0506804942754113,raw_pEC50_SE,MW ≥215 Da,3107
nesso_6b5d387b946b19fe6bd6,414.52700000000016,0.08625683939491471,0.0507463545488737,raw_pEC50_SE,MW ≥215 Da,3107
nesso_ad62b888f9ebb8f824cb,311.43299999999994,0.08657869327325395,0.0508,raw_pEC50_SE,MW ≥215 Da,3107
nesso_886e3fbe22f5bdccf15e,344.41500000000013,0.08690054715159318,0.0509,raw_pEC50_SE,MW ≥215 Da,3107
nesso_05d03d8f54efa7eace00,347.2160000000001,0.08722240102993241,0.0511,raw_pEC50_SE,MW ≥215 Da,3107
nesso_b31ccd4261bcc07842e4,392.50300000000016,0.08754425490827164,0.0513,raw_pEC50_SE,MW ≥215 Da,3107
nesso_864e5a813b130e9dfff6,418.5050000000001,0.08786610878661087,0.0514,raw_pEC50_SE,MW ≥215 Da,3107
nesso_1516e827c0784e7758b2,370.49700000000024,0.08818796266495012,0.0515,raw_pEC50_SE,MW ≥215 Da,3107
nesso_361b3565abf811e2a562,373.4820000000001,0.08850981654328935,0.0516,raw_pEC50_SE,MW ≥215 Da,3107
nesso_37c5a5c9da34c9247fd4,442.5670000000002,0.08883167042162858,0.0516,raw_pEC50_SE,MW ≥215 Da,3107
nesso_3b65694ba919f8f41f41,353.4740000000001,0.08915352429996781,0.0516,raw_pEC50_SE,MW ≥215 Da,3107
nesso_56875dda504865169d6c,385.47100000000023,0.08947537817830704,0.0517,raw_pEC50_SE,MW ≥215 Da,3107
nesso_33aabcbee2fb30a18fc1,421.5260000000002,0.08979723205664629,0.0518,raw_pEC50_SE,MW ≥215 Da,3107
nesso_707cfd0ccee93a730bff,398.4820000000002,0.09011908593498552,0.0518,raw_pEC50_SE,MW ≥215 Da,3107
nesso_ad5b92340e59e844d1f4,454.48600000000005,0.09044093981332475,0.0518,raw_pEC50_SE,MW ≥215 Da,3107
nesso_f23bcbe4cf2eeb27cbd9,439.5630000000002,0.09076279369166398,0.0518,raw_pEC50_SE,MW ≥215 Da,3107
nesso_fc4a5b7748dacaa0e7df,384.9070000000002,0.09108464757000322,0.0518,raw_pEC50_SE,MW ≥215 Da,3107
nesso_63f909794ebdd3ba5c2b,349.50000000000017,0.09140650144834245,0.0519,raw_pEC50_SE,MW ≥215 Da,3107
nesso_d1be3750c6b50b8efe41,367.38400000000007,0.0917283553266817,0.0519,raw_pEC50_SE,MW ≥215 Da,3107
nesso_00e9be39e7ebc5483a43,439.2990000000002,0.09205020920502092,0.052,raw_pEC50_SE,MW ≥215 Da,3107
nesso_a90486a87750c118a819,393.40500000000003,0.09237206308336016,0.052,raw_pEC50_SE,MW ≥215 Da,3107
nesso_85a12b3d0a6bc722270d,320.339,0.09269391696169939,0.0522,raw_pEC50_SE,MW ≥215 Da,3107
nesso_a9ce52ceb8409ceaff83,407.42100000000005,0.09301577084003862,0.0522,raw_pEC50_SE,MW ≥215 Da,3107
nesso_c00143a2756a7e04cb28,348.41000000000014,0.09333762471837785,0.0522,raw_pEC50_SE,MW ≥215 Da,3107
nesso_c68cb61a5303d186e9e6,347.4400000000002,0.0936594785967171,0.0522,raw_pEC50_SE,MW ≥215 Da,3107
nesso_310e19deaab7eb61267c,406.3760000000002,0.09398133247505633,0.0523,raw_pEC50_SE,MW ≥215 Da,3107
nesso_864c5862e1a453d65ecd,329.23300000000006,0.09430318635339556,0.0524,raw_pEC50_SE,MW ≥215 Da,3107
nesso_884500aab000c4fdac43,377.4880000000002,0.09462504023173479,0.0524,raw_pEC50_SE,MW ≥215 Da,3107
nesso_a780b31d16b416b64ebc,375.4150000000002,0.09494689411007402,0.0525,raw_pEC50_SE,MW ≥215 Da,3107
nesso_35109f38f6a43644b819,463.4970000000003,0.09526874798841325,0.0526,raw_pEC50_SE,MW ≥215 Da,3107
nesso_5d5bd272993eb2a7e0f9,335.83500000000004,0.0955906018667525,0.0526,raw_pEC50_SE,MW ≥215 Da,3107
nesso_92fdca2359c213867887,446.5690000000003,0.09591245574509173,0.0526,raw_pEC50_SE,MW ≥215 Da,3107
nesso_73e8d120e4c5f14f1a94,384.39500000000015,0.09623430962343096,0.0527,raw_pEC50_SE,MW ≥215 Da,3107
nesso_990512985c34a89051ab,409.5550000000003,0.0965561635017702,0.0527,raw_pEC50_SE,MW ≥215 Da,3107
nesso_ecda94899ae113f1a33b,408.6830000000001,0.09687801738010943,0.0528,raw_pEC50_SE,MW ≥215 Da,3107
nesso_eeecfaf9683cb007193c,320.408,0.09719987125844866,0.0528,raw_pEC50_SE,MW ≥215 Da,3107
nesso_4cc1f16f15ba47968a31,347.415,0.0975217251367879,0.0529,raw_pEC50_SE,MW ≥215 Da,3107
nesso_4d8e57ec519e3aa81ba8,362.4290000000002,0.09784357901512714,0.0529,raw_pEC50_SE,MW ≥215 Da,3107
nesso_03c11776c28ec94f56c7,350.46600000000007,0.09816543289346637,0.0530174028032305,raw_pEC50_SE,MW ≥215 Da,3107
nesso_51c0fcbcc218bdc9a190,276.38,0.0984872867718056,0.0532,raw_pEC50_SE,MW ≥215 Da,3107
nesso_78225055b2f2040f2bc1,379.4410000000001,0.09880914065014483,0.0532,raw_pEC50_SE,MW ≥215 Da,3107
nesso_d258e7ccbcd9084808e5,345.48300000000023,0.09913099452848406,0.0532,raw_pEC50_SE,MW ≥215 Da,3107
nesso_0373990e427e9e846d45,348.4100000000001,0.09945284840682331,0.0533,raw_pEC50_SE,MW ≥215 Da,3107
nesso_c08c580cd07441178806,393.4620000000001,0.09977470228516254,0.0533411895255439,raw_pEC50_SE,MW ≥215 Da,3107
nesso_436474ab34e9388784fd,352.4090000000001,0.10009655616350177,0.0534,raw_pEC50_SE,MW ≥215 Da,3107
nesso_578f16fed5e8625447f1,346.45900000000006,0.100418410041841,0.0534,raw_pEC50_SE,MW ≥215 Da,3107
nesso_7613f236fe205e47bfe4,317.476,0.10074026392018023,0.0534,raw_pEC50_SE,MW ≥215 Da,3107
nesso_97dada64cebff6949428,445.48200000000014,0.10106211779851947,0.0534,raw_pEC50_SE,MW ≥215 Da,3107
nesso_24d00aa2b57115968d9a,395.45500000000027,0.10138397167685871,0.0535,raw_pEC50_SE,MW ≥215 Da,3107
nesso_344f0d2f66fddd9faa65,341.45500000000004,0.10170582555519794,0.0535,raw_pEC50_SE,MW ≥215 Da,3107
nesso_c297a799914ffd495c45,395.4340000000002,0.10202767943353717,0.0535,raw_pEC50_SE,MW ≥215 Da,3107
nesso_291a328330f5082163fa,377.36999999999995,0.1023495333118764,0.0536,raw_pEC50_SE,MW ≥215 Da,3107
nesso_4e5cd674ffc53c65b2d1,346.861,0.10267138719021564,0.0536,raw_pEC50_SE,MW ≥215 Da,3107
nesso_911126cd5bdbc5f7ab12,318.4420000000002,0.10299324106855487,0.0536,raw_pEC50_SE,MW ≥215 Da,3107
nesso_fbaf840480ce60c21d3e,355.26500000000016,0.10331509494689411,0.0536,raw_pEC50_SE,MW ≥215 Da,3107
nesso_2d59c97a10e2bd11da80,350.41800000000006,0.10363694882523335,0.0537,raw_pEC50_SE,MW ≥215 Da,3107
nesso_52edfae54eac736adec9,395.2970000000002,0.10395880270357258,0.0537,raw_pEC50_SE,MW ≥215 Da,3107
nesso_2eaf35d2a8720bfe25a0,306.328,0.10428065658191181,0.0538,raw_pEC50_SE,MW ≥215 Da,3107
nesso_4cc2249024ba721b2572,365.4770000000002,0.10460251046025104,0.0538,raw_pEC50_SE,MW ≥215 Da,3107
nesso_82eb9db7b265cdc6712a,318.38000000000005,0.10492436433859029,0.0538,raw_pEC50_SE,MW ≥215 Da,3107
nesso_2875eb66b42a217c45bf,345.324,0.10524621821692952,0.0539,raw_pEC50_SE,MW ≥215 Da,3107
nesso_9b7a57e1efba2508a24b,376.5000000000002,0.10556807209526875,0.054,raw_pEC50_SE,MW ≥215 Da,3107
nesso_ac366aca850334a088ef,371.4400000000001,0.10588992597360798,0.0541,raw_pEC50_SE,MW ≥215 Da,3107
nesso_d4030381944ba4b0eae5,264.32500000000005,0.10621177985194721,0.0541,raw_pEC50_SE,MW ≥215 Da,3107
nesso_7263a0b15df5d9e9f902,329.8490000000001,0.10653363373028645,0.0542,raw_pEC50_SE,MW ≥215 Da,3107
nesso_38be8b487e33ecd0f6df,382.47900000000016,0.10685548760862569,0.0543,raw_pEC50_SE,MW ≥215 Da,3107
nesso_437c40b032062d1b6c85,338.4150000000001,0.10717734148696492,0.0544,raw_pEC50_SE,MW ≥215 Da,3107
nesso_6bf5ce03df3e151a0198,457.5380000000002,0.10749919536530415,0.0544,raw_pEC50_SE,MW ≥215 Da,3107
nesso_9e9eba16d495d8c47153,378.51600000000013,0.10782104924364339,0.0545,raw_pEC50_SE,MW ≥215 Da,3107
nesso_a916cfe0d843ed87c813,400.5000000000001,0.10814290312198262,0.0545057107099797,raw_pEC50_SE,MW ≥215 Da,3107
nesso_581bd167d6aee9cf4898,426.4980000000002,0.10846475700032185,0.0546,raw_pEC50_SE,MW ≥215 Da,3107
nesso_71267b95a32ed1e24ada,321.3320000000001,0.1087866108786611,0.0546,raw_pEC50_SE,MW ≥215 Da,3107
nesso_c42d8a4da99cde72ef99,352.4820000000001,0.10910846475700033,0.0546,raw_pEC50_SE,MW ≥215 Da,3107
nesso_0176ed6ddb7f5774b92b,349.4590000000001,0.10943031863533956,0.0547,raw_pEC50_SE,MW ≥215 Da,3107
nesso_278c2ad25e8d6d4ff7e8,354.86300000000006,0.10975217251367879,0.0548,raw_pEC50_SE,MW ≥215 Da,3107
nesso_538bbb3c8555157cb318,403.4040000000001,0.11007402639201802,0.0549,raw_pEC50_SE,MW ≥215 Da,3107
nesso_a5ebc8876992852e21be,331.4600000000002,0.11039588027035725,0.0549,raw_pEC50_SE,MW ≥215 Da,3107
nesso_e5518af5e6fbc87348fa,369.4900000000001,0.1107177341486965,0.0549,raw_pEC50_SE,MW ≥215 Da,3107
nesso_13a54510f2d781213ec5,280.37500000000006,0.11103958802703573,0.0551,raw_pEC50_SE,MW ≥215 Da,3107
nesso_b5962a7678c461a310b6,368.52500000000015,0.11136144190537496,0.0551,raw_pEC50_SE,MW ≥215 Da,3107
nesso_dbe1731b14be408f8d26,347.4360000000001,0.11168329578371419,0.0551,raw_pEC50_SE,MW ≥215 Da,3107
nesso_163c44c446d01dc6cbd5,425.5140000000002,0.11200514966205342,0.0552,raw_pEC50_SE,MW ≥215 Da,3107
nesso_7cab5cb4dd6c1826757a,363.5270000000001,0.11232700354039266,0.0553,raw_pEC50_SE,MW ≥215 Da,3107
nesso_76d3ddd2abb2806ffc87,304.4150000000001,0.1126488574187319,0.0554,raw_pEC50_SE,MW ≥215 Da,3107
nesso_88219f172d7c03a07ec8,320.37399999999997,0.11297071129707113,0.0554,raw_pEC50_SE,MW ≥215 Da,3107
nesso_deac59e3e5a39ffdedcf,337.4230000000001,0.11329256517541036,0.0554,raw_pEC50_SE,MW ≥215 Da,3107
nesso_f1a9a87c213d95e7935d,349.4520000000001,0.1136144190537496,0.0554301362076623,raw_pEC50_SE,MW ≥215 Da,3107
nesso_c4188e07ab9f66b6d823,382.25700000000006,0.11393627293208883,0.0555,raw_pEC50_SE,MW ≥215 Da,3107
nesso_6e44235221c701f19e5b,360.888,0.11425812681042806,0.0556,raw_pEC50_SE,MW ≥215 Da,3107
nesso_b469c89460068b2e680a,380.4910000000001,0.1145799806887673,0.0556,raw_pEC50_SE,MW ≥215 Da,3107
nesso_c204d3b18a77350fc60c,335.407,0.11490183456710654,0.0556,raw_pEC50_SE,MW ≥215 Da,3107
nesso_401f00a086348d7e832d,446.5320000000002,0.11522368844544577,0.0557,raw_pEC50_SE,MW ≥215 Da,3107
nesso_533fd56ec3eadbbe9c54,396.95300000000003,0.115545542323785,0.0559,raw_pEC50_SE,MW ≥215 Da,3107
nesso_62a9203342fc8d162e9b,338.4550000000001,0.11586739620212423,0.0559,raw_pEC50_SE,MW ≥215 Da,3107
nesso_ecd7b72ade134daf410c,337.3830000000001,0.11618925008046346,0.056,raw_pEC50_SE,MW ≥215 Da,3107
nesso_8bf275737ec22f0f7a69,351.497,0.11651110395880271,0.0561,raw_pEC50_SE,MW ≥215 Da,3107
nesso_be905e07f16df07444f6,297.38300000000004,0.11683295783714194,0.0561,raw_pEC50_SE,MW ≥215 Da,3107
nesso_9d4740c313e93cdf7501,384.4760000000001,0.11715481171548117,0.0562,raw_pEC50_SE,MW ≥215 Da,3107
nesso_c2b4f1f7f6d19ac6a48a,378.4470000000002,0.1174766655938204,0.0562800142146392,raw_pEC50_SE,MW ≥215 Da,3107
nesso_314c7c23bd8c1a1d75f5,334.4190000000001,0.11779851947215964,0.0563,raw_pEC50_SE,MW ≥215 Da,3107
nesso_042ad2513e1686c56e2e,318.41700000000003,0.11812037335049887,0.0563920428784061,raw_pEC50_SE,MW ≥215 Da,3107
nesso_98f0bac6622a2cd75064,328.4120000000001,0.11844222722883811,0.0564,raw_pEC50_SE,MW ≥215 Da,3107
nesso_c35133fd4efd05cdef1b,339.2220000000001,0.11876408110717734,0.0564,raw_pEC50_SE,MW ≥215 Da,3107
nesso_0e3de97115d58066fc44,401.4220000000001,0.11908593498551658,0.0565,raw_pEC50_SE,MW ≥215 Da,3107
nesso_bd91b25b797b69670e84,401.5320000000002,0.11940778886385581,0.0565,raw_pEC50_SE,MW ≥215 Da,3107
nesso_33533db9a46440a69123,277.39300000000003,0.11972964274219504,0.0566,raw_pEC50_SE,MW ≥215 Da,3107
nesso_6c6327c4462758aa66e8,333.391,0.12005149662053428,0.0566,raw_pEC50_SE,MW ≥215 Da,3107
nesso_cd31d64d2d61becf007a,401.4060000000001,0.12037335049887352,0.0566,raw_pEC50_SE,MW ≥215 Da,3107
nesso_fbe2046d026726da7d99,330.34400000000005,0.12069520437721275,0.0566,raw_pEC50_SE,MW ≥215 Da,3107
nesso_b36d3369cf4a06608208,367.40000000000015,0.12101705825555198,0.0567633024056916,raw_pEC50_SE,MW ≥215 Da,3107
nesso_293526b5dcdebb10b5a3,309.369,0.12133891213389121,0.0568,raw_pEC50_SE,MW ≥215 Da,3107
nesso_76a6b83159e61add5edd,418.92400000000015,0.12166076601223044,0.0568,raw_pEC50_SE,MW ≥215 Da,3107
nesso_4c97d244b33292039b5f,448.4660000000003,0.12198261989056969,0.0569,raw_pEC50_SE,MW ≥215 Da,3107
nesso_868274875febf1223258,398.41,0.12230447376890892,0.0569,raw_pEC50_SE,MW ≥215 Da,3107
nesso_8850ec75c2174ded8c2d,384.84100000000024,0.12262632764724815,0.0569,raw_pEC50_SE,MW ≥215 Da,3107
nesso_a842026d29f92e69df26,428.53200000000015,0.12294818152558738,0.0569,raw_pEC50_SE,MW ≥215 Da,3107
nesso_a429321beefa20c7ad53,348.45000000000005,0.12327003540392661,0.057,raw_pEC50_SE,MW ≥215 Da,3107
nesso_dfd2d0bf237a20eb8564,351.5120000000001,0.12359188928226585,0.057,raw_pEC50_SE,MW ≥215 Da,3107
nesso_73dfed7967b5900a6a77,376.45600000000013,0.12391374316060509,0.0571,raw_pEC50_SE,MW ≥215 Da,3107
nesso_4f3163c0b91d57d5add4,360.461,0.12423559703894432,0.0572,raw_pEC50_SE,MW ≥215 Da,3107
nesso_a6807f83fadc446c9263,388.8030000000001,0.12455745091728355,0.0572,raw_pEC50_SE,MW ≥215 Da,3107
nesso_b11b63b0adf22cd82865,332.36700000000013,0.12487930479562279,0.0572,raw_pEC50_SE,MW ≥215 Da,3107
nesso_ef692d254a223beb4221,378.4760000000002,0.12520115867396203,0.0572,raw_pEC50_SE,MW ≥215 Da,3107
nesso_230a3d7e30d8c717fb65,362.47000000000025,0.12552301255230125,0.0574,raw_pEC50_SE,MW ≥215 Da,3107
nesso_5b72916a351d1a553ff7,308.403,0.1258448664306405,0.0574,raw_pEC50_SE,MW ≥215 Da,3107
nesso_67fc5f0d2f2adf4b6f8d,339.391,0.1261667203089797,0.0574,raw_pEC50_SE,MW ≥215 Da,3107
nesso_c3eecf3d4c7c36725b28,313.4010000000001,0.12648857418731896,0.0574,raw_pEC50_SE,MW ≥215 Da,3107
nesso_c5f683dca386d4da9f40,504.54100000000034,0.1268104280656582,0.0574,raw_pEC50_SE,MW ≥215 Da,3107
nesso_2333f18693329d0ccfe2,379.5040000000003,0.12713228194399742,0.0575,raw_pEC50_SE,MW ≥215 Da,3107
nesso_3b09f8a0102622b3e571,327.3020000000001,0.12745413582233667,0.0575,raw_pEC50_SE,MW ≥215 Da,3107
nesso_40bf59385c50944d5faf,325.496,0.12777598970067588,0.0575,raw_pEC50_SE,MW ≥215 Da,3107
nesso_a16a86356fc33c9d594f,355.78999999999996,0.12809784357901513,0.0575,raw_pEC50_SE,MW ≥215 Da,3107
nesso_e8e5989469d8f9de1e7a,346.3940000000001,0.12841969745735435,0.0575,raw_pEC50_SE,MW ≥215 Da,3107
nesso_1ed4e87440d38449ef15,303.4020000000001,0.1287415513356936,0.0576,raw_pEC50_SE,MW ≥215 Da,3107
nesso_3b36482de69b314cd74b,351.4090000000001,0.12906340521403284,0.0576,raw_pEC50_SE,MW ≥215 Da,3107
nesso_e5f8404ad2e48a5d6110,337.37900000000013,0.12938525909237206,0.0576,raw_pEC50_SE,MW ≥215 Da,3107
nesso_173f5a67b241564fa472,362.4730000000001,0.1297071129707113,0.0577,raw_pEC50_SE,MW ≥215 Da,3107
nesso_5e6809a8fb7801bb8b43,388.9420000000001,0.13002896684905052,0.0577,raw_pEC50_SE,MW ≥215 Da,3107
nesso_0e4fdfb53271b6a3048c,380.4640000000002,0.13035082072738977,0.0578,raw_pEC50_SE,MW ≥215 Da,3107
nesso_35a77dc4b7a6682ddcc3,393.3180000000001,0.130672674605729,0.0578,raw_pEC50_SE,MW ≥215 Da,3107
nesso_8b0b801d8a7bb4c9c20f,359.49500000000006,0.13099452848406823,0.0578,raw_pEC50_SE,MW ≥215 Da,3107
nesso_5e611757cd0f379d93a9,402.458,0.13131638236240747,0.0579,raw_pEC50_SE,MW ≥215 Da,3107
nesso_daa3a5a8ef3fbcde78b2,877.0450000000004,0.1316382362407467,0.0579,raw_pEC50_SE,MW ≥215 Da,3107
nesso_9983a7b602800e225d6c,346.4560000000001,0.13196009011908594,0.058,raw_pEC50_SE,MW ≥215 Da,3107
nesso_a2fa5460145cd0cb1a62,325.437,0.13228194399742516,0.058,raw_pEC50_SE,MW ≥215 Da,3107
nesso_b14989e527cd4aec66b4,375.80600000000015,0.1326037978757644,0.0580581820245863,raw_pEC50_SE,MW ≥215 Da,3107
nesso_a9cc920fe4bbaf2cba68,400.4750000000002,0.13292565175410365,0.0581,raw_pEC50_SE,MW ≥215 Da,3107
nesso_16b435b96644fc784651,341.41100000000006,0.13324750563244286,0.0583,raw_pEC50_SE,MW ≥215 Da,3107
nesso_c17abe58d845aec0ac5f,343.47500000000014,0.1335693595107821,0.0583,raw_pEC50_SE,MW ≥215 Da,3107
nesso_95d120d967b299a2485d,328.294,0.13389121338912133,0.0584,raw_pEC50_SE,MW ≥215 Da,3107
nesso_e6f31141dfaa2dc170b5,336.4390000000001,0.13421306726746057,0.0584,raw_pEC50_SE,MW ≥215 Da,3107
nesso_f22dc1fd3c29531f6549,371.462,0.13453492114579982,0.0584,raw_pEC50_SE,MW ≥215 Da,3107
nesso_f8c1a35e5462970da159,404.8730000000002,0.13485677502413904,0.0584,raw_pEC50_SE,MW ≥215 Da,3107
nesso_b0287a8f16f8596bf7e6,398.5030000000002,0.13517862890247828,0.0585,raw_pEC50_SE,MW ≥215 Da,3107
nesso_c07d8521bdb3a36efd7a,313.357,0.1355004827808175,0.0585,raw_pEC50_SE,MW ≥215 Da,3107
nesso_3c1148bfa5bc12d61db2,360.5010000000001,0.13582233665915674,0.0586,raw_pEC50_SE,MW ≥215 Da,3107
nesso_f5a895f48862a69b0464,361.4630000000001,0.136144190537496,0.0588,raw_pEC50_SE,MW ≥215 Da,3107
nesso_63ba829bd7f861380f3f,307.31499999999994,0.1364660444158352,0.0589,raw_pEC50_SE,MW ≥215 Da,3107
nesso_bc3b2a063d0a685b8cb7,374.46200000000016,0.13678789829417445,0.0589,raw_pEC50_SE,MW ≥215 Da,3107
nesso_5f31d162d5154d8586c6,353.49100000000004,0.13710975217251367,0.059,raw_pEC50_SE,MW ≥215 Da,3107
nesso_b3f85433ee7e7dc5c2f2,346.3860000000001,0.13743160605085292,0.059,raw_pEC50_SE,MW ≥215 Da,3107
nesso_3dd2d4d3e904410e9a99,437.56500000000017,0.13775345992919213,0.0590131553130316,raw_pEC50_SE,MW ≥215 Da,3107
nesso_cbb90acedbd8e35f30a4,428.2900000000002,0.13807531380753138,0.0591,raw_pEC50_SE,MW ≥215 Da,3107
nesso_617032ca224868e73053,359.49500000000006,0.13839716768587063,0.0592,raw_pEC50_SE,MW ≥215 Da,3107
nesso_d05cc67a3d2954e62062,366.4900000000001,0.13871902156420984,0.0592,raw_pEC50_SE,MW ≥215 Da,3107
nesso_054c20de013fad0035a1,414.44300000000027,0.1390408754425491,0.0593,raw_pEC50_SE,MW ≥215 Da,3107
nesso_60e65f95ccca609d40bc,349.4560000000001,0.1393627293208883,0.0593,raw_pEC50_SE,MW ≥215 Da,3107
nesso_8169f407e5495270b710,335.407,0.13968458319922755,0.0593,raw_pEC50_SE,MW ≥215 Da,3107
nesso_f5c12c72a4e6e0e6abde,373.4780000000001,0.1400064370775668,0.0593,raw_pEC50_SE,MW ≥215 Da,3107
nesso_6aad2c9725ff28c4dd66,337.42300000000006,0.14032829095590602,0.0593266381990417,raw_pEC50_SE,MW ≥215 Da,3107
nesso_5a18fe00ac9cd03360d3,351.493,0.14065014483424526,0.0593485467387365,raw_pEC50_SE,MW ≥215 Da,3107
nesso_3414f2f56cb94d645836,385.389,0.14097199871258448,0.0595,raw_pEC50_SE,MW ≥215 Da,3107
nesso_0fe4f8db074ffd522e43,405.3760000000001,0.14129385259092372,0.0596,raw_pEC50_SE,MW ≥215 Da,3107
nesso_2f3730b9b5d1fe1b11d0,323.44000000000005,0.14161570646926294,0.0596,raw_pEC50_SE,MW ≥215 Da,3107
nesso_ebcfd4e589695ade7c18,318.398,0.1419375603476022,0.0596,raw_pEC50_SE,MW ≥215 Da,3107
nesso_ee344ca232a86c3f217b,389.8330000000001,0.14225941422594143,0.0597,raw_pEC50_SE,MW ≥215 Da,3107
nesso_0ea2353043701078b022,324.384,0.14258126810428065,0.0598,raw_pEC50_SE,MW ≥215 Da,3107
nesso_3a2687e1cc127193481a,382.5110000000002,0.1429031219826199,0.0599,raw_pEC50_SE,MW ≥215 Da,3107
nesso_1851632abc2317420b48,379.5450000000002,0.14322497586095911,0.06,raw_pEC50_SE,MW ≥215 Da,3107
nesso_732efaa557dfa8a373c8,441.35400000000016,0.14354682973929836,0.06,raw_pEC50_SE,MW ≥215 Da,3107
nesso_c83ad1eacd125ac6b380,369.4460000000001,0.1438686836176376,0.06,raw_pEC50_SE,MW ≥215 Da,3107
nesso_01c65989fac6e0cf4e57,358.41700000000003,0.14419053749597682,0.0603,raw_pEC50_SE,MW ≥215 Da,3107
nesso_5116e81b7c99b17cfff2,447.9000000000001,0.14451239137431607,0.0603,raw_pEC50_SE,MW ≥215 Da,3107
nesso_7acaa60c5532007e63b1,328.45600000000013,0.14483424525265529,0.0603,raw_pEC50_SE,MW ≥215 Da,3107
nesso_8d5764dbdf5408d54ee5,354.49800000000005,0.14515609913099453,0.0603,raw_pEC50_SE,MW ≥215 Da,3107
nesso_a3b85fabeec23cf40b80,339.3170000000002,0.14547795300933375,0.0603,raw_pEC50_SE,MW ≥215 Da,3107
nesso_3a1e62942492482eb33f,352.86200000000025,0.145799806887673,0.0604,raw_pEC50_SE,MW ≥215 Da,3107
nesso_3f118025c4e422c19032,384.24500000000006,0.14612166076601224,0.0604,raw_pEC50_SE,MW ≥215 Da,3107
nesso_5f700fa762868dcf19d7,337.3790000000001,0.14644351464435146,0.0604,raw_pEC50_SE,MW ≥215 Da,3107
nesso_6da37dcabf98b55a6f98,351.38100000000003,0.1467653685226907,0.0604,raw_pEC50_SE,MW ≥215 Da,3107
nesso_a4cb59dbff6124be9b9a,427.5920000000003,0.14708722240102992,0.0604,raw_pEC50_SE,MW ≥215 Da,3107
nesso_2e1eef181c380a76e3f0,328.41600000000017,0.14740907627936917,0.0605,raw_pEC50_SE,MW ≥215 Da,3107
nesso_c6ce0f1303c0cfe2f9b5,264.375,0.1477309301577084,0.0605,raw_pEC50_SE,MW ≥215 Da,3107
nesso_65110cf5a43cea84e05b,342.4180000000002,0.14805278403604763,0.0606,raw_pEC50_SE,MW ≥215 Da,3107
nesso_6af3b487b57a75cba38c,419.95600000000013,0.14837463791438688,0.0606,raw_pEC50_SE,MW ≥215 Da,3107
nesso_6e057ad151f453d4a5d9,389.49900000000014,0.1486964917927261,0.0609,raw_pEC50_SE,MW ≥215 Da,3107
nesso_bec288718009b535713a,328.38700000000006,0.14901834567106534,0.060972391293109,raw_pEC50_SE,MW ≥215 Da,3107
nesso_1df3f24caf6019e0301f,348.40200000000004,0.14934019954940458,0.061,raw_pEC50_SE,MW ≥215 Da,3107
nesso_638096aa73c16203a3d3,385.44500000000016,0.1496620534277438,0.061,raw_pEC50_SE,MW ≥215 Da,3107
nesso_7e59958098fb836e1aba,421.94600000000025,0.14998390730608305,0.061,raw_pEC50_SE,MW ≥215 Da,3107
nesso_3bcdeb727e00b706b9cd,366.46400000000006,0.15030576118442227,0.0611,raw_pEC50_SE,MW ≥215 Da,3107
nesso_6572fe15cf2ff334d8af,332.4440000000001,0.1506276150627615,0.0611,raw_pEC50_SE,MW ≥215 Da,3107
nesso_9e941dec74e7817f80d3,308.81200000000007,0.15094946894110073,0.0611,raw_pEC50_SE,MW ≥215 Da,3107
nesso_ef90cb30b8ddc720abaa,477.9520000000001,0.15127132281943997,0.0611,raw_pEC50_SE,MW ≥215 Da,3107
nesso_7c9df9ec1b134831300b,309.4100000000001,0.15159317669777922,0.0612,raw_pEC50_SE,MW ≥215 Da,3107
nesso_da87b3422dc1b742467b,367.421,0.15191503057611844,0.0612,raw_pEC50_SE,MW ≥215 Da,3107
nesso_f80ef32b596f7af854d6,352.47800000000024,0.15223688445445768,0.0612,raw_pEC50_SE,MW ≥215 Da,3107
nesso_3bdd9b6a905c9dd3c0ac,421.5630000000002,0.1525587383327969,0.0613,raw_pEC50_SE,MW ≥215 Da,3107
nesso_063f9633f77141b0a5ff,346.452,0.15288059221113615,0.0614,raw_pEC50_SE,MW ≥215 Da,3107
nesso_6f1ff9c7948064cd6d21,331.456,0.1532024460894754,0.0614,raw_pEC50_SE,MW ≥215 Da,3107
nesso_977e5acaf39d64a4cee8,335.80600000000004,0.1535242999678146,0.0614,raw_pEC50_SE,MW ≥215 Da,3107
nesso_deb3a30becb03498fcd9,346.4270000000002,0.15384615384615385,0.0615,raw_pEC50_SE,MW ≥215 Da,3107
nesso_0c635a764dbc428f7dde,303.33700000000005,0.15416800772449307,0.0616,raw_pEC50_SE,MW ≥215 Da,3107
nesso_a6e1e43ff404ab06f385,439.5560000000001,0.15448986160283232,0.0616,raw_pEC50_SE,MW ≥215 Da,3107
nesso_e2c01fedca1566720d67,275.348,0.15481171548117154,0.0616,raw_pEC50_SE,MW ≥215 Da,3107
nesso_2862e6015d133412926e,356.4450000000001,0.15513356935951078,0.0617,raw_pEC50_SE,MW ≥215 Da,3107
nesso_74755e9ae6faa6261df3,323.82400000000007,0.15545542323785003,0.0617,raw_pEC50_SE,MW ≥215 Da,3107
nesso_ba600fb1ff829d327cdc,353.4180000000002,0.15577727711618924,0.0617,raw_pEC50_SE,MW ≥215 Da,3107
nesso_f021574fdce53a66e492,359.3850000000001,0.1560991309945285,0.0617,raw_pEC50_SE,MW ≥215 Da,3107
nesso_fcf6a9b4fd66122d84c4,350.4220000000001,0.1564209848728677,0.0617,raw_pEC50_SE,MW ≥215 Da,3107
nesso_3227f0ac8eac3e9ad64f,437.3230000000002,0.15674283875120695,0.0618,raw_pEC50_SE,MW ≥215 Da,3107
nesso_28b2e7b3326ef3e80d15,337.449,0.1570646926295462,0.0619,raw_pEC50_SE,MW ≥215 Da,3107
nesso_07612df3b850c91e1513,381.4760000000003,0.15738654650788542,0.062,raw_pEC50_SE,MW ≥215 Da,3107
nesso_825ab397a72cb0390c49,371.46200000000016,0.15770840038622466,0.062,raw_pEC50_SE,MW ≥215 Da,3107
nesso_cb422cb0452981284e12,378.36700000000013,0.15803025426456388,0.062,raw_pEC50_SE,MW ≥215 Da,3107
nesso_4288782b2da213892649,387.2770000000001,0.15835210814290313,0.0621,raw_pEC50_SE,MW ≥215 Da,3107
nesso_e8cf629f3293703da86d,363.5020000000001,0.15867396202124234,0.0623,raw_pEC50_SE,MW ≥215 Da,3107
nesso_34793d82903f3d608032,379.4350000000001,0.1589958158995816,0.0624,raw_pEC50_SE,MW ≥215 Da,3107
nesso_3ed79500f6538cc9a693,330.338,0.15931766977792083,0.0625,raw_pEC50_SE,MW ≥215 Da,3107
nesso_d2a68ce9f46d5144e7f3,354.4940000000001,0.15963952365626005,0.0625,raw_pEC50_SE,MW ≥215 Da,3107
nesso_237b9025d333572cd44e,323.318,0.1599613775345993,0.0626,raw_pEC50_SE,MW ≥215 Da,3107
nesso_2b9ad9f1fcca2d4537a4,433.9400000000003,0.16028323141293851,0.0626,raw_pEC50_SE,MW ≥215 Da,3107
nesso_b1cf66e7c3ce4960b007,321.45000000000005,0.16060508529127776,0.0626,raw_pEC50_SE,MW ≥215 Da,3107
nesso_b62f3cd1713ce49c0403,330.45300000000003,0.160926939169617,0.0627,raw_pEC50_SE,MW ≥215 Da,3107
nesso_ab88303e2c8f2818f179,384.31800000000015,0.16124879304795622,0.0628,raw_pEC50_SE,MW ≥215 Da,3107
nesso_c4dd1412e2815311e9bc,311.40700000000004,0.16157064692629547,0.0628,raw_pEC50_SE,MW ≥215 Da,3107
nesso_6d76723ec07f45f11662,298.34200000000004,0.1618925008046347,0.0629,raw_pEC50_SE,MW ≥215 Da,3107
nesso_7751227a61bf4cbde327,386.88300000000004,0.16221435468297393,0.0629,raw_pEC50_SE,MW ≥215 Da,3107
nesso_da855d597a0c27dd63a3,386.3700000000001,0.16253620856131315,0.0629,raw_pEC50_SE,MW ≥215 Da,3107
nesso_6cd853fd80d86edb48c0,320.433,0.1628580624396524,0.063,raw_pEC50_SE,MW ≥215 Da,3107
nesso_18d6e988867974e4b5a7,367.4780000000001,0.16317991631799164,0.0631,raw_pEC50_SE,MW ≥215 Da,3107
nesso_24662296c429d50e00a0,388.4490000000001,0.16350177019633086,0.0631,raw_pEC50_SE,MW ≥215 Da,3107
nesso_a50e394375566169a8f6,373.51900000000035,0.1638236240746701,0.0631,raw_pEC50_SE,MW ≥215 Da,3107
nesso_e2d890e8f7f39be2ed91,332.40700000000015,0.16414547795300932,0.0631,raw_pEC50_SE,MW ≥215 Da,3107
nesso_884988430116e5a9bc00,372.8520000000001,0.16446733183134857,0.0634,raw_pEC50_SE,MW ≥215 Da,3107
nesso_a4a5232b70ff5ac17347,348.51600000000013,0.1647891857096878,0.0634,raw_pEC50_SE,MW ≥215 Da,3107
nesso_b3946934b5b7fdfe3767,381.321,0.16511103958802703,0.0634,raw_pEC50_SE,MW ≥215 Da,3107
nesso_6276ecb33c762bf0d583,387.8580000000002,0.16543289346636628,0.0635,raw_pEC50_SE,MW ≥215 Da,3107
nesso_b1394234c7a0beae2925,413.4970000000001,0.1657547473447055,0.0635,raw_pEC50_SE,MW ≥215 Da,3107
nesso_b4b598a6eab86cdec5c9,303.793,0.16607660122304474,0.0635,raw_pEC50_SE,MW ≥215 Da,3107
nesso_05b9e100e04ac3953da9,415.8490000000001,0.16639845510138399,0.0636,raw_pEC50_SE,MW ≥215 Da,3107
nesso_b326e5353e7c4d5e7d39,419.59100000000024,0.1667203089797232,0.0636,raw_pEC50_SE,MW ≥215 Da,3107
nesso_ed107aa72fe35ab80758,318.40199999999993,0.16704216285806245,0.0636,raw_pEC50_SE,MW ≥215 Da,3107
nesso_8dcce75d13f769b7296b,323.3960000000001,0.16736401673640167,0.0637,raw_pEC50_SE,MW ≥215 Da,3107
nesso_d43bb429a9190669fad3,406.50800000000027,0.1676858706147409,0.0637,raw_pEC50_SE,MW ≥215 Da,3107
nesso_76938092451fe2c7dbea,355.48200000000026,0.16800772449308013,0.0638,raw_pEC50_SE,MW ≥215 Da,3107
nesso_814e899a68755e7f7b85,351.8190000000001,0.16832957837141937,0.063867519131402,raw_pEC50_SE,MW ≥215 Da,3107
nesso_590f0f183876cfec609f,344.4180000000002,0.16865143224975862,0.0638742710330223,raw_pEC50_SE,MW ≥215 Da,3107
nesso_b944ddfb79d1512093a3,342.46399999999994,0.16897328612809784,0.0639,raw_pEC50_SE,MW ≥215 Da,3107
nesso_c821352144ede9ff49f1,436.56000000000023,0.16929514000643708,0.0639,raw_pEC50_SE,MW ≥215 Da,3107
nesso_7641bf394d065dacbfce,429.9290000000002,0.1696169938847763,0.064,raw_pEC50_SE,MW ≥215 Da,3107
nesso_be816807a69a8b0df6c1,360.5040000000001,0.16993884776311555,0.0641,raw_pEC50_SE,MW ≥215 Da,3107
nesso_d9fc75aba7d549f3db7c,353.4660000000002,0.1702607016414548,0.0641,raw_pEC50_SE,MW ≥215 Da,3107
nesso_6bcf47ec5b904e4bf409,287.294,0.170582555519794,0.0642,raw_pEC50_SE,MW ≥215 Da,3107
nesso_d538bbc7e97aa4ffaf39,325.412,0.17090440939813326,0.0642,raw_pEC50_SE,MW ≥215 Da,3107
nesso_4cacb39be298ae9e409d,317.42900000000003,0.17122626327647247,0.0643,raw_pEC50_SE,MW ≥215 Da,3107
nesso_bd56c3d3660fff6cd9e6,351.40600000000006,0.17154811715481172,0.0643,raw_pEC50_SE,MW ≥215 Da,3107
nesso_0d5cc9bae1f934823ee9,343.398,0.17186997103315094,0.0644,raw_pEC50_SE,MW ≥215 Da,3107
nesso_5604d89c02aa2a99f6d8,326.343,0.17219182491149018,0.0644,raw_pEC50_SE,MW ≥215 Da,3107
nesso_6bf94758a70cc697eb2f,369.29500000000013,0.17251367878982943,0.0644,raw_pEC50_SE,MW ≥215 Da,3107
nesso_441f776fb3bc8cc8a620,355.41300000000007,0.17283553266816865,0.0645,raw_pEC50_SE,MW ≥215 Da,3107
nesso_fa1bbaeeb7733cfc90c6,424.4680000000002,0.1731573865465079,0.0645,raw_pEC50_SE,MW ≥215 Da,3107
nesso_12b9a5afccece5bfa4e6,289.3790000000001,0.1734792404248471,0.0646,raw_pEC50_SE,MW ≥215 Da,3107
nesso_e3bafbdd1585d326c35c,360.86599999999993,0.17380109430318635,0.0647,raw_pEC50_SE,MW ≥215 Da,3107
nesso_a187eebfd25e82ab2a99,357.8410000000001,0.1741229481815256,0.065,raw_pEC50_SE,MW ≥215 Da,3107
nesso_1e6d5f627e86b5aa19a8,390.4870000000001,0.17444480205986482,0.0651,raw_pEC50_SE,MW ≥215 Da,3107
nesso_aabbba4e584c8f6deb6b,397.4020000000001,0.17476665593820406,0.0651,raw_pEC50_SE,MW ≥215 Da,3107
nesso_055e1b6d36573b348b26,364.44200000000006,0.17508850981654328,0.0652,raw_pEC50_SE,MW ≥215 Da,3107
nesso_030dc4795f3b2e2b36e6,360.5270000000002,0.17541036369488253,0.0653,raw_pEC50_SE,MW ≥215 Da,3107
nesso_159d262e65c24701d5a1,347.41100000000023,0.17573221757322174,0.0653,raw_pEC50_SE,MW ≥215 Da,3107
nesso_12419579ab805d2bf924,358.3960000000001,0.176054071451561,0.0654,raw_pEC50_SE,MW ≥215 Da,3107
nesso_4b29e59c04f4b19b8945,349.2280000000001,0.17637592532990023,0.0654,raw_pEC50_SE,MW ≥215 Da,3107
nesso_d524175d5e82c3a42e2e,412.51100000000014,0.17669777920823945,0.0654,raw_pEC50_SE,MW ≥215 Da,3107
nesso_24d17065d40d66afa7bf,274.364,0.1770196330865787,0.0655,raw_pEC50_SE,MW ≥215 Da,3107
nesso_44583d255dc6e9fa2bde,353.46600000000024,0.17734148696491792,0.0656,raw_pEC50_SE,MW ≥215 Da,3107
nesso_83288fb5492eb2d71cff,341.41100000000006,0.17766334084325716,0.0656,raw_pEC50_SE,MW ≥215 Da,3107
nesso_de1c5afe8de409cd67ae,436.50900000000024,0.1779851947215964,0.0657,raw_pEC50_SE,MW ≥215 Da,3107
nesso_46641541d3a09ea19f14,308.44700000000006,0.17830704859993562,0.0658,raw_pEC50_SE,MW ≥215 Da,3107
nesso_674da4603058de833f8a,391.4680000000001,0.17862890247827487,0.066,raw_pEC50_SE,MW ≥215 Da,3107
nesso_a5d454d59ba7aa25272e,403.4420000000001,0.1789507563566141,0.066,raw_pEC50_SE,MW ≥215 Da,3107
nesso_175b07c7b577ee27fbf8,387.2660000000002,0.17927261023495333,0.0661,raw_pEC50_SE,MW ≥215 Da,3107
nesso_a0b5da68ee97570bf11d,315.804,0.17959446411329258,0.0661,raw_pEC50_SE,MW ≥215 Da,3107
nesso_fdae3602ab915c38238e,299.39500000000004,0.1799163179916318,0.0661,raw_pEC50_SE,MW ≥215 Da,3107
nesso_6973aeaaac7747136235,349.47500000000014,0.18023817186997104,0.0661154293641053,raw_pEC50_SE,MW ≥215 Da,3107
nesso_d545d1862cf905374f88,376.4780000000001,0.18056002574831026,0.0662,raw_pEC50_SE,MW ≥215 Da,3107
nesso_020e8719a714d45dbca9,355.4190000000001,0.1808818796266495,0.0663,raw_pEC50_SE,MW ≥215 Da,3107
nesso_76973267332c6b6f0dc3,402.45400000000006,0.18120373350498872,0.0663,raw_pEC50_SE,MW ≥215 Da,3107
nesso_ff39922ca83ec4921a0d,325.372,0.18152558738332797,0.0663,raw_pEC50_SE,MW ≥215 Da,3107
nesso_bb0ad958957ca2bf6b9a,373.47800000000007,0.18184744126166721,0.0663601725434767,raw_pEC50_SE,MW ≥215 Da,3107
nesso_34f7a30c52972c45c7be,335.83500000000015,0.18216929514000643,0.0665,raw_pEC50_SE,MW ≥215 Da,3107
nesso_4d6c78f3f066f21029f3,338.38200000000006,0.18249114901834568,0.0665,raw_pEC50_SE,MW ≥215 Da,3107
nesso_d760e8e0f80dd054ea47,359.4950000000002,0.1828130028966849,0.0665,raw_pEC50_SE,MW ≥215 Da,3107
nesso_45fec04433f5ca5a625f,348.40599999999995,0.18313485677502414,0.0666,raw_pEC50_SE,MW ≥215 Da,3107
nesso_0d01280145c649993dd2,325.45900000000006,0.1834567106533634,0.0667,raw_pEC50_SE,MW ≥215 Da,3107
nesso_1d779d331985a5dde21e,339.367,0.1837785645317026,0.0668,raw_pEC50_SE,MW ≥215 Da,3107
nesso_7b4d7b8dc43402f3bad5,337.345,0.18410041841004185,0.0668,raw_pEC50_SE,MW ≥215 Da,3107
nesso_dccb0ae0cbac9cbb79fe,336.35100000000006,0.18442227228838107,0.0668,raw_pEC50_SE,MW ≥215 Da,3107
nesso_49189c2842a015c86ce3,392.4990000000001,0.1847441261667203,0.0669,raw_pEC50_SE,MW ≥215 Da,3107
nesso_be35208da2d649f05cd0,349.8180000000001,0.18506598004505953,0.0669,raw_pEC50_SE,MW ≥215 Da,3107
nesso_d66688e73c56bca66da2,388.4640000000001,0.18538783392339878,0.0669,raw_pEC50_SE,MW ≥215 Da,3107
nesso_f81a29011bf4ae20d543,402.5350000000003,0.18570968780173802,0.0669,raw_pEC50_SE,MW ≥215 Da,3107
nesso_7fa39bef8e8964cbf873,294.3449999999999,0.18603154168007724,0.0669836547226261,raw_pEC50_SE,MW ≥215 Da,3107
nesso_32a097b9d454b149c546,381.4760000000001,0.18635339555841648,0.067,raw_pEC50_SE,MW ≥215 Da,3107
nesso_a56a506ebc19551592a7,363.8160000000001,0.1866752494367557,0.067,raw_pEC50_SE,MW ≥215 Da,3107
nesso_b0aa66df0c7dc724cd70,271.364,0.18699710331509495,0.067,raw_pEC50_SE,MW ≥215 Da,3107
nesso_3e71e028f07c9d94a0b6,328.45900000000006,0.1873189571934342,0.0671,raw_pEC50_SE,MW ≥215 Da,3107
nesso_29189100d12e267cf5c4,328.4120000000001,0.1876408110717734,0.0673,raw_pEC50_SE,MW ≥215 Da,3107
nesso_acb30610bb5d8ee07308,374.4440000000002,0.18796266495011266,0.0673,raw_pEC50_SE,MW ≥215 Da,3107
nesso_c88824b28363920d9180,304.341,0.18828451882845187,0.0673,raw_pEC50_SE,MW ≥215 Da,3107
nesso_47a59d2f20fef18d738f,373.4970000000002,0.18860637270679112,0.0674,raw_pEC50_SE,MW ≥215 Da,3107
nesso_63de731659908a2617ea,342.414,0.18892822658513034,0.0674,raw_pEC50_SE,MW ≥215 Da,3107
nesso_ed7ea82bcb85725a35a7,334.42300000000006,0.18925008046346958,0.0674,raw_pEC50_SE,MW ≥215 Da,3107
nesso_add8319b8b3c9a3c41f0,371.45599999999996,0.18957193434180883,0.0675,raw_pEC50_SE,MW ≥215 Da,3107
nesso_fa9aaa58def03a227154,350.81300000000005,0.18989378822014805,0.0676,raw_pEC50_SE,MW ≥215 Da,3107
nesso_177362de1f476581233f,419.3080000000001,0.1902156420984873,0.0676155307603216,raw_pEC50_SE,MW ≥215 Da,3107
nesso_7946b959fda7c129a1d3,343.4490000000001,0.1905374959768265,0.0677,raw_pEC50_SE,MW ≥215 Da,3107
nesso_c4ac5ed9bd340a0319eb,374.51000000000005,0.19085934985516576,0.0677,raw_pEC50_SE,MW ≥215 Da,3107
nesso_1620d28270df3960ccd5,372.27800000000025,0.191181203733505,0.0678,raw_pEC50_SE,MW ≥215 Da,3107
nesso_ac4809a1e896b35a59fb,371.48500000000007,0.19150305761184422,0.0678,raw_pEC50_SE,MW ≥215 Da,3107
nesso_dc83d0c6974ae460ea1a,340.423,0.19182491149018346,0.0678,raw_pEC50_SE,MW ≥215 Da,3107
nesso_0319007d6c267bb9ec45,378.47200000000015,0.19214676536852268,0.068,raw_pEC50_SE,MW ≥215 Da,3107
nesso_5f0047bb5f0b64d55579,452.0010000000002,0.19246861924686193,0.068,raw_pEC50_SE,MW ≥215 Da,3107
nesso_9da6221acdea248998da,391.4500000000002,0.19279047312520114,0.068,raw_pEC50_SE,MW ≥215 Da,3107
nesso_a33fd6e3a9854a84e012,325.41200000000003,0.1931123270035404,0.068,raw_pEC50_SE,MW ≥215 Da,3107
nesso_d0b15906f19f8c3604ce,398.48800000000006,0.19343418088187964,0.068,raw_pEC50_SE,MW ≥215 Da,3107
nesso_f77f74b788ec482396d4,312.42100000000005,0.19375603476021885,0.068,raw_pEC50_SE,MW ≥215 Da,3107
nesso_72d10504de57bfd1acb0,378.347,0.1940778886385581,0.0681,raw_pEC50_SE,MW ≥215 Da,3107
nesso_8648eb65f10446e5931f,498.58600000000024,0.19439974251689732,0.0682,raw_pEC50_SE,MW ≥215 Da,3107
nesso_1ae448436f9c2c8aaf35,392.45900000000006,0.19472159639523656,0.0683,raw_pEC50_SE,MW ≥215 Da,3107
nesso_1a0cc1078fbb5ec84b4d,315.32300000000004,0.1950434502735758,0.0684,raw_pEC50_SE,MW ≥215 Da,3107
nesso_7180f2fb7111040ca480,367.4960000000001,0.19536530415191503,0.0684,raw_pEC50_SE,MW ≥215 Da,3107
nesso_9c11b2d743fd3807b315,359.3500000000002,0.19568715803025427,0.0684,raw_pEC50_SE,MW ≥215 Da,3107
nesso_e51657269126ba1b2508,397.4740000000001,0.1960090119085935,0.0685,raw_pEC50_SE,MW ≥215 Da,3107
nesso_24492eea970e46250896,372.46500000000015,0.19633086578693273,0.0685332218708561,raw_pEC50_SE,MW ≥215 Da,3107
nesso_35ac3fc6772db3248edd,387.54900000000026,0.19665271966527198,0.0686,raw_pEC50_SE,MW ≥215 Da,3107
nesso_40910f546aaa5921be78,346.41200000000003,0.1969745735436112,0.0686,raw_pEC50_SE,MW ≥215 Da,3107
nesso_c39742c3e483fd88f55d,419.4280000000001,0.19729642742195044,0.0687,raw_pEC50_SE,MW ≥215 Da,3107
nesso_ea32d97436c434c59967,385.4490000000002,0.19761828130028966,0.0689,raw_pEC50_SE,MW ≥215 Da,3107
nesso_2ed44c3ced7edda19a96,411.4040000000001,0.1979401351786289,0.069,raw_pEC50_SE,MW ≥215 Da,3107
nesso_e1164169022f51299dce,822.9530000000003,0.19826198905696812,0.069,raw_pEC50_SE,MW ≥215 Da,3107
nesso_ad5462096fa67681e63f,321.4460000000001,0.19858384293530737,0.0690054526831032,raw_pEC50_SE,MW ≥215 Da,3107
nesso_0e275f48e9a4deae4e20,382.5080000000003,0.19890569681364662,0.0692,raw_pEC50_SE,MW ≥215 Da,3107
nesso_289d69200747bb8a37b1,319.40799999999996,0.19922755069198583,0.0693,raw_pEC50_SE,MW ≥215 Da,3107
nesso_57e0addd88d90373ca09,344.43600000000004,0.19954940457032508,0.0693,raw_pEC50_SE,MW ≥215 Da,3107
nesso_bb5db0caf8d5497a2529,347.44300000000015,0.1998712584486643,0.0693,raw_pEC50_SE,MW ≥215 Da,3107
nesso_8102e802e01057c608b0,352.48200000000014,0.20019311232700354,0.0695,raw_pEC50_SE,MW ≥215 Da,3107
nesso_fa9b26df0be2a8d1a871,451.59200000000027,0.2005149662053428,0.0695,raw_pEC50_SE,MW ≥215 Da,3107
nesso_179fe9bbcc38b2256b44,346.4960000000002,0.200836820083682,0.0697,raw_pEC50_SE,MW ≥215 Da,3107
nesso_64bdf44c7dbb648289a0,436.53100000000023,0.20115867396202125,0.0698,raw_pEC50_SE,MW ≥215 Da,3107
nesso_549377113ea163ec0bb4,388.38700000000006,0.20148052784036047,0.0699,raw_pEC50_SE,MW ≥215 Da,3107
nesso_bdf1426e56a2e4ae7e92,365.437,0.2018023817186997,0.0699,raw_pEC50_SE,MW ≥215 Da,3107
nesso_a757818929904c9cbbb3,391.372,0.20212423559703893,0.0699754421207897,raw_pEC50_SE,MW ≥215 Da,3107
nesso_f96cc6a5fa883d864956,381.43600000000004,0.20244608947537818,0.07,raw_pEC50_SE,MW ≥215 Da,3107
nesso_8e80fb6ad20d84b0d7e2,337.8320000000001,0.20276794335371742,0.0701,raw_pEC50_SE,MW ≥215 Da,3107
nesso_0d4f56b57bf23831a422,375.4730000000002,0.20308979723205664,0.0702,raw_pEC50_SE,MW ≥215 Da,3107
nesso_660daea86da94c6cf5cf,380.40800000000024,0.20341165111039589,0.0702,raw_pEC50_SE,MW ≥215 Da,3107
nesso_f0facf6cbd6d333daee3,364.449,0.2037335049887351,0.0702,raw_pEC50_SE,MW ≥215 Da,3107
nesso_e6ccd0e1a412957ba9d0,392.52800000000013,0.20405535886707435,0.0703,raw_pEC50_SE,MW ≥215 Da,3107
nesso_3e5505ad8dc46f9f94e7,459.52500000000026,0.2043772127454136,0.0704,raw_pEC50_SE,MW ≥215 Da,3107
nesso_a53ad36e8d04a03a9b76,329.37899999999996,0.2046990666237528,0.0704,raw_pEC50_SE,MW ≥215 Da,3107
nesso_12dfcaabdb29c83e7f22,334.3970000000001,0.20502092050209206,0.0705,raw_pEC50_SE,MW ≥215 Da,3107
nesso_5485cb4a953f084b77a3,328.42000000000024,0.20534277438043128,0.0705,raw_pEC50_SE,MW ≥215 Da,3107
nesso_32934c834569ce9204ca,360.46100000000007,0.20566462825877052,0.0706,raw_pEC50_SE,MW ≥215 Da,3107
nesso_b4217887068b77113aeb,348.284,0.20598648213710974,0.0706,raw_pEC50_SE,MW ≥215 Da,3107
nesso_cc1df5c8636c0712814c,320.4140000000001,0.20630833601544898,0.0706,raw_pEC50_SE,MW ≥215 Da,3107
nesso_e0571299ebab81a084b7,394.50000000000017,0.20663018989378823,0.0706,raw_pEC50_SE,MW ≥215 Da,3107
nesso_fb3f122d7c88a47487cb,365.4810000000001,0.20695204377212745,0.0706,raw_pEC50_SE,MW ≥215 Da,3107
nesso_37cc1fa9771549293144,332.394,0.2072738976504667,0.0707,raw_pEC50_SE,MW ≥215 Da,3107
nesso_766766b712a030dfe94d,332.372,0.2075957515288059,0.0708,raw_pEC50_SE,MW ≥215 Da,3107
nesso_9b64ffb4ce8108c7eb8a,424.5410000000004,0.20791760540714516,0.0708,raw_pEC50_SE,MW ≥215 Da,3107
nesso_da3afc89555c755fc7cc,281.36300000000006,0.2082394592854844,0.0708,raw_pEC50_SE,MW ≥215 Da,3107
nesso_51f1aa6f138fc853179d,339.39800000000014,0.20856131316382362,0.0709,raw_pEC50_SE,MW ≥215 Da,3107
nesso_6631120bb28610abc451,398.4660000000002,0.20888316704216287,0.0709,raw_pEC50_SE,MW ≥215 Da,3107
nesso_c659fa4a7f4fde3a4845,467.3200000000001,0.20920502092050208,0.0709,raw_pEC50_SE,MW ≥215 Da,3107
nesso_672f101293a9f05cb5fb,344.49900000000014,0.20952687479884133,0.071,raw_pEC50_SE,MW ≥215 Da,3107
nesso_77d90a1587ddc2d91789,363.46100000000007,0.20984872867718057,0.071,raw_pEC50_SE,MW ≥215 Da,3107
nesso_11e2996b6b8d3ff5d042,406.57000000000016,0.2101705825555198,0.0711,raw_pEC50_SE,MW ≥215 Da,3107
nesso_d9bd6b92a2a8de34a19a,339.41100000000006,0.21049243643385904,0.0711,raw_pEC50_SE,MW ≥215 Da,3107
nesso_b49a4c484db0209f29a5,365.4400000000001,0.21081429031219825,0.0712,raw_pEC50_SE,MW ≥215 Da,3107
nesso_812f2d251f455ac3dfb1,355.8690000000001,0.2111361441905375,0.0713,raw_pEC50_SE,MW ≥215 Da,3107
nesso_abe5d4ea8756addbee0c,340.4270000000001,0.21145799806887672,0.0713,raw_pEC50_SE,MW ≥215 Da,3107
nesso_ecb9565ba90d9c137f9d,348.346,0.21177985194721596,0.0713,raw_pEC50_SE,MW ≥215 Da,3107
nesso_5c0daeae87ef26f02865,374.4600000000001,0.2121017058255552,0.0715,raw_pEC50_SE,MW ≥215 Da,3107
nesso_e0aa531b8f8d7e0cdb09,321.3800000000001,0.21242355970389443,0.0716,raw_pEC50_SE,MW ≥215 Da,3107
nesso_f84b3145f0dd25d10565,323.39600000000013,0.21274541358223367,0.0716,raw_pEC50_SE,MW ≥215 Da,3107
nesso_8421de9e06b68d247f7d,397.9240000000002,0.2130672674605729,0.0717,raw_pEC50_SE,MW ≥215 Da,3107
nesso_ab4b17f1fa5b69a2815d,447.5830000000003,0.21338912133891214,0.0718,raw_pEC50_SE,MW ≥215 Da,3107
nesso_50582956c19ecec28eed,356.81300000000005,0.21371097521725138,0.072,raw_pEC50_SE,MW ≥215 Da,3107
nesso_20eb2cef6a4f8fd87e1c,376.4560000000001,0.2140328290955906,0.0721,raw_pEC50_SE,MW ≥215 Da,3107
nesso_3d1aa0387a9f83b6b2c4,338.4110000000002,0.21435468297392984,0.0721,raw_pEC50_SE,MW ≥215 Da,3107
nesso_f6e63e57d1fff1c4c379,419.91600000000017,0.21467653685226906,0.0721,raw_pEC50_SE,MW ≥215 Da,3107
nesso_d5d21e8f2b3707f63301,348.406,0.2149983907306083,0.0721688298367099,raw_pEC50_SE,MW ≥215 Da,3107
nesso_f318ed80acac150d0939,356.44700000000006,0.21532024460894753,0.0722,raw_pEC50_SE,MW ≥215 Da,3107
nesso_7a2b3e76c94e044eceb9,362.4110000000001,0.21564209848728677,0.0723,raw_pEC50_SE,MW ≥215 Da,3107
nesso_7fcf711e2458e2af8149,301.39,0.21596395236562602,0.0723,raw_pEC50_SE,MW ≥215 Da,3107
nesso_acebbe8d7e850bf17661,302.39700000000016,0.21628580624396523,0.0723,raw_pEC50_SE,MW ≥215 Da,3107
nesso_e8260c70607726f708aa,324.42700000000013,0.21660766012230448,0.0723,raw_pEC50_SE,MW ≥215 Da,3107
nesso_7e8fe341d347505f50d4,338.382,0.2169295140006437,0.0724,raw_pEC50_SE,MW ≥215 Da,3107
nesso_ce15eee1ecfc3b23dac3,340.34500000000014,0.21725136787898294,0.0725,raw_pEC50_SE,MW ≥215 Da,3107
nesso_11305c43c6e26865df84,319.408,0.2175732217573222,0.0726,raw_pEC50_SE,MW ≥215 Da,3107
nesso_2c6fafd8899ec73d9ed1,453.4950000000002,0.2178950756356614,0.0726,raw_pEC50_SE,MW ≥215 Da,3107
nesso_ccec56492ed773950b52,406.2690000000002,0.21821692951400065,0.0727,raw_pEC50_SE,MW ≥215 Da,3107
nesso_bdea1117657e7de59913,411.4620000000002,0.21853878339233987,0.0728,raw_pEC50_SE,MW ≥215 Da,3107
nesso_c780db85c7088565af19,474.58700000000033,0.21886063727067911,0.0728,raw_pEC50_SE,MW ≥215 Da,3107
nesso_dbec7e19d8ae2f9e9f5b,353.34400000000005,0.21918249114901833,0.0728,raw_pEC50_SE,MW ≥215 Da,3107
nesso_ac3849b560b082597a04,448.54500000000036,0.21950434502735758,0.0729,raw_pEC50_SE,MW ≥215 Da,3107
nesso_27d78b0fbac9bb106e3a,346.38700000000017,0.21982619890569682,0.073,raw_pEC50_SE,MW ≥215 Da,3107
nesso_34006d532fa7c717940a,313.3230000000001,0.22014805278403604,0.073,raw_pEC50_SE,MW ≥215 Da,3107
nesso_480672e31a4d3b8af72d,384.4360000000003,0.2204699066623753,0.0731,raw_pEC50_SE,MW ≥215 Da,3107
nesso_f4e74892be084e3b705d,344.43600000000004,0.2207917605407145,0.0731,raw_pEC50_SE,MW ≥215 Da,3107
nesso_fb88f8719a8699e71f51,328.824,0.22111361441905375,0.0731,raw_pEC50_SE,MW ≥215 Da,3107
nesso_a6cc99ea27feee852742,365.4080000000001,0.221435468297393,0.0732,raw_pEC50_SE,MW ≥215 Da,3107
nesso_40d63477ce52d1a38338,412.3170000000002,0.2217573221757322,0.0733,raw_pEC50_SE,MW ≥215 Da,3107
nesso_d1960d14c7d5410b0ce6,463.3760000000004,0.22207917605407146,0.0733,raw_pEC50_SE,MW ≥215 Da,3107
nesso_d99b63cb621f07f9351f,304.35299999999995,0.22240102993241068,0.0734,raw_pEC50_SE,MW ≥215 Da,3107
nesso_e970f8d8af1d452b11c8,366.46100000000007,0.22272288381074992,0.0734,raw_pEC50_SE,MW ≥215 Da,3107
nesso_1214e0df75a2502fb7ca,405.4540000000001,0.22304473768908914,0.0735,raw_pEC50_SE,MW ≥215 Da,3107
nesso_1e5a2999a2fafb5a1d3f,440.5500000000001,0.22336659156742839,0.0735,raw_pEC50_SE,MW ≥215 Da,3107
nesso_410c85c79a7a8a607272,341.39000000000004,0.22368844544576763,0.0736,raw_pEC50_SE,MW ≥215 Da,3107
nesso_9cedaf155ae2e3f4d33a,408.4580000000001,0.22401029932410685,0.0736,raw_pEC50_SE,MW ≥215 Da,3107
nesso_a31bef3b1d1906317d06,442.53700000000015,0.2243321532024461,0.0736,raw_pEC50_SE,MW ≥215 Da,3107
nesso_38d6c1d8b2676ad737b7,348.42800000000005,0.2246540070807853,0.0737,raw_pEC50_SE,MW ≥215 Da,3107
nesso_7e9e078205c9dee32f8a,333.461,0.22497586095912456,0.0737,raw_pEC50_SE,MW ≥215 Da,3107
nesso_cbaed660ecaaf3ffd3a6,334.423,0.2252977148374638,0.0737,raw_pEC50_SE,MW ≥215 Da,3107
nesso_da36d212a887f2d115c7,324.42400000000004,0.22561956871580302,0.0738,raw_pEC50_SE,MW ≥215 Da,3107
nesso_985e660e23993d69a850,342.37000000000006,0.22594142259414227,0.0739,raw_pEC50_SE,MW ≥215 Da,3107
nesso_b163f934ace81996d2b4,277.755,0.22626327647248148,0.0739,raw_pEC50_SE,MW ≥215 Da,3107
nesso_e1804fc2ab3cc3ec9595,358.44400000000013,0.22658513035082073,0.0741,raw_pEC50_SE,MW ≥215 Da,3107
nesso_25e5e7590072df151b18,429.46400000000006,0.22690698422915997,0.0742078836782184,raw_pEC50_SE,MW ≥215 Da,3107
nesso_821f795f041328a734cc,376.5010000000002,0.2272288381074992,0.0743,raw_pEC50_SE,MW ≥215 Da,3107
nesso_e5deded1c2b9f01baa23,330.779,0.22755069198583844,0.0743,raw_pEC50_SE,MW ≥215 Da,3107
nesso_e8d9283518143484671d,349.38100000000003,0.22787254586417766,0.0743,raw_pEC50_SE,MW ≥215 Da,3107
nesso_b65deb03cd85b14fc9e8,367.42800000000005,0.2281943997425169,0.0744,raw_pEC50_SE,MW ≥215 Da,3107
nesso_cfdcb8cdb421c438449e,422.4850000000002,0.22851625362085612,0.0744,raw_pEC50_SE,MW ≥215 Da,3107
nesso_516d33d747aa0b9914af,353.3730000000001,0.22883810749919536,0.0746,raw_pEC50_SE,MW ≥215 Da,3107
nesso_612450096ff349225ec2,430.51200000000006,0.2291599613775346,0.0746,raw_pEC50_SE,MW ≥215 Da,3107
nesso_5002bdb1cc77cffcbf8e,339.3950000000001,0.22948181525587383,0.0748,raw_pEC50_SE,MW ≥215 Da,3107
nesso_a0793548cafb3829f53c,392.434,0.22980366913421307,0.0748,raw_pEC50_SE,MW ≥215 Da,3107
nesso_298e38f15f12155fd17d,363.343,0.2301255230125523,0.0749,raw_pEC50_SE,MW ≥215 Da,3107
nesso_66cb14418fb3aa55e7c1,343.4480000000001,0.23044737689089154,0.075,raw_pEC50_SE,MW ≥215 Da,3107
nesso_1c51d3fb4ee71356b819,428.58500000000026,0.23076923076923078,0.0751,raw_pEC50_SE,MW ≥215 Da,3107
nesso_d8be2d0fd22e246b151e,345.27,0.23109108464757,0.0751,raw_pEC50_SE,MW ≥215 Da,3107
nesso_3f5f35881b92f6d3b93c,347.41800000000006,0.23141293852590925,0.0752,raw_pEC50_SE,MW ≥215 Da,3107
nesso_e155fa55d1483485deb8,301.35300000000007,0.23173479240424846,0.0752,raw_pEC50_SE,MW ≥215 Da,3107
nesso_6c450b8391322d44b517,374.39600000000013,0.2320566462825877,0.0753,raw_pEC50_SE,MW ≥215 Da,3107
nesso_b477cff8fbd215b06c35,456.5240000000003,0.23237850016092693,0.0753,raw_pEC50_SE,MW ≥215 Da,3107
nesso_593136c3399db719c538,372.55600000000015,0.23270035403926617,0.0753740671584066,raw_pEC50_SE,MW ≥215 Da,3107
nesso_6cd470003452f66c649d,326.39599999999996,0.23302220791760542,0.0755,raw_pEC50_SE,MW ≥215 Da,3107
nesso_55b984781dc8f548880d,390.3690000000001,0.23334406179594464,0.0756,raw_pEC50_SE,MW ≥215 Da,3107
nesso_620009ff88f192df04ae,298.268,0.23366591567428388,0.0756,raw_pEC50_SE,MW ≥215 Da,3107
nesso_826a0adea71bb0dcb5d0,319.36400000000003,0.2339877695526231,0.0757,raw_pEC50_SE,MW ≥215 Da,3107
nesso_9b2d5ca9d8c4399283fa,339.45700000000016,0.23430962343096234,0.0757,raw_pEC50_SE,MW ≥215 Da,3107
nesso_0f463adc20aabf7d3cc3,341.45900000000006,0.2346314773093016,0.0758,raw_pEC50_SE,MW ≥215 Da,3107
nesso_86da600f8a3e97fad0d8,388.4200000000001,0.2349533311876408,0.0758,raw_pEC50_SE,MW ≥215 Da,3107
nesso_cb392c18a88064564a91,330.4120000000001,0.23527518506598005,0.0758,raw_pEC50_SE,MW ≥215 Da,3107
nesso_61f4c0046fb8f09aa9b3,310.3970000000001,0.23559703894431927,0.0759,raw_pEC50_SE,MW ≥215 Da,3107
nesso_161713f4d14efc1eac8b,286.334,0.23591889282265852,0.076,raw_pEC50_SE,MW ≥215 Da,3107
nesso_8f6b3036d1ea6ed936ac,444.9620000000001,0.23624074670099773,0.076,raw_pEC50_SE,MW ≥215 Da,3107
nesso_b6fc93302dc0b32d54c5,412.5150000000001,0.23656260057933698,0.0761,raw_pEC50_SE,MW ≥215 Da,3107
nesso_c78829ff3b9b4b21f6b8,338.8100000000002,0.23688445445767622,0.0761,raw_pEC50_SE,MW ≥215 Da,3107
nesso_8acb330f726229b88fd7,339.86699999999996,0.23720630833601544,0.0762,raw_pEC50_SE,MW ≥215 Da,3107
nesso_a9476df972f6c2ce6bf8,429.31800000000004,0.2375281622143547,0.0762476393077189,raw_pEC50_SE,MW ≥215 Da,3107
nesso_251b4ef8257279a4df50,295.36099999999993,0.2378500160926939,0.0763,raw_pEC50_SE,MW ≥215 Da,3107
nesso_26060358edd93858bdba,351.4750000000001,0.23817186997103315,0.0763,raw_pEC50_SE,MW ≥215 Da,3107
nesso_629f7a5cd3b5ef1b9eec,347.3900000000001,0.2384937238493724,0.0764,raw_pEC50_SE,MW ≥215 Da,3107
nesso_65fd607f38b40d7fa938,366.8520000000002,0.23881557772771161,0.0765,raw_pEC50_SE,MW ≥215 Da,3107
nesso_e7d92543fdacc6868c40,356.44500000000016,0.23913743160605086,0.0765,raw_pEC50_SE,MW ≥215 Da,3107
nesso_19adbb7e158db6cbcc69,379.4860000000003,0.23945928548439008,0.0767,raw_pEC50_SE,MW ≥215 Da,3107
nesso_56297ca836cd2ca70bf1,404.5760000000002,0.23978113936272932,0.0768,raw_pEC50_SE,MW ≥215 Da,3107
nesso_765944bcd4e4e225c557,339.4570000000001,0.24010299324106857,0.0768,raw_pEC50_SE,MW ≥215 Da,3107
nesso_2627a4d40fe22a10efb1,318.4230000000001,0.2404248471194078,0.0768724430469072,raw_pEC50_SE,MW ≥215 Da,3107
nesso_4d606ebb0946d94ebf04,309.7740000000001,0.24074670099774703,0.0769,raw_pEC50_SE,MW ≥215 Da,3107
nesso_3245be90a50c6c444e14,363.2660000000002,0.24106855487608625,0.077,raw_pEC50_SE,MW ≥215 Da,3107
nesso_848daa3ebcaf19ec160e,308.403,0.2413904087544255,0.077,raw_pEC50_SE,MW ≥215 Da,3107
nesso_b4785aec35e0cd05257d,464.51900000000046,0.2417122626327647,0.077,raw_pEC50_SE,MW ≥215 Da,3107
nesso_cfed02a49e7d9cd4d4dc,329.40000000000015,0.24203411651110396,0.077,raw_pEC50_SE,MW ≥215 Da,3107
nesso_2591ab10eabf8b6b435f,397.90500000000014,0.2423559703894432,0.0771,raw_pEC50_SE,MW ≥215 Da,3107
nesso_b24330ad138bab5125a8,286.375,0.24267782426778242,0.0771,raw_pEC50_SE,MW ≥215 Da,3107
nesso_ff0fec7da9b15143a115,329.37499999999994,0.24299967814612167,0.0772,raw_pEC50_SE,MW ≥215 Da,3107
nesso_00ec3e82ea411a0f366b,354.4540000000002,0.24332153202446088,0.0773,raw_pEC50_SE,MW ≥215 Da,3107
nesso_52ad9ec0cfbf5d7b194f,356.35,0.24364338590280013,0.0773,raw_pEC50_SE,MW ≥215 Da,3107
nesso_4414b139c9f820dda518,248.32599999999996,0.24396523978113938,0.0774,raw_pEC50_SE,MW ≥215 Da,3107
nesso_c623c84e1687f47ba87b,341.45900000000006,0.2442870936594786,0.0774,raw_pEC50_SE,MW ≥215 Da,3107
nesso_48f70d81063db7d35b22,331.4160000000001,0.24460894753781784,0.0775,raw_pEC50_SE,MW ≥215 Da,3107
nesso_8eab66317e1d0445fe9c,349.4380000000001,0.24493080141615706,0.0775,raw_pEC50_SE,MW ≥215 Da,3107
nesso_99821b02be3b63b4b40c,349.43800000000016,0.2452526552944963,0.0775,raw_pEC50_SE,MW ≥215 Da,3107
nesso_cd6c1c4324e259f90614,372.49400000000026,0.24557450917283552,0.0775,raw_pEC50_SE,MW ≥215 Da,3107
nesso_165974741f83bca7d77c,374.5060000000001,0.24589636305117477,0.0776,raw_pEC50_SE,MW ≥215 Da,3107
nesso_24052bcfeee4e3acb67a,374.46200000000016,0.246218216929514,0.0776,raw_pEC50_SE,MW ≥215 Da,3107
nesso_25a55baec4cb65963984,361.4050000000002,0.24654007080785323,0.0776,raw_pEC50_SE,MW ≥215 Da,3107
nesso_36d5581ea14f8ce3f35e,285.322,0.24686192468619247,0.0776,raw_pEC50_SE,MW ≥215 Da,3107
nesso_41337cc60355972dccc1,432.90800000000036,0.2471837785645317,0.0776,raw_pEC50_SE,MW ≥215 Da,3107
nesso_f92f4ae22a11f4bdea27,298.386,0.24750563244287094,0.0776,raw_pEC50_SE,MW ≥215 Da,3107
nesso_694625b3c16ee4f7aaa5,301.3940000000002,0.24782748632121018,0.0778,raw_pEC50_SE,MW ≥215 Da,3107
nesso_2c9f09855a935cef8484,428.3220000000001,0.2481493401995494,0.078,raw_pEC50_SE,MW ≥215 Da,3107
nesso_38141f6e0aeebd1fb5f9,354.81500000000005,0.24847119407788865,0.078,raw_pEC50_SE,MW ≥215 Da,3107
nesso_88ca8fada2cde806208a,420.52500000000015,0.24879304795622786,0.078,raw_pEC50_SE,MW ≥215 Da,3107
nesso_adb1fc0aa8f8cec17778,368.40800000000024,0.2491149018345671,0.0781,raw_pEC50_SE,MW ≥215 Da,3107
nesso_cd6bb9cb62dacd58e4c9,387.43900000000014,0.24943675571290633,0.0781,raw_pEC50_SE,MW ≥215 Da,3107
nesso_078f081254ee3667b352,317.4040000000001,0.24975860959124557,0.0782,raw_pEC50_SE,MW ≥215 Da,3107
nesso_8a02984e14c837e195e5,370.49300000000017,0.2500804634695848,0.0782,raw_pEC50_SE,MW ≥215 Da,3107
nesso_b8be9d00b56332708386,328.45600000000013,0.25040231734792406,0.0783,raw_pEC50_SE,MW ≥215 Da,3107
nesso_ed1e7810302ca6c17e41,344.3670000000001,0.2507241712262633,0.0783,raw_pEC50_SE,MW ≥215 Da,3107
nesso_20e7680283a6c1409d23,349.456,0.2510460251046025,0.0785,raw_pEC50_SE,MW ≥215 Da,3107
nesso_8ef115c0947e9e043656,398.27200000000033,0.2513678789829417,0.0785,raw_pEC50_SE,MW ≥215 Da,3107
nesso_9f740a8f1f0260be5148,363.4790000000002,0.251689732861281,0.0785,raw_pEC50_SE,MW ≥215 Da,3107
nesso_a48a20fc0b7aca68f41c,380.4770000000001,0.2520115867396202,0.0785,raw_pEC50_SE,MW ≥215 Da,3107
nesso_dd90428abf61738a0d75,368.42400000000026,0.2523334406179594,0.0785891213845784,raw_pEC50_SE,MW ≥215 Da,3107
nesso_5063815e3e71b05b0b85,343.8110000000001,0.2526552944962987,0.0786,raw_pEC50_SE,MW ≥215 Da,3107
nesso_c19dd79dd945c9ad086c,287.363,0.2529771483746379,0.0786,raw_pEC50_SE,MW ≥215 Da,3107
nesso_ded13c5c6400037269a1,388.5340000000003,0.25329900225297713,0.0786,raw_pEC50_SE,MW ≥215 Da,3107
nesso_1ab0c6a647d12f42873b,312.39200000000005,0.2536208561313164,0.0788,raw_pEC50_SE,MW ≥215 Da,3107
nesso_f78d8f925689257f3cda,335.806,0.2539427100096556,0.0788,raw_pEC50_SE,MW ≥215 Da,3107
nesso_463db6737d198bfff759,431.45800000000014,0.25426456388799484,0.0789,raw_pEC50_SE,MW ≥215 Da,3107
nesso_697f7f82becd4577fcd2,397.25000000000006,0.25458641776633406,0.0789,raw_pEC50_SE,MW ≥215 Da,3107
nesso_c41708616ca07dd45c24,333.338,0.25490827164467333,0.0789,raw_pEC50_SE,MW ≥215 Da,3107
nesso_b16eb03665155b30b63d,310.40100000000007,0.25523012552301255,0.079,raw_pEC50_SE,MW ≥215 Da,3107
nesso_e31b490c3da9556f209e,354.4750000000002,0.25555197940135177,0.0791,raw_pEC50_SE,MW ≥215 Da,3107
nesso_e85d140a7c80d9602db3,300.406,0.25587383327969104,0.0791,raw_pEC50_SE,MW ≥215 Da,3107
nesso_26830ce9640e1358350e,323.3960000000001,0.25619568715803026,0.0792,raw_pEC50_SE,MW ≥215 Da,3107
nesso_53c67f9cd8d86ff9a1ea,326.353,0.2565175410363695,0.0792,raw_pEC50_SE,MW ≥215 Da,3107
nesso_ac396d623c2967360851,323.35200000000003,0.2568393949147087,0.0792,raw_pEC50_SE,MW ≥215 Da,3107
nesso_8858f4bb679552004fce,369.4460000000001,0.25716124879304797,0.0793,raw_pEC50_SE,MW ≥215 Da,3107
nesso_985bf0804b473f16de4a,313.14000000000004,0.2574831026713872,0.0793,raw_pEC50_SE,MW ≥215 Da,3107
nesso_a3af40d8d51895496790,313.4050000000001,0.2578049565497264,0.0793,raw_pEC50_SE,MW ≥215 Da,3107
nesso_ef08bf164c0414d3f7e3,373.4460000000001,0.2581268104280657,0.0793,raw_pEC50_SE,MW ≥215 Da,3107
nesso_2bfe6ce7702fb68632af,368.36800000000005,0.2584486643064049,0.0796,raw_pEC50_SE,MW ≥215 Da,3107
nesso_5ed4e99cb7589ca8b53a,403.2550000000001,0.2587705181847441,0.0796821811950451,raw_pEC50_SE,MW ≥215 Da,3107
nesso_5dfab3ec5638d916e2d3,346.43700000000007,0.2590923720630834,0.0797,raw_pEC50_SE,MW ≥215 Da,3107
nesso_b760c3a826b6c1a287a4,407.4730000000001,0.2594142259414226,0.0798,raw_pEC50_SE,MW ≥215 Da,3107
nesso_e9a94ac1bc013cd091bf,340.305,0.2597360798197618,0.0798,raw_pEC50_SE,MW ≥215 Da,3107
nesso_7fbb83459b94b17a4cf4,289.64,0.26005793369810104,0.0799,raw_pEC50_SE,MW ≥215 Da,3107
nesso_6ace4e2d917b364c933b,313.4050000000001,0.2603797875764403,0.08,raw_pEC50_SE,MW ≥215 Da,3107
nesso_bee8a4d9dde5ef54cf1e,365.4580000000001,0.26070164145477953,0.08,raw_pEC50_SE,MW ≥215 Da,3107
nesso_1b02593f9f1638c98bd8,288.43500000000006,0.26102349533311875,0.0800842681180267,raw_pEC50_SE,MW ≥215 Da,3107
nesso_b751787a3f2c0d1f5431,456.3220000000001,0.261345349211458,0.0801,raw_pEC50_SE,MW ≥215 Da,3107
nesso_88344b7f414a04aee5fe,365.35499999999996,0.26166720308979724,0.0805,raw_pEC50_SE,MW ≥215 Da,3107
nesso_1f3e65f0c1f3ee5746d9,414.2810000000002,0.26198905696813646,0.0807,raw_pEC50_SE,MW ≥215 Da,3107
nesso_3f303258d2d05a93bef1,382.4790000000001,0.2623109108464757,0.0807,raw_pEC50_SE,MW ≥215 Da,3107
nesso_38a3e8d97bebd71cc9a6,365.4330000000001,0.26263276472481495,0.0808,raw_pEC50_SE,MW ≥215 Da,3107
nesso_608c7839253dcc96fd2d,332.40700000000004,0.26295461860315417,0.081,raw_pEC50_SE,MW ≥215 Da,3107
nesso_18b8e30fd99202768184,294.339,0.2632764724814934,0.0811,raw_pEC50_SE,MW ≥215 Da,3107
nesso_04a0abbb4ac420dee418,458.5150000000002,0.26359832635983266,0.0812,raw_pEC50_SE,MW ≥215 Da,3107
nesso_07c0489d67ccecf78276,324.837,0.2639201802381719,0.0812,raw_pEC50_SE,MW ≥215 Da,3107
nesso_788dd7e55d9bfef2b5ce,395.5070000000001,0.2642420341165111,0.0812,raw_pEC50_SE,MW ≥215 Da,3107
nesso_0925be8c11cace901ae4,382.46000000000015,0.2645638879948503,0.0813,raw_pEC50_SE,MW ≥215 Da,3107
nesso_bec2c85bd8b9b1b0649c,340.8320000000001,0.2648857418731896,0.0813,raw_pEC50_SE,MW ≥215 Da,3107
nesso_47bbec69b72d265e9196,344.44000000000005,0.2652075957515288,0.0815,raw_pEC50_SE,MW ≥215 Da,3107
nesso_512841655473faa7322c,364.4080000000001,0.265529449629868,0.0815,raw_pEC50_SE,MW ≥215 Da,3107
nesso_700d23a1aa36c1536c16,331.44100000000014,0.2658513035082073,0.0815,raw_pEC50_SE,MW ≥215 Da,3107
nesso_8b35d3bd288aab9e4be6,363.8260000000001,0.2661731573865465,0.0815,raw_pEC50_SE,MW ≥215 Da,3107
nesso_776402add629039c1497,371.46200000000005,0.26649501126488573,0.0816,raw_pEC50_SE,MW ≥215 Da,3107
nesso_b04bc71f308dfc42d450,428.2900000000001,0.266816865143225,0.0816,raw_pEC50_SE,MW ≥215 Da,3107
nesso_b22ade71ecd999b77cef,368.4840000000001,0.2671387190215642,0.0816,raw_pEC50_SE,MW ≥215 Da,3107
nesso_52b4a09f66a18d62163e,325.41200000000003,0.26746057289990344,0.0817,raw_pEC50_SE,MW ≥215 Da,3107
nesso_6acea25529f3d75fcb75,355.4420000000002,0.26778242677824265,0.0818,raw_pEC50_SE,MW ≥215 Da,3107
nesso_b13c48b68ccda54b4925,377.444,0.26810428065658193,0.082,raw_pEC50_SE,MW ≥215 Da,3107
nesso_0da288e221cb891631de,318.402,0.26842613453492115,0.0821,raw_pEC50_SE,MW ≥215 Da,3107
nesso_07b3e984cfccf6644bde,369.42800000000005,0.26874798841326036,0.0822,raw_pEC50_SE,MW ≥215 Da,3107
nesso_70661f321cc4d02a0363,312.37300000000016,0.26906984229159964,0.0822,raw_pEC50_SE,MW ≥215 Da,3107
nesso_931a6be14c9f20ad06a3,409.54800000000034,0.26939169616993885,0.0824,raw_pEC50_SE,MW ≥215 Da,3107
nesso_d302ac0393f8e2669415,371.4410000000002,0.2697135500482781,0.0824,raw_pEC50_SE,MW ≥215 Da,3107
nesso_17b8484c62f9fe1da054,347.4150000000001,0.2700354039266173,0.0826,raw_pEC50_SE,MW ≥215 Da,3107
nesso_26c4f83a35002a4f15aa,379.31300000000005,0.27035725780495656,0.0826,raw_pEC50_SE,MW ≥215 Da,3107
nesso_5e66c17aeb996be0ccfb,409.5110000000001,0.2706791116832958,0.0826,raw_pEC50_SE,MW ≥215 Da,3107
nesso_b058ef48ec06bfc47fa9,333.38800000000003,0.271000965561635,0.0826,raw_pEC50_SE,MW ≥215 Da,3107
nesso_fc9bb3234447e29fd3cb,367.4740000000001,0.27132281943997427,0.0826,raw_pEC50_SE,MW ≥215 Da,3107
nesso_82c3c96b5c32fa64f403,322.3900000000001,0.2716446733183135,0.0827,raw_pEC50_SE,MW ≥215 Da,3107
nesso_a05960a34ed2c268f729,355.385,0.2719665271966527,0.0827,raw_pEC50_SE,MW ≥215 Da,3107
nesso_0d49c9c20af441aca09c,347.41800000000006,0.272288381074992,0.0829,raw_pEC50_SE,MW ≥215 Da,3107
nesso_bd659402e541b15c6827,315.38000000000005,0.2726102349533312,0.0829,raw_pEC50_SE,MW ≥215 Da,3107
nesso_409d5da7bf171b331a76,313.40100000000007,0.2729320888316704,0.083,raw_pEC50_SE,MW ≥215 Da,3107
nesso_473e2e67d61eeb4298de,396.5570000000001,0.27325394271000963,0.0832,raw_pEC50_SE,MW ≥215 Da,3107
nesso_5ae28118387d92280271,311.3780000000001,0.2735757965883489,0.0832,raw_pEC50_SE,MW ≥215 Da,3107
nesso_a6c97d104f8dfd94a10c,356.83500000000026,0.2738976504666881,0.0832,raw_pEC50_SE,MW ≥215 Da,3107
nesso_cff24e58c9864c1ffe7c,429.54200000000014,0.27421950434502734,0.0834,raw_pEC50_SE,MW ≥215 Da,3107
nesso_f1dd812b2afda1f6ac93,332.79100000000005,0.2745413582233666,0.08351490884866,raw_pEC50_SE,MW ≥215 Da,3107
nesso_4f19ccaf0a9f3f8ba27e,307.46299999999997,0.27486321210170583,0.0837,raw_pEC50_SE,MW ≥215 Da,3107
nesso_8b12f87bdcf6d1e78e1c,339.42400000000004,0.27518506598004505,0.0837,raw_pEC50_SE,MW ≥215 Da,3107
nesso_9e1b5b6751052d1b25e3,386.92300000000023,0.27550691985838427,0.084,raw_pEC50_SE,MW ≥215 Da,3107
nesso_bddd20240fc94fc696c7,339.3170000000001,0.27582877373672354,0.084,raw_pEC50_SE,MW ≥215 Da,3107
nesso_7492794473aa0be9c854,351.248,0.27615062761506276,0.0841,raw_pEC50_SE,MW ≥215 Da,3107
nesso_af0311b9a5cd09c8372f,314.34499999999997,0.276472481493402,0.0841,raw_pEC50_SE,MW ≥215 Da,3107
nesso_f76a559c2d3bf524ca98,306.37300000000005,0.27679433537174125,0.0841,raw_pEC50_SE,MW ≥215 Da,3107
nesso_ff2d623f0fb93976cf3f,357.3720000000002,0.27711618925008047,0.0841,raw_pEC50_SE,MW ≥215 Da,3107
nesso_e28bc4b75efd7b251515,353.37700000000007,0.2774380431284197,0.0842,raw_pEC50_SE,MW ≥215 Da,3107
nesso_62d8d6af6e61aa1ebaee,374.51000000000005,0.2777598970067589,0.0843,raw_pEC50_SE,MW ≥215 Da,3107
nesso_686f2fa414b3e16940b7,363.4210000000001,0.2780817508850982,0.0844,raw_pEC50_SE,MW ≥215 Da,3107
nesso_eaa8077db13e5ebb3420,340.38300000000004,0.2784036047634374,0.0844,raw_pEC50_SE,MW ≥215 Da,3107
nesso_f0c131c632cc293cb92e,331.46600000000007,0.2787254586417766,0.0844,raw_pEC50_SE,MW ≥215 Da,3107
nesso_11f6ca4985116466873d,310.3440000000001,0.2790473125201159,0.0845,raw_pEC50_SE,MW ≥215 Da,3107
nesso_fb0187e3dc0cdd9b8e27,289.42299999999994,0.2793691663984551,0.0845,raw_pEC50_SE,MW ≥215 Da,3107
nesso_1eed5da53e450d351607,358.463,0.2796910202767943,0.0846,raw_pEC50_SE,MW ≥215 Da,3107
nesso_6306b947cf44de5ff207,361.43500000000006,0.2800128741551336,0.0847,raw_pEC50_SE,MW ≥215 Da,3107
nesso_417f16b3c81fd88f1036,367.371,0.2803347280334728,0.0848,raw_pEC50_SE,MW ≥215 Da,3107
nesso_a4b694ad2d71244edb80,348.4540000000001,0.28065658191181203,0.0848,raw_pEC50_SE,MW ≥215 Da,3107
nesso_4b45a2b945d446dabe78,380.43500000000006,0.28097843579015125,0.0849,raw_pEC50_SE,MW ≥215 Da,3107
nesso_4124880e524af6ba1ed8,303.32800000000003,0.2813002896684905,0.085,raw_pEC50_SE,MW ≥215 Da,3107
nesso_18d5804e0ac8530dbc9d,377.26300000000003,0.28162214354682974,0.0851,raw_pEC50_SE,MW ≥215 Da,3107
nesso_d08e35359cc1fdc7d59c,397.34200000000004,0.28194399742516896,0.0851,raw_pEC50_SE,MW ≥215 Da,3107
nesso_c75fcedf1544fa59b8d6,356.245,0.28226585130350823,0.0853,raw_pEC50_SE,MW ≥215 Da,3107
nesso_3c1998b84e4d68229c4f,402.41600000000005,0.28258770518184745,0.0854,raw_pEC50_SE,MW ≥215 Da,3107
nesso_666eecdd5435e6bff9a9,371.4810000000002,0.28290955906018667,0.0854,raw_pEC50_SE,MW ≥215 Da,3107
nesso_c6e1e635a7b0e28777df,346.4520000000001,0.2832314129385259,0.0854,raw_pEC50_SE,MW ≥215 Da,3107
nesso_3d8b3d3541e7da68e9c3,355.34400000000005,0.28355326681686516,0.0855,raw_pEC50_SE,MW ≥215 Da,3107
nesso_64cbae3c75ea4096d915,345.27000000000015,0.2838751206952044,0.0855,raw_pEC50_SE,MW ≥215 Da,3107
nesso_19f15938a905b479f649,353.42600000000004,0.2841969745735436,0.0856,raw_pEC50_SE,MW ≥215 Da,3107
nesso_744f2806483f139986dd,380.2310000000002,0.28451882845188287,0.0856,raw_pEC50_SE,MW ≥215 Da,3107
nesso_fd5376a6accef3d485a8,366.49000000000007,0.2848406823302221,0.0856,raw_pEC50_SE,MW ≥215 Da,3107
nesso_659143b93941a037b38b,407.5140000000001,0.2851625362085613,0.0857,raw_pEC50_SE,MW ≥215 Da,3107
nesso_665aaa42597322406a0d,392.4090000000001,0.2854843900869006,0.0858,raw_pEC50_SE,MW ≥215 Da,3107
nesso_6a3a57140cb1a4cac8f1,298.38599999999997,0.2858062439652398,0.0858,raw_pEC50_SE,MW ≥215 Da,3107
nesso_879d96f08d89f47d1075,324.38000000000005,0.286128097843579,0.0858,raw_pEC50_SE,MW ≥215 Da,3107
nesso_198b16eaed563d147f6e,307.39400000000006,0.28644995172191823,0.086,raw_pEC50_SE,MW ≥215 Da,3107
nesso_290407398539fdaad777,397.5480000000002,0.2867718056002575,0.0861,raw_pEC50_SE,MW ≥215 Da,3107
nesso_5a5be991169241ee7fc9,282.343,0.2870936594785967,0.0861,raw_pEC50_SE,MW ≥215 Da,3107
nesso_00f69ffdf14cd14dd163,349.24300000000005,0.28741551335693594,0.0862,raw_pEC50_SE,MW ≥215 Da,3107
nesso_239519ba05f5ed2e37ab,334.33799999999997,0.2877373672352752,0.0863,raw_pEC50_SE,MW ≥215 Da,3107
nesso_9e3fcd772295f2594905,310.4010000000001,0.2880592211136144,0.0863,raw_pEC50_SE,MW ≥215 Da,3107
nesso_a58f2220410eda066b39,370.4240000000001,0.28838107499195365,0.0863,raw_pEC50_SE,MW ≥215 Da,3107
nesso_500c9b986791144a3793,353.3530000000001,0.28870292887029286,0.0865,raw_pEC50_SE,MW ≥215 Da,3107
nesso_726cd5549f8a9bc0c9d3,460.62100000000015,0.28902478274863214,0.0865,raw_pEC50_SE,MW ≥215 Da,3107
nesso_610a28b9055bc149cf36,408.54200000000014,0.28934663662697135,0.0866,raw_pEC50_SE,MW ≥215 Da,3107
nesso_63c11cab8c688a6d29b2,335.41100000000006,0.28966849050531057,0.0866,raw_pEC50_SE,MW ≥215 Da,3107
nesso_80897a77551e8b8e42f2,330.295,0.28999034438364985,0.0867,raw_pEC50_SE,MW ≥215 Da,3107
nesso_dd47f7d69709fb1270e0,349.4520000000001,0.29031219826198906,0.0867,raw_pEC50_SE,MW ≥215 Da,3107
nesso_312512245e0bcd4c2d2f,291.438,0.2906340521403283,0.0868,raw_pEC50_SE,MW ≥215 Da,3107
nesso_11cb78541137255dfccd,333.80000000000007,0.2909559060186675,0.0869,raw_pEC50_SE,MW ≥215 Da,3107
nesso_cb532d4e1ef8e283197d,322.38,0.29127775989700677,0.0869,raw_pEC50_SE,MW ≥215 Da,3107
nesso_24dd31d4d6241208e163,412.4710000000002,0.291599613775346,0.087,raw_pEC50_SE,MW ≥215 Da,3107
nesso_2c9731bf3675d7fdf404,354.85900000000015,0.2919214676536852,0.087,raw_pEC50_SE,MW ≥215 Da,3107
nesso_5db66838b8ce7e75dc0b,349.49600000000015,0.2922433215320245,0.087,raw_pEC50_SE,MW ≥215 Da,3107
nesso_e869c8b5b146438b1dfb,300.44200000000006,0.2925651754103637,0.087,raw_pEC50_SE,MW ≥215 Da,3107
nesso_db0c5872a752442e4a7c,327.73699999999997,0.2928870292887029,0.0871,raw_pEC50_SE,MW ≥215 Da,3107
nesso_542fc867b6db0e0686e0,396.4220000000001,0.2932088831670422,0.0872,raw_pEC50_SE,MW ≥215 Da,3107
nesso_07bb767a30efccdd941f,370.4820000000001,0.2935307370453814,0.0873,raw_pEC50_SE,MW ≥215 Da,3107
nesso_1593c7e1c79378747e85,373.4350000000001,0.2938525909237206,0.0873,raw_pEC50_SE,MW ≥215 Da,3107
nesso_ac320f63c29e35b347a0,458.5630000000002,0.29417444480205984,0.0873,raw_pEC50_SE,MW ≥215 Da,3107
nesso_4df9414b72b78724e945,312.3690000000001,0.2944962986803991,0.0874,raw_pEC50_SE,MW ≥215 Da,3107
nesso_54379f9fcd385a94b1ea,337.4450000000002,0.29481815255873833,0.0874,raw_pEC50_SE,MW ≥215 Da,3107
nesso_c5a4dacc6e11ae7056d6,468.55300000000017,0.29514000643707755,0.0874,raw_pEC50_SE,MW ≥215 Da,3107
nesso_4cd8519328565379b190,319.43,0.2954618603154168,0.0876,raw_pEC50_SE,MW ≥215 Da,3107
nesso_71178b8faefeb0aa3116,372.46500000000015,0.29578371419375604,0.0876,raw_pEC50_SE,MW ≥215 Da,3107
nesso_59518215ee091787d6e9,362.4980000000001,0.29610556807209526,0.0878,raw_pEC50_SE,MW ≥215 Da,3107
nesso_8a517a1b62792d3c71cc,348.40600000000006,0.2964274219504345,0.0879,raw_pEC50_SE,MW ≥215 Da,3107
nesso_936a54fbf76028fe285d,330.34000000000003,0.29674927582877375,0.0879,raw_pEC50_SE,MW ≥215 Da,3107
nesso_973d05e76fceccff6eb7,423.8230000000001,0.29707112970711297,0.0879,raw_pEC50_SE,MW ≥215 Da,3107
nesso_282b2d3d0adca28b232d,331.44100000000026,0.2973929835854522,0.088,raw_pEC50_SE,MW ≥215 Da,3107
nesso_87b6a2a3c03815030bc7,300.355,0.29771483746379146,0.088,raw_pEC50_SE,MW ≥215 Da,3107
nesso_62ad8000d79ab1f0bbff,302.399,0.2980366913421307,0.0881,raw_pEC50_SE,MW ≥215 Da,3107
nesso_dd469465c15c0589548b,324.42800000000005,0.2983585452204699,0.0881,raw_pEC50_SE,MW ≥215 Da,3107
nesso_9c5426aca6c3d0917551,395.48100000000017,0.29868039909880917,0.0882,raw_pEC50_SE,MW ≥215 Da,3107
nesso_013e7d360dd9dcf37a34,360.41700000000003,0.2990022529771484,0.0884,raw_pEC50_SE,MW ≥215 Da,3107
nesso_27ba9540d7826c709ec9,325.4080000000001,0.2993241068554876,0.0884,raw_pEC50_SE,MW ≥215 Da,3107
nesso_e766f8d81a9ad5cb70b0,252.726,0.2996459607338268,0.0884,raw_pEC50_SE,MW ≥215 Da,3107
nesso_abd0f718495df247eed4,312.36899999999997,0.2999678146121661,0.0885,raw_pEC50_SE,MW ≥215 Da,3107
nesso_0cafddb847f5bbd01a8e,377.37000000000006,0.3002896684905053,0.0886,raw_pEC50_SE,MW ≥215 Da,3107
nesso_dde3d8b846debc12d570,356.4450000000001,0.30061152236884453,0.0886,raw_pEC50_SE,MW ≥215 Da,3107
nesso_c7583252a3b320956ed6,374.8530000000002,0.3009333762471838,0.0886704009238708,raw_pEC50_SE,MW ≥215 Da,3107
nesso_0957aa835b85e3be7061,327.3840000000001,0.301255230125523,0.0887,raw_pEC50_SE,MW ≥215 Da,3107
nesso_874ae660e49b36e9438a,383.3550000000002,0.30157708400386224,0.0887,raw_pEC50_SE,MW ≥215 Da,3107
nesso_5b2f045af25a567b81bc,386.24900000000014,0.30189893788220146,0.0887651395537685,raw_pEC50_SE,MW ≥215 Da,3107
nesso_7a039d253d89ca3c148f,355.4160000000001,0.30222079176054073,0.0888,raw_pEC50_SE,MW ≥215 Da,3107
nesso_91e27970dab43613a166,340.4230000000001,0.30254264563887995,0.0888,raw_pEC50_SE,MW ≥215 Da,3107
nesso_f64bc8f57a0e8c89cf72,337.48900000000026,0.30286449951721917,0.0888,raw_pEC50_SE,MW ≥215 Da,3107
nesso_99c31d050011e18f7377,325.41200000000003,0.30318635339555844,0.089,raw_pEC50_SE,MW ≥215 Da,3107
nesso_2bb759ee53d91739a1db,377.4480000000001,0.30350820727389766,0.0891,raw_pEC50_SE,MW ≥215 Da,3107
nesso_c09e42102d55212a9820,324.42400000000004,0.3038300611522369,0.0891,raw_pEC50_SE,MW ≥215 Da,3107
nesso_cfc1009877d2974268d4,454.95800000000014,0.3041519150305761,0.0892,raw_pEC50_SE,MW ≥215 Da,3107
nesso_6ee95a1f15aa3d88c613,373.7220000000002,0.30447376890891537,0.0892525069675916,raw_pEC50_SE,MW ≥215 Da,3107
nesso_58081fa9b01fe7065e8f,372.80800000000016,0.3047956227872546,0.0893,raw_pEC50_SE,MW ≥215 Da,3107
nesso_bd27c852e36fc45f49d7,320.336,0.3051174766655938,0.0893,raw_pEC50_SE,MW ≥215 Da,3107
nesso_d28a9a8a9ddcebcaa7d6,365.5030000000001,0.3054393305439331,0.0893,raw_pEC50_SE,MW ≥215 Da,3107
nesso_0853566fd4adfe0a59c0,350.4620000000002,0.3057611844222723,0.0894,raw_pEC50_SE,MW ≥215 Da,3107
nesso_884c2c459fa747763a9b,311.38500000000005,0.3060830383006115,0.0894,raw_pEC50_SE,MW ≥215 Da,3107
nesso_d2f68e04a3bb29fc2749,378.856,0.3064048921789508,0.0895,raw_pEC50_SE,MW ≥215 Da,3107
nesso_ea1fc280ce0a7bb8bc4c,356.37500000000006,0.30672674605729,0.0895,raw_pEC50_SE,MW ≥215 Da,3107
nesso_feaff2bc9832edc16da7,324.384,0.3070485999356292,0.0895,raw_pEC50_SE,MW ≥215 Da,3107
nesso_e4745b753c73d97b1042,342.3740000000002,0.30737045381396844,0.0896,raw_pEC50_SE,MW ≥215 Da,3107
nesso_066ec041acb34af05398,358.46700000000004,0.3076923076923077,0.0897,raw_pEC50_SE,MW ≥215 Da,3107
nesso_7aba55ef8d2206f14577,315.38,0.3080141615706469,0.0897,raw_pEC50_SE,MW ≥215 Da,3107
nesso_096ceaf98c0e75d9c2f2,425.3480000000001,0.30833601544898614,0.0899,raw_pEC50_SE,MW ≥215 Da,3107
nesso_618b3094ea016ea6b926,341.39200000000005,0.3086578693273254,0.0899,raw_pEC50_SE,MW ≥215 Da,3107
nesso_8c2555ede47f3b4e3ecf,575.6870000000001,0.30897972320566464,0.0899,raw_pEC50_SE,MW ≥215 Da,3107
nesso_5b4ee190be867e5494f5,384.5270000000001,0.30930157708400385,0.09,raw_pEC50_SE,MW ≥215 Da,3107
nesso_a844e5fad606601cc13e,426.47000000000014,0.30962343096234307,0.09,raw_pEC50_SE,MW ≥215 Da,3107
nesso_61015d189f2e77820738,347.35300000000007,0.30994528484068234,0.0901,raw_pEC50_SE,MW ≥215 Da,3107
nesso_095a44ae37c03c675620,332.7660000000001,0.31026713871902156,0.0902,raw_pEC50_SE,MW ≥215 Da,3107
nesso_dfafa75e233e6874d402,334.423,0.3105889925973608,0.0902,raw_pEC50_SE,MW ≥215 Da,3107
nesso_642446ff2c38468bb1c1,326.396,0.31091084647570005,0.0903,raw_pEC50_SE,MW ≥215 Da,3107
nesso_7df56d629f607b7e455f,390.44300000000004,0.31123270035403927,0.0903,raw_pEC50_SE,MW ≥215 Da,3107
nesso_897a4e6d0863821b7f67,348.855,0.3115545542323785,0.0903,raw_pEC50_SE,MW ≥215 Da,3107
nesso_cc87c53c453d4397c1e5,356.44700000000006,0.3118764081107177,0.0903,raw_pEC50_SE,MW ≥215 Da,3107
nesso_5374dfe3c50dc51cc8c2,318.33900000000006,0.312198261989057,0.0904,raw_pEC50_SE,MW ≥215 Da,3107
nesso_ce66cc0c624f14c61c67,348.7360000000001,0.3125201158673962,0.0904,raw_pEC50_SE,MW ≥215 Da,3107
nesso_33520f1905a7f784e8ec,339.826,0.3128419697457354,0.0905,raw_pEC50_SE,MW ≥215 Da,3107
nesso_68d42f6b1616ebd49cbb,313.4010000000002,0.3131638236240747,0.0905,raw_pEC50_SE,MW ≥215 Da,3107
nesso_620b82eeb34123fa2a46,339.8260000000001,0.3134856775024139,0.0906,raw_pEC50_SE,MW ≥215 Da,3107
nesso_c86d7137affbef5dc730,346.39000000000004,0.3138075313807531,0.0906,raw_pEC50_SE,MW ≥215 Da,3107
nesso_1eaca106ee9a03b25ff8,369.51500000000004,0.3141293852590924,0.0907,raw_pEC50_SE,MW ≥215 Da,3107
nesso_f175ea0f6068b1ab35f4,344.374,0.3144512391374316,0.0907,raw_pEC50_SE,MW ≥215 Da,3107
nesso_49e9e9d12570671dcc49,313.39700000000005,0.31477309301577083,0.0908,raw_pEC50_SE,MW ≥215 Da,3107
nesso_5845fa6e14380b2fce68,372.403,0.31509494689411005,0.0908,raw_pEC50_SE,MW ≥215 Da,3107
nesso_b0ccb4334f0a4bf2ead2,349.4380000000002,0.3154168007724493,0.0908,raw_pEC50_SE,MW ≥215 Da,3107
nesso_b8061866f6a9723afe5c,372.4680000000001,0.31573865465078854,0.0908,raw_pEC50_SE,MW ≥215 Da,3107
nesso_8fc8a25839f946851a28,344.216,0.31606050852912776,0.0909,raw_pEC50_SE,MW ≥215 Da,3107
nesso_99dc2190c487f9aea4cf,348.44900000000007,0.31638236240746703,0.0909,raw_pEC50_SE,MW ≥215 Da,3107
nesso_c59f2a1cb3221f4badd9,397.86900000000014,0.31670421628580625,0.0909,raw_pEC50_SE,MW ≥215 Da,3107
nesso_ab0df3a2c442c21abde3,348.45000000000005,0.31702607016414547,0.091,raw_pEC50_SE,MW ≥215 Da,3107
nesso_3070b5056b5b997ef5ed,366.4650000000001,0.3173479240424847,0.0911,raw_pEC50_SE,MW ≥215 Da,3107
nesso_649828c5cdea94c20c78,319.4090000000001,0.31766977792082396,0.0911,raw_pEC50_SE,MW ≥215 Da,3107
nesso_49f4a8aa133d6680462c,334.37000000000006,0.3179916317991632,0.0912,raw_pEC50_SE,MW ≥215 Da,3107
nesso_a126d31c35f0e675fe8b,457.48600000000016,0.3183134856775024,0.0912,raw_pEC50_SE,MW ≥215 Da,3107
nesso_e24854c54452a3e28d4a,377.4960000000001,0.31863533955584167,0.0912,raw_pEC50_SE,MW ≥215 Da,3107
nesso_f1ee4487e1dba9b89312,304.37500000000006,0.3189571934341809,0.0912,raw_pEC50_SE,MW ≥215 Da,3107
nesso_bf9db10f559075b29aa0,368.4620000000002,0.3192790473125201,0.0913,raw_pEC50_SE,MW ≥215 Da,3107
nesso_c0fb788d91b08c55dff5,419.4600000000001,0.3196009011908594,0.0913,raw_pEC50_SE,MW ≥215 Da,3107
nesso_921e6c3d8a77e5d6b301,349.43399999999997,0.3199227550691986,0.0915,raw_pEC50_SE,MW ≥215 Da,3107
nesso_9191ee76313c694a954a,414.89700000000005,0.3202446089475378,0.092,raw_pEC50_SE,MW ≥215 Da,3107
nesso_af4240b9a94781d8aa38,317.4290000000001,0.32056646282587703,0.0921,raw_pEC50_SE,MW ≥215 Da,3107
nesso_bc19679ea686264c3e0c,332.4,0.3208883167042163,0.0922,raw_pEC50_SE,MW ≥215 Da,3107
nesso_69d0bc45e3dbd7d82a30,329.36000000000007,0.3212101705825555,0.0924,raw_pEC50_SE,MW ≥215 Da,3107
nesso_079e17dfacd861fb64d9,361.22800000000007,0.32153202446089474,0.0927,raw_pEC50_SE,MW ≥215 Da,3107
nesso_4f537215c7d3537f0077,580.4660000000002,0.321853878339234,0.0927,raw_pEC50_SE,MW ≥215 Da,3107
nesso_e477a4e8f16839b05d02,307.39,0.32217573221757323,0.0927,raw_pEC50_SE,MW ≥215 Da,3107
nesso_136980d364ae6796b865,376.45700000000016,0.32249758609591245,0.0928,raw_pEC50_SE,MW ≥215 Da,3107
nesso_49a44f112961f3c72a25,338.3860000000001,0.32281943997425167,0.0928,raw_pEC50_SE,MW ≥215 Da,3107
nesso_53247eafd9ba189c5e7b,415.8520000000001,0.32314129385259094,0.0928,raw_pEC50_SE,MW ≥215 Da,3107
nesso_55f40d1c746c19019b54,374.24200000000013,0.32346314773093016,0.0931,raw_pEC50_SE,MW ≥215 Da,3107
nesso_774bf1f58abf921f8505,319.36800000000005,0.3237850016092694,0.0932,raw_pEC50_SE,MW ≥215 Da,3107
nesso_a8f38fde3c2214eb345e,364.38899999999995,0.32410685548760865,0.0932,raw_pEC50_SE,MW ≥215 Da,3107
nesso_02efc6361d297e769ab8,296.37,0.32442870936594786,0.0933,raw_pEC50_SE,MW ≥215 Da,3107
nesso_61526c27d22c837c0ae7,285.34700000000004,0.3247505632442871,0.0933,raw_pEC50_SE,MW ≥215 Da,3107
nesso_aff3bdcaf7710dcdc86a,363.8450000000001,0.3250724171226263,0.0933,raw_pEC50_SE,MW ≥215 Da,3107
nesso_b47c4754ce724850b5c7,302.3250000000001,0.3253942710009656,0.0933,raw_pEC50_SE,MW ≥215 Da,3107
nesso_0a5a731a193480161435,354.36600000000004,0.3257161248793048,0.0934,raw_pEC50_SE,MW ≥215 Da,3107
nesso_8ee33d73d889f8add5d1,374.46200000000005,0.326037978757644,0.0935,raw_pEC50_SE,MW ≥215 Da,3107
nesso_13629ad8abf8f8b21e08,370.399,0.3263598326359833,0.0936,raw_pEC50_SE,MW ≥215 Da,3107
nesso_2838cd31129061a22d93,308.29300000000006,0.3266816865143225,0.0936,raw_pEC50_SE,MW ≥215 Da,3107
nesso_95dd0b24dc3534af529a,439.5560000000002,0.3270035403926617,0.0936,raw_pEC50_SE,MW ≥215 Da,3107
nesso_5c7021b8fe9ddb0e2d7b,301.3900000000001,0.327325394271001,0.0937,raw_pEC50_SE,MW ≥215 Da,3107
nesso_8e40ae90b4293a3de390,369.4250000000001,0.3276472481493402,0.0938,raw_pEC50_SE,MW ≥215 Da,3107
nesso_b40fb1b832aacc2074ea,310.32300000000015,0.3279691020276794,0.0938,raw_pEC50_SE,MW ≥215 Da,3107
nesso_8b230fe60378028b5a23,300.3620000000001,0.32829095590601864,0.0939,raw_pEC50_SE,MW ≥215 Da,3107
nesso_bb4f4d5b7c55e9f93fcd,336.45700000000016,0.3286128097843579,0.0939,raw_pEC50_SE,MW ≥215 Da,3107
nesso_496ed10ee8907e5c100d,368.36300000000006,0.32893466366269714,0.0942,raw_pEC50_SE,MW ≥215 Da,3107
nesso_63583f49d4739257ece9,306.41,0.32925651754103635,0.0942,raw_pEC50_SE,MW ≥215 Da,3107
nesso_b0e41d9b58e172d2e91d,415.42800000000005,0.3295783714193756,0.0942,raw_pEC50_SE,MW ≥215 Da,3107
nesso_d9d3791b07aa8908274e,405.5390000000002,0.32990022529771484,0.0942,raw_pEC50_SE,MW ≥215 Da,3107
nesso_7ba00f7eef600c42199f,377.42500000000007,0.33022207917605406,0.0943,raw_pEC50_SE,MW ≥215 Da,3107
nesso_e6dbe50d3b0409f94305,390.82300000000015,0.3305439330543933,0.0943,raw_pEC50_SE,MW ≥215 Da,3107
nesso_8f83e6613a402c27d0af,368.3850000000001,0.33086578693273255,0.0944,raw_pEC50_SE,MW ≥215 Da,3107
nesso_076310f4daf95c70946e,297.33299999999997,0.33118764081107177,0.0947,raw_pEC50_SE,MW ≥215 Da,3107
nesso_0cf10d2bbecf9e7aaee8,390.26600000000013,0.331509494689411,0.0947,raw_pEC50_SE,MW ≥215 Da,3107
nesso_b42359f5043f9738fd19,340.44500000000005,0.33183134856775026,0.0947,raw_pEC50_SE,MW ≥215 Da,3107
nesso_1d6594c84c2813c83ece,373.4300000000001,0.3321532024460895,0.0948,raw_pEC50_SE,MW ≥215 Da,3107
nesso_a36273394b32279dd62f,375.46000000000004,0.3324750563244287,0.0948,raw_pEC50_SE,MW ≥215 Da,3107
nesso_8ae2c2890e07c07ffd00,339.39900000000006,0.33279691020276797,0.0949,raw_pEC50_SE,MW ≥215 Da,3107
nesso_0cbc2a1954ccf93bd53f,477.5210000000002,0.3331187640811072,0.095,raw_pEC50_SE,MW ≥215 Da,3107
nesso_e7a1b670224ff7a9ab8e,337.423,0.3334406179594464,0.0953,raw_pEC50_SE,MW ≥215 Da,3107
nesso_fae91c75584eddeb6276,431.51300000000015,0.3337624718377856,0.0954,raw_pEC50_SE,MW ≥215 Da,3107
nesso_6609b4261c3b28e10e5f,369.8990000000001,0.3340843257161249,0.0955,raw_pEC50_SE,MW ≥215 Da,3107
nesso_479a72ce96ab137baf17,386.4770000000001,0.3344061795944641,0.0956,raw_pEC50_SE,MW ≥215 Da,3107
nesso_21ac0027928de6b44783,325.4120000000001,0.33472803347280333,0.0957,raw_pEC50_SE,MW ≥215 Da,3107
nesso_300f6badd56be3f5a310,357.4940000000002,0.3350498873511426,0.0958,raw_pEC50_SE,MW ≥215 Da,3107
nesso_6e0a2df7c42f68b90600,334.38300000000004,0.3353717412294818,0.0959,raw_pEC50_SE,MW ≥215 Da,3107
nesso_07db441b8c3d10561599,367.25700000000006,0.33569359510782104,0.0962,raw_pEC50_SE,MW ≥215 Da,3107
nesso_6d16a4757e7a30347d6e,358.41000000000014,0.33601544898616026,0.0962,raw_pEC50_SE,MW ≥215 Da,3107
nesso_bd14545a83369fb5e1cd,304.4150000000001,0.33633730286449953,0.0963,raw_pEC50_SE,MW ≥215 Da,3107
nesso_3242fe200c7a149a9b87,445.92500000000035,0.33665915674283875,0.0964,raw_pEC50_SE,MW ≥215 Da,3107
nesso_e8a59ecbe0cf03e6b672,338.35100000000006,0.33698101062117797,0.0966,raw_pEC50_SE,MW ≥215 Da,3107
nesso_36426fb5c419c9a6c71c,314.788,0.33730286449951724,0.0967,raw_pEC50_SE,MW ≥215 Da,3107
nesso_600f718b38c7258320d7,412.53000000000014,0.33762471837785646,0.0967,raw_pEC50_SE,MW ≥215 Da,3107
nesso_a2acbeeb1d7584dfa836,369.3680000000001,0.3379465722561957,0.0967,raw_pEC50_SE,MW ≥215 Da,3107
nesso_d9b8de02c022633a9749,551.7690000000003,0.3382684261345349,0.0967,raw_pEC50_SE,MW ≥215 Da,3107
nesso_389d3107726b6ca3b319,397.5150000000002,0.33859028001287417,0.097,raw_pEC50_SE,MW ≥215 Da,3107
nesso_83c295b9b0cb46cad8a6,366.5090000000002,0.3389121338912134,0.0971,raw_pEC50_SE,MW ≥215 Da,3107
nesso_d77e4cfb342eb7a60b4a,341.49800000000016,0.3392339877695526,0.0973,raw_pEC50_SE,MW ≥215 Da,3107
nesso_bd05517bbad2deff96f1,357.8410000000001,0.3395558416478919,0.0974,raw_pEC50_SE,MW ≥215 Da,3107
nesso_e426a5e7f3f44b0bee59,332.322,0.3398776955262311,0.0974,raw_pEC50_SE,MW ≥215 Da,3107
nesso_f2fd6c30096004d9b697,328.46000000000004,0.3401995494045703,0.0974,raw_pEC50_SE,MW ≥215 Da,3107
nesso_017c6482b04ed81527be,337.44500000000005,0.3405214032829096,0.0975,raw_pEC50_SE,MW ≥215 Da,3107
nesso_1caca110de780fa42308,306.369,0.3408432571612488,0.0975,raw_pEC50_SE,MW ≥215 Da,3107
nesso_5262ce4f6da63cf85b85,324.42400000000004,0.341165111039588,0.0975,raw_pEC50_SE,MW ≥215 Da,3107
nesso_66746e21d7fdb2f6447e,467.5330000000002,0.34148696491792724,0.0975,raw_pEC50_SE,MW ≥215 Da,3107
nesso_47795f7c6c3047d9a7c9,453.9230000000002,0.3418088187962665,0.0976,raw_pEC50_SE,MW ≥215 Da,3107
nesso_76949babd92e87c6d813,303.333,0.34213067267460573,0.0977,raw_pEC50_SE,MW ≥215 Da,3107
nesso_33c73c4c49675c7f768e,346.4080000000002,0.34245252655294495,0.0978,raw_pEC50_SE,MW ≥215 Da,3107
nesso_780b58f17147f27cb01d,383.51700000000017,0.3427743804312842,0.0978,raw_pEC50_SE,MW ≥215 Da,3107
nesso_005ba886a4b27089d816,378.46900000000016,0.34309623430962344,0.0979,raw_pEC50_SE,MW ≥215 Da,3107
nesso_823bf17f0ab989c4e2a8,345.8520000000001,0.34341808818796266,0.0979,raw_pEC50_SE,MW ≥215 Da,3107
nesso_08b6b33b85b5ec8cbb84,466.5410000000002,0.3437399420663019,0.0980573811602165,raw_pEC50_SE,MW ≥215 Da,3107
nesso_5c433aafa086b80b3f57,322.3400000000002,0.34406179594464115,0.0981,raw_pEC50_SE,MW ≥215 Da,3107
nesso_0cce6fea62f99407c3d9,428.5800000000001,0.34438364982298036,0.0983,raw_pEC50_SE,MW ≥215 Da,3107
nesso_82dab6792a1e36060f9e,404.5170000000001,0.3447055037013196,0.0983,raw_pEC50_SE,MW ≥215 Da,3107
nesso_859688cd8c53395372da,347.35300000000007,0.34502735757965886,0.0983,raw_pEC50_SE,MW ≥215 Da,3107
nesso_4e7e5d0a706f7efc04b5,427.48300000000023,0.3453492114579981,0.0985,raw_pEC50_SE,MW ≥215 Da,3107
nesso_b9d77251f5b1684fb4ee,421.43200000000013,0.3456710653363373,0.0985,raw_pEC50_SE,MW ≥215 Da,3107
nesso_3734a9795709be433646,329.4040000000001,0.34599291921467656,0.0986,raw_pEC50_SE,MW ≥215 Da,3107
nesso_8e238e605741c62ffd9c,330.43200000000013,0.3463147730930158,0.0986,raw_pEC50_SE,MW ≥215 Da,3107
nesso_c3b26d257502fd68dd8f,326.343,0.346636626971355,0.0986,raw_pEC50_SE,MW ≥215 Da,3107
nesso_3557c5de590de745f3a1,288.43500000000006,0.3469584808496942,0.0987,raw_pEC50_SE,MW ≥215 Da,3107
nesso_69044625a45996e864c2,344.34200000000004,0.3472803347280335,0.0987,raw_pEC50_SE,MW ≥215 Da,3107
nesso_8c4b208138b8b1f6531d,314.45500000000004,0.3476021886063727,0.0987,raw_pEC50_SE,MW ≥215 Da,3107
nesso_237acec0863c39e6c01d,329.78700000000015,0.3479240424847119,0.0988,raw_pEC50_SE,MW ≥215 Da,3107
nesso_9fa694a2ee5c2c97b680,312.369,0.3482458963630512,0.0988,raw_pEC50_SE,MW ≥215 Da,3107
nesso_e352334ae51ec5ffdffb,367.4530000000002,0.3485677502413904,0.0988,raw_pEC50_SE,MW ≥215 Da,3107
nesso_22b0b3fd00c0e91b364f,375.45400000000024,0.34888960411972963,0.099,raw_pEC50_SE,MW ≥215 Da,3107
nesso_f4de5e090a43d5814d7d,321.376,0.34921145799806885,0.099,raw_pEC50_SE,MW ≥215 Da,3107
nesso_1c78ff3b99bc3013f381,345.4900000000002,0.3495333118764081,0.0991,raw_pEC50_SE,MW ≥215 Da,3107
nesso_39f96cf606aa96997bc4,383.42900000000014,0.34985516575474734,0.0991,raw_pEC50_SE,MW ≥215 Da,3107
nesso_9e49f0dfd40f44583f03,288.37299999999993,0.35017701963308656,0.0991,raw_pEC50_SE,MW ≥215 Da,3107
nesso_0e799acda58abcdad8a8,338.40700000000015,0.35049887351142583,0.0992,raw_pEC50_SE,MW ≥215 Da,3107
nesso_326fe930e1172700d561,341.37600000000003,0.35082072738976505,0.0992,raw_pEC50_SE,MW ≥215 Da,3107
nesso_5f43be642b307ac3e852,379.384,0.35114258126810427,0.0992,raw_pEC50_SE,MW ≥215 Da,3107
nesso_79d31e4525ac95f5e3ec,348.39900000000006,0.3514644351464435,0.0992,raw_pEC50_SE,MW ≥215 Da,3107
nesso_fdf160fcb736b3b621f7,341.45500000000004,0.35178628902478276,0.0993,raw_pEC50_SE,MW ≥215 Da,3107
nesso_cc19126ba331bf9b8457,321.4420000000001,0.352108142903122,0.0994,raw_pEC50_SE,MW ≥215 Da,3107
nesso_91e5053ba9ce5341a023,306.36900000000014,0.3524299967814612,0.0995,raw_pEC50_SE,MW ≥215 Da,3107
nesso_4470b61f865226e8068d,429.54900000000015,0.35275185065980047,0.0996,raw_pEC50_SE,MW ≥215 Da,3107
nesso_84330e6e38b0fc43bdd1,318.76400000000007,0.3530737045381397,0.0996,raw_pEC50_SE,MW ≥215 Da,3107
nesso_31b41b817c9d2d8a6eba,298.39000000000004,0.3533955584164789,0.0997,raw_pEC50_SE,MW ≥215 Da,3107
nesso_e5b1b29c1ab0625b9a68,359.4290000000001,0.3537174122948182,0.0997,raw_pEC50_SE,MW ≥215 Da,3107
nesso_004fa1ed5b05a82c5fe2,437.5400000000003,0.3540392661731574,0.1,raw_pEC50_SE,MW ≥215 Da,3107
nesso_2e1374965ee03d5cc243,334.46400000000017,0.3543611200514966,0.1,raw_pEC50_SE,MW ≥215 Da,3107
nesso_3d3b85fa6dc8c00af3e6,385.85100000000006,0.35468297392983583,0.1,raw_pEC50_SE,MW ≥215 Da,3107
nesso_44356ef30dfb8453239d,392.4630000000001,0.3550048278081751,0.1,raw_pEC50_SE,MW ≥215 Da,3107
nesso_a459262fef7603d1b046,349.8180000000001,0.3553266816865143,0.1,raw_pEC50_SE,MW ≥215 Da,3107
nesso_b92531ec0489ed7baded,272.308,0.35564853556485354,0.1,raw_pEC50_SE,MW ≥215 Da,3107
nesso_e5d0715c26442a401302,360.5010000000001,0.3559703894431928,0.1,raw_pEC50_SE,MW ≥215 Da,3107
nesso_e6ed44979480f3a5d850,371.3080000000001,0.35629224332153203,0.1,raw_pEC50_SE,MW ≥215 Da,3107
nesso_0ebc9509c09f9280a24b,319.373,0.35661409719987125,0.101,raw_pEC50_SE,MW ≥215 Da,3107
nesso_0f86135eab9b3b9f105b,349.334,0.35693595107821047,0.101,raw_pEC50_SE,MW ≥215 Da,3107
nesso_3b29dfd01e83ade6f50f,369.4020000000001,0.35725780495654974,0.101,raw_pEC50_SE,MW ≥215 Da,3107
nesso_73886227f4576cbc36d5,361.38900000000007,0.35757965883488896,0.101,raw_pEC50_SE,MW ≥215 Da,3107
nesso_83cff56d0420999a2683,378.4530000000001,0.3579015127132282,0.101,raw_pEC50_SE,MW ≥215 Da,3107
nesso_b04f0fe90bdeba34791a,413.9090000000002,0.35822336659156745,0.101,raw_pEC50_SE,MW ≥215 Da,3107
nesso_eedb8a993e3fb68b81c4,405.4830000000001,0.35854522046990667,0.101,raw_pEC50_SE,MW ≥215 Da,3107
nesso_1277f97dde5380318fb0,372.372,0.3588670743482459,0.102,raw_pEC50_SE,MW ≥215 Da,3107
nesso_21998628454cba763c57,344.44,0.35918892822658516,0.102,raw_pEC50_SE,MW ≥215 Da,3107
nesso_499a99bad2d6448963cf,367.47400000000005,0.3595107821049244,0.102,raw_pEC50_SE,MW ≥215 Da,3107
nesso_4ad44a6be2a0083306e8,324.428,0.3598326359832636,0.102,raw_pEC50_SE,MW ≥215 Da,3107
nesso_4ff09288c7cf2a4da1cc,354.4750000000001,0.3601544898616028,0.102,raw_pEC50_SE,MW ≥215 Da,3107
nesso_6f916d9347835d277568,370.4090000000001,0.3604763437399421,0.102,raw_pEC50_SE,MW ≥215 Da,3107
nesso_7dc5a2c4da044eb422e9,360.4610000000002,0.3607981976182813,0.102,raw_pEC50_SE,MW ≥215 Da,3107
nesso_90a316955dd2236da7ed,315.67799999999994,0.3611200514966205,0.102,raw_pEC50_SE,MW ≥215 Da,3107
nesso_9839f7db51af49bb9c6d,344.3740000000001,0.3614419053749598,0.102,raw_pEC50_SE,MW ≥215 Da,3107
nesso_b3a71065310adbe8454b,393.40500000000014,0.361763759253299,0.102,raw_pEC50_SE,MW ≥215 Da,3107
nesso_b3cdac4a9c4334ea9b31,240.73399999999992,0.36208561313163823,0.102,raw_pEC50_SE,MW ≥215 Da,3107
nesso_cadb64f71de1e07c2028,326.48400000000004,0.36240746700997745,0.102,raw_pEC50_SE,MW ≥215 Da,3107
nesso_d73136cc4714e50aa262,299.37399999999997,0.3627293208883167,0.102,raw_pEC50_SE,MW ≥215 Da,3107
nesso_db43c79b7726d20d7249,384.48700000000014,0.36305117476665594,0.102,raw_pEC50_SE,MW ≥215 Da,3107
nesso_e105695811da9c6decf9,374.37400000000014,0.36337302864499516,0.102,raw_pEC50_SE,MW ≥215 Da,3107
nesso_eb3edea6e30b014783f9,366.4610000000002,0.36369488252333443,0.102,raw_pEC50_SE,MW ≥215 Da,3107
nesso_01799c36f36d12605944,384.259,0.36401673640167365,0.103,raw_pEC50_SE,MW ≥215 Da,3107
nesso_37a3d0af1630633868c5,330.49400000000014,0.36433859028001286,0.103,raw_pEC50_SE,MW ≥215 Da,3107
nesso_423629df53462408b4da,356.2600000000002,0.3646604441583521,0.103,raw_pEC50_SE,MW ≥215 Da,3107
nesso_6cd9506db86e38a396e1,372.89900000000006,0.36498229803669135,0.103,raw_pEC50_SE,MW ≥215 Da,3107
nesso_708d37f43d79676959af,378.5160000000001,0.3653041519150306,0.103,raw_pEC50_SE,MW ≥215 Da,3107
nesso_85e89c0ba01ea156a212,349.46000000000015,0.3656260057933698,0.103,raw_pEC50_SE,MW ≥215 Da,3107
nesso_8e3da3a69d5f2527170e,402.57900000000024,0.36594785967170906,0.103,raw_pEC50_SE,MW ≥215 Da,3107
nesso_9319cf2d78f62917b323,315.80400000000003,0.3662697135500483,0.103,raw_pEC50_SE,MW ≥215 Da,3107
nesso_a11b394db702e1c8d321,337.4270000000001,0.3665915674283875,0.103,raw_pEC50_SE,MW ≥215 Da,3107
nesso_a440768618cdc2d1ced0,341.43600000000004,0.3669134213067268,0.103,raw_pEC50_SE,MW ≥215 Da,3107
nesso_bf8bf635a0f6064b80ca,324.34000000000003,0.367235275185066,0.103,raw_pEC50_SE,MW ≥215 Da,3107
nesso_c8711ff99764d8fec2b6,381.3140000000001,0.3675571290634052,0.103,raw_pEC50_SE,MW ≥215 Da,3107
nesso_d2dabc22df42cae0f3b4,399.5390000000003,0.3678789829417444,0.103,raw_pEC50_SE,MW ≥215 Da,3107
nesso_ea77fe4ec9cfbb1c060e,322.36800000000005,0.3682008368200837,0.103,raw_pEC50_SE,MW ≥215 Da,3107
nesso_fc5d1395d23ba19fd8ca,301.4150000000002,0.3685226906984229,0.103,raw_pEC50_SE,MW ≥215 Da,3107
nesso_0f66f36e7e48b890da4b,343.8320000000002,0.36884454457676213,0.104,raw_pEC50_SE,MW ≥215 Da,3107
nesso_1cdc8a4bf568fd6f1423,352.45,0.3691663984551014,0.104,raw_pEC50_SE,MW ≥215 Da,3107
nesso_1d8f670d5c74580c0500,305.765,0.3694882523334406,0.104,raw_pEC50_SE,MW ≥215 Da,3107
nesso_1dc1b3688d4c338fc075,366.4170000000001,0.36981010621177984,0.104,raw_pEC50_SE,MW ≥215 Da,3107
nesso_2aaee82d00ebbec73a86,439.51600000000036,0.37013196009011906,0.104,raw_pEC50_SE,MW ≥215 Da,3107
nesso_3599ccc86f8499f5ab8a,377.47000000000014,0.37045381396845833,0.104,raw_pEC50_SE,MW ≥215 Da,3107
nesso_52ed1344692decb05b95,308.422,0.37077566784679755,0.104,raw_pEC50_SE,MW ≥215 Da,3107
nesso_6c5d5259ece28cc1de79,329.40400000000005,0.37109752172513677,0.104,raw_pEC50_SE,MW ≥215 Da,3107
nesso_79011236f8239238c356,353.4220000000001,0.37141937560347604,0.104,raw_pEC50_SE,MW ≥215 Da,3107
nesso_7afd81b060e9ad21a15f,458.5430000000003,0.37174122948181526,0.104,raw_pEC50_SE,MW ≥215 Da,3107
nesso_93054ad35b60162ea14f,313.378,0.3720630833601545,0.104,raw_pEC50_SE,MW ≥215 Da,3107
nesso_b84d25573d40fa8205f2,276.38300000000004,0.3723849372384937,0.104,raw_pEC50_SE,MW ≥215 Da,3107
nesso_dcd3846e93df9c46e14a,319.308,0.37270679111683297,0.104,raw_pEC50_SE,MW ≥215 Da,3107
nesso_e6f7aa2f7b0ece8e41d3,323.40000000000003,0.3730286449951722,0.104,raw_pEC50_SE,MW ≥215 Da,3107
nesso_eff9d1d6d3e19415a6e7,424.35700000000014,0.3733504988735114,0.104,raw_pEC50_SE,MW ≥215 Da,3107
nesso_f3ac59447a186de39410,360.7970000000001,0.3736723527518507,0.104,raw_pEC50_SE,MW ≥215 Da,3107
nesso_1b8fd5462e287c9ea4bd,305.83000000000015,0.3739942066301899,0.105,raw_pEC50_SE,MW ≥215 Da,3107
nesso_3e6fc27172468a20cdd3,385.4450000000001,0.3743160605085291,0.105,raw_pEC50_SE,MW ≥215 Da,3107
nesso_4b7aa18db4cbad515908,330.47600000000006,0.3746379143868684,0.105,raw_pEC50_SE,MW ≥215 Da,3107
nesso_9e45bc6a9ec762649b98,358.4380000000001,0.3749597682652076,0.105,raw_pEC50_SE,MW ≥215 Da,3107
nesso_a8416bbc75f9949594f4,364.47400000000005,0.3752816221435468,0.105,raw_pEC50_SE,MW ≥215 Da,3107
nesso_1cbaac6b01530f9a7bb4,374.84900000000005,0.37560347602188604,0.106,raw_pEC50_SE,MW ≥215 Da,3107
nesso_1f1d7d7ebcc2fcf31527,347.7980000000002,0.3759253299002253,0.106,raw_pEC50_SE,MW ≥215 Da,3107
nesso_51d34d2b0c45130bf93d,359.4010000000002,0.37624718377856453,0.106,raw_pEC50_SE,MW ≥215 Da,3107
nesso_74571ebde58a6fd7301d,343.43100000000004,0.37656903765690375,0.106,raw_pEC50_SE,MW ≥215 Da,3107
nesso_76023f237b7cbda8d043,476.6020000000002,0.376890891535243,0.106,raw_pEC50_SE,MW ≥215 Da,3107
nesso_7a14b397784ff4f3cf79,318.37600000000003,0.37721274541358224,0.106,raw_pEC50_SE,MW ≥215 Da,3107
nesso_c8c8aa132845a6ad4771,351.472,0.37753459929192146,0.106,raw_pEC50_SE,MW ≥215 Da,3107
nesso_cd0b1293b23f4a1c4f60,357.4570000000001,0.3778564531702607,0.106,raw_pEC50_SE,MW ≥215 Da,3107
nesso_ff6f54f91f9a4a015610,283.327,0.37817830704859995,0.106,raw_pEC50_SE,MW ≥215 Da,3107
nesso_1ca59cb118ecfec5d361,300.40199999999993,0.37850016092693917,0.107,raw_pEC50_SE,MW ≥215 Da,3107
nesso_1fd9c1d57b0d7ac825b5,338.4110000000001,0.3788220148052784,0.107,raw_pEC50_SE,MW ≥215 Da,3107
nesso_50cb7a811b090127cb7a,317.42900000000014,0.37914386868361766,0.107,raw_pEC50_SE,MW ≥215 Da,3107
nesso_6d71d0aefd8e53419d37,313.40100000000007,0.3794657225619569,0.107,raw_pEC50_SE,MW ≥215 Da,3107
nesso_703a494d7f99808a9261,331.40899999999993,0.3797875764402961,0.107,raw_pEC50_SE,MW ≥215 Da,3107
nesso_720799f8ee9280a8405c,390.50900000000024,0.38010943031863537,0.107,raw_pEC50_SE,MW ≥215 Da,3107
nesso_8348d8408d5ed70df9d7,359.40100000000007,0.3804312841969746,0.107,raw_pEC50_SE,MW ≥215 Da,3107
nesso_9e1665adb75c6b5f54d2,346.84300000000013,0.3807531380753138,0.107,raw_pEC50_SE,MW ≥215 Da,3107
nesso_a069a9a5d9622cb3922c,355.419,0.381074991953653,0.107,raw_pEC50_SE,MW ≥215 Da,3107
nesso_c176f6f2be07021f1b10,357.36000000000007,0.3813968458319923,0.107,raw_pEC50_SE,MW ≥215 Da,3107
nesso_cce15aef517e4dfb2977,361.4860000000003,0.3817186997103315,0.107,raw_pEC50_SE,MW ≥215 Da,3107
nesso_d3e4b696adabd0c848d2,387.255,0.38204055358867073,0.107,raw_pEC50_SE,MW ≥215 Da,3107
nesso_e5bb4ed338142979b635,384.48000000000036,0.38236240746701,0.107,raw_pEC50_SE,MW ≥215 Da,3107
nesso_f1bc5ff281909faaee36,360.2510000000001,0.3826842613453492,0.107,raw_pEC50_SE,MW ≥215 Da,3107
nesso_f82b018ca1f944c0cd9c,335.354,0.38300611522368844,0.107,raw_pEC50_SE,MW ≥215 Da,3107
nesso_00ffdeb4a5ae34db60a5,286.45900000000006,0.38332796910202765,0.108,raw_pEC50_SE,MW ≥215 Da,3107
nesso_1717a1cf534006309b79,372.4180000000001,0.38364982298036693,0.108,raw_pEC50_SE,MW ≥215 Da,3107
nesso_2e271fc73ab26c5e8bda,403.21200000000016,0.38397167685870615,0.108,raw_pEC50_SE,MW ≥215 Da,3107
nesso_467bb7ee06017b2d6c9a,396.8960000000001,0.38429353073704536,0.108,raw_pEC50_SE,MW ≥215 Da,3107
nesso_4861b824e52f08c0f72a,347.4150000000001,0.38461538461538464,0.108,raw_pEC50_SE,MW ≥215 Da,3107
nesso_59bbf0225766d193d304,316.3570000000001,0.38493723849372385,0.108,raw_pEC50_SE,MW ≥215 Da,3107
nesso_c944c30e7270b84b61eb,387.5050000000001,0.38525909237206307,0.108,raw_pEC50_SE,MW ≥215 Da,3107
nesso_d11779094e7806c8aa68,392.29,0.3855809462504023,0.108,raw_pEC50_SE,MW ≥215 Da,3107
nesso_0fe85c04f42648a5f2f4,445.5890000000003,0.38590280012874156,0.109,raw_pEC50_SE,MW ≥215 Da,3107
nesso_2117c25f5a24a3055704,320.29600000000005,0.3862246540070808,0.109,raw_pEC50_SE,MW ≥215 Da,3107
nesso_47aba6a97263cedb0bc0,351.385,0.38654650788542,0.109,raw_pEC50_SE,MW ≥215 Da,3107
nesso_4f87dc054ee1cbfaba5e,368.43300000000005,0.38686836176375927,0.109,raw_pEC50_SE,MW ≥215 Da,3107
nesso_521af31a078d4c44a605,345.4460000000001,0.3871902156420985,0.109,raw_pEC50_SE,MW ≥215 Da,3107
nesso_5c519e3fd2091c1169a8,407.50500000000017,0.3875120695204377,0.109,raw_pEC50_SE,MW ≥215 Da,3107
nesso_6d7dcce2a0836076a57e,359.8570000000002,0.387833923398777,0.109,raw_pEC50_SE,MW ≥215 Da,3107
nesso_6fa3fcb17fbbbee703b3,336.43500000000006,0.3881557772771162,0.109,raw_pEC50_SE,MW ≥215 Da,3107
nesso_83d15b519adaed0a8dfb,325.79200000000014,0.3884776311554554,0.109,raw_pEC50_SE,MW ≥215 Da,3107
nesso_ae183e948a5f746ef61d,334.851,0.38879948503379463,0.109,raw_pEC50_SE,MW ≥215 Da,3107
nesso_bfdcde195031f6bd9a8d,324.38000000000005,0.3891213389121339,0.109,raw_pEC50_SE,MW ≥215 Da,3107
nesso_23a6831b127a48f3a4e1,343.44500000000005,0.3894431927904731,0.11,raw_pEC50_SE,MW ≥215 Da,3107
nesso_4336adcfe66ca385b402,331.3380000000002,0.38976504666881234,0.11,raw_pEC50_SE,MW ≥215 Da,3107
nesso_47e709500d1959f4e38a,353.48400000000026,0.3900869005471516,0.11,raw_pEC50_SE,MW ≥215 Da,3107
nesso_6f334b162e2cb4d06a1c,374.8720000000002,0.39040875442549083,0.11,raw_pEC50_SE,MW ≥215 Da,3107
nesso_b1e42a10751c53250b8b,320.39599999999996,0.39073060830383005,0.11,raw_pEC50_SE,MW ≥215 Da,3107
nesso_e9edfb4f09d5bedda222,357.37600000000003,0.39105246218216927,0.11,raw_pEC50_SE,MW ≥215 Da,3107
nesso_3d37aae2bcaf7caee3f7,318.3730000000001,0.39137431606050854,0.111,raw_pEC50_SE,MW ≥215 Da,3107
nesso_500d48409d0c85ccc05c,345.4270000000001,0.39169616993884776,0.111,raw_pEC50_SE,MW ≥215 Da,3107
nesso_558ced35d68c687eb953,452.41300000000024,0.392018023817187,0.111,raw_pEC50_SE,MW ≥215 Da,3107
nesso_6ab8f396fa5ff945fba0,381.4800000000002,0.39233987769552625,0.111,raw_pEC50_SE,MW ≥215 Da,3107
nesso_78040a3c85841fee4dc9,344.43000000000006,0.39266173157386547,0.111,raw_pEC50_SE,MW ≥215 Da,3107
nesso_7e6dc847dc7a73ff5bd3,344.84200000000004,0.3929835854522047,0.111,raw_pEC50_SE,MW ≥215 Da,3107
nesso_8f0861a4a867dffe09e1,336.77500000000003,0.39330543933054396,0.111,raw_pEC50_SE,MW ≥215 Da,3107
nesso_b0ff6deee1b634b932c3,304.4149999999999,0.3936272932088832,0.111,raw_pEC50_SE,MW ≥215 Da,3107
nesso_e3390ba45640228d141e,337.4270000000001,0.3939491470872224,0.111,raw_pEC50_SE,MW ≥215 Da,3107
nesso_fc9b39c503e8da3b1f5c,393.55300000000017,0.3942710009655616,0.111,raw_pEC50_SE,MW ≥215 Da,3107
nesso_21310840c8b1bbb35295,434.45000000000016,0.3945928548439009,0.112,raw_pEC50_SE,MW ≥215 Da,3107
nesso_308d109901371228eff2,331.4130000000001,0.3949147087222401,0.112,raw_pEC50_SE,MW ≥215 Da,3107
nesso_4df39b1eae65834b2e0f,325.3900000000001,0.3952365626005793,0.112,raw_pEC50_SE,MW ≥215 Da,3107
nesso_5f3a5923d9b49c28abbc,358.8040000000001,0.3955584164789186,0.112,raw_pEC50_SE,MW ≥215 Da,3107
nesso_a5db00c84c4fabefb0bb,320.41400000000016,0.3958802703572578,0.112,raw_pEC50_SE,MW ≥215 Da,3107
nesso_d77c9bdd67960b821af0,388.45800000000014,0.39620212423559703,0.112,raw_pEC50_SE,MW ≥215 Da,3107
nesso_0821e2ff227ac9418d4e,430.5270000000001,0.39652397811393625,0.113,raw_pEC50_SE,MW ≥215 Da,3107
nesso_1c00f4dd835673e493a4,349.4500000000001,0.3968458319922755,0.113,raw_pEC50_SE,MW ≥215 Da,3107
nesso_4c3b0dea5895e713e388,288.35400000000004,0.39716768587061474,0.113,raw_pEC50_SE,MW ≥215 Da,3107
nesso_7054e50d2b497b6244f4,323.78000000000003,0.39748953974895396,0.113,raw_pEC50_SE,MW ≥215 Da,3107
nesso_7ee63e308e0d2d620056,334.41900000000004,0.39781139362729323,0.113,raw_pEC50_SE,MW ≥215 Da,3107
nesso_884dfa3142866a766d2d,306.81800000000004,0.39813324750563245,0.113,raw_pEC50_SE,MW ≥215 Da,3107
nesso_8f0087d8d5b59fe9db64,331.31900000000013,0.39845510138397167,0.113,raw_pEC50_SE,MW ≥215 Da,3107
nesso_bb8f2a7e3e19cb3204cb,308.34100000000007,0.3987769552623109,0.113,raw_pEC50_SE,MW ≥215 Da,3107
nesso_c455c3e5891d531e7473,442.3750000000001,0.39909880914065016,0.113,raw_pEC50_SE,MW ≥215 Da,3107
nesso_d8d165fe96a151ba16f8,358.4630000000001,0.3994206630189894,0.113,raw_pEC50_SE,MW ≥215 Da,3107
nesso_d93a0479fd42cdfb34d1,335.4070000000001,0.3997425168973286,0.113,raw_pEC50_SE,MW ≥215 Da,3107
nesso_058b06af13b57eb82c76,348.49100000000016,0.40006437077566787,0.114,raw_pEC50_SE,MW ≥215 Da,3107
nesso_1f2662862dfcd9df467b,449.92400000000004,0.4003862246540071,0.114,raw_pEC50_SE,MW ≥215 Da,3107
nesso_2516fc3a7228b57dc05d,314.3450000000001,0.4007080785323463,0.114,raw_pEC50_SE,MW ≥215 Da,3107
nesso_43fce8beb3361ca2f930,306.39099999999996,0.4010299324106856,0.114,raw_pEC50_SE,MW ≥215 Da,3107
nesso_583f545482f120064403,387.4550000000001,0.4013517862890248,0.114,raw_pEC50_SE,MW ≥215 Da,3107
nesso_6a276644b375f88012d5,320.36800000000005,0.401673640167364,0.114,raw_pEC50_SE,MW ≥215 Da,3107
nesso_72c78e0c13aff10dccf1,335.30600000000004,0.4019954940457032,0.114,raw_pEC50_SE,MW ≥215 Da,3107
nesso_9152ca0dbc345ead0bfb,349.2280000000002,0.4023173479240425,0.114,raw_pEC50_SE,MW ≥215 Da,3107
nesso_9612b8fba49a21995078,422.50400000000013,0.4026392018023817,0.114,raw_pEC50_SE,MW ≥215 Da,3107
nesso_96aa7c918677a1bafdda,346.41200000000015,0.40296105568072094,0.114,raw_pEC50_SE,MW ≥215 Da,3107
nesso_f0590475bdebf30b71ce,360.837,0.4032829095590602,0.114,raw_pEC50_SE,MW ≥215 Da,3107
nesso_f31b7f0455b023e3f0a8,304.349,0.4036047634373994,0.114,raw_pEC50_SE,MW ≥215 Da,3107
nesso_ee335e75dea228ee8ed0,276.21399999999994,0.40392661731573865,0.1149315013388409,raw_pEC50_SE,MW ≥215 Da,3107
nesso_26b8fa373948854fb8c0,342.46400000000017,0.40424847119407786,0.115,raw_pEC50_SE,MW ≥215 Da,3107
nesso_383a5c5fcce20e7f613c,364.49200000000013,0.40457032507241714,0.115,raw_pEC50_SE,MW ≥215 Da,3107
nesso_6474375e2c242477fcfd,315.352,0.40489217895075635,0.115,raw_pEC50_SE,MW ≥215 Da,3107
nesso_7d64e2e631ac50069c46,382.89100000000025,0.40521403282909557,0.115,raw_pEC50_SE,MW ≥215 Da,3107
nesso_8642697414e26d7c0340,332.42900000000014,0.40553588670743485,0.115,raw_pEC50_SE,MW ≥215 Da,3107
nesso_a75cf0e1b08755af0b82,367.232,0.40585774058577406,0.115,raw_pEC50_SE,MW ≥215 Da,3107
nesso_ae6df84accb32cdd10d9,328.39700000000005,0.4061795944641133,0.115,raw_pEC50_SE,MW ≥215 Da,3107
nesso_c1760a58966de3ce4a14,365.5430000000002,0.40650144834245255,0.115,raw_pEC50_SE,MW ≥215 Da,3107
nesso_c7d178f293f08208511f,316.35700000000014,0.40682330222079177,0.115,raw_pEC50_SE,MW ≥215 Da,3107
nesso_f4e21e0c47a423937635,343.39000000000004,0.407145156099131,0.115,raw_pEC50_SE,MW ≥215 Da,3107
nesso_050a9974feb24a028482,337.379,0.4074670099774702,0.116,raw_pEC50_SE,MW ≥215 Da,3107
nesso_31260cdec7e055096c27,348.72099999999995,0.4077888638558095,0.116,raw_pEC50_SE,MW ≥215 Da,3107
nesso_8154b49ccb2095046ee2,338.4550000000001,0.4081107177341487,0.116,raw_pEC50_SE,MW ≥215 Da,3107
nesso_86f3a7e920e2c98acb7a,411.5090000000002,0.4084325716124879,0.116,raw_pEC50_SE,MW ≥215 Da,3107
nesso_8f3dadf6c6bed6ea695f,363.5080000000001,0.4087544254908272,0.116,raw_pEC50_SE,MW ≥215 Da,3107
nesso_9832aa06ded40962e5c3,366.43600000000004,0.4090762793691664,0.116,raw_pEC50_SE,MW ≥215 Da,3107
nesso_b5dd0161bbf624c3c92d,327.3880000000001,0.4093981332475056,0.116,raw_pEC50_SE,MW ≥215 Da,3107
nesso_c2f8c09a1b884aa1255e,320.751,0.40971998712584484,0.116,raw_pEC50_SE,MW ≥215 Da,3107
nesso_c8767fddb7bae8932785,323.38900000000007,0.4100418410041841,0.116,raw_pEC50_SE,MW ≥215 Da,3107
nesso_d0c8052f2f11600108f4,365.42600000000004,0.41036369488252333,0.116,raw_pEC50_SE,MW ≥215 Da,3107
nesso_d49efbb39c8ccb870296,396.3900000000001,0.41068554876086255,0.116,raw_pEC50_SE,MW ≥215 Da,3107
nesso_eb66eabdd864985bd3a3,314.38500000000005,0.4110074026392018,0.116,raw_pEC50_SE,MW ≥215 Da,3107
nesso_0801bc360fb1d4dcca6e,434.47100000000034,0.41132925651754104,0.117,raw_pEC50_SE,MW ≥215 Da,3107
nesso_18578413bd12b858ed3b,379.42400000000026,0.41165111039588026,0.117,raw_pEC50_SE,MW ≥215 Da,3107
nesso_2e1055d9f301c41b0b72,310.40000000000003,0.4119729642742195,0.117,raw_pEC50_SE,MW ≥215 Da,3107
nesso_53ce46e399eb4faf3b02,764.9500000000003,0.41229481815255875,0.117,raw_pEC50_SE,MW ≥215 Da,3107
nesso_82c9cb5ce7d395311ab9,370.449,0.41261667203089797,0.117,raw_pEC50_SE,MW ≥215 Da,3107
nesso_dcb60eaabcda8d87a190,369.2520000000001,0.4129385259092372,0.117,raw_pEC50_SE,MW ≥215 Da,3107
nesso_ed8fa59931315649efd2,402.33200000000005,0.41326037978757646,0.1171942831370199,raw_pEC50_SE,MW ≥215 Da,3107
nesso_1bdd384c5eb9c6686463,341.31700000000006,0.4135822336659157,0.118,raw_pEC50_SE,MW ≥215 Da,3107
nesso_1cbb45b9c2640d69f85c,350.422,0.4139040875442549,0.118,raw_pEC50_SE,MW ≥215 Da,3107
nesso_1d90fd6fa0907095fe54,350.8460000000001,0.41422594142259417,0.118,raw_pEC50_SE,MW ≥215 Da,3107
nesso_1e0d8606326fb97fc8c0,360.46100000000007,0.4145477953009334,0.118,raw_pEC50_SE,MW ≥215 Da,3107
nesso_3c672845c93fbc3b0ad8,357.4100000000001,0.4148696491792726,0.118,raw_pEC50_SE,MW ≥215 Da,3107
nesso_5224a8c4e041d186dafd,327.45300000000003,0.4151915030576118,0.118,raw_pEC50_SE,MW ≥215 Da,3107
nesso_5b30bd21394e0ec033ef,304.3460000000001,0.4155133569359511,0.118,raw_pEC50_SE,MW ≥215 Da,3107
nesso_9516fb2af51ed499090e,357.479,0.4158352108142903,0.118,raw_pEC50_SE,MW ≥215 Da,3107
nesso_f546f346e8590a382c67,309.72799999999995,0.41615706469262953,0.118,raw_pEC50_SE,MW ≥215 Da,3107
nesso_ffdafc75f439c50d114f,355.31600000000003,0.4164789185709688,0.118,raw_pEC50_SE,MW ≥215 Da,3107
nesso_00439432fbc3d5cd82f9,323.3179999999999,0.416800772449308,0.119,raw_pEC50_SE,MW ≥215 Da,3107
nesso_38cc6e1e8d67b908d94b,343.42700000000013,0.41712262632764724,0.119,raw_pEC50_SE,MW ≥215 Da,3107
nesso_5b5706a1beba032da4fe,314.42900000000003,0.41744448020598646,0.119,raw_pEC50_SE,MW ≥215 Da,3107
nesso_5cc8830fc6a6d3b3fc18,348.40600000000006,0.41776633408432573,0.119,raw_pEC50_SE,MW ≥215 Da,3107
nesso_644a1c4695e5aced88df,355.41900000000004,0.41808818796266495,0.119,raw_pEC50_SE,MW ≥215 Da,3107
nesso_92c0cbb2870866b6ee92,384.47000000000014,0.41841004184100417,0.119,raw_pEC50_SE,MW ≥215 Da,3107
nesso_9d2dbc9dad3e38e0feba,336.40400000000005,0.41873189571934344,0.119,raw_pEC50_SE,MW ≥215 Da,3107
nesso_e21ac21018e75d5ca898,408.5230000000003,0.41905374959768266,0.119,raw_pEC50_SE,MW ≥215 Da,3107
nesso_e80b9f1201eb9a4a268f,385.5080000000003,0.4193756034760219,0.119,raw_pEC50_SE,MW ≥215 Da,3107
nesso_e9f1f94abf4525d61967,373.434,0.41969745735436115,0.119,raw_pEC50_SE,MW ≥215 Da,3107
nesso_053accecde5f2d9ab867,293.40700000000004,0.42001931123270037,0.12,raw_pEC50_SE,MW ≥215 Da,3107
nesso_0ff023e61b209a2298bb,299.374,0.4203411651110396,0.12,raw_pEC50_SE,MW ≥215 Da,3107
nesso_2a4012ddbdd5b9bb7b5c,363.4130000000001,0.4206630189893788,0.12,raw_pEC50_SE,MW ≥215 Da,3107
nesso_2efa3afaa3e9bb347d2e,364.38000000000017,0.4209848728677181,0.12,raw_pEC50_SE,MW ≥215 Da,3107
nesso_3a8d88ab00bc9a7d080c,328.463,0.4213067267460573,0.12,raw_pEC50_SE,MW ≥215 Da,3107
nesso_560017a8d15db6933d0f,454.6110000000002,0.4216285806243965,0.12,raw_pEC50_SE,MW ≥215 Da,3107
nesso_692b5bab46ad50a453ca,311.41,0.4219504345027358,0.12,raw_pEC50_SE,MW ≥215 Da,3107
nesso_90ec00fbc856a3c6a55f,336.39100000000025,0.422272288381075,0.12,raw_pEC50_SE,MW ≥215 Da,3107
nesso_95266b84d5c447202a6b,518.0880000000001,0.4225941422594142,0.12,raw_pEC50_SE,MW ≥215 Da,3107
nesso_a0254847098f5f114a65,328.4410000000001,0.42291599613775344,0.12,raw_pEC50_SE,MW ≥215 Da,3107
nesso_a2d8d8d637b5dd2bf908,410.28700000000003,0.4232378500160927,0.12,raw_pEC50_SE,MW ≥215 Da,3107
nesso_b95113ce43355ef6b9aa,345.83,0.4235597038944319,0.12,raw_pEC50_SE,MW ≥215 Da,3107
nesso_ecdf70d891c461d6cf23,342.38900000000007,0.42388155777277114,0.12,raw_pEC50_SE,MW ≥215 Da,3107
nesso_e7599ee9076c0b0a334e,357.3910000000001,0.4242034116511104,0.1207497412005508,raw_pEC50_SE,MW ≥215 Da,3107
nesso_100dbf5a2def04fbb598,372.2880000000001,0.42452526552944964,0.121,raw_pEC50_SE,MW ≥215 Da,3107
nesso_198f328de45b84dc7e4f,320.341,0.42484711940778885,0.121,raw_pEC50_SE,MW ≥215 Da,3107
nesso_256300ce80993ccdd702,448.54400000000015,0.42516897328612807,0.121,raw_pEC50_SE,MW ≥215 Da,3107
nesso_319236949d5cf854846a,352.82500000000005,0.42549082716446734,0.121,raw_pEC50_SE,MW ≥215 Da,3107
nesso_379cd3c377e8dd93ceb3,399.4740000000001,0.42581268104280656,0.121,raw_pEC50_SE,MW ≥215 Da,3107
nesso_39d080ca9f01f44e6558,304.4380000000001,0.4261345349211458,0.121,raw_pEC50_SE,MW ≥215 Da,3107
nesso_5a41d65f009a7ef92e2f,404.4230000000001,0.42645638879948505,0.121,raw_pEC50_SE,MW ≥215 Da,3107
nesso_6548200eeb482098e6b2,286.31000000000006,0.42677824267782427,0.121,raw_pEC50_SE,MW ≥215 Da,3107
nesso_7e08b5502f5c85b2e161,290.36700000000013,0.4271000965561635,0.121,raw_pEC50_SE,MW ≥215 Da,3107
nesso_849acc33a040c0d44b40,341.26,0.42742195043450276,0.121,raw_pEC50_SE,MW ≥215 Da,3107
nesso_a7d4dc61096878eb4dc0,333.39500000000004,0.427743804312842,0.121,raw_pEC50_SE,MW ≥215 Da,3107
nesso_b15b18b80f11e165e8e6,377.469,0.4280656581911812,0.121,raw_pEC50_SE,MW ≥215 Da,3107
nesso_c4e62d579059ee87237b,366.468,0.4283875120695204,0.121,raw_pEC50_SE,MW ≥215 Da,3107
nesso_e10b3aee972f0faa0dc7,323.418,0.4287093659478597,0.121,raw_pEC50_SE,MW ≥215 Da,3107
nesso_10899f74d4d128d0ca13,327.3840000000001,0.4290312198261989,0.122,raw_pEC50_SE,MW ≥215 Da,3107
nesso_1862192a35654a1fc111,475.6290000000003,0.4293530737045381,0.122,raw_pEC50_SE,MW ≥215 Da,3107
nesso_1e33a4b4cce884546f76,287.367,0.4296749275828774,0.122,raw_pEC50_SE,MW ≥215 Da,3107
nesso_35d20209a782203095d4,294.358,0.4299967814612166,0.122,raw_pEC50_SE,MW ≥215 Da,3107
nesso_8c403f568b06afb42a11,313.279,0.43031863533955583,0.122,raw_pEC50_SE,MW ≥215 Da,3107
nesso_8f3ba256d8b11e17d64e,342.23000000000013,0.43064048921789505,0.122,raw_pEC50_SE,MW ≥215 Da,3107
nesso_bd075d588e588a06a39f,340.35400000000004,0.4309623430962343,0.122,raw_pEC50_SE,MW ≥215 Da,3107
nesso_125bc73dc0bb012ec28a,391.9,0.43128419697457354,0.123,raw_pEC50_SE,MW ≥215 Da,3107
nesso_152e67c2340fdb4165f2,581.0690000000002,0.43160605085291276,0.123,raw_pEC50_SE,MW ≥215 Da,3107
nesso_60b8c2dc5a456a321fa9,278.35900000000004,0.43192790473125203,0.123,raw_pEC50_SE,MW ≥215 Da,3107
nesso_8da8c70260852b2529a2,342.8730000000001,0.43224975860959125,0.123,raw_pEC50_SE,MW ≥215 Da,3107
nesso_961f9356de7fe54eb455,391.47500000000014,0.43257161248793047,0.123,raw_pEC50_SE,MW ≥215 Da,3107
nesso_e30a6061557ae0e25b63,368.4810000000003,0.43289346636626974,0.123,raw_pEC50_SE,MW ≥215 Da,3107
nesso_e7b45bb4751afa3fbe6f,355.4420000000001,0.43321532024460896,0.123,raw_pEC50_SE,MW ≥215 Da,3107
nesso_f084380ef11460b26202,246.30999999999997,0.4335371741229482,0.123,raw_pEC50_SE,MW ≥215 Da,3107
nesso_052631c8ecfb06ee974a,371.47000000000014,0.4338590280012874,0.124,raw_pEC50_SE,MW ≥215 Da,3107
nesso_575c9d8dc66a04958bfa,351.4720000000001,0.43418088187962667,0.124,raw_pEC50_SE,MW ≥215 Da,3107
nesso_74fbbe7d6faf6de17987,370.4930000000002,0.4345027357579659,0.124,raw_pEC50_SE,MW ≥215 Da,3107
nesso_7db7f8f5e5a79d8c3e80,310.4009999999999,0.4348245896363051,0.124,raw_pEC50_SE,MW ≥215 Da,3107
nesso_88e5b8ec6c78fa16f6f7,373.4340000000002,0.4351464435146444,0.124,raw_pEC50_SE,MW ≥215 Da,3107
nesso_9eb1750ba8472235e96e,341.39,0.4354682973929836,0.124,raw_pEC50_SE,MW ≥215 Da,3107
nesso_a3ac901b77c26bf419ce,260.293,0.4357901512713228,0.124,raw_pEC50_SE,MW ≥215 Da,3107
nesso_ad8be7d695d119603e44,322.3680000000001,0.43611200514966203,0.124,raw_pEC50_SE,MW ≥215 Da,3107
nesso_b1b827d930a9be93202e,321.384,0.4364338590280013,0.124,raw_pEC50_SE,MW ≥215 Da,3107
nesso_b3373c0c2c3bacffee6c,296.378,0.4367557129063405,0.124,raw_pEC50_SE,MW ≥215 Da,3107
nesso_dcbf27797f30b1c416ec,444.48400000000015,0.43707756678467974,0.124,raw_pEC50_SE,MW ≥215 Da,3107
nesso_032c04da44a0ec8f135c,349.76800000000003,0.437399420663019,0.125,raw_pEC50_SE,MW ≥215 Da,3107
nesso_0badbad577a1b36f5eb0,328.33200000000005,0.43772127454135823,0.125,raw_pEC50_SE,MW ≥215 Da,3107
nesso_1e4f0db7eddd60e05df2,393.51200000000006,0.43804312841969745,0.125,raw_pEC50_SE,MW ≥215 Da,3107
nesso_1fa797da2528b2eeee37,443.50300000000027,0.43836498229803667,0.125,raw_pEC50_SE,MW ≥215 Da,3107
nesso_32fea022e26286ec45f5,302.37399999999997,0.43868683617637594,0.125,raw_pEC50_SE,MW ≥215 Da,3107
nesso_360734d16d6a63d7b26c,413.3050000000001,0.43900869005471516,0.125,raw_pEC50_SE,MW ≥215 Da,3107
nesso_464704ea41a9df81eba2,328.29800000000006,0.4393305439330544,0.125,raw_pEC50_SE,MW ≥215 Da,3107
nesso_502d49ff38459171b265,423.5130000000002,0.43965239781139365,0.125,raw_pEC50_SE,MW ≥215 Da,3107
nesso_92cb2cca594543b00793,333.4110000000002,0.43997425168973286,0.125,raw_pEC50_SE,MW ≥215 Da,3107
nesso_96e7a5dbe5a10f7a1ac9,328.41600000000005,0.4402961055680721,0.125,raw_pEC50_SE,MW ≥215 Da,3107
nesso_a7644420cdcc90ffed5a,315.32,0.44061795944641136,0.125,raw_pEC50_SE,MW ≥215 Da,3107
nesso_ce0d1b8ca6ef1570ee8b,330.33400000000006,0.4409398133247506,0.125,raw_pEC50_SE,MW ≥215 Da,3107
nesso_e12bda5b80df7cf24114,345.3689999999999,0.4412616672030898,0.125,raw_pEC50_SE,MW ≥215 Da,3107
nesso_fbfa41eaeaf46b444265,347.41800000000006,0.441583521081429,0.125,raw_pEC50_SE,MW ≥215 Da,3107
nesso_0cc22eea468d0287cb29,364.44900000000007,0.4419053749597683,0.126,raw_pEC50_SE,MW ≥215 Da,3107
nesso_243509048398cb7bb639,336.4390000000001,0.4422272288381075,0.126,raw_pEC50_SE,MW ≥215 Da,3107
nesso_2552f60f05f8e7d4bc90,296.41799999999995,0.4425490827164467,0.126,raw_pEC50_SE,MW ≥215 Da,3107
nesso_3dd75bf37c67ff35a89a,307.41800000000006,0.442870936594786,0.126,raw_pEC50_SE,MW ≥215 Da,3107
nesso_d98427e0800e318c1946,371.4400000000001,0.4431927904731252,0.126,raw_pEC50_SE,MW ≥215 Da,3107
nesso_07c1859e34ddcce0a429,311.38500000000005,0.4435146443514644,0.127,raw_pEC50_SE,MW ≥215 Da,3107
nesso_3ad4c8e3ed904183faae,320.367,0.44383649822980364,0.127,raw_pEC50_SE,MW ≥215 Da,3107
nesso_48c4939adbc2af9c229e,422.4480000000001,0.4441583521081429,0.127,raw_pEC50_SE,MW ≥215 Da,3107
nesso_5b7470a8a0e1f21d270b,319.36400000000003,0.44448020598648214,0.127,raw_pEC50_SE,MW ≥215 Da,3107
nesso_98f9edfe209ab2e2029a,457.5560000000001,0.44480205986482135,0.127,raw_pEC50_SE,MW ≥215 Da,3107
nesso_b4eef0b9bd0dcf2d701f,321.33100000000013,0.4451239137431606,0.127,raw_pEC50_SE,MW ≥215 Da,3107
nesso_b5ff763953dddfb4ddbc,434.49200000000025,0.44544576762149984,0.127,raw_pEC50_SE,MW ≥215 Da,3107
nesso_de7f823836b48a64fdd1,359.47600000000006,0.44576762149983906,0.127,raw_pEC50_SE,MW ≥215 Da,3107
nesso_edf0e8126858ccdbb08a,363.4600000000002,0.4460894753781783,0.127,raw_pEC50_SE,MW ≥215 Da,3107
nesso_fa4e233ac5eb1ab3fa33,343.3550000000001,0.44641132925651755,0.127,raw_pEC50_SE,MW ≥215 Da,3107
nesso_ffdfff4d5c316492bc95,365.246,0.44673318313485677,0.127,raw_pEC50_SE,MW ≥215 Da,3107
nesso_012851a15babc0f24b94,311.76500000000016,0.447055037013196,0.128,raw_pEC50_SE,MW ≥215 Da,3107
nesso_1aad073690cf5e86b058,337.4480000000001,0.44737689089153526,0.128,raw_pEC50_SE,MW ≥215 Da,3107
nesso_251ee099238147c1b747,376.475,0.4476987447698745,0.128,raw_pEC50_SE,MW ≥215 Da,3107
nesso_309c36cda0ce99c8d73b,366.40800000000013,0.4480205986482137,0.128,raw_pEC50_SE,MW ≥215 Da,3107
nesso_4ae7718221dd528968cc,378.42500000000007,0.44834245252655297,0.128,raw_pEC50_SE,MW ≥215 Da,3107
nesso_7be75e07ec7e38c9fefb,326.40000000000003,0.4486643064048922,0.128,raw_pEC50_SE,MW ≥215 Da,3107
nesso_883c383e91041ce3b4d8,375.87100000000015,0.4489861602832314,0.128,raw_pEC50_SE,MW ≥215 Da,3107
nesso_964d2cc42c375751ff85,322.39000000000004,0.4493080141615706,0.128,raw_pEC50_SE,MW ≥215 Da,3107
nesso_aed2684d0a96e5f11d14,343.333,0.4496298680399099,0.128,raw_pEC50_SE,MW ≥215 Da,3107
nesso_c13e77f8b145a5f765c3,338.37100000000004,0.4499517219182491,0.128,raw_pEC50_SE,MW ≥215 Da,3107
nesso_dfbd0f2d359654676fdf,360.8410000000002,0.45027357579658833,0.128,raw_pEC50_SE,MW ≥215 Da,3107
nesso_07a7b46e444b19311d06,344.41100000000006,0.4505954296749276,0.129,raw_pEC50_SE,MW ≥215 Da,3107
nesso_0a46a8e7e3070dd8c427,316.30400000000003,0.4509172835532668,0.129,raw_pEC50_SE,MW ≥215 Da,3107
nesso_47b89468b02f2f3884a0,385.44500000000016,0.45123913743160604,0.129,raw_pEC50_SE,MW ≥215 Da,3107
nesso_507ece304eaa04f7fb83,290.367,0.45156099130994526,0.129,raw_pEC50_SE,MW ≥215 Da,3107
nesso_517645adecaa0771f496,328.33200000000005,0.45188284518828453,0.129,raw_pEC50_SE,MW ≥215 Da,3107
nesso_58ed9380b2d82781c3f7,248.36999999999998,0.45220469906662375,0.129,raw_pEC50_SE,MW ≥215 Da,3107
nesso_7ba5c4fd208888018a11,357.4540000000001,0.45252655294496297,0.129,raw_pEC50_SE,MW ≥215 Da,3107
nesso_7dc164a492121cf7ec4b,341.45500000000027,0.45284840682330224,0.129,raw_pEC50_SE,MW ≥215 Da,3107
nesso_90bfa89b129073379bab,370.4780000000002,0.45317026070164146,0.129,raw_pEC50_SE,MW ≥215 Da,3107
nesso_9f54ee5c365d09c28f17,340.4920000000001,0.4534921145799807,0.129,raw_pEC50_SE,MW ≥215 Da,3107
nesso_ccc64da077419e5a7495,334.80300000000017,0.45381396845831995,0.129,raw_pEC50_SE,MW ≥215 Da,3107
nesso_2f65e1243025885a8b93,284.319,0.45413582233665917,0.13,raw_pEC50_SE,MW ≥215 Da,3107
nesso_3a2d35c09af5a81eb7df,414.5090000000002,0.4544576762149984,0.13,raw_pEC50_SE,MW ≥215 Da,3107
nesso_58c71dd1e244f3188f71,324.3590000000001,0.4547795300933376,0.13,raw_pEC50_SE,MW ≥215 Da,3107
nesso_5a6b8c6ac654839d0b45,336.3170000000001,0.4551013839716769,0.13,raw_pEC50_SE,MW ≥215 Da,3107
nesso_852af2776e5648c7865c,358.41900000000004,0.4554232378500161,0.13,raw_pEC50_SE,MW ≥215 Da,3107
nesso_97534dfdb497fc808f5a,364.8730000000001,0.4557450917283553,0.13,raw_pEC50_SE,MW ≥215 Da,3107
nesso_a8f37e2b243de8ab5a49,311.772,0.4560669456066946,0.13,raw_pEC50_SE,MW ≥215 Da,3107
nesso_ce1c60c6397039eb5082,305.34100000000007,0.4563887994850338,0.13,raw_pEC50_SE,MW ≥215 Da,3107
nesso_d17352eecf36efc16dd9,314.38900000000007,0.456710653363373,0.13,raw_pEC50_SE,MW ≥215 Da,3107
nesso_d47892038c678b6270bc,366.4650000000001,0.45703250724171224,0.13,raw_pEC50_SE,MW ≥215 Da,3107
nesso_e4986a4f5e3073b25983,299.3490000000001,0.4573543611200515,0.13,raw_pEC50_SE,MW ≥215 Da,3107
nesso_ec1d866400cbd8832684,339.464,0.45767621499839073,0.13,raw_pEC50_SE,MW ≥215 Da,3107
nesso_2ebe07be9be5c16b5a9c,379.4590000000002,0.45799806887672995,0.131,raw_pEC50_SE,MW ≥215 Da,3107
nesso_5cb9c6ddfed30c6e29e7,416.48100000000005,0.4583199227550692,0.131,raw_pEC50_SE,MW ≥215 Da,3107
nesso_68ab8931282ab9bec1c3,380.4260000000001,0.45864177663340844,0.131,raw_pEC50_SE,MW ≥215 Da,3107
nesso_6bf77841469bbf0c4fc3,434.46300000000014,0.45896363051174766,0.131,raw_pEC50_SE,MW ≥215 Da,3107
nesso_90d5ce9b7c000b073e9c,283.33099999999996,0.4592854843900869,0.131,raw_pEC50_SE,MW ≥215 Da,3107
nesso_92f6c802f5dbb9f28a6f,317.43300000000016,0.45960733826842615,0.131,raw_pEC50_SE,MW ≥215 Da,3107
nesso_96e4933ad553c40b0781,423.5380000000001,0.45992919214676536,0.131,raw_pEC50_SE,MW ≥215 Da,3107
nesso_9768f2b6fb0e51c9f8c8,313.40100000000007,0.4602510460251046,0.131,raw_pEC50_SE,MW ≥215 Da,3107
nesso_abf16e1a842ca0779444,321.406,0.46057289990344386,0.131,raw_pEC50_SE,MW ≥215 Da,3107
nesso_bb5c7e185914758c3fcf,322.324,0.4608947537817831,0.131,raw_pEC50_SE,MW ≥215 Da,3107
nesso_d001f1622ae283b1b6a5,296.4100000000001,0.4612166076601223,0.131,raw_pEC50_SE,MW ≥215 Da,3107
nesso_d51890f069077600a657,370.40900000000005,0.46153846153846156,0.131,raw_pEC50_SE,MW ≥215 Da,3107
nesso_fad6cf318ccb9652c12d,335.4290000000001,0.4618603154168008,0.131,raw_pEC50_SE,MW ≥215 Da,3107
nesso_5ef04e910eada15532e0,316.32700000000006,0.46218216929514,0.132,raw_pEC50_SE,MW ≥215 Da,3107
nesso_767d98f02fc4b17371b6,266.34499999999997,0.4625040231734792,0.132,raw_pEC50_SE,MW ≥215 Da,3107
nesso_85647f9b6a72a3788790,327.3840000000001,0.4628258770518185,0.132,raw_pEC50_SE,MW ≥215 Da,3107
nesso_8ccb43af0b344206b990,337.42300000000006,0.4631477309301577,0.132,raw_pEC50_SE,MW ≥215 Da,3107
nesso_b7d305adff1d6c9e725b,323.35200000000003,0.4634695848084969,0.132,raw_pEC50_SE,MW ≥215 Da,3107
nesso_bd8e8733af69f740f6f3,424.4690000000001,0.4637914386868362,0.132,raw_pEC50_SE,MW ≥215 Da,3107
nesso_c0db07f888b42bd6df6b,320.38900000000007,0.4641132925651754,0.132,raw_pEC50_SE,MW ≥215 Da,3107
nesso_dab3d1ca95ba5307763b,365.47000000000014,0.46443514644351463,0.132,raw_pEC50_SE,MW ≥215 Da,3107
nesso_e34815ab790b86e07e2d,331.44100000000003,0.46475700032185385,0.132,raw_pEC50_SE,MW ≥215 Da,3107
nesso_e76cb67c4d0f9cfd4c3c,416.8650000000001,0.4650788542001931,0.132,raw_pEC50_SE,MW ≥215 Da,3107
nesso_e88456af1d1cb4c4db8b,297.35800000000006,0.46540070807853234,0.132,raw_pEC50_SE,MW ≥215 Da,3107
nesso_fbb158ce19a0083f553c,414.52700000000016,0.46572256195687156,0.132,raw_pEC50_SE,MW ≥215 Da,3107
nesso_feb83c375cc0906304ad,301.39,0.46604441583521083,0.132,raw_pEC50_SE,MW ≥215 Da,3107
nesso_2b714d52aad6f82299ab,384.39800000000025,0.46636626971355005,0.133,raw_pEC50_SE,MW ≥215 Da,3107
nesso_40b43530c2e52c46bb85,362.4770000000001,0.46668812359188927,0.133,raw_pEC50_SE,MW ≥215 Da,3107
nesso_46645980dc258a9f37aa,303.3580000000001,0.46700997747022854,0.133,raw_pEC50_SE,MW ≥215 Da,3107
nesso_4ee34d0caba25baead79,373.46,0.46733183134856776,0.133,raw_pEC50_SE,MW ≥215 Da,3107
nesso_5394ef3e49363fb74eb7,420.8530000000001,0.467653685226907,0.133,raw_pEC50_SE,MW ≥215 Da,3107
nesso_7654b7254091e4160bed,354.347,0.4679755391052462,0.133,raw_pEC50_SE,MW ≥215 Da,3107
nesso_ab945275d6c4dff6ef6b,342.3950000000001,0.46829739298358547,0.133,raw_pEC50_SE,MW ≥215 Da,3107
nesso_b270e8c690b1370e3061,388.4310000000001,0.4686192468619247,0.133,raw_pEC50_SE,MW ≥215 Da,3107
nesso_c6917159753783370727,419.48800000000006,0.4689411007402639,0.133,raw_pEC50_SE,MW ≥215 Da,3107
nesso_f87e0b4d0a1da097f83c,300.7490000000001,0.4692629546186032,0.133,raw_pEC50_SE,MW ≥215 Da,3107
nesso_07e8177b23aee02ad895,348.7370000000001,0.4695848084969424,0.134,raw_pEC50_SE,MW ≥215 Da,3107
nesso_198b7182308b1006fc6d,412.4770000000001,0.4699066623752816,0.134,raw_pEC50_SE,MW ≥215 Da,3107
nesso_207a37232c222178802c,390.4720000000001,0.47022851625362083,0.134,raw_pEC50_SE,MW ≥215 Da,3107
nesso_472ba03e893990513eef,360.8660000000001,0.4705503701319601,0.134,raw_pEC50_SE,MW ≥215 Da,3107
nesso_4c86ee147882a02e2ffd,332.812,0.4708722240102993,0.134,raw_pEC50_SE,MW ≥215 Da,3107
nesso_696383b3cab1ec4edebb,389.88200000000006,0.47119407788863854,0.134,raw_pEC50_SE,MW ≥215 Da,3107
nesso_69c26b4d327220e02a49,396.46200000000016,0.4715159317669778,0.134,raw_pEC50_SE,MW ≥215 Da,3107
nesso_6d56e7eefbe84c032717,337.42200000000014,0.47183778564531703,0.134,raw_pEC50_SE,MW ≥215 Da,3107
nesso_7b674e7da69bffcdafda,329.375,0.47215963952365625,0.134,raw_pEC50_SE,MW ≥215 Da,3107
nesso_871fd65da9a1eaaa3223,375.43200000000013,0.47248149340199547,0.134,raw_pEC50_SE,MW ≥215 Da,3107
nesso_8c958eb4dee901edab27,382.38600000000014,0.47280334728033474,0.134,raw_pEC50_SE,MW ≥215 Da,3107
nesso_a1cf9514a4b46992efed,329.80900000000014,0.47312520115867396,0.134,raw_pEC50_SE,MW ≥215 Da,3107
nesso_a82b00f7dde1c49f2b1d,341.4590000000001,0.4734470550370132,0.134,raw_pEC50_SE,MW ≥215 Da,3107
nesso_c6b736a4bca58bcab9f4,303.83299999999997,0.47376890891535245,0.134,raw_pEC50_SE,MW ≥215 Da,3107
nesso_ccf5eaae9aededc8cc6a,426.45800000000014,0.47409076279369167,0.134,raw_pEC50_SE,MW ≥215 Da,3107
nesso_d7f4dafc1c79c6869aec,341.40800000000013,0.4744126166720309,0.134,raw_pEC50_SE,MW ≥215 Da,3107
nesso_e130bbc754c250bc9518,364.40100000000007,0.47473447055037016,0.134,raw_pEC50_SE,MW ≥215 Da,3107
nesso_eb4a82f1a528f2af35c6,273.3290000000001,0.4750563244287094,0.134,raw_pEC50_SE,MW ≥215 Da,3107
nesso_f4372b6fcbdbc55e67aa,469.90700000000015,0.4753781783070486,0.134,raw_pEC50_SE,MW ≥215 Da,3107
nesso_3812c3701bef172ea515,316.445,0.4757000321853878,0.135,raw_pEC50_SE,MW ≥215 Da,3107
nesso_40496ee37c5be9f09264,452.5380000000002,0.4760218860637271,0.135,raw_pEC50_SE,MW ≥215 Da,3107
nesso_5b698ddd1cb2e627fdbe,308.40700000000004,0.4763437399420663,0.135,raw_pEC50_SE,MW ≥215 Da,3107
nesso_5c5136732c34b19e3340,378.41300000000007,0.4766655938204055,0.135,raw_pEC50_SE,MW ≥215 Da,3107
nesso_62d06b0e6540409c66a8,311.38199999999995,0.4769874476987448,0.135,raw_pEC50_SE,MW ≥215 Da,3107
nesso_9b30b952c5a8037fe742,362.45500000000027,0.477309301577084,0.135,raw_pEC50_SE,MW ≥215 Da,3107
nesso_ba3e8960b4106f0969bf,357.72300000000007,0.47763115545542323,0.135,raw_pEC50_SE,MW ≥215 Da,3107
nesso_dedb920ee6ce41a399ae,360.4540000000001,0.47795300933376245,0.135,raw_pEC50_SE,MW ≥215 Da,3107
nesso_157817afb5941fbc4080,357.2370000000001,0.4782748632121017,0.136,raw_pEC50_SE,MW ≥215 Da,3107
nesso_1b39b9d1f7c63592da8e,357.435,0.47859671709044094,0.136,raw_pEC50_SE,MW ≥215 Da,3107
nesso_1c3a3b3bdf04faf2cbc0,385.4670000000001,0.47891857096878016,0.136,raw_pEC50_SE,MW ≥215 Da,3107
nesso_34b791d39e2b3ad5233a,344.4150000000002,0.47924042484711943,0.136,raw_pEC50_SE,MW ≥215 Da,3107
nesso_3e47988faf7c7ba3c2b8,367.47400000000005,0.47956227872545865,0.136,raw_pEC50_SE,MW ≥215 Da,3107
nesso_56a1fd179a00387e1d5f,312.41700000000003,0.47988413260379786,0.136,raw_pEC50_SE,MW ≥215 Da,3107
nesso_64b1a6312871c98dba69,280.37100000000004,0.48020598648213714,0.136,raw_pEC50_SE,MW ≥215 Da,3107
nesso_72ce718d8fe151198e5d,313.4190000000001,0.48052784036047635,0.136,raw_pEC50_SE,MW ≥215 Da,3107
nesso_8b5352430a396a476500,411.48300000000006,0.4808496942388156,0.136,raw_pEC50_SE,MW ≥215 Da,3107
nesso_90e786145b4b95a031d1,328.37200000000007,0.4811715481171548,0.136,raw_pEC50_SE,MW ≥215 Da,3107
nesso_a114b56c2ef31508ad2d,449.5510000000002,0.48149340199549406,0.136,raw_pEC50_SE,MW ≥215 Da,3107
nesso_acacfe92b53a0362fcb6,414.4770000000002,0.4818152558738333,0.136,raw_pEC50_SE,MW ≥215 Da,3107
nesso_b1c7a98f665e472a9bfb,297.38699999999994,0.4821371097521725,0.136,raw_pEC50_SE,MW ≥215 Da,3107
nesso_b741e69fc6d4d980e17a,319.40800000000013,0.4824589636305118,0.136,raw_pEC50_SE,MW ≥215 Da,3107
nesso_c852e2d6f4093ce9006d,336.4130000000001,0.482780817508851,0.136,raw_pEC50_SE,MW ≥215 Da,3107
nesso_f951d8ca06c4248a7308,406.4830000000002,0.4831026713871902,0.136,raw_pEC50_SE,MW ≥215 Da,3107
nesso_0aae2a3b0c1eac00481f,368.4370000000003,0.4834245252655294,0.137,raw_pEC50_SE,MW ≥215 Da,3107
nesso_16e624e04e781e7d382f,314.46900000000005,0.4837463791438687,0.137,raw_pEC50_SE,MW ≥215 Da,3107
nesso_327a2e570542357dc676,308.3810000000001,0.4840682330222079,0.137,raw_pEC50_SE,MW ≥215 Da,3107
nesso_51af8a1f203f1baaf992,350.216,0.48439008690054713,0.137,raw_pEC50_SE,MW ≥215 Da,3107
nesso_6552fa91c93e3cbac337,444.5090000000003,0.4847119407788864,0.137,raw_pEC50_SE,MW ≥215 Da,3107
nesso_802d2ea2d429a6a0caf1,362.4580000000001,0.4850337946572256,0.137,raw_pEC50_SE,MW ≥215 Da,3107
nesso_870a4e40de0cde576389,311.42900000000003,0.48535564853556484,0.137,raw_pEC50_SE,MW ≥215 Da,3107
nesso_93b9c1c2d716a530bcb8,340.423,0.48567750241390406,0.137,raw_pEC50_SE,MW ≥215 Da,3107
nesso_94e3dbcacfe818ee719c,319.3110000000001,0.48599935629224333,0.137,raw_pEC50_SE,MW ≥215 Da,3107
nesso_b03985e73d3c1557d6ef,325.41200000000015,0.48632121017058255,0.137,raw_pEC50_SE,MW ≥215 Da,3107
nesso_be605f61580e94ec4146,329.3520000000001,0.48664306404892177,0.137,raw_pEC50_SE,MW ≥215 Da,3107
nesso_fb9a9a6dfa88f0ba4b03,368.45800000000014,0.48696491792726104,0.137,raw_pEC50_SE,MW ≥215 Da,3107
nesso_1ab8abf51f64607068e2,435.43100000000004,0.48728677180560026,0.138,raw_pEC50_SE,MW ≥215 Da,3107
nesso_26ab01d76b6e91eae241,314.813,0.4876086256839395,0.138,raw_pEC50_SE,MW ≥215 Da,3107
nesso_4e8df8e607a4830b4276,357.50200000000007,0.48793047956227875,0.138,raw_pEC50_SE,MW ≥215 Da,3107
nesso_5f0063ca89c60bf43cbc,329.363,0.48825233344061797,0.138,raw_pEC50_SE,MW ≥215 Da,3107
nesso_79681f8705183feb02b9,378.47200000000004,0.4885741873189572,0.138,raw_pEC50_SE,MW ≥215 Da,3107
nesso_82d7453ed3716bb48211,268.32,0.4888960411972964,0.138,raw_pEC50_SE,MW ≥215 Da,3107
nesso_a1bf0ad971a218c3d24d,249.33900000000003,0.4892178950756357,0.138,raw_pEC50_SE,MW ≥215 Da,3107
nesso_a695feeb853b0b306020,376.4600000000001,0.4895397489539749,0.138,raw_pEC50_SE,MW ≥215 Da,3107
nesso_b91b6ddff9deacfe4230,347.3940000000001,0.4898616028323141,0.138,raw_pEC50_SE,MW ≥215 Da,3107
nesso_c3e63ab91f1cca35797c,309.757,0.4901834567106534,0.138,raw_pEC50_SE,MW ≥215 Da,3107
nesso_c987ede735382938ba88,361.39700000000005,0.4905053105889926,0.138,raw_pEC50_SE,MW ≥215 Da,3107
nesso_ec995e74c074b4c554ab,328.38000000000005,0.4908271644673318,0.138,raw_pEC50_SE,MW ≥215 Da,3107
nesso_efa20d47e2067875a93a,302.399,0.49114901834567104,0.138,raw_pEC50_SE,MW ≥215 Da,3107
nesso_14eedecdc031e26359e7,452.5550000000003,0.4914708722240103,0.139,raw_pEC50_SE,MW ≥215 Da,3107
nesso_44ed1548cbd7998dbc43,446.5320000000001,0.49179272610234953,0.139,raw_pEC50_SE,MW ≥215 Da,3107
nesso_532c26b91e534a301873,310.397,0.49211457998068875,0.139,raw_pEC50_SE,MW ≥215 Da,3107
nesso_5b2668fc51135fbd63ba,349.3940000000002,0.492436433859028,0.139,raw_pEC50_SE,MW ≥215 Da,3107
nesso_7460e5c6ed271a8aecec,377.44400000000013,0.49275828773736724,0.139,raw_pEC50_SE,MW ≥215 Da,3107
nesso_a2c92032902af5a8fb2e,334.379,0.49308014161570646,0.139,raw_pEC50_SE,MW ≥215 Da,3107
nesso_b26675d6f76a29684593,396.4930000000001,0.49340199549404573,0.139,raw_pEC50_SE,MW ≥215 Da,3107
nesso_d9a4b3990ddec7878763,473.56100000000026,0.49372384937238495,0.139,raw_pEC50_SE,MW ≥215 Da,3107
nesso_04bebd7cc38090db9c0b,420.51600000000013,0.49404570325072417,0.14,raw_pEC50_SE,MW ≥215 Da,3107
nesso_06f54d1c968931d1e785,317.292,0.4943675571290634,0.14,raw_pEC50_SE,MW ≥215 Da,3107
nesso_26cbfb16a9b73eafe047,349.18800000000005,0.49468941100740266,0.14,raw_pEC50_SE,MW ≥215 Da,3107
nesso_5bb5bf7f731eb025799c,342.44300000000015,0.4950112648857419,0.14,raw_pEC50_SE,MW ≥215 Da,3107
nesso_6580920e2867fe4e04ee,397.51500000000016,0.4953331187640811,0.14,raw_pEC50_SE,MW ≥215 Da,3107
nesso_66b8bda69ceafbca9e75,413.49300000000017,0.49565497264242037,0.14,raw_pEC50_SE,MW ≥215 Da,3107
nesso_74c8f3fb680e85ab7be0,390.38300000000004,0.4959768265207596,0.14,raw_pEC50_SE,MW ≥215 Da,3107
nesso_751c3cb7c18861dc17fd,385.4710000000001,0.4962986803990988,0.14,raw_pEC50_SE,MW ≥215 Da,3107
nesso_97b1042c59746102d3c2,441.53500000000014,0.496620534277438,0.14,raw_pEC50_SE,MW ≥215 Da,3107
nesso_9a695cc052495ffed88a,396.45000000000005,0.4969423881557773,0.14,raw_pEC50_SE,MW ≥215 Da,3107
nesso_ad506eefc1366a23c52d,378.4320000000001,0.4972642420341165,0.14,raw_pEC50_SE,MW ≥215 Da,3107
nesso_b97694c30ff2c1d26076,343.43,0.49758609591245573,0.14,raw_pEC50_SE,MW ≥215 Da,3107
nesso_c6de6dcfd9dbe10d8e0e,267.32899999999995,0.497907949790795,0.14,raw_pEC50_SE,MW ≥215 Da,3107
nesso_cde111d250385f2bae63,396.46800000000013,0.4982298036691342,0.14,raw_pEC50_SE,MW ≥215 Da,3107
nesso_007d94f2c6c76f78f154,298.39,0.49855165754747344,0.141,raw_pEC50_SE,MW ≥215 Da,3107
nesso_33cebede0eb2a87e0d9c,289.3790000000001,0.49887351142581265,0.141,raw_pEC50_SE,MW ≥215 Da,3107
nesso_92e1a59770ec010ebe6e,391.44600000000014,0.49919536530415193,0.141,raw_pEC50_SE,MW ≥215 Da,3107
nesso_9a6190f63649fbe1f0cf,324.352,0.49951721918249115,0.141,raw_pEC50_SE,MW ≥215 Da,3107
nesso_b6608b5363c7b05957a2,329.32200000000006,0.49983907306083036,0.141,raw_pEC50_SE,MW ≥215 Da,3107
nesso_d280c52d45c5bc607f90,349.419,0.5001609269391696,0.141,raw_pEC50_SE,MW ≥215 Da,3107
nesso_e706dcaeee7189646944,354.85900000000004,0.5004827808175089,0.141,raw_pEC50_SE,MW ≥215 Da,3107
nesso_e857261a6054d2186b64,360.43300000000016,0.5008046346958481,0.141,raw_pEC50_SE,MW ≥215 Da,3107
nesso_160d349c94932754a608,404.4700000000001,0.5011264885741873,0.142,raw_pEC50_SE,MW ≥215 Da,3107
nesso_4d3056b51d164ed1cb50,477.4430000000002,0.5014483424525266,0.142,raw_pEC50_SE,MW ≥215 Da,3107
nesso_a9c226db37b2ea6412b4,398.4380000000001,0.5017701963308658,0.142,raw_pEC50_SE,MW ≥215 Da,3107
nesso_cee2432beeddb77af903,446.5580000000001,0.502092050209205,0.142,raw_pEC50_SE,MW ≥215 Da,3107
nesso_f2449b50334aafe506c6,341.79100000000005,0.5024139040875443,0.142,raw_pEC50_SE,MW ≥215 Da,3107
nesso_03f74b7627e28feacbc4,340.4270000000001,0.5027357579658834,0.143,raw_pEC50_SE,MW ≥215 Da,3107
nesso_2e5b0bd5b4a02fff3c58,434.45200000000017,0.5030576118442227,0.143,raw_pEC50_SE,MW ≥215 Da,3107
nesso_34bf0167aea24b841fc2,325.343,0.503379465722562,0.143,raw_pEC50_SE,MW ≥215 Da,3107
nesso_4d2c1a2de05457127071,321.336,0.5037013196009011,0.143,raw_pEC50_SE,MW ≥215 Da,3107
nesso_79d5b87325e19407a9dc,363.44200000000006,0.5040231734792404,0.143,raw_pEC50_SE,MW ≥215 Da,3107
nesso_7f37ac8a9b6653d9bce9,437.4750000000001,0.5043450273575797,0.143,raw_pEC50_SE,MW ≥215 Da,3107
nesso_81909158ecf028dca90a,352.36000000000007,0.5046668812359189,0.143,raw_pEC50_SE,MW ≥215 Da,3107
nesso_9d57abaedb1a79a3c76f,309.15199999999993,0.5049887351142581,0.143,raw_pEC50_SE,MW ≥215 Da,3107
nesso_a8d89c8949bc9a69e14a,367.4270000000001,0.5053105889925974,0.143,raw_pEC50_SE,MW ≥215 Da,3107
nesso_bd91793c03226df0945c,343.431,0.5056324428709366,0.143,raw_pEC50_SE,MW ≥215 Da,3107
nesso_d244255e579d5980786c,345.48700000000025,0.5059542967492758,0.143,raw_pEC50_SE,MW ≥215 Da,3107
nesso_d6d2904add284967dbcc,293.326,0.5062761506276151,0.143,raw_pEC50_SE,MW ≥215 Da,3107
nesso_e689d658b68c1eff91e3,390.4830000000001,0.5065980045059543,0.143,raw_pEC50_SE,MW ≥215 Da,3107
nesso_eaf59123f36175aebbae,340.383,0.5069198583842935,0.143,raw_pEC50_SE,MW ≥215 Da,3107
nesso_005ea597edb009619d89,334.8070000000001,0.5072417122626328,0.144,raw_pEC50_SE,MW ≥215 Da,3107
nesso_032647d983b7b2c21755,399.41300000000035,0.507563566140972,0.144,raw_pEC50_SE,MW ≥215 Da,3107
nesso_1ac68ca1a7dfab919760,307.3,0.5078854200193113,0.144,raw_pEC50_SE,MW ≥215 Da,3107
nesso_24b1a6f1d293638b2658,333.33500000000004,0.5082072738976504,0.144,raw_pEC50_SE,MW ≥215 Da,3107
nesso_48d58aeecf5678aea648,333.3910000000001,0.5085291277759897,0.144,raw_pEC50_SE,MW ≥215 Da,3107
nesso_52ac820b0f4990d0639b,547.6740000000003,0.508850981654329,0.144,raw_pEC50_SE,MW ≥215 Da,3107
nesso_5a02a3eb33485b76f22d,363.4210000000001,0.5091728355326681,0.144,raw_pEC50_SE,MW ≥215 Da,3107
nesso_768a7200ed469626841a,339.4430000000002,0.5094946894110074,0.144,raw_pEC50_SE,MW ≥215 Da,3107
nesso_7f2e011e76148ed0ed64,334.4230000000001,0.5098165432893467,0.144,raw_pEC50_SE,MW ≥215 Da,3107
nesso_af9d728440abc4186b78,433.3900000000001,0.5101383971676858,0.144,raw_pEC50_SE,MW ≥215 Da,3107
nesso_4d15f131415717fed371,279.347,0.5104602510460251,0.1443346805171924,raw_pEC50_SE,MW ≥215 Da,3107
nesso_3a53ad9e8a02f2aac06d,385.5300000000002,0.5107821049243644,0.145,raw_pEC50_SE,MW ≥215 Da,3107
nesso_3c3b840f9c822a17cc5d,351.40600000000023,0.5111039588027035,0.145,raw_pEC50_SE,MW ≥215 Da,3107
nesso_5111783da88bfe1337b2,383.47700000000015,0.5114258126810428,0.145,raw_pEC50_SE,MW ≥215 Da,3107
nesso_56280dc7a4b58dafe4cf,346.235,0.5117476665593821,0.145,raw_pEC50_SE,MW ≥215 Da,3107
nesso_58dc91aeae8275afb372,309.391,0.5120695204377212,0.145,raw_pEC50_SE,MW ≥215 Da,3107
nesso_7a731c66e2b28ddaa9eb,505.63700000000034,0.5123913743160605,0.145,raw_pEC50_SE,MW ≥215 Da,3107
nesso_a71f8ee13e01a509e9d5,445.5480000000003,0.5127132281943998,0.145,raw_pEC50_SE,MW ≥215 Da,3107
nesso_b149e28ef7acebf182cb,349.43800000000005,0.513035082072739,0.145,raw_pEC50_SE,MW ≥215 Da,3107
nesso_b6314dbd19fe36eed08c,351.4500000000001,0.5133569359510782,0.145,raw_pEC50_SE,MW ≥215 Da,3107
nesso_ce53a0d44380df11e296,392.4590000000001,0.5136787898294174,0.145,raw_pEC50_SE,MW ≥215 Da,3107
nesso_fa20a986e58795e3b2d2,317.3890000000001,0.5140006437077567,0.145,raw_pEC50_SE,MW ≥215 Da,3107
nesso_fdb20156a292f9a36b6f,353.3940000000001,0.5143224975860959,0.145,raw_pEC50_SE,MW ≥215 Da,3107
nesso_1bbb155fdd653eeae97e,300.3180000000001,0.5146443514644351,0.146,raw_pEC50_SE,MW ≥215 Da,3107
nesso_5475b28e3f76d50c5483,303.3220000000001,0.5149662053427744,0.146,raw_pEC50_SE,MW ≥215 Da,3107
nesso_60fc0348ba89010fa031,443.50000000000017,0.5152880592211136,0.146,raw_pEC50_SE,MW ≥215 Da,3107
nesso_63be1bfcdfd5097de4b0,395.5690000000002,0.5156099130994528,0.146,raw_pEC50_SE,MW ≥215 Da,3107
nesso_675833ca02295e8e3d9d,360.46200000000016,0.5159317669777921,0.146,raw_pEC50_SE,MW ≥215 Da,3107
nesso_7142b2729205416b76d0,344.45900000000006,0.5162536208561314,0.146,raw_pEC50_SE,MW ≥215 Da,3107
nesso_758d1e39b2cffdc948cf,385.49300000000005,0.5165754747344705,0.146,raw_pEC50_SE,MW ≥215 Da,3107
nesso_a6a650665541e4a5f9d8,325.437,0.5168973286128098,0.146,raw_pEC50_SE,MW ≥215 Da,3107
nesso_f38bc3c27fc2a55d0fe7,367.40500000000014,0.5172191824911491,0.146,raw_pEC50_SE,MW ≥215 Da,3107
nesso_026d85acd7c184bbb117,344.3740000000001,0.5175410363694882,0.147,raw_pEC50_SE,MW ≥215 Da,3107
nesso_180cf4ec4618b0dc3952,349.4710000000002,0.5178628902478275,0.147,raw_pEC50_SE,MW ≥215 Da,3107
nesso_2060c753e0500dbb4b43,347.444,0.5181847441261668,0.147,raw_pEC50_SE,MW ≥215 Da,3107
nesso_22cfd1267d94e43485a1,352.46400000000006,0.5185065980045059,0.147,raw_pEC50_SE,MW ≥215 Da,3107
nesso_77e8c0e9835cde1c60a7,334.375,0.5188284518828452,0.147,raw_pEC50_SE,MW ≥215 Da,3107
nesso_83e61660d87f94d0fb92,389.6580000000001,0.5191503057611844,0.147,raw_pEC50_SE,MW ≥215 Da,3107
nesso_d1d8749fd0a31f2f8e3c,341.4320000000001,0.5194721596395236,0.147,raw_pEC50_SE,MW ≥215 Da,3107
nesso_dbb2a41c1078bd92883c,380.4230000000001,0.5197940135178629,0.147,raw_pEC50_SE,MW ≥215 Da,3107
nesso_1cbce1f27226fa04d20e,369.3680000000001,0.5201158673962021,0.148,raw_pEC50_SE,MW ≥215 Da,3107
nesso_2e1a63937d7a5b9a2fca,353.42600000000004,0.5204377212745414,0.148,raw_pEC50_SE,MW ≥215 Da,3107
nesso_6066b632180d8f5ae3d4,340.4480000000001,0.5207595751528806,0.148,raw_pEC50_SE,MW ≥215 Da,3107
nesso_7a2060e24a2e382cc79b,301.41499999999996,0.5210814290312198,0.148,raw_pEC50_SE,MW ≥215 Da,3107
nesso_8764d02f906562ea128c,325.29000000000013,0.5214032829095591,0.148,raw_pEC50_SE,MW ≥215 Da,3107
nesso_d509d8430c7d0928a2b1,388.88000000000017,0.5217251367878983,0.148,raw_pEC50_SE,MW ≥215 Da,3107
nesso_0d7e25de754535b69a2a,314.77600000000007,0.5220469906662375,0.149,raw_pEC50_SE,MW ≥215 Da,3107
nesso_42a0de15606c7242ac2c,384.461,0.5223688445445768,0.149,raw_pEC50_SE,MW ≥215 Da,3107
nesso_50c62ddbd4897f7edff9,353.3810000000001,0.522690698422916,0.149,raw_pEC50_SE,MW ≥215 Da,3107
nesso_5a4a86f63f57da95b8df,310.353,0.5230125523012552,0.149,raw_pEC50_SE,MW ≥215 Da,3107
nesso_7473bae7193be03133ba,339.4390000000001,0.5233344061795945,0.149,raw_pEC50_SE,MW ≥215 Da,3107
nesso_74b54347cf005841ce45,323.3560000000001,0.5236562600579338,0.149,raw_pEC50_SE,MW ≥215 Da,3107
nesso_955c2d061463a621ed88,254.35499999999993,0.5239781139362729,0.149,raw_pEC50_SE,MW ≥215 Da,3107
nesso_aff2a8732a2fae7d3af5,303.365,0.5242999678146122,0.149,raw_pEC50_SE,MW ≥215 Da,3107
nesso_e640c3e3b3e97996e205,310.40100000000007,0.5246218216929514,0.149,raw_pEC50_SE,MW ≥215 Da,3107
nesso_2878b6e1448d832e5898,434.47700000000015,0.5249436755712906,0.15,raw_pEC50_SE,MW ≥215 Da,3107
nesso_2b4d37b1196fb7f27b1b,342.42400000000015,0.5252655294496299,0.15,raw_pEC50_SE,MW ≥215 Da,3107
nesso_330c160a80e354ea907c,351.0160000000001,0.5255873833279691,0.15,raw_pEC50_SE,MW ≥215 Da,3107
nesso_5d7f32067782dc120ce9,289.33900000000006,0.5259092372063083,0.15,raw_pEC50_SE,MW ≥215 Da,3107
nesso_9f69b7121e7e8c7042be,346.4340000000001,0.5262310910846476,0.15,raw_pEC50_SE,MW ≥215 Da,3107
nesso_e87ce06f08cfc5548140,299.349,0.5265529449629868,0.15,raw_pEC50_SE,MW ≥215 Da,3107
nesso_ea23db3ef4020b5d1d81,351.4500000000001,0.526874798841326,0.15,raw_pEC50_SE,MW ≥215 Da,3107
nesso_f49a981041a64d83363c,356.853,0.5271966527196653,0.15,raw_pEC50_SE,MW ≥215 Da,3107
nesso_77c56432a9db99adae4d,354.797,0.5275185065980045,0.1505033222224679,raw_pEC50_SE,MW ≥215 Da,3107
nesso_06df58ba219840abc414,414.8900000000002,0.5278403604763438,0.151,raw_pEC50_SE,MW ≥215 Da,3107
nesso_28ccacfd93cd2d29df94,399.45000000000016,0.528162214354683,0.151,raw_pEC50_SE,MW ≥215 Da,3107
nesso_579163e276d4bd7e7a80,310.3350000000001,0.5284840682330222,0.151,raw_pEC50_SE,MW ≥215 Da,3107
nesso_9065f1b8f4a8d55bfa4f,318.38,0.5288059221113615,0.151,raw_pEC50_SE,MW ≥215 Da,3107
nesso_a55babaee182aa2e0e63,353.4220000000001,0.5291277759897006,0.151,raw_pEC50_SE,MW ≥215 Da,3107
nesso_b3db1a1e72da320ec165,311.45100000000014,0.5294496298680399,0.151,raw_pEC50_SE,MW ≥215 Da,3107
nesso_bcba60516424b126ea67,352.42500000000007,0.5297714837463792,0.151,raw_pEC50_SE,MW ≥215 Da,3107
nesso_c1e30283f375ddd7e2ff,299.334,0.5300933376247183,0.151,raw_pEC50_SE,MW ≥215 Da,3107
nesso_d0a7d3da95cc0350b7ac,392.49900000000025,0.5304151915030576,0.151,raw_pEC50_SE,MW ≥215 Da,3107
nesso_d448fcc1682672da1615,352.438,0.5307370453813969,0.151,raw_pEC50_SE,MW ≥215 Da,3107
nesso_ff51c8e592bd44a99ac3,415.46800000000013,0.531058899259736,0.151,raw_pEC50_SE,MW ≥215 Da,3107
nesso_464c168d0fa157d862f9,312.417,0.5313807531380753,0.152,raw_pEC50_SE,MW ≥215 Da,3107
nesso_4f3c9de93c24f3513269,374.91200000000015,0.5317026070164146,0.152,raw_pEC50_SE,MW ≥215 Da,3107
nesso_61efbdc50f3919d99f23,297.28000000000003,0.5320244608947537,0.152,raw_pEC50_SE,MW ≥215 Da,3107
nesso_8786101bf6b9030fa01a,349.43400000000014,0.532346314773093,0.152,raw_pEC50_SE,MW ≥215 Da,3107
nesso_d0ccf6a88e48456e259f,348.75199999999995,0.5326681686514323,0.152,raw_pEC50_SE,MW ≥215 Da,3107
nesso_d7917f89adf8d6ccfd62,321.365,0.5329900225297715,0.152,raw_pEC50_SE,MW ≥215 Da,3107
nesso_f8638837965ef985c9b6,470.3230000000001,0.5333118764081107,0.152,raw_pEC50_SE,MW ≥215 Da,3107
nesso_fd103e4cc54ca71c876c,389.4960000000001,0.53363373028645,0.152,raw_pEC50_SE,MW ≥215 Da,3107
nesso_02bbf8b456100947256a,522.5780000000002,0.5339555841647892,0.153,raw_pEC50_SE,MW ≥215 Da,3107
nesso_1f055f4072965228a39e,361.4920000000001,0.5342774380431284,0.153,raw_pEC50_SE,MW ≥215 Da,3107
nesso_35b5e995b73c30a9e572,242.322,0.5345992919214676,0.153,raw_pEC50_SE,MW ≥215 Da,3107
nesso_4e5734aa276a8835d44e,380.196,0.5349211457998069,0.153,raw_pEC50_SE,MW ≥215 Da,3107
nesso_5268176b952d92eaef33,334.401,0.5352429996781461,0.153,raw_pEC50_SE,MW ≥215 Da,3107
nesso_55b8c0f1229e133d3a90,352.4380000000001,0.5355648535564853,0.153,raw_pEC50_SE,MW ≥215 Da,3107
nesso_64408a0e71830d319a5c,317.38900000000007,0.5358867074348246,0.153,raw_pEC50_SE,MW ≥215 Da,3107
nesso_77b73b14666dc4f5e3ae,402.329,0.5362085613131639,0.153,raw_pEC50_SE,MW ≥215 Da,3107
nesso_7f8c1cb7d675956910d3,375.4280000000001,0.536530415191503,0.153,raw_pEC50_SE,MW ≥215 Da,3107
nesso_971f491fbfaabf6a797f,370.4300000000001,0.5368522690698423,0.153,raw_pEC50_SE,MW ≥215 Da,3107
nesso_c196ca9cbc99d51bbfaf,399.41300000000024,0.5371741229481816,0.153,raw_pEC50_SE,MW ≥215 Da,3107
nesso_cc77c7efc762114fe682,347.40000000000003,0.5374959768265207,0.153,raw_pEC50_SE,MW ≥215 Da,3107
nesso_d2a83babcb4d7efedece,385.46400000000017,0.53781783070486,0.153,raw_pEC50_SE,MW ≥215 Da,3107
nesso_06fbdb878cfdf9f6248b,382.42000000000013,0.5381396845831993,0.154,raw_pEC50_SE,MW ≥215 Da,3107
nesso_13ddc18d1a246d612ab7,392.41500000000013,0.5384615384615384,0.154,raw_pEC50_SE,MW ≥215 Da,3107
nesso_179fd1d4b52fe25f0771,346.8180000000001,0.5387833923398777,0.154,raw_pEC50_SE,MW ≥215 Da,3107
nesso_7e085109e64b9326a41b,216.68900000000002,0.539105246218217,0.154,raw_pEC50_SE,MW ≥215 Da,3107
nesso_7e16f9879a7e553b53c7,349.86199999999997,0.5394271000965561,0.154,raw_pEC50_SE,MW ≥215 Da,3107
nesso_7eb70c872f87fdef9db1,413.90500000000026,0.5397489539748954,0.154,raw_pEC50_SE,MW ≥215 Da,3107
nesso_8623ac9f89332586bcfa,394.25800000000015,0.5400708078532346,0.154,raw_pEC50_SE,MW ≥215 Da,3107
nesso_8d2f4e972bca3d518c53,332.40400000000005,0.5403926617315739,0.154,raw_pEC50_SE,MW ≥215 Da,3107
nesso_9a40afe9cce02f1193e8,300.3620000000001,0.5407145156099131,0.154,raw_pEC50_SE,MW ≥215 Da,3107
nesso_a62c12ed93b5d16890f3,353.4700000000001,0.5410363694882523,0.154,raw_pEC50_SE,MW ≥215 Da,3107
nesso_b036f768e7ec4c7f9700,284.38399999999996,0.5413582233665916,0.154,raw_pEC50_SE,MW ≥215 Da,3107
nesso_ba2d9c04a1d48d65dfdd,319.792,0.5416800772449308,0.154,raw_pEC50_SE,MW ≥215 Da,3107
nesso_fddfb13d240c0e00e6eb,291.395,0.54200193112327,0.154,raw_pEC50_SE,MW ≥215 Da,3107
nesso_2738b67e18bbeaa607ef,359.351,0.5423237850016093,0.155,raw_pEC50_SE,MW ≥215 Da,3107
nesso_53e87d5ba95359306edb,345.424,0.5426456388799485,0.155,raw_pEC50_SE,MW ≥215 Da,3107
nesso_6915e05801aa1cbdf178,361.7600000000001,0.5429674927582877,0.155,raw_pEC50_SE,MW ≥215 Da,3107
nesso_8173490424ff8e39377a,342.374,0.543289346636627,0.155,raw_pEC50_SE,MW ≥215 Da,3107
nesso_8cedbeaf690522f8f0de,514.6290000000004,0.5436112005149663,0.155,raw_pEC50_SE,MW ≥215 Da,3107
nesso_9b67b0972cfbeb010b6e,356.42900000000003,0.5439330543933054,0.155,raw_pEC50_SE,MW ≥215 Da,3107
nesso_a6076192b199418857c2,427.9110000000002,0.5442549082716447,0.155,raw_pEC50_SE,MW ≥215 Da,3107
nesso_c6ef407d77c111eb0125,286.40000000000003,0.544576762149984,0.155,raw_pEC50_SE,MW ≥215 Da,3107
nesso_cf22e08f1779a06cebed,310.3230000000001,0.5448986160283231,0.155,raw_pEC50_SE,MW ≥215 Da,3107
nesso_ef857cea160c30478b1d,301.39000000000004,0.5452204699066624,0.155,raw_pEC50_SE,MW ≥215 Da,3107
nesso_165337eee306f9a1fbbf,304.73299999999995,0.5455423237850016,0.156,raw_pEC50_SE,MW ≥215 Da,3107
nesso_4e1cdf701c9fd6b31e66,358.235,0.5458641776633408,0.156,raw_pEC50_SE,MW ≥215 Da,3107
nesso_5ab6fd8b31b332356a71,342.36100000000005,0.5461860315416801,0.156,raw_pEC50_SE,MW ≥215 Da,3107
nesso_6bef553464adbf94f302,324.3800000000001,0.5465078854200193,0.156,raw_pEC50_SE,MW ≥215 Da,3107
nesso_785ba4522de95cb20683,345.42400000000015,0.5468297392983585,0.156,raw_pEC50_SE,MW ≥215 Da,3107
nesso_85ad4cd091a6dd16ff79,334.375,0.5471515931766978,0.156,raw_pEC50_SE,MW ≥215 Da,3107
nesso_a529883716e56fcd9d05,452.4460000000002,0.547473447055037,0.156,raw_pEC50_SE,MW ≥215 Da,3107
nesso_a9a9caeeeb128380e911,354.85900000000004,0.5477953009333763,0.156,raw_pEC50_SE,MW ≥215 Da,3107
nesso_b2a83f901e8f2b8a2b2a,328.416,0.5481171548117155,0.156,raw_pEC50_SE,MW ≥215 Da,3107
nesso_bd61e4ee1b81fdb14151,310.78100000000006,0.5484390086900547,0.156,raw_pEC50_SE,MW ≥215 Da,3107
nesso_d442a112f763ba960f7b,363.44600000000014,0.548760862568394,0.156,raw_pEC50_SE,MW ≥215 Da,3107
nesso_f7f889e39f2e6390955f,406.4980000000001,0.5490827164467332,0.156,raw_pEC50_SE,MW ≥215 Da,3107
nesso_0817f2963a79068a4516,341.498,0.5494045703250724,0.157,raw_pEC50_SE,MW ≥215 Da,3107
nesso_0fcc744413a8674cb854,304.4340000000002,0.5497264242034117,0.157,raw_pEC50_SE,MW ≥215 Da,3107
nesso_104a305bc40149a1855d,338.34800000000007,0.5500482780817508,0.157,raw_pEC50_SE,MW ≥215 Da,3107
nesso_1c8788226361e5b47d79,428.48100000000005,0.5503701319600901,0.157,raw_pEC50_SE,MW ≥215 Da,3107
nesso_476a8101c68dd05d9ca8,310.33500000000004,0.5506919858384294,0.157,raw_pEC50_SE,MW ≥215 Da,3107
nesso_63460585a6071bf9f5f1,407.86100000000016,0.5510138397167685,0.157,raw_pEC50_SE,MW ≥215 Da,3107
nesso_72f5149b6d4fa3be3486,338.7320000000001,0.5513356935951078,0.157,raw_pEC50_SE,MW ≥215 Da,3107
nesso_8e60baccd4a4cef6c74c,352.46000000000004,0.5516575474734471,0.157,raw_pEC50_SE,MW ≥215 Da,3107
nesso_979445607b8018ee9626,492.68900000000025,0.5519794013517862,0.157,raw_pEC50_SE,MW ≥215 Da,3107
nesso_a778741e4515bf2b5783,328.41200000000003,0.5523012552301255,0.157,raw_pEC50_SE,MW ≥215 Da,3107
nesso_e54aa1712ca6af15293b,309.43500000000006,0.5526231091084648,0.157,raw_pEC50_SE,MW ≥215 Da,3107
nesso_e7996985e152846ee412,323.377,0.552944962986804,0.157,raw_pEC50_SE,MW ≥215 Da,3107
nesso_0830dd6d3ef235baa54a,250.327,0.5532668168651432,0.158,raw_pEC50_SE,MW ≥215 Da,3107
nesso_0c6d7dff6066028feb61,344.37100000000004,0.5535886707434825,0.158,raw_pEC50_SE,MW ≥215 Da,3107
nesso_5d41abd900375d3df380,322.79200000000003,0.5539105246218217,0.158,raw_pEC50_SE,MW ≥215 Da,3107
nesso_68e5b4ab6175909bcdb1,338.4330000000002,0.5542323785001609,0.158,raw_pEC50_SE,MW ≥215 Da,3107
nesso_861f701f87d78dfc8708,392.28600000000006,0.5545542323785002,0.158,raw_pEC50_SE,MW ≥215 Da,3107
nesso_f384333f7d6baff70f53,396.47200000000026,0.5548760862568394,0.158,raw_pEC50_SE,MW ≥215 Da,3107
nesso_ffb33c9a189b3e6d99e1,306.79700000000014,0.5551979401351786,0.158,raw_pEC50_SE,MW ≥215 Da,3107
nesso_0907ee74de0e79b4f6e8,332.38100000000003,0.5555197940135178,0.159,raw_pEC50_SE,MW ≥215 Da,3107
nesso_12fa1dbed2521b2f751f,291.33,0.5558416478918571,0.159,raw_pEC50_SE,MW ≥215 Da,3107
nesso_1aba12567d61596d53c4,295.4510000000001,0.5561635017701964,0.159,raw_pEC50_SE,MW ≥215 Da,3107
nesso_1fb89cb2b9439d512c92,334.35400000000004,0.5564853556485355,0.159,raw_pEC50_SE,MW ≥215 Da,3107
nesso_2d574577516406997a49,310.8250000000001,0.5568072095268748,0.159,raw_pEC50_SE,MW ≥215 Da,3107
nesso_32849758102ed1b016f9,412.55500000000006,0.5571290634052141,0.159,raw_pEC50_SE,MW ≥215 Da,3107
nesso_7e19bcd3c880e0e2343e,329.4040000000001,0.5574509172835532,0.159,raw_pEC50_SE,MW ≥215 Da,3107
nesso_866e83298a10efe5b96d,320.7800000000001,0.5577727711618925,0.159,raw_pEC50_SE,MW ≥215 Da,3107
nesso_97c82085a5cde85eca50,291.354,0.5580946250402318,0.159,raw_pEC50_SE,MW ≥215 Da,3107
nesso_d7a2f749080c6eb91a31,252.36099999999993,0.5584164789185709,0.159,raw_pEC50_SE,MW ≥215 Da,3107
nesso_df5504e83f8ccccd1c66,338.40700000000004,0.5587383327969102,0.159,raw_pEC50_SE,MW ≥215 Da,3107
nesso_e49c4ceab1f4a18d7553,341.386,0.5590601866752495,0.159,raw_pEC50_SE,MW ≥215 Da,3107
nesso_0dce6db3746c5d4e851e,350.31800000000004,0.5593820405535886,0.16,raw_pEC50_SE,MW ≥215 Da,3107
nesso_0eae9adeb59d5938f322,330.4750000000002,0.5597038944319279,0.16,raw_pEC50_SE,MW ≥215 Da,3107
nesso_2a855a599ac596039409,320.3960000000001,0.5600257483102672,0.16,raw_pEC50_SE,MW ≥215 Da,3107
nesso_5a8832e46bbe553a29f8,417.4870000000002,0.5603476021886064,0.16,raw_pEC50_SE,MW ≥215 Da,3107
nesso_63c9e3598a65a7a72ac4,308.3850000000001,0.5606694560669456,0.16,raw_pEC50_SE,MW ≥215 Da,3107
nesso_8f9383bceb2ff47dad4c,315.39199999999994,0.5609913099452848,0.16,raw_pEC50_SE,MW ≥215 Da,3107
nesso_91b83d078f8c571b704b,398.76800000000003,0.5613131638236241,0.16,raw_pEC50_SE,MW ≥215 Da,3107
nesso_96202062b8ca0bd8e295,335.36300000000017,0.5616350177019633,0.16,raw_pEC50_SE,MW ≥215 Da,3107
nesso_afc1062001b6ffc8176e,367.44900000000007,0.5619568715803025,0.16,raw_pEC50_SE,MW ≥215 Da,3107
nesso_cbc26047e4f4eca92a62,343.21000000000015,0.5622787254586418,0.16,raw_pEC50_SE,MW ≥215 Da,3107
nesso_ee8a7de8b976a2249e56,341.4360000000001,0.562600579336981,0.16,raw_pEC50_SE,MW ≥215 Da,3107
nesso_00d6af6adb2d7cb2038c,345.38800000000003,0.5629224332153202,0.161,raw_pEC50_SE,MW ≥215 Da,3107
nesso_4e525557823818f420da,371.2640000000002,0.5632442870936595,0.161,raw_pEC50_SE,MW ≥215 Da,3107
nesso_7d3cc60b499eb1d3bbf6,466.5630000000002,0.5635661409719988,0.161,raw_pEC50_SE,MW ≥215 Da,3107
nesso_833240a037229e34cf13,300.305,0.5638879948503379,0.161,raw_pEC50_SE,MW ≥215 Da,3107
nesso_890af7f4c45ac334d663,406.482,0.5642098487286772,0.161,raw_pEC50_SE,MW ≥215 Da,3107
nesso_a8173440b0482c1beb77,353.34800000000007,0.5645317026070165,0.161,raw_pEC50_SE,MW ≥215 Da,3107
nesso_e6ccd7c4c9f114997c91,323.3960000000001,0.5648535564853556,0.161,raw_pEC50_SE,MW ≥215 Da,3107
nesso_0eae6d2d02ff1d75c169,363.4580000000001,0.5651754103636949,0.162,raw_pEC50_SE,MW ≥215 Da,3107
nesso_17ace9bd6a988807c689,390.84600000000006,0.5654972642420342,0.162,raw_pEC50_SE,MW ≥215 Da,3107
nesso_29342e668607af95af6f,380.488,0.5658191181203733,0.162,raw_pEC50_SE,MW ≥215 Da,3107
nesso_33651a1340df8baffb26,350.4220000000001,0.5661409719987126,0.162,raw_pEC50_SE,MW ≥215 Da,3107
nesso_82c1e6e4f82489ad07ec,391.9200000000001,0.5664628258770518,0.162,raw_pEC50_SE,MW ≥215 Da,3107
nesso_9230969a695df1f787f3,290.367,0.566784679755391,0.162,raw_pEC50_SE,MW ≥215 Da,3107
nesso_b38fd7b2769601598a7c,304.346,0.5671065336337303,0.162,raw_pEC50_SE,MW ≥215 Da,3107
nesso_b73a0930a5686a2ce660,430.324,0.5674283875120695,0.162,raw_pEC50_SE,MW ≥215 Da,3107
nesso_bd57b4ef1d9012618d06,357.36,0.5677502413904087,0.162,raw_pEC50_SE,MW ≥215 Da,3107
nesso_fd962815af6fc3be85a3,342.44300000000004,0.568072095268748,0.162,raw_pEC50_SE,MW ≥215 Da,3107
nesso_2588ce825e34ebf82d47,448.5480000000001,0.5683939491470872,0.163,raw_pEC50_SE,MW ≥215 Da,3107
nesso_4c6928032c7889be2399,380.89700000000005,0.5687158030254265,0.163,raw_pEC50_SE,MW ≥215 Da,3107
nesso_683916568645bdfbf007,286.29100000000005,0.5690376569037657,0.163,raw_pEC50_SE,MW ≥215 Da,3107
nesso_83a3f1b1cd48ef0ac079,347.4840000000001,0.5693595107821049,0.163,raw_pEC50_SE,MW ≥215 Da,3107
nesso_906746296a264721227b,368.231,0.5696813646604442,0.163,raw_pEC50_SE,MW ≥215 Da,3107
nesso_93a30e7e8faafff99c45,309.395,0.5700032185387834,0.163,raw_pEC50_SE,MW ≥215 Da,3107
nesso_cac3a3f728e042c3f64b,532.472,0.5703250724171226,0.163,raw_pEC50_SE,MW ≥215 Da,3107
nesso_db94ee6f7d53f8069cae,364.40100000000007,0.5706469262954619,0.163,raw_pEC50_SE,MW ≥215 Da,3107
nesso_ded05895adbf3f231864,320.3960000000001,0.5709687801738011,0.163,raw_pEC50_SE,MW ≥215 Da,3107
nesso_e7822ae7899dd7ff03a7,349.38700000000006,0.5712906340521403,0.163,raw_pEC50_SE,MW ≥215 Da,3107
nesso_06aac10cbd954ec3ac1d,344.40000000000003,0.5716124879304796,0.164,raw_pEC50_SE,MW ≥215 Da,3107
nesso_5a222eda71eb8135b46c,301.39400000000006,0.5719343418088187,0.164,raw_pEC50_SE,MW ≥215 Da,3107
nesso_6ab91322381fbb5985b6,306.337,0.572256195687158,0.164,raw_pEC50_SE,MW ≥215 Da,3107
nesso_7bdc6c9e0a599ea50fac,315.31600000000003,0.5725780495654973,0.164,raw_pEC50_SE,MW ≥215 Da,3107
nesso_8c19870a85d60dd43e70,335.40700000000004,0.5728999034438365,0.164,raw_pEC50_SE,MW ≥215 Da,3107
nesso_9a28c8c1559fe059ce56,328.8070000000002,0.5732217573221757,0.164,raw_pEC50_SE,MW ≥215 Da,3107
nesso_a3ecc43c71e48f9489f1,285.318,0.573543611200515,0.164,raw_pEC50_SE,MW ≥215 Da,3107
nesso_f003dc719f5684e37b0b,419.4600000000001,0.5738654650788542,0.164,raw_pEC50_SE,MW ≥215 Da,3107
nesso_0924741146d402195a0e,341.411,0.5741873189571934,0.165,raw_pEC50_SE,MW ≥215 Da,3107
nesso_107755a7c9b12db3a9c7,346.40600000000006,0.5745091728355327,0.165,raw_pEC50_SE,MW ≥215 Da,3107
nesso_278cfb92830be7c2e691,381.43200000000013,0.5748310267138719,0.165,raw_pEC50_SE,MW ≥215 Da,3107
nesso_284263485da23a8f7dc6,433.27700000000004,0.5751528805922111,0.165,raw_pEC50_SE,MW ≥215 Da,3107
nesso_386901f42fff63a77742,344.43600000000015,0.5754747344705504,0.165,raw_pEC50_SE,MW ≥215 Da,3107
nesso_53733ea1a0d009ffebf8,331.348,0.5757965883488896,0.165,raw_pEC50_SE,MW ≥215 Da,3107
nesso_7588de292614919ddd11,355.41900000000004,0.5761184422272289,0.165,raw_pEC50_SE,MW ≥215 Da,3107
nesso_7c16c630405747c7a24c,496.6330000000002,0.576440296105568,0.165,raw_pEC50_SE,MW ≥215 Da,3107
nesso_8e5eb12371676fce58a8,359.307,0.5767621499839073,0.165,raw_pEC50_SE,MW ≥215 Da,3107
nesso_9b6fb8ae60c1f19f0b49,277.40799999999996,0.5770840038622466,0.165,raw_pEC50_SE,MW ≥215 Da,3107
nesso_9c6ea050cadd5598dfe6,340.42700000000025,0.5774058577405857,0.165,raw_pEC50_SE,MW ≥215 Da,3107
nesso_c6206e6838ab54c12210,355.42199999999997,0.577727711618925,0.165,raw_pEC50_SE,MW ≥215 Da,3107
nesso_0191f538cb5d18dcbc93,323.318,0.5780495654972643,0.166,raw_pEC50_SE,MW ≥215 Da,3107
nesso_047d96a04678588b2540,303.34000000000003,0.5783714193756034,0.166,raw_pEC50_SE,MW ≥215 Da,3107
nesso_239ae47ff1b389b5e602,283.335,0.5786932732539427,0.166,raw_pEC50_SE,MW ≥215 Da,3107
nesso_2ada23ef21370fbee1df,335.407,0.579015127132282,0.166,raw_pEC50_SE,MW ≥215 Da,3107
nesso_39b9ab0313771fbdca1d,258.36899999999997,0.5793369810106211,0.166,raw_pEC50_SE,MW ≥215 Da,3107
nesso_3d9e610155c0d9a4b7a5,398.5070000000001,0.5796588348889604,0.166,raw_pEC50_SE,MW ≥215 Da,3107
nesso_90dfd3a40e27fe75d425,413.49300000000017,0.5799806887672997,0.166,raw_pEC50_SE,MW ≥215 Da,3107
nesso_96c6c0094026bba54092,384.44800000000015,0.5803025426456389,0.166,raw_pEC50_SE,MW ≥215 Da,3107
nesso_9d78dc459cea569ef5da,342.374,0.5806243965239781,0.166,raw_pEC50_SE,MW ≥215 Da,3107
nesso_d2884de65ece05faf896,288.336,0.5809462504023174,0.166,raw_pEC50_SE,MW ≥215 Da,3107
nesso_d2e478a41306b8180a69,275.356,0.5812681042806566,0.166,raw_pEC50_SE,MW ≥215 Da,3107
nesso_d51a6283067c76bd60fb,343.4930000000001,0.5815899581589958,0.166,raw_pEC50_SE,MW ≥215 Da,3107
nesso_d889cfbf524804ded3a2,379.25800000000004,0.581911812037335,0.166,raw_pEC50_SE,MW ≥215 Da,3107
nesso_e0f547acbf1e0b27ec8b,336.395,0.5822336659156743,0.166,raw_pEC50_SE,MW ≥215 Da,3107
nesso_e2da56bafa3dcdc39501,495.7450000000004,0.5825555197940135,0.166,raw_pEC50_SE,MW ≥215 Da,3107
nesso_ed3e88df86882da7698b,238.334,0.5828773736723527,0.166,raw_pEC50_SE,MW ≥215 Da,3107
nesso_f29a0f714dc0c338da99,363.41700000000003,0.583199227550692,0.166,raw_pEC50_SE,MW ≥215 Da,3107
nesso_10b8d6f7e6a8debd65fc,472.5010000000003,0.5835210814290313,0.167,raw_pEC50_SE,MW ≥215 Da,3107
nesso_37cca67c2972da91c61c,357.374,0.5838429353073704,0.167,raw_pEC50_SE,MW ≥215 Da,3107
nesso_3c183fcf5c6c40856433,329.40000000000015,0.5841647891857097,0.167,raw_pEC50_SE,MW ≥215 Da,3107
nesso_4d892204f031681c711b,305.309,0.584486643064049,0.167,raw_pEC50_SE,MW ≥215 Da,3107
nesso_525997201f7b0dddde28,355.41000000000014,0.5848084969423881,0.167,raw_pEC50_SE,MW ≥215 Da,3107
nesso_6864a1f37539a9ea29c3,401.41800000000006,0.5851303508207274,0.167,raw_pEC50_SE,MW ≥215 Da,3107
nesso_952b63e3fe2796d926f4,472.9320000000001,0.5854522046990667,0.167,raw_pEC50_SE,MW ≥215 Da,3107
nesso_a8a6a169b3b40356bc86,339.4390000000001,0.5857740585774058,0.167,raw_pEC50_SE,MW ≥215 Da,3107
nesso_b25f888625b94eeb16e0,338.83900000000017,0.5860959124557451,0.167,raw_pEC50_SE,MW ≥215 Da,3107
nesso_b8207fc0f52c4f7142cc,348.35000000000014,0.5864177663340844,0.167,raw_pEC50_SE,MW ≥215 Da,3107
nesso_d3c448ca7edaa0ce3cf0,388.42400000000026,0.5867396202124235,0.167,raw_pEC50_SE,MW ≥215 Da,3107
nesso_0743d67b5413d9534559,319.386,0.5870614740907628,0.168,raw_pEC50_SE,MW ≥215 Da,3107
nesso_17845cc5730252940768,350.20900000000006,0.587383327969102,0.168,raw_pEC50_SE,MW ≥215 Da,3107
nesso_2bd2838aef6dd5b5dbe0,313.405,0.5877051818474412,0.168,raw_pEC50_SE,MW ≥215 Da,3107
nesso_2ea2c1d18be856f7cf7e,341.43300000000005,0.5880270357257805,0.168,raw_pEC50_SE,MW ≥215 Da,3107
nesso_48a07f811af2dec6f566,330.4530000000001,0.5883488896041197,0.168,raw_pEC50_SE,MW ≥215 Da,3107
nesso_880151ab6cd2c4485356,437.9270000000002,0.588670743482459,0.168,raw_pEC50_SE,MW ≥215 Da,3107
nesso_89fb8fd3c279a1d64bc5,362.43300000000005,0.5889925973607982,0.168,raw_pEC50_SE,MW ≥215 Da,3107
nesso_959f181e46ebb68a42e8,372.32400000000007,0.5893144512391374,0.168,raw_pEC50_SE,MW ≥215 Da,3107
nesso_9d71ebf20ba255fbfb63,318.37700000000007,0.5896363051174767,0.168,raw_pEC50_SE,MW ≥215 Da,3107
nesso_b40c2dcb3e4d8b4ad2df,379.44500000000005,0.5899581589958159,0.168,raw_pEC50_SE,MW ≥215 Da,3107
nesso_ee746642cec30b553400,317.4140000000001,0.5902800128741551,0.168,raw_pEC50_SE,MW ≥215 Da,3107
nesso_f63e3a1cb3aead786d4a,349.41900000000004,0.5906018667524944,0.168,raw_pEC50_SE,MW ≥215 Da,3107
nesso_2a56a92cc7ff47be46f4,365.2710000000001,0.5909237206308336,0.169,raw_pEC50_SE,MW ≥215 Da,3107
nesso_ac2c1f3c6da6f9335729,338.45900000000006,0.5912455745091728,0.169,raw_pEC50_SE,MW ≥215 Da,3107
nesso_bc411f4381e951a894ff,321.80800000000005,0.5915674283875121,0.169,raw_pEC50_SE,MW ≥215 Da,3107
nesso_c4833c0294a516aac42b,449.69200000000006,0.5918892822658514,0.169,raw_pEC50_SE,MW ≥215 Da,3107
nesso_daa8c4ba1191195283f2,378.4310000000001,0.5922111361441905,0.169,raw_pEC50_SE,MW ≥215 Da,3107
nesso_350bc4899aef08083d40,325.32800000000003,0.5925329900225298,0.17,raw_pEC50_SE,MW ≥215 Da,3107
nesso_546638fd898eb188f44a,346.456,0.592854843900869,0.17,raw_pEC50_SE,MW ≥215 Da,3107
nesso_6361e8e7a85330374f3e,326.4680000000001,0.5931766977792082,0.17,raw_pEC50_SE,MW ≥215 Da,3107
nesso_b4fdc198a07f65d3263d,400.42500000000007,0.5934985516575475,0.17,raw_pEC50_SE,MW ≥215 Da,3107
nesso_b808525c2b5545cfa793,344.4950000000001,0.5938204055358867,0.17,raw_pEC50_SE,MW ≥215 Da,3107
nesso_d2482525c8014b9af562,376.84300000000013,0.5941422594142259,0.17,raw_pEC50_SE,MW ≥215 Da,3107
nesso_d8ebed8a9499e34c7168,440.54600000000005,0.5944641132925652,0.17,raw_pEC50_SE,MW ≥215 Da,3107
nesso_f3ec02445d4c8476c44f,320.343,0.5947859671709044,0.17,raw_pEC50_SE,MW ≥215 Da,3107
nesso_fd0f6737a32276e9d172,387.386,0.5951078210492436,0.17,raw_pEC50_SE,MW ≥215 Da,3107
nesso_19ed99e13c2c21623ae2,376.4240000000001,0.5954296749275829,0.171,raw_pEC50_SE,MW ≥215 Da,3107
nesso_739e47fdc525a3d879e7,365.43700000000024,0.5957515288059221,0.171,raw_pEC50_SE,MW ≥215 Da,3107
nesso_8538888812bcd82b797e,383.4270000000001,0.5960733826842614,0.171,raw_pEC50_SE,MW ≥215 Da,3107
nesso_ada5640494e34d55b626,321.49000000000007,0.5963952365626006,0.171,raw_pEC50_SE,MW ≥215 Da,3107
nesso_d66e377947e8a07d0f44,314.282,0.5967170904409398,0.171,raw_pEC50_SE,MW ≥215 Da,3107
nesso_d7de016363424bb8ceed,409.4320000000001,0.5970389443192791,0.171,raw_pEC50_SE,MW ≥215 Da,3107
nesso_db7a027406f1bd35173e,388.64900000000006,0.5973607981976183,0.171,raw_pEC50_SE,MW ≥215 Da,3107
nesso_dd08f740d597ea355d96,470.6130000000003,0.5976826520759575,0.171,raw_pEC50_SE,MW ≥215 Da,3107
nesso_de2c63cdcd9e859e036c,317.4330000000001,0.5980045059542968,0.171,raw_pEC50_SE,MW ≥215 Da,3107
nesso_ef53972da0229a7aa84f,309.37300000000005,0.5983263598326359,0.171,raw_pEC50_SE,MW ≥215 Da,3107
nesso_3287c2f3cb470949b1d3,402.5420000000002,0.5986482137109752,0.172,raw_pEC50_SE,MW ≥215 Da,3107
nesso_4f39e716df29d1ae92ba,417.4360000000002,0.5989700675893145,0.172,raw_pEC50_SE,MW ≥215 Da,3107
nesso_56baad3f61e86b2b5958,362.37600000000003,0.5992919214676536,0.172,raw_pEC50_SE,MW ≥215 Da,3107
nesso_5a2d54421d7caa320efe,316.3860000000001,0.5996137753459929,0.172,raw_pEC50_SE,MW ≥215 Da,3107
nesso_6c2332b47cc902cdf2c8,319.3640000000001,0.5999356292243322,0.172,raw_pEC50_SE,MW ≥215 Da,3107
nesso_6da8da4a2fa9490c58b0,367.409,0.6002574831026714,0.172,raw_pEC50_SE,MW ≥215 Da,3107
nesso_a3730b18ff04c816da9e,346.4340000000002,0.6005793369810106,0.172,raw_pEC50_SE,MW ≥215 Da,3107
nesso_b76c3512a009391f1a12,411.5270000000002,0.6009011908593499,0.172,raw_pEC50_SE,MW ≥215 Da,3107
nesso_dc519957ad7f34504f4b,349.43100000000015,0.6012230447376891,0.172,raw_pEC50_SE,MW ≥215 Da,3107
nesso_df2d93196a09e7582b80,442.52300000000014,0.6015448986160283,0.172,raw_pEC50_SE,MW ≥215 Da,3107
nesso_13c90a29d0fa1ab86e83,354.4750000000001,0.6018667524943676,0.173,raw_pEC50_SE,MW ≥215 Da,3107
nesso_265993ce877728124bd3,292.40400000000005,0.6021886063727068,0.173,raw_pEC50_SE,MW ≥215 Da,3107
nesso_2d112aaa97f01154a494,331.44100000000014,0.602510460251046,0.173,raw_pEC50_SE,MW ≥215 Da,3107
nesso_43f98b3c022efddb86f6,309.163,0.6028323141293852,0.173,raw_pEC50_SE,MW ≥215 Da,3107
nesso_4a3fc4cde285256c1f28,263.33699999999993,0.6031541680077245,0.173,raw_pEC50_SE,MW ≥215 Da,3107
nesso_4ad50fae05f7d2fcb77d,337.231,0.6034760218860638,0.173,raw_pEC50_SE,MW ≥215 Da,3107
nesso_6d3f21ad69ba1d667e27,282.093,0.6037978757644029,0.173,raw_pEC50_SE,MW ≥215 Da,3107
nesso_88b825ef9a9b96d03ca7,370.3560000000001,0.6041197296427422,0.173,raw_pEC50_SE,MW ≥215 Da,3107
nesso_9283709df0e1fc704ae2,321.42400000000004,0.6044415835210815,0.173,raw_pEC50_SE,MW ≥215 Da,3107
nesso_937fb9c0d6a3a58f102a,264.32899999999995,0.6047634373994206,0.173,raw_pEC50_SE,MW ≥215 Da,3107
nesso_9a334a9ec7eff068c54f,346.408,0.6050852912777599,0.173,raw_pEC50_SE,MW ≥215 Da,3107
nesso_a9105cb39438983f89f2,290.4070000000001,0.6054071451560992,0.173,raw_pEC50_SE,MW ≥215 Da,3107
nesso_e7ee504c60ad7b23675a,266.345,0.6057289990344383,0.173,raw_pEC50_SE,MW ≥215 Da,3107
nesso_2499ec5c6cbad1400058,377.24200000000013,0.6060508529127776,0.174,raw_pEC50_SE,MW ≥215 Da,3107
nesso_29bed0423515f4f1c22f,352.39400000000006,0.6063727067911169,0.174,raw_pEC50_SE,MW ≥215 Da,3107
nesso_2f765c330521684589cc,365.84200000000004,0.606694560669456,0.174,raw_pEC50_SE,MW ≥215 Da,3107
nesso_489a9805e538da000e7c,319.3860000000001,0.6070164145477953,0.174,raw_pEC50_SE,MW ≥215 Da,3107
nesso_6c03b7ae342a7518d01d,358.87300000000005,0.6073382684261346,0.174,raw_pEC50_SE,MW ≥215 Da,3107
nesso_80509e5315410908711b,348.366,0.6076601223044737,0.174,raw_pEC50_SE,MW ≥215 Da,3107
nesso_ce2590cc8d256557ca98,284.359,0.607981976182813,0.174,raw_pEC50_SE,MW ≥215 Da,3107
nesso_dd06ac992f3a30272ea9,310.33500000000004,0.6083038300611522,0.174,raw_pEC50_SE,MW ≥215 Da,3107
nesso_244b7043086f28df8005,341.33300000000014,0.6086256839394915,0.175,raw_pEC50_SE,MW ≥215 Da,3107
nesso_c89cd93ed5734d3fafd5,348.4100000000002,0.6089475378178307,0.175,raw_pEC50_SE,MW ≥215 Da,3107
nesso_d83c57520260eff61aa6,398.53200000000004,0.6092693916961699,0.175,raw_pEC50_SE,MW ≥215 Da,3107
nesso_da1ae6bada6baf410b2f,358.42700000000013,0.6095912455745092,0.175,raw_pEC50_SE,MW ≥215 Da,3107
nesso_eb12bb4c9dbb6e085ef5,381.4070000000001,0.6099130994528484,0.175,raw_pEC50_SE,MW ≥215 Da,3107
nesso_0196d9d3e6d1cac52135,383.92000000000013,0.6102349533311876,0.176,raw_pEC50_SE,MW ≥215 Da,3107
nesso_314c7392355c721cde26,346.359,0.6105568072095269,0.176,raw_pEC50_SE,MW ≥215 Da,3107
nesso_3419a563b357f3a632fd,397.8800000000001,0.6108786610878661,0.176,raw_pEC50_SE,MW ≥215 Da,3107
nesso_921f877560389db5ab54,300.3620000000001,0.6112005149662053,0.176,raw_pEC50_SE,MW ≥215 Da,3107
nesso_9d6764ae493d182f6258,330.3910000000001,0.6115223688445446,0.176,raw_pEC50_SE,MW ≥215 Da,3107
nesso_a469254a315913ee2e0b,344.273,0.6118442227228839,0.176,raw_pEC50_SE,MW ≥215 Da,3107
nesso_cf68f33e793e2a9035c7,271.316,0.612166076601223,0.176,raw_pEC50_SE,MW ≥215 Da,3107
nesso_e131c73d0a09b4b03d81,341.38300000000004,0.6124879304795623,0.176,raw_pEC50_SE,MW ≥215 Da,3107
nesso_07a3317833824b275aef,346.37700000000007,0.6128097843579016,0.177,raw_pEC50_SE,MW ≥215 Da,3107
nesso_34a924c7ae4b7e470aae,323.41800000000006,0.6131316382362407,0.177,raw_pEC50_SE,MW ≥215 Da,3107
nesso_3d72198b914d6091d36b,276.34000000000003,0.61345349211458,0.177,raw_pEC50_SE,MW ≥215 Da,3107
nesso_5a8d8b3291f7e2cc3ca8,306.369,0.6137753459929192,0.177,raw_pEC50_SE,MW ≥215 Da,3107
nesso_5a9768f07ed196d1cf64,324.4030000000001,0.6140971998712584,0.177,raw_pEC50_SE,MW ≥215 Da,3107
nesso_5adfe035ea6094c6b08e,359.665,0.6144190537495977,0.177,raw_pEC50_SE,MW ≥215 Da,3107
nesso_78d351693f8a1b53a3e0,343.40200000000004,0.6147409076279369,0.177,raw_pEC50_SE,MW ≥215 Da,3107
nesso_afc9407c5f3564d8d409,322.36800000000005,0.6150627615062761,0.177,raw_pEC50_SE,MW ≥215 Da,3107
nesso_d60156586eedafea244e,301.29800000000006,0.6153846153846154,0.177,raw_pEC50_SE,MW ≥215 Da,3107
nesso_158e5a0de5d9be83a18c,318.8080000000001,0.6157064692629546,0.178,raw_pEC50_SE,MW ≥215 Da,3107
nesso_1e1739af15561fe95de5,313.792,0.6160283231412939,0.178,raw_pEC50_SE,MW ≥215 Da,3107
nesso_3267a950179628e4d144,348.204,0.6163501770196331,0.178,raw_pEC50_SE,MW ≥215 Da,3107
nesso_376c5a97c1f2aaaed00a,298.43399999999997,0.6166720308979723,0.178,raw_pEC50_SE,MW ≥215 Da,3107
nesso_587f8bbda06f675f8a31,328.434,0.6169938847763116,0.178,raw_pEC50_SE,MW ≥215 Da,3107
nesso_77949d1b77b06a81e65a,374.35700000000014,0.6173157386546508,0.178,raw_pEC50_SE,MW ≥215 Da,3107
nesso_a01e18ca1b9f77a8b2fa,382.48600000000005,0.61763759253299,0.178,raw_pEC50_SE,MW ≥215 Da,3107
nesso_afa7a48fbe0490bce24a,349.8620000000001,0.6179594464113293,0.178,raw_pEC50_SE,MW ≥215 Da,3107
nesso_b5f73970a1fef7be6de8,314.432,0.6182813002896685,0.178,raw_pEC50_SE,MW ≥215 Da,3107
nesso_bb893f6bfc13592667f6,366.4170000000001,0.6186031541680077,0.178,raw_pEC50_SE,MW ≥215 Da,3107
nesso_dfdf448668bca371f1d5,347.82000000000016,0.618925008046347,0.178,raw_pEC50_SE,MW ≥215 Da,3107
nesso_e0918634a838f118dee3,343.333,0.6192468619246861,0.178,raw_pEC50_SE,MW ≥215 Da,3107
nesso_03826ea12b9402384789,428.51400000000024,0.6195687158030254,0.179,raw_pEC50_SE,MW ≥215 Da,3107
nesso_14c6583519af1beda428,333.86300000000006,0.6198905696813647,0.179,raw_pEC50_SE,MW ≥215 Da,3107
nesso_5ed46f4ba17e1ef7298b,398.5000000000001,0.6202124235597039,0.179,raw_pEC50_SE,MW ≥215 Da,3107
nesso_617e6c0a484338d5692d,362.86100000000016,0.6205342774380431,0.179,raw_pEC50_SE,MW ≥215 Da,3107
nesso_61be6fadc83944f04580,608.6880000000004,0.6208561313163824,0.179,raw_pEC50_SE,MW ≥215 Da,3107
nesso_e61c28b1f517f11b48e2,345.34900000000005,0.6211779851947216,0.179,raw_pEC50_SE,MW ≥215 Da,3107
nesso_edc2ee1de04d6cd54f91,327.4280000000001,0.6214998390730608,0.179,raw_pEC50_SE,MW ≥215 Da,3107
nesso_05fceab83e809c6494e4,274.368,0.6218216929514001,0.18,raw_pEC50_SE,MW ≥215 Da,3107
nesso_14fff6fc2f0193b61393,352.4380000000002,0.6221435468297393,0.18,raw_pEC50_SE,MW ≥215 Da,3107
nesso_6acefeb9b376ab61f452,231.086,0.6224654007080785,0.18,raw_pEC50_SE,MW ≥215 Da,3107
nesso_6b3767f6052c62f36ed2,304.34600000000006,0.6227872545864178,0.18,raw_pEC50_SE,MW ≥215 Da,3107
nesso_76e11ee0b6369c7ae648,305.38100000000003,0.623109108464757,0.18,raw_pEC50_SE,MW ≥215 Da,3107
nesso_7c3cbac3d27ca202b847,332.4000000000001,0.6234309623430963,0.18,raw_pEC50_SE,MW ≥215 Da,3107
nesso_8f234f59e2dbc8d3f888,363.4580000000002,0.6237528162214354,0.18,raw_pEC50_SE,MW ≥215 Da,3107
nesso_ab5a49c1a315e171c6c8,295.38300000000004,0.6240746700997747,0.18,raw_pEC50_SE,MW ≥215 Da,3107
nesso_bee92b47a67419ae9905,335.87900000000013,0.624396523978114,0.18,raw_pEC50_SE,MW ≥215 Da,3107
nesso_da15df42efb9f1bae8a7,447.44700000000023,0.6247183778564531,0.18,raw_pEC50_SE,MW ≥215 Da,3107
nesso_1cdfee7bc963353b4659,365.3930000000001,0.6250402317347924,0.181,raw_pEC50_SE,MW ≥215 Da,3107
nesso_2772eb1ccd1ba375da55,355.45900000000006,0.6253620856131317,0.181,raw_pEC50_SE,MW ≥215 Da,3107
nesso_292011bedd66e920112c,343.47300000000007,0.6256839394914708,0.181,raw_pEC50_SE,MW ≥215 Da,3107
nesso_2fd99b7e6c68857206d2,234.343,0.6260057933698101,0.181,raw_pEC50_SE,MW ≥215 Da,3107
nesso_3ddaec1866568d5780ff,371.86800000000005,0.6263276472481494,0.181,raw_pEC50_SE,MW ≥215 Da,3107
nesso_44fd02993d79d4977d3c,377.4880000000002,0.6266495011264885,0.181,raw_pEC50_SE,MW ≥215 Da,3107
nesso_637217fae418ddbe7e4e,265.36,0.6269713550048278,0.181,raw_pEC50_SE,MW ≥215 Da,3107
nesso_7ca9d180784cba8ffa11,354.40600000000006,0.6272932088831671,0.181,raw_pEC50_SE,MW ≥215 Da,3107
nesso_831a02b953fb78e1a7f5,478.55200000000025,0.6276150627615062,0.181,raw_pEC50_SE,MW ≥215 Da,3107
nesso_847f7db351b562432195,352.3690000000001,0.6279369166398455,0.181,raw_pEC50_SE,MW ≥215 Da,3107
nesso_8d201e41f0197574ace5,387.383,0.6282587705181848,0.181,raw_pEC50_SE,MW ≥215 Da,3107
nesso_bd05a3253fb00f286cb0,288.307,0.628580624396524,0.181,raw_pEC50_SE,MW ≥215 Da,3107
nesso_e8bd6fcabaf73fba5930,532.5700000000002,0.6289024782748632,0.1817369596422257,raw_pEC50_SE,MW ≥215 Da,3107
nesso_020daf20250e1ed79249,399.36900000000014,0.6292243321532024,0.182,raw_pEC50_SE,MW ≥215 Da,3107
nesso_29f040de39dbc12fa760,356.762,0.6295461860315417,0.182,raw_pEC50_SE,MW ≥215 Da,3107
nesso_501290520d85eb37b055,332.816,0.6298680399098809,0.182,raw_pEC50_SE,MW ≥215 Da,3107
nesso_7be93cd70115a6bb0725,337.3790000000001,0.6301898937882201,0.182,raw_pEC50_SE,MW ≥215 Da,3107
nesso_7e0d5c23c39ccae68a91,365.45800000000014,0.6305117476665594,0.182,raw_pEC50_SE,MW ≥215 Da,3107
nesso_7f9f96c7fefb3f1a6132,231.20699999999997,0.6308336015448986,0.182,raw_pEC50_SE,MW ≥215 Da,3107
nesso_a25948c28b25be92c394,301.39,0.6311554554232378,0.182,raw_pEC50_SE,MW ≥215 Da,3107
nesso_a67e5b4e641a4ef3d231,345.4030000000002,0.6314773093015771,0.182,raw_pEC50_SE,MW ≥215 Da,3107
nesso_e889c68b466001ad8a65,336.8630000000001,0.6317991631799164,0.182,raw_pEC50_SE,MW ≥215 Da,3107
nesso_f330c2d56b876b0310dc,402.48500000000024,0.6321210170582555,0.182,raw_pEC50_SE,MW ≥215 Da,3107
nesso_893fb2efa16faaed02f5,333.413,0.6324428709365948,0.182713573661072,raw_pEC50_SE,MW ≥215 Da,3107
nesso_127af5d05276aebc55c7,353.44700000000006,0.6327647248149341,0.183,raw_pEC50_SE,MW ≥215 Da,3107
nesso_4143255703bdf8d190b8,361.40500000000003,0.6330865786932732,0.183,raw_pEC50_SE,MW ≥215 Da,3107
nesso_55c4c16d44bbe3fa202c,385.46700000000016,0.6334084325716125,0.183,raw_pEC50_SE,MW ≥215 Da,3107
nesso_597ad8cbde4924503e8b,401.85000000000014,0.6337302864499518,0.183,raw_pEC50_SE,MW ≥215 Da,3107
nesso_6c1ed49a07d878a5b6ca,377.4700000000002,0.6340521403282909,0.183,raw_pEC50_SE,MW ≥215 Da,3107
nesso_74827ecb50e0da977f69,442.54100000000034,0.6343739942066302,0.183,raw_pEC50_SE,MW ≥215 Da,3107
nesso_a81b9553a10093dfb060,382.782,0.6346958480849694,0.183,raw_pEC50_SE,MW ≥215 Da,3107
nesso_bafb63ba19cc778f924e,316.3230000000001,0.6350177019633086,0.183,raw_pEC50_SE,MW ≥215 Da,3107
nesso_c344af53dd2687af083f,322.47400000000016,0.6353395558416479,0.183,raw_pEC50_SE,MW ≥215 Da,3107
nesso_fa96ea430eb1e697b18c,339.39900000000006,0.6356614097199871,0.183,raw_pEC50_SE,MW ≥215 Da,3107
nesso_64709d04e8af7f71b8e1,359.5140000000002,0.6359832635983264,0.184,raw_pEC50_SE,MW ≥215 Da,3107
nesso_b7c6020e5885e4ed29d7,314.36600000000004,0.6363051174766656,0.184,raw_pEC50_SE,MW ≥215 Da,3107
nesso_c9943dce71b648bb6111,389.41800000000006,0.6366269713550048,0.184,raw_pEC50_SE,MW ≥215 Da,3107
nesso_f6d86afe9058d51b582e,393.4910000000002,0.6369488252333441,0.184,raw_pEC50_SE,MW ≥215 Da,3107
nesso_06e06f0c876aaf93fb51,378.43600000000026,0.6372706791116833,0.185,raw_pEC50_SE,MW ≥215 Da,3107
nesso_11d6c509e3e554432046,338.357,0.6375925329900225,0.185,raw_pEC50_SE,MW ≥215 Da,3107
nesso_36eaba50c23eb13e95cd,418.5630000000003,0.6379143868683618,0.185,raw_pEC50_SE,MW ≥215 Da,3107
nesso_40a37010e2dbd1e7420f,402.41599999999994,0.638236240746701,0.185,raw_pEC50_SE,MW ≥215 Da,3107
nesso_5ea380c726059b20aeb8,346.3080000000001,0.6385580946250402,0.185,raw_pEC50_SE,MW ≥215 Da,3107
nesso_9d37544634596b8d843d,345.76500000000004,0.6388799485033795,0.185,raw_pEC50_SE,MW ≥215 Da,3107
nesso_c68798c3d0e39a85c5d1,375.35400000000004,0.6392018023817188,0.185,raw_pEC50_SE,MW ≥215 Da,3107
nesso_cd52eece01e350c2ef33,369.8520000000001,0.6395236562600579,0.185,raw_pEC50_SE,MW ≥215 Da,3107
nesso_03715a91a15cbf3645cd,391.53700000000015,0.6398455101383972,0.186,raw_pEC50_SE,MW ≥215 Da,3107
nesso_2f237bbdb93ca4b7f903,339.4030000000001,0.6401673640167364,0.186,raw_pEC50_SE,MW ≥215 Da,3107
nesso_3172868ddba7280945a1,376.35900000000004,0.6404892178950756,0.186,raw_pEC50_SE,MW ≥215 Da,3107
nesso_486960d64bc1ac0251c3,310.39700000000005,0.6408110717734149,0.186,raw_pEC50_SE,MW ≥215 Da,3107
nesso_5f4ac0f5523b958367b0,340.391,0.6411329256517541,0.186,raw_pEC50_SE,MW ≥215 Da,3107
nesso_c8d6f6c4757aab47992a,316.426,0.6414547795300933,0.186,raw_pEC50_SE,MW ≥215 Da,3107
nesso_1d037c5583ca2c6f23f4,372.82700000000006,0.6417766334084326,0.187,raw_pEC50_SE,MW ≥215 Da,3107
nesso_2bae5d8625e8e1c7f4da,264.39799999999997,0.6420984872867718,0.187,raw_pEC50_SE,MW ≥215 Da,3107
nesso_59e35e049f2264f1115c,335.4070000000001,0.642420341165111,0.187,raw_pEC50_SE,MW ≥215 Da,3107
nesso_6c753e8b13e1230a3df4,320.34900000000005,0.6427421950434503,0.187,raw_pEC50_SE,MW ≥215 Da,3107
nesso_7f8c2844e9b966ad4d4d,341.36700000000013,0.6430640489217895,0.187,raw_pEC50_SE,MW ≥215 Da,3107
nesso_e9c9bef7754978054cfd,335.3410000000001,0.6433859028001288,0.187,raw_pEC50_SE,MW ≥215 Da,3107
nesso_ed78718334f48a60fc80,370.35900000000004,0.643707756678468,0.187,raw_pEC50_SE,MW ≥215 Da,3107
nesso_f2a5c49b0cf6c2a1a568,328.821,0.6440296105568072,0.187,raw_pEC50_SE,MW ≥215 Da,3107
nesso_02515970249133cc7bb7,314.42900000000014,0.6443514644351465,0.188,raw_pEC50_SE,MW ≥215 Da,3107
nesso_0797e74304dbe584782d,357.793,0.6446733183134857,0.188,raw_pEC50_SE,MW ≥215 Da,3107
nesso_18b926904d63b6a37bed,363.44300000000004,0.6449951721918249,0.188,raw_pEC50_SE,MW ≥215 Da,3107
nesso_19ea1ad87d69a45c954d,356.48900000000026,0.6453170260701642,0.188,raw_pEC50_SE,MW ≥215 Da,3107
nesso_1fcc3074bf2176f4337b,383.2490000000001,0.6456388799485033,0.188,raw_pEC50_SE,MW ≥215 Da,3107
nesso_37b8fb565db2ade1239c,372.4610000000002,0.6459607338268426,0.188,raw_pEC50_SE,MW ≥215 Da,3107
nesso_3d9e62ff45f54cb65cb6,349.45500000000004,0.6462825877051819,0.188,raw_pEC50_SE,MW ≥215 Da,3107
nesso_aee153f597d2ccbf51be,249.40099999999995,0.646604441583521,0.188,raw_pEC50_SE,MW ≥215 Da,3107
nesso_b4102501320cfa22c3bc,404.51100000000025,0.6469262954618603,0.188,raw_pEC50_SE,MW ≥215 Da,3107
nesso_bc56bd394b89548b2f48,408.8850000000001,0.6472481493401996,0.188,raw_pEC50_SE,MW ≥215 Da,3107
nesso_bfb01c9359a7069d6838,369.3810000000001,0.6475700032185387,0.188,raw_pEC50_SE,MW ≥215 Da,3107
nesso_a1789593ac4d88cb52b2,294.40200000000016,0.647891857096878,0.1885344796051905,raw_pEC50_SE,MW ≥215 Da,3107
nesso_6271d1ac420a2229791e,349.4340000000001,0.6482137109752173,0.189,raw_pEC50_SE,MW ≥215 Da,3107
nesso_67ab1f00021e519e9b0f,392.4630000000001,0.6485355648535565,0.189,raw_pEC50_SE,MW ≥215 Da,3107
nesso_693036a88bd6f7727729,357.47900000000016,0.6488574187318957,0.189,raw_pEC50_SE,MW ≥215 Da,3107
nesso_6f6004e6ed8c8410bee2,333.4570000000001,0.649179272610235,0.189,raw_pEC50_SE,MW ≥215 Da,3107
nesso_8234ebe42921fdd0ecb4,352.2320000000001,0.6495011264885742,0.189,raw_pEC50_SE,MW ≥215 Da,3107
nesso_d0dac385db80f9b6a684,290.319,0.6498229803669134,0.189,raw_pEC50_SE,MW ≥215 Da,3107
nesso_ffeaa2e3100aae7cb002,329.331,0.6501448342452526,0.189,raw_pEC50_SE,MW ≥215 Da,3107
nesso_43ef1367cc2a3dd1e420,394.43900000000014,0.6504666881235919,0.1898189927272821,raw_pEC50_SE,MW ≥215 Da,3107
nesso_54cd1c02669cc70baa89,320.04600000000005,0.6507885420019311,0.19,raw_pEC50_SE,MW ≥215 Da,3107
nesso_637c28a218ae75f6be81,344.172,0.6511103958802703,0.19,raw_pEC50_SE,MW ≥215 Da,3107
nesso_7c7d477c41f74242a120,352.8620000000002,0.6514322497586096,0.19,raw_pEC50_SE,MW ≥215 Da,3107
nesso_8217ab7ce3a6fe67c24a,341.4110000000001,0.6517541036369489,0.19,raw_pEC50_SE,MW ≥215 Da,3107
nesso_952a1d36e4f23c06a6f8,303.749,0.652075957515288,0.19,raw_pEC50_SE,MW ≥215 Da,3107
nesso_a643b7d1bae4f75afd14,329.4290000000001,0.6523978113936273,0.19,raw_pEC50_SE,MW ≥215 Da,3107
nesso_b9e1c00c28b75f169a7e,319.408,0.6527196652719666,0.19,raw_pEC50_SE,MW ≥215 Da,3107
nesso_dfc8ab2b02e1fcc26f30,295.3420000000001,0.6530415191503057,0.19,raw_pEC50_SE,MW ≥215 Da,3107
nesso_e07b61eb15b8b1dd431d,273.33199999999994,0.653363373028645,0.19,raw_pEC50_SE,MW ≥215 Da,3107
nesso_13694a530ad58c3f1f01,326.396,0.6536852269069843,0.191,raw_pEC50_SE,MW ≥215 Da,3107
nesso_3a78f1d7ee351c2ac2cf,352.41600000000005,0.6540070807853234,0.191,raw_pEC50_SE,MW ≥215 Da,3107
nesso_4457446709ce72ee7560,316.4270000000001,0.6543289346636627,0.191,raw_pEC50_SE,MW ≥215 Da,3107
nesso_c6b5bac3d1eecbade2cf,350.44000000000005,0.654650788542002,0.191,raw_pEC50_SE,MW ≥215 Da,3107
nesso_d4acab468073fdac2e39,366.48300000000023,0.6549726424203411,0.191,raw_pEC50_SE,MW ≥215 Da,3107
nesso_182cd815c0299bb52149,372.85600000000017,0.6552944962986804,0.192,raw_pEC50_SE,MW ≥215 Da,3107
nesso_29b70d71ab59f8c70050,294.351,0.6556163501770196,0.192,raw_pEC50_SE,MW ≥215 Da,3107
nesso_53fc3c2fc49d1e3ce1b9,344.415,0.6559382040553589,0.192,raw_pEC50_SE,MW ≥215 Da,3107
nesso_5b1088b7aa75b031014e,374.85300000000007,0.6562600579336981,0.192,raw_pEC50_SE,MW ≥215 Da,3107
nesso_5c20c9c90b2daecefe39,372.4900000000002,0.6565819118120373,0.192,raw_pEC50_SE,MW ≥215 Da,3107
nesso_82700d129b12bef74d19,346.47500000000014,0.6569037656903766,0.192,raw_pEC50_SE,MW ≥215 Da,3107
nesso_99979f61f6497b253c1a,353.44300000000004,0.6572256195687158,0.192,raw_pEC50_SE,MW ≥215 Da,3107
nesso_af33f95564b9b6315b49,261.329,0.657547473447055,0.192,raw_pEC50_SE,MW ≥215 Da,3107
nesso_ca9cce41348c3dbd0bf2,266.36999999999995,0.6578693273253943,0.192,raw_pEC50_SE,MW ≥215 Da,3107
nesso_cc25f5a6f1064d483833,321.37999999999994,0.6581911812037335,0.192,raw_pEC50_SE,MW ≥215 Da,3107
nesso_f6f99bfbe4dacce8583a,246.29500000000002,0.6585130350820727,0.192,raw_pEC50_SE,MW ≥215 Da,3107
nesso_04d024b8ebd09e845e29,343.4710000000001,0.658834888960412,0.193,raw_pEC50_SE,MW ≥215 Da,3107
nesso_0cd4afc9b97c6d30a36a,305.338,0.6591567428387513,0.193,raw_pEC50_SE,MW ≥215 Da,3107
nesso_11fe9c5f9a04efee15c0,376.43400000000014,0.6594785967170904,0.193,raw_pEC50_SE,MW ≥215 Da,3107
nesso_1d3e5a3388de2097fa0b,377.9160000000002,0.6598004505954297,0.193,raw_pEC50_SE,MW ≥215 Da,3107
nesso_1fc239551f46d29a4378,278.28700000000003,0.660122304473769,0.193,raw_pEC50_SE,MW ≥215 Da,3107
nesso_21b95957b09721e5d672,343.42300000000006,0.6604441583521081,0.193,raw_pEC50_SE,MW ≥215 Da,3107
nesso_3fb1ed686c50a638f179,385.4670000000001,0.6607660122304474,0.193,raw_pEC50_SE,MW ≥215 Da,3107
nesso_7b51358a9b0ef9915908,348.41000000000014,0.6610878661087866,0.193,raw_pEC50_SE,MW ≥215 Da,3107
nesso_960d84b4877f627b0386,316.4050000000002,0.6614097199871258,0.193,raw_pEC50_SE,MW ≥215 Da,3107
nesso_a9faed1087064ea69b11,375.45700000000005,0.6617315738654651,0.193,raw_pEC50_SE,MW ≥215 Da,3107
nesso_b9bf80da71249be25a40,364.44900000000007,0.6620534277438043,0.193,raw_pEC50_SE,MW ≥215 Da,3107
nesso_cf583ba819a60a7d4006,274.32400000000007,0.6623752816221435,0.193,raw_pEC50_SE,MW ≥215 Da,3107
nesso_f23400002050bed264ca,293.41099999999994,0.6626971355004828,0.193,raw_pEC50_SE,MW ≥215 Da,3107
nesso_470a606991a12780a957,327.7710000000001,0.663018989378822,0.194,raw_pEC50_SE,MW ≥215 Da,3107
nesso_e10b409a5c47e9d49b61,312.337,0.6633408432571613,0.194,raw_pEC50_SE,MW ≥215 Da,3107
nesso_f00691d521b41c3cc928,320.3140000000001,0.6636626971355005,0.194,raw_pEC50_SE,MW ≥215 Da,3107
nesso_08212e95d277c7bcab8c,321.4860000000001,0.6639845510138397,0.195,raw_pEC50_SE,MW ≥215 Da,3107
nesso_29ce4eb17a5ec2c30f20,348.39900000000017,0.664306404892179,0.195,raw_pEC50_SE,MW ≥215 Da,3107
nesso_394a39554cd6873bcf22,282.303,0.6646282587705182,0.195,raw_pEC50_SE,MW ≥215 Da,3107
nesso_665a174b2e9be9633ee0,347.4400000000001,0.6649501126488574,0.195,raw_pEC50_SE,MW ≥215 Da,3107
nesso_7f6bb3156c1e18a7cb97,336.414,0.6652719665271967,0.195,raw_pEC50_SE,MW ≥215 Da,3107
nesso_82d2c67c3c05fb43f20a,281.35900000000004,0.6655938204055359,0.195,raw_pEC50_SE,MW ≥215 Da,3107
nesso_8b54257d75e37a296eeb,396.47600000000017,0.6659156742838751,0.195,raw_pEC50_SE,MW ≥215 Da,3107
nesso_bbd04e17efd35225d38e,414.2890000000001,0.6662375281622144,0.195,raw_pEC50_SE,MW ≥215 Da,3107
nesso_d9312245c1ec139a9fcf,404.4910000000001,0.6665593820405535,0.195,raw_pEC50_SE,MW ≥215 Da,3107
nesso_ecbd3f9110e2c343402a,431.54300000000023,0.6668812359188928,0.195,raw_pEC50_SE,MW ≥215 Da,3107
nesso_f012b57a1dbde3e4e57a,401.8500000000001,0.6672030897972321,0.195,raw_pEC50_SE,MW ≥215 Da,3107
nesso_3ec7c943359805841cc9,338.36300000000006,0.6675249436755712,0.196,raw_pEC50_SE,MW ≥215 Da,3107
nesso_62a8aadd2445e89def57,454.87100000000015,0.6678467975539105,0.196,raw_pEC50_SE,MW ≥215 Da,3107
nesso_7199901e85cb3609daa6,329.37500000000017,0.6681686514322498,0.196,raw_pEC50_SE,MW ≥215 Da,3107
nesso_84816135dd5a3e8a5fba,347.3900000000002,0.668490505310589,0.196,raw_pEC50_SE,MW ≥215 Da,3107
nesso_9d5535a767582f224784,317.3700000000001,0.6688123591889282,0.196,raw_pEC50_SE,MW ≥215 Da,3107
nesso_c518ddcf24fb7a0d0e05,243.31,0.6691342130672675,0.196,raw_pEC50_SE,MW ≥215 Da,3107
nesso_f1602167daef38da80a9,334.46000000000015,0.6694560669456067,0.196,raw_pEC50_SE,MW ≥215 Da,3107
nesso_f360f50d04eb79ab9965,408.21600000000007,0.6697779208239459,0.196,raw_pEC50_SE,MW ≥215 Da,3107
nesso_f9029c6fea9645011ca7,324.83299999999997,0.6700997747022852,0.196,raw_pEC50_SE,MW ≥215 Da,3107
nesso_0d7051adc6215de69ee0,402.2960000000002,0.6704216285806244,0.197,raw_pEC50_SE,MW ≥215 Da,3107
nesso_610383794efbf3ff58ef,338.4069999999999,0.6707434824589636,0.197,raw_pEC50_SE,MW ≥215 Da,3107
nesso_7b3ea14fa7150d2a6add,332.354,0.6710653363373028,0.197,raw_pEC50_SE,MW ≥215 Da,3107
nesso_8d772e62d6dc83cf1f1b,346.814,0.6713871902156421,0.197,raw_pEC50_SE,MW ≥215 Da,3107
nesso_a92aafc5ec55b76a0d9c,384.89200000000005,0.6717090440939814,0.197,raw_pEC50_SE,MW ≥215 Da,3107
nesso_c4ff55929086b4ae74cd,347.42200000000014,0.6720308979723205,0.197,raw_pEC50_SE,MW ≥215 Da,3107
nesso_f4e68ff971962342c77a,309.395,0.6723527518506598,0.197,raw_pEC50_SE,MW ≥215 Da,3107
nesso_f99cb62860a4576f9af9,393.4430000000002,0.6726746057289991,0.197,raw_pEC50_SE,MW ≥215 Da,3107
nesso_15138980233c241934f3,332.36000000000007,0.6729964596073382,0.198,raw_pEC50_SE,MW ≥215 Da,3107
nesso_193305a742ed031748fd,347.41800000000006,0.6733183134856775,0.198,raw_pEC50_SE,MW ≥215 Da,3107
nesso_25a0486c61edd1835d61,278.37100000000004,0.6736401673640168,0.198,raw_pEC50_SE,MW ≥215 Da,3107
nesso_7f863a8cc56a6afdf476,366.25900000000007,0.6739620212423559,0.198,raw_pEC50_SE,MW ≥215 Da,3107
nesso_d6e3887d5a006392da4a,274.408,0.6742838751206952,0.198,raw_pEC50_SE,MW ≥215 Da,3107
nesso_f1e271982145a228d441,379.38000000000017,0.6746057289990345,0.198,raw_pEC50_SE,MW ≥215 Da,3107
nesso_1b1b8e808e4d9dac556b,425.55400000000014,0.6749275828773736,0.199,raw_pEC50_SE,MW ≥215 Da,3107
nesso_233b34c1c9e51c518c56,370.5150000000001,0.6752494367557129,0.199,raw_pEC50_SE,MW ≥215 Da,3107
nesso_40aff9f4240f24ff226f,301.77300000000014,0.6755712906340522,0.199,raw_pEC50_SE,MW ≥215 Da,3107
nesso_536dd01ef24d9fa4d1b9,349.39000000000004,0.6758931445123914,0.199,raw_pEC50_SE,MW ≥215 Da,3107
nesso_677886513ad85b75082d,381.4510000000002,0.6762149983907306,0.199,raw_pEC50_SE,MW ≥215 Da,3107
nesso_704ec2bcbed60cf7b081,307.383,0.6765368522690698,0.199,raw_pEC50_SE,MW ≥215 Da,3107
nesso_a6e02eaf542fe829b6ba,291.43900000000014,0.6768587061474091,0.199,raw_pEC50_SE,MW ≥215 Da,3107
nesso_ad00d1a332369487c9ab,215.281,0.6771805600257483,0.199,raw_pEC50_SE,MW ≥215 Da,3107
nesso_d846c8c5c882cb071a80,382.50800000000015,0.6775024139040875,0.199,raw_pEC50_SE,MW ≥215 Da,3107
nesso_38bb2af996d438488f43,300.358,0.6778242677824268,0.2,raw_pEC50_SE,MW ≥215 Da,3107
nesso_41fc6ce236562031f8d3,352.41600000000005,0.678146121660766,0.2,raw_pEC50_SE,MW ≥215 Da,3107
nesso_896cf0d6501b86166abf,256.132,0.6784679755391052,0.2,raw_pEC50_SE,MW ≥215 Da,3107
nesso_abcc8b7db6661abea960,397.3760000000001,0.6787898294174445,0.2,raw_pEC50_SE,MW ≥215 Da,3107
nesso_dbe5ea5a33ff77d5af8b,330.41700000000003,0.6791116832957838,0.2,raw_pEC50_SE,MW ≥215 Da,3107
nesso_de8ccfc12187412c1308,293.32599999999996,0.6794335371741229,0.2,raw_pEC50_SE,MW ≥215 Da,3107
nesso_ed732c2ab972332d423e,235.29000000000002,0.6797553910524622,0.2,raw_pEC50_SE,MW ≥215 Da,3107
nesso_0173f6e9d9dff0748980,297.33299999999997,0.6800772449308015,0.201,raw_pEC50_SE,MW ≥215 Da,3107
nesso_1049ff24ecc8f1d6249b,392.4770000000001,0.6803990988091406,0.201,raw_pEC50_SE,MW ≥215 Da,3107
nesso_4b39933c8ac468f4c0d2,317.41400000000004,0.6807209526874799,0.201,raw_pEC50_SE,MW ≥215 Da,3107
nesso_576bebe4416ff590edc8,307.737,0.6810428065658192,0.201,raw_pEC50_SE,MW ≥215 Da,3107
nesso_7e0e50ff67a6b3963d14,302.37000000000006,0.6813646604441583,0.201,raw_pEC50_SE,MW ≥215 Da,3107
nesso_7e4f6e10f5b1a1e2dbc2,295.39000000000004,0.6816865143224976,0.201,raw_pEC50_SE,MW ≥215 Da,3107
nesso_8bfd40ea055befb79dfb,346.43100000000015,0.6820083682008368,0.201,raw_pEC50_SE,MW ≥215 Da,3107
nesso_a1c54ed6a55b6998ac4d,394.6490000000001,0.682330222079176,0.201,raw_pEC50_SE,MW ≥215 Da,3107
nesso_b4954ad05860f7a800a9,312.37300000000005,0.6826520759575153,0.201,raw_pEC50_SE,MW ≥215 Da,3107
nesso_0febf3dfe9c797a3dc80,287.403,0.6829739298358545,0.202,raw_pEC50_SE,MW ≥215 Da,3107
nesso_2a5abcf01006e92b6d57,309.369,0.6832957837141937,0.202,raw_pEC50_SE,MW ≥215 Da,3107
nesso_5e86e06334f92ab782c4,340.3830000000001,0.683617637592533,0.202,raw_pEC50_SE,MW ≥215 Da,3107
nesso_78f6739251ba10ef7af0,337.4230000000001,0.6839394914708722,0.202,raw_pEC50_SE,MW ≥215 Da,3107
nesso_7dd63ad5819fec8f4f78,329.36000000000007,0.6842613453492115,0.202,raw_pEC50_SE,MW ≥215 Da,3107
nesso_99fa9465a24a12f58281,329.425,0.6845831992275507,0.202,raw_pEC50_SE,MW ≥215 Da,3107
nesso_9bc8c521cb5d4fb697b8,240.694,0.6849050531058899,0.202,raw_pEC50_SE,MW ≥215 Da,3107
nesso_c2c6fc6dc2b251f40f9d,275.399,0.6852269069842292,0.202,raw_pEC50_SE,MW ≥215 Da,3107
nesso_c89937b7d9277f8d601a,364.42600000000004,0.6855487608625684,0.202,raw_pEC50_SE,MW ≥215 Da,3107
nesso_d55560b31bf2b7c0e119,272.087,0.6858706147409076,0.202,raw_pEC50_SE,MW ≥215 Da,3107
nesso_e867977bf813e18700de,329.318,0.6861924686192469,0.202,raw_pEC50_SE,MW ≥215 Da,3107
nesso_f606b1e2861bb1c50beb,331.357,0.6865143224975861,0.202,raw_pEC50_SE,MW ≥215 Da,3107
nesso_176c42b13df62e26f9bf,345.7900000000001,0.6868361763759253,0.203,raw_pEC50_SE,MW ≥215 Da,3107
nesso_242b09a658c272d2bb5f,351.8370000000001,0.6871580302542646,0.203,raw_pEC50_SE,MW ≥215 Da,3107
nesso_31eb259405380868b97d,387.4290000000001,0.6874798841326037,0.203,raw_pEC50_SE,MW ≥215 Da,3107
nesso_39785fb68b7cb0a64664,316.42600000000004,0.687801738010943,0.203,raw_pEC50_SE,MW ≥215 Da,3107
nesso_437aad3889d378c94978,338.33299999999997,0.6881235918892823,0.203,raw_pEC50_SE,MW ≥215 Da,3107
nesso_5e2b95e76840b53c28f5,397.5040000000002,0.6884454457676215,0.203,raw_pEC50_SE,MW ≥215 Da,3107
nesso_722bc217f87769b8329e,377.42500000000007,0.6887672996459607,0.203,raw_pEC50_SE,MW ≥215 Da,3107
nesso_9cd8f8d9c72c5d69cdcd,330.409,0.6890891535243,0.203,raw_pEC50_SE,MW ≥215 Da,3107
nesso_a55a4ee1d6e3fe176f45,325.41600000000005,0.6894110074026392,0.203,raw_pEC50_SE,MW ≥215 Da,3107
nesso_bf527874e0f10f245f96,270.31399999999996,0.6897328612809784,0.203,raw_pEC50_SE,MW ≥215 Da,3107
nesso_dfd442ec23d82cb81951,301.3499999999999,0.6900547151593177,0.203,raw_pEC50_SE,MW ≥215 Da,3107
nesso_1a280836f7c34987389c,324.355,0.6903765690376569,0.204,raw_pEC50_SE,MW ≥215 Da,3107
nesso_7ea80ce655fe4a7a148c,334.44500000000016,0.6906984229159961,0.204,raw_pEC50_SE,MW ≥215 Da,3107
nesso_89dc4ffa52132dd68210,310.265,0.6910202767943354,0.204,raw_pEC50_SE,MW ≥215 Da,3107
nesso_8b97f767c33814488ba9,359.8130000000001,0.6913421306726746,0.204,raw_pEC50_SE,MW ≥215 Da,3107
nesso_9d00c8ba8416ac15631b,398.482,0.6916639845510139,0.204,raw_pEC50_SE,MW ≥215 Da,3107
nesso_a4bae236e166bea71683,296.32300000000004,0.6919858384293531,0.204,raw_pEC50_SE,MW ≥215 Da,3107
nesso_befcccc474f4a7d373fe,342.43899999999996,0.6923076923076923,0.204,raw_pEC50_SE,MW ≥215 Da,3107
nesso_c4e7e01c091bbfd21cf7,382.48900000000026,0.6926295461860316,0.204,raw_pEC50_SE,MW ≥215 Da,3107
nesso_f9bb53a749c3da13314e,436.4800000000002,0.6929514000643707,0.204,raw_pEC50_SE,MW ≥215 Da,3107
nesso_fee8be220c0bb5308413,315.37300000000005,0.69327325394271,0.204,raw_pEC50_SE,MW ≥215 Da,3107
nesso_1847f9c29b81ef79216f,299.418,0.6935951078210493,0.205,raw_pEC50_SE,MW ≥215 Da,3107
nesso_af65f7995a039778a78d,411.52400000000034,0.6939169616993884,0.205,raw_pEC50_SE,MW ≥215 Da,3107
nesso_0ba186780a708113bfa6,382.41100000000006,0.6942388155777277,0.206,raw_pEC50_SE,MW ≥215 Da,3107
nesso_0f38bef45ff640b678ea,368.4810000000002,0.694560669456067,0.206,raw_pEC50_SE,MW ≥215 Da,3107
nesso_3d8170d8f853a86e8df7,391.4560000000001,0.6948825233344061,0.206,raw_pEC50_SE,MW ≥215 Da,3107
nesso_8cbcb186e038a5a07965,551.6250000000002,0.6952043772127454,0.206,raw_pEC50_SE,MW ≥215 Da,3107
nesso_9fb40674703e4f2be78f,375.8340000000002,0.6955262310910847,0.206,raw_pEC50_SE,MW ≥215 Da,3107
nesso_ab7657afbf71e00562fb,329.429,0.6958480849694239,0.206,raw_pEC50_SE,MW ≥215 Da,3107
nesso_1ec06e26285d51a29d0a,738.8900000000001,0.6961699388477631,0.207,raw_pEC50_SE,MW ≥215 Da,3107
nesso_1f2aa0493ad53b454cd5,328.41600000000005,0.6964917927261024,0.207,raw_pEC50_SE,MW ≥215 Da,3107
nesso_22dd8746957e802bebbb,325.456,0.6968136466044416,0.207,raw_pEC50_SE,MW ≥215 Da,3107
nesso_304cc1a9e3212038bbd9,371.8720000000001,0.6971355004827808,0.207,raw_pEC50_SE,MW ≥215 Da,3107
nesso_891328253c33c2c44db4,366.4170000000002,0.69745735436112,0.207,raw_pEC50_SE,MW ≥215 Da,3107
nesso_961d1efc07b223a1272f,315.30800000000005,0.6977792082394593,0.207,raw_pEC50_SE,MW ≥215 Da,3107
nesso_a42aef1f2dd0fd1095b9,255.22899999999998,0.6981010621177985,0.207,raw_pEC50_SE,MW ≥215 Da,3107
nesso_1d29399d9ca2089cb8c5,429.6040000000001,0.6984229159961377,0.208,raw_pEC50_SE,MW ≥215 Da,3107
nesso_246ec1f89a06cfeced9e,379.43900000000014,0.698744769874477,0.208,raw_pEC50_SE,MW ≥215 Da,3107
nesso_3055f2b8220083e970a4,358.44600000000014,0.6990666237528163,0.208,raw_pEC50_SE,MW ≥215 Da,3107
nesso_7231903cfd23a810f39a,338.3710000000001,0.6993884776311554,0.208,raw_pEC50_SE,MW ≥215 Da,3107
nesso_c97ab89f020789643e36,342.798,0.6997103315094947,0.208,raw_pEC50_SE,MW ≥215 Da,3107
nesso_d37771a90f8bd6958208,351.385,0.700032185387834,0.208,raw_pEC50_SE,MW ≥215 Da,3107
nesso_daa04a93339bb28a2672,240.25799999999998,0.7003540392661731,0.208,raw_pEC50_SE,MW ≥215 Da,3107
nesso_eb1536d9deb7c5063e7e,416.8720000000002,0.7006758931445124,0.208,raw_pEC50_SE,MW ≥215 Da,3107
nesso_ebc050213b670af89cd6,343.3490000000001,0.7009977470228517,0.208,raw_pEC50_SE,MW ≥215 Da,3107
nesso_fc4c2ebf3e117ba0a668,268.356,0.7013196009011908,0.208,raw_pEC50_SE,MW ≥215 Da,3107
nesso_06dcc01483ef97f90ad3,401.26300000000003,0.7016414547795301,0.209,raw_pEC50_SE,MW ≥215 Da,3107
nesso_0dd9c163d17b3d23397d,318.4390000000001,0.7019633086578694,0.209,raw_pEC50_SE,MW ≥215 Da,3107
nesso_2826c3ed5cf1a2b62631,320.39200000000005,0.7022851625362085,0.209,raw_pEC50_SE,MW ≥215 Da,3107
nesso_2e2fc6f1bbd9e9a232cc,302.37399999999997,0.7026070164145478,0.209,raw_pEC50_SE,MW ≥215 Da,3107
nesso_3fd03c3094d6f22f9a9c,341.337,0.702928870292887,0.209,raw_pEC50_SE,MW ≥215 Da,3107
nesso_5e4ee81362c03d4206b3,286.30600000000004,0.7032507241712262,0.209,raw_pEC50_SE,MW ≥215 Da,3107
nesso_6cc60f25eba29db80b5f,286.35400000000004,0.7035725780495655,0.209,raw_pEC50_SE,MW ≥215 Da,3107
nesso_1391fa820bcd52e26693,404.4910000000001,0.7038944319279047,0.21,raw_pEC50_SE,MW ≥215 Da,3107
nesso_4f9f1ce4832e0bcfee08,382.4200000000001,0.704216285806244,0.21,raw_pEC50_SE,MW ≥215 Da,3107
nesso_616b75a718b9fbf475c0,341.8020000000001,0.7045381396845832,0.21,raw_pEC50_SE,MW ≥215 Da,3107
nesso_965740cd8aee83960792,322.3860000000001,0.7048599935629224,0.21,raw_pEC50_SE,MW ≥215 Da,3107
nesso_b248bba372f7a201f55c,427.34600000000023,0.7051818474412617,0.21,raw_pEC50_SE,MW ≥215 Da,3107
nesso_f447b45171df6855c782,312.32900000000006,0.7055037013196009,0.21,raw_pEC50_SE,MW ≥215 Da,3107
nesso_fece889f2c4dac065e23,348.357,0.7058255551979401,0.21,raw_pEC50_SE,MW ≥215 Da,3107
nesso_64108ac9f2b6a0a309d3,343.40200000000004,0.7061474090762794,0.211,raw_pEC50_SE,MW ≥215 Da,3107
nesso_6c514a80a8a2f3cbb3bb,216.68900000000002,0.7064692629546186,0.211,raw_pEC50_SE,MW ≥215 Da,3107
nesso_8aecc74bfafe8961a004,376.42,0.7067911168329578,0.211,raw_pEC50_SE,MW ≥215 Da,3107
nesso_93752e314e066bf848e2,373.45700000000016,0.7071129707112971,0.211,raw_pEC50_SE,MW ≥215 Da,3107
nesso_9b23e6f57c00a5dd8e25,331.31899999999996,0.7074348245896364,0.211,raw_pEC50_SE,MW ≥215 Da,3107
nesso_d2141768a0c725abca7f,323.31600000000003,0.7077566784679755,0.211,raw_pEC50_SE,MW ≥215 Da,3107
nesso_d52c38d1f2312a0f31a6,360.79700000000014,0.7080785323463148,0.211,raw_pEC50_SE,MW ≥215 Da,3107
nesso_da8c2c951469e645aae8,321.829,0.708400386224654,0.211,raw_pEC50_SE,MW ≥215 Da,3107
nesso_fee11a27dc58ea5282d3,336.31699999999995,0.7087222401029932,0.211,raw_pEC50_SE,MW ≥215 Da,3107
nesso_34e75aa07fa90234a461,299.7610000000001,0.7090440939813325,0.212,raw_pEC50_SE,MW ≥215 Da,3107
nesso_81636b3af7cea50abfd2,355.22499999999997,0.7093659478596717,0.212,raw_pEC50_SE,MW ≥215 Da,3107
nesso_9b9fbfd4e09eefd2680f,332.4070000000001,0.7096878017380109,0.212,raw_pEC50_SE,MW ≥215 Da,3107
nesso_d3d28e76fbb3cc4c03e4,306.38700000000006,0.7100096556163502,0.212,raw_pEC50_SE,MW ≥215 Da,3107
nesso_f7e18d5557cb508dfe40,366.46500000000015,0.7103315094946894,0.212,raw_pEC50_SE,MW ≥215 Da,3107
nesso_0d1f764ffd77f4433822,296.37,0.7106533633730286,0.213,raw_pEC50_SE,MW ≥215 Da,3107
nesso_25a8c93ac041c3085e9a,347.41800000000006,0.7109752172513679,0.213,raw_pEC50_SE,MW ≥215 Da,3107
nesso_95ab06fc30c6bf41e434,336.40700000000015,0.7112970711297071,0.213,raw_pEC50_SE,MW ≥215 Da,3107
nesso_d0278a3fcf9e713c8b9e,367.4310000000001,0.7116189250080464,0.213,raw_pEC50_SE,MW ≥215 Da,3107
nesso_d897b5efc42c0df738b7,368.4150000000001,0.7119407788863856,0.213,raw_pEC50_SE,MW ≥215 Da,3107
nesso_ec70171bcd5f9b55f625,369.7990000000001,0.7122626327647248,0.213,raw_pEC50_SE,MW ≥215 Da,3107
nesso_f0c2be2e2344562792ea,343.3550000000002,0.7125844866430641,0.213,raw_pEC50_SE,MW ≥215 Da,3107
nesso_fe49dfef21a212d44eec,338.33300000000025,0.7129063405214033,0.213,raw_pEC50_SE,MW ≥215 Da,3107
nesso_0c2907ae8fb2be22dddd,326.7830000000001,0.7132281943997425,0.214,raw_pEC50_SE,MW ≥215 Da,3107
nesso_0e5ccae9bfd8ad2490dd,296.32300000000004,0.7135500482780818,0.214,raw_pEC50_SE,MW ≥215 Da,3107
nesso_2734ead8f6ea9d19c12b,264.32899999999995,0.7138719021564209,0.214,raw_pEC50_SE,MW ≥215 Da,3107
nesso_4094c7d85926985b1611,327.384,0.7141937560347602,0.214,raw_pEC50_SE,MW ≥215 Da,3107
nesso_47390870551d0bf81a1a,337.379,0.7145156099130995,0.214,raw_pEC50_SE,MW ≥215 Da,3107
nesso_581e2b4c86eb3a429fcd,369.4500000000001,0.7148374637914386,0.214,raw_pEC50_SE,MW ≥215 Da,3107
nesso_58563da4cab82c6275d8,323.4620000000001,0.7151593176697779,0.214,raw_pEC50_SE,MW ≥215 Da,3107
nesso_59327610acf50c07cf1a,293.4360000000001,0.7154811715481172,0.214,raw_pEC50_SE,MW ≥215 Da,3107
nesso_7e83a120b08ec1e85e02,367.38400000000007,0.7158030254264564,0.214,raw_pEC50_SE,MW ≥215 Da,3107
nesso_8d6adb3bf1a849a21b35,363.4210000000001,0.7161248793047956,0.214,raw_pEC50_SE,MW ≥215 Da,3107
nesso_922c997e3623237d6793,430.5930000000003,0.7164467331831349,0.214,raw_pEC50_SE,MW ≥215 Da,3107
nesso_c5297c0b14cb9692ccd3,354.859,0.7167685870614741,0.214,raw_pEC50_SE,MW ≥215 Da,3107
nesso_ce85ae05bb40de66c78c,339.4240000000001,0.7170904409398133,0.214,raw_pEC50_SE,MW ≥215 Da,3107
nesso_d6f23652cbdb6909efbb,387.5050000000002,0.7174122948181526,0.214,raw_pEC50_SE,MW ≥215 Da,3107
nesso_e9c98e15f63e654fee85,350.82700000000006,0.7177341486964918,0.214,raw_pEC50_SE,MW ≥215 Da,3107
nesso_fd74b06269024df8558b,277.39300000000003,0.718056002574831,0.214,raw_pEC50_SE,MW ≥215 Da,3107
nesso_4a40383c56d45b06f102,282.333,0.7183778564531703,0.215,raw_pEC50_SE,MW ≥215 Da,3107
nesso_64ed68e865a76107be99,231.207,0.7186997103315095,0.215,raw_pEC50_SE,MW ≥215 Da,3107
nesso_65dbe0b55800246ef703,314.4330000000001,0.7190215642098488,0.215,raw_pEC50_SE,MW ≥215 Da,3107
nesso_680130f53ab2ba72bd6f,356.3780000000001,0.7193434180881879,0.215,raw_pEC50_SE,MW ≥215 Da,3107
nesso_801f193ca57257a9076f,294.35100000000006,0.7196652719665272,0.215,raw_pEC50_SE,MW ≥215 Da,3107
nesso_8411ae9fa44aa501bf9c,318.3770000000001,0.7199871258448665,0.215,raw_pEC50_SE,MW ≥215 Da,3107
nesso_983e9659bd671d4b3e08,370.4280000000001,0.7203089797232056,0.215,raw_pEC50_SE,MW ≥215 Da,3107
nesso_d173e6bf1d50dd1423c5,334.36100000000005,0.7206308336015449,0.215,raw_pEC50_SE,MW ≥215 Da,3107
nesso_f8371c3203648e4ebd4b,314.3130000000001,0.7209526874798842,0.215,raw_pEC50_SE,MW ≥215 Da,3107
nesso_23187461f38fb0b4c255,302.4000000000001,0.7212745413582233,0.216,raw_pEC50_SE,MW ≥215 Da,3107
nesso_2c569330d0f1dc1c2eba,399.9000000000001,0.7215963952365626,0.216,raw_pEC50_SE,MW ≥215 Da,3107
nesso_2dbb440b446a275950f7,321.42100000000005,0.7219182491149019,0.216,raw_pEC50_SE,MW ≥215 Da,3107
nesso_4719092c4ca3fe294379,372.8520000000001,0.722240102993241,0.216,raw_pEC50_SE,MW ≥215 Da,3107
nesso_6a8c908032a784cf54f5,350.3650000000001,0.7225619568715803,0.216,raw_pEC50_SE,MW ≥215 Da,3107
nesso_6affe2581ccfc06ef475,306.369,0.7228838107499196,0.216,raw_pEC50_SE,MW ≥215 Da,3107
nesso_6ee786f88012b72464c2,238.71799999999996,0.7232056646282587,0.216,raw_pEC50_SE,MW ≥215 Da,3107
nesso_8aab759c4cee1b5cd8b7,352.4630000000001,0.723527518506598,0.216,raw_pEC50_SE,MW ≥215 Da,3107
nesso_8c11a7f5a653b227d6f6,331.80300000000005,0.7238493723849372,0.216,raw_pEC50_SE,MW ≥215 Da,3107
nesso_ca992ffd24276c02c65d,368.437,0.7241712262632765,0.216,raw_pEC50_SE,MW ≥215 Da,3107
nesso_cb493cd2120dd210262c,352.7990000000001,0.7244930801416157,0.216,raw_pEC50_SE,MW ≥215 Da,3107
nesso_e2167f57ce6a991618a6,351.40200000000004,0.7248149340199549,0.216,raw_pEC50_SE,MW ≥215 Da,3107
nesso_ed55390d12ddc9734ed5,389.886,0.7251367878982942,0.216,raw_pEC50_SE,MW ≥215 Da,3107
nesso_0c318501aa62ed7ae1f2,429.48000000000013,0.7254586417766334,0.217,raw_pEC50_SE,MW ≥215 Da,3107
nesso_5f322f00e6be8e49a02e,319.3210000000001,0.7257804956549726,0.217,raw_pEC50_SE,MW ≥215 Da,3107
nesso_aa2025f2f1aff152d283,317.31399999999996,0.7261023495333119,0.217,raw_pEC50_SE,MW ≥215 Da,3107
nesso_d951825a4641bb336776,270.37199999999996,0.7264242034116511,0.217,raw_pEC50_SE,MW ≥215 Da,3107
nesso_e97dab182cb2537c5993,420.4940000000001,0.7267460572899903,0.217,raw_pEC50_SE,MW ≥215 Da,3107
nesso_eb4120dc75b8bcfe929a,358.43800000000016,0.7270679111683296,0.217,raw_pEC50_SE,MW ≥215 Da,3107
nesso_0a525674675328af95c7,329.40000000000003,0.7273897650466689,0.218,raw_pEC50_SE,MW ≥215 Da,3107
nesso_0d387037591ae00e8c02,240.33100000000002,0.727711618925008,0.218,raw_pEC50_SE,MW ≥215 Da,3107
nesso_2ead87777f681e45cc9e,354.4500000000001,0.7280334728033473,0.218,raw_pEC50_SE,MW ≥215 Da,3107
nesso_7d4b45276a157f6d97a5,332.4480000000002,0.7283553266816866,0.218,raw_pEC50_SE,MW ≥215 Da,3107
nesso_85c5170b6a8efba117fc,222.62699999999998,0.7286771805600257,0.218,raw_pEC50_SE,MW ≥215 Da,3107
nesso_de4b0db5473caebdc519,391.3770000000001,0.728999034438365,0.218,raw_pEC50_SE,MW ≥215 Da,3107
nesso_df5afaa374fbc8c10293,342.3170000000001,0.7293208883167042,0.218,raw_pEC50_SE,MW ≥215 Da,3107
nesso_1a902216b6a9cebeca42,261.233,0.7296427421950434,0.219,raw_pEC50_SE,MW ≥215 Da,3107
nesso_1ca8829a67d079f175c9,365.82000000000005,0.7299645960733827,0.219,raw_pEC50_SE,MW ≥215 Da,3107
nesso_457446b807da36762803,370.4050000000001,0.7302864499517219,0.219,raw_pEC50_SE,MW ≥215 Da,3107
nesso_ccf2bc3d5064c4b348e7,359.45100000000014,0.7306083038300611,0.219,raw_pEC50_SE,MW ≥215 Da,3107
nesso_db79a25d98df859ad0b1,324.42900000000014,0.7309301577084004,0.219,raw_pEC50_SE,MW ≥215 Da,3107
nesso_edf170aaacdb04cd9d33,369.3310000000001,0.7312520115867396,0.219,raw_pEC50_SE,MW ≥215 Da,3107
nesso_0b337312cd431267ef92,309.36899999999997,0.7315738654650789,0.22,raw_pEC50_SE,MW ≥215 Da,3107
nesso_3a65fb5a5f3d0d8b5b12,301.415,0.7318957193434181,0.22,raw_pEC50_SE,MW ≥215 Da,3107
nesso_3e231c18835fb0739d39,277.364,0.7322175732217573,0.22,raw_pEC50_SE,MW ≥215 Da,3107
nesso_723c321c00d6818dc771,370.403,0.7325394271000966,0.22,raw_pEC50_SE,MW ≥215 Da,3107
nesso_7930411ee4d0e706a953,346.8140000000002,0.7328612809784358,0.22,raw_pEC50_SE,MW ≥215 Da,3107
nesso_90d8db8563b8dacd1fd8,312.41300000000007,0.733183134856775,0.22,raw_pEC50_SE,MW ≥215 Da,3107
nesso_e890567ff502a9add7e8,325.41600000000017,0.7335049887351143,0.22,raw_pEC50_SE,MW ≥215 Da,3107
nesso_f05b052ed7ad30bb60ea,327.384,0.7338268426134535,0.22,raw_pEC50_SE,MW ≥215 Da,3107
nesso_f7ecd69a3ac02b4545ec,397.5040000000001,0.7341486964917927,0.22,raw_pEC50_SE,MW ≥215 Da,3107
nesso_faa9a613608d04be3408,317.3490000000001,0.734470550370132,0.22,raw_pEC50_SE,MW ≥215 Da,3107
nesso_311b492672bd6cedc7b4,330.391,0.7347924042484711,0.221,raw_pEC50_SE,MW ≥215 Da,3107
nesso_8472098fb9d58438b40c,276.315,0.7351142581268104,0.221,raw_pEC50_SE,MW ≥215 Da,3107
nesso_b684cb24985a61ec3de8,351.2440000000001,0.7354361120051497,0.221,raw_pEC50_SE,MW ≥215 Da,3107
nesso_d0d87c262849248edf1b,370.4930000000002,0.7357579658834889,0.221,raw_pEC50_SE,MW ≥215 Da,3107
nesso_e407f87af849ffc885d2,345.403,0.7360798197618281,0.221,raw_pEC50_SE,MW ≥215 Da,3107
nesso_e7fea50aefe1e8b650c4,342.321,0.7364016736401674,0.221,raw_pEC50_SE,MW ≥215 Da,3107
nesso_f3fc52ea1cb2c1482f4c,365.3730000000003,0.7367235275185066,0.221,raw_pEC50_SE,MW ≥215 Da,3107
nesso_06527a48414381426409,363.4220000000002,0.7370453813968458,0.222,raw_pEC50_SE,MW ≥215 Da,3107
nesso_2a73d3d21beca663d28b,388.851,0.7373672352751851,0.222,raw_pEC50_SE,MW ≥215 Da,3107
nesso_35c7f770f26330886fe3,247.102,0.7376890891535243,0.222,raw_pEC50_SE,MW ≥215 Da,3107
nesso_426b9db5f8d9fbf1f4d4,301.3900000000001,0.7380109430318635,0.222,raw_pEC50_SE,MW ≥215 Da,3107
nesso_653cba321d125a2baeaf,348.45300000000003,0.7383327969102028,0.222,raw_pEC50_SE,MW ≥215 Da,3107
nesso_6a451782ece6c823e17d,419.8900000000001,0.738654650788542,0.222,raw_pEC50_SE,MW ≥215 Da,3107
nesso_71dc3492cbc53c2a0e74,340.387,0.7389765046668813,0.222,raw_pEC50_SE,MW ≥215 Da,3107
nesso_a8e37c610612ce3651f6,369.3810000000002,0.7392983585452205,0.222,raw_pEC50_SE,MW ≥215 Da,3107
nesso_b0385c35df9ea303e0fe,395.50700000000006,0.7396202124235597,0.222,raw_pEC50_SE,MW ≥215 Da,3107
nesso_e2d4f914e5d5352bde24,344.3330000000002,0.739942066301899,0.222,raw_pEC50_SE,MW ≥215 Da,3107
nesso_180d53917e7cd1d9fdb8,366.37400000000014,0.7402639201802381,0.223,raw_pEC50_SE,MW ≥215 Da,3107
nesso_214f262500f5df121c1f,468.02300000000025,0.7405857740585774,0.223,raw_pEC50_SE,MW ≥215 Da,3107
nesso_4f2854769365e1e8497d,405.5200000000002,0.7409076279369167,0.223,raw_pEC50_SE,MW ≥215 Da,3107
nesso_5449572e85b24c6e6def,284.338,0.7412294818152558,0.223,raw_pEC50_SE,MW ≥215 Da,3107
nesso_75e4e85e3798e7facf65,375.38400000000007,0.7415513356935951,0.223,raw_pEC50_SE,MW ≥215 Da,3107
nesso_814b78ee66bb1a0667e0,370.83600000000007,0.7418731895719344,0.223,raw_pEC50_SE,MW ≥215 Da,3107
nesso_a6dcf3b8716318eb5b15,304.43399999999997,0.7421950434502735,0.223,raw_pEC50_SE,MW ≥215 Da,3107
nesso_bd1fb5f86ffa3db51181,449.5550000000002,0.7425168973286128,0.223,raw_pEC50_SE,MW ≥215 Da,3107
nesso_d35fedf0e0822bc6d3b9,356.1950000000001,0.7428387512069521,0.223,raw_pEC50_SE,MW ≥215 Da,3107
nesso_eab7d139933a0d0e7219,396.4350000000001,0.7431606050852912,0.223,raw_pEC50_SE,MW ≥215 Da,3107
nesso_ed766b9c506075490701,376.5070000000001,0.7434824589636305,0.223,raw_pEC50_SE,MW ≥215 Da,3107
nesso_fb6eda85b3508ec26567,349.4340000000001,0.7438043128419698,0.223,raw_pEC50_SE,MW ≥215 Da,3107
nesso_05401a027d95ff331009,353.83400000000006,0.744126166720309,0.224,raw_pEC50_SE,MW ≥215 Da,3107
nesso_1c46b46f6a64b59e60da,289.339,0.7444480205986482,0.224,raw_pEC50_SE,MW ≥215 Da,3107
nesso_1dcb7d75926473349406,352.84700000000004,0.7447698744769874,0.224,raw_pEC50_SE,MW ≥215 Da,3107
nesso_29d93c35352b9d609401,404.47000000000014,0.7450917283553267,0.224,raw_pEC50_SE,MW ≥215 Da,3107
nesso_8c13cbdfcc2f1a7f5e9d,358.4380000000001,0.7454135822336659,0.224,raw_pEC50_SE,MW ≥215 Da,3107
nesso_9a97a8d6026388b5b137,263.793,0.7457354361120051,0.224,raw_pEC50_SE,MW ≥215 Da,3107
nesso_f14e216e019d3508ce6a,367.92100000000005,0.7460572899903444,0.224,raw_pEC50_SE,MW ≥215 Da,3107
nesso_0b2db1087188addad570,334.37900000000013,0.7463791438686836,0.225,raw_pEC50_SE,MW ≥215 Da,3107
nesso_65004023f64f8f3f6347,321.3520000000001,0.7467009977470228,0.225,raw_pEC50_SE,MW ≥215 Da,3107
nesso_bc8ef340a65a0a6ababc,368.4590000000002,0.7470228516253621,0.225,raw_pEC50_SE,MW ≥215 Da,3107
nesso_e9900ab9b1464b99f7e9,387.71900000000005,0.7473447055037014,0.225,raw_pEC50_SE,MW ≥215 Da,3107
nesso_3776eca67995ab7b5cfb,316.31300000000016,0.7476665593820405,0.226,raw_pEC50_SE,MW ≥215 Da,3107
nesso_38a5e3ffce9701e89224,292.21299999999997,0.7479884132603798,0.226,raw_pEC50_SE,MW ≥215 Da,3107
nesso_3caf274470d411f5a66f,272.30800000000005,0.7483102671387191,0.226,raw_pEC50_SE,MW ≥215 Da,3107
nesso_3cb42c8d4da447630ad2,345.4240000000001,0.7486321210170582,0.226,raw_pEC50_SE,MW ≥215 Da,3107
nesso_588f4cf4df073fce46fd,379.4010000000002,0.7489539748953975,0.226,raw_pEC50_SE,MW ≥215 Da,3107
nesso_71d5e61abfe2ca0ae436,286.3060000000001,0.7492758287737368,0.226,raw_pEC50_SE,MW ≥215 Da,3107
nesso_aacc8f3c93b25bc7a204,357.38500000000016,0.7495976826520759,0.226,raw_pEC50_SE,MW ≥215 Da,3107
nesso_e73099031c458e738c15,390.6980000000001,0.7499195365304152,0.226,raw_pEC50_SE,MW ≥215 Da,3107
nesso_eb9788fc03eb1abc2fb9,350.28100000000006,0.7502413904087544,0.226,raw_pEC50_SE,MW ≥215 Da,3107
nesso_187f2f161f7070cb6964,262.284,0.7505632442870936,0.227,raw_pEC50_SE,MW ≥215 Da,3107
nesso_44cfd676b324f619d6ea,278.355,0.7508850981654329,0.227,raw_pEC50_SE,MW ≥215 Da,3107
nesso_7469ee95188ad106a1b8,345.42400000000004,0.7512069520437721,0.227,raw_pEC50_SE,MW ≥215 Da,3107
nesso_7ac67e8d084753c88cdf,373.4560000000001,0.7515288059221114,0.227,raw_pEC50_SE,MW ≥215 Da,3107
nesso_8990dc75bb972f5fb893,374.8680000000001,0.7518506598004506,0.227,raw_pEC50_SE,MW ≥215 Da,3107
nesso_9b6f9670504fb9b75a27,428.53200000000027,0.7521725136787898,0.227,raw_pEC50_SE,MW ≥215 Da,3107
nesso_dce2c05a865ec5e8fcff,301.3900000000001,0.7524943675571291,0.227,raw_pEC50_SE,MW ≥215 Da,3107
nesso_ec2a9aea4207929d7214,335.3789999999999,0.7528162214354683,0.227,raw_pEC50_SE,MW ≥215 Da,3107
nesso_f5be35ecc206acfcb11c,412.4900000000001,0.7531380753138075,0.227,raw_pEC50_SE,MW ≥215 Da,3107
nesso_fe7a86b048e127f4debf,354.47500000000014,0.7534599291921468,0.227,raw_pEC50_SE,MW ≥215 Da,3107
nesso_ff7c5aef6db49294fe71,360.3950000000001,0.753781783070486,0.227,raw_pEC50_SE,MW ≥215 Da,3107
nesso_04646ee5e59068fb95de,369.4210000000001,0.7541036369488252,0.228,raw_pEC50_SE,MW ≥215 Da,3107
nesso_3f8cbc6e9ea0898ee247,315.3690000000001,0.7544254908271645,0.228,raw_pEC50_SE,MW ≥215 Da,3107
nesso_599b2fcc1a5242aac533,325.45300000000015,0.7547473447055038,0.228,raw_pEC50_SE,MW ≥215 Da,3107
nesso_b47ad04bc1f8eceb53ef,338.19800000000004,0.7550691985838429,0.228,raw_pEC50_SE,MW ≥215 Da,3107
nesso_d194fee17c5b49dff2dc,345.296,0.7553910524621822,0.228,raw_pEC50_SE,MW ≥215 Da,3107
nesso_fa15afed29ad631f14bb,415.5370000000001,0.7557129063405214,0.228,raw_pEC50_SE,MW ≥215 Da,3107
nesso_2898448c6b4173ffeeef,346.4080000000001,0.7560347602188606,0.229,raw_pEC50_SE,MW ≥215 Da,3107
nesso_291d37e3da99b77d0c3d,333.35400000000004,0.7563566140971999,0.229,raw_pEC50_SE,MW ≥215 Da,3107
nesso_4a71cf215a27f8c68002,318.30199999999996,0.7566784679755391,0.229,raw_pEC50_SE,MW ≥215 Da,3107
nesso_58d4578965225efe3ab0,357.37000000000006,0.7570003218538783,0.229,raw_pEC50_SE,MW ≥215 Da,3107
nesso_669d5b65e25d2f10c20c,383.4480000000001,0.7573221757322176,0.229,raw_pEC50_SE,MW ≥215 Da,3107
nesso_686ea233b5c44180b81c,376.4160000000001,0.7576440296105568,0.229,raw_pEC50_SE,MW ≥215 Da,3107
nesso_770fc490bab7f751d084,325.3720000000001,0.757965883488896,0.229,raw_pEC50_SE,MW ≥215 Da,3107
nesso_94dea1034614432844fa,397.8840000000002,0.7582877373672353,0.229,raw_pEC50_SE,MW ≥215 Da,3107
nesso_d1843762a984db6c0672,442.47500000000025,0.7586095912455745,0.229,raw_pEC50_SE,MW ≥215 Da,3107
nesso_fa76848465c77c4ef7e4,322.79200000000003,0.7589314451239138,0.229,raw_pEC50_SE,MW ≥215 Da,3107
nesso_ffdf011f171f563fa396,265.342,0.759253299002253,0.229,raw_pEC50_SE,MW ≥215 Da,3107
nesso_051c0fba3320972d67e5,316.3610000000001,0.7595751528805922,0.23,raw_pEC50_SE,MW ≥215 Da,3107
nesso_068cda0eed0a183e0903,366.41700000000003,0.7598970067589315,0.23,raw_pEC50_SE,MW ≥215 Da,3107
nesso_188b72ddc3e7e7221a0d,327.384,0.7602188606372707,0.23,raw_pEC50_SE,MW ≥215 Da,3107
nesso_3a83a3e16d3ca1bc2b14,645.3190000000002,0.7605407145156099,0.23,raw_pEC50_SE,MW ≥215 Da,3107
nesso_55f8a425d1e1537752e2,343.471,0.7608625683939492,0.23,raw_pEC50_SE,MW ≥215 Da,3107
nesso_7698f9bf4aa1e506370a,398.4340000000001,0.7611844222722883,0.23,raw_pEC50_SE,MW ≥215 Da,3107
nesso_88fbf26b9b87e695639b,373.47800000000007,0.7615062761506276,0.23,raw_pEC50_SE,MW ≥215 Da,3107
nesso_98e6196ecad07f45388d,370.43000000000006,0.7618281300289669,0.23,raw_pEC50_SE,MW ≥215 Da,3107
nesso_a029d8c171ab9366fd57,307.7810000000001,0.762149983907306,0.23,raw_pEC50_SE,MW ≥215 Da,3107
nesso_b5d1547437afbd5ac30c,289.354,0.7624718377856453,0.23,raw_pEC50_SE,MW ≥215 Da,3107
nesso_c8a716fcd07e9462fa86,308.34099999999995,0.7627936916639846,0.23,raw_pEC50_SE,MW ≥215 Da,3107
nesso_d5b8b54328ccaa9530a0,340.47100000000023,0.7631155455423237,0.23,raw_pEC50_SE,MW ≥215 Da,3107
nesso_30cbf53518ffcad89d92,327.404,0.763437399420663,0.231,raw_pEC50_SE,MW ≥215 Da,3107
nesso_5018012aedc10c2b651f,254.285,0.7637592532990023,0.231,raw_pEC50_SE,MW ≥215 Da,3107
nesso_929c01844f34f081425b,325.3860000000001,0.7640811071773415,0.231,raw_pEC50_SE,MW ≥215 Da,3107
nesso_d3ef87b63262a343ddd3,373.95300000000015,0.7644029610556807,0.231,raw_pEC50_SE,MW ≥215 Da,3107
nesso_e1c8bcc9e07e32046775,312.4530000000001,0.76472481493402,0.231,raw_pEC50_SE,MW ≥215 Da,3107
nesso_7e2904acb835bb8de12f,346.25400000000013,0.7650466688123592,0.232,raw_pEC50_SE,MW ≥215 Da,3107
nesso_7f31a2e2d669c15b583a,259.357,0.7653685226906984,0.232,raw_pEC50_SE,MW ≥215 Da,3107
nesso_930481fb8c911b7776b6,334.372,0.7656903765690377,0.232,raw_pEC50_SE,MW ≥215 Da,3107
nesso_b26d1cd6b41dd455fb36,448.93200000000013,0.7660122304473769,0.232,raw_pEC50_SE,MW ≥215 Da,3107
nesso_b3e25170f341182a42bd,323.37800000000004,0.7663340843257161,0.232,raw_pEC50_SE,MW ≥215 Da,3107
nesso_06d787f0d8640670fe57,344.38599999999997,0.7666559382040553,0.233,raw_pEC50_SE,MW ≥215 Da,3107
nesso_235c637d724087d63255,284.283,0.7669777920823946,0.233,raw_pEC50_SE,MW ≥215 Da,3107
nesso_2f62af56ea0a06960c60,350.4440000000001,0.7672996459607339,0.233,raw_pEC50_SE,MW ≥215 Da,3107
nesso_3db747cc4533ed65db05,364.83600000000007,0.767621499839073,0.233,raw_pEC50_SE,MW ≥215 Da,3107
nesso_4372fea3750f9f68f0a1,416.45500000000015,0.7679433537174123,0.233,raw_pEC50_SE,MW ≥215 Da,3107
nesso_49022f6edd1d6a8bf429,320.38899999999995,0.7682652075957516,0.233,raw_pEC50_SE,MW ≥215 Da,3107
nesso_6d539bbba6e377e778a6,349.39000000000004,0.7685870614740907,0.233,raw_pEC50_SE,MW ≥215 Da,3107
nesso_7a0ef6fc9917934ea07d,334.124,0.76890891535243,0.233,raw_pEC50_SE,MW ≥215 Da,3107
nesso_7cb9de01f0f160fefb07,324.37100000000015,0.7692307692307693,0.233,raw_pEC50_SE,MW ≥215 Da,3107
nesso_cde28a27bbd8ec8b9bf8,364.42700000000013,0.7695526231091084,0.233,raw_pEC50_SE,MW ≥215 Da,3107
nesso_d031cddcf72627f70288,393.8020000000002,0.7698744769874477,0.233,raw_pEC50_SE,MW ≥215 Da,3107
nesso_f838e81637c21bdee821,326.831,0.770196330865787,0.233,raw_pEC50_SE,MW ≥215 Da,3107
nesso_0b1364f64cdbf8e099bb,320.43300000000005,0.7705181847441261,0.234,raw_pEC50_SE,MW ≥215 Da,3107
nesso_0b733505461383c0c124,366.4650000000001,0.7708400386224654,0.234,raw_pEC50_SE,MW ≥215 Da,3107
nesso_1fced130380a6171caf5,319.88000000000005,0.7711618925008046,0.234,raw_pEC50_SE,MW ≥215 Da,3107
nesso_5ed0df5ada6f02997404,301.3940000000001,0.7714837463791439,0.234,raw_pEC50_SE,MW ≥215 Da,3107
nesso_63d16591af3aed48762e,320.3640000000001,0.7718056002574831,0.234,raw_pEC50_SE,MW ≥215 Da,3107
nesso_a8d8358d391ff56558f7,368.48100000000005,0.7721274541358223,0.234,raw_pEC50_SE,MW ≥215 Da,3107
nesso_e87a82fcd0e8e01588b5,348.41,0.7724493080141616,0.234,raw_pEC50_SE,MW ≥215 Da,3107
nesso_2569ffc9c17cb32554ad,416.90900000000016,0.7727711618925008,0.235,raw_pEC50_SE,MW ≥215 Da,3107
nesso_375bc13c886d1e3aa53a,437.58400000000023,0.77309301577084,0.235,raw_pEC50_SE,MW ≥215 Da,3107
nesso_45a27cb1d781809f2383,378.49400000000026,0.7734148696491793,0.235,raw_pEC50_SE,MW ≥215 Da,3107
nesso_775df0b8241b8c441a4c,264.328,0.7737367235275185,0.235,raw_pEC50_SE,MW ≥215 Da,3107
nesso_89ea8b439ac0a8ef9451,325.3430000000001,0.7740585774058577,0.235,raw_pEC50_SE,MW ≥215 Da,3107
nesso_9bc067f4b85fcd4a641e,563.6720000000004,0.774380431284197,0.235,raw_pEC50_SE,MW ≥215 Da,3107
nesso_b3bd8c5d61ee4fc76c49,231.30299999999997,0.7747022851625363,0.235,raw_pEC50_SE,MW ≥215 Da,3107
nesso_25c9fc8b2442b0377b24,269.3,0.7750241390408754,0.236,raw_pEC50_SE,MW ≥215 Da,3107
nesso_4fe121a6ffc7fe4663c0,384.46500000000015,0.7753459929192147,0.236,raw_pEC50_SE,MW ≥215 Da,3107
nesso_9b3f5d5a94c39efb6ebf,381.45100000000014,0.775667846797554,0.236,raw_pEC50_SE,MW ≥215 Da,3107
nesso_a435f5e753011ef5c53e,343.4530000000001,0.7759897006758931,0.236,raw_pEC50_SE,MW ≥215 Da,3107
nesso_e6d5ba4f604b3d72ede1,396.4250000000001,0.7763115545542324,0.236,raw_pEC50_SE,MW ≥215 Da,3107
nesso_e89a4b084f39869f219f,340.40200000000004,0.7766334084325716,0.236,raw_pEC50_SE,MW ≥215 Da,3107
nesso_06c317714ef4e61868af,312.365,0.7769552623109108,0.237,raw_pEC50_SE,MW ≥215 Da,3107
nesso_1a579df0e5bbb2c33cfe,405.43300000000016,0.7772771161892501,0.237,raw_pEC50_SE,MW ≥215 Da,3107
nesso_2552d7a1a3f8fad86a64,320.50600000000003,0.7775989700675893,0.237,raw_pEC50_SE,MW ≥215 Da,3107
nesso_45cc04d23229fd2aeb4c,311.38500000000005,0.7779208239459285,0.237,raw_pEC50_SE,MW ≥215 Da,3107
nesso_53d90e07577ce3e1e985,367.3650000000001,0.7782426778242678,0.237,raw_pEC50_SE,MW ≥215 Da,3107
nesso_e6c224fef993bffe3f2c,307.35699999999997,0.778564531702607,0.237,raw_pEC50_SE,MW ≥215 Da,3107
nesso_33e2f3039b0b78254c19,303.45,0.7788863855809462,0.238,raw_pEC50_SE,MW ≥215 Da,3107
nesso_44b3a8d5f9a4225be819,225.29400000000004,0.7792082394592855,0.238,raw_pEC50_SE,MW ≥215 Da,3107
nesso_b45f8ec9e8decc0c4392,343.349,0.7795300933376247,0.238,raw_pEC50_SE,MW ≥215 Da,3107
nesso_c1b0d75eb0bd6b969b05,322.294,0.779851947215964,0.238,raw_pEC50_SE,MW ≥215 Da,3107
nesso_d4c4e9178305d15d14b0,326.3960000000002,0.7801738010943032,0.238,raw_pEC50_SE,MW ≥215 Da,3107
nesso_f399b3d01b7a578eda80,328.416,0.7804956549726424,0.238,raw_pEC50_SE,MW ≥215 Da,3107
nesso_0a05b57dbcfbecf84bdc,346.35600000000005,0.7808175088509817,0.239,raw_pEC50_SE,MW ≥215 Da,3107
nesso_194912190de38374fc01,395.52800000000013,0.7811393627293209,0.239,raw_pEC50_SE,MW ≥215 Da,3107
nesso_530228273bf8f342fa35,351.36600000000016,0.7814612166076601,0.239,raw_pEC50_SE,MW ≥215 Da,3107
nesso_990e2bcf41cdebf608ac,349.41200000000015,0.7817830704859994,0.239,raw_pEC50_SE,MW ≥215 Da,3107
nesso_cbbbb46476e4ef69fdb8,340.38700000000006,0.7821049243643385,0.239,raw_pEC50_SE,MW ≥215 Da,3107
nesso_ce60337e6200bdedb48d,301.39,0.7824267782426778,0.239,raw_pEC50_SE,MW ≥215 Da,3107
nesso_d294dfd6b67ef4071081,293.326,0.7827486321210171,0.239,raw_pEC50_SE,MW ≥215 Da,3107
nesso_150724aa094483c0eec6,370.56200000000007,0.7830704859993562,0.24,raw_pEC50_SE,MW ≥215 Da,3107
nesso_9d480d9f42e6e47cfe48,348.42400000000004,0.7833923398776955,0.24,raw_pEC50_SE,MW ≥215 Da,3107
nesso_9fa694ac05d01dc4e697,466.5590000000002,0.7837141937560348,0.24,raw_pEC50_SE,MW ≥215 Da,3107
nesso_ad21fd898c713779615c,314.38500000000005,0.784036047634374,0.24,raw_pEC50_SE,MW ≥215 Da,3107
nesso_c6d9661dfa1cc7db058f,394.49300000000034,0.7843579015127132,0.24,raw_pEC50_SE,MW ≥215 Da,3107
nesso_d5ac7ca6640ff2f54b2c,384.42000000000013,0.7846797553910525,0.24,raw_pEC50_SE,MW ≥215 Da,3107
nesso_f127eb638dfa1d34c80b,364.4490000000002,0.7850016092693917,0.24,raw_pEC50_SE,MW ≥215 Da,3107
nesso_0798c75e7293bd0c3666,297.38300000000004,0.7853234631477309,0.241,raw_pEC50_SE,MW ≥215 Da,3107
nesso_8fed669a68b4db8aae8d,433.5680000000001,0.7856453170260702,0.241,raw_pEC50_SE,MW ≥215 Da,3107
nesso_904ea5b1e0f0ff868abb,259.14899999999994,0.7859671709044094,0.241,raw_pEC50_SE,MW ≥215 Da,3107
nesso_a00f4ebe8bb9d5ad8ffe,313.37600000000003,0.7862890247827486,0.241,raw_pEC50_SE,MW ≥215 Da,3107
nesso_da4fac424439d56a955e,337.44100000000014,0.7866108786610879,0.241,raw_pEC50_SE,MW ≥215 Da,3107
nesso_00185e17d4a7bef0f788,319.44500000000005,0.7869327325394271,0.242,raw_pEC50_SE,MW ≥215 Da,3107
nesso_2bbba0298a2078b54788,333.461,0.7872545864177664,0.242,raw_pEC50_SE,MW ≥215 Da,3107
nesso_5117f914b0f154f70dde,386.2820000000002,0.7875764402961055,0.242,raw_pEC50_SE,MW ≥215 Da,3107
nesso_82c19c803ce79264f912,303.31200000000007,0.7878982941744448,0.242,raw_pEC50_SE,MW ≥215 Da,3107
nesso_a9e3838669674429c5af,338.4110000000001,0.7882201480527841,0.242,raw_pEC50_SE,MW ≥215 Da,3107
nesso_b8b38cc8edf12345f21f,404.4520000000001,0.7885420019311232,0.242,raw_pEC50_SE,MW ≥215 Da,3107
nesso_cb50508cb0d02418f322,426.9000000000001,0.7888638558094625,0.242,raw_pEC50_SE,MW ≥215 Da,3107
nesso_e26ddbbeec193eaec94d,477.0480000000002,0.7891857096878018,0.242,raw_pEC50_SE,MW ≥215 Da,3107
nesso_0330e2bb871c93545cb9,332.367,0.7895075635661409,0.243,raw_pEC50_SE,MW ≥215 Da,3107
nesso_4e1a47a9a5890997b72c,364.243,0.7898294174444802,0.243,raw_pEC50_SE,MW ≥215 Da,3107
nesso_6a5ec80e2ec470f38950,348.4240000000002,0.7901512713228195,0.243,raw_pEC50_SE,MW ≥215 Da,3107
nesso_70e5ea4a09ec259ae260,290.75,0.7904731252011586,0.243,raw_pEC50_SE,MW ≥215 Da,3107
nesso_72da1b6202700cb38901,268.27299999999997,0.7907949790794979,0.243,raw_pEC50_SE,MW ≥215 Da,3107
nesso_ecf3d62bb1eb062d587e,367.4740000000001,0.7911168329578372,0.243,raw_pEC50_SE,MW ≥215 Da,3107
nesso_3bad8ca65bc9e36919f3,291.37600000000003,0.7914386868361764,0.244,raw_pEC50_SE,MW ≥215 Da,3107
nesso_9ea35afbd018673f2c2b,321.33700000000005,0.7917605407145156,0.244,raw_pEC50_SE,MW ≥215 Da,3107
nesso_ca9585546d38825859e0,232.32699999999994,0.7920823945928549,0.244,raw_pEC50_SE,MW ≥215 Da,3107
nesso_e119d2551bfee9bc0956,316.45300000000003,0.7924042484711941,0.244,raw_pEC50_SE,MW ≥215 Da,3107
nesso_ecaa302dab43ab5ffd3f,285.94399999999996,0.7927261023495333,0.244,raw_pEC50_SE,MW ≥215 Da,3107
nesso_ff5273c43b2f410d9c61,317.32400000000007,0.7930479562278725,0.244,raw_pEC50_SE,MW ≥215 Da,3107
nesso_2742b49ffc6402d892c7,306.35,0.7933698101062118,0.245,raw_pEC50_SE,MW ≥215 Da,3107
nesso_541ac1735f19d664b75c,305.403,0.793691663984551,0.245,raw_pEC50_SE,MW ≥215 Da,3107
nesso_5887d473a498b672b38c,297.39799999999997,0.7940135178628902,0.245,raw_pEC50_SE,MW ≥215 Da,3107
nesso_5d781f376b6f1677932f,377.4660000000003,0.7943353717412295,0.245,raw_pEC50_SE,MW ≥215 Da,3107
nesso_630d4c74d4ed1b35242b,383.629,0.7946572256195688,0.245,raw_pEC50_SE,MW ≥215 Da,3107
nesso_92f00cdd7651c0951c72,339.32099999999997,0.7949790794979079,0.245,raw_pEC50_SE,MW ≥215 Da,3107
nesso_bb6fd969e87744773b2c,317.349,0.7953009333762472,0.245,raw_pEC50_SE,MW ≥215 Da,3107
nesso_f0e3502b8ce9d812c76e,391.4240000000003,0.7956227872545865,0.245,raw_pEC50_SE,MW ≥215 Da,3107
nesso_0aa8af4201ba6595b367,356.4660000000001,0.7959446411329256,0.246,raw_pEC50_SE,MW ≥215 Da,3107
nesso_3e46b8f14791d05879ca,295.346,0.7962664950112649,0.246,raw_pEC50_SE,MW ≥215 Da,3107
nesso_4c87a84cb9925e83a1bb,307.3539999999999,0.7965883488896042,0.246,raw_pEC50_SE,MW ≥215 Da,3107
nesso_4e31ccae9fb4fa1fae67,378.3540000000001,0.7969102027679433,0.246,raw_pEC50_SE,MW ≥215 Da,3107
nesso_5852a3f365a24a7970ea,347.37800000000004,0.7972320566462826,0.246,raw_pEC50_SE,MW ≥215 Da,3107
nesso_5fd14801c11e6ce3d2b0,231.31699999999998,0.7975539105246218,0.246,raw_pEC50_SE,MW ≥215 Da,3107
nesso_68a76b1a648ceaca0cb0,333.3520000000001,0.797875764402961,0.246,raw_pEC50_SE,MW ≥215 Da,3107
nesso_8920e20ebba6cf9092ef,312.365,0.7981976182813003,0.246,raw_pEC50_SE,MW ≥215 Da,3107
nesso_a48fc07708634f459836,326.3270000000001,0.7985194721596395,0.246,raw_pEC50_SE,MW ≥215 Da,3107
nesso_d9450c1d061a34ac90c9,345.411,0.7988413260379787,0.246,raw_pEC50_SE,MW ≥215 Da,3107
nesso_ff580ab0f4ba30d1bb01,338.34200000000004,0.799163179916318,0.246,raw_pEC50_SE,MW ≥215 Da,3107
nesso_0707f27445c3dddde6f7,338.367,0.7994850337946572,0.247,raw_pEC50_SE,MW ≥215 Da,3107
nesso_08c55dfcefcde104f584,246.35399999999996,0.7998068876729965,0.247,raw_pEC50_SE,MW ≥215 Da,3107
nesso_148733a609d0068fa883,315.869,0.8001287415513357,0.247,raw_pEC50_SE,MW ≥215 Da,3107
nesso_1ec1b63da3bbda4924c7,312.355,0.8004505954296749,0.247,raw_pEC50_SE,MW ≥215 Da,3107
nesso_44dcd0a0ef39f165a103,348.4060000000001,0.8007724493080142,0.247,raw_pEC50_SE,MW ≥215 Da,3107
nesso_e3d0254d85c904604b01,359.8090000000001,0.8010943031863534,0.247,raw_pEC50_SE,MW ≥215 Da,3107
nesso_fe8afe518e9799f679ef,385.4140000000001,0.8014161570646926,0.247,raw_pEC50_SE,MW ≥215 Da,3107
nesso_0acf2cd7137b8c48a9d7,317.335,0.8017380109430319,0.248,raw_pEC50_SE,MW ≥215 Da,3107
nesso_4077ddba2341582fd86b,331.759,0.8020598648213711,0.248,raw_pEC50_SE,MW ≥215 Da,3107
nesso_83e85b68ff986119665b,307.3980000000001,0.8023817186997103,0.248,raw_pEC50_SE,MW ≥215 Da,3107
nesso_22eb3c911bdb2f488d02,283.2830000000001,0.8027035725780496,0.249,raw_pEC50_SE,MW ≥215 Da,3107
nesso_3ba5380f4d39969604e0,351.45000000000005,0.8030254264563887,0.249,raw_pEC50_SE,MW ≥215 Da,3107
nesso_4382d0a5d90426be16b4,351.41400000000004,0.803347280334728,0.249,raw_pEC50_SE,MW ≥215 Da,3107
nesso_69a1c8506e2aa6b5a515,390.5080000000001,0.8036691342130673,0.249,raw_pEC50_SE,MW ≥215 Da,3107
nesso_844b8459b7c96be8930c,263.381,0.8039909880914065,0.249,raw_pEC50_SE,MW ≥215 Da,3107
nesso_037d16c532c0baafa2a8,393.40700000000004,0.8043128419697457,0.25,raw_pEC50_SE,MW ≥215 Da,3107
nesso_25e7ca221067f2be1027,440.52500000000015,0.804634695848085,0.25,raw_pEC50_SE,MW ≥215 Da,3107
nesso_2630a75dba929bd6baab,304.31300000000005,0.8049565497264242,0.25,raw_pEC50_SE,MW ≥215 Da,3107
nesso_2a1cbae63c2994754282,245.278,0.8052784036047634,0.25,raw_pEC50_SE,MW ≥215 Da,3107
nesso_2e1416428902adb63ae2,278.35900000000004,0.8056002574831027,0.25,raw_pEC50_SE,MW ≥215 Da,3107
nesso_6137e32194314ece3a7f,364.427,0.8059221113614419,0.25,raw_pEC50_SE,MW ≥215 Da,3107
nesso_7da566f29f6028383931,316.74800000000005,0.8062439652397811,0.25,raw_pEC50_SE,MW ≥215 Da,3107
nesso_8a8ca39f4dc8acc159f3,283.31,0.8065658191181204,0.25,raw_pEC50_SE,MW ≥215 Da,3107
nesso_c35edf7ffdb11eb9893a,365.412,0.8068876729964596,0.25,raw_pEC50_SE,MW ≥215 Da,3107
nesso_d04fa3dbc5d1730f0a53,347.44000000000005,0.8072095268747989,0.25,raw_pEC50_SE,MW ≥215 Da,3107
nesso_d0713d6583de1cfb3c44,322.7710000000001,0.8075313807531381,0.25,raw_pEC50_SE,MW ≥215 Da,3107
nesso_355b5a63f355967c9f8f,371.4590000000001,0.8078532346314773,0.251,raw_pEC50_SE,MW ≥215 Da,3107
nesso_3824820ef8d7ceaf1b4d,371.3870000000001,0.8081750885098166,0.251,raw_pEC50_SE,MW ≥215 Da,3107
nesso_6d865103369cf00df16c,226.275,0.8084969423881557,0.251,raw_pEC50_SE,MW ≥215 Da,3107
nesso_a8200d745d9a1e8541a5,368.275,0.808818796266495,0.251,raw_pEC50_SE,MW ≥215 Da,3107
nesso_f0553c7c4c58312b4c10,406.46000000000026,0.8091406501448343,0.251,raw_pEC50_SE,MW ≥215 Da,3107
nesso_37518c85bd221d90efe3,362.4260000000002,0.8094625040231734,0.252,raw_pEC50_SE,MW ≥215 Da,3107
nesso_39292742163bb515f878,367.40900000000005,0.8097843579015127,0.252,raw_pEC50_SE,MW ≥215 Da,3107
nesso_5b52f28619dbac6df85e,294.35400000000004,0.810106211779852,0.252,raw_pEC50_SE,MW ≥215 Da,3107
nesso_61264eea38d5827fd50f,270.513,0.8104280656581911,0.252,raw_pEC50_SE,MW ≥215 Da,3107
nesso_d62cc656efca16ba5f64,403.56700000000023,0.8107499195365304,0.252,raw_pEC50_SE,MW ≥215 Da,3107
nesso_73c778b5a87d130682d9,366.817,0.8110717734148697,0.253,raw_pEC50_SE,MW ≥215 Da,3107
nesso_ea4a5af8ccba861ecf0c,434.52100000000013,0.8113936272932089,0.253,raw_pEC50_SE,MW ≥215 Da,3107
nesso_04d830517677d42d485c,284.4069999999999,0.8117154811715481,0.254,raw_pEC50_SE,MW ≥215 Da,3107
nesso_3e2ddef52025f1dfea2e,431.254,0.8120373350498874,0.254,raw_pEC50_SE,MW ≥215 Da,3107
nesso_d08ce2a53e2cc591c200,258.05999999999995,0.8123591889282266,0.254,raw_pEC50_SE,MW ≥215 Da,3107
nesso_2779f7ca570b8d8d62f3,362.3980000000001,0.8126810428065658,0.255,raw_pEC50_SE,MW ≥215 Da,3107
nesso_8627423b3c37cb0aa577,392.5800000000002,0.8130028966849051,0.255,raw_pEC50_SE,MW ≥215 Da,3107
nesso_b7655ff7bf80927967d0,297.3290000000001,0.8133247505632443,0.255,raw_pEC50_SE,MW ≥215 Da,3107
nesso_d6d8ed63edfab07dd52b,314.3620000000001,0.8136466044415835,0.255,raw_pEC50_SE,MW ≥215 Da,3107
nesso_0b3e3396f24b3899724b,378.43200000000013,0.8139684583199227,0.256,raw_pEC50_SE,MW ≥215 Da,3107
nesso_3e297cd9c1733676c514,390.4170000000002,0.814290312198262,0.256,raw_pEC50_SE,MW ≥215 Da,3107
nesso_3fe28e8e4afc6706873e,350.465,0.8146121660766013,0.256,raw_pEC50_SE,MW ≥215 Da,3107
nesso_9a4d616354daee70ace6,331.376,0.8149340199549404,0.256,raw_pEC50_SE,MW ≥215 Da,3107
nesso_a7bcc3880b4e3b0c0526,300.3660000000001,0.8152558738332797,0.256,raw_pEC50_SE,MW ≥215 Da,3107
nesso_f5a24614b68e66700e7c,330.4070000000001,0.815577727711619,0.256,raw_pEC50_SE,MW ≥215 Da,3107
nesso_11f4c192f6449d5340a0,273.302,0.8158995815899581,0.257,raw_pEC50_SE,MW ≥215 Da,3107
nesso_261b6c4fac0a966dcab9,244.31500000000003,0.8162214354682974,0.257,raw_pEC50_SE,MW ≥215 Da,3107
nesso_6624b58e3110f288f0ca,237.64199999999997,0.8165432893466367,0.257,raw_pEC50_SE,MW ≥215 Da,3107
nesso_6eaf1c407970c1ddb0fc,363.4350000000002,0.8168651432249758,0.257,raw_pEC50_SE,MW ≥215 Da,3107
nesso_89e063b943afbf161010,385.48900000000015,0.8171869971033151,0.257,raw_pEC50_SE,MW ≥215 Da,3107
nesso_a2f0cdff205387fc8491,339.3910000000001,0.8175088509816544,0.257,raw_pEC50_SE,MW ≥215 Da,3107
nesso_d358f79ca88189d5f07d,340.4490000000001,0.8178307048599935,0.257,raw_pEC50_SE,MW ≥215 Da,3107
nesso_120f48d9446038621548,351.45400000000006,0.8181525587383328,0.258,raw_pEC50_SE,MW ≥215 Da,3107
nesso_227ad3acf52e3ba0f8e4,275.39199999999994,0.818474412616672,0.258,raw_pEC50_SE,MW ≥215 Da,3107
nesso_3fb119ee07fe719ca738,373.76200000000006,0.8187962664950112,0.258,raw_pEC50_SE,MW ≥215 Da,3107
nesso_7906eee8b703d44df0cd,308.341,0.8191181203733505,0.258,raw_pEC50_SE,MW ≥215 Da,3107
nesso_926467ce2a1c75a4ce8f,406.42100000000005,0.8194399742516897,0.258,raw_pEC50_SE,MW ≥215 Da,3107
nesso_f335a25ab8f8afe2ad54,296.37000000000006,0.819761828130029,0.258,raw_pEC50_SE,MW ≥215 Da,3107
nesso_0ae813dbf51c2e0a1710,338.37100000000004,0.8200836820083682,0.259,raw_pEC50_SE,MW ≥215 Da,3107
nesso_3c3fb9f1c61815aebe9a,296.24399999999997,0.8204055358867074,0.259,raw_pEC50_SE,MW ≥215 Da,3107
nesso_4ddf7fa27aaad128626a,352.43800000000016,0.8207273897650467,0.259,raw_pEC50_SE,MW ≥215 Da,3107
nesso_7b223b3408fe2e28449d,339.4390000000001,0.8210492436433859,0.259,raw_pEC50_SE,MW ≥215 Da,3107
nesso_ad7fd0e8946fd313dcad,295.29900000000004,0.8213710975217251,0.259,raw_pEC50_SE,MW ≥215 Da,3107
nesso_bfd3e3b22c1d2e5c79b8,420.4290000000002,0.8216929514000644,0.259,raw_pEC50_SE,MW ≥215 Da,3107
nesso_0e04aca66f4acef0478b,296.33000000000004,0.8220148052784036,0.26,raw_pEC50_SE,MW ≥215 Da,3107
nesso_34f9015c1755b7fafb7f,223.34100000000004,0.8223366591567428,0.26,raw_pEC50_SE,MW ≥215 Da,3107
nesso_47b17a83470853b4cb69,352.8180000000001,0.8226585130350821,0.26,raw_pEC50_SE,MW ≥215 Da,3107
nesso_a8f3df504fe444d01f81,313.376,0.8229803669134214,0.26,raw_pEC50_SE,MW ≥215 Da,3107
nesso_daa73af7779ce8e24503,358.8040000000001,0.8233022207917605,0.26,raw_pEC50_SE,MW ≥215 Da,3107
nesso_ebbaa78e428784317bfd,332.44800000000015,0.8236240746700998,0.26,raw_pEC50_SE,MW ≥215 Da,3107
nesso_be0c59108afee2679c04,418.5420000000002,0.823945928548439,0.261,raw_pEC50_SE,MW ≥215 Da,3107
nesso_c3276df4dd396c730859,292.364,0.8242677824267782,0.261,raw_pEC50_SE,MW ≥215 Da,3107
nesso_eef31081246a8ad51940,372.53400000000016,0.8245896363051175,0.261,raw_pEC50_SE,MW ≥215 Da,3107
nesso_f5ae25877b8f93654c34,338.444,0.8249114901834567,0.261,raw_pEC50_SE,MW ≥215 Da,3107
nesso_20eb10ee632dc7825206,356.8750000000001,0.8252333440617959,0.262,raw_pEC50_SE,MW ≥215 Da,3107
nesso_450883681fbc8c123172,323.3520000000001,0.8255551979401352,0.262,raw_pEC50_SE,MW ≥215 Da,3107
nesso_4921010e3eae61f92e74,317.35200000000003,0.8258770518184744,0.262,raw_pEC50_SE,MW ≥215 Da,3107
nesso_5858cd005f4b905f62b7,311.3850000000001,0.8261989056968136,0.262,raw_pEC50_SE,MW ≥215 Da,3107
nesso_4837bf78474b089e7c70,276.30000000000007,0.8265207595751529,0.263,raw_pEC50_SE,MW ≥215 Da,3107
nesso_66f14273a31b1b935e24,344.3670000000001,0.8268426134534921,0.263,raw_pEC50_SE,MW ≥215 Da,3107
nesso_6e76e22b850fc105b689,286.295,0.8271644673318314,0.263,raw_pEC50_SE,MW ≥215 Da,3107
nesso_92dd50be189871ba2801,342.4020000000001,0.8274863212101706,0.263,raw_pEC50_SE,MW ≥215 Da,3107
nesso_d3be4da471e682c7934f,315.3370000000001,0.8278081750885098,0.263,raw_pEC50_SE,MW ≥215 Da,3107
nesso_3fb799acdf494c7b87a7,388.4800000000002,0.8281300289668491,0.264,raw_pEC50_SE,MW ≥215 Da,3107
nesso_5b8d92a4c64f12065ee4,356.4660000000002,0.8284518828451883,0.264,raw_pEC50_SE,MW ≥215 Da,3107
nesso_73d2bdd1960d01927e4f,380.8350000000001,0.8287737367235275,0.264,raw_pEC50_SE,MW ≥215 Da,3107
nesso_a55b2be7eeca4d3405f0,365.4410000000001,0.8290955906018668,0.264,raw_pEC50_SE,MW ≥215 Da,3107
nesso_a738e48151ca8e60524e,377.4920000000001,0.8294174444802059,0.264,raw_pEC50_SE,MW ≥215 Da,3107
nesso_d73ca041cc3d851b519d,328.412,0.8297392983585452,0.264,raw_pEC50_SE,MW ≥215 Da,3107
nesso_684e6a9f11fabe8e1fb6,411.4830000000001,0.8300611522368845,0.265,raw_pEC50_SE,MW ≥215 Da,3107
nesso_7d58af9dea50f453d865,258.2199999999999,0.8303830061152236,0.265,raw_pEC50_SE,MW ≥215 Da,3107
nesso_9d18a4f2f148b3a63169,279.33900000000006,0.8307048599935629,0.265,raw_pEC50_SE,MW ≥215 Da,3107
nesso_d455df014a4aa955ed3e,398.4670000000002,0.8310267138719022,0.265,raw_pEC50_SE,MW ≥215 Da,3107
nesso_ee7f19991c357165ab7a,355.38700000000006,0.8313485677502414,0.265,raw_pEC50_SE,MW ≥215 Da,3107
nesso_2db67363cfb2db36063a,344.45900000000023,0.8316704216285806,0.266,raw_pEC50_SE,MW ≥215 Da,3107
nesso_41db17debc26f60f92d6,317.344,0.8319922755069199,0.266,raw_pEC50_SE,MW ≥215 Da,3107
nesso_434fdf27bbf6f28d365e,312.4170000000001,0.8323141293852591,0.266,raw_pEC50_SE,MW ≥215 Da,3107
nesso_72c03e162f2524c53b94,231.339,0.8326359832635983,0.266,raw_pEC50_SE,MW ≥215 Da,3107
nesso_a3c8f3b9773bc351e5c7,385.46400000000017,0.8329578371419376,0.266,raw_pEC50_SE,MW ≥215 Da,3107
nesso_ae37ba116be0a21f57d4,394.5600000000002,0.8332796910202768,0.266,raw_pEC50_SE,MW ≥215 Da,3107
nesso_ceb64a98796a77b0ea5d,310.35300000000007,0.833601544898616,0.266,raw_pEC50_SE,MW ≥215 Da,3107
nesso_d01f94f6486340f276c6,342.4180000000001,0.8339233987769553,0.266,raw_pEC50_SE,MW ≥215 Da,3107
nesso_d755c2e2eb8d4272cdb3,341.3710000000001,0.8342452526552945,0.266,raw_pEC50_SE,MW ≥215 Da,3107
nesso_eb0fede562aa4d36d7e1,354.45400000000006,0.8345671065336338,0.266,raw_pEC50_SE,MW ≥215 Da,3107
nesso_ef6d357355bf70c407b6,403.52700000000027,0.8348889604119729,0.266,raw_pEC50_SE,MW ≥215 Da,3107
nesso_0c58e597b74e27c015e4,309.394,0.8352108142903122,0.267,raw_pEC50_SE,MW ≥215 Da,3107
nesso_109cdafac94f7431c1a2,337.423,0.8355326681686515,0.267,raw_pEC50_SE,MW ≥215 Da,3107
nesso_3ae92d1b628dffda253f,307.17199999999997,0.8358545220469906,0.267,raw_pEC50_SE,MW ≥215 Da,3107
nesso_585cfe9a1db6904f9eee,366.8700000000002,0.8361763759253299,0.267,raw_pEC50_SE,MW ≥215 Da,3107
nesso_5992971ee3720b74b24f,231.045,0.8364982298036692,0.267,raw_pEC50_SE,MW ≥215 Da,3107
nesso_8d912781e123bb84afec,322.3680000000001,0.8368200836820083,0.267,raw_pEC50_SE,MW ≥215 Da,3107
nesso_cdd6efc50d98d49863fd,251.698,0.8371419375603476,0.267,raw_pEC50_SE,MW ≥215 Da,3107
nesso_ddf7d2e823c68a9cd680,266.3,0.8374637914386869,0.267,raw_pEC50_SE,MW ≥215 Da,3107
nesso_2cd0ac8d0fd8f714df74,277.368,0.837785645317026,0.268,raw_pEC50_SE,MW ≥215 Da,3107
nesso_7e8c7a021350bad994f4,403.61500000000024,0.8381074991953653,0.268,raw_pEC50_SE,MW ≥215 Da,3107
nesso_136ed3c0e89cb9b615ed,260.297,0.8384293530737046,0.269,raw_pEC50_SE,MW ≥215 Da,3107
nesso_592ba4fa76d7295508a7,347.418,0.8387512069520437,0.269,raw_pEC50_SE,MW ≥215 Da,3107
nesso_8206eccbc51bb09a75a9,260.34499999999997,0.839073060830383,0.269,raw_pEC50_SE,MW ≥215 Da,3107
nesso_b0435205b275ea528d0b,361.45600000000013,0.8393949147087223,0.269,raw_pEC50_SE,MW ≥215 Da,3107
nesso_f8b0b637a4cf22d5f283,231.045,0.8397167685870615,0.269,raw_pEC50_SE,MW ≥215 Da,3107
nesso_f9c40d795351a74446f5,251.07899999999998,0.8400386224654007,0.269,raw_pEC50_SE,MW ≥215 Da,3107
nesso_2f5293d2653584395559,326.308,0.8403604763437399,0.27,raw_pEC50_SE,MW ≥215 Da,3107
nesso_5cc34008c89d74191e15,305.33800000000014,0.8406823302220792,0.27,raw_pEC50_SE,MW ≥215 Da,3107
nesso_a927ccf759542c9f360c,439.58200000000033,0.8410041841004184,0.27,raw_pEC50_SE,MW ≥215 Da,3107
nesso_b899a3c8b943580e5127,274.316,0.8413260379787576,0.27,raw_pEC50_SE,MW ≥215 Da,3107
nesso_bde5557b6e9dbf1f2a38,314.36300000000006,0.8416478918570969,0.27,raw_pEC50_SE,MW ≥215 Da,3107
nesso_e9c09bf94ffa8a378706,357.33000000000015,0.8419697457354361,0.27,raw_pEC50_SE,MW ≥215 Da,3107
nesso_f6a21d912b81d84cb2ff,396.4140000000001,0.8422915996137753,0.27,raw_pEC50_SE,MW ≥215 Da,3107
nesso_68c2329ea34269604b78,414.9220000000001,0.8426134534921146,0.271,raw_pEC50_SE,MW ≥215 Da,3107
nesso_907d78f974b1bdaff4fa,312.46100000000007,0.8429353073704539,0.271,raw_pEC50_SE,MW ≥215 Da,3107
nesso_c0a71f4f8d49ee184eaa,362.365,0.843257161248793,0.271,raw_pEC50_SE,MW ≥215 Da,3107
nesso_d015f6221b079dbdd084,318.46500000000015,0.8435790151271323,0.271,raw_pEC50_SE,MW ≥215 Da,3107
nesso_dcf30278c7adb899120d,280.32400000000007,0.8439008690054716,0.271,raw_pEC50_SE,MW ≥215 Da,3107
nesso_4a7b992dab1d7c00944d,353.39400000000006,0.8442227228838107,0.272,raw_pEC50_SE,MW ≥215 Da,3107
nesso_4e0b47981c6fb5de591d,355.4560000000001,0.84454457676215,0.272,raw_pEC50_SE,MW ≥215 Da,3107
nesso_b5a1c434a347c25caff0,343.3790000000001,0.8448664306404892,0.272,raw_pEC50_SE,MW ≥215 Da,3107
nesso_dcd93a7aabb2417cb370,308.40700000000004,0.8451882845188284,0.272,raw_pEC50_SE,MW ≥215 Da,3107
nesso_37425d40ea4229ae34c3,341.375,0.8455101383971677,0.273,raw_pEC50_SE,MW ≥215 Da,3107
nesso_a994fcac95d88d15b25e,301.394,0.8458319922755069,0.273,raw_pEC50_SE,MW ≥215 Da,3107
nesso_fdf69bdb39fe7473fcc7,376.44200000000006,0.8461538461538461,0.273,raw_pEC50_SE,MW ≥215 Da,3107
nesso_1d03c6cd979837157c28,263.20899999999995,0.8464757000321854,0.274,raw_pEC50_SE,MW ≥215 Da,3107
nesso_347168724da138dfdff3,247.72899999999998,0.8467975539105246,0.274,raw_pEC50_SE,MW ≥215 Da,3107
nesso_3be3df11aef5e43ec864,253.257,0.8471194077888639,0.274,raw_pEC50_SE,MW ≥215 Da,3107
nesso_71a2ba1bfecf47d13d56,395.4840000000003,0.8474412616672031,0.274,raw_pEC50_SE,MW ≥215 Da,3107
nesso_30758453d9b991b57d13,439.954,0.8477631155455423,0.275,raw_pEC50_SE,MW ≥215 Da,3107
nesso_644748e72c6927817843,385.4240000000002,0.8480849694238816,0.275,raw_pEC50_SE,MW ≥215 Da,3107
nesso_87c9efe90d05b76fb44d,324.3660000000001,0.8484068233022208,0.275,raw_pEC50_SE,MW ≥215 Da,3107
nesso_9385f46c94efa35fda23,340.37,0.84872867718056,0.275,raw_pEC50_SE,MW ≥215 Da,3107
nesso_06938e368952147e38e8,253.71,0.8490505310588993,0.276,raw_pEC50_SE,MW ≥215 Da,3107
nesso_1e2a0c000f1164b2ce70,373.4050000000001,0.8493723849372385,0.276,raw_pEC50_SE,MW ≥215 Da,3107
nesso_2405b828502fc8d380f0,377.44400000000013,0.8496942388155777,0.276,raw_pEC50_SE,MW ≥215 Da,3107
nesso_4a138194a443d92c1fa2,310.4670000000001,0.850016092693917,0.276,raw_pEC50_SE,MW ≥215 Da,3107
nesso_523be798008817d46205,304.31,0.8503379465722561,0.276,raw_pEC50_SE,MW ≥215 Da,3107
nesso_550d1e6deedd76a18f9e,357.45400000000024,0.8506598004505954,0.276,raw_pEC50_SE,MW ≥215 Da,3107
nesso_677edb353e7badfaccb0,322.36800000000005,0.8509816543289347,0.276,raw_pEC50_SE,MW ≥215 Da,3107
nesso_6dfe10e9d30f58665854,357.3570000000001,0.8513035082072739,0.276,raw_pEC50_SE,MW ≥215 Da,3107
nesso_9fc275d843f5bcd34bc7,345.46800000000013,0.8516253620856131,0.276,raw_pEC50_SE,MW ≥215 Da,3107
nesso_a416ca161d5e271c81b1,355.46000000000015,0.8519472159639524,0.276,raw_pEC50_SE,MW ≥215 Da,3107
nesso_bf7c5e555eef75f4f9c5,318.3370000000001,0.8522690698422916,0.276,raw_pEC50_SE,MW ≥215 Da,3107
nesso_bff57a33bdefa3301fec,355.41900000000004,0.8525909237206308,0.276,raw_pEC50_SE,MW ≥215 Da,3107
nesso_e62022bb214724afefc4,346.4710000000001,0.8529127775989701,0.276,raw_pEC50_SE,MW ≥215 Da,3107
nesso_f60838be7682d01a334c,356.21900000000005,0.8532346314773093,0.276,raw_pEC50_SE,MW ≥215 Da,3107
nesso_0dbc507f618d6f0c5f1e,240.32799999999997,0.8535564853556485,0.277,raw_pEC50_SE,MW ≥215 Da,3107
nesso_a862976c7163a8477f4c,263.34099999999995,0.8538783392339878,0.277,raw_pEC50_SE,MW ≥215 Da,3107
nesso_b80a6d87706768973590,252.27700000000002,0.854200193112327,0.277,raw_pEC50_SE,MW ≥215 Da,3107
nesso_b834e8995edeaa1a56ea,382.4450000000001,0.8545220469906663,0.277,raw_pEC50_SE,MW ≥215 Da,3107
nesso_266d6510d34f27abe024,347.4590000000001,0.8548439008690055,0.278,raw_pEC50_SE,MW ≥215 Da,3107
nesso_35292f5a785527d33b74,368.8420000000001,0.8551657547473447,0.278,raw_pEC50_SE,MW ≥215 Da,3107
nesso_5ddbb2bf7a36b0294a07,375.21500000000003,0.855487608625684,0.278,raw_pEC50_SE,MW ≥215 Da,3107
nesso_f10f41f10665de0f5066,295.372,0.8558094625040231,0.278,raw_pEC50_SE,MW ≥215 Da,3107
nesso_3fc1764c58ee6f73968d,316.386,0.8561313163823624,0.279,raw_pEC50_SE,MW ≥215 Da,3107
nesso_8d987998349cca8f40d8,385.5150000000002,0.8564531702607017,0.279,raw_pEC50_SE,MW ≥215 Da,3107
nesso_f1f8d8b00cb3182e0ca3,321.4170000000001,0.8567750241390408,0.279,raw_pEC50_SE,MW ≥215 Da,3107
nesso_2aecca4ac454bbd820bc,383.4230000000002,0.8570968780173801,0.28,raw_pEC50_SE,MW ≥215 Da,3107
nesso_ccf3fdf820f7e0a51cf4,364.4490000000001,0.8574187318957194,0.28,raw_pEC50_SE,MW ≥215 Da,3107
nesso_15fe1c99a16fe29b20b6,441.57600000000025,0.8577405857740585,0.281,raw_pEC50_SE,MW ≥215 Da,3107
nesso_8fde60171ff2806f889d,365.39400000000006,0.8580624396523978,0.281,raw_pEC50_SE,MW ≥215 Da,3107
nesso_928c1dd1a23b59a49f18,347.4550000000001,0.8583842935307371,0.281,raw_pEC50_SE,MW ≥215 Da,3107
nesso_3ee139a988b5bbdcce8a,342.4610000000001,0.8587061474090762,0.282,raw_pEC50_SE,MW ≥215 Da,3107
nesso_4e71bdf0902f0f1a202e,376.4380000000001,0.8590280012874155,0.282,raw_pEC50_SE,MW ≥215 Da,3107
nesso_647efe74d1ba542062a2,302.294,0.8593498551657548,0.282,raw_pEC50_SE,MW ≥215 Da,3107
nesso_67928ead5a14b847645b,356.3860000000001,0.859671709044094,0.282,raw_pEC50_SE,MW ≥215 Da,3107
nesso_a706ba271e3efd299a4b,253.05099999999996,0.8599935629224332,0.282,raw_pEC50_SE,MW ≥215 Da,3107
nesso_4b1ab8fbb3da9402fac5,340.42700000000013,0.8603154168007725,0.283,raw_pEC50_SE,MW ≥215 Da,3107
nesso_be1f15ecc5bbd89c363c,312.369,0.8606372706791117,0.283,raw_pEC50_SE,MW ≥215 Da,3107
nesso_c93f916a7673b09059f6,322.3940000000001,0.8609591245574509,0.283,raw_pEC50_SE,MW ≥215 Da,3107
nesso_01e3e98fbc449062cd1c,309.365,0.8612809784357901,0.284,raw_pEC50_SE,MW ≥215 Da,3107
nesso_4f6062f00df9e0332b60,272.30800000000005,0.8616028323141294,0.284,raw_pEC50_SE,MW ≥215 Da,3107
nesso_7ee6acb40300ee8b0040,362.43300000000005,0.8619246861924686,0.284,raw_pEC50_SE,MW ≥215 Da,3107
nesso_16546b4497b245d4682a,302.37400000000014,0.8622465400708078,0.285,raw_pEC50_SE,MW ≥215 Da,3107
nesso_1cc50c6962406320c1e5,339.4390000000002,0.8625683939491471,0.285,raw_pEC50_SE,MW ≥215 Da,3107
nesso_413eeaee5d8a7542b02b,337.48500000000024,0.8628902478274864,0.285,raw_pEC50_SE,MW ≥215 Da,3107
nesso_55354da9dc67acadca49,332.7870000000001,0.8632121017058255,0.285,raw_pEC50_SE,MW ≥215 Da,3107
nesso_b9f83882d32286287ee8,314.43300000000005,0.8635339555841648,0.285,raw_pEC50_SE,MW ≥215 Da,3107
nesso_c348a4dc885280169b4a,316.423,0.8638558094625041,0.285,raw_pEC50_SE,MW ≥215 Da,3107
nesso_e45a3d44c0c3857daedd,313.4050000000001,0.8641776633408432,0.285,raw_pEC50_SE,MW ≥215 Da,3107
nesso_21091aad4fda7880b224,405.4710000000001,0.8644995172191825,0.286,raw_pEC50_SE,MW ≥215 Da,3107
nesso_226a68ed465d252d861f,242.702,0.8648213710975218,0.286,raw_pEC50_SE,MW ≥215 Da,3107
nesso_2ae7bc5278929fbfa35c,332.3640000000001,0.8651432249758609,0.286,raw_pEC50_SE,MW ≥215 Da,3107
nesso_b1b9564523dd3940c44e,383.4810000000001,0.8654650788542002,0.286,raw_pEC50_SE,MW ≥215 Da,3107
nesso_b627feb8dbd4ef2f8134,356.37300000000005,0.8657869327325395,0.286,raw_pEC50_SE,MW ≥215 Da,3107
nesso_c92d7d3e08fa34acc105,297.322,0.8661087866108786,0.286,raw_pEC50_SE,MW ≥215 Da,3107
nesso_315a66387357acfbbf07,376.50400000000025,0.8664306404892179,0.287,raw_pEC50_SE,MW ≥215 Da,3107
nesso_3369c716c59ae89a4e7b,289.3750000000001,0.8667524943675571,0.287,raw_pEC50_SE,MW ≥215 Da,3107
nesso_739bb2f07cd756ec8cc7,316.40100000000007,0.8670743482458964,0.287,raw_pEC50_SE,MW ≥215 Da,3107
nesso_c7bcb3ceaa200dfe710b,352.4200000000001,0.8673962021242356,0.287,raw_pEC50_SE,MW ≥215 Da,3107
nesso_d6a32e7c2045902ec505,322.79600000000005,0.8677180560025748,0.287,raw_pEC50_SE,MW ≥215 Da,3107
nesso_ded5e51c9468691cb7fe,305.338,0.8680399098809141,0.287,raw_pEC50_SE,MW ≥215 Da,3107
nesso_0e8380bd9e378cedb949,417.55400000000037,0.8683617637592533,0.288,raw_pEC50_SE,MW ≥215 Da,3107
nesso_361c2fad3365c2b9bb13,286.37899999999996,0.8686836176375925,0.288,raw_pEC50_SE,MW ≥215 Da,3107
nesso_5048f97e9a8e51984ebc,351.45,0.8690054715159318,0.288,raw_pEC50_SE,MW ≥215 Da,3107
nesso_d421a3f493fc66cced08,369.3850000000001,0.869327325394271,0.288,raw_pEC50_SE,MW ≥215 Da,3107
nesso_f310b56be3822e9f8d13,324.3400000000001,0.8696491792726102,0.288,raw_pEC50_SE,MW ≥215 Da,3107
nesso_1833be115bef6f988933,310.401,0.8699710331509495,0.289,raw_pEC50_SE,MW ≥215 Da,3107
nesso_7a57fc72549f1aca2344,248.019,0.8702928870292888,0.289,raw_pEC50_SE,MW ≥215 Da,3107
nesso_d831659e4726ad5f8621,321.3770000000001,0.8706147409076279,0.289,raw_pEC50_SE,MW ≥215 Da,3107
nesso_0217a28a0058194c0e21,348.435,0.8709365947859672,0.29,raw_pEC50_SE,MW ≥215 Da,3107
nesso_260c7acf6ad299bafb7e,338.4110000000002,0.8712584486643064,0.29,raw_pEC50_SE,MW ≥215 Da,3107
nesso_2ee21137689780b0b25f,338.44000000000005,0.8715803025426456,0.29,raw_pEC50_SE,MW ≥215 Da,3107
nesso_386578837df088569b6e,439.51900000000023,0.8719021564209849,0.29,raw_pEC50_SE,MW ≥215 Da,3107
nesso_3b9b7dff6782642a49dc,363.5270000000001,0.8722240102993241,0.29,raw_pEC50_SE,MW ≥215 Da,3107
nesso_72e485612dbfb230e1d5,329.41800000000006,0.8725458641776633,0.29,raw_pEC50_SE,MW ≥215 Da,3107
nesso_7eb8ae6cf76849dde3f4,351.4540000000002,0.8728677180560026,0.29,raw_pEC50_SE,MW ≥215 Da,3107
nesso_8df1297e4ce29ee8498f,358.8500000000001,0.8731895719343418,0.29,raw_pEC50_SE,MW ≥215 Da,3107
nesso_b80307b84b1aa0ba75e5,372.47200000000015,0.873511425812681,0.29,raw_pEC50_SE,MW ≥215 Da,3107
nesso_d3b614917d6bc2602be2,377.4920000000003,0.8738332796910203,0.29,raw_pEC50_SE,MW ≥215 Da,3107
nesso_f2cd4724132bc712646d,338.41100000000006,0.8741551335693595,0.29,raw_pEC50_SE,MW ≥215 Da,3107
nesso_377d9fcd9ed54b820cc4,353.4440000000001,0.8744769874476988,0.291,raw_pEC50_SE,MW ≥215 Da,3107
nesso_3d5efb3ab06bb3104154,341.4550000000001,0.874798841326038,0.291,raw_pEC50_SE,MW ≥215 Da,3107
nesso_9954368b7f57d75b49e0,364.82900000000024,0.8751206952043772,0.291,raw_pEC50_SE,MW ≥215 Da,3107
nesso_c4687a0a4960ab8a6f69,353.37500000000006,0.8754425490827165,0.291,raw_pEC50_SE,MW ≥215 Da,3107
nesso_c77814085ae26ff515db,336.46100000000007,0.8757644029610557,0.291,raw_pEC50_SE,MW ≥215 Da,3107
nesso_58aad31f493277625cbe,364.8580000000001,0.8760862568393949,0.292,raw_pEC50_SE,MW ≥215 Da,3107
nesso_f6c38c2b42a8ca0219e0,361.19200000000006,0.8764081107177342,0.292,raw_pEC50_SE,MW ≥215 Da,3107
nesso_1ee12d0cfe40bf37b94d,418.57400000000024,0.8767299645960733,0.293,raw_pEC50_SE,MW ≥215 Da,3107
nesso_3cc69775b19249e29214,290.367,0.8770518184744126,0.293,raw_pEC50_SE,MW ≥215 Da,3107
nesso_5141b06a86de91962ad7,221.29999999999995,0.8773736723527519,0.293,raw_pEC50_SE,MW ≥215 Da,3107
nesso_692b5e7abb4d18438ed5,342.395,0.877695526231091,0.293,raw_pEC50_SE,MW ≥215 Da,3107
nesso_d497f537fe4c1f84408d,363.3480000000001,0.8780173801094303,0.293,raw_pEC50_SE,MW ≥215 Da,3107
nesso_163418f47dbaa5a3ddb7,349.42900000000003,0.8783392339877696,0.294,raw_pEC50_SE,MW ≥215 Da,3107
nesso_959a525204da7e9abe4c,299.3340000000001,0.8786610878661087,0.294,raw_pEC50_SE,MW ≥215 Da,3107
nesso_99d0d8a3fe158dd64a38,343.30500000000006,0.878982941744448,0.294,raw_pEC50_SE,MW ≥215 Da,3107
nesso_a27e5926a0eb8eb961f5,332.3830000000001,0.8793047956227873,0.294,raw_pEC50_SE,MW ≥215 Da,3107
nesso_a3bf5fc91c4ba038e9a3,390.4880000000003,0.8796266495011265,0.294,raw_pEC50_SE,MW ≥215 Da,3107
nesso_b637d606c541c00a5510,373.4350000000001,0.8799485033794657,0.294,raw_pEC50_SE,MW ≥215 Da,3107
nesso_c7d891325f24103ef503,428.49600000000015,0.880270357257805,0.294,raw_pEC50_SE,MW ≥215 Da,3107
nesso_dad2cd4f11bce28810c0,287.3629999999999,0.8805922111361442,0.294,raw_pEC50_SE,MW ≥215 Da,3107
nesso_edb70336944b57225212,278.10499999999996,0.8809140650144834,0.294,raw_pEC50_SE,MW ≥215 Da,3107
nesso_eff060628436ef7cbf71,361.405,0.8812359188928227,0.294,raw_pEC50_SE,MW ≥215 Da,3107
nesso_2616b267d28e154bd814,378.31400000000014,0.8815577727711619,0.295,raw_pEC50_SE,MW ≥215 Da,3107
nesso_8948e63cd299070a2a63,336.37,0.8818796266495011,0.295,raw_pEC50_SE,MW ≥215 Da,3107
nesso_9d18f81a3857ed6ec95f,331.3760000000001,0.8822014805278403,0.295,raw_pEC50_SE,MW ≥215 Da,3107
nesso_c5dc10766d72af146319,385.9200000000001,0.8825233344061796,0.295,raw_pEC50_SE,MW ≥215 Da,3107
nesso_cdb4736b84b12165b028,355.4640000000001,0.8828451882845189,0.295,raw_pEC50_SE,MW ≥215 Da,3107
nesso_e973ec1790605578fb43,356.4220000000001,0.883167042162858,0.295,raw_pEC50_SE,MW ≥215 Da,3107
nesso_1aaf75cf33d7b51c1280,318.36600000000004,0.8834888960411973,0.296,raw_pEC50_SE,MW ≥215 Da,3107
nesso_1d44c27a3d4ea9cebbe4,334.4640000000002,0.8838107499195366,0.296,raw_pEC50_SE,MW ≥215 Da,3107
nesso_9b6e433d944c4d4ece41,387.4800000000002,0.8841326037978757,0.297,raw_pEC50_SE,MW ≥215 Da,3107
nesso_af7c6b5f7da238892561,330.34400000000016,0.884454457676215,0.297,raw_pEC50_SE,MW ≥215 Da,3107
nesso_66bf14956fb045f6e87c,335.3640000000001,0.8847763115545543,0.298,raw_pEC50_SE,MW ≥215 Da,3107
nesso_81b2deeec889adedb8cf,303.36200000000014,0.8850981654328934,0.298,raw_pEC50_SE,MW ≥215 Da,3107
nesso_1594d1007e9648c7a177,323.3960000000001,0.8854200193112327,0.299,raw_pEC50_SE,MW ≥215 Da,3107
nesso_5bb5ff68c630124a7831,346.43,0.885741873189572,0.299,raw_pEC50_SE,MW ≥215 Da,3107
nesso_721098c45ec0c6ea778e,355.41600000000017,0.8860637270679111,0.299,raw_pEC50_SE,MW ≥215 Da,3107
nesso_99fa763ec305f837f772,247.30200000000002,0.8863855809462504,0.299,raw_pEC50_SE,MW ≥215 Da,3107
nesso_c79e7ea956944598a601,399.3690000000001,0.8867074348245897,0.299,raw_pEC50_SE,MW ≥215 Da,3107
nesso_e16430c3fb68de174897,355.39400000000006,0.8870292887029289,0.299,raw_pEC50_SE,MW ≥215 Da,3107
nesso_f003d13ecce2392838dd,373.365,0.8873511425812681,0.299,raw_pEC50_SE,MW ≥215 Da,3107
nesso_f0c39483f176a5828b77,389.5000000000003,0.8876729964596073,0.299,raw_pEC50_SE,MW ≥215 Da,3107
nesso_f3ff21001cdd298102c2,375.4540000000001,0.8879948503379466,0.299,raw_pEC50_SE,MW ≥215 Da,3107
nesso_57f8194097a8559f6990,394.47800000000007,0.8883167042162858,0.3,raw_pEC50_SE,MW ≥215 Da,3107
nesso_72e853722af3257db85f,298.39000000000004,0.888638558094625,0.3,raw_pEC50_SE,MW ≥215 Da,3107
nesso_a11aa3f1e72a5465a84f,345.42800000000005,0.8889604119729643,0.3,raw_pEC50_SE,MW ≥215 Da,3107
nesso_d53af22ef5207ba5a40a,349.43800000000005,0.8892822658513035,0.3,raw_pEC50_SE,MW ≥215 Da,3107
nesso_1fccbaf3616e443a20c8,347.44000000000005,0.8896041197296427,0.301,raw_pEC50_SE,MW ≥215 Da,3107
nesso_6e87bfe1462e86a9e705,388.2870000000001,0.889925973607982,0.301,raw_pEC50_SE,MW ≥215 Da,3107
nesso_76e83b84adc607dd19ad,299.33000000000004,0.8902478274863213,0.301,raw_pEC50_SE,MW ≥215 Da,3107
nesso_8a0105ba803b31878a44,445.5230000000001,0.8905696813646604,0.301,raw_pEC50_SE,MW ≥215 Da,3107
nesso_0804ecc50eeffbbfa430,361.8330000000001,0.8908915352429997,0.302,raw_pEC50_SE,MW ≥215 Da,3107
nesso_62360c31fba3981e7721,311.31100000000004,0.891213389121339,0.302,raw_pEC50_SE,MW ≥215 Da,3107
nesso_7e446aeec9ed9314f498,471.52100000000024,0.8915352429996781,0.302,raw_pEC50_SE,MW ≥215 Da,3107
nesso_0b0b2eb6c52bedf7cef0,375.4250000000002,0.8918570968780174,0.303,raw_pEC50_SE,MW ≥215 Da,3107
nesso_316d628ac446a7014c41,312.29099999999994,0.8921789507563566,0.303,raw_pEC50_SE,MW ≥215 Da,3107
nesso_4d5e4c1711c882b6af89,304.3160000000001,0.8925008046346958,0.303,raw_pEC50_SE,MW ≥215 Da,3107
nesso_57016bd91d5e8f502ccd,312.348,0.8928226585130351,0.303,raw_pEC50_SE,MW ≥215 Da,3107
nesso_6ffd0e628473af0c5025,376.47900000000016,0.8931445123913743,0.303,raw_pEC50_SE,MW ≥215 Da,3107
nesso_76783c92547105d764e0,316.32700000000017,0.8934663662697135,0.303,raw_pEC50_SE,MW ≥215 Da,3107
nesso_8eb60a4ddec08408285c,324.39600000000013,0.8937882201480528,0.303,raw_pEC50_SE,MW ≥215 Da,3107
nesso_f1ea2535515fd976e5dc,325.1990000000001,0.894110074026392,0.303,raw_pEC50_SE,MW ≥215 Da,3107
nesso_12dc14489529a6f7f98f,279.303,0.8944319279047312,0.304,raw_pEC50_SE,MW ≥215 Da,3107
nesso_24406335729f18189cf4,312.2950000000001,0.8947537817830705,0.304,raw_pEC50_SE,MW ≥215 Da,3107
nesso_2ddb299d468a692fe892,307.43800000000016,0.8950756356614097,0.304,raw_pEC50_SE,MW ≥215 Da,3107
nesso_536853e090d3edadd00a,281.651,0.895397489539749,0.305,raw_pEC50_SE,MW ≥215 Da,3107
nesso_5e546a4c5f236d70b600,375.4170000000001,0.8957193434180882,0.305,raw_pEC50_SE,MW ≥215 Da,3107
nesso_4bef6a4859614d11b28f,397.2770000000001,0.8960411972964274,0.306,raw_pEC50_SE,MW ≥215 Da,3107
nesso_9c6d257a35ade9649c8d,283.295,0.8963630511747667,0.306,raw_pEC50_SE,MW ≥215 Da,3107
nesso_bda4d9b5ff9ee0a7fbf5,279.344,0.8966849050531059,0.306,raw_pEC50_SE,MW ≥215 Da,3107
nesso_e08a31478a907313dd7e,323.31300000000005,0.8970067589314451,0.306,raw_pEC50_SE,MW ≥215 Da,3107
nesso_3acf8d48deaed3de46fd,340.3870000000001,0.8973286128097844,0.307,raw_pEC50_SE,MW ≥215 Da,3107
nesso_866144d50197857b02cd,301.39000000000004,0.8976504666881235,0.307,raw_pEC50_SE,MW ≥215 Da,3107
nesso_539043540ab69af94160,341.4110000000001,0.8979723205664628,0.308,raw_pEC50_SE,MW ≥215 Da,3107
nesso_5e762fe521a7e3040abc,314.45399999999995,0.8982941744448021,0.308,raw_pEC50_SE,MW ≥215 Da,3107
nesso_cdf0cb4a431b2e679b09,300.399,0.8986160283231412,0.308,raw_pEC50_SE,MW ≥215 Da,3107
nesso_46e8d4742d94f8c588d3,372.38500000000016,0.8989378822014805,0.309,raw_pEC50_SE,MW ≥215 Da,3107
nesso_54d5ea8a499c197e675b,254.311,0.8992597360798198,0.309,raw_pEC50_SE,MW ≥215 Da,3107
nesso_7416eb3d50dd2c1f30bb,355.3600000000002,0.899581589958159,0.309,raw_pEC50_SE,MW ≥215 Da,3107
nesso_248ce154d6adc928c565,398.55500000000023,0.8999034438364982,0.31,raw_pEC50_SE,MW ≥215 Da,3107
nesso_8f8beff38f9c84710d4d,287.323,0.9002252977148375,0.31,raw_pEC50_SE,MW ≥215 Da,3107
nesso_e55e150d3ba13265ea20,356.42200000000025,0.9005471515931767,0.31,raw_pEC50_SE,MW ≥215 Da,3107
nesso_1096f685dc7f6151e183,245.34700000000004,0.9008690054715159,0.311,raw_pEC50_SE,MW ≥215 Da,3107
nesso_5206a72cd503d68b0f27,303.318,0.9011908593498552,0.311,raw_pEC50_SE,MW ≥215 Da,3107
nesso_2730f3123439cb9ce852,370.47400000000005,0.9015127132281944,0.312,raw_pEC50_SE,MW ≥215 Da,3107
nesso_927871fee6d9002eb9ea,390.5500000000001,0.9018345671065336,0.312,raw_pEC50_SE,MW ≥215 Da,3107
nesso_15e74ff6d840669cb33c,367.4530000000001,0.9021564209848729,0.313,raw_pEC50_SE,MW ≥215 Da,3107
nesso_4d827206ffa429ed4bfd,361.43100000000004,0.9024782748632121,0.313,raw_pEC50_SE,MW ≥215 Da,3107
nesso_a1c8f1ea3ebb18b21d25,355.35400000000004,0.9028001287415514,0.313,raw_pEC50_SE,MW ≥215 Da,3107
nesso_a8a404d413db6b221614,356.3820000000002,0.9031219826198905,0.313,raw_pEC50_SE,MW ≥215 Da,3107
nesso_c9c9324bdb959b99bd40,311.34499999999997,0.9034438364982298,0.313,raw_pEC50_SE,MW ≥215 Da,3107
nesso_e241dba00c24df6d0b86,314.34499999999997,0.9037656903765691,0.313,raw_pEC50_SE,MW ≥215 Da,3107
nesso_0a2da96a1141c6f71a48,312.41000000000014,0.9040875442549082,0.314,raw_pEC50_SE,MW ≥215 Da,3107
nesso_e34c3c5afbbc0fc72c40,339.4170000000001,0.9044093981332475,0.315,raw_pEC50_SE,MW ≥215 Da,3107
nesso_4d9378cc4507cd56540c,403.5480000000002,0.9047312520115868,0.316,raw_pEC50_SE,MW ≥215 Da,3107
nesso_b1b43b2b013d072f81e9,328.28400000000005,0.9050531058899259,0.316,raw_pEC50_SE,MW ≥215 Da,3107
nesso_c020cc19e468e178acc4,270.328,0.9053749597682652,0.316,raw_pEC50_SE,MW ≥215 Da,3107
nesso_2014dee2f21f66bdc34f,331.36100000000005,0.9056968136466045,0.317,raw_pEC50_SE,MW ≥215 Da,3107
nesso_ca244636b95ed6060cdc,268.27299999999997,0.9060186675249436,0.318,raw_pEC50_SE,MW ≥215 Da,3107
nesso_e7953eeeb168bf4e4523,295.914,0.9063405214032829,0.318,raw_pEC50_SE,MW ≥215 Da,3107
nesso_6dab1939ffe6820739cb,317.3930000000002,0.9066623752816222,0.319,raw_pEC50_SE,MW ≥215 Da,3107
nesso_cdb6fa097ef9277e1eef,320.46200000000005,0.9069842291599614,0.319,raw_pEC50_SE,MW ≥215 Da,3107
nesso_d77c33c8671f60454578,370.43800000000005,0.9073060830383006,0.319,raw_pEC50_SE,MW ≥215 Da,3107
nesso_d7d840643891db6c76ed,310.43800000000005,0.9076279369166399,0.319,raw_pEC50_SE,MW ≥215 Da,3107
nesso_20584d50123238f68014,300.31800000000004,0.9079497907949791,0.32,raw_pEC50_SE,MW ≥215 Da,3107
nesso_3369c375d109e075bd2f,356.386,0.9082716446733183,0.32,raw_pEC50_SE,MW ≥215 Da,3107
nesso_b39ebf9ac3b89cd2e0a1,364.49300000000034,0.9085934985516575,0.32,raw_pEC50_SE,MW ≥215 Da,3107
nesso_ce97c010ff2abcc40f6f,328.3800000000001,0.9089153524299968,0.32,raw_pEC50_SE,MW ≥215 Da,3107
nesso_d8ca845643a7c8e2b8e0,304.34600000000006,0.909237206308336,0.32,raw_pEC50_SE,MW ≥215 Da,3107
nesso_fa83c2e091ebd947907f,390.3960000000002,0.9095590601866752,0.32,raw_pEC50_SE,MW ≥215 Da,3107
nesso_1c766b76a2127f3c7d58,331.755,0.9098809140650145,0.321,raw_pEC50_SE,MW ≥215 Da,3107
nesso_af78976fae3b32ffa8a2,334.3660000000001,0.9102027679433538,0.321,raw_pEC50_SE,MW ≥215 Da,3107
nesso_3d2226671f8e509a68b1,260.676,0.9105246218216929,0.322,raw_pEC50_SE,MW ≥215 Da,3107
nesso_3d2d9916d2e5f6c562b5,340.43,0.9108464757000322,0.322,raw_pEC50_SE,MW ≥215 Da,3107
nesso_f55b9b3aa3e836fe48af,341.47700000000003,0.9111683295783715,0.322,raw_pEC50_SE,MW ≥215 Da,3107
nesso_6dedf2a75b88249b1869,365.4330000000003,0.9114901834567106,0.323,raw_pEC50_SE,MW ≥215 Da,3107
nesso_3840ff522a71aa25a2e0,434.8810000000002,0.9118120373350499,0.324,raw_pEC50_SE,MW ≥215 Da,3107
nesso_0f4bd6a3c134612e6b52,328.4160000000001,0.9121338912133892,0.325,raw_pEC50_SE,MW ≥215 Da,3107
nesso_f4e2a6c36dd7848e0375,305.3850000000001,0.9124557450917283,0.325,raw_pEC50_SE,MW ≥215 Da,3107
nesso_13b7ff53e98b875182c4,314.374,0.9127775989700676,0.326,raw_pEC50_SE,MW ≥215 Da,3107
nesso_994174b48483273d034c,283.335,0.9130994528484069,0.326,raw_pEC50_SE,MW ≥215 Da,3107
nesso_34b9d19effb8a80f3600,310.31300000000005,0.913421306726746,0.327,raw_pEC50_SE,MW ≥215 Da,3107
nesso_2db7b6e41b2ff6226915,300.15199999999993,0.9137431606050853,0.328,raw_pEC50_SE,MW ≥215 Da,3107
nesso_9a7feee7472611874031,384.39200000000005,0.9140650144834245,0.328,raw_pEC50_SE,MW ≥215 Da,3107
nesso_69bbbb6feb389a5c302a,261.28900000000004,0.9143868683617637,0.329,raw_pEC50_SE,MW ≥215 Da,3107
nesso_6d69453ada3896e5eaac,322.34600000000006,0.914708722240103,0.329,raw_pEC50_SE,MW ≥215 Da,3107
nesso_c8dab8b2a1fd4b562452,353.44800000000015,0.9150305761184422,0.329,raw_pEC50_SE,MW ≥215 Da,3107
nesso_3e50a2dfc9ca570de833,258.28100000000006,0.9153524299967815,0.33,raw_pEC50_SE,MW ≥215 Da,3107
nesso_fa5d4a7529e05796e25e,297.44300000000004,0.9156742838751207,0.332,raw_pEC50_SE,MW ≥215 Da,3107
nesso_0c359eb67ded1710d6af,330.35900000000015,0.9159961377534599,0.334,raw_pEC50_SE,MW ≥215 Da,3107
nesso_4182517d3dcfc5c12c1e,317.3930000000002,0.9163179916317992,0.334,raw_pEC50_SE,MW ≥215 Da,3107
nesso_8a0c74577b1b6d9c3154,260.091,0.9166398455101384,0.336,raw_pEC50_SE,MW ≥215 Da,3107
nesso_8139905a9ad88b921229,347.44000000000005,0.9169616993884776,0.337,raw_pEC50_SE,MW ≥215 Da,3107
nesso_a3223cf0e7d49aec01c1,243.16799999999998,0.9172835532668169,0.338,raw_pEC50_SE,MW ≥215 Da,3107
nesso_04142bdec5df0bc585a1,332.35600000000017,0.9176054071451561,0.339,raw_pEC50_SE,MW ≥215 Da,3107
nesso_0d4757b497005ae44de0,326.312,0.9179272610234953,0.339,raw_pEC50_SE,MW ≥215 Da,3107
nesso_558b4772d2fa6f5f9341,271.32399999999996,0.9182491149018346,0.339,raw_pEC50_SE,MW ≥215 Da,3107
nesso_59d35fa61db155407ac1,374.44400000000013,0.9185709687801737,0.339,raw_pEC50_SE,MW ≥215 Da,3107
nesso_d95be0879528201b5761,369.38100000000003,0.918892822658513,0.339,raw_pEC50_SE,MW ≥215 Da,3107
nesso_46b6c4e98c15e1aedf31,300.278,0.9192146765368523,0.34,raw_pEC50_SE,MW ≥215 Da,3107
nesso_de68974cf18f631c851d,379.4200000000001,0.9195365304151915,0.34,raw_pEC50_SE,MW ≥215 Da,3107
nesso_7992d6de6f0762b9f937,388.47100000000006,0.9198583842935307,0.341,raw_pEC50_SE,MW ≥215 Da,3107
nesso_064596be752914f8faf8,363.37700000000007,0.92018023817187,0.342,raw_pEC50_SE,MW ≥215 Da,3107
nesso_5d399d03ae621a79c307,349.3910000000001,0.9205020920502092,0.342,raw_pEC50_SE,MW ≥215 Da,3107
nesso_ad41158bad3e1731467a,381.303,0.9208239459285484,0.342,raw_pEC50_SE,MW ≥215 Da,3107
nesso_70d0f5b96cb3d9ea6084,316.38599999999997,0.9211457998068877,0.343,raw_pEC50_SE,MW ≥215 Da,3107
nesso_8600a4f9d23b36106aa8,376.3730000000003,0.9214676536852269,0.343,raw_pEC50_SE,MW ≥215 Da,3107
nesso_ba1ccf7c898259be2b0c,288.299,0.9217895075635661,0.343,raw_pEC50_SE,MW ≥215 Da,3107
nesso_d88d1e5c243ff14b18f8,387.48000000000025,0.9221113614419054,0.343,raw_pEC50_SE,MW ≥215 Da,3107
nesso_3624b55b27ee1071e598,363.4620000000002,0.9224332153202446,0.344,raw_pEC50_SE,MW ≥215 Da,3107
nesso_d51ec5767b9c7ddae710,335.40400000000005,0.9227550691985839,0.345,raw_pEC50_SE,MW ≥215 Da,3107
nesso_220a0a3ea4a4581d7314,418.4750000000002,0.9230769230769231,0.347,raw_pEC50_SE,MW ≥215 Da,3107
nesso_ad5a8ccc251dd2907b53,374.4660000000001,0.9233987769552623,0.347,raw_pEC50_SE,MW ≥215 Da,3107
nesso_fe2e4cc1f91d5b377535,223.247,0.9237206308336016,0.348,raw_pEC50_SE,MW ≥215 Da,3107
nesso_47ce18cc7885d171857c,359.42900000000003,0.9240424847119407,0.349,raw_pEC50_SE,MW ≥215 Da,3107
nesso_875b4d1bdc659ae44bef,328.3360000000001,0.92436433859028,0.35,raw_pEC50_SE,MW ≥215 Da,3107
nesso_b148c1ed90d306cccec3,447.80400000000003,0.9246861924686193,0.351,raw_pEC50_SE,MW ≥215 Da,3107
nesso_32fef4ea3974f8b42a6e,220.27199999999996,0.9250080463469584,0.352,raw_pEC50_SE,MW ≥215 Da,3107
nesso_3080df862b2bbf5b4fbe,357.4100000000002,0.9253299002252977,0.354,raw_pEC50_SE,MW ≥215 Da,3107
nesso_21d21eb95f84a533985a,377.4220000000001,0.925651754103637,0.355,raw_pEC50_SE,MW ≥215 Da,3107
nesso_b17c308bcee229b4c73f,375.45400000000006,0.9259736079819761,0.355,raw_pEC50_SE,MW ≥215 Da,3107
nesso_6c878edc36a3cbee9935,472.6150000000003,0.9262954618603154,0.357,raw_pEC50_SE,MW ≥215 Da,3107
nesso_f88aebc93e354168e948,346.35400000000004,0.9266173157386547,0.359,raw_pEC50_SE,MW ≥215 Da,3107
nesso_8aff68b14a4a99295378,396.8520000000001,0.9269391696169939,0.36,raw_pEC50_SE,MW ≥215 Da,3107
nesso_d1868c4cf5502460dd4c,321.33700000000016,0.9272610234953331,0.36,raw_pEC50_SE,MW ≥215 Da,3107
nesso_bb69b67fa1c8b8677683,327.12300000000005,0.9275828773736724,0.3600781165247341,raw_pEC50_SE,MW ≥215 Da,3107
nesso_59c21a73f9f34a120af3,314.349,0.9279047312520116,0.365,raw_pEC50_SE,MW ≥215 Da,3107
nesso_862025e64f5113908187,265.31600000000003,0.9282265851303508,0.368,raw_pEC50_SE,MW ≥215 Da,3107
nesso_2a160371322a54edc5d8,379.8480000000001,0.9285484390086901,0.369,raw_pEC50_SE,MW ≥215 Da,3107
nesso_70a6bd68ec574054929a,262.22099999999995,0.9288702928870293,0.372,raw_pEC50_SE,MW ≥215 Da,3107
nesso_c32e5dc5e9b393482418,403.5710000000002,0.9291921467653685,0.373,raw_pEC50_SE,MW ≥215 Da,3107
nesso_378362838b1b96dd8ecd,266.389,0.9295140006437077,0.378,raw_pEC50_SE,MW ≥215 Da,3107
nesso_a668787ab109b3965098,283.335,0.929835854522047,0.379,raw_pEC50_SE,MW ≥215 Da,3107
nesso_7289551635c323bf5b57,326.36,0.9301577084003863,0.381,raw_pEC50_SE,MW ≥215 Da,3107
nesso_aeb8ee90b1bac1d7fb98,261.3649999999999,0.9304795622787254,0.381,raw_pEC50_SE,MW ≥215 Da,3107
nesso_beea7e37023706f11e2c,369.5900000000001,0.9308014161570647,0.383,raw_pEC50_SE,MW ≥215 Da,3107
nesso_3291b8fa4701d729481d,334.3800000000001,0.931123270035404,0.386,raw_pEC50_SE,MW ≥215 Da,3107
nesso_950480cea024ee833804,366.44300000000015,0.9314451239137431,0.39,raw_pEC50_SE,MW ≥215 Da,3107
nesso_fed35b9340e6c1f5dc99,371.5030000000003,0.9317669777920824,0.391,raw_pEC50_SE,MW ≥215 Da,3107
nesso_4f28ef398be4404d7d84,369.46900000000016,0.9320888316704217,0.394,raw_pEC50_SE,MW ≥215 Da,3107
nesso_1981aac7e8ba821e7414,316.321,0.9324106855487608,0.395,raw_pEC50_SE,MW ≥215 Da,3107
nesso_cdf9a724bb9172d53cb4,371.235,0.9327325394271001,0.396,raw_pEC50_SE,MW ≥215 Da,3107
nesso_0bdf12e321b2bc8e9379,264.285,0.9330543933054394,0.397,raw_pEC50_SE,MW ≥215 Da,3107
nesso_01d2efbfa0009bd4b228,369.4290000000001,0.9333762471837785,0.4,raw_pEC50_SE,MW ≥215 Da,3107
nesso_3f0a8a7cf8cfa1675b11,252.1409999999999,0.9336981010621178,0.402,raw_pEC50_SE,MW ≥215 Da,3107
nesso_3049d16166e0a2f63420,338.3710000000001,0.9340199549404571,0.403,raw_pEC50_SE,MW ≥215 Da,3107
nesso_cb5d247b2c68f78d2d7c,363.46500000000015,0.9343418088187962,0.407,raw_pEC50_SE,MW ≥215 Da,3107
nesso_f159df6a354e4dfc3b56,305.73900000000003,0.9346636626971355,0.409,raw_pEC50_SE,MW ≥215 Da,3107
nesso_b5f7048af0a1d2142fed,306.36600000000004,0.9349855165754747,0.411,raw_pEC50_SE,MW ≥215 Da,3107
nesso_4a96ce4024c661f81925,287.348,0.935307370453814,0.412,raw_pEC50_SE,MW ≥215 Da,3107
nesso_97a7c51e8e328112f4cd,332.40400000000017,0.9356292243321532,0.416,raw_pEC50_SE,MW ≥215 Da,3107
nesso_75e6a5ede0e897c326d1,335.4110000000002,0.9359510782104924,0.418,raw_pEC50_SE,MW ≥215 Da,3107
nesso_cb7ee4497869735128fb,388.47200000000026,0.9362729320888317,0.418,raw_pEC50_SE,MW ≥215 Da,3107
nesso_a9f4bf6d2ca034cc9c54,358.4860000000002,0.9365947859671709,0.429,raw_pEC50_SE,MW ≥215 Da,3107
nesso_6fad9d532f195b43880e,349.4120000000002,0.9369166398455101,0.432,raw_pEC50_SE,MW ≥215 Da,3107
nesso_880bcae94a87acbf8fa2,413.42400000000015,0.9372384937238494,0.432,raw_pEC50_SE,MW ≥215 Da,3107
nesso_dbcc3faf24f8e48c422c,314.345,0.9375603476021886,0.433,raw_pEC50_SE,MW ≥215 Da,3107
nesso_54bdb623844be2d6c29b,370.8250000000001,0.9378822014805278,0.434,raw_pEC50_SE,MW ≥215 Da,3107
nesso_82e62a9edd397c1a585d,319.36899999999997,0.9382040553588671,0.438,raw_pEC50_SE,MW ≥215 Da,3107
nesso_adc364d7ffc2935af61a,382.4640000000002,0.9385259092372064,0.44,raw_pEC50_SE,MW ≥215 Da,3107
nesso_ed86cf71bf3d4bf642ec,344.34200000000016,0.9388477631155455,0.447,raw_pEC50_SE,MW ≥215 Da,3107
nesso_51ae0799eb34b2e66aef,270.34000000000003,0.9391696169938848,0.449,raw_pEC50_SE,MW ≥215 Da,3107
nesso_0fd6ea916cf6bc4d1b4f,360.4240000000001,0.939491470872224,0.451,raw_pEC50_SE,MW ≥215 Da,3107
nesso_d230bec33af21f51361a,240.306,0.9398133247505632,0.453,raw_pEC50_SE,MW ≥215 Da,3107
nesso_2ee6e75294d35fec41ae,358.3980000000001,0.9401351786289025,0.454,raw_pEC50_SE,MW ≥215 Da,3107
nesso_4d5019b0d6c2cb537f30,361.5110000000002,0.9404570325072417,0.457,raw_pEC50_SE,MW ≥215 Da,3107
nesso_a04c0a08b672116d61c9,477.47700000000026,0.9407788863855809,0.457,raw_pEC50_SE,MW ≥215 Da,3107
nesso_88a545cd3528a4f93730,385.4930000000001,0.9411007402639202,0.46,raw_pEC50_SE,MW ≥215 Da,3107
nesso_e0b089106284225f49ab,345.754,0.9414225941422594,0.461,raw_pEC50_SE,MW ≥215 Da,3107
nesso_684c227a93e270f5305e,381.4400000000002,0.9417444480205986,0.463,raw_pEC50_SE,MW ≥215 Da,3107
nesso_c2fc4aeb1063804ad129,249.30999999999997,0.9420663018989379,0.463,raw_pEC50_SE,MW ≥215 Da,3107
nesso_432798b996a959b75cc6,379.48200000000014,0.9423881557772771,0.47,raw_pEC50_SE,MW ≥215 Da,3107
nesso_038af1e376e4d8ba5b95,284.408,0.9427100096556164,0.471,raw_pEC50_SE,MW ≥215 Da,3107
nesso_0ba75904a03a269a6afc,360.37700000000007,0.9430318635339556,0.471,raw_pEC50_SE,MW ≥215 Da,3107
nesso_f597382736365cfb60fe,373.49700000000024,0.9433537174122948,0.472,raw_pEC50_SE,MW ≥215 Da,3107
nesso_a1d767cc92bf2e4b1584,385.5120000000002,0.9436755712906341,0.473,raw_pEC50_SE,MW ≥215 Da,3107
nesso_e17101ab52b477a8b3fa,229.23499999999999,0.9439974251689733,0.477,raw_pEC50_SE,MW ≥215 Da,3107
nesso_28f00fc4a3ade5c866af,367.40900000000016,0.9443192790473125,0.48,raw_pEC50_SE,MW ≥215 Da,3107
nesso_bf593c364273b6f242a0,319.40500000000014,0.9446411329256518,0.48,raw_pEC50_SE,MW ≥215 Da,3107
nesso_2308c53285c06d70bea4,249.096,0.9449629868039909,0.481,raw_pEC50_SE,MW ≥215 Da,3107
nesso_06a4941ea749925e8e76,372.8560000000001,0.9452848406823302,0.482,raw_pEC50_SE,MW ≥215 Da,3107
nesso_33f2109256ae660f4921,217.19899999999998,0.9456066945606695,0.484,raw_pEC50_SE,MW ≥215 Da,3107
nesso_aab50b04b56ea7f8dcc6,380.4080000000001,0.9459285484390086,0.484,raw_pEC50_SE,MW ≥215 Da,3107
nesso_0299796dc6ed1475b183,308.42200000000014,0.9462504023173479,0.487,raw_pEC50_SE,MW ≥215 Da,3107
nesso_77da981650c5dfde39b3,360.39500000000004,0.9465722561956872,0.487,raw_pEC50_SE,MW ≥215 Da,3107
nesso_e6bdb01d90d35d851cd1,341.367,0.9468941100740264,0.487,raw_pEC50_SE,MW ≥215 Da,3107
nesso_2ac6d8bf15d160f8c123,253.32299999999995,0.9472159639523656,0.49,raw_pEC50_SE,MW ≥215 Da,3107
nesso_3363ad2c57f97c8f3cc7,255.233,0.9475378178307049,0.493,raw_pEC50_SE,MW ≥215 Da,3107
nesso_544a7b40a1beb725d177,254.28500000000003,0.9478596717090441,0.495,raw_pEC50_SE,MW ≥215 Da,3107
nesso_6c1674ba3aecbf1ada87,403.5070000000001,0.9481815255873833,0.497,raw_pEC50_SE,MW ≥215 Da,3107
nesso_cc0a371df748207bd8a1,294.398,0.9485033794657226,0.499,raw_pEC50_SE,MW ≥215 Da,3107
nesso_3ff0fbbbd60ffac79d79,357.4350000000001,0.9488252333440618,0.502,raw_pEC50_SE,MW ≥215 Da,3107
nesso_a0fed1dee1cc886b4e27,290.32300000000004,0.949147087222401,0.503,raw_pEC50_SE,MW ≥215 Da,3107
nesso_0ca2fd6c919ff188c732,350.42500000000007,0.9494689411007403,0.504,raw_pEC50_SE,MW ≥215 Da,3107
nesso_0a1a8439f812017cd5f3,467.57000000000033,0.9497907949790795,0.506,raw_pEC50_SE,MW ≥215 Da,3107
nesso_2f50f4645c838c820046,382.4640000000001,0.9501126488574188,0.506,raw_pEC50_SE,MW ≥215 Da,3107
nesso_5def65bf110d1dc8956b,373.4820000000002,0.9504345027357579,0.506,raw_pEC50_SE,MW ≥215 Da,3107
nesso_f190022dd2d3a59fb3df,342.355,0.9507563566140972,0.507,raw_pEC50_SE,MW ≥215 Da,3107
nesso_dfcc35fde30241da8e60,370.4090000000001,0.9510782104924365,0.511,raw_pEC50_SE,MW ≥215 Da,3107
nesso_4bce916ae85b7548b46e,392.41500000000013,0.9514000643707756,0.512,raw_pEC50_SE,MW ≥215 Da,3107
nesso_2cac5bb87584c48d165a,362.43300000000005,0.9517219182491149,0.517,raw_pEC50_SE,MW ≥215 Da,3107
nesso_5cfa0b1cdf24c0c2ff3a,293.3260000000001,0.9520437721274542,0.517,raw_pEC50_SE,MW ≥215 Da,3107
nesso_e48c82203f8c26695847,749.956,0.9523656260057933,0.518,raw_pEC50_SE,MW ≥215 Da,3107
nesso_f12a1fb777b51b8cc4fa,411.4180000000001,0.9526874798841326,0.52,raw_pEC50_SE,MW ≥215 Da,3107
nesso_414d8d144b10ecb2431d,322.3650000000001,0.9530093337624719,0.521,raw_pEC50_SE,MW ≥215 Da,3107
nesso_8b19ddae39ca3d3deccb,368.4810000000003,0.953331187640811,0.523,raw_pEC50_SE,MW ≥215 Da,3107
nesso_0ac2b88c1ab4802e79e3,369.8520000000001,0.9536530415191503,0.524,raw_pEC50_SE,MW ≥215 Da,3107
nesso_472a5a0b7bd15868d215,416.6460000000003,0.9539748953974896,0.524,raw_pEC50_SE,MW ≥215 Da,3107
nesso_0eae8fa70bc930c93fd7,283.33500000000004,0.9542967492758287,0.527,raw_pEC50_SE,MW ≥215 Da,3107
nesso_34645a3b715713be5d8f,398.48200000000014,0.954618603154168,0.528,raw_pEC50_SE,MW ≥215 Da,3107
nesso_be3221814212a6d4bd6e,359.8130000000001,0.9549404570325073,0.528,raw_pEC50_SE,MW ≥215 Da,3107
nesso_f07b05268d1eb5155aca,316.4230000000002,0.9552623109108465,0.529,raw_pEC50_SE,MW ≥215 Da,3107
nesso_e909b041029e28de8616,396.42500000000024,0.9555841647891857,0.532,raw_pEC50_SE,MW ≥215 Da,3107
nesso_9ccc747e90f50f1d2cf9,301.34999999999997,0.9559060186675249,0.533,raw_pEC50_SE,MW ≥215 Da,3107
nesso_3d59615345e59150d58f,404.47400000000016,0.9562278725458642,0.534,raw_pEC50_SE,MW ≥215 Da,3107
nesso_4c53039b79f12a32cfb5,422.9150000000001,0.9565497264242034,0.534,raw_pEC50_SE,MW ≥215 Da,3107
nesso_1787c5c93d53148996c6,225.16,0.9568715803025426,0.535,raw_pEC50_SE,MW ≥215 Da,3107
nesso_c174b3bb4d3a597784dd,305.30100000000004,0.9571934341808819,0.535,raw_pEC50_SE,MW ≥215 Da,3107
nesso_efe277396db5566144ba,304.393,0.9575152880592211,0.535,raw_pEC50_SE,MW ≥215 Da,3107
nesso_34bdbca6bf8016c6eeae,315.4020000000001,0.9578371419375603,0.536,raw_pEC50_SE,MW ≥215 Da,3107
nesso_8c1c01a5d38f0effe6fb,344.3960000000001,0.9581589958158996,0.536,raw_pEC50_SE,MW ≥215 Da,3107
nesso_ab1756ffc5791970f430,482.58500000000026,0.9584808496942389,0.536,raw_pEC50_SE,MW ≥215 Da,3107
nesso_c07e5cd7a58e085a8f07,369.4650000000001,0.958802703572578,0.536,raw_pEC50_SE,MW ≥215 Da,3107
nesso_d1da0eeaa789010c8e4d,348.4060000000001,0.9591245574509173,0.536,raw_pEC50_SE,MW ≥215 Da,3107
nesso_50900b0b28493770380a,379.42000000000013,0.9594464113292566,0.537,raw_pEC50_SE,MW ≥215 Da,3107
nesso_afb9184c6875164d53a6,305.502,0.9597682652075957,0.538,raw_pEC50_SE,MW ≥215 Da,3107
nesso_fa20ac63ad4a118346df,433.4490000000001,0.960090119085935,0.538,raw_pEC50_SE,MW ≥215 Da,3107
nesso_0543135cb070bc0ee953,317.38900000000007,0.9604119729642743,0.539,raw_pEC50_SE,MW ≥215 Da,3107
nesso_bb478bafff86f8e7bf41,303.3260000000001,0.9607338268426134,0.54,raw_pEC50_SE,MW ≥215 Da,3107
nesso_cf61d0d999c3f5b78b29,310.40500000000003,0.9610556807209527,0.54,raw_pEC50_SE,MW ≥215 Da,3107
nesso_37f2d9e67174a139f1ea,361.40200000000016,0.9613775345992919,0.541,raw_pEC50_SE,MW ≥215 Da,3107
nesso_1ef1b575f3c84fcc9f23,419.3840000000002,0.9616993884776311,0.542,raw_pEC50_SE,MW ≥215 Da,3107
nesso_4300bc91f6339e238e2f,270.339,0.9620212423559704,0.542,raw_pEC50_SE,MW ≥215 Da,3107
nesso_b9f1dbffa729dc75932b,326.40000000000003,0.9623430962343096,0.542,raw_pEC50_SE,MW ≥215 Da,3107
nesso_f49f6397e09e7c108021,290.33000000000004,0.9626649501126489,0.542,raw_pEC50_SE,MW ≥215 Da,3107
nesso_572549b327ba48eb7113,586.6890000000004,0.9629868039909881,0.544,raw_pEC50_SE,MW ≥215 Da,3107
nesso_44becade98e7ef4f5ce4,392.4810000000001,0.9633086578693273,0.545,raw_pEC50_SE,MW ≥215 Da,3107
nesso_950c27ced0893a10c205,341.37100000000004,0.9636305117476666,0.545,raw_pEC50_SE,MW ≥215 Da,3107
nesso_383b33dae860fe0ed349,348.3780000000002,0.9639523656260058,0.546,raw_pEC50_SE,MW ≥215 Da,3107
nesso_44fbd22f40132c334636,305.30100000000004,0.964274219504345,0.546,raw_pEC50_SE,MW ≥215 Da,3107
nesso_9f72418bb1ac6ffe6967,372.45,0.9645960733826843,0.547,raw_pEC50_SE,MW ≥215 Da,3107
nesso_0e475a3e7244ddb942de,299.40300000000013,0.9649179272610235,0.549,raw_pEC50_SE,MW ≥215 Da,3107
nesso_bef7902b99d779094fd3,286.29100000000005,0.9652397811393627,0.549,raw_pEC50_SE,MW ≥215 Da,3107
nesso_d733c9bb96fde2d5fc45,349.46000000000015,0.965561635017702,0.549,raw_pEC50_SE,MW ≥215 Da,3107
nesso_ae8b9c391fa0b7e2bd0d,558.5950000000003,0.9658834888960411,0.551,raw_pEC50_SE,MW ≥215 Da,3107
nesso_f19bf30136517f1feb64,305.324,0.9662053427743804,0.551,raw_pEC50_SE,MW ≥215 Da,3107
nesso_333c4f0ee0b4e3dbcc76,251.32899999999995,0.9665271966527197,0.552,raw_pEC50_SE,MW ≥215 Da,3107
nesso_e7259de893916da231fb,322.3430000000001,0.9668490505310589,0.553,raw_pEC50_SE,MW ≥215 Da,3107
nesso_ec0c107a0b7387af65c8,312.377,0.9671709044093981,0.553,raw_pEC50_SE,MW ≥215 Da,3107
nesso_337983ddd90efaa84beb,318.37600000000003,0.9674927582877374,0.554,raw_pEC50_SE,MW ≥215 Da,3107
nesso_65d41c86f9528ce7021a,446.5110000000001,0.9678146121660766,0.557,raw_pEC50_SE,MW ≥215 Da,3107
nesso_dc914de6ed6f32ecdbd6,338.367,0.9681364660444158,0.557,raw_pEC50_SE,MW ≥215 Da,3107
nesso_be3daea1a7c054eefbf1,426.8600000000003,0.9684583199227551,0.558,raw_pEC50_SE,MW ≥215 Da,3107
nesso_492ffc82d6413fffc641,344.4190000000001,0.9687801738010943,0.559,raw_pEC50_SE,MW ≥215 Da,3107
nesso_5ef5fef234fae98d5d5f,296.5520000000001,0.9691020276794335,0.559,raw_pEC50_SE,MW ≥215 Da,3107
nesso_681f93a2bf8b2e1f2583,308.34100000000007,0.9694238815577728,0.559,raw_pEC50_SE,MW ≥215 Da,3107
nesso_fc26bca176f386133430,340.38700000000006,0.969745735436112,0.56,raw_pEC50_SE,MW ≥215 Da,3107
nesso_e1401a44c6266a28f384,251.72100000000003,0.9700675893144513,0.561,raw_pEC50_SE,MW ≥215 Da,3107
nesso_b832e1d5c07e76cc82af,328.39700000000005,0.9703894431927905,0.562,raw_pEC50_SE,MW ≥215 Da,3107
nesso_6437b209630ec64e5201,539.6360000000004,0.9707112970711297,0.564,raw_pEC50_SE,MW ≥215 Da,3107
nesso_810bbc565ffd5436bbca,306.3690000000001,0.971033150949469,0.564,raw_pEC50_SE,MW ≥215 Da,3107
nesso_8603c8678dae39d6cc5f,329.3850000000001,0.9713550048278081,0.564,raw_pEC50_SE,MW ≥215 Da,3107
nesso_ac8e86b6ed81cc7088ab,530.4560000000004,0.9716768587061474,0.564,raw_pEC50_SE,MW ≥215 Da,3107
nesso_5803726bf86fff9713db,268.16099999999994,0.9719987125844867,0.565,raw_pEC50_SE,MW ≥215 Da,3107
nesso_231b46a43cb7450ea3c8,270.21,0.9723205664628258,0.566,raw_pEC50_SE,MW ≥215 Da,3107
nesso_39bf6dcf79fb083da9cd,260.29699999999997,0.9726424203411651,0.566,raw_pEC50_SE,MW ≥215 Da,3107
nesso_5457515b028b8fb7ab1b,308.37800000000004,0.9729642742195044,0.568,raw_pEC50_SE,MW ≥215 Da,3107
nesso_7e5ae97e5833a30d8a5a,281.308,0.9732861280978435,0.568,raw_pEC50_SE,MW ≥215 Da,3107
nesso_f0f8a0e28d0c24ccd203,295.298,0.9736079819761828,0.568,raw_pEC50_SE,MW ≥215 Da,3107
nesso_38f7df91df2f8be07f5b,256.4299999999999,0.9739298358545221,0.569,raw_pEC50_SE,MW ≥215 Da,3107
nesso_ea12739a713686eac542,324.388,0.9742516897328612,0.569,raw_pEC50_SE,MW ≥215 Da,3107
nesso_7422f2d250408fb65a71,347.379,0.9745735436112005,0.57,raw_pEC50_SE,MW ≥215 Da,3107
nesso_e155da2f46a848505fa2,420.29400000000004,0.9748953974895398,0.57,raw_pEC50_SE,MW ≥215 Da,3107
nesso_151030d1c6f9f8bfae77,306.27700000000004,0.975217251367879,0.571,raw_pEC50_SE,MW ≥215 Da,3107
nesso_64885429dd9023480a43,247.68099999999998,0.9755391052462182,0.572,raw_pEC50_SE,MW ≥215 Da,3107
nesso_b24c6e7b8d287a11ee31,377.47000000000014,0.9758609591245575,0.572,raw_pEC50_SE,MW ≥215 Da,3107
nesso_c1c62a6c7e00de27da45,310.401,0.9761828130028967,0.572,raw_pEC50_SE,MW ≥215 Da,3107
nesso_02801b59924f1d32d1b8,392.43400000000014,0.9765046668812359,0.573,raw_pEC50_SE,MW ≥215 Da,3107
nesso_73a1e21ab571a11b9b5b,347.41500000000013,0.9768265207595751,0.573,raw_pEC50_SE,MW ≥215 Da,3107
nesso_fc2501584220d21c8f45,262.26499999999993,0.9771483746379144,0.573,raw_pEC50_SE,MW ≥215 Da,3107
nesso_5bdba85f2a47e8487c8a,233.24499999999998,0.9774702285162536,0.574,raw_pEC50_SE,MW ≥215 Da,3107
nesso_fd8f8ccfa1c7f8132165,807.8900000000002,0.9777920823945928,0.574,raw_pEC50_SE,MW ≥215 Da,3107
nesso_1d3ac6ce1f68557faac7,344.5050000000001,0.9781139362729321,0.575,raw_pEC50_SE,MW ≥215 Da,3107
nesso_c4b73f47c79dc4137c45,373.5070000000001,0.9784357901512714,0.575,raw_pEC50_SE,MW ≥215 Da,3107
nesso_dd2506112315ef29ea52,233.267,0.9787576440296105,0.577,raw_pEC50_SE,MW ≥215 Da,3107
nesso_8188476064942f244925,305.35900000000015,0.9790794979079498,0.579,raw_pEC50_SE,MW ≥215 Da,3107
nesso_b22d4ee32927d9b6f45f,336.39500000000015,0.9794013517862891,0.579,raw_pEC50_SE,MW ≥215 Da,3107
nesso_6be959e195eee65d3f74,361.34000000000015,0.9797232056646282,0.581,raw_pEC50_SE,MW ≥215 Da,3107
nesso_d2d1fa3effa1a0e66863,613.9150000000002,0.9800450595429675,0.581,raw_pEC50_SE,MW ≥215 Da,3107
nesso_6847e398d88bb14f1229,240.44400000000002,0.9803669134213068,0.582,raw_pEC50_SE,MW ≥215 Da,3107
nesso_69218a78e94e0e242128,485.5060000000001,0.9806887672996459,0.583,raw_pEC50_SE,MW ≥215 Da,3107
nesso_7807c2bf030d1dc56444,358.26900000000006,0.9810106211779852,0.583,raw_pEC50_SE,MW ≥215 Da,3107
nesso_d2c455a62928b6786d21,602.5850000000002,0.9813324750563245,0.584,raw_pEC50_SE,MW ≥215 Da,3107
nesso_9748ddb2f25cf609ab64,314.3740000000001,0.9816543289346636,0.585,raw_pEC50_SE,MW ≥215 Da,3107
nesso_0c72fcaa56efdde5fde3,229.257,0.9819761828130029,0.586,raw_pEC50_SE,MW ≥215 Da,3107
nesso_56e9b026792d343dfa67,386.4150000000001,0.9822980366913421,0.587,raw_pEC50_SE,MW ≥215 Da,3107
nesso_3c7202507bf1b0f6941f,345.3620000000001,0.9826198905696814,0.59,raw_pEC50_SE,MW ≥215 Da,3107
nesso_a049e353ab423a47b11d,584.105,0.9829417444480206,0.59,raw_pEC50_SE,MW ≥215 Da,3107
nesso_a39cfbc0ba4aa907f235,385.4710000000002,0.9832635983263598,0.591,raw_pEC50_SE,MW ≥215 Da,3107
nesso_aac1f8e5ef4b83abc62a,364.36500000000007,0.9835854522046991,0.592,raw_pEC50_SE,MW ≥215 Da,3107
nesso_97e209fe05666ea366a1,335.01700000000005,0.9839073060830383,0.593,raw_pEC50_SE,MW ≥215 Da,3107
nesso_dc36c8137bca5f53b7e9,284.352,0.9842291599613775,0.593,raw_pEC50_SE,MW ≥215 Da,3107
nesso_a17e3cf5eb15d75b5da6,224.21599999999998,0.9845510138397168,0.594,raw_pEC50_SE,MW ≥215 Da,3107
nesso_e4bd8fab427a0785b253,273.1889999999999,0.984872867718056,0.594,raw_pEC50_SE,MW ≥215 Da,3107
nesso_b70b3c6d889496a88223,482.82100000000014,0.9851947215963952,0.596,raw_pEC50_SE,MW ≥215 Da,3107
nesso_e11b83fc7102aaf0b65d,299.499,0.9855165754747345,0.596,raw_pEC50_SE,MW ≥215 Da,3107
nesso_78533be6aea944ccffaa,245.33,0.9858384293530738,0.597,raw_pEC50_SE,MW ≥215 Da,3107
nesso_cc59bd3fac48a94ceeb1,338.24900000000025,0.9861602832314129,0.598,raw_pEC50_SE,MW ≥215 Da,3107
nesso_f47a7ca3f30282c7dede,271.294,0.9864821371097522,0.599,raw_pEC50_SE,MW ≥215 Da,3107
nesso_1332db1a6e8a97e23b94,313.82800000000003,0.9868039909880915,0.606,raw_pEC50_SE,MW ≥215 Da,3107
nesso_ce1ccbf9984e36de5aba,427.41700000000014,0.9871258448664306,0.606,raw_pEC50_SE,MW ≥215 Da,3107
nesso_bd1b1b6528da42070d9a,223.22799999999998,0.9874476987447699,0.607,raw_pEC50_SE,MW ≥215 Da,3107
nesso_ace866089cc68f593182,345.406,0.9877695526231091,0.609,raw_pEC50_SE,MW ≥215 Da,3107
nesso_866f9e6c2e2448cc3ff2,333.41700000000003,0.9880914065014483,0.61,raw_pEC50_SE,MW ≥215 Da,3107
nesso_b2db337ec8342b8edf85,248.23799999999991,0.9884132603797876,0.61,raw_pEC50_SE,MW ≥215 Da,3107
nesso_6ce1ba9ed5314a09a16e,347.224,0.9887351142581268,0.611,raw_pEC50_SE,MW ≥215 Da,3107
nesso_9bd96d5f7c89a626648d,227.17199999999997,0.989056968136466,0.613,raw_pEC50_SE,MW ≥215 Da,3107
nesso_91bf72af75f9c47eee95,363.77600000000007,0.9893788220148053,0.615,raw_pEC50_SE,MW ≥215 Da,3107
nesso_bdfcaaddd458689f0999,380.42700000000013,0.9897006758931445,0.616,raw_pEC50_SE,MW ≥215 Da,3107
nesso_7153181d5f67f0fda643,597.664,0.9900225297714838,0.619,raw_pEC50_SE,MW ≥215 Da,3107
nesso_28dbdb4674859c13c378,510.8280000000005,0.990344383649823,0.621,raw_pEC50_SE,MW ≥215 Da,3107
nesso_c9058d3d08f81e50bedd,252.22599999999994,0.9906662375281622,0.623,raw_pEC50_SE,MW ≥215 Da,3107
nesso_ebb55413433d011e71e3,304.3570000000001,0.9909880914065015,0.623,raw_pEC50_SE,MW ≥215 Da,3107
nesso_ecb49e91926a954359d0,231.045,0.9913099452848407,0.624,raw_pEC50_SE,MW ≥215 Da,3107
nesso_619d80dc469a385b49e3,256.257,0.9916317991631799,0.627,raw_pEC50_SE,MW ≥215 Da,3107
nesso_6f5eae0300dc13b2036a,255.28000000000003,0.9919536530415192,0.631,raw_pEC50_SE,MW ≥215 Da,3107
nesso_aa312ee45009b125ba3d,421.4530000000002,0.9922755069198583,0.631,raw_pEC50_SE,MW ≥215 Da,3107
nesso_8bf0a0a91c6240946ff2,277.283,0.9925973607981976,0.634,raw_pEC50_SE,MW ≥215 Da,3107
nesso_edcbdecd0a89dce3561e,285.235,0.9929192146765369,0.634,raw_pEC50_SE,MW ≥215 Da,3107
nesso_00886301e66a6b65117c,383.45600000000013,0.993241068554876,0.637,raw_pEC50_SE,MW ≥215 Da,3107
nesso_e5136b4d490201525315,375.40000000000026,0.9935629224332153,0.637,raw_pEC50_SE,MW ≥215 Da,3107
nesso_1c4f1ab6081e3dadd9ff,341.304,0.9938847763115546,0.638,raw_pEC50_SE,MW ≥215 Da,3107
nesso_9c0d4dcb66afee9fc670,323.13199999999995,0.9942066301898937,0.64,raw_pEC50_SE,MW ≥215 Da,3107
nesso_e3fea77cb318c6379003,230.26699999999997,0.994528484068233,0.64,raw_pEC50_SE,MW ≥215 Da,3107
nesso_d8af0642aa32ed64ce86,265.33799999999997,0.9948503379465723,0.641,raw_pEC50_SE,MW ≥215 Da,3107
nesso_4e25ce23572e427d6a77,310.3039999999999,0.9951721918249115,0.642,raw_pEC50_SE,MW ≥215 Da,3107
nesso_1429aa2620ef5f178644,336.3990000000001,0.9954940457032507,0.643,raw_pEC50_SE,MW ≥215 Da,3107
nesso_019c81eb619218d5bb65,306.362,0.99581589958159,0.644,raw_pEC50_SE,MW ≥215 Da,3107
nesso_9fdc890972c4e6330b03,282.4679999999999,0.9961377534599292,0.644,raw_pEC50_SE,MW ≥215 Da,3107
nesso_5664fb7e009d9d5256aa,958.2400000000001,0.9964596073382684,0.649,raw_pEC50_SE,MW ≥215 Da,3107
nesso_923ed243f1d2e53d88cb,301.3940000000001,0.9967814612166077,0.655,raw_pEC50_SE,MW ≥215 Da,3107
nesso_0916572182d89c344dfd,372.53600000000006,0.9971033150949469,0.657,raw_pEC50_SE,MW ≥215 Da,3107
nesso_f4079ee4076fdd422a94,280.368,0.9974251689732861,0.658,raw_pEC50_SE,MW ≥215 Da,3107
nesso_31debbfa15ead66d6a2e,693.7320000000003,0.9977470228516253,0.66,raw_pEC50_SE,MW ≥215 Da,3107
nesso_504009b6f6f6def15bbc,369.494,0.9980688767299646,0.663,raw_pEC50_SE,MW ≥215 Da,3107
nesso_14a0b678de5225028eb4,392.41100000000023,0.9983907306083039,0.669,raw_pEC50_SE,MW ≥215 Da,3107
nesso_578bae1dddca7552e258,352.14400000000006,0.998712584486643,0.672,raw_pEC50_SE,MW ≥215 Da,3107
nesso_a8a12a8386cf783f0694,338.4150000000001,0.9990344383649823,0.672,raw_pEC50_SE,MW ≥215 Da,3107
nesso_0f8b985aa6c53644a964,485.94700000000023,0.9993562922433216,0.677,raw_pEC50_SE,MW ≥215 Da,3107
nesso_bfe17cc9be67b8d3965e,868.457,0.9996781461216607,0.681,raw_pEC50_SE,MW ≥215 Da,3107
nesso_a02861ce4a72dc788797,293.41,1.0,0.728,raw_pEC50_SE,MW ≥215 Da,3107
nesso_f052f92ac567244548c1,151.20899999999997,0.004219409282700422,0.122,raw_pEC50_SE,MW <215 Da,237
nesso_b59a9f76919343f78798,153.181,0.008438818565400843,0.143,raw_pEC50_SE,MW <215 Da,237
nesso_48835785bcdfa497ba95,147.221,0.012658227848101266,0.147,raw_pEC50_SE,MW <215 Da,237
nesso_495590d801032b663884,210.277,0.016877637130801686,0.149,raw_pEC50_SE,MW <215 Da,237
nesso_53a4ef0199b4ff37a181,210.27999999999997,0.02109704641350211,0.159,raw_pEC50_SE,MW <215 Da,237
nesso_c69d96a97e0c500c81ac,167.233,0.02531645569620253,0.166,raw_pEC50_SE,MW <215 Da,237
nesso_b8b08b7c22f8d40a4399,164.20399999999998,0.029535864978902954,0.176,raw_pEC50_SE,MW <215 Da,237
nesso_a981ab78ea0d6214b752,175.27499999999998,0.03375527426160337,0.204,raw_pEC50_SE,MW <215 Da,237
nesso_83bdb68b2412ef11e19d,202.209,0.0379746835443038,0.205,raw_pEC50_SE,MW <215 Da,237
nesso_edbc73372d2cd7f9902c,150.20599999999996,0.04219409282700422,0.205,raw_pEC50_SE,MW <215 Da,237
nesso_cec5078599fe0f065a74,94.11699999999999,0.046413502109704644,0.211,raw_pEC50_SE,MW <215 Da,237
nesso_02f82ec61ca846bf3645,204.225,0.05063291139240506,0.217,raw_pEC50_SE,MW <215 Da,237
nesso_0e15f29135e27206b401,156.56799999999998,0.05485232067510549,0.217,raw_pEC50_SE,MW <215 Da,237
nesso_cfa8f6478d8da6b326aa,209.63199999999998,0.05907172995780591,0.218,raw_pEC50_SE,MW <215 Da,237
nesso_0e3e65e7fc125ee088e2,134.13799999999998,0.06329113924050633,0.219,raw_pEC50_SE,MW <215 Da,237
nesso_d7e9f5cf7703418f551c,161.12600000000003,0.06751054852320675,0.227,raw_pEC50_SE,MW <215 Da,237
nesso_5c8c4eb8326b9b00437b,199.25699999999998,0.07172995780590717,0.231,raw_pEC50_SE,MW <215 Da,237
nesso_84916a1e9fb472c49d89,212.65699999999998,0.0759493670886076,0.231,raw_pEC50_SE,MW <215 Da,237
nesso_dd40bdcfb9b7211f3c43,172.571,0.08016877637130802,0.236,raw_pEC50_SE,MW <215 Da,237
nesso_6453a87f47aa272a4d61,213.28099999999995,0.08438818565400844,0.237,raw_pEC50_SE,MW <215 Da,237
nesso_c5625a5c825d46fa148a,143.573,0.08860759493670886,0.238,raw_pEC50_SE,MW <215 Da,237
nesso_430a6ffc67e08a6ec644,202.662,0.09282700421940929,0.239,raw_pEC50_SE,MW <215 Da,237
nesso_c3fbaf574fa9b5f486ca,213.708,0.0970464135021097,0.239,raw_pEC50_SE,MW <215 Da,237
nesso_637fdf1686afd4f7e017,190.162,0.10126582278481013,0.241,raw_pEC50_SE,MW <215 Da,237
nesso_71f2f62651078e0f157f,174.24699999999993,0.10548523206751055,0.241,raw_pEC50_SE,MW <215 Da,237
nesso_dca0a9c3072a6173e508,184.65099999999998,0.10970464135021098,0.244,raw_pEC50_SE,MW <215 Da,237
nesso_21e9e6150c40c8571141,93.12899999999999,0.11392405063291139,0.247,raw_pEC50_SE,MW <215 Da,237
nesso_6b8b5e9c6d5dde100899,150.177,0.11814345991561181,0.247,raw_pEC50_SE,MW <215 Da,237
nesso_b47cbacec4985e12fa31,202.209,0.12236286919831224,0.251,raw_pEC50_SE,MW <215 Da,237
nesso_ac65be04a36a64801e6f,153.181,0.12658227848101267,0.254,raw_pEC50_SE,MW <215 Da,237
nesso_ecc52a281d3209621caf,214.22699999999998,0.1308016877637131,0.255,raw_pEC50_SE,MW <215 Da,237
nesso_f0051130567249b97900,196.27100000000002,0.1350210970464135,0.255,raw_pEC50_SE,MW <215 Da,237
nesso_f9dade659f469b129b53,207.012,0.13924050632911392,0.255,raw_pEC50_SE,MW <215 Da,237
nesso_d0534da28d0600c2a7e6,193.15800000000002,0.14345991561181434,0.258,raw_pEC50_SE,MW <215 Da,237
nesso_128de4fd13094c4f77b5,182.17499999999998,0.14767932489451477,0.267,raw_pEC50_SE,MW <215 Da,237
nesso_3ea82c605cc4236b0bd1,210.22899999999998,0.1518987341772152,0.268,raw_pEC50_SE,MW <215 Da,237
nesso_798b20291f0bcaa5b2fa,141.60099999999997,0.15611814345991562,0.268,raw_pEC50_SE,MW <215 Da,237
nesso_11b73c69ce386cd984b3,161.126,0.16033755274261605,0.269,raw_pEC50_SE,MW <215 Da,237
nesso_5cec67a5d979fa13448c,179.13099999999997,0.16455696202531644,0.269,raw_pEC50_SE,MW <215 Da,237
nesso_1ce12e2f7db889ccdff2,170.595,0.16877637130801687,0.27,raw_pEC50_SE,MW <215 Da,237
nesso_6a01f7c789865e2b5424,153.18099999999998,0.1729957805907173,0.27,raw_pEC50_SE,MW <215 Da,237
nesso_f654a08e571d6def4d88,212.24800000000002,0.17721518987341772,0.271,raw_pEC50_SE,MW <215 Da,237
nesso_fed1bbeebcf8fd14a770,207.23299999999998,0.18143459915611815,0.274,raw_pEC50_SE,MW <215 Da,237
nesso_3588abb62377c248d948,173.171,0.18565400843881857,0.277,raw_pEC50_SE,MW <215 Da,237
nesso_7a9fc2375a12fa5e66a5,211.261,0.189873417721519,0.277,raw_pEC50_SE,MW <215 Da,237
nesso_043d40bf4102f26688d6,188.182,0.1940928270042194,0.279,raw_pEC50_SE,MW <215 Da,237
nesso_3c9001894c615d9f2df1,212.20399999999998,0.19831223628691982,0.286,raw_pEC50_SE,MW <215 Da,237
nesso_a9cf174fc972f9a8d9a1,164.20399999999998,0.20253164556962025,0.286,raw_pEC50_SE,MW <215 Da,237
nesso_5c0a568495478cbf4b94,201.56499999999997,0.20675105485232068,0.289,raw_pEC50_SE,MW <215 Da,237
nesso_13497ed4d7bac3ef31f6,188.182,0.2109704641350211,0.29,raw_pEC50_SE,MW <215 Da,237
nesso_bf7faa8e648121554eec,190.29,0.21518987341772153,0.291,raw_pEC50_SE,MW <215 Da,237
nesso_38e62f91f7de5fa84eaa,130.078,0.21940928270042195,0.292,raw_pEC50_SE,MW <215 Da,237
nesso_1b9c6ecebd642181dc94,158.201,0.22362869198312235,0.293,raw_pEC50_SE,MW <215 Da,237
nesso_633c5a5392c7ffdb3a1d,178.231,0.22784810126582278,0.295,raw_pEC50_SE,MW <215 Da,237
nesso_6da5f79cdde4613ecb7e,186.05200000000002,0.2320675105485232,0.295,raw_pEC50_SE,MW <215 Da,237
nesso_938bd120c2d5a85c7d52,108.144,0.23628691983122363,0.297,raw_pEC50_SE,MW <215 Da,237
nesso_e0f59516b17c2b1b6529,204.22499999999997,0.24050632911392406,0.297,raw_pEC50_SE,MW <215 Da,237
nesso_98d9a560ce60e175a49c,125.17499999999997,0.24472573839662448,0.299,raw_pEC50_SE,MW <215 Da,237
nesso_b6c035deaa0aed1b6c49,200.26299999999998,0.2489451476793249,0.306,raw_pEC50_SE,MW <215 Da,237
nesso_7722b1ac442db342c9cd,194.23000000000002,0.25316455696202533,0.311,raw_pEC50_SE,MW <215 Da,237
nesso_1901cac55e1e65936b39,207.277,0.25738396624472576,0.321,raw_pEC50_SE,MW <215 Da,237
nesso_588c471f53fefb36753d,200.62099999999998,0.2616033755274262,0.322,raw_pEC50_SE,MW <215 Da,237
nesso_97fd17ddc3adcd3d769a,102.13299999999998,0.26582278481012656,0.323,raw_pEC50_SE,MW <215 Da,237
nesso_8a5d8fbc05894802c0cb,195.571,0.270042194092827,0.327,raw_pEC50_SE,MW <215 Da,237
nesso_6d3d6677291c586ff580,141.601,0.2742616033755274,0.334,raw_pEC50_SE,MW <215 Da,237
nesso_8a0517fbf2afde9d34fb,125.14899999999997,0.27848101265822783,0.3345433454726009,raw_pEC50_SE,MW <215 Da,237
nesso_74e8b2ae520d684d11f2,191.186,0.28270042194092826,0.34,raw_pEC50_SE,MW <215 Da,237
nesso_411e47c9437341dbbeea,167.296,0.2869198312236287,0.343,raw_pEC50_SE,MW <215 Da,237
nesso_0905ecca22046a39df2a,108.14399999999998,0.2911392405063291,0.347,raw_pEC50_SE,MW <215 Da,237
nesso_a642dce88639e86f5926,160.21999999999997,0.29535864978902954,0.348,raw_pEC50_SE,MW <215 Da,237
nesso_4f5d960ee79593ed1c2e,113.20400000000001,0.29957805907172996,0.35,raw_pEC50_SE,MW <215 Da,237
nesso_df7af6abb9be2a4b8c8f,180.159,0.3037974683544304,0.351,raw_pEC50_SE,MW <215 Da,237
nesso_08e0c1444877859671ec,187.286,0.3080168776371308,0.353,raw_pEC50_SE,MW <215 Da,237
nesso_90e259637118d32908db,61.083999999999996,0.31223628691983124,0.355,raw_pEC50_SE,MW <215 Da,237
nesso_adae48f2ef56d4375f36,213.28,0.31645569620253167,0.367,raw_pEC50_SE,MW <215 Da,237
nesso_5143453c6ec8ca2aa5a0,152.14899999999997,0.3206751054852321,0.368,raw_pEC50_SE,MW <215 Da,237
nesso_ab0a79a156d9ac237efc,127.574,0.32489451476793246,0.374,raw_pEC50_SE,MW <215 Da,237
nesso_033f138490596d2a9e29,201.56499999999997,0.3291139240506329,0.375,raw_pEC50_SE,MW <215 Da,237
nesso_c20880eac0768b4d626c,182.175,0.3333333333333333,0.378,raw_pEC50_SE,MW <215 Da,237
nesso_d56743fcc2227244cd4a,141.601,0.33755274261603374,0.383,raw_pEC50_SE,MW <215 Da,237
nesso_d2625ba76859535078a8,100.14599999999999,0.34177215189873417,0.384,raw_pEC50_SE,MW <215 Da,237
nesso_9a2e4980548354839bb4,189.17,0.3459915611814346,0.398,raw_pEC50_SE,MW <215 Da,237
nesso_cca3f30095312b42bba8,136.19799999999998,0.350210970464135,0.399,raw_pEC50_SE,MW <215 Da,237
nesso_f77d87bcd5d993439543,144.262,0.35443037974683544,0.412,raw_pEC50_SE,MW <215 Da,237
nesso_bfb3aed8b706de6cd8c8,186.594,0.35864978902953587,0.414,raw_pEC50_SE,MW <215 Da,237
nesso_380e21a6099699315fd2,196.187,0.3628691983122363,0.42,raw_pEC50_SE,MW <215 Da,237
nesso_5745d329876f24d0a5a4,165.19199999999998,0.3670886075949367,0.429,raw_pEC50_SE,MW <215 Da,237
nesso_8259eef705445212de84,194.253,0.37130801687763715,0.43,raw_pEC50_SE,MW <215 Da,237
nesso_5d01efcc6f27977344fe,181.14699999999996,0.3755274261603376,0.458,raw_pEC50_SE,MW <215 Da,237
nesso_e849b90b528be5f1119a,136.19799999999995,0.379746835443038,0.465,raw_pEC50_SE,MW <215 Da,237
nesso_4f01d9a62c80fae691f2,124.09899999999999,0.38396624472573837,0.466,raw_pEC50_SE,MW <215 Da,237
nesso_ec6d3e6270384a67fcf3,113.18499999999997,0.3881856540084388,0.477,raw_pEC50_SE,MW <215 Da,237
nesso_493e94c5b6eaf3fa2f9a,188.61399999999998,0.3924050632911392,0.48,raw_pEC50_SE,MW <215 Da,237
nesso_5de770db5b15171fa138,203.197,0.39662447257383965,0.484,raw_pEC50_SE,MW <215 Da,237
nesso_c2b6ae5c5245ae42388f,140.113,0.4008438818565401,0.488,raw_pEC50_SE,MW <215 Da,237
nesso_d8ced3414e5f9c7e19f1,139.114,0.4050632911392405,0.496,raw_pEC50_SE,MW <215 Da,237
nesso_7e660cd2f66afd5bbacc,179.17499999999998,0.4092827004219409,0.507,raw_pEC50_SE,MW <215 Da,237
nesso_9488ed207b0172efb5ab,105.137,0.41350210970464135,0.51,raw_pEC50_SE,MW <215 Da,237
nesso_cd89f9e43020b808ff4e,143.142,0.4177215189873418,0.518,raw_pEC50_SE,MW <215 Da,237
nesso_b1bd48941e17e589ac5a,136.15,0.4219409282700422,0.519,raw_pEC50_SE,MW <215 Da,237
nesso_6a513ad86737c84947e6,141.60099999999997,0.42616033755274263,0.525,raw_pEC50_SE,MW <215 Da,237
nesso_ef5671cf9b774b3160dd,199.209,0.43037974683544306,0.531,raw_pEC50_SE,MW <215 Da,237
nesso_05c3665ea1a327497276,149.602,0.4345991561181435,0.539,raw_pEC50_SE,MW <215 Da,237
nesso_f244818747080c0ec0dd,180.15899999999996,0.4388185654008439,0.54,raw_pEC50_SE,MW <215 Da,237
nesso_39de9340e10a6506fc29,164.20399999999998,0.4430379746835443,0.542,raw_pEC50_SE,MW <215 Da,237
nesso_13533ecfb0b0aa8f3b94,170.595,0.4472573839662447,0.545,raw_pEC50_SE,MW <215 Da,237
nesso_1065adf7e0da08be7ff8,123.15499999999999,0.45147679324894513,0.546,raw_pEC50_SE,MW <215 Da,237
nesso_22978799cbf203042bf9,205.23499999999999,0.45569620253164556,0.548,raw_pEC50_SE,MW <215 Da,237
nesso_94028d0820b0c944d9b7,121.183,0.459915611814346,0.548,raw_pEC50_SE,MW <215 Da,237
nesso_345bd3485155e7abc0fe,172.20900000000003,0.4641350210970464,0.55,raw_pEC50_SE,MW <215 Da,237
nesso_e7ae4ab52fcb757f67ca,100.16499999999999,0.46835443037974683,0.55,raw_pEC50_SE,MW <215 Da,237
nesso_0b558b99916ebe540e95,167.12,0.47257383966244726,0.551,raw_pEC50_SE,MW <215 Da,237
nesso_57717577b879f904fbc3,127.16799999999999,0.4767932489451477,0.551,raw_pEC50_SE,MW <215 Da,237
nesso_cca86da38a87318d55fe,76.05499999999999,0.4810126582278481,0.551,raw_pEC50_SE,MW <215 Da,237
nesso_f2022316c88eb5216cf8,184.242,0.48523206751054854,0.554,raw_pEC50_SE,MW <215 Da,237
nesso_a9ff66dda2a0b48f97c2,163.007,0.48945147679324896,0.555,raw_pEC50_SE,MW <215 Da,237
nesso_fe29f30f066115dfe74e,153.181,0.4936708860759494,0.556,raw_pEC50_SE,MW <215 Da,237
nesso_65d133cceb198c12dbc7,87.16600000000001,0.4978902953586498,0.558,raw_pEC50_SE,MW <215 Da,237
nesso_8f2bd49c37337f893e36,135.21,0.5021097046413502,0.558,raw_pEC50_SE,MW <215 Da,237
nesso_a12b09c4ab1f58258ba6,152.149,0.5063291139240507,0.558,raw_pEC50_SE,MW <215 Da,237
nesso_41bc33721abcb3b23b6a,197.13100000000003,0.510548523206751,0.56,raw_pEC50_SE,MW <215 Da,237
nesso_b39169d1f827be24ca4d,170.215,0.5147679324894515,0.562,raw_pEC50_SE,MW <215 Da,237
nesso_405fba9a7fc6ba059b01,214.051,0.5189873417721519,0.563,raw_pEC50_SE,MW <215 Da,237
nesso_dac249e5e4e0324d60b7,167.197,0.5232067510548524,0.564,raw_pEC50_SE,MW <215 Da,237
nesso_6f266b2c3f7d35c065d7,145.143,0.5274261603375527,0.565,raw_pEC50_SE,MW <215 Da,237
nesso_7a8012c768ef002e2610,158.241,0.5316455696202531,0.566,raw_pEC50_SE,MW <215 Da,237
nesso_ce0b7545dfb26b02a48f,164.21200000000002,0.5358649789029536,0.566,raw_pEC50_SE,MW <215 Da,237
nesso_0e8a5ebce8cee5b9a0d7,124.13899999999997,0.540084388185654,0.569,raw_pEC50_SE,MW <215 Da,237
nesso_62f84e96376a3c4d874b,195.57100000000003,0.5443037974683544,0.569,raw_pEC50_SE,MW <215 Da,237
nesso_86ea49450f3b5c58506e,129.109,0.5485232067510548,0.571,raw_pEC50_SE,MW <215 Da,237
nesso_83afc2460b79aca760da,88.10599999999998,0.5527426160337553,0.573,raw_pEC50_SE,MW <215 Da,237
nesso_eb66b47afefc0bc0683d,148.20499999999998,0.5569620253164557,0.573,raw_pEC50_SE,MW <215 Da,237
nesso_090d91edb462c38d2ca0,191.27799999999993,0.5611814345991561,0.574,raw_pEC50_SE,MW <215 Da,237
nesso_4b1fa6d212ba6ffa9bea,187.202,0.5654008438818565,0.574,raw_pEC50_SE,MW <215 Da,237
nesso_8cc609c3f41364b2ea8f,156.56799999999998,0.569620253164557,0.574,raw_pEC50_SE,MW <215 Da,237
nesso_dc6d287476c3daac7ac7,167.20799999999997,0.5738396624472574,0.574,raw_pEC50_SE,MW <215 Da,237
nesso_c4067126deb7ff4c9ef7,152.15299999999996,0.5780590717299579,0.576,raw_pEC50_SE,MW <215 Da,237
nesso_dab11a90863c04a763c3,180.22599999999997,0.5822784810126582,0.576,raw_pEC50_SE,MW <215 Da,237
nesso_985ec70dc31e32244bfa,168.217,0.5864978902953587,0.577,raw_pEC50_SE,MW <215 Da,237
nesso_12c66749309dde30620e,158.10299999999998,0.5907172995780591,0.578,raw_pEC50_SE,MW <215 Da,237
nesso_7092261f6a0189ed7487,181.235,0.5949367088607594,0.578,raw_pEC50_SE,MW <215 Da,237
nesso_b8a4d574c509991cfb80,147.13299999999998,0.5991561181434599,0.579,raw_pEC50_SE,MW <215 Da,237
nesso_fc1ce0e6f9563286f7e1,200.23700000000002,0.6033755274261603,0.579,raw_pEC50_SE,MW <215 Da,237
nesso_86f590938d06200bb9fc,163.26399999999998,0.6075949367088608,0.58,raw_pEC50_SE,MW <215 Da,237
nesso_47cb4771f4e72f363b4a,196.27499999999995,0.6118143459915611,0.581,raw_pEC50_SE,MW <215 Da,237
nesso_65e963f0645b31a98210,201.565,0.6160337552742616,0.581,raw_pEC50_SE,MW <215 Da,237
nesso_ee277cabea2cd7dd5c40,169.227,0.620253164556962,0.581,raw_pEC50_SE,MW <215 Da,237
nesso_10ae7ca1240e1f94d9a9,205.16899999999998,0.6244725738396625,0.582,raw_pEC50_SE,MW <215 Da,237
nesso_b665186cfd651ac559b1,179.26299999999998,0.6286919831223629,0.582,raw_pEC50_SE,MW <215 Da,237
nesso_c8922b4844a6370da6dc,166.17600000000002,0.6329113924050633,0.582,raw_pEC50_SE,MW <215 Da,237
nesso_4fcbf441c2b6849abd63,99.17699999999999,0.6371308016877637,0.583,raw_pEC50_SE,MW <215 Da,237
nesso_e5acb782f5e87cdbfb7a,154.25699999999998,0.6413502109704642,0.584,raw_pEC50_SE,MW <215 Da,237
nesso_168bae379613a940a4e4,149.215,0.6455696202531646,0.585,raw_pEC50_SE,MW <215 Da,237
nesso_9d3a826f5a3ea4ae72d9,174.558,0.6497890295358649,0.588,raw_pEC50_SE,MW <215 Da,237
nesso_d130f083c4473c792aa4,108.14399999999998,0.6540084388185654,0.588,raw_pEC50_SE,MW <215 Da,237
nesso_18ebadc54b6e8ca47524,212.20099999999996,0.6582278481012658,0.589,raw_pEC50_SE,MW <215 Da,237
nesso_a10c7dfd7d7e9657d61d,213.236,0.6624472573839663,0.589,raw_pEC50_SE,MW <215 Da,237
nesso_f5250c77df26ece917f0,195.57099999999997,0.6666666666666666,0.589,raw_pEC50_SE,MW <215 Da,237
nesso_42bca3eb87ae1af58d6b,206.123,0.6708860759493671,0.593,raw_pEC50_SE,MW <215 Da,237
nesso_c77ecacb9934178c9e3f,171.112,0.6751054852320675,0.593,raw_pEC50_SE,MW <215 Da,237
nesso_44c4ab521d596e549457,182.24400000000003,0.679324894514768,0.594,raw_pEC50_SE,MW <215 Da,237
nesso_0748894f7a0e7ccd3972,162.019,0.6835443037974683,0.595,raw_pEC50_SE,MW <215 Da,237
nesso_6ee4defca44f9b71acc8,182.17499999999998,0.6877637130801688,0.595,raw_pEC50_SE,MW <215 Da,237
nesso_9825ab8b417fbd33b96c,178.14000000000001,0.6919831223628692,0.595,raw_pEC50_SE,MW <215 Da,237
nesso_4f8524d2587b424c6c2a,101.149,0.6962025316455697,0.596,raw_pEC50_SE,MW <215 Da,237
nesso_6d8a052298898b593cb2,138.126,0.70042194092827,0.597,raw_pEC50_SE,MW <215 Da,237
nesso_06f2f9e4c8ea4b5fd272,203.672,0.7046413502109705,0.598,raw_pEC50_SE,MW <215 Da,237
nesso_1dcc5011c8f83758c411,128.942,0.7088607594936709,0.598,raw_pEC50_SE,MW <215 Da,237
nesso_28f4c37a8ca4f684e9fa,199.637,0.7130801687763713,0.598,raw_pEC50_SE,MW <215 Da,237
nesso_a671a0ae3c0837e57e69,207.18500000000003,0.7172995780590717,0.599,raw_pEC50_SE,MW <215 Da,237
nesso_edc8c06762b1140dc169,190.162,0.7215189873417721,0.602,raw_pEC50_SE,MW <215 Da,237
nesso_0cb71db5b8cbc1c25cb1,191.01299999999998,0.7257383966244726,0.604,raw_pEC50_SE,MW <215 Da,237
nesso_1446209e22908f8ea4e5,163.22400000000002,0.729957805907173,0.604,raw_pEC50_SE,MW <215 Da,237
nesso_be40b9b060dd5955b8db,112.08399999999997,0.7341772151898734,0.606,raw_pEC50_SE,MW <215 Da,237
nesso_c5903e99b2034bdad4ac,172.02500000000003,0.7383966244725738,0.606,raw_pEC50_SE,MW <215 Da,237
nesso_35c6dffbf412c7cd962e,202.007,0.7426160337552743,0.607,raw_pEC50_SE,MW <215 Da,237
nesso_421111a6a5ab096dab21,180.20699999999997,0.7468354430379747,0.609,raw_pEC50_SE,MW <215 Da,237
nesso_5db214b6e9998d663a63,197.146,0.7510548523206751,0.609,raw_pEC50_SE,MW <215 Da,237
nesso_facf6ad69c1900443d6a,190.2899999999999,0.7552742616033755,0.609,raw_pEC50_SE,MW <215 Da,237
nesso_6adf9c047bb89f5f9024,116.20800000000001,0.759493670886076,0.61,raw_pEC50_SE,MW <215 Da,237
nesso_43753c467432aeaa1ab7,129.159,0.7637130801687764,0.611,raw_pEC50_SE,MW <215 Da,237
nesso_061e68afdb1c8f1f96de,186.594,0.7679324894514767,0.612,raw_pEC50_SE,MW <215 Da,237
nesso_9e5044137cac7af95806,104.10499999999999,0.7721518987341772,0.612,raw_pEC50_SE,MW <215 Da,237
nesso_b82ae6678193c1585415,170.13899999999998,0.7763713080168776,0.612,raw_pEC50_SE,MW <215 Da,237
nesso_369d05fc5ecc88166bfe,111.14399999999996,0.7805907172995781,0.613,raw_pEC50_SE,MW <215 Da,237
nesso_d8450d09ab13862a4ee5,150.177,0.7848101265822784,0.613,raw_pEC50_SE,MW <215 Da,237
nesso_f082922e735d5e9563e9,178.23499999999999,0.7890295358649789,0.615,raw_pEC50_SE,MW <215 Da,237
nesso_f90a47ddcf02144bf8ea,195.20299999999997,0.7932489451476793,0.616,raw_pEC50_SE,MW <215 Da,237
nesso_269f81eb765de62d4788,179.15,0.7974683544303798,0.617,raw_pEC50_SE,MW <215 Da,237
nesso_cfe07c17f75d5eb08e2a,186.236,0.8016877637130801,0.617,raw_pEC50_SE,MW <215 Da,237
nesso_da1dbab5862cdb414db5,159.232,0.8059071729957806,0.617,raw_pEC50_SE,MW <215 Da,237
nesso_27761d26b81e84bd9534,167.11999999999998,0.810126582278481,0.618,raw_pEC50_SE,MW <215 Da,237
nesso_a4cf7afcb82693f38cab,184.491,0.8143459915611815,0.619,raw_pEC50_SE,MW <215 Da,237
nesso_dde92277b005e945167f,195.19899999999998,0.8185654008438819,0.62,raw_pEC50_SE,MW <215 Da,237
nesso_ea4f16d3e59f5fb0551a,137.18199999999996,0.8227848101265823,0.621,raw_pEC50_SE,MW <215 Da,237
nesso_05d914562aedcc78163a,105.09299999999999,0.8270042194092827,0.622,raw_pEC50_SE,MW <215 Da,237
nesso_bba61eddedffe6be9d4e,194.23,0.8312236286919831,0.622,raw_pEC50_SE,MW <215 Da,237
nesso_072e7ab30fca11ed5c19,212.20499999999998,0.8354430379746836,0.623,raw_pEC50_SE,MW <215 Da,237
nesso_81af50186a6fa7d80250,165.19199999999998,0.8396624472573839,0.623,raw_pEC50_SE,MW <215 Da,237
nesso_88661e68b4a234cdaa13,109.12799999999999,0.8438818565400844,0.623,raw_pEC50_SE,MW <215 Da,237
nesso_dd61f927f3b12f6c73d7,108.14399999999998,0.8481012658227848,0.623,raw_pEC50_SE,MW <215 Da,237
nesso_e6d74000015b9556197c,182.17499999999998,0.8523206751054853,0.623,raw_pEC50_SE,MW <215 Da,237
nesso_3d58bacdf434227b1545,194.16099999999997,0.8565400843881856,0.624,raw_pEC50_SE,MW <215 Da,237
nesso_9a1c697cce34ac53ffb7,142.18300000000002,0.8607594936708861,0.624,raw_pEC50_SE,MW <215 Da,237
nesso_9bd97dfb53c44469592e,152.149,0.8649789029535865,0.625,raw_pEC50_SE,MW <215 Da,237
nesso_5923d0695fec7eb7d46a,92.119,0.869198312236287,0.626,raw_pEC50_SE,MW <215 Da,237
nesso_75e737825a216f047b83,136.15,0.8734177215189873,0.626,raw_pEC50_SE,MW <215 Da,237
nesso_b32cd3de767d16339d82,138.12199999999999,0.8776371308016878,0.627,raw_pEC50_SE,MW <215 Da,237
nesso_99543dc096e020200214,131.175,0.8818565400843882,0.629,raw_pEC50_SE,MW <215 Da,237
nesso_21c53d8a15113c5941c7,123.11099999999998,0.8860759493670886,0.631,raw_pEC50_SE,MW <215 Da,237
nesso_8dc42f73a5232c623df4,190.11999999999998,0.890295358649789,0.631,raw_pEC50_SE,MW <215 Da,237
nesso_9474265283cdf1ed4429,172.567,0.8945147679324894,0.632,raw_pEC50_SE,MW <215 Da,237
nesso_c92c970a2bd5e72b7a0b,191.013,0.8987341772151899,0.634,raw_pEC50_SE,MW <215 Da,237
nesso_e8f6c2bfe7b8c588027f,210.214,0.9029535864978903,0.634,raw_pEC50_SE,MW <215 Da,237
nesso_8b1ac076f400c11718b0,141.214,0.9071729957805907,0.635,raw_pEC50_SE,MW <215 Da,237
nesso_b24c034e1464cf3e53e9,211.30899999999997,0.9113924050632911,0.635,raw_pEC50_SE,MW <215 Da,237
nesso_b2a26d417c96cc2a099b,162.23599999999996,0.9156118143459916,0.635,raw_pEC50_SE,MW <215 Da,237
nesso_ddbe7e870f20f6b490ce,83.134,0.919831223628692,0.636,raw_pEC50_SE,MW <215 Da,237
nesso_e342f30d4ef12f2abeac,121.18299999999995,0.9240506329113924,0.637,raw_pEC50_SE,MW <215 Da,237
nesso_53b2a625f665e93bbd8b,116.15999999999998,0.9282700421940928,0.638,raw_pEC50_SE,MW <215 Da,237
nesso_53f3850992ce69c0a77e,206.289,0.9324894514767933,0.638,raw_pEC50_SE,MW <215 Da,237
nesso_64abcf9eafaed5ab9eac,157.55599999999998,0.9367088607594937,0.639,raw_pEC50_SE,MW <215 Da,237
nesso_56ced9f6b257bd2a4a19,135.20999999999998,0.9409282700421941,0.642,raw_pEC50_SE,MW <215 Da,237
nesso_9df0f863ba2c6952d54d,201.254,0.9451476793248945,0.644,raw_pEC50_SE,MW <215 Da,237
nesso_040e1cf62f3a4de7fb6f,182.222,0.9493670886075949,0.645,raw_pEC50_SE,MW <215 Da,237
nesso_0a96d88cd325e817b8d1,166.17599999999996,0.9535864978902954,0.647,raw_pEC50_SE,MW <215 Da,237
nesso_388e61b456804a52d531,166.176,0.9578059071729957,0.647,raw_pEC50_SE,MW <215 Da,237
nesso_ddf9fc4aac6beed786eb,135.20999999999998,0.9620253164556962,0.647,raw_pEC50_SE,MW <215 Da,237
nesso_75ccce3bf8269a823b87,190.158,0.9662447257383966,0.648,raw_pEC50_SE,MW <215 Da,237
nesso_81ceb662ae1bc7291bdf,128.152,0.9704641350210971,0.649,raw_pEC50_SE,MW <215 Da,237
nesso_3971d4e59f7cbe236b77,123.11099999999998,0.9746835443037974,0.65,raw_pEC50_SE,MW <215 Da,237
nesso_3fc7bda7a88f64a524ab,85.06199999999998,0.9789029535864979,0.65,raw_pEC50_SE,MW <215 Da,237
nesso_10d1cf5e4d4ba3fc72f1,181.19099999999997,0.9831223628691983,0.652,raw_pEC50_SE,MW <215 Da,237
nesso_97752f35f135311561db,126.11099999999999,0.9873417721518988,0.652,raw_pEC50_SE,MW <215 Da,237
nesso_7f5ae5851e90cf1b1a55,180.226,0.9915611814345991,0.656,raw_pEC50_SE,MW <215 Da,237
nesso_b53862ca4d9ff3561529,127.09899999999998,0.9957805907172996,0.656,raw_pEC50_SE,MW <215 Da,237
nesso_4150bd5b78510719e485,133.194,1.0,0.663,raw_pEC50_SE,MW <215 Da,237
