lane,split,n_train,method,stratum,prediction_rows,unique_compounds,chemical_groups,effective_n_identity,effective_n_cluster,sparse,weighted_mae,mae,bias,weighted_bias,weight_sum,weight_share
readouts,chemical_cluster,-1,repr_mlp_stable,all,33440,3344,1975,2782.343188564992,1012.5588141842961,False,0.511014238648367,0.6378450021732366,0.24970448417769106,0.018379976311788154,221956.86511208978,1.0
readouts,chemical_cluster,-1,repr_mlp_stable,potency_lt4,10360,1036,617,818.9342623395673,280.80404787274347,False,0.9850619491636,1.1311534836976471,0.9722111146506869,0.8227232020508143,36299.730764192434,0.16354407756597578
readouts,chemical_cluster,-1,repr_mlp_stable,potency_ge4,23080,2308,1559,2141.272332721013,927.6002729621608,False,0.4183283080940388,0.41641190561375246,-0.07460958392023945,-0.138885418518752,185657.13434789734,0.8364559224340242
readouts,chemical_cluster,-1,repr_mlp_stable,potency_ge6_descriptive_tail,560,56,52,55.943540642841484,47.38653300749192,False,1.2089749256542868,1.2086674152074433,-1.2086674152074433,-1.2089749256542868,5565.977961432507,0.025076845262802072
readouts,chemical_cluster,-1,repr_mlp_stable,"novelty_[0,0.2)",208,39,32,15.180064056421697,7.742842710244153,True,1.0461143100662251,1.0978584871128296,0.29521504366507706,-0.2755445253314661,1019.7514963652806,0.004594367900494084
readouts,chemical_cluster,-1,repr_mlp_stable,"novelty_[0.2,0.35)",23745,2858,1895,2103.400728468768,1189.5775339646748,False,0.4954210095585581,0.6136824223473809,0.21380610406422518,-0.005781164693197935,165118.50162164523,0.743921579259372
readouts,chemical_cluster,-1,repr_mlp_stable,"novelty_[0.35,0.5)",8008,1003,511,742.945581766181,271.45546045887085,False,0.5434478826972486,0.6867307154524661,0.33435435803902713,0.08701654941474604,49036.35525147844,0.2209274095969716
readouts,chemical_cluster,-1,repr_mlp_stable,"novelty_[0.5,0.7)",1431,172,91,121.27225640382227,50.42224772076024,False,0.5761641294073486,0.6876703565089597,0.34263435230953776,0.1449800921633556,6602.051850361735,0.02974475174276611
readouts,chemical_cluster,-1,repr_mlp_stable,"novelty_[0.7,1]",48,6,5,3.234473979325862,2.9019427125586414,True,0.5582431212601072,0.956194566819403,0.9180796558989419,0.5049008385248402,180.20489223906384,0.0008118915003960752
readouts,chemical_cluster,-1,repr_mlp_stable_centered,all,33440,3344,1975,2782.343188564992,1012.5588141842961,False,0.4986425020909763,0.6324869344732043,0.27667196115823434,0.03755417818438226,221956.86511208978,1.0
readouts,chemical_cluster,-1,repr_mlp_stable_centered,potency_lt4,10360,1036,617,818.9342623395673,280.80404787274347,False,1.0103600590132398,1.1550834254875704,1.0275796741596435,0.869130400931278,36299.730764192434,0.16354407756597578
readouts,chemical_cluster,-1,repr_mlp_stable_centered,potency_ge4,23080,2308,1559,2141.272332721013,927.6002729621608,False,0.39859135345705976,0.39790722706814213,-0.06039059979040491,-0.12503581924093513,185657.13434789734,0.8364559224340242
readouts,chemical_cluster,-1,repr_mlp_stable_centered,potency_ge6_descriptive_tail,560,56,52,55.943540642841484,47.38653300749192,False,1.1612360682096448,1.1615758763028052,-1.1615758763028052,-1.1612360682096448,5565.977961432507,0.025076845262802072
readouts,chemical_cluster,-1,repr_mlp_stable_centered,"novelty_[0,0.2)",208,39,32,15.180064056421697,7.742842710244153,True,1.0161163163930367,1.0781730332316235,0.40922606093520947,-0.16650685211533148,1019.7514963652806,0.004594367900494084
readouts,chemical_cluster,-1,repr_mlp_stable_centered,"novelty_[0.2,0.35)",23745,2858,1895,2103.400728468768,1189.5775339646748,False,0.48358868280056216,0.6089891731796456,0.23787300181523824,0.010986599185864353,165118.50162164523,0.743921579259372
readouts,chemical_cluster,-1,repr_mlp_stable_centered,"novelty_[0.35,0.5)",8008,1003,511,742.945581766181,271.45546045887085,False,0.5287810780265677,0.6792513873716625,0.3612619044532343,0.10822663108448474,49036.35525147844,0.2209274095969716
readouts,chemical_cluster,-1,repr_mlp_stable_centered,"novelty_[0.5,0.7)",1431,172,91,121.27225640382227,50.42224772076024,False,0.567431958514126,0.6835350334586768,0.4035885958285249,0.19212890296157334,6602.051850361735,0.02974475174276611
readouts,chemical_cluster,-1,repr_mlp_stable_centered,"novelty_[0.7,1]",48,6,5,3.234473979325862,2.9019427125586414,True,0.6425448885050414,1.0014882868634531,0.9995066846225246,0.6416472244836647,180.20489223906384,0.0008118915003960752
readouts,chemical_cluster,-1,repr_mlp_stable_centered_regularized,all,33440,3344,1975,2782.343188564992,1012.5588141842961,False,0.49864407117362175,0.6316906074514004,0.27321912895753436,0.034750394636693445,221956.86511208978,1.0
readouts,chemical_cluster,-1,repr_mlp_stable_centered_regularized,potency_lt4,10360,1036,617,818.9342623395673,280.80404787274347,False,1.007023761955525,1.1514522840612471,1.0214643065856168,0.863483433345325,36299.730764192434,0.16354407756597578
readouts,chemical_cluster,-1,repr_mlp_stable_centered_regularized,potency_ge4,23080,2308,1559,2141.272332721013,927.6002729621608,False,0.39924554298786397,0.39838337306327154,-0.06264829046304334,-0.12728370271258027,185657.13434789734,0.8364559224340242
readouts,chemical_cluster,-1,repr_mlp_stable_centered_regularized,potency_ge6_descriptive_tail,560,56,52,55.943540642841484,47.38653300749192,False,1.1637331948780207,1.1639945292442004,-1.1637083206137828,-1.1634452367974384,5565.977961432507,0.025076845262802072
readouts,chemical_cluster,-1,repr_mlp_stable_centered_regularized,"novelty_[0,0.2)",208,39,32,15.180064056421697,7.742842710244153,True,1.0218947627096173,1.0812369593495783,0.39002218329752125,-0.17308731092808233,1019.7514963652806,0.004594367900494084
readouts,chemical_cluster,-1,repr_mlp_stable_centered_regularized,"novelty_[0.2,0.35)",23745,2858,1895,2103.400728468768,1189.5775339646748,False,0.4836651543679698,0.608398613939702,0.23451482164103832,0.00827990897761157,165118.50162164523,0.743921579259372
readouts,chemical_cluster,-1,repr_mlp_stable_centered_regularized,"novelty_[0.35,0.5)",8008,1003,511,742.945581766181,271.45546045887085,False,0.5283751491752701,0.677699758217601,0.3577605708260646,0.10504533781752434,49036.35525147844,0.2209274095969716
readouts,chemical_cluster,-1,repr_mlp_stable_centered_regularized,"novelty_[0.5,0.7)",1431,172,91,121.27225640382227,50.42224772076024,False,0.5678327665685545,0.682903104826596,0.4008836033221504,0.19032119015973756,6602.051850361735,0.02974475174276611
readouts,chemical_cluster,-1,repr_mlp_stable_centered_regularized,"novelty_[0.7,1]",48,6,5,3.234473979325862,2.9019427125586414,True,0.6374836194854846,1.003281892051821,1.003281892051821,0.6374836194854846,180.20489223906384,0.0008118915003960752
readouts,chemical_cluster,-1,repr_mlp_unscaled,all,33440,3344,1975,2782.343188564992,1012.5588141842961,False,0.5274765410821837,0.6584920669988066,0.2769814403633046,0.025025112165662916,221956.86511208978,1.0
readouts,chemical_cluster,-1,repr_mlp_unscaled,potency_lt4,10360,1036,617,818.9342623395673,280.80404787274347,False,1.0341730085337544,1.1796829359225325,1.0841269912420168,0.9225749312604714,36299.730764192434,0.16354407756597578
readouts,chemical_cluster,-1,repr_mlp_unscaled,potency_ge4,23080,2308,1559,2141.272332721013,927.6002729621608,False,0.428407117155854,0.4245433060781047,-0.08532479477982631,-0.15046405982348865,185657.13434789734,0.8364559224340242
readouts,chemical_cluster,-1,repr_mlp_unscaled,potency_ge6_descriptive_tail,560,56,52,55.943540642841484,47.38653300749192,False,1.1807362287012806,1.182214109266413,-1.1775343755569803,-1.1760278901209966,5565.977961432507,0.025076845262802072
readouts,chemical_cluster,-1,repr_mlp_unscaled,"novelty_[0,0.2)",208,39,32,15.180064056421697,7.742842710244153,True,1.0317209623169161,1.1416861187609342,0.4724981590455923,-0.2249960228548292,1019.7514963652806,0.004594367900494084
readouts,chemical_cluster,-1,repr_mlp_unscaled,"novelty_[0.2,0.35)",23745,2858,1895,2103.400728468768,1189.5775339646748,False,0.5127927562399927,0.6329320290434244,0.2263712875496751,-0.008903425889107627,165118.50162164523,0.743921579259372
readouts,chemical_cluster,-1,repr_mlp_unscaled,"novelty_[0.35,0.5)",8008,1003,511,742.945581766181,271.45546045887085,False,0.5565680456857874,0.7104324422953521,0.3916557488735719,0.12019860456114911,49036.35525147844,0.2209274095969716
readouts,chemical_cluster,-1,repr_mlp_unscaled,"novelty_[0.5,0.7)",1431,172,91,121.27225640382227,50.42224772076024,False,0.6001558774214816,0.7157873608267394,0.4294604600547717,0.19438396386090984,6602.051850361735,0.02974475174276611
readouts,chemical_cluster,-1,repr_mlp_unscaled,"novelty_[0.7,1]",48,6,5,3.234473979325862,2.9019427125586414,True,0.5495982861441239,0.835380559530523,0.7886743850509325,0.42519010015291403,180.20489223906384,0.0008118915003960752
readouts,chemical_cluster,-1,repr_ridge_stable,all,33440,3344,1975,2782.343188564992,1012.5588141842961,False,0.49788354424762593,0.6146633651973911,0.21726608537007286,-0.01744184722102571,221956.86511208978,1.0
readouts,chemical_cluster,-1,repr_ridge_stable,potency_lt4,10360,1036,617,818.9342623395673,280.80404787274347,False,0.9335608681847609,1.0814822918042613,0.9596510722908068,0.7996895884396121,36299.730764192434,0.16354407756597578
readouts,chemical_cluster,-1,repr_ridge_stable,potency_ge4,23080,2308,1559,2141.272332721013,927.6002729621608,False,0.4126998015677102,0.405120727431049,-0.11597084983351483,-0.1772075961518322,185657.13434789734,0.8364559224340242
readouts,chemical_cluster,-1,repr_ridge_stable,potency_ge6_descriptive_tail,560,56,52,55.943540642841484,47.38653300749192,False,1.1953553754807225,1.197403014696855,-1.197403014696855,-1.1953553754807225,5565.977961432507,0.025076845262802072
readouts,chemical_cluster,-1,repr_ridge_stable,"novelty_[0,0.2)",208,39,32,15.180064056421697,7.742842710244153,True,1.034644573854893,1.1152857837016947,0.29462818893788884,-0.39998919345930356,1019.7514963652806,0.004594367900494084
readouts,chemical_cluster,-1,repr_ridge_stable,"novelty_[0.2,0.35)",23745,2858,1895,2103.400728468768,1189.5775339646748,False,0.4852937157265262,0.5948616498468254,0.1767068211317271,-0.044692815700617665,165118.50162164523,0.743921579259372
readouts,chemical_cluster,-1,repr_ridge_stable,"novelty_[0.35,0.5)",8008,1003,511,742.945581766181,271.45546045887085,False,0.5191365130201668,0.6492215855661019,0.30643142197652073,0.058719199234166894,49036.35525147844,0.2209274095969716
readouts,chemical_cluster,-1,repr_ridge_stable,"novelty_[0.5,0.7)",1431,172,91,121.27225640382227,50.42224772076024,False,0.5669355959769807,0.6651537909796053,0.35509730218376107,0.1385017120322327,6602.051850361735,0.02974475174276611
readouts,chemical_cluster,-1,repr_ridge_stable,"novelty_[0.7,1]",48,6,5,3.234473979325862,2.9019427125586414,True,0.6832137245772129,0.9702516973494824,0.9613478560490784,0.6791802925279662,180.20489223906384,0.0008118915003960752
readouts,chemical_cluster,-1,repr_ridge_unscaled,all,33440,3344,1975,2782.343188564992,1012.5588141842961,False,0.4985535194766948,0.6118242619089783,0.20390856974894792,-0.01976135064428182,221956.86511208978,1.0
readouts,chemical_cluster,-1,repr_ridge_unscaled,potency_lt4,10360,1036,617,818.9342623395673,280.80404787274347,False,0.9084864436436012,1.0574527488159522,0.9088258099174751,0.7602021091579381,36299.730764192434,0.16354407756597578
readouts,chemical_cluster,-1,repr_ridge_unscaled,potency_ge4,23080,2308,1559,2141.272332721013,927.6002729621608,False,0.4184033284759397,0.4117934506283785,-0.1125100874497498,-0.172260007354531,185657.13434789734,0.8364559224340242
readouts,chemical_cluster,-1,repr_ridge_unscaled,potency_ge6_descriptive_tail,560,56,52,55.943540642841484,47.38653300749192,False,1.2011559689779219,1.2032973590524152,-1.2032973590524152,-1.2011559689779219,5565.977961432507,0.025076845262802072
readouts,chemical_cluster,-1,repr_ridge_unscaled,"novelty_[0,0.2)",208,39,32,15.180064056421697,7.742842710244153,True,1.1468699855126492,1.1375289643072388,0.2855726048875863,-0.3812143319556182,1019.7514963652806,0.004594367900494084
readouts,chemical_cluster,-1,repr_ridge_unscaled,"novelty_[0.2,0.35)",23745,2858,1895,2103.400728468768,1189.5775339646748,False,0.4855017011866592,0.593682888950979,0.16707218233227755,-0.04702347031657192,165118.50162164523,0.743921579259372
readouts,chemical_cluster,-1,repr_ridge_unscaled,"novelty_[0.35,0.5)",8008,1003,511,742.945581766181,271.45546045887085,False,0.5193123416255946,0.6423085096732961,0.28692482986073015,0.057734747791764254,49036.35525147844,0.2209274095969716
readouts,chemical_cluster,-1,repr_ridge_unscaled,"novelty_[0.5,0.7)",1431,172,91,121.27225640382227,50.42224772076024,False,0.5661262722577268,0.6573456384683399,0.32585070145461936,0.12711405185477198,6602.051850361735,0.02974475174276611
readouts,chemical_cluster,-1,repr_ridge_unscaled,"novelty_[0.7,1]",48,6,5,3.234473979325862,2.9019427125586414,True,0.6645822977787307,0.8651862793205182,0.5872522875413114,0.5366460380542869,180.20489223906384,0.0008118915003960752
readouts,chemical_cluster,25,repr_mlp_stable,all,33440,3344,1975,2782.343188564992,1012.5588141842961,False,1.3475375495567758,1.4967285544981326,-0.17910171576363113,-0.5490732601900461,221956.86511208978,1.0
readouts,chemical_cluster,25,repr_mlp_stable,potency_lt4,10360,1036,617,818.9342623395673,280.80404787274347,False,1.7826544201547794,2.1033493374232286,1.0847669102895126,0.8206153728332427,36299.730764192434,0.16354407756597578
readouts,chemical_cluster,25,repr_mlp_stable,potency_ge4,23080,2308,1559,2141.272332721013,927.6002729621608,False,1.262463386858194,1.2244325704814951,-0.7464188286713681,-0.8168751347808312,185657.13434789734,0.8364559224340242
readouts,chemical_cluster,25,repr_mlp_stable,potency_ge6_descriptive_tail,560,56,52,55.943540642841484,47.38653300749192,False,2.024282212591236,2.0265498675403317,-1.8136548225312588,-1.8124025049600552,5565.977961432507,0.025076845262802072
readouts,chemical_cluster,25,repr_mlp_stable,"novelty_[0,0.2)",14921,3044,1910,1952.5913227486642,1086.339125008473,False,1.4737227684168188,1.7157693102532576,-0.0938887976601485,-0.5334467200367042,96494.26048290667,0.4347433021915154
readouts,chemical_cluster,25,repr_mlp_stable,"novelty_[0.2,0.35)",18336,3174,1842,2181.1889450760864,689.2455105274486,False,1.249585932749622,1.3178571222927142,-0.2505282830843628,-0.5627124082863244,124565.70830591333,0.5612158391361617
readouts,chemical_cluster,25,repr_mlp_stable,"novelty_[0.35,0.5)",169,151,101,106.42294148260436,64.71945161864315,False,1.3936400090014744,1.575687428538851,-0.05230484815979381,-0.38358486447426887,848.898610541864,0.003824610741880699
readouts,chemical_cluster,25,repr_mlp_stable,"novelty_[0.5,0.7)",14,14,10,10.030128153228299,6.812809943228162,True,1.0584995213332973,1.363543881887481,1.0199637660809926,0.5054736179498353,47.997712727912855,0.00021624793044213196
readouts,chemical_cluster,25,repr_mlp_stable,"novelty_[0.7,1]",0,0,0,0.0,0.0,True,,,,,0.0,0.0
readouts,chemical_cluster,25,repr_mlp_stable_centered,all,33440,3344,1975,2782.343188564992,1012.5588141842961,False,0.7713963421914102,1.123084645284588,0.6283525741869284,0.11267530230683538,221956.86511208978,1.0
readouts,chemical_cluster,25,repr_mlp_stable_centered,potency_lt4,10360,1036,617,818.9342623395673,280.80404787274347,False,1.9485136236179297,2.4546955503968357,2.3689418084989375,1.863826942023845,36299.730764192434,0.16354407756597578
readouts,chemical_cluster,25,repr_mlp_stable_centered,potency_ge4,23080,2308,1559,2141.272332721013,927.6002729621608,False,0.5412460679035817,0.5253598195929546,-0.15295177882314165,-0.22971031768171038,185657.13434789734,0.8364559224340242
readouts,chemical_cluster,25,repr_mlp_stable_centered,potency_ge6_descriptive_tail,560,56,52,55.943540642841484,47.38653300749192,False,1.2943244500467124,1.2934204899137043,-1.2691117894047974,-1.2699720948580833,5565.977961432507,0.025076845262802072
readouts,chemical_cluster,25,repr_mlp_stable_centered,"novelty_[0,0.2)",14921,3044,1910,1952.5913227486642,1086.339125008473,False,0.8919931114590554,1.3899543712885711,0.8999750926111342,0.23199868770751414,96494.26048290667,0.4347433021915154
readouts,chemical_cluster,25,repr_mlp_stable_centered,"novelty_[0.2,0.35)",18336,3174,1842,2181.1889450760864,689.2455105274486,False,0.6761098042218109,0.9018068161600785,0.40130527679162653,0.017045192397913463,124565.70830591333,0.5612158391361617
readouts,chemical_cluster,25,repr_mlp_stable_centered,"novelty_[0.35,0.5)",169,151,101,106.42294148260436,64.71945161864315,False,1.0227004449802484,1.5311683466398556,1.237208680290974,0.539711159422739,848.898610541864,0.003824610741880699
readouts,chemical_cluster,25,repr_mlp_stable_centered,"novelty_[0.5,0.7)",14,14,10,10.030128153228299,6.812809943228162,True,1.1715679820413438,1.5817237590368143,1.1542786956937885,0.8564690340408821,47.997712727912855,0.00021624793044213196
readouts,chemical_cluster,25,repr_mlp_stable_centered,"novelty_[0.7,1]",0,0,0,0.0,0.0,True,,,,,0.0,0.0
readouts,chemical_cluster,25,repr_mlp_stable_centered_regularized,all,33440,3344,1975,2782.343188564992,1012.5588141842961,False,0.7714000143700015,1.1230824326352324,0.6282960537223753,0.11263926364513135,221956.86511208978,1.0
readouts,chemical_cluster,25,repr_mlp_stable_centered_regularized,potency_lt4,10360,1036,617,818.9342623395673,280.80404787274347,False,1.9485054181694295,2.4546770105859412,2.3688088663404927,1.8637209197792077,36299.730764192434,0.16354407756597578
readouts,chemical_cluster,25,repr_mlp_stable_centered_regularized,potency_ge4,23080,2308,1559,2141.272332721013,927.6002729621608,False,0.5412520623988837,0.5253649357734759,-0.15297399561573988,-0.2297326731352397,185657.13434789734,0.8364559224340242
readouts,chemical_cluster,25,repr_mlp_stable_centered_regularized,potency_ge6_descriptive_tail,560,56,52,55.943540642841484,47.38653300749192,False,1.2943887857290892,1.2934854020250255,-1.2691774698483724,-1.2700371882547532,5565.977961432507,0.025076845262802072
readouts,chemical_cluster,25,repr_mlp_stable_centered_regularized,"novelty_[0,0.2)",14921,3044,1910,1952.5913227486642,1086.339125008473,False,0.8919977614900721,1.3899365043955207,0.8998580488092278,0.23192614177276527,96494.26048290667,0.4347433021915154
readouts,chemical_cluster,25,repr_mlp_stable_centered_regularized,"novelty_[0.2,0.35)",18336,3174,1842,2181.1889450760864,689.2455105274486,False,0.6761120897218079,0.9018168458925185,0.4012987761239088,0.017038193911198655,124565.70830591333,0.5612158391361617
readouts,chemical_cluster,25,repr_mlp_stable_centered_regularized,"novelty_[0.35,0.5)",169,151,101,106.42294148260436,64.71945161864315,False,1.0227962203385206,1.5312182474985683,1.23706591466093,0.5395622821002912,848.898610541864,0.003824610741880699
readouts,chemical_cluster,25,repr_mlp_stable_centered_regularized,"novelty_[0.5,0.7)",14,14,10,10.030128153228299,6.812809943228162,True,1.1715755959364187,1.5817425088663732,1.1542565434324235,0.8564563492038575,47.997712727912855,0.00021624793044213196
readouts,chemical_cluster,25,repr_mlp_stable_centered_regularized,"novelty_[0.7,1]",0,0,0,0.0,0.0,True,,,,,0.0,0.0
readouts,chemical_cluster,25,repr_mlp_unscaled,all,33440,3344,1975,2782.343188564992,1012.5588141842961,False,0.9884062487770703,1.2337531849160253,0.5288203847165562,0.05703088203012696,221956.86511208978,1.0
readouts,chemical_cluster,25,repr_mlp_unscaled,potency_lt4,10360,1036,617,818.9342623395673,280.80404787274347,False,1.9432976267968918,2.2459184190265984,2.156689621929398,1.8605081647106878,36299.730764192434,0.16354407756597578
readouts,chemical_cluster,25,repr_mlp_unscaled,potency_ge4,23080,2308,1559,2141.272332721013,927.6002729621608,False,0.8017056404060742,0.7794190503672586,-0.2018869505314959,-0.2955854611585351,185657.13434789734,0.8364559224340242
readouts,chemical_cluster,25,repr_mlp_unscaled,potency_ge6_descriptive_tail,560,56,52,55.943540642841484,47.38653300749192,False,1.6943925997722584,1.6905450340100083,-1.5523025794087029,-1.5566088004444116,5565.977961432507,0.025076845262802072
readouts,chemical_cluster,25,repr_mlp_unscaled,"novelty_[0,0.2)",14921,3044,1910,1952.5913227486642,1086.339125008473,False,1.0497018084040675,1.3483113836005305,0.6449907185076095,0.11021060154017627,96494.26048290667,0.4347433021915154
readouts,chemical_cluster,25,repr_mlp_unscaled,"novelty_[0.2,0.35)",18336,3174,1842,2181.1889450760864,689.2455105274486,False,0.9379651439841429,1.1338840453415802,0.42491527529845413,0.01156760917343589,124565.70830591333,0.5612158391361617
readouts,chemical_cluster,25,repr_mlp_unscaled,"novelty_[0.35,0.5)",169,151,101,106.42294148260436,64.71945161864315,False,1.3809631046964543,1.8644578431202812,1.4045916711837347,0.5935535365247624,848.898610541864,0.003824610741880699
readouts,chemical_cluster,25,repr_mlp_unscaled,"novelty_[0.5,0.7)",14,14,10,10.030128153228299,6.812809943228162,True,1.7243013074096925,2.3257941441308883,2.2303338405064173,1.6440594763966643,47.997712727912855,0.00021624793044213196
readouts,chemical_cluster,25,repr_mlp_unscaled,"novelty_[0.7,1]",0,0,0,0.0,0.0,True,,,,,0.0,0.0
readouts,chemical_cluster,25,repr_ridge_stable,all,33440,3344,1975,2782.343188564992,1012.5588141842961,False,0.6875469830284424,0.87632032520412,0.2952654405530958,-0.07726769637706268,221956.86511208978,1.0
readouts,chemical_cluster,25,repr_ridge_stable,potency_lt4,10360,1036,617,818.9342623395673,280.80404787274347,False,1.4574996102642699,1.7018908115377145,1.5467111496565116,1.3132627215656831,36299.730764192434,0.16354407756597578
readouts,chemical_cluster,25,repr_ridge_stable,potency_ge4,23080,2308,1559,2141.272332721013,927.6002729621608,False,0.5370056468820477,0.5057436250994389,-0.2664753543477443,-0.34914456212764794,185657.13434789734,0.8364559224340242
readouts,chemical_cluster,25,repr_ridge_stable,potency_ge6_descriptive_tail,560,56,52,55.943540642841484,47.38653300749192,False,1.5339642387079149,1.534344656772929,-1.532990657146834,-1.5326019627595242,5565.977961432507,0.025076845262802072
readouts,chemical_cluster,25,repr_ridge_stable,"novelty_[0,0.2)",14921,3044,1910,1952.5913227486642,1086.339125008473,False,0.7309423256644842,0.9581053382633831,0.35232996615918405,-0.054846534604637315,96494.26048290667,0.4347433021915154
readouts,chemical_cluster,25,repr_ridge_stable,"novelty_[0.2,0.35)",18336,3174,1842,2181.1889450760864,689.2455105274486,False,0.6523790751965519,0.8058561222580944,0.24203234881643712,-0.09781094774575745,124565.70830591333,0.5612158391361617
readouts,chemical_cluster,25,repr_ridge_stable,"novelty_[0.35,0.5)",169,151,101,106.42294148260436,64.71945161864315,False,0.9000588936329702,1.2666930314373337,0.9569458678972401,0.34035368829806784,848.898610541864,0.003824610741880699
readouts,chemical_cluster,25,repr_ridge_stable,"novelty_[0.5,0.7)",14,14,10,10.030128153228299,6.812809943228162,True,0.9565761987893602,1.286638754321761,1.209421961536659,0.7759608793043005,47.997712727912855,0.00021624793044213196
readouts,chemical_cluster,25,repr_ridge_stable,"novelty_[0.7,1]",0,0,0,0.0,0.0,True,,,,,0.0,0.0
readouts,chemical_cluster,25,repr_ridge_unscaled,all,33440,3344,1975,2782.343188564992,1012.5588141842961,False,0.6708968451522175,0.8445021710996654,0.2827022509227982,-0.07568743911799049,221956.86511208978,1.0
readouts,chemical_cluster,25,repr_ridge_unscaled,potency_lt4,10360,1036,617,818.9342623395673,280.80404787274347,False,1.3613389632739485,1.5942753727302272,1.4863552059509872,1.2637525793964446,36299.730764192434,0.16354407756597578
readouts,chemical_cluster,25,repr_ridge_unscaled,potency_ge4,23080,2308,1559,2141.272332721013,927.6002729621608,False,0.535901424243086,0.507948862222169,-0.257585643968538,-0.3375750968028759,185657.13434789734,0.8364559224340242
readouts,chemical_cluster,25,repr_ridge_unscaled,potency_ge6_descriptive_tail,560,56,52,55.943540642841484,47.38653300749192,False,1.4732695599500387,1.4729459854878992,-1.4729459854878992,-1.4732695599500387,5565.977961432507,0.025076845262802072
readouts,chemical_cluster,25,repr_ridge_unscaled,"novelty_[0,0.2)",14921,3044,1910,1952.5913227486642,1086.339125008473,False,0.7103394919543493,0.9202646973307689,0.3514721429747636,-0.04765465043039812,96494.26048290667,0.4347433021915154
readouts,chemical_cluster,25,repr_ridge_unscaled,"novelty_[0.2,0.35)",18336,3174,1842,2181.1889450760864,689.2455105274486,False,0.6389972833717656,0.7796105132039076,0.22110881008702085,-0.10017565762861265,124565.70830591333,0.5612158391361617
readouts,chemical_cluster,25,repr_ridge_unscaled,"novelty_[0.35,0.5)",169,151,101,106.42294148260436,64.71945161864315,False,0.8480766839901643,1.1518941188931102,0.8194725900445254,0.2852337020128976,848.898610541864,0.003824610741880699
readouts,chemical_cluster,25,repr_ridge_unscaled,"novelty_[0.5,0.7)",14,14,10,10.030128153228299,6.812809943228162,True,1.0291379609721292,1.3767554643304207,1.178958289913249,0.7369265961114853,47.997712727912855,0.00021624793044213196
readouts,chemical_cluster,25,repr_ridge_unscaled,"novelty_[0.7,1]",0,0,0,0.0,0.0,True,,,,,0.0,0.0
readouts,chemical_cluster,50,repr_mlp_stable,all,33440,3344,1975,2782.343188564992,1012.5588141842961,False,1.0234768092638105,1.185722302398547,-0.016731074280739274,-0.32004808764288945,221956.86511208978,1.0
readouts,chemical_cluster,50,repr_mlp_stable,potency_lt4,10360,1036,617,818.9342623395673,280.80404787274347,False,1.5512399578165126,1.8392853707471835,0.9845503068032484,0.7835339192909896,36299.730764192434,0.16354407756597578
readouts,chemical_cluster,50,repr_mlp_stable,potency_ge4,23080,2308,1559,2141.272332721013,927.6002729621608,False,0.9202884224182685,0.8923551711987262,-0.4661797358071739,-0.5358207261068669,185657.13434789734,0.8364559224340242
readouts,chemical_cluster,50,repr_mlp_stable,potency_ge6_descriptive_tail,560,56,52,55.943540642841484,47.38653300749192,False,1.8106193901797867,1.8130027658269836,-1.7705196276971589,-1.7687927448161678,5565.977961432507,0.025076845262802072
readouts,chemical_cluster,50,repr_mlp_stable,"novelty_[0,0.2)",8984,2338,1640,1342.2921263358996,903.3292427127453,False,1.199414632467793,1.4537468472853632,0.00043405853872893535,-0.38810495878495865,56412.8685343378,0.25416140431542367
readouts,chemical_cluster,50,repr_mlp_stable,"novelty_[0.2,0.35)",24148,3254,1903,2430.887350778376,802.2158287007068,False,0.9622993232830309,1.0841955514083954,-0.025209923175174218,-0.2980695966748819,163925.34467839933,0.7385459539429694
readouts,chemical_cluster,50,repr_mlp_stable,"novelty_[0.35,0.5)",275,237,150,166.12693121407284,90.0328566342317,False,1.0829210752882188,1.3161608219374308,0.08666664103919809,-0.19839921543200076,1480.1892828131377,0.006668815051364289
readouts,chemical_cluster,50,repr_mlp_stable,"novelty_[0.5,0.7)",31,29,18,16.683563745094293,9.998371679487352,True,1.2160751788087414,1.4663307174815927,0.6480446840870765,0.07746170163066522,126.69583208722754,0.00057081285601707
readouts,chemical_cluster,50,repr_mlp_stable,"novelty_[0.7,1]",2,2,2,1.3426606448800686,1.3426606448800686,True,0.25801782722587674,0.7687312555313108,0.7299037408828737,0.1920227122378424,11.76678445229682,5.30138342256479e-05
readouts,chemical_cluster,50,repr_mlp_stable_centered,all,33440,3344,1975,2782.343188564992,1012.5588141842961,False,0.6931158691192129,0.9664675085660631,0.5015240746491584,0.07605615391010975,221956.86511208978,1.0
readouts,chemical_cluster,50,repr_mlp_stable_centered,potency_lt4,10360,1036,617,818.9342623395673,280.80404787274347,False,1.6525508098585158,2.02290550590818,1.9270382974393387,1.5641406366219173,36299.730764192434,0.16354407756597578
readouts,chemical_cluster,50,repr_mlp_stable_centered,potency_ge4,23080,2308,1559,2141.272332721013,927.6002729621608,False,0.505526902194118,0.49226050455980963,-0.13835146036411133,-0.21489450773045082,185657.13434789734,0.8364559224340242
readouts,chemical_cluster,50,repr_mlp_stable_centered,potency_ge6_descriptive_tail,560,56,52,55.943540642841484,47.38653300749192,False,1.2815377958022736,1.2825484715673656,-1.2717877795458687,-1.270711329054124,5565.977961432507,0.025076845262802072
readouts,chemical_cluster,50,repr_mlp_stable_centered,"novelty_[0,0.2)",8984,2338,1640,1342.2921263358996,903.3292427127453,False,0.837292603796654,1.28604641195793,0.8149498204732916,0.20308705401063157,56412.8685343378,0.25416140431542367
readouts,chemical_cluster,50,repr_mlp_stable_centered,"novelty_[0.2,0.35)",24148,3254,1903,2430.887350778376,802.2158287007068,False,0.6413706142338249,0.8427728852729323,0.37921891629596727,0.02978771358432122,163925.34467839933,0.7385459539429694
readouts,chemical_cluster,50,repr_mlp_stable_centered,"novelty_[0.35,0.5)",275,237,150,166.12693121407284,90.0328566342317,False,0.8758800326592773,1.267963679972762,0.8766237432206484,0.30941726510241163,1480.1892828131377,0.006668815051364289
readouts,chemical_cluster,50,repr_mlp_stable_centered,"novelty_[0.5,0.7)",31,29,18,16.683563745094293,9.998371679487352,True,1.3269357111685445,1.9899321423212266,1.5429345029433388,0.6096606168538586,126.69583208722754,0.00057081285601707
readouts,chemical_cluster,50,repr_mlp_stable_centered,"novelty_[0.7,1]",2,2,2,1.3426606448800686,1.3426606448800686,True,0.5322966620060298,1.5874897219339534,1.5874897219339534,0.5322966620060298,11.76678445229682,5.30138342256479e-05
readouts,chemical_cluster,50,repr_mlp_stable_centered_regularized,all,33440,3344,1975,2782.343188564992,1012.5588141842961,False,0.6931121572117134,0.9664540973951976,0.5015176897769825,0.0760409950574992,221956.86511208978,1.0
readouts,chemical_cluster,50,repr_mlp_stable_centered_regularized,potency_lt4,10360,1036,617,818.9342623395673,280.80404787274347,False,1.6525329964759186,2.0228715681606952,1.9270590065002586,1.5641493940774644,36299.730764192434,0.16354407756597578
readouts,chemical_cluster,50,repr_mlp_stable_centered_regularized,potency_ge4,23080,2308,1559,2141.272332721013,927.6002729621608,False,0.5055259474106645,0.49225630722489605,-0.13837000698441881,-0.21491434270579735,185657.13434789734,0.8364559224340242
readouts,chemical_cluster,50,repr_mlp_stable_centered_regularized,potency_ge6_descriptive_tail,560,56,52,55.943540642841484,47.38653300749192,False,1.2815062706384908,1.282517068477758,-1.271757278615135,-1.2706807115636607,5565.977961432507,0.025076845262802072
readouts,chemical_cluster,50,repr_mlp_stable_centered_regularized,"novelty_[0,0.2)",8984,2338,1640,1342.2921263358996,903.3292427127453,False,0.8372803775387451,1.286014923105351,0.8149522559010023,0.20308130999236504,56412.8685343378,0.25416140431542367
readouts,chemical_cluster,50,repr_mlp_stable_centered_regularized,"novelty_[0.2,0.35)",24148,3254,1903,2430.887350778376,802.2158287007068,False,0.6413696673427532,0.8427658054746158,0.3792095764863121,0.029769359255195832,163925.34467839933,0.7385459539429694
readouts,chemical_cluster,50,repr_mlp_stable_centered_regularized,"novelty_[0.35,0.5)",275,237,150,166.12693121407284,90.0328566342317,False,0.8758917410305701,1.2679815203157532,0.8765883720633924,0.3093959420967967,1480.1892828131377,0.006668815051364289
readouts,chemical_cluster,50,repr_mlp_stable_centered_regularized,"novelty_[0.5,0.7)",31,29,18,16.683563745094293,9.998371679487352,True,1.3269556459868752,1.9899438697553988,1.5429266049073085,0.6096490051591625,126.69583208722754,0.00057081285601707
readouts,chemical_cluster,50,repr_mlp_stable_centered_regularized,"novelty_[0.7,1]",2,2,2,1.3426606448800686,1.3426606448800686,True,0.5323984832924227,1.5875495333323404,1.5875495333323404,0.5323984832924227,11.76678445229682,5.30138342256479e-05
readouts,chemical_cluster,50,repr_mlp_unscaled,all,33440,3344,1975,2782.343188564992,1012.5588141842961,False,0.8734499714358155,1.0990572618017882,0.4687893148572078,0.0439986519938315,221956.86511208978,1.0
readouts,chemical_cluster,50,repr_mlp_unscaled,potency_lt4,10360,1036,617,818.9342623395673,280.80404787274347,False,1.7571479223990012,2.036126412475865,1.9247770352699842,1.6614924235800246,36299.730764192434,0.16354407756597578
readouts,chemical_cluster,50,repr_mlp_unscaled,potency_ge4,23080,2308,1559,2141.272332721013,927.6002729621608,False,0.700669120274329,0.6784317678250362,-0.1847649651894286,-0.2722541471650388,185657.13434789734,0.8364559224340242
readouts,chemical_cluster,50,repr_mlp_unscaled,potency_ge6_descriptive_tail,560,56,52,55.943540642841484,47.38653300749192,False,1.5606978395370887,1.5569648086643741,-1.4557619139950508,-1.4589709545751073,5565.977961432507,0.025076845262802072
readouts,chemical_cluster,50,repr_mlp_unscaled,"novelty_[0,0.2)",8984,2338,1640,1342.2921263358996,903.3292427127453,False,0.9843697464703474,1.2843588716815628,0.6345348832329519,0.11902023829173913,56412.8685343378,0.25416140431542367
readouts,chemical_cluster,50,repr_mlp_unscaled,"novelty_[0.2,0.35)",24148,3254,1903,2430.887350778376,802.2158287007068,False,0.8322749368973521,1.0226871998618008,0.3976110449369629,0.01395050205896108,163925.34467839933,0.7385459539429694
readouts,chemical_cluster,50,repr_mlp_unscaled,"novelty_[0.35,0.5)",275,237,150,166.12693121407284,90.0328566342317,False,1.1326273981645516,1.5931492063507886,1.1203174549637418,0.4060957554417019,1480.1892828131377,0.006668815051364289
readouts,chemical_cluster,50,repr_mlp_unscaled,"novelty_[0.5,0.7)",31,29,18,16.683563745094293,9.998371679487352,True,1.7411005896729865,2.4451733435866645,2.015992095239701,1.2568206258451837,126.69583208722754,0.00057081285601707
readouts,chemical_cluster,50,repr_mlp_unscaled,"novelty_[0.7,1]",2,2,2,1.3426606448800686,1.3426606448800686,True,0.7688908666700448,2.0139119021097818,1.7793648274739586,0.37023127434609354,11.76678445229682,5.30138342256479e-05
readouts,chemical_cluster,50,repr_ridge_stable,all,33440,3344,1975,2782.343188564992,1012.5588141842961,False,0.6493945268667115,0.8214793802886395,0.2881080247149082,-0.06242904583802083,221956.86511208978,1.0
readouts,chemical_cluster,50,repr_ridge_stable,potency_lt4,10360,1036,617,818.9342623395673,280.80404787274347,False,1.3451755164022616,1.5680288263116866,1.4577316280444006,1.2396201521136965,36299.730764192434,0.16354407756597578
readouts,chemical_cluster,50,repr_ridge_stable,potency_ge4,23080,2308,1559,2141.272332721013,927.6002729621608,False,0.5133552484425591,0.4863731298207555,-0.23690499653697844,-0.317006040648322,185657.13434789734,0.8364559224340242
readouts,chemical_cluster,50,repr_ridge_stable,potency_ge6_descriptive_tail,560,56,52,55.943540642841484,47.38653300749192,False,1.477209114610156,1.4781770362722844,-1.4774808752008113,-1.476508698254349,5565.977961432507,0.025076845262802072
readouts,chemical_cluster,50,repr_ridge_stable,"novelty_[0,0.2)",8984,2338,1640,1342.2921263358996,903.3292427127453,False,0.7181181641673615,0.9513328264743686,0.410932767688772,-0.01822846638164434,56412.8685343378,0.25416140431542367
readouts,chemical_cluster,50,repr_ridge_stable,"novelty_[0.2,0.35)",24148,3254,1903,2430.887350778376,802.2158287007068,False,0.6239408423611347,0.7693262362173071,0.23721014758024123,-0.08019888231694444,163925.34467839933,0.7385459539429694
readouts,chemical_cluster,50,repr_ridge_stable,"novelty_[0.35,0.5)",275,237,150,166.12693121407284,90.0328566342317,False,0.8253385863822463,1.1012512841190343,0.6520996741237366,0.1714712161031697,1480.1892828131377,0.006668815051364289
readouts,chemical_cluster,50,repr_ridge_stable,"novelty_[0.5,0.7)",31,29,18,16.683563745094293,9.998371679487352,True,0.9446396236719218,1.2913430071793415,1.035601036237265,0.46705088934697403,126.69583208722754,0.00057081285601707
readouts,chemical_cluster,50,repr_ridge_stable,"novelty_[0.7,1]",2,2,2,1.3426606448800686,1.3426606448800686,True,0.45984870666553396,1.4653376377766734,1.4653376377766734,0.45984870666553396,11.76678445229682,5.30138342256479e-05
readouts,chemical_cluster,50,repr_ridge_unscaled,all,33440,3344,1975,2782.343188564992,1012.5588141842961,False,0.6420329591160163,0.8163393885105789,0.29941190193261535,-0.047409727887021885,221956.86511208978,1.0
readouts,chemical_cluster,50,repr_ridge_unscaled,potency_lt4,10360,1036,617,818.9342623395673,280.80404787274347,False,1.3371177355334767,1.5576154107071731,1.4596788118950867,1.244516613798321,36299.730764192434,0.16354407756597578
readouts,chemical_cluster,50,repr_ridge_unscaled,potency_ge4,23080,2308,1559,2141.272332721013,927.6002729621608,False,0.5061298044601745,0.48360023816583375,-0.22140114777324266,-0.30000749923077175,185657.13434789734,0.8364559224340242
readouts,chemical_cluster,50,repr_ridge_unscaled,potency_ge6_descriptive_tail,560,56,52,55.943540642841484,47.38653300749192,False,1.413133919094522,1.4133437700853546,-1.4098815439945134,-1.4096505301477713,5565.977961432507,0.025076845262802072
readouts,chemical_cluster,50,repr_ridge_unscaled,"novelty_[0,0.2)",8984,2338,1640,1342.2921263358996,903.3292427127453,False,0.6991755727512968,0.9334965201081562,0.42729081402160124,0.00847254730391856,56412.8685343378,0.25416140431542367
readouts,chemical_cluster,50,repr_ridge_unscaled,"novelty_[0.2,0.35)",24148,3254,1903,2430.887350778376,802.2158287007068,False,0.6207246044968803,0.769036416091874,0.24637140500739813,-0.0693360164080755,163925.34467839933,0.7385459539429694
readouts,chemical_cluster,50,repr_ridge_unscaled,"novelty_[0.35,0.5)",275,237,150,166.12693121407284,90.0328566342317,False,0.8008897500029447,1.080174522071668,0.6758636320996291,0.1914279388129942,1480.1892828131377,0.006668815051364289
readouts,chemical_cluster,50,repr_ridge_unscaled,"novelty_[0.5,0.7)",31,29,18,16.683563745094293,9.998371679487352,True,0.9265527387533175,1.3258871841062414,1.1386966913561443,0.5993554024839094,126.69583208722754,0.00057081285601707
readouts,chemical_cluster,50,repr_ridge_unscaled,"novelty_[0.7,1]",2,2,2,1.3426606448800686,1.3426606448800686,True,0.4903377486964506,1.5072715392518676,1.5072715392518676,0.4903377486964506,11.76678445229682,5.30138342256479e-05
readouts,chemical_cluster,100,repr_mlp_stable,all,33440,3344,1975,2782.343188564992,1012.5588141842961,False,0.7946825823103854,0.9454051602852879,0.10290455143187362,-0.1872974240125873,221956.86511208978,1.0
readouts,chemical_cluster,100,repr_mlp_stable,potency_lt4,10360,1036,617,818.9342623395673,280.80404787274347,False,1.3123507934267145,1.5554147037031654,1.0586973224144711,0.8727316512630151,36299.730764192434,0.16354407756597578
readouts,chemical_cluster,100,repr_mlp_stable,potency_ge4,23080,2308,1559,2141.272332721013,927.6002729621608,False,0.6934679602345564,0.6715880515413879,-0.3261254792171606,-0.3945545820521811,185657.13434789734,0.8364559224340242
readouts,chemical_cluster,100,repr_mlp_stable,potency_ge6_descriptive_tail,560,56,52,55.943540642841484,47.38653300749192,False,1.6278029422885139,1.627951345144933,-1.6194102756367872,-1.6192096654956414,5565.977961432507,0.025076845262802072
readouts,chemical_cluster,100,repr_mlp_stable,"novelty_[0,0.2)",4630,1350,1084,731.6240576781186,560.257994993858,False,1.0268371953569337,1.2772885339481679,0.1524457299993049,-0.24565316469513385,27517.361988235607,0.12397616975865623
readouts,chemical_cluster,100,repr_mlp_stable,"novelty_[0.2,0.35)",28178,3290,1934,2586.7077133638672,904.9599815765064,False,0.759641430901136,0.8878976630783373,0.09329356740741254,-0.1804049878020035,191146.24943793748,0.8611864712605635
readouts,chemical_cluster,100,repr_mlp_stable,"novelty_[0.35,0.5)",566,390,215,244.58005752912305,101.37394712482404,False,0.8725914575576638,1.0505081152531577,0.1772728670182231,-0.08555449530544165,3000.6111259131976,0.01351889307139866
readouts,chemical_cluster,100,repr_mlp_stable,"novelty_[0.5,0.7)",62,44,27,23.3270710839628,13.384110598476862,False,1.0127608616164796,1.1725866017674889,-0.06676300637183646,-0.3116851603322652,277.44499147285546,0.0012499950895086926
readouts,chemical_cluster,100,repr_mlp_stable,"novelty_[0.7,1]",4,4,4,2.1188169350489843,2.1188169350489847,True,1.8095277647066923,3.508583748936653,2.570297810435295,0.9676570580430535,15.197568530634038,6.847081987285754e-05
readouts,chemical_cluster,100,repr_mlp_stable_centered,all,33440,3344,1975,2782.343188564992,1012.5588141842961,False,0.6372072497698739,0.8651511294821748,0.4291695251872214,0.06893109733144731,221956.86511208978,1.0
readouts,chemical_cluster,100,repr_mlp_stable_centered,potency_lt4,10360,1036,617,818.9342623395673,280.80404787274347,False,1.466253382434158,1.7542724211365575,1.6270206315335625,1.3576456596576447,36299.730764192434,0.16354407756597578
readouts,chemical_cluster,100,repr_mlp_stable_centered,potency_ge4,23080,2308,1559,2141.272332721013,927.6002729621608,False,0.47511193620968534,0.46604815801166327,-0.10851407367534753,-0.18303870608410816,185657.13434789734,0.8364559224340242
readouts,chemical_cluster,100,repr_mlp_stable_centered,potency_ge6_descriptive_tail,560,56,52,55.943540642841484,47.38653300749192,False,1.284930922655142,1.286661131691094,-1.2814988801320322,-1.2797371168350224,5565.977961432507,0.025076845262802072
readouts,chemical_cluster,100,repr_mlp_stable_centered,"novelty_[0,0.2)",4630,1350,1084,731.6240576781186,560.257994993858,False,0.8213808238433284,1.2374008483294792,0.7553363509198134,0.20428430436591394,27517.361988235607,0.12397616975865623
readouts,chemical_cluster,100,repr_mlp_stable_centered,"novelty_[0.2,0.35)",28178,3290,1934,2586.7077133638672,904.9599815765064,False,0.608676071061329,0.7992712983924561,0.36808914368939916,0.0451546762012648,191146.24943793748,0.8611864712605635
readouts,chemical_cluster,100,repr_mlp_stable_centered,"novelty_[0.35,0.5)",566,390,215,244.58005752912305,101.37394712482404,False,0.747047924218105,1.0535187660787215,0.7541811111929685,0.30826815967935495,3000.6111259131976,0.01351889307139866
readouts,chemical_cluster,100,repr_mlp_stable_centered,"novelty_[0.5,0.7)",62,44,27,23.3270710839628,13.384110598476862,False,0.8058392311858704,1.1851116059297646,0.7336542393425106,0.37218045227856233,277.44499147285546,0.0012499950895086926
readouts,chemical_cluster,100,repr_mlp_stable_centered,"novelty_[0.7,1]",4,4,4,2.1188169350489843,2.1188169350489847,True,1.2479396339415765,2.463163711900754,2.463163711900754,1.2479396339415765,15.197568530634038,6.847081987285754e-05
readouts,chemical_cluster,100,repr_mlp_stable_centered_regularized,all,33440,3344,1975,2782.343188564992,1012.5588141842961,False,0.6371923210450575,0.8651255850478969,0.4291399713765749,0.06891650047772034,221956.86511208978,1.0
readouts,chemical_cluster,100,repr_mlp_stable_centered_regularized,potency_lt4,10360,1036,617,818.9342623395673,280.80404787274347,False,1.4661984702469095,1.7542068135890132,1.6269368626522192,1.3575764963552641,36299.730764192434,0.16354407756597578
readouts,chemical_cluster,100,repr_mlp_stable_centered_regularized,potency_ge4,23080,2308,1559,2141.272332721013,927.6002729621608,False,0.4751048250617501,0.46604059684659854,-0.10851929177835043,-0.1830426340917288,185657.13434789734,0.8364559224340242
readouts,chemical_cluster,100,repr_mlp_stable_centered_regularized,potency_ge6_descriptive_tail,560,56,52,55.943540642841484,47.38653300749192,False,1.2849463429483672,1.2866803399553208,-1.2815157071907002,-1.2797501413675707,5565.977961432507,0.025076845262802072
readouts,chemical_cluster,100,repr_mlp_stable_centered_regularized,"novelty_[0,0.2)",4630,1350,1084,731.6240576781186,560.257994993858,False,0.8213429483954057,1.2373325896098366,0.7552641844148488,0.20424511058752146,27517.361988235607,0.12397616975865623
readouts,chemical_cluster,100,repr_mlp_stable_centered_regularized,"novelty_[0.2,0.35)",28178,3290,1934,2586.7077133638672,904.9599815765064,False,0.6086644920427355,0.7992534198522524,0.36806720323978126,0.04514387565951498,191146.24943793748,0.8611864712605635
readouts,chemical_cluster,100,repr_mlp_stable_centered_regularized,"novelty_[0.35,0.5)",566,390,215,244.58005752912305,101.37394712482404,False,0.747028704734978,1.0534610268138271,0.7541204802734975,0.30823717480347146,3000.6111259131976,0.01351889307139866
readouts,chemical_cluster,100,repr_mlp_stable_centered_regularized,"novelty_[0.5,0.7)",62,44,27,23.3270710839628,13.384110598476862,False,0.8058551474800749,1.1851278989976106,0.7336723495108272,0.37218353173208507,277.44499147285546,0.0012499950895086926
readouts,chemical_cluster,100,repr_mlp_stable_centered_regularized,"novelty_[0.7,1]",4,4,4,2.1188169350489843,2.1188169350489847,True,1.2476264078957566,2.462484649221344,2.462484649221344,1.2476264078957566,15.197568530634038,6.847081987285754e-05
readouts,chemical_cluster,100,repr_mlp_unscaled,all,33440,3344,1975,2782.343188564992,1012.5588141842961,False,0.7456060990934892,0.9557062839524524,0.4423111344829951,0.06920900747218506,221956.86511208978,1.0
readouts,chemical_cluster,100,repr_mlp_unscaled,potency_lt4,10360,1036,617,818.9342623395673,280.80404787274347,False,1.585304894781397,1.812577994591922,1.7068645800315467,1.4922252510724094,36299.730764192434,0.16354407756597578
readouts,chemical_cluster,100,repr_mlp_unscaled,potency_ge4,23080,2308,1559,2141.272332721013,927.6002729621608,False,0.5814279741130048,0.5710792942546662,-0.12531337573723864,-0.2090194952847608,185657.13434789734,0.8364559224340242
readouts,chemical_cluster,100,repr_mlp_unscaled,potency_ge6_descriptive_tail,560,56,52,55.943540642841484,47.38653300749192,False,1.4064622550215338,1.4076641718257248,-1.3680819528132284,-1.3666380897075678,5565.977961432507,0.025076845262802072
readouts,chemical_cluster,100,repr_mlp_unscaled,"novelty_[0,0.2)",4630,1350,1084,731.6240576781186,560.257994993858,False,0.9130167407035278,1.2223456178020506,0.6609168959795313,0.1693496820319022,27517.361988235607,0.12397616975865623
readouts,chemical_cluster,100,repr_mlp_unscaled,"novelty_[0.2,0.35)",28178,3290,1934,2586.7077133638672,904.9599815765064,False,0.7173965930407382,0.9024023985809274,0.39336385014532643,0.04859195120631596,191146.24943793748,0.8611864712605635
readouts,chemical_cluster,100,repr_mlp_unscaled,"novelty_[0.35,0.5)",566,390,215,244.58005752912305,101.37394712482404,False,0.9745661971795775,1.362833982533364,0.9952866074474455,0.40482345068100273,3000.6111259131976,0.01351889307139866
readouts,chemical_cluster,100,repr_mlp_unscaled,"novelty_[0.5,0.7)",62,44,27,23.3270710839628,13.384110598476862,False,1.0863184637299297,1.5169146537011668,1.2876990996894013,0.7102795790107471,277.44499147285546,0.0012499950895086926
readouts,chemical_cluster,100,repr_mlp_unscaled,"novelty_[0.7,1]",4,4,4,2.1188169350489843,2.1188169350489847,True,1.0017587723008845,1.5125987724463146,0.865743833780289,0.09260330911354109,15.197568530634038,6.847081987285754e-05
readouts,chemical_cluster,100,repr_ridge_stable,all,33440,3344,1975,2782.343188564992,1012.5588141842961,False,0.6130787117928217,0.7881145769390575,0.2919222921698578,-0.03864582649008534,221956.86511208978,1.0
readouts,chemical_cluster,100,repr_ridge_stable,potency_lt4,10360,1036,617,818.9342623395673,280.80404787274347,False,1.3100371583397603,1.5332126637909227,1.3994052432656312,1.2010640537310384,36299.730764192434,0.16354407756597578
readouts,chemical_cluster,100,repr_ridge_stable,potency_ge4,23080,2308,1559,2141.272332721013,927.6002729621608,False,0.47680921667029164,0.4536598031182031,-0.20519743804470938,-0.2810342218286117,185657.13434789734,0.8364559224340242
readouts,chemical_cluster,100,repr_ridge_stable,potency_ge6_descriptive_tail,560,56,52,55.943540642841484,47.38653300749192,False,1.4358589173277858,1.436658237070477,-1.436658237070477,-1.4358589173277858,5565.977961432507,0.025076845262802072
readouts,chemical_cluster,100,repr_ridge_stable,"novelty_[0,0.2)",4630,1350,1084,731.6240576781186,560.257994993858,False,0.7390829443900998,1.0121670194522425,0.4474732353126676,0.014166184569077124,27517.361988235607,0.12397616975865623
readouts,chemical_cluster,100,repr_ridge_stable,"novelty_[0.2,0.35)",28178,3290,1934,2586.7077133638672,904.9599815765064,False,0.5927000190267094,0.7456295723721202,0.25783904140647546,-0.050919060189214424,191146.24943793748,0.8611864712605635
readouts,chemical_cluster,100,repr_ridge_stable,"novelty_[0.35,0.5)",566,390,215,244.58005752912305,101.37394712482404,False,0.7438430417065989,1.034161402084671,0.6587289936004206,0.2161444919686841,3000.6111259131976,0.01351889307139866
readouts,chemical_cluster,100,repr_ridge_stable,"novelty_[0.5,0.7)",62,44,27,23.3270710839628,13.384110598476862,False,0.7278663270756152,1.0584356365484153,0.7248637435842158,0.37411207925610396,277.44499147285546,0.0012499950895086926
readouts,chemical_cluster,100,repr_ridge_stable,"novelty_[0.7,1]",4,4,4,2.1188169350489843,2.1188169350489847,True,0.8622276528496191,1.7274248576680198,1.7274248576680198,0.8622276528496191,15.197568530634038,6.847081987285754e-05
readouts,chemical_cluster,100,repr_ridge_unscaled,all,33440,3344,1975,2782.343188564992,1012.5588141842961,False,0.609285966413457,0.7790185366866066,0.3054700487925325,-0.02583991246987948,221956.86511208978,1.0
readouts,chemical_cluster,100,repr_ridge_unscaled,potency_lt4,10360,1036,617,818.9342623395673,280.80404787274347,False,1.2902948803571335,1.5006429046646625,1.412834290623619,1.2133466217059787,36299.730764192434,0.16354407756597578
readouts,chemical_cluster,100,repr_ridge_unscaled,potency_ge4,23080,2308,1559,2141.272332721013,927.6002729621608,False,0.47613492801679824,0.45510049282817244,-0.19159639598086686,-0.26812598305473356,185657.13434789734,0.8364559224340242
readouts,chemical_cluster,100,repr_ridge_unscaled,potency_ge6_descriptive_tail,560,56,52,55.943540642841484,47.38653300749192,False,1.3590946593808704,1.3598699661796116,-1.3598699661796116,-1.3590946593808704,5565.977961432507,0.025076845262802072
readouts,chemical_cluster,100,repr_ridge_unscaled,"novelty_[0,0.2)",4630,1350,1084,731.6240576781186,560.257994993858,False,0.7122496251533696,0.9796512641736471,0.49646720399778366,0.055192714527403375,27517.361988235607,0.12397616975865623
readouts,chemical_cluster,100,repr_ridge_unscaled,"novelty_[0.2,0.35)",28178,3290,1934,2586.7077133638672,904.9599815765064,False,0.592406231828946,0.7411817798415298,0.26518321790834437,-0.04243434617847595,191146.24943793748,0.8611864712605635
readouts,chemical_cluster,100,repr_ridge_unscaled,"novelty_[0.35,0.5)",566,390,215,244.58005752912305,101.37394712482404,False,0.7284284356507894,0.9927577472066438,0.6915202572742698,0.24587044332845262,3000.6111259131976,0.01351889307139866
readouts,chemical_cluster,100,repr_ridge_unscaled,"novelty_[0.5,0.7)",62,44,27,23.3270710839628,13.384110598476862,False,0.7388765534807052,1.0099435325970456,0.7658896760071566,0.397505049006504,277.44499147285546,0.0012499950895086926
readouts,chemical_cluster,100,repr_ridge_unscaled,"novelty_[0.7,1]",4,4,4,2.1188169350489843,2.1188169350489847,True,0.593178789280326,1.264234340384732,1.264234340384732,0.593178789280326,15.197568530634038,6.847081987285754e-05
readouts,chemical_cluster,250,repr_mlp_stable,all,33440,3344,1975,2782.343188564992,1012.5588141842961,False,0.6505030696394223,0.772642665933829,0.14915967864711988,-0.0853137412847202,221956.86511208978,1.0
readouts,chemical_cluster,250,repr_mlp_stable,potency_lt4,10360,1036,617,818.9342623395673,280.80404787274347,False,1.1045017796306573,1.2699406049970077,0.8984573821716628,0.7735521619089935,36299.730764192434,0.16354407756597578
readouts,chemical_cluster,250,repr_mlp_stable,potency_ge4,23080,2308,1559,2141.272332721013,927.6002729621608,False,0.5617371248355395,0.549418807671501,-0.1871801917391135,-0.2532394240654092,185657.13434789734,0.8364559224340242
readouts,chemical_cluster,250,repr_mlp_stable,potency_ge6_descriptive_tail,560,56,52,55.943540642841484,47.38653300749192,False,1.3877948144951604,1.3885511571590352,-1.3866600924924688,-1.3858921906964046,5565.977961432507,0.025076845262802072
readouts,chemical_cluster,250,repr_mlp_stable,"novelty_[0,0.2)",1764,545,481,260.2471674254856,186.967521891202,False,0.9300921647293358,1.1686677884458945,0.053372155980580906,-0.24094722622825324,9407.062970330664,0.042382392477835866
readouts,chemical_cluster,250,repr_mlp_stable,"novelty_[0.2,0.35)",30149,3314,1953,2665.4838885846516,1010.5229191678285,False,0.6346134368648424,0.7436753581090488,0.14688724740741138,-0.08323199090670372,204598.0979731648,0.9217921593452013
readouts,chemical_cluster,250,repr_mlp_stable,"novelty_[0.35,0.5)",1364,693,354,425.26842725768796,133.2519290271986,False,0.7178800244976719,0.8756116225765399,0.3097806278625157,0.0496417927552325,7254.299911537291,0.032683377051094226
readouts,chemical_cluster,250,repr_mlp_stable,"novelty_[0.5,0.7)",154,94,50,59.09790554359667,29.09665179183752,False,0.8379511716979335,0.962157590227016,0.26884714296595613,0.015510811107946837,651.2036826728706,0.0029339199864082065
readouts,chemical_cluster,250,repr_mlp_stable,"novelty_[0.7,1]",9,5,4,2.125529076979879,2.058160610256712,True,0.8677490224854835,1.3406529210673435,0.1449235891854323,-0.22672785134288756,46.20057438413823,0.00020815113946039295
readouts,chemical_cluster,250,repr_mlp_stable_centered,all,33440,3344,1975,2782.343188564992,1012.5588141842961,False,0.578367873850224,0.7521232848634549,0.3335360748491768,0.04130152281437242,221956.86511208978,1.0
readouts,chemical_cluster,250,repr_mlp_stable_centered,potency_lt4,10360,1036,617,818.9342623395673,280.80404787274347,False,1.2408783630909133,1.4392915035238396,1.2899735160351833,1.1128437648377956,36299.730764192434,0.16354407756597578
readouts,chemical_cluster,250,repr_mlp_stable_centered,potency_ge4,23080,2308,1559,2141.272332721013,927.6002729621608,False,0.44883365221979743,0.44367169277846424,-0.09578333115979311,-0.16820669255548257,185657.13434789734,0.8364559224340242
readouts,chemical_cluster,250,repr_mlp_stable_centered,potency_ge6_descriptive_tail,560,56,52,55.943540642841484,47.38653300749192,False,1.2201231349582,1.221649268745175,-1.221649268745175,-1.2201231349582,5565.977961432507,0.025076845262802072
readouts,chemical_cluster,250,repr_mlp_stable_centered,"novelty_[0,0.2)",1764,545,481,260.2471674254856,186.967521891202,False,0.8350603177375361,1.2120089245453038,0.6258509978406981,0.15440776065177922,9407.062970330664,0.042382392477835866
readouts,chemical_cluster,250,repr_mlp_stable_centered,"novelty_[0.2,0.35)",30149,3314,1953,2665.4838885846516,1010.5229191678285,False,0.5634352108711279,0.7190332640256357,0.3046891926820959,0.028586654400021814,204598.0979731648,0.9217921593452013
readouts,chemical_cluster,250,repr_mlp_stable_centered,"novelty_[0.35,0.5)",1364,693,354,425.26842725768796,133.2519290271986,False,0.6495796876117499,0.8559880939015231,0.5519041042994606,0.2255661667742313,7254.299911537291,0.032683377051094226
readouts,chemical_cluster,250,repr_mlp_stable_centered,"novelty_[0.5,0.7)",154,94,50,59.09790554359667,29.09665179183752,False,0.770148236603914,1.031901072868185,0.6680586677798234,0.32205429796704604,651.2036826728706,0.0029339199864082065
readouts,chemical_cluster,250,repr_mlp_stable_centered,"novelty_[0.7,1]",9,5,4,2.125529076979879,2.058160610256712,True,0.556561365332412,0.9338333915276286,0.8547199433797085,0.42878935478734304,46.20057438413823,0.00020815113946039295
readouts,chemical_cluster,250,repr_mlp_stable_centered_regularized,all,33440,3344,1975,2782.343188564992,1012.5588141842961,False,0.5789113748026179,0.7534021801302229,0.33829980973644885,0.04358158206285467,221956.86511208978,1.0
readouts,chemical_cluster,250,repr_mlp_stable_centered_regularized,potency_lt4,10360,1036,617,818.9342623395673,280.80404787274347,False,1.2467062153451605,1.444672013400222,1.304345173969513,1.12574330553396,36299.730764192434,0.16354407756597578
readouts,chemical_cluster,250,repr_mlp_stable_centered_regularized,potency_ge4,23080,2308,1559,2141.272332721013,927.6002729621608,False,0.4483439554435157,0.4431094820072942,-0.09533233816019528,-0.1680029570570151,185657.13434789734,0.8364559224340242
readouts,chemical_cluster,250,repr_mlp_stable_centered_regularized,potency_ge6_descriptive_tail,560,56,52,55.943540642841484,47.38653300749192,False,1.224641284483989,1.2262274328741165,-1.2262274328741165,-1.224641284483989,5565.977961432507,0.025076845262802072
readouts,chemical_cluster,250,repr_mlp_stable_centered_regularized,"novelty_[0,0.2)",1764,545,481,260.2471674254856,186.967521891202,False,0.8343829775355827,1.210557937440389,0.6333840714122362,0.15772486921877193,9407.062970330664,0.042382392477835866
readouts,chemical_cluster,250,repr_mlp_stable_centered_regularized,"novelty_[0.2,0.35)",30149,3314,1953,2665.4838885846516,1010.5229191678285,False,0.5637447589047122,0.720018797603034,0.3089347601942791,0.030674596438359802,204598.0979731648,0.9217921593452013
readouts,chemical_cluster,250,repr_mlp_stable_centered_regularized,"novelty_[0.35,0.5)",1364,693,354,425.26842725768796,133.2519290271986,False,0.6579409594379266,0.8666834464540107,0.5648131110292408,0.23207105400887698,7254.299911537291,0.032683377051094226
readouts,chemical_cluster,250,repr_mlp_stable_centered_regularized,"novelty_[0.5,0.7)",154,94,50,59.09790554359667,29.09665179183752,False,0.7745759491931697,1.0380602847594385,0.6701604665393789,0.3225900929267028,651.2036826728706,0.0029339199864082065
readouts,chemical_cluster,250,repr_mlp_stable_centered_regularized,"novelty_[0.7,1]",9,5,4,2.125529076979879,2.058160610256712,True,0.5594638053368083,0.9422742399675604,0.8635839141550038,0.4319120352268879,46.20057438413823,0.00020815113946039295
readouts,chemical_cluster,250,repr_mlp_unscaled,all,33440,3344,1975,2782.343188564992,1012.5588141842961,False,0.6663673007512118,0.8446258802485871,0.37129234498526514,0.03410192380303764,221956.86511208978,1.0
readouts,chemical_cluster,250,repr_mlp_unscaled,potency_lt4,10360,1036,617,818.9342623395673,280.80404787274347,False,1.3731449737766939,1.5750186054696935,1.5024608829350208,1.302718710142668,36299.730764192434,0.16354407756597578
readouts,chemical_cluster,250,repr_mlp_unscaled,potency_ge4,23080,2308,1559,2141.272332721013,927.6002729621608,False,0.5281779479365134,0.5167719533295809,-0.1364592171100325,-0.21393835727105812,185657.13434789734,0.8364559224340242
readouts,chemical_cluster,250,repr_mlp_unscaled,potency_ge6_descriptive_tail,560,56,52,55.943540642841484,47.38653300749192,False,1.3149770971891366,1.3173224262896448,-1.2983736168459374,-1.295912463153566,5565.977961432507,0.025076845262802072
readouts,chemical_cluster,250,repr_mlp_unscaled,"novelty_[0,0.2)",1764,545,481,260.2471674254856,186.967521891202,False,0.9318849516176504,1.2365479820698586,0.7093291353861833,0.19003683246073136,9407.062970330664,0.042382392477835866
readouts,chemical_cluster,250,repr_mlp_unscaled,"novelty_[0.2,0.35)",30149,3314,1953,2665.4838885846516,1010.5229191678285,False,0.6482690150192567,0.8089438107347283,0.33108634704451984,0.016348905263009913,204598.0979731648,0.9217921593452013
readouts,chemical_cluster,250,repr_mlp_unscaled,"novelty_[0.35,0.5)",1364,693,354,425.26842725768796,133.2519290271986,False,0.8097047870712758,1.0809475427755277,0.7566206004286326,0.2934934326087426,7254.299911537291,0.032683377051094226
readouts,chemical_cluster,250,repr_mlp_unscaled,"novelty_[0.5,0.7)",154,94,50,59.09790554359667,29.09665179183752,False,0.9111518870145225,1.2401722194157636,0.9492855435790436,0.4754992731766958,651.2036826728706,0.0029339199864082065
readouts,chemical_cluster,250,repr_mlp_unscaled,"novelty_[0.7,1]",9,5,4,2.125529076979879,2.058160610256712,True,0.7944141401910697,0.974763907149986,0.512963527220267,-0.04812773050851647,46.20057438413823,0.00020815113946039295
readouts,chemical_cluster,250,repr_ridge_stable,all,33440,3344,1975,2782.343188564992,1012.5588141842961,False,0.5656749184499071,0.7165335723604362,0.25823584940789523,-0.027486520241853718,221956.86511208978,1.0
readouts,chemical_cluster,250,repr_ridge_stable,potency_lt4,10360,1036,617,818.9342623395673,280.80404787274347,False,1.1368670574964206,1.335042657940569,1.1960148486119568,1.0148217755276454,36299.730764192434,0.16354407756597578
readouts,chemical_cluster,250,repr_ridge_stable,potency_ge4,23080,2308,1559,2141.272332721013,927.6002729621608,False,0.4539952841884059,0.4389012445177075,-0.16270827675129357,-0.23127890690456196,185657.13434789734,0.8364559224340242
readouts,chemical_cluster,250,repr_ridge_stable,potency_ge6_descriptive_tail,560,56,52,55.943540642841484,47.38653300749192,False,1.2835993805571957,1.285177247948582,-1.273538048853781,-1.2718890368615283,5565.977961432507,0.025076845262802072
readouts,chemical_cluster,250,repr_ridge_stable,"novelty_[0,0.2)",1764,545,481,260.2471674254856,186.967521891202,False,0.7842688266897747,1.0914964071295776,0.4746977216558139,0.05130729303884542,9407.062970330664,0.042382392477835866
readouts,chemical_cluster,250,repr_ridge_stable,"novelty_[0.2,0.35)",30149,3314,1953,2665.4838885846516,1010.5229191678285,False,0.5528657824526326,0.6883929223683433,0.23183902568632928,-0.039175503766469826,204598.0979731648,0.9217921593452013
readouts,chemical_cluster,250,repr_ridge_stable,"novelty_[0.35,0.5)",1364,693,354,425.26842725768796,133.2519290271986,False,0.6242101651170482,0.8194389689625626,0.5184152459781515,0.17326835984068215,7254.299911537291,0.032683377051094226
readouts,chemical_cluster,250,repr_ridge_stable,"novelty_[0.5,0.7)",154,94,50,59.09790554359667,29.09665179183752,False,0.781473725273795,0.9971357369349398,0.6106327164931601,0.23919090516830496,651.2036826728706,0.0029339199864082065
readouts,chemical_cluster,250,repr_ridge_stable,"novelty_[0.7,1]",9,5,4,2.125529076979879,2.058160610256712,True,0.5491597458426802,1.0945693244790233,0.7966004364304872,0.4125080708827027,46.20057438413823,0.00020815113946039295
readouts,chemical_cluster,250,repr_ridge_unscaled,all,33440,3344,1975,2782.343188564992,1012.5588141842961,False,0.5708619174979125,0.7153165102239571,0.25943535041841853,-0.022461547783069413,221956.86511208978,1.0
readouts,chemical_cluster,250,repr_ridge_unscaled,potency_lt4,10360,1036,617,818.9342623395673,280.80404787274347,False,1.130540666557216,1.311380362048407,1.1876481420969045,1.0173386985388138,36299.730764192434,0.16354407756597578
readouts,chemical_cluster,250,repr_ridge_unscaled,potency_ge4,23080,2308,1559,2141.272332721013,927.6002729621608,False,0.4614333842144954,0.4477592526459111,-0.15721475884454136,-0.22576355997128472,185657.13434789734,0.8364559224340242
readouts,chemical_cluster,250,repr_ridge_unscaled,potency_ge6_descriptive_tail,560,56,52,55.943540642841484,47.38653300749192,False,1.2684272078366603,1.2699427639673395,-1.2682322027021287,-1.2667061907662447,5565.977961432507,0.025076845262802072
readouts,chemical_cluster,250,repr_ridge_unscaled,"novelty_[0,0.2)",1764,545,481,260.2471674254856,186.967521891202,False,0.7692874490319372,1.0529732099771065,0.5338771063098885,0.1000255266310735,9407.062970330664,0.042382392477835866
readouts,chemical_cluster,250,repr_ridge_unscaled,"novelty_[0.2,0.35)",30149,3314,1953,2665.4838885846516,1010.5229191678285,False,0.5591214649358874,0.6897106243082416,0.23107427008260098,-0.03573574951329592,204598.0979731648,0.9217921593452013
readouts,chemical_cluster,250,repr_ridge_unscaled,"novelty_[0.35,0.5)",1364,693,354,425.26842725768796,133.2519290271986,False,0.6277298556945506,0.8150660738982412,0.4901930441605862,0.16604559097033803,7254.299911537291,0.032683377051094226
readouts,chemical_cluster,250,repr_ridge_unscaled,"novelty_[0.5,0.7)",154,94,50,59.09790554359667,29.09665179183752,False,0.7655736474816673,0.9721193500897333,0.5995315248588765,0.24531433650072107,651.2036826728706,0.0029339199864082065
readouts,chemical_cluster,250,repr_ridge_unscaled,"novelty_[0.7,1]",9,5,4,2.125529076979879,2.058160610256712,True,0.48728544181344663,0.7996936121461558,0.6832851864034798,0.44871965248589946,46.20057438413823,0.00020815113946039295
readouts,chemical_cluster,500,repr_mlp_stable,all,33440,3344,1975,2782.343188564992,1012.5588141842961,False,0.5929588459070426,0.7122548546380852,0.18027210358313084,-0.04961591490422267,221956.86511208978,1.0
readouts,chemical_cluster,500,repr_mlp_stable,potency_lt4,10360,1036,617,818.9342623395673,280.80404787274347,False,1.0364458657093698,1.1904287441569976,0.9039234576182364,0.7667602491706772,36299.730764192434,0.16354407756597578
readouts,chemical_cluster,500,repr_mlp_stable,potency_ge4,23080,2308,1559,2141.272332721013,927.6002729621608,False,0.506248149478474,0.4976152751139981,-0.14455580056780917,-0.20923399293990086,185657.13434789734,0.8364559224340242
readouts,chemical_cluster,500,repr_mlp_stable,potency_ge6_descriptive_tail,560,56,52,55.943540642841484,47.38653300749192,False,1.3349669191049063,1.335482594056601,-1.3349407817502423,-1.3344217949709927,5565.977961432507,0.025076845262802072
readouts,chemical_cluster,500,repr_mlp_stable,"novelty_[0,0.2)",874,248,222,107.22031867572848,66.35097831843801,False,0.9650730116913042,1.1680872347674118,0.1597518305915287,-0.23983855901611717,4272.717258989014,0.019250214481229322
readouts,chemical_cluster,500,repr_mlp_stable,"novelty_[0.2,0.35)",29771,3316,1959,2646.32996030378,1074.394334411485,False,0.580922309066472,0.6912223939617436,0.1691920367564303,-0.054402497077005445,202800.10741270616,0.9136915288035388
readouts,chemical_cluster,500,repr_mlp_stable,"novelty_[0.35,0.5)",2497,909,458,560.3540201731031,165.36017398187488,False,0.6468507866502633,0.7899260971935167,0.31271941535762826,0.06899011587896445,13625.79548047083,0.061389385156389316
readouts,chemical_cluster,500,repr_mlp_stable,"novelty_[0.5,0.7)",285,133,69,80.9249314291307,33.98167709678785,False,0.6952989375059688,0.835110452451204,0.22806326286695158,0.0787423308993707,1201.9449435659085,0.005415218596455297
readouts,chemical_cluster,500,repr_mlp_stable,"novelty_[0.7,1]",13,6,5,2.7797428935672577,2.664529116046611,True,0.4818510176177184,0.6200201257681235,0.4462698109333333,0.18317070692278192,56.30001635786919,0.0002536529623872516
readouts,chemical_cluster,500,repr_mlp_stable_centered,all,33440,3344,1975,2782.343188564992,1012.5588141842961,False,0.5526265817696269,0.7095554762865373,0.3104484624844846,0.038558408377149925,221956.86511208978,1.0
readouts,chemical_cluster,500,repr_mlp_stable_centered,potency_lt4,10360,1036,617,818.9342623395673,280.80404787274347,False,1.1566230099618708,1.3308929001882177,1.1871985013799506,1.0181362359375064,36299.730764192434,0.16354407756597578
readouts,chemical_cluster,500,repr_mlp_stable_centered,potency_ge4,23080,2308,1559,2141.272332721013,927.6002729621608,False,0.43453304443845203,0.4306535823687985,-0.08310138166443341,-0.15296890097139154,185657.13434789734,0.8364559224340242
readouts,chemical_cluster,500,repr_mlp_stable_centered,potency_ge6_descriptive_tail,560,56,52,55.943540642841484,47.38653300749192,False,1.24020464396626,1.2411146053294726,-1.2310916734793176,-1.2301204469482712,5565.977961432507,0.025076845262802072
readouts,chemical_cluster,500,repr_mlp_stable_centered,"novelty_[0,0.2)",874,248,222,107.22031867572848,66.35097831843801,False,0.8863532683696085,1.1806661592191454,0.5506948900448373,0.08042318153006738,4272.717258989014,0.019250214481229322
readouts,chemical_cluster,500,repr_mlp_stable_centered,"novelty_[0.2,0.35)",29771,3316,1959,2646.32996030378,1074.394334411485,False,0.5394313108917232,0.684649248023217,0.2856216162976653,0.026236575722311185,202800.10741270616,0.9136915288035388
readouts,chemical_cluster,500,repr_mlp_stable_centered,"novelty_[0.35,0.5)",2497,909,458,560.3540201731031,165.36017398187488,False,0.6263916992228465,0.8107555714963895,0.4961130681736228,0.18854369776037705,13625.79548047083,0.061389385156389316
readouts,chemical_cluster,500,repr_mlp_stable_centered,"novelty_[0.5,0.7)",285,133,69,80.9249314291307,33.98167709678785,False,0.7550496396961563,0.9679916392407736,0.5271880848434924,0.2512450661543104,1201.9449435659085,0.005415218596455297
readouts,chemical_cluster,500,repr_mlp_stable_centered,"novelty_[0.7,1]",13,6,5,2.7797428935672577,2.664529116046611,True,0.5823388788420255,0.969681673459236,0.6003982595579113,0.40598487416692236,56.30001635786919,0.0002536529623872516
readouts,chemical_cluster,500,repr_mlp_stable_centered_regularized,all,33440,3344,1975,2782.343188564992,1012.5588141842961,False,0.5521037454173015,0.7087271188657105,0.3088233888620935,0.039963272619210406,221956.86511208978,1.0
readouts,chemical_cluster,500,repr_mlp_stable_centered_regularized,potency_lt4,10360,1036,617,818.9342623395673,280.80404787274347,False,1.1580070177444441,1.3294250996592207,1.1751497960935526,1.0082646049261494,36299.730764192434,0.16354407756597578
readouts,chemical_cluster,500,repr_mlp_stable_centered_regularized,potency_ge4,23080,2308,1559,2141.272332721013,927.6002729621608,False,0.43363738142934755,0.4301122540034591,-0.08004756343071065,-0.14935925347066184,185657.13434789734,0.8364559224340242
readouts,chemical_cluster,500,repr_mlp_stable_centered_regularized,potency_ge6_descriptive_tail,560,56,52,55.943540642841484,47.38653300749192,False,1.2307187526527583,1.2316289818367685,-1.2258249219490698,-1.2248792154507913,5565.977961432507,0.025076845262802072
readouts,chemical_cluster,500,repr_mlp_stable_centered_regularized,"novelty_[0,0.2)",874,248,222,107.22031867572848,66.35097831843801,False,0.8874384818241245,1.1766651802698678,0.5262043581425431,0.06776039194048442,4272.717258989014,0.019250214481229322
readouts,chemical_cluster,500,repr_mlp_stable_centered_regularized,"novelty_[0.2,0.35)",29771,3316,1959,2646.32996030378,1074.394334411485,False,0.5389711464504781,0.6842443043263401,0.2836978550897284,0.027545086491114232,202800.10741270616,0.9136915288035388
readouts,chemical_cluster,500,repr_mlp_stable_centered_regularized,"novelty_[0.35,0.5)",2497,909,458,560.3540201731031,165.36017398187488,False,0.6265237179971507,0.8111149739508606,0.5023096551971192,0.19434486305924542,13625.79548047083,0.061389385156389316
readouts,chemical_cluster,500,repr_mlp_stable_centered_regularized,"novelty_[0.5,0.7)",285,133,69,80.9249314291307,33.98167709678785,False,0.7335218224521062,0.9287497142537144,0.5490050309455698,0.2653909058038042,1201.9449435659085,0.005415218596455297
readouts,chemical_cluster,500,repr_mlp_stable_centered_regularized,"novelty_[0.7,1]",13,6,5,2.7797428935672577,2.664529116046611,True,0.5239705190815778,0.8265034381857134,0.8037713699095655,0.48608513310082563,56.30001635786919,0.0002536529623872516
readouts,chemical_cluster,500,repr_mlp_unscaled,all,33440,3344,1975,2782.343188564992,1012.5588141842961,False,0.6141416339708569,0.79159602897528,0.39219707100295803,0.07603947632753687,221956.86511208978,1.0
readouts,chemical_cluster,500,repr_mlp_unscaled,potency_lt4,10360,1036,617,818.9342623395673,280.80404787274347,False,1.310103156199183,1.5026378440252255,1.4431447248152207,1.2497745264615796,36299.730764192434,0.16354407756597578
readouts,chemical_cluster,500,repr_mlp_unscaled,potency_ge4,23080,2308,1559,2141.272332721013,927.6002729621608,False,0.47806705774807756,0.4724282125143857,-0.07954546337724326,-0.15344950322615517,185657.13434789734,0.8364559224340242
readouts,chemical_cluster,500,repr_mlp_unscaled,potency_ge6_descriptive_tail,560,56,52,55.943540642841484,47.38653300749192,False,1.2319216990364492,1.2336902914990384,-1.2228387585396885,-1.2210038360852424,5565.977961432507,0.025076845262802072
readouts,chemical_cluster,500,repr_mlp_unscaled,"novelty_[0,0.2)",874,248,222,107.22031867572848,66.35097831843801,False,0.9862385288599461,1.2722866990855932,0.7221157687933755,0.162723307219055,4272.717258989014,0.019250214481229322
readouts,chemical_cluster,500,repr_mlp_unscaled,"novelty_[0.2,0.35)",29771,3316,1959,2646.32996030378,1074.394334411485,False,0.5967579974068236,0.7585437807174653,0.3534782349468126,0.058837185924487966,202800.10741270616,0.9136915288035388
readouts,chemical_cluster,500,repr_mlp_unscaled,"novelty_[0.35,0.5)",2497,909,458,560.3540201731031,165.36017398187488,False,0.7331631042780375,0.9766906508572604,0.6855991944569643,0.27231588042300553,13625.79548047083,0.061389385156389316
readouts,chemical_cluster,500,repr_mlp_unscaled,"novelty_[0.5,0.7)",285,133,69,80.9249314291307,33.98167709678785,False,0.8701720586024765,1.1387041393218682,0.8352674263597233,0.43595394476926236,1201.9449435659085,0.005415218596455297
readouts,chemical_cluster,500,repr_mlp_unscaled,"novelty_[0.7,1]",13,6,5,2.7797428935672577,2.664529116046611,True,0.7214568980836592,1.0045002535061955,0.8113795954141861,0.27553010842914527,56.30001635786919,0.0002536529623872516
readouts,chemical_cluster,500,repr_ridge_stable,all,33440,3344,1975,2782.343188564992,1012.5588141842961,False,0.5370301020253591,0.6656200713784871,0.22890571664580261,-0.02796983649671807,221956.86511208978,1.0
readouts,chemical_cluster,500,repr_ridge_stable,potency_lt4,10360,1036,617,818.9342623395673,280.80404787274347,False,1.0228835135905254,1.1887510474102678,1.056445820977403,0.8860284178396203,36299.730764192434,0.16354407756597578
readouts,chemical_cluster,500,repr_ridge_stable,potency_ge4,23080,2308,1559,2141.272332721013,927.6002729621608,False,0.4420359177586146,0.43080044782176063,-0.1425550927508777,-0.20667501078417583,185657.13434789734,0.8364559224340242
readouts,chemical_cluster,500,repr_ridge_stable,potency_ge6_descriptive_tail,560,56,52,55.943540642841484,47.38653300749192,False,1.240052591371092,1.2419186541258365,-1.2419186541258365,-1.240052591371092,5565.977961432507,0.025076845262802072
readouts,chemical_cluster,500,repr_ridge_stable,"novelty_[0,0.2)",874,248,222,107.22031867572848,66.35097831843801,False,0.8297473765090534,1.0529421616241523,0.41358054240220166,-0.05118231012369843,4272.717258989014,0.019250214481229322
readouts,chemical_cluster,500,repr_ridge_stable,"novelty_[0.2,0.35)",29771,3316,1959,2646.32996030378,1074.394334411485,False,0.5260175491573073,0.6454163423064325,0.20621754500863285,-0.038248793649211715,202800.10741270616,0.9136915288035388
readouts,chemical_cluster,500,repr_ridge_stable,"novelty_[0.35,0.5)",2497,909,458,560.3540201731031,165.36017398187488,False,0.5979134920237964,0.7521715419613385,0.41022849938760236,0.11307719696979708,13625.79548047083,0.061389385156389316
readouts,chemical_cluster,500,repr_ridge_stable,"novelty_[0.5,0.7)",285,133,69,80.9249314291307,33.98167709678785,False,0.6628403613412424,0.8191884206516221,0.4167757704000022,0.16575665807505124,1201.9449435659085,0.005415218596455297
readouts,chemical_cluster,500,repr_ridge_stable,"novelty_[0.7,1]",13,6,5,2.7797428935672577,2.664529116046611,True,0.5698387697298857,0.9025208207016658,0.8241215837894088,0.4876133099536032,56.30001635786919,0.0002536529623872516
readouts,chemical_cluster,500,repr_ridge_unscaled,all,33440,3344,1975,2782.343188564992,1012.5588141842961,False,0.5456711517405594,0.6699231110579795,0.22233195515444337,-0.030003151234055715,221956.86511208978,1.0
readouts,chemical_cluster,500,repr_ridge_unscaled,potency_lt4,10360,1036,617,818.9342623395673,280.80404787274347,False,1.011262985506792,1.1736836537174014,1.0374502323710282,0.8753238821059701,36299.730764192434,0.16354407756597578
readouts,chemical_cluster,500,repr_ridge_unscaled,potency_ge4,23080,2308,1559,2141.272332721013,927.6002729621608,False,0.4546385163878512,0.44379836140669643,-0.1435530254332437,-0.2070129261571501,185657.13434789734,0.8364559224340242
readouts,chemical_cluster,500,repr_ridge_unscaled,potency_ge6_descriptive_tail,560,56,52,55.943540642841484,47.38653300749192,False,1.245108095861858,1.2469201504186749,-1.2450261837884604,-1.2432025523612025,5565.977961432507,0.025076845262802072
readouts,chemical_cluster,500,repr_ridge_unscaled,"novelty_[0,0.2)",874,248,222,107.22031867572848,66.35097831843801,False,0.8736863504801101,1.0989488107223484,0.4994137143727182,0.008797499137099467,4272.717258989014,0.019250214481229322
readouts,chemical_cluster,500,repr_ridge_unscaled,"novelty_[0.2,0.35)",29771,3316,1959,2646.32996030378,1074.394334411485,False,0.5339696042112653,0.6486096607426426,0.19885707155216728,-0.040716131353796405,202800.10741270616,0.9136915288035388
readouts,chemical_cluster,500,repr_ridge_unscaled,"novelty_[0.35,0.5)",2497,909,458,560.3540201731031,165.36017398187488,False,0.6048813720544958,0.75358331204375,0.38256591832836656,0.09850675828503513,13625.79548047083,0.061389385156389316
readouts,chemical_cluster,500,repr_ridge_unscaled,"novelty_[0.5,0.7)",285,133,69,80.9249314291307,33.98167709678785,False,0.6870897941758747,0.8483054933252878,0.4046008287561123,0.16154257474005704,1201.9449435659085,0.005415218596455297
readouts,chemical_cluster,500,repr_ridge_unscaled,"novelty_[0.7,1]",13,6,5,2.7797428935672577,2.664529116046611,True,0.45322216293789386,0.6557513436414848,0.5800601970642953,0.4234984821097138,56.30001635786919,0.0002536529623872516
readouts,random,-1,repr_mlp_stable,all,33440,3344,1975,2782.343188564992,1012.5588141842961,False,0.5111356578663696,0.6367924506313869,0.24790999723574722,0.01704736588720642,221956.86511208978,1.0
readouts,random,-1,repr_mlp_stable,potency_lt4,10360,1036,617,818.9342623395673,280.80404787274347,False,0.9851998198770701,1.1273244411983028,0.9706471939931025,0.8247749313641023,36299.73076419243,0.16354407756597575
readouts,random,-1,repr_mlp_stable,potency_ge4,23080,2308,1559,2141.272332721013,927.600272962161,False,0.418446510711407,0.4166056472399983,-0.07650756595342964,-0.14087973592125683,185657.13434789737,0.8364559224340243
readouts,random,-1,repr_mlp_stable,potency_ge6_descriptive_tail,560,56,52,55.943540642841484,47.38653300749192,False,1.1712693357647261,1.1709563600030086,-1.1669807589878247,-1.1672694338895666,5565.977961432507,0.025076845262802072
readouts,random,-1,repr_mlp_stable,"novelty_[0,0.2)",139,33,30,13.58931683504229,11.609276346346206,True,1.0411531619757202,1.0376358239199044,0.5047268765264277,0.09492574163246308,551.4766677006157,0.0024846118971004394
readouts,random,-1,repr_mlp_stable,"novelty_[0.2,0.35)",15389,2220,1848,1444.0046341978143,1323.8337574646066,False,0.5009592963619887,0.6081685935785472,0.1887548522056181,-0.023081086243544043,107833.18055148731,0.48582944482041945
readouts,random,-1,repr_mlp_stable,"novelty_[0.35,0.5)",13861,1768,661,1309.2532906201536,375.3888014514157,False,0.5061464682457553,0.6395189181606885,0.2750320539330771,0.04053282815562787,91757.75214956132,0.4134035327234551
readouts,random,-1,repr_mlp_stable,"novelty_[0.5,0.7)",3673,447,181,329.1125123299685,110.15200018415534,False,0.56126075626241,0.6983774888328041,0.327563629474216,0.08820671918919044,19906.173138738304,0.0896848724579235
readouts,random,-1,repr_mlp_stable,"novelty_[0.7,1]",378,46,21,32.235820747557995,13.781931434588376,False,0.6500328407041198,0.956321274868395,0.7932389960549707,0.3905491112746164,1908.2826046022353,0.008597538101101487
readouts,random,-1,repr_mlp_stable_centered,all,33440,3344,1975,2782.343188564992,1012.5588141842961,False,0.4990916276243401,0.6327655692976765,0.27962935372091885,0.04276110954729427,221956.86511208978,1.0
readouts,random,-1,repr_mlp_stable_centered,potency_lt4,10360,1036,617,818.9342623395673,280.80404787274347,False,1.0115048208964388,1.1537510344727722,1.0248228533385932,0.87092521951365,36299.73076419243,0.16354407756597575
readouts,random,-1,repr_mlp_stable_centered,potency_ge4,23080,2308,1559,2141.272332721013,927.600272962161,False,0.3989044679919909,0.3989090086731535,-0.054868248360498174,-0.11916175070763793,185657.13434789737,0.8364559224340243
readouts,random,-1,repr_mlp_stable_centered,potency_ge6_descriptive_tail,560,56,52,55.943540642841484,47.38653300749192,False,1.1140207792126753,1.1139058190414042,-1.1132250285546887,-1.1133358273943206,5565.977961432507,0.025076845262802072
readouts,random,-1,repr_mlp_stable_centered,"novelty_[0,0.2)",139,33,30,13.58931683504229,11.609276346346206,True,0.9942142148440039,1.0672440036310964,0.6811018933265706,0.23617196463227777,551.4766677006157,0.0024846118971004394
readouts,random,-1,repr_mlp_stable_centered,"novelty_[0.2,0.35)",15389,2220,1848,1444.0046341978143,1323.8337574646066,False,0.4886315180656285,0.6031118670496877,0.21485981258010417,-0.0006971600020205433,107833.18055148731,0.48582944482041945
readouts,random,-1,repr_mlp_stable_centered,"novelty_[0.35,0.5)",13861,1768,661,1309.2532906201536,375.3888014514157,False,0.4917571455280174,0.6316388441283411,0.30378051938072825,0.0656873075575819,91757.75214956132,0.4134035327234551
readouts,random,-1,repr_mlp_stable_centered,"novelty_[0.5,0.7)",3673,447,181,329.1125123299685,110.15200018415534,False,0.5536866237517655,0.6996048172511912,0.3771083373220981,0.12563689511143333,19906.173138738304,0.0896848724579235
readouts,random,-1,repr_mlp_stable_centered,"novelty_[0.7,1]",378,46,21,32.235820747557995,13.781931434588376,False,0.7302505094295397,1.0720917633740084,0.9360689612157924,0.47570836783393955,1908.2826046022353,0.008597538101101487
readouts,random,-1,repr_mlp_stable_centered_regularized,all,33440,3344,1975,2782.343188564992,1012.5588141842961,False,0.49928210249535354,0.6327816021386542,0.2780066386197162,0.040580428568076365,221956.86511208978,1.0
readouts,random,-1,repr_mlp_stable_centered_regularized,potency_lt4,10360,1036,617,818.9342623395673,280.80404787274347,False,1.011565395991264,1.153916738119745,1.0247091615596629,0.8700916256490457,36299.73076419243,0.16354407756597575
readouts,random,-1,repr_mlp_stable_centered_regularized,potency_ge4,23080,2308,1559,2141.272332721013,927.600272962161,False,0.3991203409007286,0.3988578582580604,-0.057168324017105615,-0.12160581450674122,185657.13434789737,0.8364559224340243
readouts,random,-1,repr_mlp_stable_centered_regularized,potency_ge6_descriptive_tail,560,56,52,55.943540642841484,47.38653300749192,False,1.118419969459561,1.1183411446505553,-1.1183411446505553,-1.118419969459561,5565.977961432507,0.025076845262802072
readouts,random,-1,repr_mlp_stable_centered_regularized,"novelty_[0,0.2)",139,33,30,13.58931683504229,11.609276346346206,True,0.9775694384811151,1.0464233263000626,0.6866263733764151,0.23882511753905453,551.4766677006157,0.0024846118971004394
readouts,random,-1,repr_mlp_stable_centered_regularized,"novelty_[0.2,0.35)",15389,2220,1848,1444.0046341978143,1323.8337574646066,False,0.48841392851629256,0.603022228434107,0.2126008960558629,-0.0030365962247139422,107833.18055148731,0.48582944482041945
readouts,random,-1,repr_mlp_stable_centered_regularized,"novelty_[0.35,0.5)",13861,1768,661,1309.2532906201536,375.3888014514157,False,0.49252901333650567,0.6320368328254554,0.3024271226980241,0.06359341363702789,91757.75214956132,0.4134035327234551
readouts,random,-1,repr_mlp_stable_centered_regularized,"novelty_[0.5,0.7)",3673,447,181,329.1125123299685,110.15200018415534,False,0.5541537931447419,0.6997372836374339,0.37673063749668406,0.12343106786144817,19906.173138738304,0.0896848724579235
readouts,random,-1,repr_mlp_stable_centered_regularized,"novelty_[0.7,1]",378,46,21,32.235820747557995,13.781931434588376,False,0.7275231221667838,1.0689345957525955,0.935745399200215,0.47719093715825495,1908.2826046022353,0.008597538101101487
readouts,random,-1,repr_mlp_unscaled,all,33440,3344,1975,2782.343188564992,1012.5588141842961,False,0.5281112622832227,0.6599213595872254,0.2919522804783393,0.04168032284970779,221956.86511208978,1.0
readouts,random,-1,repr_mlp_unscaled,potency_lt4,10360,1036,617,818.9342623395673,280.80404787274347,False,1.039532208423415,1.1804534408648042,1.0957731701878584,0.9394041238362726,36299.73076419243,0.16354407756597575
readouts,random,-1,repr_mlp_unscaled,potency_ge4,23080,2308,1559,2141.272332721013,927.600272962161,False,0.4281181070658736,0.4262683109721596,-0.0688616024242004,-0.13384286612376683,185657.13434789737,0.8364559224340243
readouts,random,-1,repr_mlp_unscaled,potency_ge6_descriptive_tail,560,56,52,55.943540642841484,47.38653300749192,False,1.1521028039285712,1.1535937310724649,-1.1513165937691534,-1.1498117476241978,5565.977961432507,0.025076845262802072
readouts,random,-1,repr_mlp_unscaled,"novelty_[0,0.2)",139,33,30,13.58931683504229,11.609276346346206,True,1.0423943702797906,1.129274781419219,0.6604678342782622,0.13668880786516271,551.4766677006157,0.0024846118971004394
readouts,random,-1,repr_mlp_unscaled,"novelty_[0.2,0.35)",15389,2220,1848,1444.0046341978143,1323.8337574646066,False,0.5160288779223872,0.6248054086629264,0.2116693858935336,-0.008977489535654545,107833.18055148731,0.48582944482041945
readouts,random,-1,repr_mlp_unscaled,"novelty_[0.35,0.5)",13861,1768,661,1309.2532906201536,375.3888014514157,False,0.5228887303844666,0.6605568883927464,0.3173023524978836,0.06579858411562102,91757.75214956132,0.4134035327234551
readouts,random,-1,repr_mlp_unscaled,"novelty_[0.5,0.7)",3673,447,181,329.1125123299685,110.15200018415534,False,0.5746630784596077,0.7346224619993033,0.4479652651651919,0.16125400076202837,19906.173138738304,0.0896848724579235
readouts,random,-1,repr_mlp_unscaled,"novelty_[0.7,1]",378,46,21,32.235820747557995,13.781931434588376,False,0.8277555985425092,1.1677865162181686,0.9793511211388536,0.4697648684667883,1908.2826046022353,0.008597538101101487
readouts,random,-1,repr_ridge_stable,all,33440,3344,1975,2782.343188564992,1012.5588141842961,False,0.4998602691628595,0.6178593993330002,0.22214159601517727,-0.011966055464396583,221956.86511208978,1.0
readouts,random,-1,repr_ridge_stable,potency_lt4,10360,1036,617,818.9342623395673,280.80404787274347,False,0.9407083109999416,1.0873390806964627,0.9622912661732598,0.8045734302603457,36299.73076419243,0.16354407756597575
readouts,random,-1,repr_ridge_stable,potency_ge4,23080,2308,1559,2141.272332721013,927.600272962161,False,0.4136655463862996,0.40712241931023274,-0.11009196476635369,-0.17161606619115094,185657.13434789737,0.8364559224340243
readouts,random,-1,repr_ridge_stable,potency_ge6_descriptive_tail,560,56,52,55.943540642841484,47.38653300749192,False,1.1405891503962846,1.142128458079712,-1.1400910539989033,-1.1385392926836622,5565.977961432507,0.025076845262802072
readouts,random,-1,repr_ridge_stable,"novelty_[0,0.2)",139,33,30,13.58931683504229,11.609276346346206,True,0.9985388602804286,1.147223531665148,0.6757889529948805,0.0908252074558712,551.4766677006157,0.0024846118971004394
readouts,random,-1,repr_ridge_stable,"novelty_[0.2,0.35)",15389,2220,1848,1444.0046341978143,1323.8337574646066,False,0.4953479058551072,0.5959968430541336,0.1559477623151158,-0.056704206198091855,107833.18055148731,0.48582944482041945
readouts,random,-1,repr_ridge_stable,"novelty_[0.35,0.5)",13861,1768,661,1309.2532906201536,375.3888014514157,False,0.48914342053999654,0.6113882837256843,0.24683313953422106,0.014318788268883387,91757.75214956132,0.4134035327234551
readouts,random,-1,repr_ridge_stable,"novelty_[0.5,0.7)",3673,447,181,329.1125123299685,110.15200018415534,False,0.5464158373279141,0.6785656239550591,0.3291329477071444,0.07095563846821698,19906.173138738304,0.0896848724579235
readouts,random,-1,repr_ridge_stable,"novelty_[0.7,1]",378,46,21,32.235820747557995,13.781931434588376,False,0.6403969057406532,0.9606727183210625,0.8051342010628135,0.3575171268553689,1908.2826046022353,0.008597538101101487
readouts,random,-1,repr_ridge_unscaled,all,33440,3344,1975,2782.343188564992,1012.5588141842961,False,0.4996284389491477,0.6132219333505532,0.2128011034571028,-0.013297171330922848,221956.86511208978,1.0
readouts,random,-1,repr_ridge_unscaled,potency_lt4,10360,1036,617,818.9342623395673,280.80404787274347,False,0.9094018805890804,1.0572522657073664,0.926049907866872,0.776591717715926,36299.73076419243,0.16354407756597575
readouts,random,-1,repr_ridge_unscaled,potency_ge4,23080,2308,1559,2141.272332721013,927.600272962161,False,0.4195094300131762,0.41390849127011203,-0.1073573720058612,-0.16773645052554118,185657.13434789737,0.8364559224340243
readouts,random,-1,repr_ridge_unscaled,potency_ge6_descriptive_tail,560,56,52,55.943540642841484,47.38653300749192,False,1.1700587111223844,1.1717779912189397,-1.1717779912189397,-1.1700587111223844,5565.977961432507,0.025076845262802072
readouts,random,-1,repr_ridge_unscaled,"novelty_[0,0.2)",139,33,30,13.58931683504229,11.609276346346206,True,1.1463486011751944,1.190641543510875,0.7006536227340633,0.16658854216097102,551.4766677006157,0.0024846118971004394
readouts,random,-1,repr_ridge_unscaled,"novelty_[0.2,0.35)",15389,2220,1848,1444.0046341978143,1323.8337574646066,False,0.49448549872745073,0.5928195585818623,0.1479462717281564,-0.05686834658198234,107833.18055148731,0.48582944482041945
readouts,random,-1,repr_ridge_unscaled,"novelty_[0.35,0.5)",13861,1768,661,1309.2532906201536,375.3888014514157,False,0.48693343795897776,0.6034165218115615,0.23642800992196988,0.012688188852908499,91757.75214956132,0.4134035327234551
readouts,random,-1,repr_ridge_unscaled,"novelty_[0.5,0.7)",3673,447,181,329.1125123299685,110.15200018415534,False,0.5521606290464884,0.6762942984372665,0.3193992069457142,0.06439752761802282,19906.173138738304,0.0896848724579235
readouts,random,-1,repr_ridge_unscaled,"novelty_[0.7,1]",378,46,21,32.235820747557995,13.781931434588376,False,0.6657874783322726,0.9781923880636855,0.7715633274625733,0.33688852114877677,1908.2826046022353,0.008597538101101487
readouts,random,25,repr_mlp_stable,all,33440,3344,1975,2782.343188564992,1012.5588141842961,False,1.3704835831405824,1.57893734452512,0.010836450622511666,-0.4397577153182814,221956.86511208978,1.0
readouts,random,25,repr_mlp_stable,potency_lt4,10360,1036,617,818.9342623395673,280.80404787274347,False,2.016340651033976,2.4099588733979234,1.5593627849690936,1.2327169934090372,36299.73076419243,0.16354407756597575
readouts,random,25,repr_mlp_stable,potency_ge4,23080,2308,1559,2141.272332721013,927.600272962161,False,1.2442054427447002,1.2059138159669642,-0.6842559594221412,-0.7667604014793176,185657.13434789737,0.8364559224340243
readouts,random,25,repr_mlp_stable,potency_ge6_descriptive_tail,560,56,52,55.943540642841484,47.38653300749192,False,2.0758283037960235,2.075250677503038,-1.9127806266458582,-1.9125610535717983,5565.977961432507,0.025076845262802072
readouts,random,25,repr_mlp_stable,"novelty_[0,0.2)",14899,3095,1914,1977.4106710997075,1113.7772051178385,False,1.5234014816440047,1.8342332501853897,0.13138497635647764,-0.4226081083733699,95636.79879487268,0.43088011153237105
readouts,random,25,repr_mlp_stable,"novelty_[0.2,0.35)",18157,3132,1823,2190.1616239282966,714.6367645491518,False,1.2527243655436024,1.3692465232926636,-0.0943595854925532,-0.4575348287535649,124260.38340344134,0.5598402344558658
readouts,random,25,repr_mlp_stable,"novelty_[0.35,0.5)",341,292,177,206.93073740020648,101.71445275663024,False,1.3350535908707177,1.564030408798949,0.34208576914531164,-0.13416547199527354,1838.8811295226067,0.008284858089854345
readouts,random,25,repr_mlp_stable,"novelty_[0.5,0.7)",36,32,26,25.40738001121387,22.135675011071687,False,1.7686242024196779,1.7605031503226471,-0.045693039086957814,-0.4391270629416072,190.83706083929783,0.0008597934591611923
readouts,random,25,repr_mlp_stable,"novelty_[0.7,1]",7,7,7,4.865114894765623,4.865114894765623,True,1.2836746792066749,1.9002857387065888,0.4495488569282348,-0.21318258701695186,29.96472341384881,0.00013500246274750913
readouts,random,25,repr_mlp_stable_centered,all,33440,3344,1975,2782.343188564992,1012.5588141842961,False,0.7620301406365564,1.1474267986648703,0.7038895322973915,0.15939587715886155,221956.86511208978,1.0
readouts,random,25,repr_mlp_stable_centered,potency_lt4,10360,1036,617,818.9342623395673,280.80404787274347,False,2.05363611732263,2.5952400097543635,2.5360124389069725,1.994400783535594,36299.73076419243,0.16354407756597575
readouts,random,25,repr_mlp_stable_centered,potency_ge4,23080,2308,1559,2141.272332721013,927.600272962161,False,0.5094950071400435,0.49754183909437,-0.11850185905768924,-0.1993847551416924,185657.13434789737,0.8364559224340243
readouts,random,25,repr_mlp_stable_centered,potency_ge6_descriptive_tail,560,56,52,55.943540642841484,47.38653300749192,False,1.3323074467910512,1.3326975076646115,-1.3116600904359448,-1.311141438356082,5565.977961432507,0.025076845262802072
readouts,random,25,repr_mlp_stable_centered,"novelty_[0,0.2)",14899,3095,1914,1977.4106710997075,1113.7772051178385,False,0.894951197943066,1.4406609912480597,1.0090703172861006,0.29471622324528884,95636.79879487268,0.43088011153237105
readouts,random,25,repr_mlp_stable_centered,"novelty_[0.2,0.35)",18157,3132,1823,2190.1616239282966,714.6367645491518,False,0.6579442278725227,0.9028061830834292,0.44582469707696126,0.05035126186345509,124260.38340344134,0.5598402344558658
readouts,random,25,repr_mlp_stable_centered,"novelty_[0.35,0.5)",341,292,177,206.93073740020648,101.71445275663024,False,0.8749670484919245,1.3398324397617032,1.0685406479372785,0.4640081845587531,1838.8811295226067,0.008284858089854345
readouts,random,25,repr_mlp_stable_centered,"novelty_[0.5,0.7)",36,32,26,25.40738001121387,22.135675011071687,False,0.7327228911298128,1.0539289613463174,0.7291124741879076,0.21489361848603178,190.83706083929783,0.0008597934591611923
readouts,random,25,repr_mlp_stable_centered,"novelty_[0.7,1]",7,7,7,4.865114894765623,4.865114894765623,True,1.4136755483780308,2.638266847912874,2.638266847912874,1.4136755483780308,29.96472341384881,0.00013500246274750913
readouts,random,25,repr_mlp_stable_centered_regularized,all,33440,3344,1975,2782.343188564992,1012.5588141842961,False,0.7622190178951675,1.147525218666579,0.7035620479906982,0.15903064390293556,221956.86511208978,1.0
readouts,random,25,repr_mlp_stable_centered_regularized,potency_lt4,10360,1036,617,818.9342623395673,280.80404787274347,False,2.053420071424351,2.5950230115061124,2.5358009748009396,1.9941622912544623,36299.73076419243,0.16354407756597575
readouts,random,25,repr_mlp_stable_centered_regularized,potency_ge4,23080,2308,1559,2141.272332721013,927.600272962161,False,0.5097630550786659,0.4977818419847089,-0.11888142175601327,-0.19977476882568007,185657.13434789737,0.8364559224340243
readouts,random,25,repr_mlp_stable_centered_regularized,potency_ge6_descriptive_tail,560,56,52,55.943540642841484,47.38653300749192,False,1.3326246428598132,1.333012740381467,-1.3119768460514745,-1.3114601666322356,5565.977961432507,0.025076845262802072
readouts,random,25,repr_mlp_stable_centered_regularized,"novelty_[0,0.2)",14899,3095,1914,1977.4106710997075,1113.7772051178385,False,0.895186252605931,1.440781567284583,1.0087290240872184,0.2943103176021811,95636.79879487268,0.43088011153237105
readouts,random,25,repr_mlp_stable_centered_regularized,"novelty_[0.2,0.35)",18157,3132,1823,2190.1616239282966,714.6367645491518,False,0.6581013742737855,0.9028917566294286,0.44550452086605624,0.050013451061156504,124260.38340344134,0.5598402344558658
readouts,random,25,repr_mlp_stable_centered_regularized,"novelty_[0.35,0.5)",341,292,177,206.93073740020648,101.71445275663024,False,0.8749641693432088,1.339796785592723,1.068321486062876,0.46383664187406703,1838.8811295226067,0.008284858089854345
readouts,random,25,repr_mlp_stable_centered_regularized,"novelty_[0.5,0.7)",36,32,26,25.40738001121387,22.135675011071687,False,0.7323971173145347,1.0529699733862083,0.7300680453669441,0.21522014544170492,190.83706083929783,0.0008597934591611923
readouts,random,25,repr_mlp_stable_centered_regularized,"novelty_[0.7,1]",7,7,7,4.865114894765623,4.865114894765623,True,1.4131122450739917,2.636499026835085,2.636499026835085,1.4131122450739917,29.96472341384881,0.00013500246274750913
readouts,random,25,repr_mlp_unscaled,all,33440,3344,1975,2782.343188564992,1012.5588141842961,False,0.9679646939835916,1.2494017288663566,0.6643899682422695,0.18164540373807808,221956.86511208978,1.0
readouts,random,25,repr_mlp_unscaled,potency_lt4,10360,1036,617,818.9342623395673,280.80404787274347,False,2.0606282584300843,2.382289092788861,2.331972165197156,2.0129330069410174,36299.73076419243,0.16354407756597575
readouts,random,25,repr_mlp_unscaled,potency_ge4,23080,2308,1559,2141.272332721013,927.600272962161,False,0.7543268322091741,0.74087863136908,-0.08414346158670018,-0.17640842048773367,185657.13434789737,0.8364559224340243
readouts,random,25,repr_mlp_unscaled,potency_ge6_descriptive_tail,560,56,52,55.943540642841484,47.38653300749192,False,1.6295376069117535,1.6255573887228967,-1.5190209670124626,-1.5230221321991744,5565.977961432507,0.025076845262802072
readouts,random,25,repr_mlp_unscaled,"novelty_[0,0.2)",14899,3095,1914,1977.4106710997075,1113.7772051178385,False,1.0505197238965815,1.3920845638556807,0.8180811172878569,0.2624580744931572,95636.79879487268,0.43088011153237105
readouts,random,25,repr_mlp_unscaled,"novelty_[0.2,0.35)",18157,3132,1823,2190.1616239282966,714.6367645491518,False,0.9004370275038536,1.1233827910582317,0.5257422517917906,0.11352333683408904,124260.38340344134,0.5598402344558658
readouts,random,25,repr_mlp_unscaled,"novelty_[0.35,0.5)",341,292,177,206.93073740020648,101.71445275663024,False,1.195645860335494,1.6606404361370606,1.2434113741247304,0.528609668924628,1838.8811295226067,0.008284858089854345
readouts,random,25,repr_mlp_unscaled,"novelty_[0.5,0.7)",36,32,26,25.40738001121387,22.135675011071687,False,1.2331714446782767,1.5789746177638018,1.1673324960249445,0.5527491213584228,190.83706083929783,0.0008597934591611923
readouts,random,25,repr_mlp_unscaled,"novelty_[0.7,1]",7,7,7,4.865114894765623,4.865114894765623,True,1.8498371639596325,2.7061548855191186,2.3829510475340347,1.0948070458274686,29.96472341384881,0.00013500246274750913
readouts,random,25,repr_ridge_stable,all,33440,3344,1975,2782.343188564992,1012.5588141842961,False,0.66835814979985,0.8784368613693413,0.3626957534933061,-0.01873046464214045,221956.86511208978,1.0
readouts,random,25,repr_ridge_stable,potency_lt4,10360,1036,617,818.9342623395673,280.80404787274347,False,1.5202275431964278,1.7803667536757533,1.6556474897735516,1.4285390722237734,36299.73076419243,0.16354407756597575
readouts,random,25,repr_ridge_stable,potency_ge4,23080,2308,1559,2141.272332721013,927.600272962161,False,0.501800426418174,0.47358444870493793,-0.21767599641411786,-0.30170097755011965,185657.13434789737,0.8364559224340243
readouts,random,25,repr_ridge_stable,potency_ge6_descriptive_tail,560,56,52,55.943540642841484,47.38653300749192,False,1.5083410007104012,1.508901000779885,-1.501939220282666,-1.5013366663320464,5565.977961432507,0.025076845262802072
readouts,random,25,repr_ridge_stable,"novelty_[0,0.2)",14899,3095,1914,1977.4106710997075,1113.7772051178385,False,0.7167161867975668,0.9748201558741306,0.4534825157299178,0.021541845125853443,95636.79879487268,0.43088011153237105
readouts,random,25,repr_ridge_stable,"novelty_[0.2,0.35)",18157,3132,1823,2190.1616239282966,714.6367645491518,False,0.6289268464489333,0.7937982475252089,0.28061090586657694,-0.05449449346811124,124260.38340344134,0.5598402344558658
readouts,random,25,repr_ridge_stable,"novelty_[0.35,0.5)",341,292,177,206.93073740020648,101.71445275663024,False,0.8045993608710131,1.1505909600935107,0.7173210258882327,0.26709468883810383,1838.8811295226067,0.008284858089854345
readouts,random,25,repr_ridge_stable,"novelty_[0.5,0.7)",36,32,26,25.40738001121387,22.135675011071687,False,0.7594050879710124,0.9881590762218079,0.6269840923809107,0.20212875509547956,190.83706083929783,0.0008597934591611923
readouts,random,25,repr_ridge_stable,"novelty_[0.7,1]",7,7,7,4.865114894765623,4.865114894765623,True,0.9031173944760366,1.4518739101441618,1.4114114261528001,0.8085937828185277,29.96472341384881,0.00013500246274750913
readouts,random,25,repr_ridge_unscaled,all,33440,3344,1975,2782.343188564992,1012.5588141842961,False,0.6633839555327453,0.8483550553573403,0.3189314299966189,-0.035596036286422265,221956.86511208978,1.0
readouts,random,25,repr_ridge_unscaled,potency_lt4,10360,1036,617,818.9342623395673,280.80404787274347,False,1.4032493282868579,1.6348983967478123,1.5086917717417088,1.2982971423536247,36299.73076419243,0.16354407756597575
readouts,random,25,repr_ridge_unscaled,potency_ge4,23080,2308,1559,2141.272332721013,927.600272962161,False,0.5187252871381507,0.4952966057557245,-0.21512043917492052,-0.2963991744092688,185657.13434789737,0.8364559224340243
readouts,random,25,repr_ridge_unscaled,potency_ge6_descriptive_tail,560,56,52,55.943540642841484,47.38653300749192,False,1.4386270890068267,1.4385607077988474,-1.433781890464642,-1.4338190611531443,5565.977961432507,0.025076845262802072
readouts,random,25,repr_ridge_unscaled,"novelty_[0,0.2)",14899,3095,1914,1977.4106710997075,1113.7772051178385,False,0.7033195975344809,0.9284646841860759,0.40167528306451467,0.0031300916684482046,95636.79879487268,0.43088011153237105
readouts,random,25,repr_ridge_unscaled,"novelty_[0.2,0.35)",18157,3132,1823,2190.1616239282966,714.6367645491518,False,0.6307514337710634,0.7784211294848974,0.24409999615927597,-0.06971100243639418,124260.38340344134,0.5598402344558658
readouts,random,25,repr_ridge_unscaled,"novelty_[0.35,0.5)",341,292,177,206.93073740020648,101.71445275663024,False,0.7739291150959283,1.0432183534695096,0.660916187554703,0.22629080374935265,1838.8811295226067,0.008284858089854345
readouts,random,25,repr_ridge_unscaled,"novelty_[0.5,0.7)",36,32,26,25.40738001121387,22.135675011071687,False,0.7923964280148613,1.006111876096175,0.3656206849189015,0.10720365410161133,190.83706083929783,0.0008597934591611923
readouts,random,25,repr_ridge_unscaled,"novelty_[0.7,1]",7,7,7,4.865114894765623,4.865114894765623,True,0.920784553436747,1.4353981901812887,1.4069402616463773,0.8543045472664537,29.96472341384881,0.00013500246274750913
readouts,random,50,repr_mlp_stable,all,33440,3344,1975,2782.343188564992,1012.5588141842961,False,1.040834402757822,1.2151172722363894,0.017067052387199952,-0.3124773307193827,221956.86511208978,1.0
readouts,random,50,repr_mlp_stable,potency_lt4,10360,1036,617,818.9342623395673,280.80404787274347,False,1.6066153293268084,1.9140468971322686,1.1292143114562838,0.9236905858055384,36299.73076419243,0.16354407756597575
readouts,random,50,repr_mlp_stable,potency_ge4,23080,2308,1559,2141.272332721013,927.600272962161,False,0.9302127701547649,0.9013862967631958,-0.48214636199562977,-0.554173200403022,185657.13434789737,0.8364559224340243
readouts,random,50,repr_mlp_stable,potency_ge6_descriptive_tail,560,56,52,55.943540642841484,47.38653300749192,False,1.6406219004466516,1.6409302590338004,-1.581313975048842,-1.5808666357721373,5565.977961432507,0.025076845262802072
readouts,random,50,repr_mlp_stable,"novelty_[0,0.2)",8862,2305,1627,1302.6744960330557,898.3106258246687,False,1.2528581544714297,1.548445987743581,0.10509173582445527,-0.3343301941440567,55289.26566247369,0.24909914651458165
readouts,random,50,repr_mlp_stable,"novelty_[0.2,0.35)",23821,3238,1891,2417.674621555246,822.563806553315,False,0.9684000225543655,1.0893369877779615,-0.015956471895801023,-0.30660358467664506,162428.4372273831,0.7318018171925235
readouts,random,50,repr_mlp_stable,"novelty_[0.35,0.5)",660,525,275,373.7478757680769,137.01922395444473,False,1.0490220126826904,1.2600693751844492,0.0596850974854797,-0.24293733728916206,3728.659843548751,0.01679902913417772
readouts,random,50,repr_mlp_stable,"novelty_[0.5,0.7)",83,69,51,47.09279923642641,35.66917566860477,False,1.1626803528649268,1.4640998131443697,-0.2755594437811748,-0.3651940771006921,427.54138199127254,0.0019262363512629408
readouts,random,50,repr_mlp_stable,"novelty_[0.7,1]",14,13,11,8.038496669185136,6.338117408599976,True,0.5603995346199996,0.6379130164072626,0.21268967678149542,-0.10258363063953149,82.96099669294384,0.00037377080745417784
readouts,random,50,repr_mlp_stable_centered,all,33440,3344,1975,2782.343188564992,1012.5588141842961,False,0.6979950603661077,1.0054212999136636,0.5811640643175169,0.12993668300127775,221956.86511208978,1.0
readouts,random,50,repr_mlp_stable_centered,potency_lt4,10360,1036,617,818.9342623395673,280.80404787274347,False,1.7840752430063076,2.18450299450418,2.100172618146163,1.7052985097553335,36299.73076419243,0.16354407756597575
readouts,random,50,repr_mlp_stable_centered,potency_ge4,23080,2308,1559,2141.272332721013,927.600272962161,False,0.4856443830994429,0.47616279228984437,-0.1006785967598129,-0.17807846744374053,185657.13434789737,0.8364559224340243
readouts,random,50,repr_mlp_stable_centered,potency_ge6_descriptive_tail,560,56,52,55.943540642841484,47.38653300749192,False,1.2898136602539287,1.2903106193535194,-1.2817481262343815,-1.2811988288982485,5565.977961432507,0.025076845262802072
readouts,random,50,repr_mlp_stable_centered,"novelty_[0,0.2)",8862,2305,1627,1302.6744960330557,898.3106258246687,False,0.8782391422123134,1.37614061594528,0.950834519918866,0.29529626226572225,55289.26566247369,0.24909914651458165
readouts,random,50,repr_mlp_stable_centered,"novelty_[0.2,0.35)",23821,3238,1891,2417.674621555246,822.563806553315,False,0.6343539699790713,0.8632576374594154,0.43714534256954646,0.0699007744375242,162428.4372273831,0.7318018171925235
readouts,random,50,repr_mlp_stable_centered,"novelty_[0.35,0.5)",660,525,275,373.7478757680769,137.01922395444473,False,0.7865246410013215,1.1474666018200523,0.8057320261453942,0.28542509681671613,3728.659843548751,0.01679902913417772
readouts,random,50,repr_mlp_stable_centered,"novelty_[0.5,0.7)",83,69,51,47.09279923642641,35.66917566860477,False,0.7287744003942713,0.9989732200502466,0.5467307999106642,0.12387087629533375,427.54138199127254,0.0019262363512629408
readouts,random,50,repr_mlp_stable_centered,"novelty_[0.7,1]",14,13,11,8.038496669185136,6.338117408599976,True,1.0391649715844293,1.5733724442642811,1.2449854470757455,0.5127560519462915,82.96099669294384,0.00037377080745417784
readouts,random,50,repr_mlp_stable_centered_regularized,all,33440,3344,1975,2782.343188564992,1012.5588141842961,False,0.6979931865916584,1.0054134061190096,0.5811695169440487,0.1299474003003306,221956.86511208978,1.0
readouts,random,50,repr_mlp_stable_centered_regularized,potency_lt4,10360,1036,617,818.9342623395673,280.80404787274347,False,1.7840527828879966,2.1844717283861135,2.1001605213996566,1.7052918118500984,36299.73076419243,0.16354407756597575
readouts,random,50,repr_mlp_stable_centered_regularized,potency_ge4,23080,2308,1559,2141.272332721013,927.600272962161,False,0.48564653437225175,0.4761653897114188,-0.10066526668507177,-0.17806434511945615,185657.13434789737,0.8364559224340243
readouts,random,50,repr_mlp_stable_centered_regularized,potency_ge6_descriptive_tail,560,56,52,55.943540642841484,47.38653300749192,False,1.2897714326170953,1.2902684761610665,-1.2817014198806236,-1.2811520102077882,5565.977961432507,0.025076845262802072
readouts,random,50,repr_mlp_stable_centered_regularized,"novelty_[0,0.2)",8862,2305,1627,1302.6744960330557,898.3106258246687,False,0.878223222951354,1.3761044182056907,0.9508219146540411,0.2952999746695521,55289.26566247369,0.24909914651458165
readouts,random,50,repr_mlp_stable_centered_regularized,"novelty_[0.2,0.35)",23821,3238,1891,2417.674621555246,822.563806553315,False,0.6343566020263856,0.8632590238003701,0.43715609924264137,0.069913572202121,162428.4372273831,0.7318018171925235
readouts,random,50,repr_mlp_stable_centered_regularized,"novelty_[0.35,0.5)",660,525,275,373.7478757680769,137.01922395444473,False,0.7865013088144466,1.1474463176331917,0.8057372531735888,0.2854263436642571,3728.659843548751,0.01679902913417772
readouts,random,50,repr_mlp_stable_centered_regularized,"novelty_[0.5,0.7)",83,69,51,47.09279923642641,35.66917566860477,False,0.7290684425112485,0.9994239966783491,0.547144308704699,0.12407997487598274,427.54138199127254,0.0019262363512629408
readouts,random,50,repr_mlp_stable_centered_regularized,"novelty_[0.7,1]",14,13,11,8.038496669185136,6.338117408599976,True,1.0391412306553751,1.5733556550017873,1.2449881549183057,0.5127651375251947,82.96099669294384,0.00037377080745417784
readouts,random,50,repr_mlp_unscaled,all,33440,3344,1975,2782.343188564992,1012.5588141842961,False,0.8868618455665244,1.1430098456815798,0.5799263604926373,0.1351655374226002,221956.86511208978,1.0
readouts,random,50,repr_mlp_unscaled,potency_lt4,10360,1036,617,818.9342623395673,280.80404787274347,False,1.901315887211406,2.1905197075564726,2.112277695891098,1.836945485240305,36299.73076419243,0.16354407756597575
readouts,random,50,repr_mlp_unscaled,potency_ge4,23080,2308,1559,2141.272332721013,927.600272962161,False,0.6885155298502001,0.6728104449439765,-0.10790552142798851,-0.19756691663934475,185657.13434789737,0.8364559224340243
readouts,random,50,repr_mlp_unscaled,potency_ge6_descriptive_tail,560,56,52,55.943540642841484,47.38653300749192,False,1.5785030114427128,1.5742277597290515,-1.4870626320839955,-1.4912272943378488,5565.977961432507,0.025076845262802072
readouts,random,50,repr_mlp_unscaled,"novelty_[0,0.2)",8862,2305,1627,1302.6744960330557,898.3106258246687,False,1.027565912077526,1.373813806575221,0.8062542154405115,0.25317653254462635,55289.26566247369,0.24909914651458165
readouts,random,50,repr_mlp_unscaled,"novelty_[0.2,0.35)",23821,3238,1891,2417.674621555246,822.563806553315,False,0.8358498871657748,1.0477764097072626,0.4825666116792737,0.0886494645957241,162428.4372273831,0.7318018171925235
readouts,random,50,repr_mlp_unscaled,"novelty_[0.35,0.5)",660,525,275,373.7478757680769,137.01922395444473,False,0.9824533619076793,1.4113449613348101,0.99421393763432,0.3902627950684894,3728.659843548751,0.01679902913417772
readouts,random,50,repr_mlp_unscaled,"novelty_[0.5,0.7)",83,69,51,47.09279923642641,35.66917566860477,False,1.1484824399299294,1.5540863298508056,0.9580778792009773,0.3263495163787079,427.54138199127254,0.0019262363512629408
readouts,random,50,repr_mlp_unscaled,"novelty_[0.7,1]",14,13,11,8.038496669185136,6.338117408599976,True,1.345948555061392,1.9966135876519338,1.1994084296907697,0.10963295445573436,82.96099669294384,0.00037377080745417784
readouts,random,50,repr_ridge_stable,all,33440,3344,1975,2782.343188564992,1012.5588141842961,False,0.6445354313172197,0.8444746397654275,0.33231191033121504,-0.02337877702548767,221956.86511208978,1.0
readouts,random,50,repr_ridge_stable,potency_lt4,10360,1036,617,818.9342623395673,280.80404787274347,False,1.4399449872588086,1.6909425526936832,1.5300371932974879,1.3134849903406118,36299.73076419243,0.16354407756597575
readouts,random,50,repr_ridge_stable,potency_ge4,23080,2308,1559,2141.272332721013,927.600272962161,False,0.4890167499082897,0.46451763898827264,-0.20531520975243261,-0.284762725421775,185657.13434789737,0.8364559224340243
readouts,random,50,repr_ridge_stable,potency_ge6_descriptive_tail,560,56,52,55.943540642841484,47.38653300749192,False,1.4500974839030694,1.4502860272226699,-1.4459369972774794,-1.4457218705136838,5565.977961432507,0.025076845262802072
readouts,random,50,repr_ridge_stable,"novelty_[0,0.2)",8862,2305,1627,1302.6744960330557,898.3106258246687,False,0.728878757380362,1.014317634940011,0.4547283485652543,0.030140050343901197,55289.26566247369,0.24909914651458165
readouts,random,50,repr_ridge_stable,"novelty_[0.2,0.35)",23821,3238,1891,2417.674621555246,822.563806553315,False,0.6131744585860543,0.7750740507296386,0.276819348056179,-0.046698181790249794,162428.4372273831,0.7318018171925235
readouts,random,50,repr_ridge_stable,"novelty_[0.35,0.5)",660,525,275,373.7478757680769,137.01922395444473,False,0.7417770164101716,1.0347826971472436,0.6300861353279698,0.1633139578957731,3728.659843548751,0.01679902913417772
readouts,random,50,repr_ridge_stable,"novelty_[0.5,0.7)",83,69,51,47.09279923642641,35.66917566860477,False,0.7544224242023956,1.0536733597561603,0.724091751782199,0.2019463442911463,427.54138199127254,0.0019262363512629408
readouts,random,50,repr_ridge_stable,"novelty_[0.7,1]",14,13,11,8.038496669185136,6.338117408599976,True,0.8985246512141478,1.207045822132434,0.9026786949945313,0.4137940215230689,82.96099669294384,0.00037377080745417784
readouts,random,50,repr_ridge_unscaled,all,33440,3344,1975,2782.343188564992,1012.5588141842961,False,0.6314240726627964,0.8201036995020606,0.34171038344247745,-0.013125679286830718,221956.86511208978,1.0
readouts,random,50,repr_ridge_unscaled,potency_lt4,10360,1036,617,818.9342623395673,280.80404787274347,False,1.3951808703002853,1.6235836347193706,1.5353163222848267,1.3208906668059592,36299.73076419243,0.16354407756597575
readouts,random,50,repr_ridge_unscaled,potency_ge4,23080,2308,1559,2141.272332721013,927.600272962161,False,0.4820941467165565,0.459442862030166,-0.19406767229438301,-0.27395289914178605,185657.13434789737,0.8364559224340243
readouts,random,50,repr_ridge_unscaled,potency_ge6_descriptive_tail,560,56,52,55.943540642841484,47.38653300749192,False,1.423434604676804,1.4233211928381344,-1.4205354910956547,-1.4206318753332847,5565.977961432507,0.025076845262802072
readouts,random,50,repr_ridge_unscaled,"novelty_[0,0.2)",8862,2305,1627,1302.6744960330557,898.3106258246687,False,0.6979120641647152,0.9592547932879484,0.4875513799669793,0.0551954255764718,55289.26566247369,0.24909914651458165
readouts,random,50,repr_ridge_unscaled,"novelty_[0.2,0.35)",23821,3238,1891,2417.674621555246,822.563806553315,False,0.6061659484405748,0.7628072402007281,0.2785524787174556,-0.041307493650631286,162428.4372273831,0.7318018171925235
readouts,random,50,repr_ridge_unscaled,"novelty_[0.35,0.5)",660,525,275,373.7478757680769,137.01922395444473,False,0.728205849099461,0.984533930100764,0.6138181739445646,0.17508292124717684,3728.659843548751,0.01679902913417772
readouts,random,50,repr_ridge_unscaled,"novelty_[0.5,0.7)",83,69,51,47.09279923642641,35.66917566860477,False,0.7285913175980118,1.0088908427359637,0.622080636901145,0.14362012317953318,427.54138199127254,0.0019262363512629408
readouts,random,50,repr_ridge_unscaled,"novelty_[0.7,1]",14,13,11,8.038496669185136,6.338117408599976,True,0.9225979807521432,1.3564378997126296,0.9974007038827433,0.364439458822092,82.96099669294384,0.00037377080745417784
readouts,random,100,repr_mlp_stable,all,33440,3344,1975,2782.343188564992,1012.5588141842961,False,0.8024437343663565,0.9614603038296884,0.1309537544604484,-0.17845948139193824,221956.86511208978,1.0
readouts,random,100,repr_mlp_stable,potency_lt4,10360,1036,617,818.9342623395673,280.80404787274347,False,1.3297804377678821,1.5935495176692922,1.155168416787931,0.9383705800953667,36299.73076419243,0.16354407756597575
readouts,random,100,repr_mlp_stable,potency_ge4,23080,2308,1559,2141.272332721013,927.600272962161,False,0.6993387261866968,0.6777322165082716,-0.32878904890665384,-0.39682238289712757,185657.13434789737,0.8364559224340243
readouts,random,100,repr_mlp_stable,potency_ge6_descriptive_tail,560,56,52,55.943540642841484,47.38653300749192,False,1.5992474217052244,1.5988379887825992,-1.5916689289156487,-1.5920345409620547,5565.977961432507,0.025076845262802072
readouts,random,100,repr_mlp_stable,"novelty_[0,0.2)",4630,1353,1105,713.5690245510146,548.3624601711076,False,1.0770114035520055,1.3939725769076368,0.33406489562331576,-0.17313170123264432,27486.312859975253,0.12383628164010367
readouts,random,100,repr_mlp_stable,"novelty_[0.2,0.35)",27261,3291,1935,2562.875672542222,941.4548230775092,False,0.7601744694554248,0.8836437996770539,0.091655162813189,-0.1835211412363038,185848.86326979374,0.8373197340660707
readouts,random,100,repr_mlp_stable,"novelty_[0.35,0.5)",1340,863,388,555.502951987439,152.52143777914435,False,0.8534271811737166,1.0623897878253525,0.2212471872708802,-0.0961761946262049,7619.212241083416,0.03432744572796007
readouts,random,100,repr_mlp_stable,"novelty_[0.5,0.7)",188,152,89,100.16348491597546,47.44462567534951,False,0.7163645637580993,0.8763705648872869,0.18574825784627427,0.014634562965454324,889.09920352188,0.004005729685688607
readouts,random,100,repr_mlp_stable,"novelty_[0.7,1]",21,18,12,9.355981891410684,6.812761462936241,True,0.7752884303600999,0.9412344810224715,0.11284693109610726,-0.21683472631713074,113.37753771548213,0.0005108088801769014
readouts,random,100,repr_mlp_stable_centered,all,33440,3344,1975,2782.343188564992,1012.5588141842961,False,0.6423813384489255,0.8809197267928985,0.4329129939602011,0.06867722144972734,221956.86511208978,1.0
readouts,random,100,repr_mlp_stable_centered,potency_lt4,10360,1036,617,818.9342623395673,280.80404787274347,False,1.521255738663106,1.8149391445853569,1.6493699691490644,1.386090158032032,36299.73076419243,0.16354407756597575
readouts,random,100,repr_mlp_stable_centered,potency_ge4,23080,2308,1559,2141.272332721013,927.600272962161,False,0.470543589173242,0.4616631770385716,-0.11312228606391611,-0.1889036954979082,185657.13434789737,0.8364559224340243
readouts,random,100,repr_mlp_stable_centered,potency_ge6_descriptive_tail,560,56,52,55.943540642841484,47.38653300749192,False,1.3265059006409405,1.3281451440445444,-1.327684537988713,-1.3260424791307348,5565.977961432507,0.025076845262802072
readouts,random,100,repr_mlp_stable_centered,"novelty_[0,0.2)",4630,1353,1105,713.5690245510146,548.3624601711076,False,0.8745858346898661,1.315189048928544,0.7989250369235836,0.2220361233224614,27486.312859975253,0.12383628164010367
readouts,random,100,repr_mlp_stable_centered,"novelty_[0.2,0.35)",27261,3291,1935,2562.875672542222,941.4548230775092,False,0.6040619258073298,0.7991967308286371,0.3606917927999705,0.04007652937975439,185848.86326979374,0.8373197340660707
readouts,random,100,repr_mlp_stable_centered,"novelty_[0.35,0.5)",1340,863,388,555.502951987439,152.52143777914435,False,0.727899760433026,1.0265480934110518,0.6019274890053157,0.17967734193496582,7619.212241083416,0.03432744572796007
readouts,random,100,repr_mlp_stable_centered,"novelty_[0.5,0.7)",188,152,89,100.16348491597546,47.44462567534951,False,0.7072583951384038,0.9641846217257954,0.6393250320398367,0.31300804018966055,889.09920352188,0.004005729685688607
readouts,random,100,repr_mlp_stable_centered,"novelty_[0.7,1]",21,18,12,9.355981891410684,6.812761462936241,True,0.9061787624282299,1.1851016305067343,0.8567948696344936,0.39649824178755083,113.37753771548213,0.0005108088801769014
readouts,random,100,repr_mlp_stable_centered_regularized,all,33440,3344,1975,2782.343188564992,1012.5588141842961,False,0.6425626986824288,0.8810680235409479,0.43356041743711504,0.06880465994092147,221956.86511208978,1.0
readouts,random,100,repr_mlp_stable_centered_regularized,potency_lt4,10360,1036,617,818.9342623395673,280.80404787274347,False,1.521419024886158,1.8150104449044007,1.6519473320155231,1.3883314060100516,36299.73076419243,0.16354407756597575
readouts,random,100,repr_mlp_stable_centered_regularized,potency_ge4,23080,2308,1559,2141.272332721013,927.600272962161,False,0.47072848324192756,0.4618460354419283,-0.1133411612037995,-0.189189549582451,185657.13434789737,0.8364559224340243
readouts,random,100,repr_mlp_stable_centered_regularized,potency_ge6_descriptive_tail,560,56,52,55.943540642841484,47.38653300749192,False,1.3276952449400203,1.3293533265054394,-1.3288952195872135,-1.3272343378433986,5565.977961432507,0.025076845262802072
readouts,random,100,repr_mlp_stable_centered_regularized,"novelty_[0,0.2)",4630,1353,1105,713.5690245510146,548.3624601711076,False,0.875219714601817,1.3155407807833783,0.7991749450440965,0.22148951764936442,27486.312859975253,0.12383628164010367
readouts,random,100,repr_mlp_stable_centered_regularized,"novelty_[0.2,0.35)",27261,3291,1935,2562.875672542222,941.4548230775092,False,0.6042158196894495,0.799389301895352,0.36132423254005236,0.04023893080511238,185848.86326979374,0.8373197340660707
readouts,random,100,repr_mlp_stable_centered_regularized,"novelty_[0.35,0.5)",1340,863,388,555.502951987439,152.52143777914435,False,0.7269658463298678,1.0250609744824188,0.6036887240502142,0.1809474816301874,7619.212241083416,0.03432744572796007
readouts,random,100,repr_mlp_stable_centered_regularized,"novelty_[0.5,0.7)",188,152,89,100.16348491597546,47.44462567534951,False,0.7088540277297719,0.964609135051604,0.6440137619781149,0.31679061108286577,889.09920352188,0.004005729685688607
readouts,random,100,repr_mlp_stable_centered_regularized,"novelty_[0.7,1]",21,18,12,9.355981891410684,6.812761462936241,True,0.9055361162044349,1.1848052389008767,0.8572848947342747,0.3972687432933259,113.37753771548213,0.0005108088801769014
readouts,random,100,repr_mlp_unscaled,all,33440,3344,1975,2782.343188564992,1012.5588141842961,False,0.7503978944488452,0.969792255715477,0.45253439507451493,0.06507621892507014,221956.86511208978,1.0
readouts,random,100,repr_mlp_unscaled,potency_lt4,10360,1036,617,818.9342623395673,280.80404787274347,False,1.6332684223236522,1.8713804525328435,1.769437939931403,1.5487591014356517,36299.73076419243,0.16354407756597575
readouts,random,100,repr_mlp_unscaled,potency_ge4,23080,2308,1559,2141.272332721013,927.600272962161,False,0.5777788212628816,0.56509322109555,-0.13858868658568277,-0.22501384070955446,185657.13434789737,0.8364559224340243
readouts,random,100,repr_mlp_unscaled,potency_ge6_descriptive_tail,560,56,52,55.943540642841484,47.38653300749192,False,1.4813985187088683,1.481872544869943,-1.45864922990128,-1.4580332512346437,5565.977961432507,0.025076845262802072
readouts,random,100,repr_mlp_unscaled,"novelty_[0,0.2)",4630,1353,1105,713.5690245510146,548.3624601711076,False,0.9411834344510431,1.2805328590336094,0.7419633873581002,0.21091008361242414,27486.312859975253,0.12383628164010367
readouts,random,100,repr_mlp_unscaled,"novelty_[0.2,0.35)",27261,3291,1935,2562.875672542222,941.4548230775092,False,0.7167971830302371,0.9047413274484767,0.38712913095696067,0.03505719887241617,185848.86326979374,0.8373197340660707
readouts,random,100,repr_mlp_unscaled,"novelty_[0.35,0.5)",1340,863,388,555.502951987439,152.52143777914435,False,0.8480533109810734,1.1603778035070618,0.7056901413351298,0.22031425280701117,7619.212241083416,0.03432744572796007
readouts,random,100,repr_mlp_unscaled,"novelty_[0.5,0.7)",188,152,89,100.16348491597546,47.44462567534951,False,0.9785596711139456,1.305881501685643,0.9336346286873445,0.47818473436104464,889.09920352188,0.004005729685688607
readouts,random,100,repr_mlp_unscaled,"novelty_[0.7,1]",21,18,12,9.355981891410684,6.812761462936241,True,1.2244528322287649,1.7343136766978673,1.084969010655842,0.24570761398264201,113.37753771548213,0.0005108088801769014
readouts,random,100,repr_ridge_stable,all,33440,3344,1975,2782.343188564992,1012.5588141842961,False,0.6175704141559917,0.8019699186664085,0.30653694782082386,-0.03106350551451256,221956.86511208978,1.0
readouts,random,100,repr_ridge_stable,potency_lt4,10360,1036,617,818.9342623395673,280.80404787274347,False,1.3493325434118315,1.582987903011448,1.4371095044787683,1.233976487983407,36299.73076419243,0.16354407756597575
readouts,random,100,repr_ridge_stable,potency_ge4,23080,2308,1559,2141.272332721013,927.600272962161,False,0.4744960940189374,0.45139165532955366,-0.20094709407589634,-0.2784044511302138,185657.13434789737,0.8364559224340243
readouts,random,100,repr_ridge_stable,potency_ge6_descriptive_tail,560,56,52,55.943540642841484,47.38653300749192,False,1.436153868142578,1.4364370080649003,-1.4360998571156338,-1.4358146563582384,5565.977961432507,0.025076845262802072
readouts,random,100,repr_ridge_stable,"novelty_[0,0.2)",4630,1353,1105,713.5690245510146,548.3624601711076,False,0.764111373914603,1.0769373308099115,0.4941065301032198,0.049416728946535364,27486.312859975253,0.12383628164010367
readouts,random,100,repr_ridge_stable,"novelty_[0.2,0.35)",27261,3291,1935,2562.875672542222,941.4548230775092,False,0.5918137100285176,0.7459484055766551,0.26036340338185543,-0.05076710107024573,185848.86326979374,0.8373197340660707
readouts,random,100,repr_ridge_stable,"novelty_[0.35,0.5)",1340,863,388,555.502951987439,152.52143777914435,False,0.6997039567169722,0.9615385302209694,0.534481098666906,0.11574481725732826,7619.212241083416,0.03432744572796007
readouts,random,100,repr_ridge_stable,"novelty_[0.5,0.7)",188,152,89,100.16348491597546,47.44462567534951,False,0.7432343780256137,0.9813124424385453,0.7087403667527835,0.2990072678678008,889.09920352188,0.004005729685688607
readouts,random,100,repr_ridge_stable,"novelty_[0.7,1]",21,18,12,9.355981891410684,6.812761462936241,True,0.8068750533437908,1.1145897359556904,0.7460809521193351,0.3019522046942489,113.37753771548213,0.0005108088801769014
readouts,random,100,repr_ridge_unscaled,all,33440,3344,1975,2782.343188564992,1012.5588141842961,False,0.6099058229522872,0.7873590001767254,0.3194297077219927,-0.021042333387073963,221956.86511208978,1.0
readouts,random,100,repr_ridge_unscaled,potency_lt4,10360,1036,617,818.9342623395673,280.80404787274347,False,1.3241429502333157,1.5417745604455535,1.4609274087401487,1.2573187888355202,36299.73076419243,0.16354407756597575
readouts,random,100,repr_ridge_unscaled,potency_ge4,23080,2308,1559,2141.272332721013,927.600272962161,False,0.470257995718735,0.448721859605449,-0.19295834178182425,-0.2709878295247859,185657.13434789737,0.8364559224340243
readouts,random,100,repr_ridge_unscaled,potency_ge6_descriptive_tail,560,56,52,55.943540642841484,47.38653300749192,False,1.39252979099564,1.3928192314743046,-1.3928192314743046,-1.39252979099564,5565.977961432507,0.025076845262802072
readouts,random,100,repr_ridge_unscaled,"novelty_[0,0.2)",4630,1353,1105,713.5690245510146,548.3624601711076,False,0.7236947196589827,1.0086088015666084,0.5442355408479221,0.08571322315720108,27486.312859975253,0.12383628164010367
readouts,random,100,repr_ridge_unscaled,"novelty_[0.2,0.35)",27261,3291,1935,2562.875672542222,941.4548230775092,False,0.588913209476919,0.7405963647267815,0.26614243762097917,-0.045272140874844026,185848.86326979374,0.8373197340660707
readouts,random,100,repr_ridge_unscaled,"novelty_[0.35,0.5)",1340,863,388,555.502951987439,152.52143777914435,False,0.6953022317671927,0.9430601299820203,0.5639370774565992,0.1409467101968421,7619.212241083416,0.03432744572796007
readouts,random,100,repr_ridge_unscaled,"novelty_[0.5,0.7)",188,152,89,100.16348491597546,47.44462567534951,False,0.7135371856683471,0.9567474915215394,0.6991353082936413,0.3043003797142241,889.09920352188,0.004005729685688607
readouts,random,100,repr_ridge_unscaled,"novelty_[0.7,1]",21,18,12,9.355981891410684,6.812761462936241,True,0.8835421337684392,1.2599815836930452,0.9284170648092857,0.3782845717263335,113.37753771548213,0.0005108088801769014
readouts,random,250,repr_mlp_stable,all,33440,3344,1975,2782.343188564992,1012.5588141842961,False,0.6540045526300238,0.7784980180547657,0.13217126512860014,-0.10273574319926282,221956.86511208978,1.0
readouts,random,250,repr_mlp_stable,potency_lt4,10360,1036,617,818.9342623395673,280.80404787274347,False,1.1209460976789267,1.2885043522910125,0.8831661241799305,0.7675558310417134,36299.73076419243,0.16354407756597575
readouts,random,250,repr_mlp_stable,potency_ge4,23080,2308,1559,2141.272332721013,927.600272962161,False,0.5627080213794156,0.5495696981809564,-0.2049304133710438,-0.27289537612828624,185657.13434789737,0.8364559224340243
readouts,random,250,repr_mlp_stable,potency_ge6_descriptive_tail,560,56,52,55.943540642841484,47.38653300749192,False,1.4324819860519957,1.43209332547897,-1.43209332547897,-1.4324819860519957,5565.977961432507,0.025076845262802072
readouts,random,250,repr_mlp_stable,"novelty_[0,0.2)",1669,508,453,243.75696544264298,182.97908976750932,False,0.9609504785806068,1.1794321561147327,0.0685205517545114,-0.23793379251356028,9098.461750844672,0.040992026744700524
readouts,random,250,repr_mlp_stable,"novelty_[0.2,0.35)",28218,3312,1956,2616.9581018032404,1110.135749181254,False,0.6363177300980992,0.7484709872228041,0.12561951782680406,-0.10453050858652298,192711.1884969783,0.8682371162507535
readouts,random,250,repr_mlp_stable,"novelty_[0.35,0.5)",3023,1353,539,850.3172665894936,197.8619862874707,False,0.683075425062184,0.8253274702016556,0.21428943690211125,-0.02700135164165146,17561.160472665906,0.07911969951367531
readouts,random,250,repr_mlp_stable,"novelty_[0.5,0.7)",478,281,144,183.67871833298395,58.81108254914013,False,0.6858107165512978,0.8324225619112661,0.18463932066308947,-0.0017465763303328027,2338.9647050638437,0.010537924582250025
readouts,random,250,repr_mlp_stable,"novelty_[0.7,1]",52,32,17,18.201300561248594,10.722550882820407,True,0.7786599916252376,0.9862348217230578,0.47423438371756127,-0.06318835811459254,247.08968653705264,0.0011132329086206484
readouts,random,250,repr_mlp_stable_centered,all,33440,3344,1975,2782.343188564992,1012.5588141842961,False,0.5763213552581576,0.748068273898676,0.3281828097783727,0.03741155303984853,221956.86511208978,1.0
readouts,random,250,repr_mlp_stable_centered,potency_lt4,10360,1036,617,818.9342623395673,280.80404787274347,False,1.2522776429804043,1.4397245124452807,1.2857170931812538,1.1178556643952053,36299.73076419243,0.16354407756597575
readouts,random,250,repr_mlp_stable_centered,potency_ge4,23080,2308,1559,2141.272332721013,927.600272962161,False,0.4441582076427186,0.437602128693181,-0.10162893961737456,-0.1738371581164043,185657.13434789737,0.8364559224340243
readouts,random,250,repr_mlp_stable_centered,potency_ge6_descriptive_tail,560,56,52,55.943540642841484,47.38653300749192,False,1.2702049002804001,1.271190337237014,-1.271158296079024,-1.270172663270842,5565.977961432507,0.025076845262802072
readouts,random,250,repr_mlp_stable_centered,"novelty_[0,0.2)",1669,508,453,243.75696544264298,182.97908976750932,False,0.8228670553776981,1.1252491327661738,0.5931249724701172,0.1461101577841207,9098.461750844672,0.040992026744700524
readouts,random,250,repr_mlp_stable_centered,"novelty_[0.2,0.35)",28218,3312,1956,2616.9581018032404,1110.135749181254,False,0.5588425415623192,0.7143334421189939,0.2926126201498392,0.019590203251913282,192711.1884969783,0.8682371162507535
readouts,random,250,repr_mlp_stable_centered,"novelty_[0.35,0.5)",3023,1353,539,850.3172665894936,197.8619862874707,False,0.6227366386140746,0.8237352775288356,0.4703567005315727,0.14974135763801733,17561.160472665906,0.07911969951367531
readouts,random,250,repr_mlp_stable_centered,"novelty_[0.5,0.7)",478,281,144,183.67871833298395,58.81108254914013,False,0.6711529143808083,0.8850854820408971,0.5375185444770376,0.20823901049700203,2338.9647050638437,0.010537924582250025
readouts,random,250,repr_mlp_stable_centered,"novelty_[0.7,1]",52,32,17,18.201300561248594,10.722550882820407,True,0.9335294224780464,1.2899731247306767,0.9373556650197846,0.3335885549348036,247.08968653705264,0.0011132329086206484
readouts,random,250,repr_mlp_stable_centered_regularized,all,33440,3344,1975,2782.343188564992,1012.5588141842961,False,0.5760929167462293,0.7477315677658748,0.3290243610837565,0.03784572240621534,221956.86511208978,1.0
readouts,random,250,repr_mlp_stable_centered_regularized,potency_lt4,10360,1036,617,818.9342623395673,280.80404787274347,False,1.2518151959080208,1.4390973067845199,1.2880481153427037,1.1197395060559694,36299.73076419243,0.16354407756597575
readouts,random,250,repr_mlp_stable_centered_regularized,potency_ge4,23080,2308,1559,2141.272332721013,927.600272962161,False,0.4439755225448504,0.4373958200954605,-0.10145597228377777,-0.17368642905071735,185657.13434789737,0.8364559224340243
readouts,random,250,repr_mlp_stable_centered_regularized,potency_ge6_descriptive_tail,560,56,52,55.943540642841484,47.38653300749192,False,1.2701870145909449,1.271193222711177,-1.271193222711177,-1.2701870145909449,5565.977961432507,0.025076845262802072
readouts,random,250,repr_mlp_stable_centered_regularized,"novelty_[0,0.2)",1669,508,453,243.75696544264298,182.97908976750932,False,0.8223404407857103,1.1267628661305014,0.6004795761695001,0.15000363267271002,9098.461750844672,0.040992026744700524
readouts,random,250,repr_mlp_stable_centered_regularized,"novelty_[0.2,0.35)",28218,3312,1956,2616.9581018032404,1110.135749181254,False,0.5585239242137802,0.7137190730998249,0.29287975059918814,0.019712765975184104,192711.1884969783,0.8682371162507535
readouts,random,250,repr_mlp_stable_centered_regularized,"novelty_[0.35,0.5)",3023,1353,539,850.3172665894936,197.8619862874707,False,0.6237938324203227,0.8253312087331972,0.473059658784844,0.15178868790034455,17561.160472665906,0.07911969951367531
readouts,random,250,repr_mlp_stable_centered_regularized,"novelty_[0.5,0.7)",478,281,144,183.67871833298395,58.81108254914013,False,0.6699932029198111,0.8825789087268974,0.5376558891551976,0.2087142969443851,2338.9647050638437,0.010537924582250025
readouts,random,250,repr_mlp_stable_centered_regularized,"novelty_[0.7,1]",52,32,17,18.201300561248594,10.722550882820407,True,0.9320562276428003,1.2885122195438448,0.9391260785243639,0.33463213376215334,247.08968653705264,0.0011132329086206484
readouts,random,250,repr_mlp_unscaled,all,33440,3344,1975,2782.343188564992,1012.5588141842961,False,0.6657284765549796,0.8514206560666302,0.38113889166180276,0.03849231603245193,221956.86511208978,1.0
readouts,random,250,repr_mlp_unscaled,potency_lt4,10360,1036,617,818.9342623395673,280.80404787274347,False,1.4076889988283459,1.6143852358086066,1.5341673649700618,1.3350082427449592,36299.73076419243,0.16354407756597575
readouts,random,250,repr_mlp_unscaled,potency_ge4,23080,2308,1559,2141.272332721013,927.600272962161,False,0.5206601639863179,0.5089460873436287,-0.13642501576772775,-0.21500281215885778,185657.13434789737,0.8364559224340243
readouts,random,250,repr_mlp_unscaled,potency_ge6_descriptive_tail,560,56,52,55.943540642841484,47.38653300749192,False,1.35653679924202,1.3584925473793033,-1.3515208082228505,-1.34952244533213,5565.977961432507,0.025076845262802072
readouts,random,250,repr_mlp_unscaled,"novelty_[0,0.2)",1669,508,453,243.75696544264298,182.97908976750932,False,0.952746664773131,1.2539397690936434,0.7216404530716055,0.21247723253698944,9098.461750844672,0.040992026744700524
readouts,random,250,repr_mlp_unscaled,"novelty_[0.2,0.35)",28218,3312,1956,2616.9581018032404,1110.135749181254,False,0.6435245700347078,0.8098894888864289,0.331554069736707,0.014386852398351167,192711.1884969783,0.8682371162507535
readouts,random,250,repr_mlp_unscaled,"novelty_[0.35,0.5)",3023,1353,539,850.3172665894936,197.8619862874707,False,0.7290507265765069,0.9604951649879345,0.5770444068868269,0.16740887769017773,17561.160472665906,0.07911969951367531
readouts,random,250,repr_mlp_unscaled,"novelty_[0.5,0.7)",478,281,144,183.67871833298395,58.81108254914013,False,0.8501846778554296,1.1316959161139932,0.7999073174043015,0.34956772505224376,2338.9647050638437,0.010537924582250025
readouts,random,250,repr_mlp_unscaled,"novelty_[0.7,1]",52,32,17,18.201300561248594,10.722550882820407,True,1.1678476489348721,1.5517718306260233,1.1214027197238727,0.3253460895951065,247.08968653705264,0.0011132329086206484
readouts,random,250,repr_ridge_stable,all,33440,3344,1975,2782.343188564992,1012.5588141842961,False,0.5716337216287002,0.719774399283118,0.25480016589893995,-0.03562208923562918,221956.86511208978,1.0
readouts,random,250,repr_ridge_stable,potency_lt4,10360,1036,617,818.9342623395673,280.80404787274347,False,1.1497684704979863,1.339296528320435,1.2108434349452961,1.0321902850271794,36299.73076419243,0.16354407756597575
readouts,random,250,repr_ridge_stable,potency_ge4,23080,2308,1559,2141.272332721013,927.600272962161,False,0.4585966665050668,0.4416873430947905,-0.17434230668859255,-0.2444010398994878,185657.13434789737,0.8364559224340243
readouts,random,250,repr_ridge_stable,potency_ge6_descriptive_tail,560,56,52,55.943540642841484,47.38653300749192,False,1.3552544627339709,1.3562400945493351,-1.3562400945493351,-1.3552544627339709,5565.977961432507,0.025076845262802072
readouts,random,250,repr_ridge_stable,"novelty_[0,0.2)",1669,508,453,243.75696544264298,182.97908976750932,False,0.8042909166636737,1.0703465903936817,0.5271492916689065,0.053875500933432546,9098.461750844672,0.040992026744700524
readouts,random,250,repr_ridge_stable,"novelty_[0.2,0.35)",28218,3312,1956,2616.9581018032404,1110.135749181254,False,0.5558690554697788,0.688170450595813,0.2161692777829611,-0.05365008504970464,192711.1884969783,0.8682371162507535
readouts,random,250,repr_ridge_stable,"novelty_[0.35,0.5)",3023,1353,539,850.3172665894936,197.8619862874707,False,0.608369064151734,0.7909958278055857,0.41658372739952815,0.08640418969351542,17561.160472665906,0.07911969951367531
readouts,random,250,repr_ridge_stable,"novelty_[0.5,0.7)",478,281,144,183.67871833298395,58.81108254914013,False,0.6667016942955701,0.8668125841422837,0.5057712035695424,0.16468592877872118,2338.9647050638437,0.010537924582250025
readouts,random,250,repr_ridge_stable,"novelty_[0.7,1]",52,32,17,18.201300561248594,10.722550882820407,True,0.7890814212765936,1.125709135989682,0.7644126182795286,0.16054007701460327,247.08968653705264,0.0011132329086206484
readouts,random,250,repr_ridge_unscaled,all,33440,3344,1975,2782.343188564992,1012.5588141842961,False,0.575483035050135,0.713195953377392,0.23967442555253143,-0.042432574935877106,221956.86511208978,1.0
readouts,random,250,repr_ridge_unscaled,potency_lt4,10360,1036,617,818.9342623395673,280.80404787274347,False,1.1053431619307281,1.28525559496785,1.1642435819719397,0.987903241107004,36299.73076419243,0.16354407756597575
readouts,random,250,repr_ridge_unscaled,potency_ge4,23080,2308,1559,2141.272332721013,927.600272962161,False,0.4718846464613896,0.4564135492665971,-0.1753401524589534,-0.24388409927631335,185657.13434789737,0.8364559224340243
readouts,random,250,repr_ridge_unscaled,potency_ge6_descriptive_tail,560,56,52,55.943540642841484,47.38653300749192,False,1.3287599292372323,1.3296221553112062,-1.3295531353797527,-1.3286904874214691,5565.977961432507,0.025076845262802072
readouts,random,250,repr_ridge_unscaled,"novelty_[0,0.2)",1669,508,453,243.75696544264298,182.97908976750932,False,0.779225210472928,1.0308158814269566,0.5333890340855982,0.07742251350952921,9098.461750844672,0.040992026744700524
readouts,random,250,repr_ridge_unscaled,"novelty_[0.2,0.35)",28218,3312,1956,2616.9581018032404,1110.135749181254,False,0.5616678012577234,0.6850222735363609,0.20171434488963003,-0.06115710831808754,192711.1884969783,0.8682371162507535
readouts,random,250,repr_ridge_unscaled,"novelty_[0.35,0.5)",3023,1353,539,850.3172665894936,197.8619862874707,False,0.6070223347720539,0.7721342188859246,0.3861533658709538,0.07023073434686457,17561.160472665906,0.07911969951367531
readouts,random,250,repr_ridge_unscaled,"novelty_[0.5,0.7)",478,281,144,183.67871833298395,58.81108254914013,False,0.6503284516190536,0.8406583766307881,0.47269504213940516,0.1622612309685983,2338.9647050638437,0.010537924582250025
readouts,random,250,repr_ridge_unscaled,"novelty_[0.7,1]",52,32,17,18.201300561248594,10.722550882820407,True,0.897966110710674,1.2093463936095739,0.7542548715707411,0.20306574622456844,247.08968653705264,0.0011132329086206484
readouts,random,500,repr_mlp_stable,all,33440,3344,1975,2782.343188564992,1012.5588141842961,False,0.5910658673125991,0.7158297112467037,0.19266266080395195,-0.04253241226915484,221956.86511208978,1.0
readouts,random,500,repr_mlp_stable,potency_lt4,10360,1036,617,818.9342623395673,280.80404787274347,False,1.063534650051284,1.2195051549815272,0.9380125646942633,0.8075696982408689,36299.73076419243,0.16354407756597575
readouts,random,500,repr_mlp_stable,potency_ge4,23080,2308,1559,2141.272332721013,927.600272962161,False,0.49868864912413896,0.4897431602461503,-0.14190514700816348,-0.20874459604530235,185657.13434789737,0.8364559224340243
readouts,random,500,repr_mlp_stable,potency_ge6_descriptive_tail,560,56,52,55.943540642841484,47.38653300749192,False,1.3446938066673777,1.3439402263115876,-1.342091455829388,-1.3428337355761777,5565.977961432507,0.025076845262802072
readouts,random,500,repr_mlp_stable,"novelty_[0,0.2)",791,228,208,100.9679342229769,67.03130099779212,False,1.0125894035527234,1.229199548007075,0.03128658177647419,-0.27269940248362723,3983.6855179592612,0.017948016683095033
readouts,random,500,repr_mlp_stable,"novelty_[0.2,0.35)",26439,3298,1962,2535.0113115565728,1259.09082363108,False,0.5770844791383514,0.6893430302435183,0.17294024889574053,-0.05444953674583838,181680.64064266378,0.8185403075994688
readouts,random,500,repr_mlp_stable,"novelty_[0.35,0.5)",5240,1670,624,1061.8001243930923,238.07762555120541,False,0.6104133721596913,0.7564669349526645,0.294837452006005,0.03663356786389425,31504.368191287358,0.14193914738964
readouts,random,500,repr_mlp_stable,"novelty_[0.5,0.7)",876,374,168,240.59017783038843,67.63688517010868,False,0.6496198122025002,0.7876959260503791,0.2661743344546294,0.05409872414851756,4304.384432040026,0.01939288712636251
readouts,random,500,repr_mlp_stable,"novelty_[0.7,1]",94,41,20,24.09284120903765,10.791493156157426,False,0.5897445167605107,0.9106378152733997,0.7171009047952949,0.31302118564084586,483.7863281393451,0.0021796412014335738
readouts,random,500,repr_mlp_stable_centered,all,33440,3344,1975,2782.343188564992,1012.5588141842961,False,0.5493436280917071,0.7067884985184598,0.3176383476660311,0.04253350235872669,221956.86511208978,1.0
readouts,random,500,repr_mlp_stable_centered,potency_lt4,10360,1036,617,818.9342623395673,280.80404787274347,False,1.1663795260583174,1.335199352771476,1.2118261718777632,1.0473060980934024,36299.73076419243,0.16354407756597575
readouts,random,500,repr_mlp_stable_centered,potency_ge4,23080,2308,1559,2141.272332721013,927.600272962161,False,0.4287006102690887,0.42471152927837125,-0.083738855922944,-0.15391989455766575,185657.13434789737,0.8364559224340243
readouts,random,500,repr_mlp_stable_centered,potency_ge6_descriptive_tail,560,56,52,55.943540642841484,47.38653300749192,False,1.23668800780825,1.2371562538702656,-1.2369311487234491,-1.2364615267062933,5565.977961432507,0.025076845262802072
readouts,random,500,repr_mlp_stable_centered,"novelty_[0,0.2)",791,228,208,100.9679342229769,67.03130099779212,False,0.8934591744785106,1.1745269599196253,0.600674648117177,0.13600418062125655,3983.6855179592612,0.017948016683095033
readouts,random,500,repr_mlp_stable_centered,"novelty_[0.2,0.35)",26439,3298,1962,2535.0113115565728,1259.09082363108,False,0.53339539322755,0.6759046576555884,0.2768852070207207,0.019355279668051343,181680.64064266378,0.8185403075994688
readouts,random,500,repr_mlp_stable_centered,"novelty_[0.35,0.5)",5240,1670,624,1061.8001243930923,238.07762555120541,False,0.5823363027070528,0.7639202789228927,0.4385123131098807,0.13528928905594081,31504.368191287358,0.14193914738964
readouts,random,500,repr_mlp_stable_centered,"novelty_[0.5,0.7)",876,374,168,240.59017783038843,67.63688517010868,False,0.6440012944070822,0.8314149457281629,0.49779369731927386,0.20721685044565846,4304.384432040026,0.01939288712636251
readouts,random,500,repr_mlp_stable_centered,"novelty_[0.7,1]",94,41,20,24.09284120903765,10.791493156157426,False,0.7142533206464571,1.11118688713774,0.9814139502457454,0.4716561382695804,483.7863281393451,0.0021796412014335738
readouts,random,500,repr_mlp_stable_centered_regularized,all,33440,3344,1975,2782.343188564992,1012.5588141842961,False,0.5493984908499828,0.7054110327144619,0.3165203729795138,0.04182959299209013,221956.86511208978,1.0
readouts,random,500,repr_mlp_stable_centered_regularized,potency_lt4,10360,1036,617,818.9342623395673,280.80404787274347,False,1.1623985959740775,1.3288539873060292,1.208544407678772,1.0442506397622535,36299.73076419243,0.16354407756597575
readouts,random,500,repr_mlp_stable_centered_regularized,potency_ge4,23080,2308,1559,2141.272332721013,927.600272962161,False,0.42954455228423144,0.42556402190126263,-0.08388556287335952,-0.1541640284646066,185657.13434789737,0.8364559224340243
readouts,random,500,repr_mlp_stable_centered_regularized,potency_ge6_descriptive_tail,560,56,52,55.943540642841484,47.38653300749192,False,1.2444941053639886,1.245021230963679,-1.2448095008153184,-1.2442810810151614,5565.977961432507,0.025076845262802072
readouts,random,500,repr_mlp_stable_centered_regularized,"novelty_[0,0.2)",791,228,208,100.9679342229769,67.03130099779212,False,0.8917287630424314,1.1684457173040368,0.5926701738499703,0.13011074322587174,3983.6855179592612,0.017948016683095033
readouts,random,500,repr_mlp_stable_centered_regularized,"novelty_[0.2,0.35)",26439,3298,1962,2535.0113115565728,1259.09082363108,False,0.5333410507545521,0.6741765145843239,0.2763819209983904,0.01897467713226347,181680.64064266378,0.8185403075994688
readouts,random,500,repr_mlp_stable_centered_regularized,"novelty_[0.35,0.5)",5240,1670,624,1061.8001243930923,238.07762555120541,False,0.5832256439586473,0.7645325988349493,0.4359279446100033,0.13407857003974305,31504.368191287358,0.14193914738964
readouts,random,500,repr_mlp_stable_centered_regularized,"novelty_[0.5,0.7)",876,374,168,240.59017783038843,67.63688517010868,False,0.643764771620354,0.8306581956011582,0.49100640392925027,0.20126291546767225,4304.384432040026,0.01939288712636251
readouts,random,500,repr_mlp_stable_centered_regularized,"novelty_[0.7,1]",94,41,20,24.09284120903765,10.791493156157426,False,0.7182706042585066,1.1313202685895967,0.9999310217524541,0.4719851266583047,483.7863281393451,0.0021796412014335738
readouts,random,500,repr_mlp_unscaled,all,33440,3344,1975,2782.343188564992,1012.5588141842961,False,0.6101600261585931,0.7940305264969671,0.4095573828460482,0.09476731787667782,221956.86511208978,1.0
readouts,random,500,repr_mlp_unscaled,potency_lt4,10360,1036,617,818.9342623395673,280.80404787274347,False,1.344769321495108,1.5308454080598652,1.4612686124333853,1.2774135321982518,36299.73076419243,0.16354407756597575
readouts,random,500,repr_mlp_unscaled,potency_ge4,23080,2308,1559,2141.272332721013,927.600272962161,False,0.4665290273755367,0.4632938638890111,-0.06252790045225408,-0.13646397479597433,185657.13434789737,0.8364559224340243
readouts,random,500,repr_mlp_unscaled,potency_ge6_descriptive_tail,560,56,52,55.943540642841484,47.38653300749192,False,1.2367834603749799,1.2386504867361732,-1.2372449750390397,-1.2353693574880327,5565.977961432507,0.025076845262802072
readouts,random,500,repr_mlp_unscaled,"novelty_[0,0.2)",791,228,208,100.9679342229769,67.03130099779212,False,0.9943649889381322,1.2742264798979341,0.6986572170798858,0.18750006411707842,3983.6855179592612,0.017948016683095033
readouts,random,500,repr_mlp_unscaled,"novelty_[0.2,0.35)",26439,3298,1962,2535.0113115565728,1259.09082363108,False,0.5884029135246424,0.7514451790793343,0.3536654115463108,0.06658598302226913,181680.64064266378,0.8185403075994688
readouts,random,500,repr_mlp_unscaled,"novelty_[0.35,0.5)",5240,1670,624,1061.8001243930923,238.07762555120541,False,0.6606531928078422,0.8878110603951082,0.5730822801755211,0.20128853642347455,31504.368191287358,0.14193914738964
readouts,random,500,repr_mlp_unscaled,"novelty_[0.5,0.7)",876,374,168,240.59017783038843,67.63688517010868,False,0.7638698576639106,1.014513331572759,0.771999775551407,0.3726535666286947,4304.384432040026,0.01939288712636251
readouts,random,500,repr_mlp_unscaled,"novelty_[0.7,1]",94,41,20,24.09284120903765,10.791493156157426,False,0.9613747810823093,1.4485631473690057,1.204024003042397,0.5052211245201761,483.7863281393451,0.0021796412014335738
readouts,random,500,repr_ridge_stable,all,33440,3344,1975,2782.343188564992,1012.5588141842961,False,0.5390062658822606,0.6662254596595568,0.21987069476878138,-0.034082760270258756,221956.86511208978,1.0
readouts,random,500,repr_ridge_stable,potency_lt4,10360,1036,617,818.9342623395673,280.80404787274347,False,1.025034896793836,1.1867078681370782,1.0381220787522272,0.8804119690612169,36299.73076419243,0.16354407756597575
readouts,random,500,repr_ridge_stable,potency_ge4,23080,2308,1559,2141.272332721013,927.600272962161,False,0.4439778226837402,0.43259470784729004,-0.14742065436763532,-0.21288500547674116,185657.13434789737,0.8364559224340243
readouts,random,500,repr_ridge_stable,potency_ge6_descriptive_tail,560,56,52,55.943540642841484,47.38653300749192,False,1.2757714626103827,1.2764614391685485,-1.2764614391685485,-1.2757714626103827,5565.977961432507,0.025076845262802072
readouts,random,500,repr_ridge_stable,"novelty_[0,0.2)",791,228,208,100.9679342229769,67.03130099779212,False,0.8457084950679838,1.031697741783048,0.41598713437683504,-0.03065172236015075,3983.6855179592612,0.017948016683095033
readouts,random,500,repr_ridge_stable,"novelty_[0.2,0.35)",26439,3298,1962,2535.0113115565728,1259.09082363108,False,0.5255790356651227,0.6407667761271152,0.18347583726656624,-0.05426387627245783,181680.64064266378,0.8185403075994688
readouts,random,500,repr_ridge_stable,"novelty_[0.35,0.5)",5240,1670,624,1061.8001243930923,238.07762555120541,False,0.5662418859495294,0.7172274673882786,0.3363112827805112,0.0567635302803747,31504.368191287358,0.14193914738964
readouts,random,500,repr_ridge_stable,"novelty_[0.5,0.7)",876,374,168,240.59017783038843,67.63688517010868,False,0.6105644915379701,0.7640562939145534,0.37912002136955225,0.10734234156606301,4304.384432040026,0.01939288712636251
readouts,random,500,repr_ridge_stable,"novelty_[0.7,1]",94,41,20,24.09284120903765,10.791493156157426,False,0.6456803100983818,0.9966853261347189,0.8311945510172586,0.3422133534826237,483.7863281393451,0.0021796412014335738
readouts,random,500,repr_ridge_unscaled,all,33440,3344,1975,2782.343188564992,1012.5588141842961,False,0.5442170873652681,0.6685930153909129,0.21377086719776411,-0.03421563865169076,221956.86511208978,1.0
readouts,random,500,repr_ridge_unscaled,potency_lt4,10360,1036,617,818.9342623395673,280.80404787274347,False,1.0104606073460483,1.1716448761025269,1.0141605739907669,0.862659041145185,36299.73076419243,0.16354407756597575
readouts,random,500,repr_ridge_unscaled,potency_ge4,23080,2308,1559,2141.272332721013,927.600272962161,False,0.4530570341559077,0.44278637427426126,-0.1455028486763913,-0.20957280723128116,185657.13434789737,0.8364559224340243
readouts,random,500,repr_ridge_unscaled,potency_ge6_descriptive_tail,560,56,52,55.943540642841484,47.38653300749192,False,1.2608262722256285,1.2619967426205607,-1.2619967426205607,-1.2608262722256285,5565.977961432507,0.025076845262802072
readouts,random,500,repr_ridge_unscaled,"novelty_[0,0.2)",791,228,208,100.9679342229769,67.03130099779212,False,0.8519510399997363,1.0534133087471753,0.47012852380294945,0.029393578302489443,3983.6855179592612,0.017948016683095033
readouts,random,500,repr_ridge_unscaled,"novelty_[0.2,0.35)",26439,3298,1962,2535.0113115565728,1259.09082363108,False,0.5313487831396226,0.6431151830416602,0.1777171488219262,-0.05494285072563635,181680.64064266378,0.8185403075994688
readouts,random,500,repr_ridge_unscaled,"novelty_[0.35,0.5)",5240,1670,624,1061.8001243930923,238.07762555120541,False,0.5668864361099326,0.7173229680954152,0.323151330280767,0.053828976184108604,31504.368191287358,0.14193914738964
readouts,random,500,repr_ridge_unscaled,"novelty_[0.5,0.7)",876,374,168,240.59017783038843,67.63688517010868,False,0.6158000031819025,0.7597161614504122,0.35663427047708546,0.10018607910759725,4304.384432040026,0.01939288712636251
readouts,random,500,repr_ridge_unscaled,"novelty_[0.7,1]",94,41,20,24.09284120903765,10.791493156157426,False,0.7296348266405922,1.0307922634481341,0.7684877388622072,0.29656557202770534,483.7863281393451,0.0021796412014335738
baselines,chemical_cluster,-1,descriptor_lightgbm_rdkit_mordred,all,33440,3344,1975,2782.343188564992,1012.5588141842961,False,0.4493974651399096,0.5497340314889692,0.19183453070660234,-0.02762814577249272,221956.86511208978,1.0
baselines,chemical_cluster,-1,descriptor_lightgbm_rdkit_mordred,potency_lt4,10360,1036,617,818.9342623395673,280.80404787274347,False,0.7933361686707785,0.9260615375470185,0.8304932361434538,0.6636320384695538,36299.730764192434,0.16354407756597578
baselines,chemical_cluster,-1,descriptor_lightgbm_rdkit_mordred,potency_ge4,23080,2308,1559,2141.272332721013,927.6002729621608,False,0.38215048116911915,0.38081059289445496,-0.09484242719312819,-0.16278351518033973,185657.13434789734,0.8364559224340242
baselines,chemical_cluster,-1,descriptor_lightgbm_rdkit_mordred,potency_ge6_descriptive_tail,560,56,52,55.943540642841484,47.38653300749192,False,1.2042531116552588,1.2060586148836396,-1.2060586148836396,-1.2042531116552588,5565.977961432507,0.025076845262802072
baselines,chemical_cluster,-1,descriptor_lightgbm_rdkit_mordred,"novelty_[0,0.2)",208,39,32,15.180064056421697,7.742842710244153,True,1.1749785401023771,1.1757121624942881,0.4449178050303865,-0.2345095955187055,1019.7514963652806,0.004594367900494084
baselines,chemical_cluster,-1,descriptor_lightgbm_rdkit_mordred,"novelty_[0.2,0.35)",23745,2858,1895,2103.400728468768,1189.5775339646748,False,0.4433279586824842,0.541345203499848,0.16605611182199545,-0.04210463802410396,165118.50162164523,0.743921579259372
baselines,chemical_cluster,-1,descriptor_lightgbm_rdkit_mordred,"novelty_[0.35,0.5)",8008,1003,511,742.945581766181,271.45546045887085,False,0.44982124936778495,0.5564452744027163,0.23654860515307968,0.006972847594069336,49036.35525147844,0.2209274095969716
baselines,chemical_cluster,-1,descriptor_lightgbm_rdkit_mordred,"novelty_[0.5,0.7)",1431,172,91,121.27225640382227,50.42224772076024,False,0.48549831488423595,0.5546671534754091,0.3168540382758606,0.10024051731777006,6602.051850361735,0.02974475174276611
baselines,chemical_cluster,-1,descriptor_lightgbm_rdkit_mordred,"novelty_[0.7,1]",48,6,5,3.234473979325862,2.9019427125586414,True,0.4669048094981708,0.7202827510034231,0.6604597777200298,0.30755826335704384,180.20489223906384,0.0008118915003960752
baselines,chemical_cluster,-1,native_affine,all,33440,3344,1975,2782.343188564992,1012.5588141842961,False,0.6241212546419663,0.8237125775156711,0.38006004782626895,-0.001375632133325209,221956.86511208978,1.0
baselines,chemical_cluster,-1,native_affine,potency_lt4,10360,1036,617,818.9342623395673,280.80404787274347,False,1.406853769821811,1.6686017062084095,1.6677240041600232,1.4054561320660075,36299.730764192434,0.16354407756597578
baselines,chemical_cluster,-1,native_affine,potency_ge4,23080,2308,1559,2141.272332721013,927.6002729621608,False,0.47108119151050987,0.44446425111806415,-0.19793815787640393,-0.27643974130596577,185657.13434789734,0.8364559224340242
baselines,chemical_cluster,-1,native_affine,potency_ge6_descriptive_tail,560,56,52,55.943540642841484,47.38653300749192,False,1.2765580598532766,1.2769914738877506,-1.2769914738877506,-1.2765580598532766,5565.977961432507,0.025076845262802072
baselines,chemical_cluster,-1,native_affine,"novelty_[0,0.2)",208,39,32,15.180064056421697,7.742842710244153,True,1.3453738912743234,1.7873115383203215,1.51199746127312,0.809081961623726,1019.7514963652806,0.004594367900494084
baselines,chemical_cluster,-1,native_affine,"novelty_[0.2,0.35)",23745,2858,1895,2103.400728468768,1189.5775339646748,False,0.5958312346610936,0.7608941925295236,0.2771433424810273,-0.056407161658775316,165118.50162164523,0.743921579259372
baselines,chemical_cluster,-1,native_affine,"novelty_[0.35,0.5)",8008,1003,511,742.945581766181,271.45546045887085,False,0.6642498204108315,0.9015981224397254,0.5277260965465496,0.09752250349010595,49036.35525147844,0.2209274095969716
baselines,chemical_cluster,-1,native_affine,"novelty_[0.5,0.7)",1431,172,91,121.27225640382227,50.42224772076024,False,0.9134513940390028,1.2643876144454498,1.0601235890805012,0.49780006632830864,6602.051850361735,0.02974475174276611
baselines,chemical_cluster,-1,native_affine,"novelty_[0.7,1]",48,6,5,3.234473979325862,2.9019427125586414,True,0.9447344464427296,1.592057286898295,1.4765921465555827,0.6371774945982915,180.20489223906384,0.0008118915003960752
baselines,chemical_cluster,-1,weighted_median,all,33440,3344,1975,2782.343188564992,1012.5588141842961,False,0.6336933825534296,0.9219587482705944,0.6194222325906497,0.19012934020701155,221956.86511208978,1.0
baselines,chemical_cluster,-1,weighted_median,potency_lt4,10360,1036,617,818.9342623395673,280.80404787274347,False,1.8064011605862107,2.080481177606178,2.080481177606178,1.8064011605862107,36299.730764192434,0.16354407756597578
baselines,chemical_cluster,-1,weighted_median,potency_ge4,23080,2308,1559,2141.272332721013,927.6002729621608,False,0.4044052555057744,0.40192874966068787,-0.03640838570921469,-0.12588454273688718,185657.13434789734,0.8364559224340242
baselines,chemical_cluster,-1,weighted_median,potency_ge6_descriptive_tail,560,56,52,55.943540642841484,47.38653300749192,False,1.3847150476736811,1.3853134681583477,-1.3853134681583477,-1.3847150476736811,5565.977961432507,0.025076845262802072
baselines,chemical_cluster,-1,weighted_median,"novelty_[0,0.2)",208,39,32,15.180064056421697,7.742842710244153,True,1.425195078873053,1.951009615384615,1.5057211538461535,0.5226834069457689,1019.7514963652806,0.004594367900494084
baselines,chemical_cluster,-1,weighted_median,"novelty_[0.2,0.35)",23745,2858,1895,2103.400728468768,1189.5775339646748,False,0.584294292557396,0.815904007692171,0.4832040150494587,0.11949993757529072,165118.50162164523,0.743921579259372
baselines,chemical_cluster,-1,weighted_median,"novelty_[0.35,0.5)",8008,1003,511,742.945581766181,271.45546045887085,False,0.724094210472219,1.0804308041356234,0.8355444705896514,0.33322725257703945,49036.35525147844,0.2209274095969716
baselines,chemical_cluster,-1,weighted_median,"novelty_[0.5,0.7)",1431,172,91,121.27225640382227,50.42224772076024,False,1.061704965659201,1.6069042627533194,1.4928651292802235,0.8164920736434389,6602.051850361735,0.02974475174276611
baselines,chemical_cluster,-1,weighted_median,"novelty_[0.7,1]",48,6,5,3.234473979325862,2.9019427125586414,True,1.1380465342229975,2.0683333333333334,2.0683333333333334,1.1380465342229975,180.20489223906384,0.0008118915003960752
baselines,chemical_cluster,25,descriptor_lightgbm_rdkit_mordred,all,33440,3344,1975,2782.343188564992,1012.5588141842961,False,0.7206335085067026,0.8977199365884239,0.2759165209394596,-0.13235308826350592,221956.86511208978,1.0
baselines,chemical_cluster,25,descriptor_lightgbm_rdkit_mordred,potency_lt4,10360,1036,617,818.9342623395673,280.80404787274347,False,1.4242344324089669,1.6827646989849727,1.660062191024253,1.393226778578884,36299.730764192434,0.16354407756597578
baselines,chemical_cluster,25,descriptor_lightgbm_rdkit_mordred,potency_ge4,23080,2308,1559,2141.272332721013,927.6002729621608,False,0.5830652744994403,0.5453341593601635,-0.3453897677121201,-0.43063485707439303,185657.13434789734,0.8364559224340242
baselines,chemical_cluster,25,descriptor_lightgbm_rdkit_mordred,potency_ge6_descriptive_tail,560,56,52,55.943540642841484,47.38653300749192,False,1.6375093358241797,1.6381142726995501,-1.6381142726995501,-1.6375093358241797,5565.977961432507,0.025076845262802072
baselines,chemical_cluster,25,descriptor_lightgbm_rdkit_mordred,"novelty_[0,0.2)",14921,3044,1910,1952.5913227486642,1086.339125008473,False,0.7568277410146993,0.9669522623021428,0.35472588311080433,-0.10541040415243445,96494.26048290667,0.4347433021915154
baselines,chemical_cluster,25,descriptor_lightgbm_rdkit_mordred,"novelty_[0.2,0.35)",18336,3174,1842,2181.1889450760864,689.2455105274486,False,0.6911822803733338,0.837807289459627,0.2052489097912534,-0.15633266549778868,124565.70830591333,0.5612158391361617
baselines,chemical_cluster,25,descriptor_lightgbm_rdkit_mordred,"novelty_[0.35,0.5)",169,151,101,106.42294148260436,64.71945161864315,False,0.903018312788843,1.2278933683920128,0.880832804686238,0.26033616039458446,848.898610541864,0.003824610741880699
baselines,chemical_cluster,25,descriptor_lightgbm_rdkit_mordred,"novelty_[0.5,0.7)",14,14,10,10.030128153228299,6.812809943228162,True,1.1633876557301088,1.5936810654748843,1.5342003139159153,0.9898938631100087,47.997712727912855,0.00021624793044213196
baselines,chemical_cluster,25,descriptor_lightgbm_rdkit_mordred,"novelty_[0.7,1]",0,0,0,0.0,0.0,True,,,,,0.0,0.0
baselines,chemical_cluster,25,native_affine,all,33440,3344,1975,2782.343188564992,1012.5588141842961,False,0.6691386315611456,0.8471041313002844,0.32437276993741654,-0.05091078264722317,221956.86511208978,1.0
baselines,chemical_cluster,25,native_affine,potency_lt4,10360,1036,617,818.9342623395673,280.80404787274347,False,1.3432511424930578,1.5988273299513638,1.5899398168219565,1.3294690554754776,36299.730764192434,0.16354407756597578
baselines,chemical_cluster,25,native_affine,potency_ge4,23080,2308,1559,2141.272332721013,927.6002729621608,False,0.5373359796590199,0.5096755204673041,-0.24370671904541838,-0.3208030044148973,185657.13434789734,0.8364559224340242
baselines,chemical_cluster,25,native_affine,potency_ge6_descriptive_tail,560,56,52,55.943540642841484,47.38653300749192,False,1.3293121965256922,1.329048260404403,-1.2990449829868933,-1.2991255240842492,5565.977961432507,0.025076845262802072
baselines,chemical_cluster,25,native_affine,"novelty_[0,0.2)",14921,3044,1910,1952.5913227486642,1086.339125008473,False,0.6976353003078595,0.9188260799754325,0.4435686707297833,0.021459129175860788,96494.26048290667,0.4347433021915154
baselines,chemical_cluster,25,native_affine,"novelty_[0.2,0.35)",18336,3174,1842,2181.1889450760864,689.2455105274486,False,0.6459414580102223,0.7860861902536259,0.2224621235743604,-0.1093873623991833,124565.70830591333,0.5612158391361617
baselines,chemical_cluster,25,native_affine,"novelty_[0.35,0.5)",169,151,101,106.42294148260436,64.71945161864315,False,0.810280304191674,1.0861771326798657,0.7708414090737788,0.24708856337787652,848.898610541864,0.003824610741880699
baselines,chemical_cluster,25,native_affine,"novelty_[0.5,0.7)",14,14,10,10.030128153228299,6.812809943228162,True,1.085666966008643,1.4369922467640468,1.371399625369481,0.9475581030904611,47.997712727912855,0.00021624793044213196
baselines,chemical_cluster,25,native_affine,"novelty_[0.7,1]",0,0,0,0.0,0.0,True,,,,,0.0,0.0
baselines,chemical_cluster,25,weighted_median,all,33440,3344,1975,2782.343188564992,1012.5588141842961,False,0.6671571239332754,0.9389864097538478,0.5813254921600277,0.1512554449262253,221956.86511208978,1.0
baselines,chemical_cluster,25,weighted_median,potency_lt4,10360,1036,617,818.9342623395673,280.80404787274347,False,1.770373641158608,2.0452799227799225,2.0452799227799225,1.770373641158608,36299.730764192434,0.16354407756597578
baselines,chemical_cluster,25,weighted_median,potency_ge4,23080,2308,1559,2141.272332721013,927.6002729621608,False,0.4514559461113245,0.44240058674907606,-0.07580483284959595,-0.16531496215819283,185657.13434789734,0.8364559224340242
baselines,chemical_cluster,25,weighted_median,potency_ge6_descriptive_tail,560,56,52,55.943540642841484,47.38653300749192,False,1.4276737697405475,1.4279741824440622,-1.4279741824440622,-1.4276737697405475,5565.977961432507,0.025076845262802072
baselines,chemical_cluster,25,weighted_median,"novelty_[0,0.2)",14921,3044,1910,1952.5913227486642,1086.339125008473,False,0.7086669355890601,1.0204890414819254,0.6664883729004888,0.18553263356323776,96494.26048290667,0.4347433021915154
baselines,chemical_cluster,25,weighted_median,"novelty_[0.2,0.35)",18336,3174,1842,2181.1889450760864,689.2455105274486,False,0.6324060873358298,0.8666671331924556,0.5045032420256943,0.1212938570554534,124565.70830591333,0.5612158391361617
baselines,chemical_cluster,25,weighted_median,"novelty_[0.35,0.5)",169,151,101,106.42294148260436,64.71945161864315,False,1.0109275648432803,1.5149704142011833,1.2965088757396448,0.5902952703903628,848.898610541864,0.003824610741880699
baselines,chemical_cluster,25,weighted_median,"novelty_[0.5,0.7)",14,14,10,10.030128153228299,6.812809943228162,True,1.323493815653661,1.8392857142857142,1.797857142857143,1.2332684278430561,47.997712727912855,0.00021624793044213196
baselines,chemical_cluster,25,weighted_median,"novelty_[0.7,1]",0,0,0,0.0,0.0,True,,,,,0.0,0.0
baselines,chemical_cluster,50,descriptor_lightgbm_rdkit_mordred,all,33440,3344,1975,2782.343188564992,1012.5588141842961,False,0.6898942235060376,0.8460152004078532,0.2424853390051784,-0.13382647878052392,221956.86511208978,1.0
baselines,chemical_cluster,50,descriptor_lightgbm_rdkit_mordred,potency_lt4,10360,1036,617,818.9342623395673,280.80404787274347,False,1.295447926995127,1.529630247734748,1.5062908753453914,1.2612839094379433,36299.730764192434,0.16354407756597578
baselines,chemical_cluster,50,descriptor_lightgbm_rdkit_mordred,potency_ge4,23080,2308,1559,2141.272332721013,927.6002729621608,False,0.5714962073074077,0.5391585327169247,-0.32480345460334015,-0.40659882149998855,185657.13434789734,0.8364559224340242
baselines,chemical_cluster,50,descriptor_lightgbm_rdkit_mordred,potency_ge6_descriptive_tail,560,56,52,55.943540642841484,47.38653300749192,False,1.5575366787409457,1.557968326207187,-1.557968326207187,-1.5575366787409457,5565.977961432507,0.025076845262802072
baselines,chemical_cluster,50,descriptor_lightgbm_rdkit_mordred,"novelty_[0,0.2)",8984,2338,1640,1342.2921263358996,903.3292427127453,False,0.7527949025974443,0.9615061425214579,0.37384474615439117,-0.09681236781309498,56412.8685343378,0.25416140431542367
baselines,chemical_cluster,50,descriptor_lightgbm_rdkit_mordred,"novelty_[0.2,0.35)",24148,3254,1903,2430.887350778376,802.2158287007068,False,0.6673189516616265,0.8006474189414093,0.18852365063499882,-0.1491060928810214,163925.34467839933,0.7385459539429694
baselines,chemical_cluster,50,descriptor_lightgbm_rdkit_mordred,"novelty_[0.35,0.5)",275,237,150,166.12693121407284,90.0328566342317,False,0.7935396926096061,1.0404622602844131,0.6178226955386608,0.09670670894084778,1480.1892828131377,0.006668815051364289
baselines,chemical_cluster,50,descriptor_lightgbm_rdkit_mordred,"novelty_[0.5,0.7)",31,29,18,16.683563745094293,9.998371679487352,True,0.7041229129042578,0.9550046916347847,0.8049101292655957,0.4118489298641017,126.69583208722754,0.00057081285601707
baselines,chemical_cluster,50,descriptor_lightgbm_rdkit_mordred,"novelty_[0.7,1]",2,2,2,1.3426606448800686,1.3426606448800686,True,0.43781599138438115,1.4054888048932346,1.3829830338989193,0.39956293918383323,11.76678445229682,5.30138342256479e-05
baselines,chemical_cluster,50,native_affine,all,33440,3344,1975,2782.343188564992,1012.5588141842961,False,0.644151415584484,0.8353776416823335,0.3579379922346903,-0.021041382597691696,221956.86511208978,1.0
baselines,chemical_cluster,50,native_affine,potency_lt4,10360,1036,617,818.9342623395673,280.80404787274347,False,1.38129144368758,1.6403034954245947,1.6364185697001379,1.3749097082099069,36299.730764192434,0.16354407756597578
baselines,chemical_cluster,50,native_affine,potency_ge4,23080,2308,1559,2141.272332721013,927.6002729621608,False,0.5000256072785632,0.47406776972523545,-0.21593803820473936,-0.29397809970408967,185657.13434789734,0.8364559224340242
baselines,chemical_cluster,50,native_affine,potency_ge6_descriptive_tail,560,56,52,55.943540642841484,47.38653300749192,False,1.291072064569698,1.2912417119690145,-1.2811742979544576,-1.2809431134900913,5565.977961432507,0.025076845262802072
baselines,chemical_cluster,50,native_affine,"novelty_[0,0.2)",8984,2338,1640,1342.2921263358996,903.3292427127453,False,0.7005209699635693,0.9719408017950519,0.5716972093765221,0.1055286702340623,56412.8685343378,0.25416140431542367
baselines,chemical_cluster,50,native_affine,"novelty_[0.2,0.35)",24148,3254,1903,2430.887350778376,802.2158287007068,False,0.6232789976082872,0.7811723113368233,0.2729769333735661,-0.06725392874368924,163925.34467839933,0.7385459539429694
baselines,chemical_cluster,50,native_affine,"novelty_[0.35,0.5)",275,237,150,166.12693121407284,90.0328566342317,False,0.7785203986830586,1.0688074214935301,0.7260395714846524,0.2021874492005478,1480.1892828131377,0.006668815051364289
baselines,chemical_cluster,50,native_affine,"novelty_[0.5,0.7)",31,29,18,16.683563745094293,9.998371679487352,True,0.9963396360166595,1.3749729334923528,1.2628840360333842,0.772176296875352,126.69583208722754,0.00057081285601707
baselines,chemical_cluster,50,native_affine,"novelty_[0.7,1]",2,2,2,1.3426606448800686,1.3426606448800686,True,0.47738895989037106,1.4084992599487303,1.330728454589844,0.3452019453764681,11.76678445229682,5.30138342256479e-05
baselines,chemical_cluster,50,weighted_median,all,33440,3344,1975,2782.343188564992,1012.5588141842961,False,0.6552237045825973,0.9381200820026517,0.6137271069925636,0.18410702064515339,221956.86511208978,1.0
baselines,chemical_cluster,50,weighted_median,potency_lt4,10360,1036,617,818.9342623395673,280.80404787274347,False,1.8026763244511266,2.0758600386100388,2.0758600386100388,1.8026763244511266,36299.730764192434,0.16354407756597578
baselines,chemical_cluster,50,weighted_median,potency_ge4,23080,2308,1559,2141.272332721013,927.6002729621608,False,0.43087347256919123,0.42741878432273284,-0.042585595414587285,-0.1323560668505663,185657.13434789734,0.8364559224340242
baselines,chemical_cluster,50,weighted_median,potency_ge6_descriptive_tail,560,56,52,55.943540642841484,47.38653300749192,False,1.3919032483220515,1.3923313253012048,-1.3923313253012048,-1.3919032483220515,5565.977961432507,0.025076845262802072
baselines,chemical_cluster,50,weighted_median,"novelty_[0,0.2)",8984,2338,1640,1342.2921263358996,903.3292427127453,False,0.7265861212247144,1.08813834366853,0.778857426589707,0.2514587420645989,56412.8685343378,0.25416140431542367
baselines,chemical_cluster,50,weighted_median,"novelty_[0.2,0.35)",24148,3254,1903,2430.887350778376,802.2158287007068,False,0.62795041211265,0.8761874963827482,0.544723552151292,0.15742205347299537,163925.34467839933,0.7385459539429694
baselines,chemical_cluster,50,weighted_median,"novelty_[0.35,0.5)",275,237,150,166.12693121407284,90.0328566342317,False,0.9144094894942284,1.3801272727272729,1.1483090909090907,0.49456393584630526,1480.1892828131377,0.006668815051364289
baselines,chemical_cluster,50,weighted_median,"novelty_[0.5,0.7)",31,29,18,16.683563745094293,9.998371679487352,True,1.1421409741765862,1.7367741935483874,1.6987096774193549,1.0528749657010827,126.69583208722754,0.00057081285601707
baselines,chemical_cluster,50,weighted_median,"novelty_[0.7,1]",2,2,2,1.3426606448800686,1.3426606448800686,True,0.6289489489489495,1.6750000000000005,1.6750000000000005,0.6289489489489495,11.76678445229682,5.30138342256479e-05
baselines,chemical_cluster,100,descriptor_lightgbm_rdkit_mordred,all,33440,3344,1975,2782.343188564992,1012.5588141842961,False,0.6092681151279101,0.7445781092037869,0.21606495177754087,-0.10874523962908132,221956.86511208978,1.0
baselines,chemical_cluster,100,descriptor_lightgbm_rdkit_mordred,potency_lt4,10360,1036,617,818.9342623395673,280.80404787274347,False,1.107588268212739,1.3179577302362535,1.2925125505848405,1.0696352333713144,36299.730764192434,0.16354407756597578
baselines,chemical_cluster,100,descriptor_lightgbm_rdkit_mordred,potency_ge4,23080,2308,1559,2141.272332721013,927.6002729621608,False,0.5118364303457125,0.4872032013226622,-0.2671238317425469,-0.33914249345904457,185657.13434789734,0.8364559224340242
baselines,chemical_cluster,100,descriptor_lightgbm_rdkit_mordred,potency_ge6_descriptive_tail,560,56,52,55.943540642841484,47.38653300749192,False,1.3656718674112065,1.3670819166831523,-1.3670819166831523,-1.3656718674112065,5565.977961432507,0.025076845262802072
baselines,chemical_cluster,100,descriptor_lightgbm_rdkit_mordred,"novelty_[0,0.2)",4630,1350,1084,731.6240576781186,560.257994993858,False,0.7141263556000826,0.916760437682006,0.41410260356591183,-0.05383642835654526,27517.361988235607,0.12397616975865623
baselines,chemical_cluster,100,descriptor_lightgbm_rdkit_mordred,"novelty_[0.2,0.35)",28178,3290,1934,2586.7077133638672,904.9599815765064,False,0.5929635362700794,0.713091607307453,0.1760704349183562,-0.12028015752553978,191146.24943793748,0.8611864712605635
baselines,chemical_cluster,100,descriptor_lightgbm_rdkit_mordred,"novelty_[0.35,0.5)",566,390,215,244.58005752912305,101.37394712482404,False,0.6800712791582214,0.8851319747655583,0.5394293934465704,0.0953534102730541,3000.6111259131976,0.01351889307139866
baselines,chemical_cluster,100,descriptor_lightgbm_rdkit_mordred,"novelty_[0.5,0.7)",62,44,27,23.3270710839628,13.384110598476862,False,0.6756509169720473,0.8907752090401028,0.6026868906909313,0.16134837872405527,277.44499147285546,0.0012499950895086926
baselines,chemical_cluster,100,descriptor_lightgbm_rdkit_mordred,"novelty_[0.7,1]",4,4,4,2.1188169350489843,2.1188169350489847,True,0.6268103414276607,1.0957684799341292,0.9801484719395306,0.32249848322076125,15.197568530634038,6.847081987285754e-05
baselines,chemical_cluster,100,native_affine,all,33440,3344,1975,2782.343188564992,1012.5588141842961,False,0.6348311357477406,0.8323564611983079,0.3727252784908941,-0.010318515117663416,221956.86511208978,1.0
baselines,chemical_cluster,100,native_affine,potency_lt4,10360,1036,617,818.9342623395673,280.80404787274347,False,1.4051560749254215,1.6678633957084081,1.6664269525249953,1.4028096288191196,36299.730764192434,0.16354407756597578
baselines,chemical_cluster,100,native_affine,potency_ge4,23080,2308,1559,2141.272332721013,927.6002729621608,False,0.4842170050745046,0.4573195529866683,-0.20798309858853775,-0.2866136940795764,185657.13434789734,0.8364559224340242
baselines,chemical_cluster,100,native_affine,potency_ge6_descriptive_tail,560,56,52,55.943540642841484,47.38653300749192,False,1.2974724649288367,1.2979397803136692,-1.2934017497557577,-1.2929066956605437,5565.977961432507,0.025076845262802072
baselines,chemical_cluster,100,native_affine,"novelty_[0,0.2)",4630,1350,1084,731.6240576781186,560.257994993858,False,0.7494087704961566,1.0850036607594056,0.7443433640690064,0.20947117535310997,27517.361988235607,0.12397616975865623
baselines,chemical_cluster,100,native_affine,"novelty_[0.2,0.35)",28178,3290,1934,2586.7077133638672,904.9599815765064,False,0.6157358932305701,0.7843044460006786,0.3009480514137822,-0.047299138645043884,191146.24943793748,0.8611864712605635
baselines,chemical_cluster,100,native_affine,"novelty_[0.35,0.5)",566,390,215,244.58005752912305,101.37394712482404,False,0.7806540965134631,1.1044977992499254,0.8102006164119437,0.26610977732307556,3000.6111259131976,0.01351889307139866
baselines,chemical_cluster,100,native_affine,"novelty_[0.5,0.7)",62,44,27,23.3270710839628,13.384110598476862,False,0.836603946400031,1.2593384147459463,1.1626227589576474,0.6387858240654513,277.44499147285546,0.0012499950895086926
baselines,chemical_cluster,100,native_affine,"novelty_[0.7,1]",4,4,4,2.1188169350489843,2.1188169350489847,True,0.8697952954174941,1.7694244146347042,1.7132961034774778,0.7220655818278828,15.197568530634038,6.847081987285754e-05
baselines,chemical_cluster,100,weighted_median,all,33440,3344,1975,2782.343188564992,1012.5588141842961,False,0.6431828918114534,0.9240004647777713,0.5991233390499798,0.16948482269338044,221956.86511208978,1.0
baselines,chemical_cluster,100,weighted_median,potency_lt4,10360,1036,617,818.9342623395673,280.80404787274347,False,1.7861172614534655,2.0613783783783783,2.0613783783783783,1.7861172614534655,36299.730764192434,0.16354407756597578
baselines,chemical_cluster,100,weighted_median,potency_ge4,23080,2308,1559,2141.272332721013,927.6002729621608,False,0.41971606924699695,0.4134616786034955,-0.05724417427073981,-0.14659956844930508,185657.13434789734,0.8364559224340242
baselines,chemical_cluster,100,weighted_median,potency_ge6_descriptive_tail,560,56,52,55.943540642841484,47.38653300749192,False,1.40533575098235,1.4059206110154905,-1.4059206110154905,-1.40533575098235,5565.977961432507,0.025076845262802072
baselines,chemical_cluster,100,weighted_median,"novelty_[0,0.2)",4630,1350,1084,731.6240576781186,560.257994993858,False,0.7806163280183103,1.1985456426136512,0.900000793671446,0.29573867194249487,27517.361988235607,0.12397616975865623
baselines,chemical_cluster,100,weighted_median,"novelty_[0.2,0.35)",28178,3290,1934,2586.7077133638672,904.9599815765064,False,0.6188718447836664,0.8678972679703126,0.5354156002247331,0.14444225024338508,191146.24943793748,0.8611864712605635
baselines,chemical_cluster,100,weighted_median,"novelty_[0.35,0.5)",566,390,215,244.58005752912305,101.37394712482404,False,0.893480776609555,1.3862897526501767,1.19565371024735,0.5390534948514109,3000.6111259131976,0.01351889307139866
baselines,chemical_cluster,100,weighted_median,"novelty_[0.5,0.7)",62,44,27,23.3270710839628,13.384110598476862,False,1.029858048000569,1.617741935483871,1.536129032258064,0.8530720664447016,277.44499147285546,0.0012499950895086926
baselines,chemical_cluster,100,weighted_median,"novelty_[0.7,1]",4,4,4,2.1188169350489843,2.1188169350489847,True,1.0927378674316004,2.19,2.19,1.0927378674316004,15.197568530634038,6.847081987285754e-05
baselines,chemical_cluster,250,descriptor_lightgbm_rdkit_mordred,all,33440,3344,1975,2782.343188564992,1012.5588141842961,False,0.539544310177798,0.6447975306522036,0.16811924691489818,-0.1007419487828176,221956.86511208978,1.0
baselines,chemical_cluster,250,descriptor_lightgbm_rdkit_mordred,potency_lt4,10360,1036,617,818.9342623395673,280.80404787274347,False,0.9102267206051609,1.0759640607297367,1.0188478773511027,0.8300309057017731,36299.730764192434,0.16354407756597578
baselines,chemical_cluster,250,descriptor_lightgbm_rdkit_mordred,potency_ge4,23080,2308,1559,2141.272332721013,927.6002729621608,False,0.4670683897409298,0.45125830831237485,-0.21375027697241025,-0.28272689721521893,185657.13434789734,0.8364559224340242
baselines,chemical_cluster,250,descriptor_lightgbm_rdkit_mordred,potency_ge6_descriptive_tail,560,56,52,55.943540642841484,47.38653300749192,False,1.2984488074009364,1.300488329404606,-1.300488329404606,-1.2984488074009364,5565.977961432507,0.025076845262802072
baselines,chemical_cluster,250,descriptor_lightgbm_rdkit_mordred,"novelty_[0,0.2)",1764,545,481,260.2471674254856,186.967521891202,False,0.7172900875047201,0.9086503983870096,0.47809109469041816,0.008117682434232897,9407.062970330664,0.042382392477835866
baselines,chemical_cluster,250,descriptor_lightgbm_rdkit_mordred,"novelty_[0.2,0.35)",30149,3314,1953,2665.4838885846516,1010.5229191678285,False,0.5305027836933147,0.6273362434673301,0.1406123191756891,-0.11087178258593024,204598.0979731648,0.9217921593452013
baselines,chemical_cluster,250,descriptor_lightgbm_rdkit_mordred,"novelty_[0.35,0.5)",1364,693,354,425.26842725768796,133.2519290271986,False,0.5631304156698927,0.6860540821885001,0.3453184051559687,0.022470536148572126,7254.299911537291,0.032683377051094226
baselines,chemical_cluster,250,descriptor_lightgbm_rdkit_mordred,"novelty_[0.5,0.7)",154,94,50,59.09790554359667,29.09665179183752,False,0.5549079872168964,0.6740278894725341,0.4166878125844289,0.12684161207952077,651.2036826728706,0.0029339199864082065
baselines,chemical_cluster,250,descriptor_lightgbm_rdkit_mordred,"novelty_[0.7,1]",9,5,4,2.125529076979879,2.058160610256712,True,0.4682862225580964,0.6701838749537357,0.44998746685602486,0.03933751373862656,46.20057438413823,0.00020815113946039295
baselines,chemical_cluster,250,native_affine,all,33440,3344,1975,2782.343188564992,1012.5588141842961,False,0.6261772160923501,0.8266981472054181,0.3855605714011688,0.00459966019199499,221956.86511208978,1.0
baselines,chemical_cluster,250,native_affine,potency_lt4,10360,1036,617,818.9342623395673,280.80404787274347,False,1.4113182160444364,1.6726242577468104,1.6716078273485988,1.4096819578680746,36299.730764192434,0.16354407756597578
baselines,chemical_cluster,250,native_affine,potency_ge4,23080,2308,1559,2141.272332721013,927.6002729621608,False,0.4726662453973943,0.4469843471530425,-0.1917119403672615,-0.2701223928350624,185657.13434789734,0.8364559224340242
baselines,chemical_cluster,250,native_affine,potency_ge6_descriptive_tail,560,56,52,55.943540642841484,47.38653300749192,False,1.2671456676448296,1.267588693741472,-1.2670088488120015,-1.2665622784134074,5565.977961432507,0.025076845262802072
baselines,chemical_cluster,250,native_affine,"novelty_[0,0.2)",1764,545,481,260.2471674254856,186.967521891202,False,0.902954647027006,1.3320928519704813,1.0747632595797958,0.4547475760641178,9407.062970330664,0.042382392477835866
baselines,chemical_cluster,250,native_affine,"novelty_[0.2,0.35)",30149,3314,1953,2665.4838885846516,1010.5229191678285,False,0.6075398453402253,0.782603237436615,0.32201216596009974,-0.02744544039752464,204598.0979731648,0.9217921593452013
baselines,chemical_cluster,250,native_affine,"novelty_[0.35,0.5)",1364,693,354,425.26842725768796,133.2519290271986,False,0.7646393686251568,1.0868248154760456,0.8033592969581179,0.2684296006987175,7254.299911537291,0.032683377051094226
baselines,chemical_cluster,250,native_affine,"novelty_[0.5,0.7)",154,94,50,59.09790554359667,29.09665179183752,False,0.9411928255538208,1.3485249843845117,1.2009567379641846,0.6173725049884597,651.2036826728706,0.0029339199864082065
baselines,chemical_cluster,250,native_affine,"novelty_[0.7,1]",9,5,4,2.125529076979879,2.058160610256712,True,0.6245014725545038,1.1297055880228677,0.9098786142137316,0.19627243197325273,46.20057438413823,0.00020815113946039295
baselines,chemical_cluster,250,weighted_median,all,33440,3344,1975,2782.343188564992,1012.5588141842961,False,0.6368567738528145,0.9268442147777713,0.6272197804375396,0.19780812535211884,221956.86511208978,1.0
baselines,chemical_cluster,250,weighted_median,potency_lt4,10360,1036,617,818.9342623395673,280.80404787274347,False,1.8146907314228748,2.0888064671814672,2.0888064671814672,1.8146907314228748,36299.730764192434,0.16354407756597578
baselines,chemical_cluster,250,weighted_median,potency_ge4,23080,2308,1559,2141.272332721013,927.6002729621608,False,0.4065663748606645,0.4052701708045353,-0.028847727130358554,-0.1183251785676343,185657.13434789734,0.8364559224340242
baselines,chemical_cluster,250,weighted_median,potency_ge6_descriptive_tail,560,56,52,55.943540642841484,47.38653300749192,False,1.3769107961455564,1.3774563253012047,-1.3774563253012047,-1.3769107961455564,5565.977961432507,0.025076845262802072
baselines,chemical_cluster,250,weighted_median,"novelty_[0,0.2)",1764,545,481,260.2471674254856,186.967521891202,False,0.9264277383794453,1.440723164767915,1.1866124361391142,0.46706191730750923,9407.062970330664,0.042382392477835866
baselines,chemical_cluster,250,weighted_median,"novelty_[0.2,0.35)",30149,3314,1953,2665.4838885846516,1010.5229191678285,False,0.6128136225294699,0.8717262555812159,0.562505393893062,0.16959790752129628,204598.0979731648,0.9217921593452013
baselines,chemical_cluster,250,weighted_median,"novelty_[0.35,0.5)",1364,693,354,425.26842725768796,133.2519290271986,False,0.8943311684802839,1.3854802052785924,1.2133834310850438,0.5757758015798081,7254.299911537291,0.032683377051094226
baselines,chemical_cluster,250,weighted_median,"novelty_[0.5,0.7)",154,94,50,59.09790554359667,29.09665179183752,False,1.1347840048495292,1.734448051948052,1.6451623376623374,0.9250339698101363,651.2036826728706,0.0029339199864082065
baselines,chemical_cluster,250,weighted_median,"novelty_[0.7,1]",9,5,4,2.125529076979879,2.058160610256712,True,0.7044361860172941,1.517777777777778,1.517777777777778,0.7044361860172941,46.20057438413823,0.00020815113946039295
baselines,chemical_cluster,500,descriptor_lightgbm_rdkit_mordred,all,33440,3344,1975,2782.343188564992,1012.5588141842961,False,0.4955238779962265,0.5913841887032822,0.16340620317749888,-0.0772560590714609,221956.86511208978,1.0
baselines,chemical_cluster,500,descriptor_lightgbm_rdkit_mordred,potency_lt4,10360,1036,617,818.9342623395673,280.80404787274347,False,0.8277329591852721,0.9724068506856519,0.8981473784617616,0.7245847636578027,36299.730764192434,0.16354407756597578
baselines,chemical_cluster,500,descriptor_lightgbm_rdkit_mordred,potency_ge4,23080,2308,1559,2141.272332721013,927.6002729621608,False,0.43057027280923216,0.4203532191132757,-0.16639962766933653,-0.23403218342049245,185657.13434789734,0.8364559224340242
baselines,chemical_cluster,500,descriptor_lightgbm_rdkit_mordred,potency_ge6_descriptive_tail,560,56,52,55.943540642841484,47.38653300749192,False,1.2631250757509622,1.2652728181892192,-1.2652728181892192,-1.2631250757509622,5565.977961432507,0.025076845262802072
baselines,chemical_cluster,500,descriptor_lightgbm_rdkit_mordred,"novelty_[0,0.2)",874,248,222,107.22031867572848,66.35097831843801,False,0.7871920925477274,0.9265166574627569,0.4609100810801446,-0.04121740593373051,4272.717258989014,0.019250214481229322
baselines,chemical_cluster,500,descriptor_lightgbm_rdkit_mordred,"novelty_[0.2,0.35)",29771,3316,1959,2646.32996030378,1074.394334411485,False,0.48820544020689327,0.5794436158270257,0.14163547542800986,-0.08561779972903744,202800.10741270616,0.9136915288035388
baselines,chemical_cluster,500,descriptor_lightgbm_rdkit_mordred,"novelty_[0.35,0.5)",2497,909,458,560.3540201731031,165.36017398187488,False,0.5084724360436134,0.6132169723941662,0.2941209027999433,0.020235897817981314,13625.79548047083,0.061389385156389316
baselines,chemical_cluster,500,descriptor_lightgbm_rdkit_mordred,"novelty_[0.5,0.7)",285,133,69,80.9249314291307,33.98167709678785,False,0.5495032149868687,0.6185226004390266,0.3651814017692883,0.08978866989994408,1201.9449435659085,0.005415218596455297
baselines,chemical_cluster,500,descriptor_lightgbm_rdkit_mordred,"novelty_[0.7,1]",13,6,5,2.7797428935672577,2.664529116046611,True,0.4360134278559705,0.6164695104281557,0.4878223560406066,0.14645427306090825,56.30001635786919,0.0002536529623872516
baselines,chemical_cluster,500,native_affine,all,33440,3344,1975,2782.343188564992,1012.5588141842961,False,0.6246525690501425,0.8255156171226348,0.38548395118459383,0.004133859798987185,221956.86511208978,1.0
baselines,chemical_cluster,500,native_affine,potency_lt4,10360,1036,617,818.9342623395673,280.80404787274347,False,1.4127941614367818,1.673976970714952,1.6729512160257025,1.4111469865516597,36299.730764192434,0.16354407756597578
baselines,chemical_cluster,500,native_affine,potency_ge4,23080,2308,1559,2141.272332721013,927.6002729621608,False,0.4705549217489256,0.4446638136903815,-0.1924259649225934,-0.27096570942683185,185657.13434789734,0.8364559224340242
baselines,chemical_cluster,500,native_affine,potency_ge6_descriptive_tail,560,56,52,55.943540642841484,47.38653300749192,False,1.2688529960146289,1.2692556952835155,-1.2692556952835155,-1.2688529960146289,5565.977961432507,0.025076845262802072
baselines,chemical_cluster,500,native_affine,"novelty_[0,0.2)",874,248,222,107.22031867572848,66.35097831843801,False,1.0717295502895028,1.5457661759733399,1.3117003267509648,0.6324430404072465,4272.717258989014,0.019250214481229322
baselines,chemical_cluster,500,native_affine,"novelty_[0.2,0.35)",29771,3316,1959,2646.32996030378,1074.394334411485,False,0.6045673568097698,0.7794995042229373,0.3187941802031457,-0.02882951521446638,202800.10741270616,0.9136915288035388
baselines,chemical_cluster,500,native_affine,"novelty_[0.35,0.5)",2497,909,458,560.3540201731031,165.36017398187488,False,0.7545671047693728,1.061786748539511,0.7624890392967617,0.24383289971413796,13625.79548047083,0.061389385156389316
baselines,chemical_cluster,500,native_affine,"novelty_[0.5,0.7)",285,133,69,80.9249314291307,33.98167709678785,False,0.9458323867509522,1.3305983929215814,1.1717125759124756,0.595280792022054,1201.9449435659085,0.005415218596455297
baselines,chemical_cluster,500,native_affine,"novelty_[0.7,1]",13,6,5,2.7797428935672577,2.664529116046611,True,0.7457948856282398,1.3277542671790488,1.189422149658203,0.4263780108017657,56.30001635786919,0.0002536529623872516
baselines,chemical_cluster,500,weighted_median,all,33440,3344,1975,2782.343188564992,1012.5588141842961,False,0.6356615764176932,0.9252157757825561,0.6253156237389751,0.1960028001681013,221956.86511208978,1.0
baselines,chemical_cluster,500,weighted_median,potency_lt4,10360,1036,617,818.9342623395673,280.80404787274347,False,1.8131348436277441,2.0866824324324322,2.0866824324324322,1.8131348436277441,36299.730764192434,0.16354407756597578
baselines,chemical_cluster,500,weighted_median,potency_ge4,23080,2308,1559,2141.272332721013,927.6002729621608,False,0.4054416996977067,0.4038641916017623,-0.030653186402455547,-0.12017927381422401,185657.13434789734,0.8364559224340242
baselines,chemical_cluster,500,weighted_median,potency_ge6_descriptive_tail,560,56,52,55.943540642841484,47.38653300749192,False,1.377931014413764,1.3784563253012045,-1.3784563253012045,-1.377931014413764,5565.977961432507,0.025076845262802072
baselines,chemical_cluster,500,weighted_median,"novelty_[0,0.2)",874,248,222,107.22031867572848,66.35097831843801,False,1.1055039533485167,1.6555303823991618,1.3821469631385954,0.5641386208297415,4272.717258989014,0.019250214481229322
baselines,chemical_cluster,500,weighted_median,"novelty_[0.2,0.35)",29771,3316,1959,2646.32996030378,1074.394334411485,False,0.6073574761206946,0.8619916507250325,0.5494627847994713,0.16104975004460495,202800.10741270616,0.9136915288035388
baselines,chemical_cluster,500,weighted_median,"novelty_[0.35,0.5)",2497,909,458,560.3540201731031,165.36017398187488,False,0.8607028443466205,1.3247491206315047,1.141742669516673,0.5320060204640168,13625.79548047083,0.061389385156389316
baselines,chemical_cluster,500,weighted_median,"novelty_[0.5,0.7)",285,133,69,80.9249314291307,33.98167709678785,False,1.1752413188009165,1.7498245614035086,1.6499649122807019,0.9404783102621214,1201.9449435659085,0.005415218596455297
baselines,chemical_cluster,500,weighted_median,"novelty_[0.7,1]",13,6,5,2.7797428935672577,2.664529116046611,True,0.9493295680717098,1.7946153846153847,1.7946153846153847,0.9493295680717098,56.30001635786919,0.0002536529623872516
baselines,random,-1,descriptor_lightgbm_rdkit_mordred,all,33440,3344,1975,2782.343188564992,1012.5588141842961,False,0.4430354193912992,0.536924113930778,0.17451428843202135,-0.03495596309543243,221956.86511208978,1.0
baselines,random,-1,descriptor_lightgbm_rdkit_mordred,potency_lt4,10360,1036,617,818.9342623395673,280.80404787274347,False,0.7624732685511172,0.8878178952396966,0.7773847978527474,0.6152617735184313,36299.73076419243,0.16354407756597575
baselines,random,-1,descriptor_lightgbm_rdkit_mordred,potency_ge4,23080,2308,1559,2141.272332721013,927.600272962161,False,0.38057884878267584,0.3794171999636897,-0.09609829725249866,-0.16208670256358232,185657.13434789737,0.8364559224340243
baselines,random,-1,descriptor_lightgbm_rdkit_mordred,potency_ge6_descriptive_tail,560,56,52,55.943540642841484,47.38653300749192,False,1.1610218802368473,1.1625493556797595,-1.1625493556797595,-1.1610218802368473,5565.977961432507,0.025076845262802072
baselines,random,-1,descriptor_lightgbm_rdkit_mordred,"novelty_[0,0.2)",139,33,30,13.58931683504229,11.609276346346206,True,1.1055065198608287,1.21420819766432,0.8451615281509015,0.3183697843333713,551.4766677006157,0.0024846118971004394
baselines,random,-1,descriptor_lightgbm_rdkit_mordred,"novelty_[0.2,0.35)",15389,2220,1848,1444.0046341978143,1323.8337574646066,False,0.44229273036542294,0.529439099250576,0.14036013035530506,-0.05263416118185759,107833.18055148731,0.48582944482041945
baselines,random,-1,descriptor_lightgbm_rdkit_mordred,"novelty_[0.35,0.5)",13861,1768,661,1309.2532906201536,375.3888014514157,False,0.42979227149786897,0.5179491381221658,0.1631297488776836,-0.038399182126752564,91757.75214956132,0.4134035327234551
baselines,random,-1,descriptor_lightgbm_rdkit_mordred,"novelty_[0.5,0.7)",3673,447,181,329.1125123299685,110.15200018415534,False,0.47168774572071265,0.5798911263986021,0.29067516192461007,0.04578918268346034,19906.173138738304,0.0896848724579235
baselines,random,-1,descriptor_lightgbm_rdkit_mordred,"novelty_[0.7,1]",378,46,21,32.235820747557995,13.781931434588376,False,0.631452207011388,0.8708889450511983,0.6071084332628685,0.18516898367384083,1908.2826046022353,0.008597538101101487
baselines,random,-1,native_affine,all,33440,3344,1975,2782.343188564992,1012.5588141842961,False,0.6235374437610484,0.8235018748884869,0.38099746760668773,-0.00046982444300311903,221956.86511208978,1.0
baselines,random,-1,native_affine,potency_lt4,10360,1036,617,818.9342623395673,280.80404787274347,False,1.4079956473969908,1.6697429555364558,1.6690356325596913,1.4068241932634509,36299.73076419243,0.16354407756597575
baselines,random,-1,native_affine,potency_ge4,23080,2308,1559,2141.272332721013,927.600272962161,False,0.4701599735778281,0.44364669310716287,-0.19716871042247705,-0.27562431354051026,185657.13434789737,0.8364559224340243
baselines,random,-1,native_affine,potency_ge6_descriptive_tail,560,56,52,55.943540642841484,47.38653300749192,False,1.2828311224979796,1.2832979237438276,-1.2832979237438276,-1.2828311224979796,5565.977961432507,0.025076845262802072
baselines,random,-1,native_affine,"novelty_[0,0.2)",139,33,30,13.58931683504229,11.609276346346206,True,1.5999280921728825,1.9909624063368323,1.8556813954277862,1.3091948303451513,551.4766677006157,0.0024846118971004394
baselines,random,-1,native_affine,"novelty_[0.2,0.35)",15389,2220,1848,1444.0046341978143,1323.8337574646066,False,0.5898956094317273,0.7422861808759139,0.24957431679725015,-0.06829046526234724,107833.18055148731,0.48582944482041945
baselines,random,-1,native_affine,"novelty_[0.35,0.5)",13861,1768,661,1309.2532906201536,375.3888014514157,False,0.6207780034439835,0.81054072669877,0.37219185804792343,0.0014350014235393741,91757.75214956132,0.4134035327234551
baselines,random,-1,native_affine,"novelty_[0.5,0.7)",3673,447,181,329.1125123299685,110.15200018415534,False,0.7572493650334041,1.0956853727978906,0.8163412934741303,0.27424250922390314,19906.173138738304,0.0896848724579235
baselines,random,-1,native_affine,"novelty_[0.7,1]",378,46,21,32.235820747557995,13.781931434588376,False,0.9802753386822686,1.5311097810381933,1.2818611806284184,0.4962134695332868,1908.2826046022353,0.008597538101101487
baselines,random,-1,weighted_median,all,33440,3344,1975,2782.343188564992,1012.5588141842961,False,0.6327215518337704,0.9211404169308814,0.6191275256528506,0.1899281753986058,221956.86511208978,1.0
baselines,random,-1,weighted_median,potency_lt4,10360,1036,617,818.9342623395673,280.80404787274347,False,1.8054173912085123,2.07972972972973,2.07972972972973,1.8054173912085123,36299.73076419243,0.16354407756597575
baselines,random,-1,weighted_median,potency_ge4,23080,2308,1559,2141.272332721013,927.600272962161,False,0.4034357590356124,0.4010803961078282,-0.03649807375080913,-0.12593269249817435,185657.13434789737,0.8364559224340243
baselines,random,-1,weighted_median,potency_ge6_descriptive_tail,560,56,52,55.943540642841484,47.38653300749192,False,1.3842572783648637,1.3849206110154906,-1.3849206110154906,-1.3842572783648637,5565.977961432507,0.025076845262802072
baselines,random,-1,weighted_median,"novelty_[0,0.2)",139,33,30,13.58931683504229,11.609276346346206,True,1.518871478286619,2.079712230215827,1.8784172661870506,1.0221367223500482,551.4766677006157,0.0024846118971004394
baselines,random,-1,weighted_median,"novelty_[0.2,0.35)",15389,2220,1848,1444.0046341978143,1323.8337574646066,False,0.5673917899390492,0.7819707003985791,0.43867391588577975,0.09306921364107286,107833.18055148731,0.48582944482041945
baselines,random,-1,weighted_median,"novelty_[0.35,0.5)",13861,1768,661,1309.2532906201536,375.3888014514157,False,0.6465158982320746,0.9315106005147493,0.6419097876246346,0.21889777685991055,91757.75214956132,0.4134035327234551
baselines,random,-1,weighted_median,"novelty_[0.5,0.7)",3673,447,181,329.1125123299685,110.15200018415534,False,0.852560017262417,1.3337353661856794,1.1444350667029677,0.5090585550466934,19906.173138738304,0.0896848724579235
baselines,random,-1,weighted_median,"novelty_[0.7,1]",378,46,21,32.235820747557995,13.781931434588376,False,1.1117618290931215,1.7715079365079365,1.562830687830688,0.7007624777759511,1908.2826046022353,0.008597538101101487
baselines,random,25,descriptor_lightgbm_rdkit_mordred,all,33440,3344,1975,2782.343188564992,1012.5588141842961,False,0.6853826356066587,0.8891342682789011,0.36965218211781753,-0.044350531975525846,221956.86511208978,1.0
baselines,random,25,descriptor_lightgbm_rdkit_mordred,potency_lt4,10360,1036,617,818.9342623395673,280.80404787274347,False,1.514729531779185,1.7787041733632145,1.7755943469650899,1.5098905738051553,36299.73076419243,0.16354407756597575
baselines,random,25,descriptor_lightgbm_rdkit_mordred,potency_ge4,23080,2308,1559,2141.272332721013,927.600272962161,False,0.5232285166878113,0.4898299261353357,-0.26143797506666006,-0.3482361536115814,185657.13434789737,0.8364559224340243
baselines,random,25,descriptor_lightgbm_rdkit_mordred,potency_ge6_descriptive_tail,560,56,52,55.943540642841484,47.38653300749192,False,1.5699155131071736,1.5701726152146158,-1.5701726152146158,-1.5699155131071736,5565.977961432507,0.025076845262802072
baselines,random,25,descriptor_lightgbm_rdkit_mordred,"novelty_[0,0.2)",14899,3095,1914,1977.4106710997075,1113.7772051178385,False,0.7284594065973478,0.9768583522133415,0.47965118090482156,0.003502053384142946,95636.79879487268,0.43088011153237105
baselines,random,25,descriptor_lightgbm_rdkit_mordred,"novelty_[0.2,0.35)",18157,3132,1823,2190.1616239282966,714.6367645491518,False,0.6503712486870747,0.8115522212199543,0.2687948669544131,-0.08690729967732502,124260.38340344134,0.5598402344558658
baselines,random,25,descriptor_lightgbm_rdkit_mordred,"novelty_[0.35,0.5)",341,292,177,206.93073740020648,101.71445275663024,False,0.8046206345059772,1.1638551454410409,0.8731412123147615,0.29703745603316284,1838.8811295226067,0.008284858089854345
baselines,random,25,descriptor_lightgbm_rdkit_mordred,"novelty_[0.5,0.7)",36,32,26,25.40738001121387,22.135675011071687,False,0.7388861411607718,1.0562986381520814,0.7968963662294176,0.2880068321251057,190.83706083929783,0.0008597934591611923
baselines,random,25,descriptor_lightgbm_rdkit_mordred,"novelty_[0.7,1]",7,7,7,4.865114894765623,4.865114894765623,True,0.7297322624501497,1.1689007657566315,1.129743406287046,0.6382575264743067,29.96472341384881,0.00013500246274750913
baselines,random,25,native_affine,all,33440,3344,1975,2782.343188564992,1012.5588141842961,False,0.6452504852335663,0.8502275892742232,0.4082243370549229,0.02746244713543262,221956.86511208978,1.0
baselines,random,25,native_affine,potency_lt4,10360,1036,617,818.9342623395673,280.80404787274347,False,1.4390202295953505,1.6987346622741362,1.694024990438034,1.4315652133069128,36299.73076419243,0.16354407756597575
baselines,random,25,native_affine,potency_ge4,23080,2308,1559,2141.272332721013,927.600272962161,False,0.49005242020741097,0.46935526361221713,-0.16893748136141315,-0.24706808763935345,185657.13434789737,0.8364559224340243
baselines,random,25,native_affine,potency_ge6_descriptive_tail,560,56,52,55.943540642841484,47.38653300749192,False,1.2707008234171615,1.2707402818765166,-1.2486933351671021,-1.2485191147528056,5565.977961432507,0.025076845262802072
baselines,random,25,native_affine,"novelty_[0,0.2)",14899,3095,1914,1977.4106710997075,1113.7772051178385,False,0.6867297351426112,0.9414056462166228,0.5437075787802232,0.10868260223966585,95636.79879487268,0.43088011153237105
baselines,random,25,native_affine,"novelty_[0.2,0.35)",18157,3132,1823,2190.1616239282966,714.6367645491518,False,0.6111791017513507,0.7707093869273526,0.2887682953801076,-0.03949632442835452,124260.38340344134,0.5598402344558658
baselines,random,25,native_affine,"novelty_[0.35,0.5)",341,292,177,206.93073740020648,101.71445275663024,False,0.7712317552333545,1.0726493677435733,0.7990754011998779,0.2898028725363871,1838.8811295226067,0.008284858089854345
baselines,random,25,native_affine,"novelty_[0.5,0.7)",36,32,26,25.40738001121387,22.135675011071687,False,0.7946086616206043,1.0050156561533607,0.6991274303860133,0.2839689308379271,190.83706083929783,0.0008597934591611923
baselines,random,25,native_affine,"novelty_[0.7,1]",7,7,7,4.865114894765623,4.865114894765623,True,0.865938035423154,1.411932269505092,1.3576251929146903,0.7390723437621662,29.96472341384881,0.00013500246274750913
baselines,random,25,weighted_median,all,33440,3344,1975,2782.343188564992,1012.5588141842961,False,0.6600199974009334,0.9481541729117428,0.6365073103418459,0.20714882654958747,221956.86511208978,1.0
baselines,random,25,weighted_median,potency_lt4,10360,1036,617,818.9342623395673,280.80404787274347,False,1.8232044509281025,2.098088803088803,2.098088803088803,1.8232044509281025,36299.73076419243,0.16354407756597575
baselines,random,25,weighted_median,potency_ge4,23080,2308,1559,2141.272332721013,927.600272962161,False,0.43259387321542475,0.4319790096260257,-0.01955786577853871,-0.10882278569652906,185657.13434789737,0.8364559224340243
baselines,random,25,weighted_median,potency_ge6_descriptive_tail,560,56,52,55.943540642841484,47.38653300749192,False,1.362271978060476,1.3631884681583475,-1.3631884681583475,-1.362271978060476,5565.977961432507,0.025076845262802072
baselines,random,25,weighted_median,"novelty_[0,0.2)",14899,3095,1914,1977.4106710997075,1113.7772051178385,False,0.7120887826390983,1.050088632939706,0.7419658673623281,0.24986872944821076,95636.79879487268,0.43088011153237105
baselines,random,25,weighted_median,"novelty_[0.2,0.35)",18157,3132,1823,2190.1616239282966,714.6367645491518,False,0.6161984611356642,0.8559189293385472,0.5382877127278737,0.16799223253801293,124260.38340344134,0.5598402344558658
baselines,random,25,weighted_median,"novelty_[0.35,0.5)",341,292,177,206.93073740020648,101.71445275663024,False,0.8860335233487286,1.3567008797653959,1.192067448680352,0.5866137948331109,1838.8811295226067,0.008284858089854345
baselines,random,25,weighted_median,"novelty_[0.5,0.7)",36,32,26,25.40738001121387,22.135675011071687,False,0.8337324729687601,1.2494444444444444,1.0444444444444445,0.4787487103423491,190.83706083929783,0.0008597934591611923
baselines,random,25,weighted_median,"novelty_[0.7,1]",7,7,7,4.865114894765623,4.865114894765623,True,1.2215527688267291,1.7814285714285716,1.7814285714285716,1.2215527688267291,29.96472341384881,0.00013500246274750913
baselines,random,50,descriptor_lightgbm_rdkit_mordred,all,33440,3344,1975,2782.343188564992,1012.5588141842961,False,0.649519655398453,0.8454390749172447,0.3593285621837118,-0.029055047747926232,221956.86511208978,1.0
baselines,random,50,descriptor_lightgbm_rdkit_mordred,potency_lt4,10360,1036,617,818.9342623395673,280.80404787274347,False,1.4260381929326955,1.678941270490691,1.6736172290104234,1.4180857625914658,36299.73076419243,0.16354407756597575
baselines,random,50,descriptor_lightgbm_rdkit_mordred,potency_ge4,23080,2308,1559,2141.272332721013,927.600272962161,False,0.49769455077803,0.47130204085568067,-0.23062077006606005,-0.31200039201225843,185657.13434789737,0.8364559224340243
baselines,random,50,descriptor_lightgbm_rdkit_mordred,potency_ge6_descriptive_tail,560,56,52,55.943540642841484,47.38653300749192,False,1.507900393812585,1.509105867438644,-1.509105867438644,-1.507900393812585,5565.977961432507,0.025076845262802072
baselines,random,50,descriptor_lightgbm_rdkit_mordred,"novelty_[0,0.2)",8862,2305,1627,1302.6744960330557,898.3106258246687,False,0.7278757492652966,0.9996196475311265,0.5423054218018828,0.04497850452028321,55289.26566247369,0.24909914651458165
baselines,random,50,descriptor_lightgbm_rdkit_mordred,"novelty_[0.2,0.35)",23821,3238,1891,2417.674621555246,822.563806553315,False,0.6202918020731052,0.7819463669721274,0.28019940225661727,-0.06024996055058378,162428.4372273831,0.7318018171925235
baselines,random,50,descriptor_lightgbm_rdkit_mordred,"novelty_[0.35,0.5)",660,525,275,373.7478757680769,137.01922395444473,False,0.7411166195990261,1.0285326562249952,0.6915937957258351,0.19176309790690427,3728.659843548751,0.01679902913417772
baselines,random,50,descriptor_lightgbm_rdkit_mordred,"novelty_[0.5,0.7)",83,69,51,47.09279923642641,35.66917566860477,False,0.7834993080965966,1.0880796076420596,0.7872355057654298,0.22825766012541465,427.54138199127254,0.0019262363512629408
baselines,random,50,descriptor_lightgbm_rdkit_mordred,"novelty_[0.7,1]",14,13,11,8.038496669185136,6.338117408599976,True,0.8468157540876161,1.2119129018564538,0.9724327216125026,0.45686743553105563,82.96099669294384,0.00037377080745417784
baselines,random,50,native_affine,all,33440,3344,1975,2782.343188564992,1012.5588141842961,False,0.6323275799771422,0.8399998927102719,0.4068131634873905,0.021735208644758388,221956.86511208978,1.0
baselines,random,50,native_affine,potency_lt4,10360,1036,617,818.9342623395673,280.80404787274347,False,1.4466041555086344,1.7099055688767821,1.708286682348914,1.4439006418645626,36299.73076419243,0.16354407756597575
baselines,random,50,native_affine,potency_ge4,23080,2308,1559,2141.272332721013,927.600272962161,False,0.47312001403467807,0.44952230150208095,-0.17738378865322416,-0.25632694344729573,185657.13434789737,0.8364559224340243
baselines,random,50,native_affine,potency_ge6_descriptive_tail,560,56,52,55.943540642841484,47.38653300749192,False,1.2944325776335739,1.294720621112497,-1.2861710800699853,-1.2858307775240845,5565.977961432507,0.025076845262802072
baselines,random,50,native_affine,"novelty_[0,0.2)",8862,2305,1627,1302.6744960330557,898.3106258246687,False,0.7012664074910172,0.9986261836322421,0.6371945124173369,0.15583323999732235,55289.26566247369,0.24909914651458165
baselines,random,50,native_affine,"novelty_[0.2,0.35)",23821,3238,1891,2417.674621555246,822.563806553315,False,0.6058523019776909,0.7741265748157385,0.31048235101610927,-0.02911365866193731,162428.4372273831,0.7318018171925235
baselines,random,50,native_affine,"novelty_[0.35,0.5)",660,525,275,373.7478757680769,137.01922395444473,False,0.7353159495721551,1.0397330990126639,0.7227579217679573,0.20947648208939526,3728.659843548751,0.01679902913417772
baselines,random,50,native_affine,"novelty_[0.5,0.7)",83,69,51,47.09279923642641,35.66917566860477,False,0.8023707386821833,1.1217461086181273,0.8441992953886468,0.29986844180768996,427.54138199127254,0.0019262363512629408
baselines,random,50,native_affine,"novelty_[0.7,1]",14,13,11,8.038496669185136,6.338117408599976,True,1.0186753564332365,1.426661559513637,0.9946831812177385,0.33734806326758315,82.96099669294384,0.00037377080745417784
baselines,random,50,weighted_median,all,33440,3344,1975,2782.343188564992,1012.5588141842961,False,0.6434932648329627,0.9363503451605466,0.6413042601026113,0.21183282438061146,221956.86511208978,1.0
baselines,random,50,weighted_median,potency_lt4,10360,1036,617,818.9342623395673,280.80404787274347,False,1.8274067697420864,2.1025617760617763,2.1025617760617763,1.8274067697420864,36299.73076419243,0.16354407756597575
baselines,random,50,weighted_median,potency_ge4,23080,2308,1559,2141.272332721013,927.600272962161,False,0.41201419117796534,0.4128689576329582,-0.01461549142845212,-0.10404460985993193,185657.13434789737,0.8364559224340243
baselines,random,50,weighted_median,potency_ge6_descriptive_tail,560,56,52,55.943540642841484,47.38653300749192,False,1.363360473197698,1.3641884681583478,-1.3641884681583478,-1.363360473197698,5565.977961432507,0.025076845262802072
baselines,random,50,weighted_median,"novelty_[0,0.2)",8862,2305,1627,1302.6744960330557,898.3106258246687,False,0.7313122209044544,1.1141364238266538,0.8268588368368532,0.2854945882025349,55289.26566247369,0.24909914651458165
baselines,random,50,weighted_median,"novelty_[0.2,0.35)",23821,3238,1891,2417.674621555246,822.563806553315,False,0.6086801915000284,0.8587478927927822,0.5577459571715349,0.17959707954480278,162428.4372273831,0.7318018171925235
baselines,random,50,weighted_median,"novelty_[0.35,0.5)",660,525,275,373.7478757680769,137.01922395444473,False,0.8222652724954537,1.2786060606060605,1.0791212121212121,0.4776545418272618,3728.659843548751,0.01679902913417772
baselines,random,50,weighted_median,"novelty_[0.5,0.7)",83,69,51,47.09279923642641,35.66917566860477,False,0.8924525918633156,1.4106626506024096,1.2162048192771084,0.5260392111259657,427.54138199127254,0.0019262363512629408
baselines,random,50,weighted_median,"novelty_[0.7,1]",14,13,11,8.038496669185136,6.338117408599976,True,0.9589075474014048,1.4914285714285715,1.3114285714285714,0.6674906964551969,82.96099669294384,0.00037377080745417784
baselines,random,100,descriptor_lightgbm_rdkit_mordred,all,33440,3344,1975,2782.343188564992,1012.5588141842961,False,0.6040857850816923,0.7519737924520278,0.24206291836655808,-0.09414067339788215,221956.86511208978,1.0
baselines,random,100,descriptor_lightgbm_rdkit_mordred,potency_lt4,10360,1036,617,818.9342623395673,280.80404787274347,False,1.1541505145713855,1.377947245318946,1.360539789697582,1.1283046080703412,36299.73076419243,0.16354407756597575
baselines,random,100,descriptor_lightgbm_rdkit_mordred,potency_ge4,23080,2308,1559,2141.272332721013,927.600272962161,False,0.4965369873827132,0.47099090806289134,-0.2599916911217178,-0.33315348993797805,185657.13434789737,0.8364559224340243
baselines,random,100,descriptor_lightgbm_rdkit_mordred,potency_ge6_descriptive_tail,560,56,52,55.943540642841484,47.38653300749192,False,1.394055786378151,1.3948139224365848,-1.3948139224365848,-1.394055786378151,5565.977961432507,0.025076845262802072
baselines,random,100,descriptor_lightgbm_rdkit_mordred,"novelty_[0,0.2)",4630,1353,1105,713.5690245510146,548.3624601711076,False,0.7249896743866583,0.9655120952637886,0.4947816141340528,0.002008976464497367,27486.312859975253,0.12383628164010367
baselines,random,100,descriptor_lightgbm_rdkit_mordred,"novelty_[0.2,0.35)",27261,3291,1935,2562.875672542222,941.4548230775092,False,0.5848333593784248,0.7103589228283425,0.18461113427102552,-0.11606485157152972,185848.86326979374,0.8373197340660707
baselines,random,100,descriptor_lightgbm_rdkit_mordred,"novelty_[0.35,0.5)",1340,863,388,555.502951987439,152.52143777914435,False,0.6241918821534976,0.8323285236908342,0.4707900826886407,0.05268850889979079,7619.212241083416,0.03432744572796007
baselines,random,100,descriptor_lightgbm_rdkit_mordred,"novelty_[0.5,0.7)",188,152,89,100.16348491597546,47.44462567534951,False,0.7010893186097269,0.9272994169943983,0.6668829835985653,0.21273639052557583,889.09920352188,0.004005729685688607
baselines,random,100,descriptor_lightgbm_rdkit_mordred,"novelty_[0.7,1]",21,18,12,9.355981891410684,6.812761462936241,True,0.7399232683797855,0.9969291028743926,0.7061082693001163,0.2605801892047612,113.37753771548213,0.0005108088801769014
baselines,random,100,native_affine,all,33440,3344,1975,2782.343188564992,1012.5588141842961,False,0.627685870422056,0.8325703212329377,0.3915843310562886,0.005207285316881598,221956.86511208978,1.0
baselines,random,100,native_affine,potency_lt4,10360,1036,617,818.9342623395673,280.80404787274347,False,1.4346140537436567,1.6982009797703803,1.6971872203506555,1.432899468091444,36299.73076419243,0.16354407756597575
baselines,random,100,native_affine,potency_ge4,23080,2308,1559,2141.272332721013,927.600272962161,False,0.46991506401865096,0.44401167208008213,-0.1944661859753252,-0.27393545827273874,185657.13434789737,0.8364559224340243
baselines,random,100,native_affine,potency_ge6_descriptive_tail,560,56,52,55.943540642841484,47.38653300749192,False,1.2958688929318178,1.296286359948874,-1.2949822541902072,-1.2945568158271044,5565.977961432507,0.025076845262802072
baselines,random,100,native_affine,"novelty_[0,0.2)",4630,1353,1105,713.5690245510146,548.3624601711076,False,0.7513898267331238,1.0995517301913829,0.7728045355337385,0.23412958295273759,27486.312859975253,0.12383628164010367
baselines,random,100,native_affine,"novelty_[0.2,0.35)",27261,3291,1935,2562.875672542222,941.4548230775092,False,0.6038818793879317,0.7745637019226227,0.30766857219551313,-0.03763411084567527,185848.86326979374,0.8373197340660707
baselines,random,100,native_affine,"novelty_[0.35,0.5)",1340,863,388,555.502951987439,152.52143777914435,False,0.7324311825083729,1.0341583288747873,0.6933575900704113,0.17077385655403943,7619.212241083416,0.03432744572796007
baselines,random,100,native_affine,"novelty_[0.5,0.7)",188,152,89,100.16348491597546,47.44462567534951,False,0.8386219146736797,1.1680414723335428,0.9445112374488344,0.4140287339197976,889.09920352188,0.004005729685688607
baselines,random,100,native_affine,"novelty_[0.7,1]",21,18,12,9.355981891410684,6.812761462936241,True,0.9642533914687252,1.4039045542762392,1.0702286211649574,0.4005696696297027,113.37753771548213,0.0005108088801769014
baselines,random,100,weighted_median,all,33440,3344,1975,2782.343188564992,1012.5588141842961,False,0.6380273939679455,0.9276662841557618,0.626212902447109,0.19683564710755408,221956.86511208978,1.0
baselines,random,100,weighted_median,potency_lt4,10360,1036,617,818.9342623395673,280.80404787274347,False,1.8122122611657758,2.087095077220077,2.087095077220077,1.8122122611657758,36299.73076419243,0.16354407756597575
baselines,random,100,weighted_median,potency_ge4,23080,2308,1559,2141.272332721013,927.600272962161,False,0.4084504660659935,0.407229442901589,-0.029538368378192188,-0.11900320486571139,185657.13434789737,0.8364559224340243
baselines,random,100,weighted_median,potency_ge6_descriptive_tail,560,56,52,55.943540642841484,47.38653300749192,False,1.3742878656102795,1.3750813253012049,-1.3750813253012049,-1.3742878656102795,5565.977961432507,0.025076845262802072
baselines,random,100,weighted_median,"novelty_[0,0.2)",4630,1353,1105,713.5690245510146,548.3624601711076,False,0.7885086103527572,1.2197070051263368,0.9394247443337063,0.3326909120182334,27486.312859975253,0.12383628164010367
baselines,random,100,weighted_median,"novelty_[0.2,0.35)",27261,3291,1935,2562.875672542222,941.4548230775092,False,0.6074567196033044,0.8579959322267612,0.5468920029186848,0.16379048725270037,185848.86326979374,0.8373197340660707
baselines,random,100,weighted_median,"novelty_[0.35,0.5)",1340,863,388,555.502951987439,152.52143777914435,False,0.7968451204562863,1.2477238805970148,1.0430746268656714,0.44559371399399156,7619.212241083416,0.03432744572796007
baselines,random,100,weighted_median,"novelty_[0.5,0.7)",188,152,89,100.16348491597546,47.44462567534951,False,0.9762882554197189,1.4877925531914895,1.352473404255319,0.7014193020877902,889.09920352188,0.004005729685688607
baselines,random,100,weighted_median,"novelty_[0.7,1]",21,18,12,9.355981891410684,6.812761462936241,True,0.9426543896901238,1.5445238095238096,1.438809523809524,0.7549677764165915,113.37753771548213,0.0005108088801769014
baselines,random,250,descriptor_lightgbm_rdkit_mordred,all,33440,3344,1975,2782.343188564992,1012.5588141842961,False,0.5405036129760844,0.6448082100097514,0.16268006514064118,-0.10764567747535168,221956.86511208978,1.0
baselines,random,250,descriptor_lightgbm_rdkit_mordred,potency_lt4,10360,1036,617,818.9342623395673,280.80404787274347,False,0.9066091158669772,1.074253763029235,1.0193506164445423,0.8277347306887237,36299.73076419243,0.16354407756597575
baselines,random,250,descriptor_lightgbm_rdkit_mordred,potency_ge4,23080,2308,1559,2141.272332721013,927.600272962161,False,0.46892257068052773,0.45204148863705423,-0.22185662946544266,-0.2905314959908463,185657.13434789737,0.8364559224340243
baselines,random,250,descriptor_lightgbm_rdkit_mordred,potency_ge6_descriptive_tail,560,56,52,55.943540642841484,47.38653300749192,False,1.313838291615402,1.3152817503513117,-1.3152817503513117,-1.313838291615402,5565.977961432507,0.025076845262802072
baselines,random,250,descriptor_lightgbm_rdkit_mordred,"novelty_[0,0.2)",1669,508,453,243.75696544264298,182.97908976750932,False,0.716282517181187,0.9064672934326334,0.4544668715998681,-0.01684313599055985,9098.461750844672,0.040992026744700524
baselines,random,250,descriptor_lightgbm_rdkit_mordred,"novelty_[0.2,0.35)",28218,3312,1956,2616.9581018032404,1110.135749181254,False,0.5316441165580452,0.6269140798330488,0.12903751278633288,-0.12093829127414549,192711.1884969783,0.8682371162507535
baselines,random,250,descriptor_lightgbm_rdkit_mordred,"novelty_[0.35,0.5)",3023,1353,539,850.3172665894936,197.8619862874707,False,0.541687894832995,0.6577765919345991,0.272798674971711,-0.0351091516097266,17561.160472665906,0.07911969951367531
baselines,random,250,descriptor_lightgbm_rdkit_mordred,"novelty_[0.5,0.7)",478,281,144,183.67871833298395,58.81108254914013,False,0.5632732427232557,0.6760821053071964,0.3844945446551123,0.06437978511441535,2338.9647050638437,0.010537924582250025
baselines,random,250,descriptor_lightgbm_rdkit_mordred,"novelty_[0.7,1]",52,32,17,18.201300561248594,10.722550882820407,True,0.6779100911876116,0.9154854135176144,0.6130162887210479,0.13228702640728987,247.08968653705264,0.0011132329086206484
baselines,random,250,native_affine,all,33440,3344,1975,2782.343188564992,1012.5588141842961,False,0.6263383073748695,0.826850807661219,0.38045804685482404,-0.0032266068384975252,221956.86511208978,1.0
baselines,random,250,native_affine,potency_lt4,10360,1036,617,818.9342623395673,280.80404787274347,False,1.414822417910956,1.6774737419631032,1.6767178384631756,1.41350073212074,36299.73076419243,0.16354407756597575
baselines,random,250,native_affine,potency_ge4,23080,2308,1559,2141.272332721013,927.600272962161,False,0.4721736908367826,0.4450287279659193,-0.20139860137145527,-0.2802255013389583,185657.13434789737,0.8364559224340243
baselines,random,250,native_affine,potency_ge6_descriptive_tail,560,56,52,55.943540642841484,47.38653300749192,False,1.3012763623588615,1.3018014312898438,-1.3018014312898438,-1.3012763623588615,5565.977961432507,0.025076845262802072
baselines,random,250,native_affine,"novelty_[0,0.2)",1669,508,453,243.75696544264298,182.97908976750932,False,0.8925738496876542,1.3214278324531892,1.0564479023708708,0.4395830785074321,9098.461750844672,0.040992026744700524
baselines,random,250,native_affine,"novelty_[0.2,0.35)",28218,3312,1956,2616.9581018032404,1110.135749181254,False,0.6031042009730232,0.773053849374001,0.30243377068951954,-0.04225814089269754,192711.1884969783,0.8682371162507535
baselines,random,250,native_affine,"novelty_[0.35,0.5)",3023,1353,539,850.3172665894936,197.8619862874707,False,0.7076601841677054,0.9845205780078845,0.6302216715986174,0.1394248782468034,17561.160472665906,0.07911969951367531
baselines,random,250,native_affine,"novelty_[0.5,0.7)",478,281,144,183.67871833298395,58.81108254914013,False,0.8528457255569822,1.2040192472785087,0.9547652565784535,0.3729630682681061,2338.9647050638437,0.010537924582250025
baselines,random,250,native_affine,"novelty_[0.7,1]",52,32,17,18.201300561248594,10.722550882820407,True,1.0198754736530193,1.5128370514282812,1.22483635700666,0.4334825865038271,247.08968653705264,0.0011132329086206484
baselines,random,250,weighted_median,all,33440,3344,1975,2782.343188564992,1012.5588141842961,False,0.6350791834200585,0.9219914934859053,0.6155144873753386,0.18618824613486434,221956.86511208978,1.0
baselines,random,250,weighted_median,potency_lt4,10360,1036,617,818.9342623395673,280.80404787274347,False,1.801435291542687,2.0762818532818534,2.0762818532818534,1.801435291542687,36299.73076419243,0.16354407756597575
baselines,random,250,weighted_median,potency_ge4,23080,2308,1559,2141.272332721013,927.600272962161,False,0.4070329365104943,0.4038611586728195,-0.0401852487941367,-0.12962527254247652,185657.13434789737,0.8364559224340243
baselines,random,250,weighted_median,potency_ge6_descriptive_tail,560,56,52,55.943540642841484,47.38653300749192,False,1.3893866802307848,1.3901706110154908,-1.3901706110154908,-1.3893866802307848,5565.977961432507,0.025076845262802072
baselines,random,250,weighted_median,"novelty_[0,0.2)",1669,508,453,243.75696544264298,182.97908976750932,False,0.9181396009311381,1.4249905433597783,1.1556625423202698,0.44083538449848186,9098.461750844672,0.040992026744700524
baselines,random,250,weighted_median,"novelty_[0.2,0.35)",28218,3312,1956,2616.9581018032404,1110.135749181254,False,0.6039629414576645,0.8518375778256552,0.5314351558904126,0.14787551720738376,192711.1884969783,0.8682371162507535
baselines,random,250,weighted_median,"novelty_[0.35,0.5)",3023,1353,539,850.3172665894936,197.8619862874707,False,0.775715063124905,1.1915790784706806,0.9708886688002423,0.40527594913767934,17561.160472665906,0.07911969951367531
baselines,random,250,weighted_median,"novelty_[0.5,0.7)",478,281,144,183.67871833298395,58.81108254914013,False,0.9916109598511559,1.5106380753138076,1.3397594142259417,0.6485528766300701,2338.9647050638437,0.010537924582250025
baselines,random,250,weighted_median,"novelty_[0.7,1]",52,32,17,18.201300561248594,10.722550882820407,True,1.1101661725114154,1.7635576923076923,1.5877884615384614,0.7426882689511469,247.08968653705264,0.0011132329086206484
baselines,random,500,descriptor_lightgbm_rdkit_mordred,all,33440,3344,1975,2782.343188564992,1012.5588141842961,False,0.49388527860349335,0.5893116082731005,0.1602552700584296,-0.07945914762405791,221956.86511208978,1.0
baselines,random,500,descriptor_lightgbm_rdkit_mordred,potency_lt4,10360,1036,617,818.9342623395673,280.80404787274347,False,0.8222934243456262,0.9667208280285521,0.8912858095095486,0.7170421761499121,36299.73076419243,0.16354407756597575
baselines,random,500,descriptor_lightgbm_rdkit_mordred,potency_ge4,23080,2308,1559,2141.272332721013,927.600272962161,False,0.4296748332948394,0.419902617083045,-0.16788495475585077,-0.23519129176099784,185657.13434789737,0.8364559224340243
baselines,random,500,descriptor_lightgbm_rdkit_mordred,potency_ge6_descriptive_tail,560,56,52,55.943540642841484,47.38653300749192,False,1.2671649445285804,1.268942239750275,-1.268942239750275,-1.2671649445285804,5565.977961432507,0.025076845262802072
baselines,random,500,descriptor_lightgbm_rdkit_mordred,"novelty_[0,0.2)",791,228,208,100.9679342229769,67.03130099779212,False,0.7541701594082866,0.9115228915013881,0.4796003037771665,0.013795666692419516,3983.6855179592612,0.017948016683095033
baselines,random,500,descriptor_lightgbm_rdkit_mordred,"novelty_[0.2,0.35)",26439,3298,1962,2535.0113115565728,1259.09082363108,False,0.48558835837812836,0.5740563053969887,0.12861817551851934,-0.09302684028127516,181680.64064266378,0.8185403075994688
baselines,random,500,descriptor_lightgbm_rdkit_mordred,"novelty_[0.35,0.5)",5240,1670,624,1061.8001243930923,238.07762555120541,False,0.5049602999656843,0.6079640976726579,0.23378139522422986,-0.03448974040030862,31504.368191287358,0.14193914738964
baselines,random,500,descriptor_lightgbm_rdkit_mordred,"novelty_[0.5,0.7)",876,374,168,240.59017783038843,67.63688517010868,False,0.5070094252852926,0.6144556521813868,0.3415301620002253,0.05662013904384923,4304.384432040026,0.01939288712636251
baselines,random,500,descriptor_lightgbm_rdkit_mordred,"novelty_[0.7,1]",94,41,20,24.09284120903765,10.791493156157426,False,0.6284358943022748,0.8946371485986631,0.5834203728175938,0.10867951992807526,483.7863281393451,0.0021796412014335738
baselines,random,500,native_affine,all,33440,3344,1975,2782.343188564992,1012.5588141842961,False,0.6242507244725477,0.8252801796977902,0.3820108653850231,-0.001293893130524367,221956.86511208978,1.0
baselines,random,500,native_affine,potency_lt4,10360,1036,617,818.9342623395673,280.80404787274347,False,1.4152687624213844,1.67767495758377,1.6770142782286785,1.4141098865655517,36299.73076419243,0.16354407756597575
baselines,random,500,native_affine,potency_ge4,23080,2308,1559,2141.272332721013,927.600272962161,False,0.46959067379355407,0.4426627664006174,-0.19928182772850703,-0.2780340049826805,185657.13434789737,0.8364559224340243
baselines,random,500,native_affine,potency_ge6_descriptive_tail,560,56,52,55.943540642841484,47.38653300749192,False,1.2978401194375024,1.2983466609291696,-1.2983466609291696,-1.2978401194375024,5565.977961432507,0.025076845262802072
baselines,random,500,native_affine,"novelty_[0,0.2)",791,228,208,100.9679342229769,67.03130099779212,False,1.0526882045052588,1.5184415278091141,1.3043423933566896,0.6635102763100122,3983.6855179592612,0.017948016683095033
baselines,random,500,native_affine,"novelty_[0.2,0.35)",26439,3298,1962,2535.0113115565728,1259.09082363108,False,0.5971615801360007,0.7646546925973419,0.29394749545919213,-0.04480539485534529,181680.64064266378,0.8185403075994688
baselines,random,500,native_affine,"novelty_[0.35,0.5)",5240,1670,624,1061.8001243930923,238.07762555120541,False,0.6910789726303402,0.9484475574055735,0.5705488689110446,0.10376197517235125,31504.368191287358,0.14193914738964
baselines,random,500,native_affine,"novelty_[0.5,0.7)",876,374,168,240.59017783038843,67.63688517010868,False,0.8441643842393349,1.2202467478682464,0.9907505807811268,0.4044564194846028,4304.384432040026,0.01939288712636251
baselines,random,500,native_affine,"novelty_[0.7,1]",94,41,20,24.09284120903765,10.791493156157426,False,0.9608419724300847,1.4976084157253835,1.2069903300670866,0.4133575146449764,483.7863281393451,0.0021796412014335738
baselines,random,500,weighted_median,all,33440,3344,1975,2782.343188564992,1012.5588141842961,False,0.6336957568543485,0.9225113798495417,0.6212135005332334,0.19187480055477077,221956.86511208978,1.0
baselines,random,500,weighted_median,potency_lt4,10360,1036,617,818.9342623395673,280.80404787274347,False,1.8073060013697637,2.0821472007722006,2.0821472007722006,1.8073060013697637,36299.73076419243,0.16354407756597575
baselines,random,500,weighted_median,potency_ge4,23080,2308,1559,2141.272332721013,927.600272962161,False,0.40423117932738173,0.40198160927940535,-0.03456089870748155,-0.12397472423524938,185657.13434789737,0.8364559224340243
baselines,random,500,weighted_median,potency_ge6_descriptive_tail,560,56,52,55.943540642841484,47.38653300749192,False,1.3875406310833176,1.3882956110154905,-1.3882956110154905,-1.3875406310833176,5565.977961432507,0.025076845262802072
baselines,random,500,weighted_median,"novelty_[0,0.2)",791,228,208,100.9679342229769,67.03130099779212,False,1.0740462483750066,1.6261125158027814,1.3672882427307207,0.5804085274026078,3983.6855179592612,0.017948016683095033
baselines,random,500,weighted_median,"novelty_[0.2,0.35)",26439,3298,1962,2535.0113115565728,1259.09082363108,False,0.5949284920226325,0.8371668701357113,0.5172958553834082,0.14220106648093228,181680.64064266378,0.8185403075994688
baselines,random,500,weighted_median,"novelty_[0.35,0.5)",5240,1670,624,1061.8001243930923,238.07762555120541,False,0.7482361761312302,1.1336785615745424,0.8924034994941599,0.3553829378148794,31504.368191287358,0.14193914738964
baselines,random,500,weighted_median,"novelty_[0.5,0.7)",876,374,168,240.59017783038843,67.63688517010868,False,0.9787633485909945,1.5155308219178083,1.363841324200913,0.6752475716823265,4304.384432040026,0.01939288712636251
baselines,random,500,weighted_median,"novelty_[0.7,1]",94,41,20,24.09284120903765,10.791493156157426,False,1.0372138221285028,1.7084042553191483,1.533510638297872,0.6985382696962835,483.7863281393451,0.0021796412014335738
strict,strict_chemical,-1,descriptor_lightgbm_rdkit_mordred,all,33440,3344,1975,2782.343188564992,1012.5588141842961,False,0.4509024605742474,0.5577404900289821,0.21252408422594213,-0.014044443144331243,221956.86511208978,1.0
strict,strict_chemical,-1,descriptor_lightgbm_rdkit_mordred,potency_lt4,10360,1036,617,818.9342623395673,280.80404787274347,False,0.8195114801641086,0.9579572479376297,0.8811836110470121,0.7145757426224325,36299.730764192434,0.16354407756597578
strict,strict_chemical,-1,descriptor_lightgbm_rdkit_mordred,potency_ge4,23080,2308,1559,2141.272332721013,927.6002729621608,False,0.37883193004838156,0.3780937997372321,-0.08761944687744977,-0.15650444968050853,185657.13434789734,0.8364559224340242
strict,strict_chemical,-1,descriptor_lightgbm_rdkit_mordred,potency_ge6_descriptive_tail,560,56,52,55.943540642841484,47.38653300749192,False,1.2108061921688635,1.2126049084745514,-1.2126049084745514,-1.2108061921688635,5565.977961432507,0.025076845262802072
strict,strict_chemical,-1,descriptor_lightgbm_rdkit_mordred,"novelty_[0,0.2)",240,40,33,17.478045943933473,8.90936641423106,True,1.1863728553202872,1.1665726310396958,0.5270430591004766,-0.10347137273679499,1118.731295673531,0.005040309499364048
strict,strict_chemical,-1,descriptor_lightgbm_rdkit_mordred,"novelty_[0.2,0.35)",33200,3324,1962,2768.577961286469,1006.7110316707309,False,0.44717668308543856,0.5533392938289047,0.21025045308227075,-0.013591420366597355,220838.13381641626,0.9949596905006359
strict,strict_chemical,-1,descriptor_lightgbm_rdkit_mordred,"novelty_[0.35,0.5)",0,0,0,0.0,0.0,True,,,,,0.0,0.0
strict,strict_chemical,-1,descriptor_lightgbm_rdkit_mordred,"novelty_[0.5,0.7)",0,0,0,0.0,0.0,True,,,,,0.0,0.0
strict,strict_chemical,-1,descriptor_lightgbm_rdkit_mordred,"novelty_[0.7,1]",0,0,0,0.0,0.0,True,,,,,0.0,0.0
strict,strict_chemical,-1,head_pretrained,all,33440,3344,1975,2782.343188564992,1012.5588141842961,False,0.5084910029159868,0.6672779984698074,0.35335390490782903,0.07827865498860048,221956.86511208978,1.0
strict,strict_chemical,-1,head_pretrained,potency_lt4,10360,1036,617,818.9342623395673,280.80404787274347,False,1.131478237920823,1.2948344981099646,1.2433641940608449,1.072166459221861,36299.730764192434,0.16354407756597578
strict,strict_chemical,-1,head_pretrained,potency_ge4,23080,2308,1559,2141.272332721013,927.6002729621608,False,0.3866843781415893,0.3855845263609672,-0.04614811396674819,-0.11604654468768308,185657.13434789734,0.8364559224340242
strict,strict_chemical,-1,head_pretrained,potency_ge6_descriptive_tail,560,56,52,55.943540642841484,47.38653300749192,False,1.174575222203903,1.175258449114607,-1.175258449114607,-1.174575222203903,5565.977961432507,0.025076845262802072
strict,strict_chemical,-1,head_pretrained,"novelty_[0,0.2)",240,40,33,17.478045943933473,8.90936641423106,True,1.0059099349708696,1.1458470655613477,0.633636004401578,0.05267647841626867,1118.731295673531,0.005040309499364048
strict,strict_chemical,-1,head_pretrained,"novelty_[0.2,0.35)",33200,3324,1962,2768.577961286469,1006.7110316707309,False,0.5059711567429842,0.6638184630450492,0.35132776924883813,0.07840835159341167,220838.13381641626,0.9949596905006359
strict,strict_chemical,-1,head_pretrained,"novelty_[0.35,0.5)",0,0,0,0.0,0.0,True,,,,,0.0,0.0
strict,strict_chemical,-1,head_pretrained,"novelty_[0.5,0.7)",0,0,0,0.0,0.0,True,,,,,0.0,0.0
strict,strict_chemical,-1,head_pretrained,"novelty_[0.7,1]",0,0,0,0.0,0.0,True,,,,,0.0,0.0
strict,strict_chemical,-1,head_random,all,33440,3344,1975,2782.343188564992,1012.5588141842961,False,0.5059435901882219,0.6613417072687346,0.342077303063497,0.07125219445718028,221956.86511208978,1.0
strict,strict_chemical,-1,head_random,potency_lt4,10360,1036,617,818.9342623395673,280.80404787274347,False,1.1155791909578296,1.2765942108270592,1.2163713890482868,1.0490895436753294,36299.730764192434,0.16354407756597578
strict,strict_chemical,-1,head_random,potency_ge4,23080,2308,1559,2141.272332721013,927.6002729621608,False,0.386747480381122,0.38517117274255414,-0.0503701289470065,-0.11993481611725301,185657.13434789734,0.8364559224340242
strict,strict_chemical,-1,head_random,potency_ge6_descriptive_tail,560,56,52,55.943540642841484,47.38653300749192,False,1.1702951064584144,1.170871312814202,-1.170871312814202,-1.1702951064584144,5565.977961432507,0.025076845262802072
strict,strict_chemical,-1,head_random,"novelty_[0,0.2)",240,40,33,17.478045943933473,8.90936641423106,True,1.0145025001519428,1.1337197749680945,0.637125386469894,0.057674655072863915,1118.731295673531,0.005040309499364048
strict,strict_chemical,-1,head_random,"novelty_[0.2,0.35)",33200,3324,1962,2768.577961286469,1006.7110316707309,False,0.5033673106370508,0.6579269260564499,0.33994442535212543,0.0713209761388807,220838.13381641626,0.9949596905006359
strict,strict_chemical,-1,head_random,"novelty_[0.35,0.5)",0,0,0,0.0,0.0,True,,,,,0.0,0.0
strict,strict_chemical,-1,head_random,"novelty_[0.5,0.7)",0,0,0,0.0,0.0,True,,,,,0.0,0.0
strict,strict_chemical,-1,head_random,"novelty_[0.7,1]",0,0,0,0.0,0.0,True,,,,,0.0,0.0
strict,strict_chemical,-1,morgan_ridge,all,33440,3344,1975,2782.343188564992,1012.5588141842961,False,0.5218459890933709,0.6768628900604615,0.29760835880917086,-0.00919995994370464,221956.86511208978,1.0
strict,strict_chemical,-1,morgan_ridge,potency_lt4,10360,1036,617,818.9342623395673,280.80404787274347,False,1.0629209318351027,1.2905022295914956,1.2841300766081885,1.053440584755105,36299.730764192434,0.16354407756597578
strict,strict_chemical,-1,morgan_ridge,potency_ge4,23080,2308,1559,2141.272332721013,927.6002729621608,False,0.4160548768166337,0.4014164620907254,-0.14521508124272792,-0.2169677131580774,185657.13434789734,0.8364559224340242
strict,strict_chemical,-1,morgan_ridge,potency_ge6_descriptive_tail,560,56,52,55.943540642841484,47.38653300749192,False,1.306398926526408,1.309526478522966,-1.309526478522966,-1.306398926526408,5565.977961432507,0.025076845262802072
strict,strict_chemical,-1,morgan_ridge,"novelty_[0,0.2)",240,40,33,17.478045943933473,8.90936641423106,True,1.0938150806681197,1.246707897823854,0.6286613851894749,-0.1725848362361253,1118.731295673531,0.005040309499364048
strict,strict_chemical,-1,morgan_ridge,"novelty_[0.2,0.35)",33200,3324,1962,2768.577961286469,1006.7110316707309,False,0.5189484835229128,0.6727435285585578,0.2952152044016023,-0.008372277825633366,220838.13381641626,0.9949596905006359
strict,strict_chemical,-1,morgan_ridge,"novelty_[0.35,0.5)",0,0,0,0.0,0.0,True,,,,,0.0,0.0
strict,strict_chemical,-1,morgan_ridge,"novelty_[0.5,0.7)",0,0,0,0.0,0.0,True,,,,,0.0,0.0
strict,strict_chemical,-1,morgan_ridge,"novelty_[0.7,1]",0,0,0,0.0,0.0,True,,,,,0.0,0.0
strict,strict_chemical,-1,native_affine,all,33440,3344,1975,2782.343188564992,1012.5588141842961,False,0.6182534932082221,0.8291154243177506,0.41181179782234706,0.02616842692254445,221956.86511208978,1.0
strict,strict_chemical,-1,native_affine,potency_lt4,10360,1036,617,818.9342623395673,280.80404787274347,False,1.4520505008883122,1.715228733126261,1.7149580694211497,1.451669217571231,36299.730764192434,0.16354407756597578
strict,strict_chemical,-1,native_affine,potency_ge4,23080,2308,1559,2141.272332721013,927.6002729621608,False,0.455229287340319,0.43136265658568096,-0.17313600866654347,-0.2525458551137537,185657.13434789734,0.8364559224340242
strict,strict_chemical,-1,native_affine,potency_ge6_descriptive_tail,560,56,52,55.943540642841484,47.38653300749192,False,1.2760100566944863,1.2764775328381748,-1.2764775328381748,-1.2760100566944863,5565.977961432507,0.025076845262802072
strict,strict_chemical,-1,native_affine,"novelty_[0,0.2)",240,40,33,17.478045943933473,8.90936641423106,True,1.397921246516021,1.8447415320873262,1.5833016771475477,0.8618351071361747,1118.731295673531,0.005040309499364048
strict,strict_chemical,-1,native_affine,"novelty_[0.2,0.35)",33200,3324,1962,2768.577961286469,1006.7110316707309,False,0.6143038188436579,0.8217735488398983,0.40334319628505644,0.021935070790836845,220838.13381641626,0.9949596905006359
strict,strict_chemical,-1,native_affine,"novelty_[0.35,0.5)",0,0,0,0.0,0.0,True,,,,,0.0,0.0
strict,strict_chemical,-1,native_affine,"novelty_[0.5,0.7)",0,0,0,0.0,0.0,True,,,,,0.0,0.0
strict,strict_chemical,-1,native_affine,"novelty_[0.7,1]",0,0,0,0.0,0.0,True,,,,,0.0,0.0
strict,strict_chemical,-1,native_continuous,all,33440,3344,1975,2782.343188564992,1012.5588141842961,False,0.6280511826964411,0.9149869590388832,0.7130316378920539,0.3341676717602927,221956.86511208978,1.0
strict,strict_chemical,-1,native_continuous,potency_lt4,10360,1036,617,818.9342623395673,280.80404787274347,False,1.7297461583641474,1.9913497362265713,1.9913497362265713,1.7297461583641474,36299.730764192434,0.16354407756597578
strict,strict_chemical,-1,native_continuous,potency_ge4,23080,2308,1559,2141.272332721013,927.6002729621608,False,0.412647497072042,0.4318362496946697,0.13922854002612672,0.06130380632385631,185657.13434789734,0.8364559224340242
strict,strict_chemical,-1,native_continuous,potency_ge6_descriptive_tail,560,56,52,55.943540642841484,47.38653300749192,False,0.9285451624486243,0.9289999227269382,-0.9286158903412483,-0.9281587826650957,5565.977961432507,0.025076845262802072
strict,strict_chemical,-1,native_continuous,"novelty_[0,0.2)",240,40,33,17.478045943933473,8.90936641423106,True,1.510707903385249,2.0548151023387913,1.922359027306239,1.2355654662170898,1118.731295673531,0.005040309499364048
strict,strict_chemical,-1,native_continuous,"novelty_[0.2,0.35)",33200,3324,1962,2768.577961286469,1006.7110316707309,False,0.6235797824010912,0.9067472375210527,0.7042895121854456,0.3296013321291662,220838.13381641626,0.9949596905006359
strict,strict_chemical,-1,native_continuous,"novelty_[0.35,0.5)",0,0,0,0.0,0.0,True,,,,,0.0,0.0
strict,strict_chemical,-1,native_continuous,"novelty_[0.5,0.7)",0,0,0,0.0,0.0,True,,,,,0.0,0.0
strict,strict_chemical,-1,native_continuous,"novelty_[0.7,1]",0,0,0,0.0,0.0,True,,,,,0.0,0.0
strict,strict_chemical,-1,repr_ridge_stable,all,33440,3344,1975,2782.343188564992,1012.5588141842961,False,0.49931201438373574,0.6228062604370312,0.23370799507430756,-0.0023236964572962496,221956.86511208978,1.0
strict,strict_chemical,-1,repr_ridge_stable,potency_lt4,10360,1036,617,818.9342623395673,280.80404787274347,False,0.9665004351002492,1.1153199689106232,0.98196269328798,0.8270782452264828,36299.730764192434,0.16354407756597578
strict,strict_chemical,-1,repr_ridge_stable,potency_ge4,23080,2308,1559,2141.272332721013,927.6002729621608,False,0.4079672139389596,0.40172991642548816,-0.10216369788468929,-0.1644885778886927,185657.13434789734,0.8364559224340242
strict,strict_chemical,-1,repr_ridge_stable,potency_ge6_descriptive_tail,560,56,52,55.943540642841484,47.38653300749192,False,1.1893677997380714,1.1910075756745988,-1.1910075756745988,-1.1893677997380714,5565.977961432507,0.025076845262802072
strict,strict_chemical,-1,repr_ridge_stable,"novelty_[0,0.2)",240,40,33,17.478045943933473,8.90936641423106,True,1.0698809883692186,1.0854589060054702,0.3166014219842855,-0.3522601756838162,1118.731295673531,0.005040309499364048
strict,strict_chemical,-1,repr_ridge_stable,"novelty_[0.2,0.35)",33200,3324,1962,2768.577961286469,1006.7110316707309,False,0.49642160158904824,0.6194617834811148,0.23310876548218723,-0.0005509732231198448,220838.13381641626,0.9949596905006359
strict,strict_chemical,-1,repr_ridge_stable,"novelty_[0.35,0.5)",0,0,0,0.0,0.0,True,,,,,0.0,0.0
strict,strict_chemical,-1,repr_ridge_stable,"novelty_[0.5,0.7)",0,0,0,0.0,0.0,True,,,,,0.0,0.0
strict,strict_chemical,-1,repr_ridge_stable,"novelty_[0.7,1]",0,0,0,0.0,0.0,True,,,,,0.0,0.0
strict,strict_chemical,-1,repr_ridge_unscaled,all,33440,3344,1975,2782.343188564992,1012.5588141842961,False,0.49949956765556663,0.6197984809184108,0.21889547538268223,-0.0051603956299512066,221956.86511208978,1.0
strict,strict_chemical,-1,repr_ridge_unscaled,potency_lt4,10360,1036,617,818.9342623395673,280.80404787274347,False,0.9403581929731059,1.0914869483629952,0.9270515974506066,0.787044684086513,36299.730764192434,0.16354407756597578
strict,strict_chemical,-1,repr_ridge_unscaled,potency_ge4,23080,2308,1559,2141.272332721013,927.6002729621608,False,0.41330277559417955,0.4080700353930256,-0.09897703001695794,-0.16005253702133287,185657.13434789734,0.8364559224340242
strict,strict_chemical,-1,repr_ridge_unscaled,potency_ge6_descriptive_tail,560,56,52,55.943540642841484,47.38653300749192,False,1.1940545956705202,1.1957933472322266,-1.1957933472322266,-1.1940545956705202,5565.977961432507,0.025076845262802072
strict,strict_chemical,-1,repr_ridge_unscaled,"novelty_[0,0.2)",240,40,33,17.478045943933473,8.90936641423106,True,1.168097849566111,1.089411829734199,0.3212881661793062,-0.3034308733594776,1118.731295673531,0.005040309499364048
strict,strict_chemical,-1,repr_ridge_unscaled,"novelty_[0.2,0.35)",33200,3324,1962,2768.577961286469,1006.7110316707309,False,0.4961125537858122,0.6164036856257666,0.21815528725644162,-0.0036494042434323023,220838.13381641626,0.9949596905006359
strict,strict_chemical,-1,repr_ridge_unscaled,"novelty_[0.35,0.5)",0,0,0,0.0,0.0,True,,,,,0.0,0.0
strict,strict_chemical,-1,repr_ridge_unscaled,"novelty_[0.5,0.7)",0,0,0,0.0,0.0,True,,,,,0.0,0.0
strict,strict_chemical,-1,repr_ridge_unscaled,"novelty_[0.7,1]",0,0,0,0.0,0.0,True,,,,,0.0,0.0
strict,strict_chemical,-1,weighted_median,all,33440,3344,1975,2782.343188564992,1012.5588141842961,False,0.6336937794954274,0.9286697231509772,0.6421227409638556,0.2128517386502078,221956.86511208978,1.0
strict,strict_chemical,-1,weighted_median,potency_lt4,10360,1036,617,818.9342623395673,280.80404787274347,False,1.8290313437603851,2.1031042471042474,2.1031042471042474,1.8290313437603851,36299.730764192434,0.16354407756597578
strict,strict_chemical,-1,weighted_median,potency_ge4,23080,2308,1559,2141.272332721013,927.6002729621608,False,0.39998107081041956,0.4014972071996826,-0.01367311707836536,-0.10314411434052163,185657.13434789734,0.8364559224340242
strict,strict_chemical,-1,weighted_median,potency_ge6_descriptive_tail,560,56,52,55.943540642841484,47.38653300749192,False,1.3624698795180723,1.3630634681583478,-1.3630634681583478,-1.3624698795180723,5565.977961432507,0.025076845262802072
strict,strict_chemical,-1,weighted_median,"novelty_[0,0.2)",240,40,33,17.478045943933473,8.90936641423106,True,1.4792871271029107,1.9937083333333334,1.6002916666666667,0.6454101263178214,1118.731295673531,0.005040309499364048
strict,strict_chemical,-1,weighted_median,"novelty_[0.2,0.35)",33200,3324,1962,2768.577961286469,1006.7110316707309,False,0.6294101364260279,0.9209706488605024,0.6351962186093774,0.21066046580648723,220838.13381641626,0.9949596905006359
strict,strict_chemical,-1,weighted_median,"novelty_[0.35,0.5)",0,0,0,0.0,0.0,True,,,,,0.0,0.0
strict,strict_chemical,-1,weighted_median,"novelty_[0.5,0.7)",0,0,0,0.0,0.0,True,,,,,0.0,0.0
strict,strict_chemical,-1,weighted_median,"novelty_[0.7,1]",0,0,0,0.0,0.0,True,,,,,0.0,0.0
strict,strict_chemical,25,descriptor_lightgbm_rdkit_mordred,all,33440,3344,1975,2782.343188564992,1012.5588141842961,False,0.721602764871264,0.9038755936342533,0.2980471509586271,-0.10845582513929389,221956.86511208978,1.0
strict,strict_chemical,25,descriptor_lightgbm_rdkit_mordred,potency_lt4,10360,1036,617,818.9342623395673,280.80404787274347,False,1.4423873467810775,1.697209315515165,1.6777288106673445,1.415130120524599,36299.730764192434,0.16354407756597578
strict,strict_chemical,25,descriptor_lightgbm_rdkit_mordred,potency_ge4,23080,2308,1559,2141.272332721013,927.6002729621608,False,0.5806747776209668,0.5477691222873621,-0.32125536180490466,-0.4063477419673919,185657.13434789734,0.8364559224340242
strict,strict_chemical,25,descriptor_lightgbm_rdkit_mordred,potency_ge6_descriptive_tail,560,56,52,55.943540642841484,47.38653300749192,False,1.5953713798689018,1.5954637816973332,-1.5954637816973332,-1.5953713798689018,5565.977961432507,0.025076845262802072
strict,strict_chemical,25,descriptor_lightgbm_rdkit_mordred,"novelty_[0,0.2)",15566,3100,1918,2021.1316140609258,1077.5742974861696,False,0.7641643595143781,0.9893681568502732,0.40820272836816685,-0.06309942308277806,99550.43244051881,0.4485125179175924
strict,strict_chemical,25,descriptor_lightgbm_rdkit_mordred,"novelty_[0.2,0.35)",17874,3163,1842,2160.099013434394,687.6231366072581,False,0.6869883654511908,0.8294223521091012,0.20211553419926176,-0.14534317934221447,122406.43267157098,0.5514874820824076
strict,strict_chemical,25,descriptor_lightgbm_rdkit_mordred,"novelty_[0.35,0.5)",0,0,0,0.0,0.0,True,,,,,0.0,0.0
strict,strict_chemical,25,descriptor_lightgbm_rdkit_mordred,"novelty_[0.5,0.7)",0,0,0,0.0,0.0,True,,,,,0.0,0.0
strict,strict_chemical,25,descriptor_lightgbm_rdkit_mordred,"novelty_[0.7,1]",0,0,0,0.0,0.0,True,,,,,0.0,0.0
strict,strict_chemical,25,head_pretrained,all,33440,3344,1975,2782.343188564992,1012.5588141842961,False,0.6266709531205659,0.842657173905553,0.4772611557142569,0.11899903845017037,221956.86511208978,1.0
strict,strict_chemical,25,head_pretrained,potency_lt4,10360,1036,617,818.9342623395673,280.80404787274347,False,1.4588492532748651,1.6956157756049661,1.6795808223630162,1.4406645398135252,36299.730764192434,0.16354407756597578
strict,strict_chemical,25,head_pretrained,potency_ge4,23080,2308,1559,2141.272332721013,927.6002729621608,False,0.4639632373653564,0.4597866750491441,-0.06242826137764726,-0.1394133410596318,185657.13434789734,0.8364559224340242
strict,strict_chemical,25,head_pretrained,potency_ge6_descriptive_tail,560,56,52,55.943540642841484,47.38653300749192,False,1.115345393284494,1.1168377145501438,-1.1168168521751567,-1.1153244033882461,5565.977961432507,0.025076845262802072
strict,strict_chemical,25,head_pretrained,"novelty_[0,0.2)",15566,3100,1918,2021.1316140609258,1077.5742974861696,False,0.6668694420535956,0.9309351628339214,0.6012382587541232,0.1927312690287703,99550.43244051881,0.4485125179175924
strict,strict_chemical,25,head_pretrained,"novelty_[0.2,0.35)",17874,3163,1842,2160.099013434394,687.6231366072581,False,0.593978415078258,0.765778177840935,0.36929273309377125,0.05903425327750021,122406.43267157098,0.5514874820824076
strict,strict_chemical,25,head_pretrained,"novelty_[0.35,0.5)",0,0,0,0.0,0.0,True,,,,,0.0,0.0
strict,strict_chemical,25,head_pretrained,"novelty_[0.5,0.7)",0,0,0,0.0,0.0,True,,,,,0.0,0.0
strict,strict_chemical,25,head_pretrained,"novelty_[0.7,1]",0,0,0,0.0,0.0,True,,,,,0.0,0.0
strict,strict_chemical,25,head_random,all,33440,3344,1975,2782.343188564992,1012.5588141842961,False,0.626427001208153,0.8218778888076513,0.3752198677920442,0.04225758632536406,221956.86511208978,1.0
strict,strict_chemical,25,head_random,potency_lt4,10360,1036,617,818.9342623395673,280.80404787274347,False,1.4012377707303167,1.61708313509166,1.4871158563131837,1.293548803032549,36299.730764192434,0.16354407756597578
strict,strict_chemical,25,head_random,potency_ge4,23080,2308,1559,2141.272332721013,927.6002729621608,False,0.47493579982965967,0.4649313397824204,-0.12388075790461994,-0.2023951949082164,185657.13434789734,0.8364559224340242
strict,strict_chemical,25,head_random,potency_ge6_descriptive_tail,560,56,52,55.943540642841484,47.38653300749192,False,1.3016550164408107,1.3016594772935939,-1.3016594772935939,-1.3016550164408107,5565.977961432507,0.025076845262802072
strict,strict_chemical,25,head_random,"novelty_[0,0.2)",15566,3100,1918,2021.1316140609258,1077.5742974861696,False,0.6680331888564486,0.9056590129452335,0.4478925887115417,0.07704965156279944,99550.43244051881,0.4485125179175924
strict,strict_chemical,25,head_random,"novelty_[0.2,0.35)",17874,3163,1842,2160.099013434394,687.6231366072581,False,0.5925896130726586,0.7489150948988674,0.3119310922615026,0.013961972571317843,122406.43267157098,0.5514874820824076
strict,strict_chemical,25,head_random,"novelty_[0.35,0.5)",0,0,0,0.0,0.0,True,,,,,0.0,0.0
strict,strict_chemical,25,head_random,"novelty_[0.5,0.7)",0,0,0,0.0,0.0,True,,,,,0.0,0.0
strict,strict_chemical,25,head_random,"novelty_[0.7,1]",0,0,0,0.0,0.0,True,,,,,0.0,0.0
strict,strict_chemical,25,morgan_ridge,all,33440,3344,1975,2782.343188564992,1012.5588141842961,False,0.6987187269915627,0.9055845482739461,0.36730630946641135,-0.060248363986858004,221956.86511208978,1.0
strict,strict_chemical,25,morgan_ridge,potency_lt4,10360,1036,617,818.9342623395673,280.80404787274347,False,1.5486168479488667,1.8214467607693208,1.8213553427665605,1.5484788503179396,36299.730764192434,0.16354407756597578
strict,strict_chemical,25,morgan_ridge,potency_ge4,23080,2308,1559,2141.272332721013,927.6002729621608,False,0.5325464273053451,0.4944782865125908,-0.2853777453424943,-0.374787123606331,185657.13434789734,0.8364559224340242
strict,strict_chemical,25,morgan_ridge,potency_ge6_descriptive_tail,560,56,52,55.943540642841484,47.38653300749192,False,1.6236957696756247,1.6240660227923902,-1.6240660227923902,-1.6236957696756247,5565.977961432507,0.025076845262802072
strict,strict_chemical,25,morgan_ridge,"novelty_[0,0.2)",15566,3100,1918,2021.1316140609258,1077.5742974861696,False,0.7423997133080694,0.9973367825967545,0.481517136551303,-0.011498140240822732,99550.43244051881,0.4485125179175924
strict,strict_chemical,25,morgan_ridge,"novelty_[0.2,0.35)",17874,3163,1842,2160.099013434394,687.6231366072581,False,0.6631939511907354,0.8256799225903367,0.2678430816269002,-0.09989583797632755,122406.43267157098,0.5514874820824076
strict,strict_chemical,25,morgan_ridge,"novelty_[0.35,0.5)",0,0,0,0.0,0.0,True,,,,,0.0,0.0
strict,strict_chemical,25,morgan_ridge,"novelty_[0.5,0.7)",0,0,0,0.0,0.0,True,,,,,0.0,0.0
strict,strict_chemical,25,morgan_ridge,"novelty_[0.7,1]",0,0,0,0.0,0.0,True,,,,,0.0,0.0
strict,strict_chemical,25,native_affine,all,33440,3344,1975,2782.343188564992,1012.5588141842961,False,0.6622008673302344,0.8533385986695442,0.3642196640610392,-0.014840220878189841,221956.86511208978,1.0
strict,strict_chemical,25,native_affine,potency_lt4,10360,1036,617,818.9342623395673,280.80404787274347,False,1.3943391888844616,1.6508762203229441,1.6440375195644998,1.3838120552798865,36299.730764192434,0.16354407756597578
strict,strict_chemical,25,native_affine,potency_ge4,23080,2308,1559,2141.272332721013,927.6002729621608,False,0.5190529939780291,0.49534510818734223,-0.2102566350297688,-0.28830507444059267,185657.13434789734,0.8364559224340242
strict,strict_chemical,25,native_affine,potency_ge6_descriptive_tail,560,56,52,55.943540642841484,47.38653300749192,False,1.3132065847879353,1.3131868495497976,-1.2792068056805819,-1.2790188379110803,5565.977961432507,0.025076845262802072
strict,strict_chemical,25,native_affine,"novelty_[0,0.2)",15566,3100,1918,2021.1316140609258,1077.5742974861696,False,0.6966944777674593,0.9384879572308479,0.502645477794486,0.0672407700403502,99550.43244051881,0.4485125179175924
strict,strict_chemical,25,native_affine,"novelty_[0.2,0.35)",17874,3163,1842,2160.099013434394,687.6231366072581,False,0.6341479802350446,0.779184245118842,0.24366823648048475,-0.08159486736814288,122406.43267157098,0.5514874820824076
strict,strict_chemical,25,native_affine,"novelty_[0.35,0.5)",0,0,0,0.0,0.0,True,,,,,0.0,0.0
strict,strict_chemical,25,native_affine,"novelty_[0.5,0.7)",0,0,0,0.0,0.0,True,,,,,0.0,0.0
strict,strict_chemical,25,native_affine,"novelty_[0.7,1]",0,0,0,0.0,0.0,True,,,,,0.0,0.0
strict,strict_chemical,25,native_continuous,all,33440,3344,1975,2782.343188564992,1012.5588141842961,False,0.6280511826964411,0.9149869590388832,0.7130316378920539,0.3341676717602927,221956.86511208978,1.0
strict,strict_chemical,25,native_continuous,potency_lt4,10360,1036,617,818.9342623395673,280.80404787274347,False,1.7297461583641474,1.9913497362265713,1.9913497362265713,1.7297461583641474,36299.730764192434,0.16354407756597578
strict,strict_chemical,25,native_continuous,potency_ge4,23080,2308,1559,2141.272332721013,927.6002729621608,False,0.412647497072042,0.4318362496946697,0.13922854002612672,0.06130380632385631,185657.13434789734,0.8364559224340242
strict,strict_chemical,25,native_continuous,potency_ge6_descriptive_tail,560,56,52,55.943540642841484,47.38653300749192,False,0.9285451624486243,0.9289999227269382,-0.9286158903412483,-0.9281587826650957,5565.977961432507,0.025076845262802072
strict,strict_chemical,25,native_continuous,"novelty_[0,0.2)",15566,3100,1918,2021.1316140609258,1077.5742974861696,False,0.6846147556769905,1.0262338911053117,0.8467196802850924,0.413294618079216,99550.43244051881,0.4485125179175924
strict,strict_chemical,25,native_continuous,"novelty_[0.2,0.35)",17874,3163,1842,2160.099013434394,687.6231366072581,False,0.5820492853476069,0.8181049099986,0.5966062116925444,0.26981548411929135,122406.43267157098,0.5514874820824076
strict,strict_chemical,25,native_continuous,"novelty_[0.35,0.5)",0,0,0,0.0,0.0,True,,,,,0.0,0.0
strict,strict_chemical,25,native_continuous,"novelty_[0.5,0.7)",0,0,0,0.0,0.0,True,,,,,0.0,0.0
strict,strict_chemical,25,native_continuous,"novelty_[0.7,1]",0,0,0,0.0,0.0,True,,,,,0.0,0.0
strict,strict_chemical,25,repr_ridge_stable,all,33440,3344,1975,2782.343188564992,1012.5588141842961,False,0.669964177986717,0.8594014721661869,0.33337832252553856,-0.03389854333462776,221956.86511208978,1.0
strict,strict_chemical,25,repr_ridge_stable,potency_lt4,10360,1036,617,818.9342623395673,280.80404787274347,False,1.4284023975309674,1.6654926523123368,1.5706654655746695,1.3471739595334264,36299.730764192434,0.16354407756597578
strict,strict_chemical,25,repr_ridge_stable,potency_ge4,23080,2308,1559,2141.272332721013,927.6002729621608,False,0.5216741418002271,0.4975685160867193,-0.22200706750864665,-0.30392619509186025,185657.13434789734,0.8364559224340242
strict,strict_chemical,25,repr_ridge_stable,potency_ge6_descriptive_tail,560,56,52,55.943540642841484,47.38653300749192,False,1.4950552107949997,1.4948107287666528,-1.4784352521294941,-1.478579639061962,5565.977961432507,0.025076845262802072
strict,strict_chemical,25,repr_ridge_stable,"novelty_[0,0.2)",15566,3100,1918,2021.1316140609258,1077.5742974861696,False,0.7157766345127204,0.9480940271366628,0.42225324104666684,0.0048155873866293246,99550.43244051881,0.4485125179175924
strict,strict_chemical,25,repr_ridge_stable,"novelty_[0.2,0.35)",17874,3163,1842,2160.099013434394,687.6231366072581,False,0.632705924814984,0.7821614413577264,0.25597947606140725,-0.06538388581822598,122406.43267157098,0.5514874820824076
strict,strict_chemical,25,repr_ridge_stable,"novelty_[0.35,0.5)",0,0,0,0.0,0.0,True,,,,,0.0,0.0
strict,strict_chemical,25,repr_ridge_stable,"novelty_[0.5,0.7)",0,0,0,0.0,0.0,True,,,,,0.0,0.0
strict,strict_chemical,25,repr_ridge_stable,"novelty_[0.7,1]",0,0,0,0.0,0.0,True,,,,,0.0,0.0
strict,strict_chemical,25,repr_ridge_unscaled,all,33440,3344,1975,2782.343188564992,1012.5588141842961,False,0.6677977311386902,0.8519176567289416,0.3172907500384223,-0.042334408226959885,221956.86511208978,1.0
strict,strict_chemical,25,repr_ridge_unscaled,potency_lt4,10360,1036,617,818.9342623395673,280.80404787274347,False,1.4036995972664341,1.632694557653854,1.5255231991882354,1.303319566216052,36299.730764192434,0.16354407756597578
strict,strict_chemical,25,repr_ridge_unscaled,potency_ge4,23080,2308,1559,2141.272332721013,927.6002729621608,False,0.5239140085813491,0.5014476093467017,-0.22505275833211769,-0.3054370201767603,185657.13434789734,0.8364559224340242
strict,strict_chemical,25,repr_ridge_unscaled,potency_ge6_descriptive_tail,560,56,52,55.943540642841484,47.38653300749192,False,1.4484801800090283,1.4480533111495155,-1.447067171500932,-1.4474880125821479,5565.977961432507,0.025076845262802072
strict,strict_chemical,25,repr_ridge_unscaled,"novelty_[0,0.2)",15566,3100,1918,2021.1316140609258,1077.5742974861696,False,0.711432526244905,0.9389804662049437,0.40577659413811795,-0.0015392905482052239,99550.43244051881,0.4485125179175924
strict,strict_chemical,25,repr_ridge_unscaled,"novelty_[0.2,0.35)",17874,3163,1842,2160.099013434394,687.6231366072581,False,0.6323105216230585,0.776096928727182,0.2402307383311456,-0.07551217117409534,122406.43267157098,0.5514874820824076
strict,strict_chemical,25,repr_ridge_unscaled,"novelty_[0.35,0.5)",0,0,0,0.0,0.0,True,,,,,0.0,0.0
strict,strict_chemical,25,repr_ridge_unscaled,"novelty_[0.5,0.7)",0,0,0,0.0,0.0,True,,,,,0.0,0.0
strict,strict_chemical,25,repr_ridge_unscaled,"novelty_[0.7,1]",0,0,0,0.0,0.0,True,,,,,0.0,0.0
strict,strict_chemical,25,weighted_median,all,33440,3344,1975,2782.343188564992,1012.5588141842961,False,0.668382279105522,0.9441807877442786,0.594721724217444,0.16474226290097452,221956.86511208978,1.0
strict,strict_chemical,25,weighted_median,potency_lt4,10360,1036,617,818.9342623395673,280.80404787274347,False,1.7852422326503767,2.058576254826255,2.058576254826255,1.7852422326503767,36299.730764192434,0.16354407756597578
strict,strict_chemical,25,weighted_median,potency_ge4,23080,2308,1559,2141.272332721013,927.6002729621608,False,0.4500135330975349,0.44395821239898936,-0.06236375832619904,-0.15209830889766857,185657.13434789734,0.8364559224340242
strict,strict_chemical,25,weighted_median,potency_ge6_descriptive_tail,560,56,52,55.943540642841484,47.38653300749192,False,1.4151663085314108,1.4153134681583477,-1.4153134681583477,-1.4151663085314108,5565.977961432507,0.025076845262802072
strict,strict_chemical,25,weighted_median,"novelty_[0,0.2)",15566,3100,1918,2021.1316140609258,1077.5742974861696,False,0.7189287226276756,1.0483646045056496,0.7108085934899822,0.21507655865926517,99550.43244051881,0.4485125179175924
strict,strict_chemical,25,weighted_median,"novelty_[0.2,0.35)",17874,3163,1842,2160.099013434394,687.6231366072581,False,0.6272739794750455,0.853449821440849,0.493624700210712,0.12380649833399869,122406.43267157098,0.5514874820824076
strict,strict_chemical,25,weighted_median,"novelty_[0.35,0.5)",0,0,0,0.0,0.0,True,,,,,0.0,0.0
strict,strict_chemical,25,weighted_median,"novelty_[0.5,0.7)",0,0,0,0.0,0.0,True,,,,,0.0,0.0
strict,strict_chemical,25,weighted_median,"novelty_[0.7,1]",0,0,0,0.0,0.0,True,,,,,0.0,0.0
strict,strict_chemical,50,descriptor_lightgbm_rdkit_mordred,all,33440,3344,1975,2782.343188564992,1012.5588141842961,False,0.6706829783745338,0.8516504981126677,0.3122748413317505,-0.07680047695016291,221956.86511208978,1.0
strict,strict_chemical,50,descriptor_lightgbm_rdkit_mordred,potency_lt4,10360,1036,617,818.9342623395673,280.80404787274347,False,1.3914024228264383,1.6381827828914794,1.6255613550142336,1.3727431933885093,36299.730764192434,0.16354407756597578
strict,strict_chemical,50,descriptor_lightgbm_rdkit_mordred,potency_ge4,23080,2308,1559,2141.272332721013,927.6002729621608,False,0.5297677268167972,0.4985970115308439,-0.27722465094513543,-0.36021562902093507,185657.13434789734,0.8364559224340242
strict,strict_chemical,50,descriptor_lightgbm_rdkit_mordred,potency_ge6_descriptive_tail,560,56,52,55.943540642841484,47.38653300749192,False,1.5116145257883684,1.5125190626013794,-1.5125190626013794,-1.5116145257883684,5565.977961432507,0.025076845262802072
strict,strict_chemical,50,descriptor_lightgbm_rdkit_mordred,"novelty_[0,0.2)",9375,2393,1636,1382.6939552961169,901.6648116291805,False,0.742265931397017,0.9906093273967024,0.48592680857346443,-0.007649529105218005,57997.946651728555,0.26130278341442237
strict,strict_chemical,50,descriptor_lightgbm_rdkit_mordred,"novelty_[0.2,0.35)",24065,3247,1898,2416.061283086942,796.7218579384898,False,0.6453616092806356,0.7975163188258267,0.24462525924610448,-0.10126156160288456,163958.91846036122,0.7386972165855776
strict,strict_chemical,50,descriptor_lightgbm_rdkit_mordred,"novelty_[0.35,0.5)",0,0,0,0.0,0.0,True,,,,,0.0,0.0
strict,strict_chemical,50,descriptor_lightgbm_rdkit_mordred,"novelty_[0.5,0.7)",0,0,0,0.0,0.0,True,,,,,0.0,0.0
strict,strict_chemical,50,descriptor_lightgbm_rdkit_mordred,"novelty_[0.7,1]",0,0,0,0.0,0.0,True,,,,,0.0,0.0
strict,strict_chemical,50,head_pretrained,all,33440,3344,1975,2782.343188564992,1012.5588141842961,False,0.6124842004215267,0.8216890750333087,0.44437290023678244,0.0909703300425039,221956.86511208978,1.0
strict,strict_chemical,50,head_pretrained,potency_lt4,10360,1036,617,818.9342623395673,280.80404787274347,False,1.4269320367297784,1.6595838341964564,1.6298867614250847,1.400727007403918,36299.730764192434,0.16354407756597578
strict,strict_chemical,50,head_pretrained,potency_ge4,23080,2308,1559,2141.272332721013,927.6002729621608,False,0.453243149527845,0.4455803356515838,-0.08777283641446582,-0.16511363312872362,185657.13434789734,0.8364559224340242
strict,strict_chemical,50,head_pretrained,potency_ge6_descriptive_tail,560,56,52,55.943540642841484,47.38653300749192,False,1.1737875518136132,1.1753960742701488,-1.1745828005218397,-1.172969306929769,5565.977961432507,0.025076845262802072
strict,strict_chemical,50,head_pretrained,"novelty_[0,0.2)",9375,2393,1636,1382.6939552961169,901.6648116291805,False,0.6840062505635297,0.968416605135857,0.6368606618180465,0.20105856215044515,57997.946651728555,0.26130278341442237
strict,strict_chemical,50,head_pretrained,"novelty_[0.2,0.35)",24065,3247,1898,2416.061283086942,796.7218579384898,False,0.5871843747852593,0.7645284436303835,0.36938545935482314,0.05202831046384282,163958.91846036122,0.7386972165855776
strict,strict_chemical,50,head_pretrained,"novelty_[0.35,0.5)",0,0,0,0.0,0.0,True,,,,,0.0,0.0
strict,strict_chemical,50,head_pretrained,"novelty_[0.5,0.7)",0,0,0,0.0,0.0,True,,,,,0.0,0.0
strict,strict_chemical,50,head_pretrained,"novelty_[0.7,1]",0,0,0,0.0,0.0,True,,,,,0.0,0.0
strict,strict_chemical,50,head_random,all,33440,3344,1975,2782.343188564992,1012.5588141842961,False,0.6094013055487455,0.8138037893338178,0.4037820055796086,0.06498757600856546,221956.86511208978,1.0
strict,strict_chemical,50,head_random,potency_lt4,10360,1036,617,818.9342623395673,280.80404787274347,False,1.4258208620720738,1.6429658640475804,1.5382951515084529,1.3422597867327684,36299.730764192434,0.16354407756597578
strict,strict_chemical,50,head_random,potency_ge4,23080,2308,1559,2141.272332721013,927.6002729621608,False,0.44977474341036533,0.4416149204415049,-0.10547086235032312,-0.18474501587229447,185657.13434789734,0.8364559224340242
strict,strict_chemical,50,head_random,potency_ge6_descriptive_tail,560,56,52,55.943540642841484,47.38653300749192,False,1.3083603309392615,1.309287559671164,-1.309287559671164,-1.3083603309392615,5565.977961432507,0.025076845262802072
strict,strict_chemical,50,head_random,"novelty_[0,0.2)",9375,2393,1636,1382.6939552961169,901.6648116291805,False,0.6792545796626809,0.9480000891917463,0.5260422365335548,0.11849272944192275,57997.946651728555,0.26130278341442237
strict,strict_chemical,50,head_random,"novelty_[0.2,0.35)",24065,3247,1898,2416.061283086942,796.7218579384898,False,0.5846917837761432,0.7615249482298047,0.35615309782173427,0.046060950585803645,163958.91846036122,0.7386972165855776
strict,strict_chemical,50,head_random,"novelty_[0.35,0.5)",0,0,0,0.0,0.0,True,,,,,0.0,0.0
strict,strict_chemical,50,head_random,"novelty_[0.5,0.7)",0,0,0,0.0,0.0,True,,,,,0.0,0.0
strict,strict_chemical,50,head_random,"novelty_[0.7,1]",0,0,0,0.0,0.0,True,,,,,0.0,0.0
strict,strict_chemical,50,morgan_ridge,all,33440,3344,1975,2782.343188564992,1012.5588141842961,False,0.6746919115169544,0.886010964531717,0.3822908940408653,-0.04019319566759362,221956.86511208978,1.0
strict,strict_chemical,50,morgan_ridge,potency_lt4,10360,1036,617,818.9342623395673,280.80404787274347,False,1.5488394520480002,1.8189618064973916,1.8167674676090892,1.5456208998404164,36299.730764192434,0.16354407756597578
strict,strict_chemical,50,morgan_ridge,potency_ge4,23080,2308,1559,2141.272332721013,927.6002729621608,False,0.5037783590649513,0.46723407013118035,-0.26160760258681226,-0.35025197639364686,185657.13434789734,0.8364559224340242
strict,strict_chemical,50,morgan_ridge,potency_ge6_descriptive_tail,560,56,52,55.943540642841484,47.38653300749192,False,1.5916653863469934,1.5922241369881172,-1.5922241369881172,-1.5916653863469934,5565.977961432507,0.025076845262802072
strict,strict_chemical,50,morgan_ridge,"novelty_[0,0.2)",9375,2393,1636,1382.6939552961169,901.6648116291805,False,0.7528194678950967,1.0435242924206336,0.5743104110663634,0.04022338410843987,57997.946651728555,0.26130278341442237
strict,strict_chemical,50,morgan_ridge,"novelty_[0.2,0.35)",24065,3247,1898,2416.061283086942,796.7218579384898,False,0.6470554896046883,0.8246485108039551,0.3074858671506079,-0.06863932441473117,163958.91846036122,0.7386972165855776
strict,strict_chemical,50,morgan_ridge,"novelty_[0.35,0.5)",0,0,0,0.0,0.0,True,,,,,0.0,0.0
strict,strict_chemical,50,morgan_ridge,"novelty_[0.5,0.7)",0,0,0,0.0,0.0,True,,,,,0.0,0.0
strict,strict_chemical,50,morgan_ridge,"novelty_[0.7,1]",0,0,0,0.0,0.0,True,,,,,0.0,0.0
strict,strict_chemical,50,native_affine,all,33440,3344,1975,2782.343188564992,1012.5588141842961,False,0.6389235422952004,0.8398642459103661,0.38203616538215873,-0.003011372433659063,221956.86511208978,1.0
strict,strict_chemical,50,native_affine,potency_lt4,10360,1036,617,818.9342623395673,280.80404787274347,False,1.4237631776468653,1.685482229021065,1.6827496038808787,1.4193827344917431,36299.730764192434,0.16354407756597578
strict,strict_chemical,50,native_affine,potency_ge4,23080,2308,1559,2141.272332721013,927.6002729621608,False,0.4854714944846011,0.4602887560911789,-0.20181960683823705,-0.28111823486757664,185657.13434789734,0.8364559224340242
strict,strict_chemical,50,native_affine,potency_ge6_descriptive_tail,560,56,52,55.943540642841484,47.38653300749192,False,1.296722657760577,1.2970845250556062,-1.293700024596385,-1.2933174695433458,5565.977961432507,0.025076845262802072
strict,strict_chemical,50,native_affine,"novelty_[0,0.2)",9375,2393,1636,1382.6939552961169,901.6648116291805,False,0.7032444830483717,0.9943669974988332,0.6213126178379779,0.1386076088535759,57997.946651728555,0.26130278341442237
strict,strict_chemical,50,native_affine,"novelty_[0.2,0.35)",24065,3247,1898,2416.061283086942,796.7218579384898,False,0.6161709983932149,0.7796746221355113,0.28882125818193843,-0.053106909771293564,163958.91846036122,0.7386972165855776
strict,strict_chemical,50,native_affine,"novelty_[0.35,0.5)",0,0,0,0.0,0.0,True,,,,,0.0,0.0
strict,strict_chemical,50,native_affine,"novelty_[0.5,0.7)",0,0,0,0.0,0.0,True,,,,,0.0,0.0
strict,strict_chemical,50,native_affine,"novelty_[0.7,1]",0,0,0,0.0,0.0,True,,,,,0.0,0.0
strict,strict_chemical,50,native_continuous,all,33440,3344,1975,2782.343188564992,1012.5588141842961,False,0.6280511826964411,0.9149869590388832,0.7130316378920539,0.3341676717602927,221956.86511208978,1.0
strict,strict_chemical,50,native_continuous,potency_lt4,10360,1036,617,818.9342623395673,280.80404787274347,False,1.7297461583641474,1.9913497362265713,1.9913497362265713,1.7297461583641474,36299.730764192434,0.16354407756597578
strict,strict_chemical,50,native_continuous,potency_ge4,23080,2308,1559,2141.272332721013,927.6002729621608,False,0.412647497072042,0.4318362496946697,0.13922854002612672,0.06130380632385631,185657.13434789734,0.8364559224340242
strict,strict_chemical,50,native_continuous,potency_ge6_descriptive_tail,560,56,52,55.943540642841484,47.38653300749192,False,0.9285451624486243,0.9289999227269382,-0.9286158903412483,-0.9281587826650957,5565.977961432507,0.025076845262802072
strict,strict_chemical,50,native_continuous,"novelty_[0,0.2)",9375,2393,1636,1382.6939552961169,901.6648116291805,False,0.7328207611584371,1.113507430377761,0.9522821297093159,0.4806737190638367,57997.946651728555,0.26130278341442237
strict,strict_chemical,50,native_continuous,"novelty_[0.2,0.35)",24065,3247,1898,2416.061283086942,796.7218579384898,False,0.5909905550744553,0.8376493559305526,0.619826844175585,0.2823434099546087,163958.91846036122,0.7386972165855776
strict,strict_chemical,50,native_continuous,"novelty_[0.35,0.5)",0,0,0,0.0,0.0,True,,,,,0.0,0.0
strict,strict_chemical,50,native_continuous,"novelty_[0.5,0.7)",0,0,0,0.0,0.0,True,,,,,0.0,0.0
strict,strict_chemical,50,native_continuous,"novelty_[0.7,1]",0,0,0,0.0,0.0,True,,,,,0.0,0.0
strict,strict_chemical,50,repr_ridge_stable,all,33440,3344,1975,2782.343188564992,1012.5588141842961,False,0.6598254272906682,0.8487286389168996,0.2883059940123865,-0.05597267972101668,221956.86511208978,1.0
strict,strict_chemical,50,repr_ridge_stable,potency_lt4,10360,1036,617,818.9342623395673,280.80404787274347,False,1.398455929593885,1.6433350331013168,1.439289418411725,1.225875310866033,36299.730764192434,0.16354407756597578
strict,strict_chemical,50,repr_ridge_stable,potency_ge4,23080,2308,1559,2141.272332721013,927.6002729621608,False,0.515408201084943,0.492050898719735,-0.22833994518939627,-0.3065999292601506,185657.13434789734,0.8364559224340242
strict,strict_chemical,50,repr_ridge_stable,potency_ge6_descriptive_tail,560,56,52,55.943540642841484,47.38653300749192,False,1.4567682104247377,1.4570938519095868,-1.4564091825053598,-1.4561714597498174,5565.977961432507,0.025076845262802072
strict,strict_chemical,50,repr_ridge_stable,"novelty_[0,0.2)",9375,2393,1636,1382.6939552961169,901.6648116291805,False,0.7431235281190043,1.008036691301622,0.4111574828544393,-0.0076258960826707176,57997.946651728555,0.26130278341442237
strict,strict_chemical,50,repr_ridge_stable,"novelty_[0.2,0.35)",24065,3247,1898,2416.061283086942,796.7218579384898,False,0.6303600047726482,0.7866670145201918,0.24044674996940937,-0.07307461113511877,163958.91846036122,0.7386972165855776
strict,strict_chemical,50,repr_ridge_stable,"novelty_[0.35,0.5)",0,0,0,0.0,0.0,True,,,,,0.0,0.0
strict,strict_chemical,50,repr_ridge_stable,"novelty_[0.5,0.7)",0,0,0,0.0,0.0,True,,,,,0.0,0.0
strict,strict_chemical,50,repr_ridge_stable,"novelty_[0.7,1]",0,0,0,0.0,0.0,True,,,,,0.0,0.0
strict,strict_chemical,50,repr_ridge_unscaled,all,33440,3344,1975,2782.343188564992,1012.5588141842961,False,0.6406770341280567,0.8302360950662274,0.3355137915057676,-0.017531404405919156,221956.86511208978,1.0
strict,strict_chemical,50,repr_ridge_unscaled,potency_lt4,10360,1036,617,818.9342623395673,280.80404787274347,False,1.404080935971088,1.6333817775134098,1.5183747714178983,1.302944431953405,36299.730764192434,0.16354407756597578
strict,strict_chemical,50,repr_ridge_unscaled,potency_ge4,23080,2308,1559,2141.272332721013,927.6002729621608,False,0.4914161064585143,0.4697252947996411,-0.19544113708563948,-0.2757111803074755,185657.13434789734,0.8364559224340242
strict,strict_chemical,50,repr_ridge_unscaled,potency_ge6_descriptive_tail,560,56,52,55.943540642841484,47.38653300749192,False,1.412170982725745,1.4124834706045042,-1.4124834706045042,-1.412170982725745,5565.977961432507,0.025076845262802072
strict,strict_chemical,50,repr_ridge_unscaled,"novelty_[0,0.2)",9375,2393,1636,1382.6939552961169,901.6648116291805,False,0.7147101281991001,0.9785982379654521,0.48204722030543895,0.04890236935211202,57997.946651728555,0.26130278341442237
strict,strict_chemical,50,repr_ridge_unscaled,"novelty_[0.2,0.35)",24065,3247,1898,2416.061283086942,796.7218579384898,False,0.6144889653074341,0.7724386676953472,0.2784287761308696,-0.04103133050004502,163958.91846036122,0.7386972165855776
strict,strict_chemical,50,repr_ridge_unscaled,"novelty_[0.35,0.5)",0,0,0,0.0,0.0,True,,,,,0.0,0.0
strict,strict_chemical,50,repr_ridge_unscaled,"novelty_[0.5,0.7)",0,0,0,0.0,0.0,True,,,,,0.0,0.0
strict,strict_chemical,50,repr_ridge_unscaled,"novelty_[0.7,1]",0,0,0,0.0,0.0,True,,,,,0.0,0.0
strict,strict_chemical,50,weighted_median,all,33440,3344,1975,2782.343188564992,1012.5588141842961,False,0.6536326905760567,0.9385252853519341,0.620128123738975,0.190530887483754,221956.86511208978,1.0
strict,strict_chemical,50,weighted_median,potency_lt4,10360,1036,617,818.9342623395673,280.80404787274347,False,1.8090374521668142,2.0820965250965253,2.0820965250965253,1.8090374521668142,36299.730764192434,0.16354407756597578
strict,strict_chemical,50,weighted_median,potency_ge4,23080,2308,1559,2141.272332721013,927.6002729621608,False,0.42772765376331173,0.4252064792967364,-0.036110725397256314,-0.12591993324248166,185657.13434789734,0.8364559224340242
strict,strict_chemical,50,weighted_median,potency_ge6_descriptive_tail,560,56,52,55.943540642841484,47.38653300749192,False,1.3846179158466132,1.3850813253012046,-1.3850813253012046,-1.3846179158466132,5565.977961432507,0.025076845262802072
strict,strict_chemical,50,weighted_median,"novelty_[0,0.2)",9375,2393,1636,1382.6939552961169,901.6648116291805,False,0.739173099120127,1.117124253815261,0.8244128128514056,0.28294284179670504,57997.946651728555,0.26130278341442237
strict,strict_chemical,50,weighted_median,"novelty_[0.2,0.35)",24065,3247,1898,2416.061283086942,796.7218579384898,False,0.6233740861775074,0.8689485004217994,0.5405449548036316,0.15784157941467036,163958.91846036122,0.7386972165855776
strict,strict_chemical,50,weighted_median,"novelty_[0.35,0.5)",0,0,0,0.0,0.0,True,,,,,0.0,0.0
strict,strict_chemical,50,weighted_median,"novelty_[0.5,0.7)",0,0,0,0.0,0.0,True,,,,,0.0,0.0
strict,strict_chemical,50,weighted_median,"novelty_[0.7,1]",0,0,0,0.0,0.0,True,,,,,0.0,0.0
strict,strict_chemical,100,descriptor_lightgbm_rdkit_mordred,all,33440,3344,1975,2782.343188564992,1012.5588141842961,False,0.6065303474282018,0.7644091054756877,0.2739469486206988,-0.06783608643380022,221956.86511208978,1.0
strict,strict_chemical,100,descriptor_lightgbm_rdkit_mordred,potency_lt4,10360,1036,617,818.9342623395673,280.80404787274347,False,1.1960711304835594,1.4246174182899654,1.4102361463374158,1.1744157895018847,36299.730764192434,0.16354407756597578
strict,strict_chemical,100,descriptor_lightgbm_rdkit_mordred,potency_ge4,23080,2308,1559,2141.272332721013,927.6002729621608,False,0.49126318156039567,0.46805910024362896,-0.23610314186219494,-0.310721493429683,185657.13434789734,0.8364559224340242
strict,strict_chemical,100,descriptor_lightgbm_rdkit_mordred,potency_ge6_descriptive_tail,560,56,52,55.943540642841484,47.38653300749192,False,1.3763520647413598,1.377397768846714,-1.3772191158776312,-1.3761723197560587,5565.977961432507,0.025076845262802072
strict,strict_chemical,100,descriptor_lightgbm_rdkit_mordred,"novelty_[0,0.2)",4903,1455,1124,774.8447629804823,576.4445810437725,False,0.7243405950275248,0.9758693527356769,0.5333671432307256,0.03255459809074438,28465.23399671953,0.1282466932588203
strict,strict_chemical,100,descriptor_lightgbm_rdkit_mordred,"novelty_[0.2,0.35)",28537,3287,1931,2590.894315988731,887.850327127008,False,0.589198867788513,0.7280776903894585,0.22937543745368894,-0.08260491291797063,193491.63111537026,0.8717533067411797
strict,strict_chemical,100,descriptor_lightgbm_rdkit_mordred,"novelty_[0.35,0.5)",0,0,0,0.0,0.0,True,,,,,0.0,0.0
strict,strict_chemical,100,descriptor_lightgbm_rdkit_mordred,"novelty_[0.5,0.7)",0,0,0,0.0,0.0,True,,,,,0.0,0.0
strict,strict_chemical,100,descriptor_lightgbm_rdkit_mordred,"novelty_[0.7,1]",0,0,0,0.0,0.0,True,,,,,0.0,0.0
strict,strict_chemical,100,head_pretrained,all,33440,3344,1975,2782.343188564992,1012.5588141842961,False,0.5932136598464388,0.7995819210860827,0.44099492846236676,0.09646026402945397,221956.86511208978,1.0
strict,strict_chemical,100,head_pretrained,potency_lt4,10360,1036,617,818.9342623395673,280.80404787274347,False,1.4059150715854356,1.6268388765547113,1.5934178378537507,1.3745226226470555,36299.730764192434,0.16354407756597578
strict,strict_chemical,100,head_pretrained,potency_ge4,23080,2308,1559,2141.272332721013,927.6002729621608,False,0.4343140703347106,0.42824820970588373,-0.07629715738229269,-0.1534268177711983,185657.13434789734,0.8364559224340242
strict,strict_chemical,100,head_pretrained,potency_ge6_descriptive_tail,560,56,52,55.943540642841484,47.38653300749192,False,1.1790093143295295,1.1808426123154416,-1.1805041287315352,-1.1786687617648208,5565.977961432507,0.025076845262802072
strict,strict_chemical,100,head_pretrained,"novelty_[0,0.2)",4903,1455,1124,774.8447629804823,576.4445810437725,False,0.7179577824389388,1.044927783315081,0.7301051150339797,0.25520533344681684,28465.23399671953,0.1282466932588203
strict,strict_chemical,100,head_pretrained,"novelty_[0.2,0.35)",28537,3287,1931,2590.894315988731,887.850327127008,False,0.5748621134832076,0.7574285495856173,0.3913223194018272,0.07310671886192985,193491.63111537026,0.8717533067411797
strict,strict_chemical,100,head_pretrained,"novelty_[0.35,0.5)",0,0,0,0.0,0.0,True,,,,,0.0,0.0
strict,strict_chemical,100,head_pretrained,"novelty_[0.5,0.7)",0,0,0,0.0,0.0,True,,,,,0.0,0.0
strict,strict_chemical,100,head_pretrained,"novelty_[0.7,1]",0,0,0,0.0,0.0,True,,,,,0.0,0.0
strict,strict_chemical,100,head_random,all,33440,3344,1975,2782.343188564992,1012.5588141842961,False,0.604513284000752,0.7986016782449495,0.3800159563502514,0.04878773197747189,221956.86511208978,1.0
strict,strict_chemical,100,head_random,potency_lt4,10360,1036,617,818.9342623395673,280.80404787274347,False,1.3716169323243166,1.5867730573958871,1.485868479319521,1.2891193425309828,36299.730764192434,0.16354407756597578
strict,strict_chemical,100,head_random,potency_ge4,23080,2308,1559,2141.272332721013,927.6002729621608,False,0.45452898094565913,0.4448124456624663,-0.11637191791151771,-0.193722224235905,185657.13434789734,0.8364559224340242
strict,strict_chemical,100,head_random,potency_ge6_descriptive_tail,560,56,52,55.943540642841484,47.38653300749192,False,1.2853117805135517,1.2865705907033629,-1.2865705907033629,-1.2853117805135517,5565.977961432507,0.025076845262802072
strict,strict_chemical,100,head_random,"novelty_[0,0.2)",4903,1455,1124,774.8447629804823,576.4445810437725,False,0.7382602817446281,1.0541128038964602,0.5780301449929168,0.1393150802548865,28465.23399671953,0.1282466932588203
strict,strict_chemical,100,head_random,"novelty_[0.2,0.35)",28537,3287,1931,2590.894315988731,887.850327127008,False,0.5848372930279533,0.7547017921647954,0.34599473593762964,0.03546993555927612,193491.63111537026,0.8717533067411797
strict,strict_chemical,100,head_random,"novelty_[0.35,0.5)",0,0,0,0.0,0.0,True,,,,,0.0,0.0
strict,strict_chemical,100,head_random,"novelty_[0.5,0.7)",0,0,0,0.0,0.0,True,,,,,0.0,0.0
strict,strict_chemical,100,head_random,"novelty_[0.7,1]",0,0,0,0.0,0.0,True,,,,,0.0,0.0
strict,strict_chemical,100,morgan_ridge,all,33440,3344,1975,2782.343188564992,1012.5588141842961,False,0.6512184850577145,0.8672035343224468,0.3973739066824037,-0.021017169961349346,221956.86511208978,1.0
strict,strict_chemical,100,morgan_ridge,potency_lt4,10360,1036,617,818.9342623395673,280.80404787274347,False,1.5435541564305388,1.8149248918841763,1.8149248918841763,1.5435541564305388,36299.730764192434,0.16354407756597578
strict,strict_chemical,100,morgan_ridge,potency_ge4,23080,2308,1559,2141.272332721013,927.6002729621608,False,0.47674878457520625,0.4417965471326933,-0.2389271421343364,-0.3269225589941096,185657.13434789734,0.8364559224340242
strict,strict_chemical,100,morgan_ridge,potency_ge6_descriptive_tail,560,56,52,55.943540642841484,47.38653300749192,False,1.5650318696062613,1.5658787008421857,-1.5658787008421857,-1.5650318696062613,5565.977961432507,0.025076845262802072
strict,strict_chemical,100,morgan_ridge,"novelty_[0,0.2)",4903,1455,1124,774.8447629804823,576.4445810437725,False,0.7961681855987233,1.1501981249271915,0.7346688572664423,0.12036585996761577,28465.23399671953,0.1282466932588203
strict,strict_chemical,100,morgan_ridge,"novelty_[0.2,0.35)",28537,3287,1931,2590.894315988731,887.850327127008,False,0.6298944250977565,0.8185816582410417,0.33942257533315384,-0.04181652447034911,193491.63111537026,0.8717533067411797
strict,strict_chemical,100,morgan_ridge,"novelty_[0.35,0.5)",0,0,0,0.0,0.0,True,,,,,0.0,0.0
strict,strict_chemical,100,morgan_ridge,"novelty_[0.5,0.7)",0,0,0,0.0,0.0,True,,,,,0.0,0.0
strict,strict_chemical,100,morgan_ridge,"novelty_[0.7,1]",0,0,0,0.0,0.0,True,,,,,0.0,0.0
strict,strict_chemical,100,native_affine,all,33440,3344,1975,2782.343188564992,1012.5588141842961,False,0.6293206399464304,0.8355584722771323,0.3980747405160825,0.012321226265468983,221956.86511208978,1.0
strict,strict_chemical,100,native_affine,potency_lt4,10360,1036,617,818.9342623395673,280.80404787274347,False,1.4398675500053293,1.7028529082403219,1.7019408922996302,1.4383928636426464,36299.730764192434,0.16354407756597578
strict,strict_chemical,100,native_affine,potency_ge4,23080,2308,1559,2141.272332721013,927.6002729621608,False,0.47084229915855674,0.44625299755535414,-0.18719620109906274,-0.26650466787032984,185657.13434789734,0.8364559224340242
strict,strict_chemical,100,native_affine,potency_ge6_descriptive_tail,560,56,52,55.943540642841484,47.38653300749192,False,1.2859125522739179,1.2864345990913872,-1.2846978486692229,-1.2841651859653356,5565.977961432507,0.025076845262802072
strict,strict_chemical,100,native_affine,"novelty_[0,0.2)",4903,1455,1124,774.8447629804823,576.4445810437725,False,0.7618270729234016,1.1219531175488782,0.8109216213766021,0.25659828473583096,28465.23399671953,0.1282466932588203
strict,strict_chemical,100,native_affine,"novelty_[0.2,0.35)",28537,3287,1931,2590.894315988731,887.850327127008,False,0.6098271528172061,0.7863524258893774,0.3271426783911525,-0.02361523046553658,193491.63111537026,0.8717533067411797
strict,strict_chemical,100,native_affine,"novelty_[0.35,0.5)",0,0,0,0.0,0.0,True,,,,,0.0,0.0
strict,strict_chemical,100,native_affine,"novelty_[0.5,0.7)",0,0,0,0.0,0.0,True,,,,,0.0,0.0
strict,strict_chemical,100,native_affine,"novelty_[0.7,1]",0,0,0,0.0,0.0,True,,,,,0.0,0.0
strict,strict_chemical,100,native_continuous,all,33440,3344,1975,2782.343188564992,1012.5588141842961,False,0.6280511826964411,0.9149869590388832,0.7130316378920539,0.3341676717602927,221956.86511208978,1.0
strict,strict_chemical,100,native_continuous,potency_lt4,10360,1036,617,818.9342623395673,280.80404787274347,False,1.7297461583641474,1.9913497362265713,1.9913497362265713,1.7297461583641474,36299.730764192434,0.16354407756597578
strict,strict_chemical,100,native_continuous,potency_ge4,23080,2308,1559,2141.272332721013,927.6002729621608,False,0.412647497072042,0.4318362496946697,0.13922854002612672,0.06130380632385631,185657.13434789734,0.8364559224340242
strict,strict_chemical,100,native_continuous,potency_ge6_descriptive_tail,560,56,52,55.943540642841484,47.38653300749192,False,0.9285451624486243,0.9289999227269382,-0.9286158903412483,-0.9281587826650957,5565.977961432507,0.025076845262802072
strict,strict_chemical,100,native_continuous,"novelty_[0,0.2)",4903,1455,1124,774.8447629804823,576.4445810437725,False,0.8252610103984503,1.2719757755746612,1.1320111285470627,0.5916923439860143,28465.23399671953,0.1282466932588203
strict,strict_chemical,100,native_continuous,"novelty_[0.2,0.35)",28537,3287,1931,2590.894315988731,887.850327127008,False,0.599038951730011,0.8536519845329815,0.6410459196076685,0.29628231200298716,193491.63111537026,0.8717533067411797
strict,strict_chemical,100,native_continuous,"novelty_[0.35,0.5)",0,0,0,0.0,0.0,True,,,,,0.0,0.0
strict,strict_chemical,100,native_continuous,"novelty_[0.5,0.7)",0,0,0,0.0,0.0,True,,,,,0.0,0.0
strict,strict_chemical,100,native_continuous,"novelty_[0.7,1]",0,0,0,0.0,0.0,True,,,,,0.0,0.0
strict,strict_chemical,100,repr_ridge_stable,all,33440,3344,1975,2782.343188564992,1012.5588141842961,False,0.6122320139493435,0.7938040557513126,0.3076709796080894,-0.02431050043669383,221956.86511208978,1.0
strict,strict_chemical,100,repr_ridge_stable,potency_lt4,10360,1036,617,818.9342623395673,280.80404787274347,False,1.3316610352939853,1.5601000906440659,1.417801430409534,1.2179926772358554,36299.730764192434,0.16354407756597578
strict,strict_chemical,100,repr_ridge_stable,potency_ge4,23080,2308,1559,2141.272332721013,927.6002729621608,False,0.47156906625016876,0.4498340851495395,-0.1906371430220217,-0.26720593796139236,185657.13434789734,0.8364559224340242
strict,strict_chemical,100,repr_ridge_stable,potency_ge6_descriptive_tail,560,56,52,55.943540642841484,47.38653300749192,False,1.3971751718844705,1.3984786832075777,-1.3984786832075777,-1.3971751718844705,5565.977961432507,0.025076845262802072
strict,strict_chemical,100,repr_ridge_stable,"novelty_[0,0.2)",4903,1455,1124,774.8447629804823,576.4445810437725,False,0.7525258994736558,1.052586104573162,0.49479561605729233,0.050633028111564726,28465.23399671953,0.1282466932588203
strict,strict_chemical,100,repr_ridge_stable,"novelty_[0.2,0.35)",28537,3287,1931,2590.894315988731,887.850327127008,False,0.5915928873021689,0.7493421857098392,0.2755207153017349,-0.03533570635577585,193491.63111537026,0.8717533067411797
strict,strict_chemical,100,repr_ridge_stable,"novelty_[0.35,0.5)",0,0,0,0.0,0.0,True,,,,,0.0,0.0
strict,strict_chemical,100,repr_ridge_stable,"novelty_[0.5,0.7)",0,0,0,0.0,0.0,True,,,,,0.0,0.0
strict,strict_chemical,100,repr_ridge_stable,"novelty_[0.7,1]",0,0,0,0.0,0.0,True,,,,,0.0,0.0
strict,strict_chemical,100,repr_ridge_unscaled,all,33440,3344,1975,2782.343188564992,1012.5588141842961,False,0.6078864760932847,0.7880906045943984,0.3348514989105414,-0.0021240998702863126,221956.86511208978,1.0
strict,strict_chemical,100,repr_ridge_unscaled,potency_lt4,10360,1036,617,818.9342623395673,280.80404787274347,False,1.3267381158601557,1.5432096140370684,1.4623577473920955,1.2584988499345617,36299.730764192434,0.16354407756597578
strict,strict_chemical,100,repr_ridge_unscaled,potency_ge4,23080,2308,1559,2141.272332721013,927.6002729621608,False,0.46733641818902616,0.4491377043419697,-0.1712561585534491,-0.24860142396454524,185657.13434789734,0.8364559224340242
strict,strict_chemical,100,repr_ridge_unscaled,potency_ge6_descriptive_tail,560,56,52,55.943540642841484,47.38653300749192,False,1.353136445343379,1.3536255625519318,-1.3536255625519318,-1.353136445343379,5565.977961432507,0.025076845262802072
strict,strict_chemical,100,repr_ridge_unscaled,"novelty_[0,0.2)",4903,1455,1124,774.8447629804823,576.4445810437725,False,0.7309337856487554,1.0241695592422022,0.5698921045119368,0.10777638868568847,28465.23399671953,0.1282466932588203
strict,strict_chemical,100,repr_ridge_unscaled,"novelty_[0.2,0.35)",28537,3287,1931,2590.894315988731,887.850327127008,False,0.5897845538604061,0.7475293993297183,0.2944686945070076,-0.018291947053477055,193491.63111537026,0.8717533067411797
strict,strict_chemical,100,repr_ridge_unscaled,"novelty_[0.35,0.5)",0,0,0,0.0,0.0,True,,,,,0.0,0.0
strict,strict_chemical,100,repr_ridge_unscaled,"novelty_[0.5,0.7)",0,0,0,0.0,0.0,True,,,,,0.0,0.0
strict,strict_chemical,100,repr_ridge_unscaled,"novelty_[0.7,1]",0,0,0,0.0,0.0,True,,,,,0.0,0.0
strict,strict_chemical,100,weighted_median,all,33440,3344,1975,2782.343188564992,1012.5588141842961,False,0.6397698136512064,0.9307576418112641,0.6317217242174438,0.2020985536053721,221956.86511208978,1.0
strict,strict_chemical,100,weighted_median,potency_lt4,10360,1036,617,818.9342623395673,280.80404787274347,False,1.818923902413454,2.0940530888030886,2.0940530888030886,1.818923902413454,36299.730764192434,0.16354407756597578
strict,strict_chemical,100,weighted_median,potency_ge4,23080,2308,1559,2141.272332721013,927.6002729621608,False,0.4092213022680725,0.40858516213902407,-0.024680049487377658,-0.11402355535962388,185657.13434789734,0.8364559224340242
strict,strict_chemical,100,weighted_median,potency_ge6_descriptive_tail,560,56,52,55.943540642841484,47.38653300749192,False,1.3740410394081959,1.3745634681583478,-1.3745634681583478,-1.3740410394081959,5565.977961432507,0.025076845262802072
strict,strict_chemical,100,weighted_median,"novelty_[0,0.2)",4903,1455,1124,774.8447629804823,576.4445810437725,False,0.8014389439407769,1.2554339732988655,0.9956694327790458,0.36891407741999016,28465.23399671953,0.1282466932588203
strict,strict_chemical,100,weighted_median,"novelty_[0.2,0.35)",28537,3287,1931,2590.894315988731,887.850327127008,False,0.615986099610392,0.8749743410689399,0.5691911283216757,0.17755773552297568,193491.63111537026,0.8717533067411797
strict,strict_chemical,100,weighted_median,"novelty_[0.35,0.5)",0,0,0,0.0,0.0,True,,,,,0.0,0.0
strict,strict_chemical,100,weighted_median,"novelty_[0.5,0.7)",0,0,0,0.0,0.0,True,,,,,0.0,0.0
strict,strict_chemical,100,weighted_median,"novelty_[0.7,1]",0,0,0,0.0,0.0,True,,,,,0.0,0.0
strict,strict_chemical,250,descriptor_lightgbm_rdkit_mordred,all,33440,3344,1975,2782.343188564992,1012.5588141842961,False,0.5417598781245229,0.6715467064684004,0.22855748781434287,-0.06356660948581311,221956.86511208978,1.0
strict,strict_chemical,250,descriptor_lightgbm_rdkit_mordred,potency_lt4,10360,1036,617,818.9342623395673,280.80404787274347,False,1.0106699334081428,1.1998646864002538,1.1690761504919471,0.9644710385850794,36299.730764192434,0.16354407756597578
strict,strict_chemical,250,descriptor_lightgbm_rdkit_mordred,potency_ge4,23080,2308,1559,2141.272332721013,927.6002729621608,False,0.4500784632454035,0.434398774401936,-0.19361640063193006,-0.2645687954319717,185657.13434789734,0.8364559224340242
strict,strict_chemical,250,descriptor_lightgbm_rdkit_mordred,potency_ge6_descriptive_tail,560,56,52,55.943540642841484,47.38653300749192,False,1.3093215093871389,1.3110781394983395,-1.3110781394983395,-1.3093215093871389,5565.977961432507,0.025076845262802072
strict,strict_chemical,250,descriptor_lightgbm_rdkit_mordred,"novelty_[0,0.2)",1848,558,484,265.25627151780395,187.02505839764166,False,0.7375071540016466,0.9699754523654103,0.5989876139757805,0.09183576587181558,9456.517256345616,0.04260520282429655
strict,strict_chemical,250,descriptor_lightgbm_rdkit_mordred,"novelty_[0.2,0.35)",31592,3313,1952,2704.9002534081583,961.250883576958,False,0.5330488924207665,0.654089871750191,0.20688887319208604,-0.07048219931460778,212500.34785574416,0.9573947971757034
strict,strict_chemical,250,descriptor_lightgbm_rdkit_mordred,"novelty_[0.35,0.5)",0,0,0,0.0,0.0,True,,,,,0.0,0.0
strict,strict_chemical,250,descriptor_lightgbm_rdkit_mordred,"novelty_[0.5,0.7)",0,0,0,0.0,0.0,True,,,,,0.0,0.0
strict,strict_chemical,250,descriptor_lightgbm_rdkit_mordred,"novelty_[0.7,1]",0,0,0,0.0,0.0,True,,,,,0.0,0.0
strict,strict_chemical,250,head_pretrained,all,33440,3344,1975,2782.343188564992,1012.5588141842961,False,0.5679897046921112,0.7741912722276363,0.44145985826545564,0.11216739877117755,221956.86511208978,1.0
strict,strict_chemical,250,head_pretrained,potency_lt4,10360,1036,617,818.9342623395673,280.80404787274347,False,1.3878706366752698,1.5966581438034197,1.539107266780339,1.3426402012582748,36299.730764192434,0.16354407756597578
strict,strict_chemical,250,head_pretrained,potency_ge4,23080,2308,1559,2141.272332721013,927.6002729621608,False,0.407686373531593,0.40500770249084606,-0.051244957688365504,-0.12841496074776773,185657.13434789734,0.8364559224340242
strict,strict_chemical,250,head_pretrained,potency_ge6_descriptive_tail,560,56,52,55.943540642841484,47.38653300749192,False,1.2085808803952296,1.2099024908747813,-1.207254615111113,-1.205916819491775,5565.977961432507,0.025076845262802072
strict,strict_chemical,250,head_pretrained,"novelty_[0,0.2)",1848,558,484,265.25627151780395,187.02505839764166,False,0.8128874722602256,1.1872249195351319,0.8177693917115607,0.3223991466311549,9456.517256345616,0.04260520282429655
strict,strict_chemical,250,head_pretrained,"novelty_[0.2,0.35)",31592,3313,1952,2704.9002534081583,961.250883576958,False,0.5570914638731338,0.7500305296274763,0.41944732288281433,0.10281183690254865,212500.34785574416,0.9573947971757034
strict,strict_chemical,250,head_pretrained,"novelty_[0.35,0.5)",0,0,0,0.0,0.0,True,,,,,0.0,0.0
strict,strict_chemical,250,head_pretrained,"novelty_[0.5,0.7)",0,0,0,0.0,0.0,True,,,,,0.0,0.0
strict,strict_chemical,250,head_pretrained,"novelty_[0.7,1]",0,0,0,0.0,0.0,True,,,,,0.0,0.0
strict,strict_chemical,250,head_random,all,33440,3344,1975,2782.343188564992,1012.5588141842961,False,0.5741938148630497,0.7716623656121376,0.3983408795435446,0.07969786464353837,221956.86511208978,1.0
strict,strict_chemical,250,head_random,potency_lt4,10360,1036,617,818.9342623395673,280.80404787274347,False,1.354705444326033,1.5635621037912801,1.460342125633355,1.278710512982565,36299.730764192434,0.16354407756597578
strict,strict_chemical,250,head_random,potency_ge4,23080,2308,1559,2141.272332721013,927.6002729621608,False,0.4215879798794275,0.41619957152479276,-0.07836331930786086,-0.15473339742695125,185657.13434789734,0.8364559224340242
strict,strict_chemical,250,head_random,potency_ge6_descriptive_tail,560,56,52,55.943540642841484,47.38653300749192,False,1.2546729243901165,1.2559118593421328,-1.2559118593421328,-1.2546729243901165,5565.977961432507,0.025076845262802072
strict,strict_chemical,250,head_random,"novelty_[0,0.2)",1848,558,484,265.25627151780395,187.02505839764166,False,0.823897580951778,1.190625683918755,0.6954685518616801,0.23074367731422338,9456.517256345616,0.04260520282429655
strict,strict_chemical,250,head_random,"novelty_[0.2,0.35)",31592,3313,1952,2704.9002534081583,961.250883576958,False,0.5630817014156142,0.7471547620343131,0.38096015219345863,0.07297614701609842,212500.34785574416,0.9573947971757034
strict,strict_chemical,250,head_random,"novelty_[0.35,0.5)",0,0,0,0.0,0.0,True,,,,,0.0,0.0
strict,strict_chemical,250,head_random,"novelty_[0.5,0.7)",0,0,0,0.0,0.0,True,,,,,0.0,0.0
strict,strict_chemical,250,head_random,"novelty_[0.7,1]",0,0,0,0.0,0.0,True,,,,,0.0,0.0
strict,strict_chemical,250,morgan_ridge,all,33440,3344,1975,2782.343188564992,1012.5588141842961,False,0.6117106878984969,0.8154176801769757,0.37398928260134345,-0.019585375655526267,221956.86511208978,1.0
strict,strict_chemical,250,morgan_ridge,potency_lt4,10360,1036,617,818.9342623395673,280.80404787274347,False,1.4314388427992024,1.6942035353218454,1.6941886180560441,1.431421536250349,36299.730764192434,0.16354407756597578
strict,strict_chemical,250,morgan_ridge,potency_ge4,23080,2308,1559,2141.272332721013,927.6002729621608,False,0.4514372277525208,0.42095401209634964,-0.21861319206549776,-0.3032866210946951,185657.13434789734,0.8364559224340242
strict,strict_chemical,250,morgan_ridge,potency_ge6_descriptive_tail,560,56,52,55.943540642841484,47.38653300749192,False,1.5099106735965122,1.5112080506442804,-1.5112080506442804,-1.5099106735965122,5565.977961432507,0.025076845262802072
strict,strict_chemical,250,morgan_ridge,"novelty_[0,0.2)",1848,558,484,265.25627151780395,187.02505839764166,False,0.8894737655344884,1.2759549208820846,0.9030058074554232,0.20496049048304504,9456.517256345616,0.04260520282429655
strict,strict_chemical,250,morgan_ridge,"novelty_[0.2,0.35)",31592,3313,1952,2704.9002534081583,961.250883576958,False,0.599349901841697,0.7884781758460362,0.3430440262728318,-0.02957793274734787,212500.34785574416,0.9573947971757034
strict,strict_chemical,250,morgan_ridge,"novelty_[0.35,0.5)",0,0,0,0.0,0.0,True,,,,,0.0,0.0
strict,strict_chemical,250,morgan_ridge,"novelty_[0.5,0.7)",0,0,0,0.0,0.0,True,,,,,0.0,0.0
strict,strict_chemical,250,morgan_ridge,"novelty_[0.7,1]",0,0,0,0.0,0.0,True,,,,,0.0,0.0
strict,strict_chemical,250,native_affine,all,33440,3344,1975,2782.343188564992,1012.5588141842961,False,0.6210115586235953,0.8326871360633094,0.41561444385584856,0.029646722364656014,221956.86511208978,1.0
strict,strict_chemical,250,native_affine,potency_lt4,10360,1036,617,818.9342623395673,280.80404787274347,False,1.4573953394502295,1.7207081312212704,1.7202427288648245,1.456696508820127,36299.730764192434,0.16354407756597578
strict,strict_chemical,250,native_affine,potency_ge4,23080,2308,1559,2141.272332721013,927.6002729621608,False,0.45748158620329205,0.43407805851406867,-0.1699985991551128,-0.24937041973106633,185657.13434789734,0.8364559224340242
strict,strict_chemical,250,native_affine,potency_ge6_descriptive_tail,560,56,52,55.943540642841484,47.38653300749192,False,1.2719141581393896,1.2724084710479808,-1.2724084710479808,-1.2719141581393896,5565.977961432507,0.025076845262802072
strict,strict_chemical,250,native_affine,"novelty_[0,0.2)",1848,558,484,265.25627151780395,187.02505839764166,False,0.9213824433316401,1.3791148545987257,1.150915122543311,0.5046462823783281,9456.517256345616,0.04260520282429655
strict,strict_chemical,250,native_affine,"novelty_[0.2,0.35)",31592,3313,1952,2704.9002534081583,961.250883576958,False,0.6076446983656832,0.8007233976531597,0.3726024264395903,0.008508679150368455,212500.34785574416,0.9573947971757034
strict,strict_chemical,250,native_affine,"novelty_[0.35,0.5)",0,0,0,0.0,0.0,True,,,,,0.0,0.0
strict,strict_chemical,250,native_affine,"novelty_[0.5,0.7)",0,0,0,0.0,0.0,True,,,,,0.0,0.0
strict,strict_chemical,250,native_affine,"novelty_[0.7,1]",0,0,0,0.0,0.0,True,,,,,0.0,0.0
strict,strict_chemical,250,native_continuous,all,33440,3344,1975,2782.343188564992,1012.5588141842961,False,0.6280511826964411,0.9149869590388832,0.7130316378920539,0.3341676717602927,221956.86511208978,1.0
strict,strict_chemical,250,native_continuous,potency_lt4,10360,1036,617,818.9342623395673,280.80404787274347,False,1.7297461583641474,1.9913497362265713,1.9913497362265713,1.7297461583641474,36299.730764192434,0.16354407756597578
strict,strict_chemical,250,native_continuous,potency_ge4,23080,2308,1559,2141.272332721013,927.6002729621608,False,0.412647497072042,0.4318362496946697,0.13922854002612672,0.06130380632385631,185657.13434789734,0.8364559224340242
strict,strict_chemical,250,native_continuous,potency_ge6_descriptive_tail,560,56,52,55.943540642841484,47.38653300749192,False,0.9285451624486243,0.9289999227269382,-0.9286158903412483,-0.9281587826650957,5565.977961432507,0.025076845262802072
strict,strict_chemical,250,native_continuous,"novelty_[0,0.2)",1848,558,484,265.25627151780395,187.02505839764166,False,1.0365556459915657,1.5732588432771915,1.4643987675458743,0.8332300158191951,9456.517256345616,0.04260520282429655
strict,strict_chemical,250,native_continuous,"novelty_[0.2,0.35)",31592,3313,1952,2704.9002534081583,961.250883576958,False,0.6098722500715074,0.8764808042505701,0.6690798002242817,0.3119588061456865,212500.34785574416,0.9573947971757034
strict,strict_chemical,250,native_continuous,"novelty_[0.35,0.5)",0,0,0,0.0,0.0,True,,,,,0.0,0.0
strict,strict_chemical,250,native_continuous,"novelty_[0.5,0.7)",0,0,0,0.0,0.0,True,,,,,0.0,0.0
strict,strict_chemical,250,native_continuous,"novelty_[0.7,1]",0,0,0,0.0,0.0,True,,,,,0.0,0.0
strict,strict_chemical,250,repr_ridge_stable,all,33440,3344,1975,2782.343188564992,1012.5588141842961,False,0.5706972467119514,0.7345228462629043,0.2843624523627412,-0.00710918433860722,221956.86511208978,1.0
strict,strict_chemical,250,repr_ridge_stable,potency_lt4,10360,1036,617,818.9342623395673,280.80404787274347,False,1.1989732253304008,1.4055800129800837,1.246959122856188,1.0725732377187494,36299.730764192434,0.16354407756597578
strict,strict_chemical,250,repr_ridge_stable,potency_ge4,23080,2308,1559,2141.272332721013,927.6002729621608,False,0.4478565654229508,0.4333030781870819,-0.14772166836135364,-0.2182089698069759,185657.13434789734,0.8364559224340242
strict,strict_chemical,250,repr_ridge_stable,potency_ge6_descriptive_tail,560,56,52,55.943540642841484,47.38653300749192,False,1.2813958001980965,1.28278755930777,-1.2821351803638834,-1.280739433588117,5565.977961432507,0.025076845262802072
strict,strict_chemical,250,repr_ridge_stable,"novelty_[0,0.2)",1848,558,484,265.25627151780395,187.02505839764166,False,0.8238149554500848,1.1505735333403693,0.515355124441897,0.08982226698074647,9456.517256345616,0.04260520282429655
strict,strict_chemical,250,repr_ridge_stable,"novelty_[0.2,0.35)",31592,3313,1952,2704.9002534081583,961.250883576958,False,0.5594332087716761,0.710185619442217,0.270850346196551,-0.011422748769599827,212500.34785574416,0.9573947971757034
strict,strict_chemical,250,repr_ridge_stable,"novelty_[0.35,0.5)",0,0,0,0.0,0.0,True,,,,,0.0,0.0
strict,strict_chemical,250,repr_ridge_stable,"novelty_[0.5,0.7)",0,0,0,0.0,0.0,True,,,,,0.0,0.0
strict,strict_chemical,250,repr_ridge_stable,"novelty_[0.7,1]",0,0,0,0.0,0.0,True,,,,,0.0,0.0
strict,strict_chemical,250,repr_ridge_unscaled,all,33440,3344,1975,2782.343188564992,1012.5588141842961,False,0.5728029403854981,0.7287565849218578,0.2844983011773057,-0.0008674833529408361,221956.86511208978,1.0
strict,strict_chemical,250,repr_ridge_unscaled,potency_lt4,10360,1036,617,818.9342623395673,280.80404787274347,False,1.175597234143488,1.3653920457054491,1.2258323796711874,1.0549301543580427,36299.730764192434,0.16354407756597578
strict,strict_chemical,250,repr_ridge_unscaled,potency_ge4,23080,2308,1559,2141.272332721013,927.6002729621608,False,0.45494444468878076,0.44298780789768083,-0.13804160580694952,-0.20729730962917048,185657.13434789734,0.8364559224340242
strict,strict_chemical,250,repr_ridge_unscaled,potency_ge6_descriptive_tail,560,56,52,55.943540642841484,47.38653300749192,False,1.25667934358166,1.2582647390380495,-1.2565174149694935,-1.2549213389952756,5565.977961432507,0.025076845262802072
strict,strict_chemical,250,repr_ridge_unscaled,"novelty_[0,0.2)",1848,558,484,265.25627151780395,187.02505839764166,False,0.811636737626187,1.1028779848015235,0.5781972591741816,0.12459031692439247,9456.517256345616,0.04260520282429655
strict,strict_chemical,250,repr_ridge_unscaled,"novelty_[0.2,0.35)",31592,3313,1952,2704.9002534081583,961.250883576958,False,0.5621745534308642,0.706872046210234,0.2673181392889092,-0.0064505041114345935,212500.34785574416,0.9573947971757034
strict,strict_chemical,250,repr_ridge_unscaled,"novelty_[0.35,0.5)",0,0,0,0.0,0.0,True,,,,,0.0,0.0
strict,strict_chemical,250,repr_ridge_unscaled,"novelty_[0.5,0.7)",0,0,0,0.0,0.0,True,,,,,0.0,0.0
strict,strict_chemical,250,repr_ridge_unscaled,"novelty_[0.7,1]",0,0,0,0.0,0.0,True,,,,,0.0,0.0
strict,strict_chemical,250,weighted_median,all,33440,3344,1975,2782.343188564992,1012.5588141842961,False,0.6370541052235006,0.9316801896581541,0.6427196309160086,0.21322694625231028,221956.86511208978,1.0
strict,strict_chemical,250,weighted_median,potency_lt4,10360,1036,617,818.9342623395673,280.80404787274347,False,1.8300333645977245,2.1046389961389966,2.1046389961389966,1.8300333645977245,36299.730764192434,0.16354407756597578
strict,strict_chemical,250,weighted_median,potency_ge4,23080,2308,1559,2141.272332721013,927.6002729621608,False,0.4038024929186247,0.40517008414942257,-0.01349720719968258,-0.10289146142374517,185657.13434789734,0.8364559224340242
strict,strict_chemical,250,weighted_median,potency_ge6_descriptive_tail,560,56,52,55.943540642841484,47.38653300749192,False,1.3623035551843843,1.3628313253012048,-1.3628313253012048,-1.3623035551843843,5565.977961432507,0.025076845262802072
strict,strict_chemical,250,weighted_median,"novelty_[0,0.2)",1848,558,484,265.25627151780395,187.02505839764166,False,0.9729194066371117,1.5215371551139625,1.295589468262661,0.5473458917240502,9456.517256345616,0.04260520282429655
strict,strict_chemical,250,weighted_median,"novelty_[0.2,0.35)",31592,3313,1952,2704.9002534081583,961.250883576958,False,0.6221077013673448,0.8971760217624107,0.6045294732996305,0.19835825730470255,212500.34785574416,0.9573947971757034
strict,strict_chemical,250,weighted_median,"novelty_[0.35,0.5)",0,0,0,0.0,0.0,True,,,,,0.0,0.0
strict,strict_chemical,250,weighted_median,"novelty_[0.5,0.7)",0,0,0,0.0,0.0,True,,,,,0.0,0.0
strict,strict_chemical,250,weighted_median,"novelty_[0.7,1]",0,0,0,0.0,0.0,True,,,,,0.0,0.0
strict,strict_chemical,500,descriptor_lightgbm_rdkit_mordred,all,33440,3344,1975,2782.343188564992,1012.5588141842961,False,0.4969453564336251,0.6027537900580529,0.188135631938827,-0.061563448258821485,221956.86511208978,1.0
strict,strict_chemical,500,descriptor_lightgbm_rdkit_mordred,potency_lt4,10360,1036,617,818.9342623395673,280.80404787274347,False,0.8667594808904453,1.0217226898975051,0.9593036250704507,0.7795596272185152,36299.730764192434,0.16354407756597578
strict,strict_chemical,500,descriptor_lightgbm_rdkit_mordred,potency_ge4,23080,2308,1559,2141.272332721013,927.6002729621608,False,0.4246392034935339,0.41468976049406986,-0.1580212315292675,-0.226020048790869,185657.13434789734,0.8364559224340242
strict,strict_chemical,500,descriptor_lightgbm_rdkit_mordred,potency_ge6_descriptive_tail,560,56,52,55.943540642841484,47.38653300749192,False,1.269062011362375,1.270879246112006,-1.270879246112006,-1.269062011362375,5565.977961432507,0.025076845262802072
strict,strict_chemical,500,descriptor_lightgbm_rdkit_mordred,"novelty_[0,0.2)",906,257,226,104.98153468456758,66.07313645711439,False,0.8273684738371605,0.960274214014412,0.496606225175819,-0.024784277261999336,4289.039838603632,0.01932375390343361
strict,strict_chemical,500,descriptor_lightgbm_rdkit_mordred,"novelty_[0.2,0.35)",32534,3319,1958,2740.662221501643,987.0695084765948,False,0.4904345277782704,0.5927976363694667,0.17954540763586044,-0.062288164139259916,217667.82527348615,0.9806762460965663
strict,strict_chemical,500,descriptor_lightgbm_rdkit_mordred,"novelty_[0.35,0.5)",0,0,0,0.0,0.0,True,,,,,0.0,0.0
strict,strict_chemical,500,descriptor_lightgbm_rdkit_mordred,"novelty_[0.5,0.7)",0,0,0,0.0,0.0,True,,,,,0.0,0.0
strict,strict_chemical,500,descriptor_lightgbm_rdkit_mordred,"novelty_[0.7,1]",0,0,0,0.0,0.0,True,,,,,0.0,0.0
strict,strict_chemical,500,head_pretrained,all,33440,3344,1975,2782.343188564992,1012.5588141842961,False,0.5414470219627506,0.7274680263354465,0.3993974660133043,0.09452228932712481,221956.86511208978,1.0
strict,strict_chemical,500,head_pretrained,potency_lt4,10360,1036,617,818.9342623395673,280.80404787274347,False,1.2809748736648903,1.4690638997105252,1.405523463330367,1.2229453061674407,36299.730764192434,0.16354407756597578
strict,strict_chemical,500,head_pretrained,potency_ge4,23080,2308,1559,2141.272332721013,927.6002729621608,False,0.39685434577124024,0.3945853032780021,-0.0522258152780635,-0.12610726979697978,185657.13434789734,0.8364559224340242
strict,strict_chemical,500,head_pretrained,potency_ge6_descriptive_tail,560,56,52,55.943540642841484,47.38653300749192,False,1.229603366632165,1.2305616780094764,-1.2305616780094764,-1.229603366632165,5565.977961432507,0.025076845262802072
strict,strict_chemical,500,head_pretrained,"novelty_[0,0.2)",906,257,226,104.98153468456758,66.07313645711439,False,0.8938075963592947,1.2128739581864418,0.7395940948432455,0.21459038416944695,4289.039838603632,0.01932375390343361
strict,strict_chemical,500,head_pretrained,"novelty_[0.2,0.35)",32534,3319,1958,2740.662221501643,987.0695084765948,False,0.534503926265253,0.7139505438784168,0.38992374173347627,0.09215640524904888,217667.82527348615,0.9806762460965663
strict,strict_chemical,500,head_pretrained,"novelty_[0.35,0.5)",0,0,0,0.0,0.0,True,,,,,0.0,0.0
strict,strict_chemical,500,head_pretrained,"novelty_[0.5,0.7)",0,0,0,0.0,0.0,True,,,,,0.0,0.0
strict,strict_chemical,500,head_pretrained,"novelty_[0.7,1]",0,0,0,0.0,0.0,True,,,,,0.0,0.0
strict,strict_chemical,500,head_random,all,33440,3344,1975,2782.343188564992,1012.5588141842961,False,0.5403242071805248,0.7245157004175116,0.39596085229705985,0.09746093264720625,221956.86511208978,1.0
strict,strict_chemical,500,head_random,potency_lt4,10360,1036,617,818.9342623395673,280.80404787274347,False,1.268019128487885,1.4550911209601696,1.3795213812397868,1.2000301321720934,36299.730764192434,0.16354407756597578
strict,strict_chemical,500,head_random,potency_ge4,23080,2308,1559,2141.272332721013,927.6002729621608,False,0.39804510858995373,0.396579766413095,-0.04553338859750908,-0.11811368145109574,185657.13434789734,0.8364559224340242
strict,strict_chemical,500,head_random,potency_ge6_descriptive_tail,560,56,52,55.943540642841484,47.38653300749192,False,1.221286838057549,1.2220659366364597,-1.2220659366364597,-1.221286838057549,5565.977961432507,0.025076845262802072
strict,strict_chemical,500,head_random,"novelty_[0,0.2)",906,257,226,104.98153468456758,66.07313645711439,False,0.9078305709267537,1.2260051337855293,0.7121022848003821,0.1898684317721764,4289.039838603632,0.01932375390343361
strict,strict_chemical,500,head_random,"novelty_[0.2,0.35)",32534,3319,1958,2740.662221501643,987.0695084765948,False,0.5330826709862458,0.7105503279877021,0.38715701207304776,0.09564008730805353,217667.82527348615,0.9806762460965663
strict,strict_chemical,500,head_random,"novelty_[0.35,0.5)",0,0,0,0.0,0.0,True,,,,,0.0,0.0
strict,strict_chemical,500,head_random,"novelty_[0.5,0.7)",0,0,0,0.0,0.0,True,,,,,0.0,0.0
strict,strict_chemical,500,head_random,"novelty_[0.7,1]",0,0,0,0.0,0.0,True,,,,,0.0,0.0
strict,strict_chemical,500,morgan_ridge,all,33440,3344,1975,2782.343188564992,1012.5588141842961,False,0.5776620754304645,0.7649173377252994,0.34437385769779166,-0.021085182654502595,221956.86511208978,1.0
strict,strict_chemical,500,morgan_ridge,potency_lt4,10360,1036,617,818.9342623395673,280.80404787274347,False,1.3037334795855315,1.5552230561998919,1.555067507039572,1.3035578831580688,36299.730764192434,0.16354407756597578
strict,strict_chemical,500,morgan_ridge,potency_ge4,23080,2308,1559,2141.272332721013,927.6002729621608,False,0.4357004073320008,0.4101700568155602,-0.19907441817659496,-0.28007973633293687,185657.13434789734,0.8364559224340242
strict,strict_chemical,500,morgan_ridge,potency_ge6_descriptive_tail,560,56,52,55.943540642841484,47.38653300749192,False,1.4470123841770186,1.448861629956463,-1.448861629956463,-1.4470123841770186,5565.977961432507,0.025076845262802072
strict,strict_chemical,500,morgan_ridge,"novelty_[0,0.2)",906,257,226,104.98153468456758,66.07313645711439,False,0.999154010852459,1.3129090314669785,0.86765434973612,0.1164926007080959,4289.039838603632,0.01932375390343361
strict,strict_chemical,500,morgan_ridge,"novelty_[0.2,0.35)",32534,3319,1958,2740.662221501643,987.0695084765948,False,0.5693567795035002,0.7496569801138785,0.32980165244215986,-0.023796086725913098,217667.82527348615,0.9806762460965663
strict,strict_chemical,500,morgan_ridge,"novelty_[0.35,0.5)",0,0,0,0.0,0.0,True,,,,,0.0,0.0
strict,strict_chemical,500,morgan_ridge,"novelty_[0.5,0.7)",0,0,0,0.0,0.0,True,,,,,0.0,0.0
strict,strict_chemical,500,morgan_ridge,"novelty_[0.7,1]",0,0,0,0.0,0.0,True,,,,,0.0,0.0
strict,strict_chemical,500,native_affine,all,33440,3344,1975,2782.343188564992,1012.5588141842961,False,0.6187575493070071,0.8314368326405891,0.41742928672877616,0.03085966335287174,221956.86511208978,1.0
strict,strict_chemical,500,native_affine,potency_lt4,10360,1036,617,818.9342623395673,280.80404787274347,False,1.4612337945419989,1.7243381739399146,1.7239796311606772,1.4606893544523527,36299.730764192434,0.16354407756597578
strict,strict_chemical,500,native_affine,potency_ge4,23080,2308,1559,2141.272332721013,927.6002729621608,False,0.45403637667513885,0.4306370971180149,-0.16904651779091584,-0.24870100641541834,185657.13434789734,0.8364559224340242
strict,strict_chemical,500,native_affine,potency_ge6_descriptive_tail,560,56,52,55.943540642841484,47.38653300749192,False,1.2744874236970907,1.274918201250792,-1.274918201250792,-1.2744874236970907,5565.977961432507,0.025076845262802072
strict,strict_chemical,500,native_affine,"novelty_[0,0.2)",906,257,226,104.98153468456758,66.07313645711439,False,1.1017576521423227,1.588712488946555,1.3610081791514403,0.6571987197009906,4289.039838603632,0.01932375390343361
strict,strict_chemical,500,native_affine,"novelty_[0.2,0.35)",32534,3319,1958,2740.662221501643,987.0695084765948,False,0.6092402645153412,0.8103483791884097,0.3911526998800969,0.018517953402054723,217667.82527348615,0.9806762460965663
strict,strict_chemical,500,native_affine,"novelty_[0.35,0.5)",0,0,0,0.0,0.0,True,,,,,0.0,0.0
strict,strict_chemical,500,native_affine,"novelty_[0.5,0.7)",0,0,0,0.0,0.0,True,,,,,0.0,0.0
strict,strict_chemical,500,native_affine,"novelty_[0.7,1]",0,0,0,0.0,0.0,True,,,,,0.0,0.0
strict,strict_chemical,500,native_continuous,all,33440,3344,1975,2782.343188564992,1012.5588141842961,False,0.6280511826964411,0.9149869590388832,0.7130316378920539,0.3341676717602927,221956.86511208978,1.0
strict,strict_chemical,500,native_continuous,potency_lt4,10360,1036,617,818.9342623395673,280.80404787274347,False,1.7297461583641474,1.9913497362265713,1.9913497362265713,1.7297461583641474,36299.730764192434,0.16354407756597578
strict,strict_chemical,500,native_continuous,potency_ge4,23080,2308,1559,2141.272332721013,927.6002729621608,False,0.412647497072042,0.4318362496946697,0.13922854002612672,0.06130380632385631,185657.13434789734,0.8364559224340242
strict,strict_chemical,500,native_continuous,potency_ge6_descriptive_tail,560,56,52,55.943540642841484,47.38653300749192,False,0.9285451624486243,0.9289999227269382,-0.9286158903412483,-0.9281587826650957,5565.977961432507,0.025076845262802072
strict,strict_chemical,500,native_continuous,"novelty_[0,0.2)",906,257,226,104.98153468456758,66.07313645711439,False,1.2248516109495344,1.79410218257727,1.6795445531045965,0.9962033049667612,4289.039838603632,0.01932375390343361
strict,strict_chemical,500,native_continuous,"novelty_[0.2,0.35)",32534,3319,1958,2740.662221501643,987.0695084765948,False,0.616291517209559,0.8905055429042003,0.6861163891927683,0.32112257792600607,217667.82527348615,0.9806762460965663
strict,strict_chemical,500,native_continuous,"novelty_[0.35,0.5)",0,0,0,0.0,0.0,True,,,,,0.0,0.0
strict,strict_chemical,500,native_continuous,"novelty_[0.5,0.7)",0,0,0,0.0,0.0,True,,,,,0.0,0.0
strict,strict_chemical,500,native_continuous,"novelty_[0.7,1]",0,0,0,0.0,0.0,True,,,,,0.0,0.0
strict,strict_chemical,500,repr_ridge_stable,all,33440,3344,1975,2782.343188564992,1012.5588141842961,False,0.5368115522245734,0.6770202670172503,0.26159024270884257,-0.004774457682869667,221956.86511208978,1.0
strict,strict_chemical,500,repr_ridge_stable,potency_lt4,10360,1036,617,818.9342623395673,280.80404787274347,False,1.0688676524239473,1.2438923088835028,1.125570256576972,0.9529246668589451,36299.730764192434,0.16354407756597578
strict,strict_chemical,500,repr_ridge_stable,potency_ge4,23080,2308,1559,2141.272332721013,927.6002729621608,False,0.43278380636648817,0.4225664388658475,-0.12622747582121893,-0.19202403737759363,185657.13434789734,0.8364559224340242
strict,strict_chemical,500,repr_ridge_stable,potency_ge6_descriptive_tail,560,56,52,55.943540642841484,47.38653300749192,False,1.2357732117989009,1.2372445014856028,-1.2372445014856028,-1.2357732117989009,5565.977961432507,0.025076845262802072
strict,strict_chemical,500,repr_ridge_stable,"novelty_[0,0.2)",906,257,226,104.98153468456758,66.07313645711439,False,0.865700933676414,1.1151127075821468,0.547732763803797,0.029121946232298777,4289.039838603632,0.01932375390343361
strict,strict_chemical,500,repr_ridge_stable,"novelty_[0.2,0.35)",32534,3319,1958,2740.662221501643,987.0695084765948,False,0.5303309450987004,0.6648203607299262,0.2536218058700884,-0.005442370024047749,217667.82527348615,0.9806762460965663
strict,strict_chemical,500,repr_ridge_stable,"novelty_[0.35,0.5)",0,0,0,0.0,0.0,True,,,,,0.0,0.0
strict,strict_chemical,500,repr_ridge_stable,"novelty_[0.5,0.7)",0,0,0,0.0,0.0,True,,,,,0.0,0.0
strict,strict_chemical,500,repr_ridge_stable,"novelty_[0.7,1]",0,0,0,0.0,0.0,True,,,,,0.0,0.0
strict,strict_chemical,500,repr_ridge_unscaled,all,33440,3344,1975,2782.343188564992,1012.5588141842961,False,0.543339324916579,0.6773512103540872,0.24939368884340468,-0.007337625018760502,221956.86511208978,1.0
strict,strict_chemical,500,repr_ridge_unscaled,potency_lt4,10360,1036,617,818.9342623395673,280.80404787274347,False,1.0492390137779763,1.2162950696340862,1.0812016205253647,0.9199060117234025,36299.730764192434,0.16354407756597578
strict,strict_chemical,500,repr_ridge_unscaled,potency_ge4,23080,2308,1559,2141.272332721013,927.6002729621608,False,0.44442568734558396,0.43543360280899246,-0.12398283508315976,-0.1886325398884425,185657.13434789734,0.8364559224340242
strict,strict_chemical,500,repr_ridge_unscaled,potency_ge6_descriptive_tail,560,56,52,55.943540642841484,47.38653300749192,False,1.2233094844427754,1.2250780971113446,-1.2250780971113446,-1.2233094844427754,5565.977961432507,0.025076845262802072
strict,strict_chemical,500,repr_ridge_unscaled,"novelty_[0,0.2)",906,257,226,104.98153468456758,66.07313645711439,False,0.8916891608763454,1.115676421013828,0.5881305757502047,0.06820347337448779,4289.039838603632,0.01932375390343361
strict,strict_chemical,500,repr_ridge_unscaled,"novelty_[0.2,0.35)",32534,3319,1958,2740.662221501643,987.0695084765948,False,0.5364752588915462,0.6651448219340428,0.2399606151501127,-0.008826126041148324,217667.82527348615,0.9806762460965663
strict,strict_chemical,500,repr_ridge_unscaled,"novelty_[0.35,0.5)",0,0,0,0.0,0.0,True,,,,,0.0,0.0
strict,strict_chemical,500,repr_ridge_unscaled,"novelty_[0.5,0.7)",0,0,0,0.0,0.0,True,,,,,0.0,0.0
strict,strict_chemical,500,repr_ridge_unscaled,"novelty_[0.7,1]",0,0,0,0.0,0.0,True,,,,,0.0,0.0
strict,strict_chemical,500,weighted_median,all,33440,3344,1975,2782.343188564992,1012.5588141842961,False,0.6354394223486307,0.9302184671701158,0.6427169395284489,0.21338564480325928,221956.86511208978,1.0
strict,strict_chemical,500,weighted_median,potency_lt4,10360,1036,617,818.9342623395673,280.80404787274347,False,1.8301279846233989,2.104103281853282,2.104103281853282,1.8301279846233989,36299.730764192434,0.16354407756597578
strict,strict_chemical,500,weighted_median,potency_ge4,23080,2308,1559,2141.272332721013,927.6002729621608,False,0.40185360670003656,0.40329270113382476,-0.013260638742143536,-0.10272023422301713,185657.13434789734,0.8364559224340242
strict,strict_chemical,500,weighted_median,potency_ge6_descriptive_tail,560,56,52,55.943540642841484,47.38653300749192,False,1.3608315811192007,1.3613848967297761,-1.3613848967297761,-1.3608315811192007,5565.977961432507,0.025076845262802072
strict,strict_chemical,500,weighted_median,"novelty_[0,0.2)",906,257,226,104.98153468456758,66.07313645711439,False,1.1679970299270248,1.731148634272188,1.4607167078911674,0.6160790634497049,4289.039838603632,0.01932375390343361
strict,strict_chemical,500,weighted_median,"novelty_[0.2,0.35)",32534,3319,1958,2740.662221501643,987.0695084765948,False,0.6249456307540976,0.9079143320685459,0.6199374537555151,0.20545076461070896,217667.82527348615,0.9806762460965663
strict,strict_chemical,500,weighted_median,"novelty_[0.35,0.5)",0,0,0,0.0,0.0,True,,,,,0.0,0.0
strict,strict_chemical,500,weighted_median,"novelty_[0.5,0.7)",0,0,0,0.0,0.0,True,,,,,0.0,0.0
strict,strict_chemical,500,weighted_median,"novelty_[0.7,1]",0,0,0,0.0,0.0,True,,,,,0.0,0.0
original,chemical_cluster,-1,head_pretrained,all,33440,3344,1975,2782.343188564992,1012.5588141842961,False,0.5025340320486071,0.6523233039781254,0.32999271608454017,0.06348943010247313,221956.86511208978,1.0
original,chemical_cluster,-1,head_pretrained,potency_lt4,10360,1036,617,818.9342623395673,280.80404787274347,False,1.0862405080966604,1.2444465174234665,1.1875008290975404,1.020560115262679,36299.730764192434,0.16354407756597578
original,chemical_cluster,-1,head_pretrained,potency_ge4,23080,2308,1559,2141.272332721013,927.6002729621608,False,0.38840759139076764,0.3865348944766639,-0.054919937763582984,-0.12363727696236707,185657.13434789734,0.8364559224340242
original,chemical_cluster,-1,head_pretrained,potency_ge6_descriptive_tail,560,56,52,55.943540642841484,47.38653300749192,False,1.164456656515067,1.1654114255991328,-1.1654114255991328,-1.164456656515067,5565.977961432507,0.025076845262802072
original,chemical_cluster,-1,head_pretrained,"novelty_[0,0.2)",208,39,32,15.180064056421697,7.742842710244153,True,0.9564780124827847,1.1124209074408582,0.5739446241809771,-0.009751937592115779,1019.7514963652806,0.004594367900494084
original,chemical_cluster,-1,head_pretrained,"novelty_[0.2,0.35)",23745,2858,1895,2103.400728468768,1189.5775339646748,False,0.4850833141889562,0.6214046143040076,0.273936983683007,0.025883081763134745,165118.50162164523,0.743921579259372
original,chemical_cluster,-1,head_pretrained,"novelty_[0.35,0.5)",8008,1003,511,742.945581766181,271.45546045887085,False,0.5397361866778168,0.7140538607492245,0.4452337844483095,0.1576649648886016,49036.35525147844,0.2209274095969716
original,chemical_cluster,-1,head_pretrained,"novelty_[0.5,0.7)",1431,172,91,121.27225640382227,50.42224772076024,False,0.5864848562751812,0.7395833747825117,0.5561893408919947,0.29806336582773324,6602.051850361735,0.02974475174276611
original,chemical_cluster,-1,head_pretrained,"novelty_[0.7,1]",48,6,5,3.234473979325862,2.9019427125586414,True,0.7246177194217208,1.053500904970699,1.0333994542890126,0.7155117804589289,180.20489223906384,0.0008118915003960752
original,chemical_cluster,-1,head_random,all,33440,3344,1975,2782.343188564992,1012.5588141842961,False,0.5003719455941376,0.6464609240607704,0.31709850632502523,0.05500039446457311,221956.86511208978,1.0
original,chemical_cluster,-1,head_random,potency_lt4,10360,1036,617,818.9342623395673,280.80404787274347,False,1.0669345290018108,1.2238168799938534,1.1584778603961263,0.9932680413902474,36299.730764192434,0.16354407756597578
original,chemical_cluster,-1,head_random,potency_ge4,23080,2308,1559,2141.272332721013,927.6002729621608,False,0.38959748324449406,0.38730114488110223,-0.06057437531174271,-0.1284499377178275,185657.13434789734,0.8364559224340242
original,chemical_cluster,-1,head_random,potency_ge6_descriptive_tail,560,56,52,55.943540642841484,47.38653300749192,False,1.1674332204062872,1.1682768844111653,-1.1682768844111653,-1.1674332204062872,5565.977961432507,0.025076845262802072
original,chemical_cluster,-1,head_random,"novelty_[0,0.2)",208,39,32,15.180064056421697,7.742842710244153,True,0.9730714351133051,1.09150728032375,0.5331744984862131,-0.031077804935168825,1019.7514963652806,0.004594367900494084
original,chemical_cluster,-1,head_random,"novelty_[0.2,0.35)",23745,2858,1895,2103.400728468768,1189.5775339646748,False,0.4846163547564628,0.61874739096835,0.2652278395023942,0.019705012668403642,165118.50162164523,0.743921579259372
original,chemical_cluster,-1,head_random,"novelty_[0.35,0.5)",8008,1003,511,742.945581766181,271.45546045887085,False,0.5322350829557734,0.7013959346945995,0.42659004007159784,0.14526585292954458,49036.35525147844,0.2209274095969716
original,chemical_cluster,-1,head_random,"novelty_[0.5,0.7)",1431,172,91,121.27225640382227,50.42224772076024,False,0.579100629655731,0.7218208735121899,0.5111561831177295,0.2631344460940847,6602.051850361735,0.02974475174276611
original,chemical_cluster,-1,head_random,"novelty_[0.7,1]",48,6,5,3.234473979325862,2.9019427125586414,True,0.707250691625348,1.0158056814803018,0.9883576646778319,0.6948167648600182,180.20489223906384,0.0008118915003960752
original,chemical_cluster,-1,repr_mlp,all,33440,3344,1975,2782.343188564992,1012.5588141842961,False,0.5339312523947163,0.6776571835099934,0.19343367996169722,-0.007887317830157649,221956.86511208978,1.0
original,chemical_cluster,-1,repr_mlp,potency_lt4,10360,1036,617,818.9342623395673,280.80404787274347,False,1.0534256923291174,1.2279383032147244,0.8134126694883403,0.7093242161726409,36299.730764192434,0.16354407756597578
original,chemical_cluster,-1,repr_mlp,potency_ge4,23080,2308,1559,2141.272332721013,927.6002729621608,False,0.43235956558963423,0.4306505803842995,-0.08485844878596409,-0.14811670183265768,185657.13434789734,0.8364559224340242
original,chemical_cluster,-1,repr_mlp,potency_ge6_descriptive_tail,560,56,52,55.943540642841484,47.38653300749192,False,1.2244816778809067,1.2241733730413487,-1.2123772089368847,-1.2126134097270034,5565.977961432507,0.025076845262802072
original,chemical_cluster,-1,repr_mlp,"novelty_[0,0.2)",208,39,32,15.180064056421697,7.742842710244153,True,1.2529275710830998,1.3541460115472093,-0.08084361849591518,-0.5070859323719281,1019.7514963652806,0.004594367900494084
original,chemical_cluster,-1,repr_mlp,"novelty_[0.2,0.35)",23745,2858,1895,2103.400728468768,1189.5775339646748,False,0.5142714825886731,0.6523936823837647,0.16051475540256335,-0.025944562013571437,165118.50162164523,0.743921579259372
original,chemical_cluster,-1,repr_mlp,"novelty_[0.35,0.5)",8008,1003,511,742.945581766181,271.45546045887085,False,0.5753961843194629,0.7219838361732521,0.2783554543776439,0.04436079287529683,49036.35525147844,0.2209274095969716
original,chemical_cluster,-1,repr_mlp,"novelty_[0.5,0.7)",1431,172,91,121.27225640382227,50.42224772076024,False,0.606304723437967,0.7413639895325528,0.2799331584828781,0.11906367814232362,6602.051850361735,0.02974475174276611
original,chemical_cluster,-1,repr_mlp,"novelty_[0.7,1]",48,6,5,3.234473979325862,2.9019427125586414,True,0.5444283035834362,0.9493214348620836,0.9200007309847408,0.4940394633100525,180.20489223906384,0.0008118915003960752
original,chemical_cluster,-1,repr_ridge,all,33440,3344,1975,2782.343188564992,1012.5588141842961,False,0.5204651307355397,0.6445049062592362,0.2102360920538959,-0.02784384657646741,221956.86511208978,1.0
original,chemical_cluster,-1,repr_ridge,potency_lt4,10360,1036,617,818.9342623395673,280.80404787274347,False,0.9813068262208695,1.1409837963620502,0.9715527937800141,0.8205672352001617,36299.730764192434,0.16354407756597578
original,chemical_cluster,-1,repr_ridge,potency_ge4,23080,2308,1559,2141.272332721013,927.6002729621608,False,0.4303612436439479,0.4216486973569332,-0.13149878792368577,-0.1937253999787684,185657.13434789734,0.8364559224340242
original,chemical_cluster,-1,repr_ridge,potency_ge6_descriptive_tail,560,56,52,55.943540642841484,47.38653300749192,False,1.2286952344501554,1.230524176372537,-1.1677858608173546,-1.1655734309605492,5565.977961432507,0.025076845262802072
original,chemical_cluster,-1,repr_ridge,"novelty_[0,0.2)",208,39,32,15.180064056421697,7.742842710244153,True,1.1786280650676175,1.2604421476299057,0.1522825712328064,-0.4753583672280731,1019.7514963652806,0.004594367900494084
original,chemical_cluster,-1,repr_ridge,"novelty_[0.2,0.35)",23745,2858,1895,2103.400728468768,1189.5775339646748,False,0.5049494035685926,0.6189559249549323,0.16731868722739496,-0.0561937291516948,165118.50162164523,0.743921579259372
original,chemical_cluster,-1,repr_ridge,"novelty_[0.35,0.5)",8008,1003,511,742.945581766181,271.45546045887085,False,0.5451534553645647,0.6824649723370665,0.31011025045676355,0.05249080326648719,49036.35525147844,0.2209274095969716
original,chemical_cluster,-1,repr_ridge,"novelty_[0.5,0.7)",1431,172,91,121.27225640382227,50.42224772076024,False,0.6171632844991575,0.7492338791920337,0.3401337523993786,0.13247700175403673,6602.051850361735,0.02974475174276611
original,chemical_cluster,-1,repr_ridge,"novelty_[0.7,1]",48,6,5,3.234473979325862,2.9019427125586414,True,0.7520864905458705,1.1589683530820936,1.1571589564601716,0.7472669189586002,180.20489223906384,0.0008118915003960752
original,chemical_cluster,25,head_pretrained,all,33440,3344,1975,2782.343188564992,1012.5588141842961,False,0.6343284402467452,0.840041556549844,0.44380326740198744,0.08788612686584625,221956.86511208978,1.0
original,chemical_cluster,25,head_pretrained,potency_lt4,10360,1036,617,818.9342623395673,280.80404787274347,False,1.421064090793975,1.6591282233461604,1.6371908101627417,1.3989297006287769,36299.730764192434,0.16354407756597578
original,chemical_cluster,25,head_pretrained,potency_ge4,23080,2308,1559,2141.272332721013,927.6002729621608,False,0.480505683056377,0.4723752711074767,-0.09187675612493697,-0.16844945062152666,185657.13434789734,0.8364559224340242
original,chemical_cluster,25,head_pretrained,potency_ge6_descriptive_tail,560,56,52,55.943540642841484,47.38653300749192,False,1.1393189386117815,1.1404119974517715,-1.1403518002346476,-1.1392583734391866,5565.977961432507,0.025076845262802072
original,chemical_cluster,25,head_pretrained,"novelty_[0,0.2)",14921,3044,1910,1952.5913227486642,1086.339125008473,False,0.6658133876754948,0.9124547079723165,0.5519089324959467,0.15419711947590528,96494.26048290667,0.4347433021915154
original,chemical_cluster,25,head_pretrained,"novelty_[0.2,0.35)",18336,3174,1842,2181.1889450760864,689.2455105274486,False,0.6086824627525201,0.7784092163410194,0.35160699881063645,0.03443852565449074,124565.70830591333,0.5612158391361617
original,chemical_cluster,25,head_pretrained,"novelty_[0.35,0.5)",169,151,101,106.42294148260436,64.71945161864315,False,0.796787245938591,1.0895217652951001,0.8284873509360018,0.34550483590552594,848.898610541864,0.003824610741880699
original,chemical_cluster,25,head_pretrained,"novelty_[0.5,0.7)",14,14,10,10.030128153228299,6.812809943228162,True,1.0214631141114117,1.372313157717387,1.3334134036018734,0.929925088703324,47.997712727912855,0.00021624793044213196
original,chemical_cluster,25,head_pretrained,"novelty_[0.7,1]",0,0,0,0.0,0.0,True,,,,,0.0,0.0
original,chemical_cluster,25,head_random,all,33440,3344,1975,2782.343188564992,1012.5588141842961,False,0.6251063605436854,0.8148995053830443,0.36856644544784745,0.03457875328318487,221956.86511208978,1.0
original,chemical_cluster,25,head_random,potency_lt4,10360,1036,617,818.9342623395673,280.80404787274347,False,1.3745729901464105,1.590574279606726,1.4833165732306097,1.282374329277968,36299.730764192434,0.16354407756597578
original,chemical_cluster,25,head_random,potency_ge4,23080,2308,1559,2141.272332721013,927.6002729621608,False,0.4785704519351522,0.46671966738662546,-0.13181532768167672,-0.20939055937724205,185657.13434789734,0.8364559224340242
original,chemical_cluster,25,head_random,potency_ge6_descriptive_tail,560,56,52,55.943540642841484,47.38653300749192,False,1.2949089594261092,1.295048440465008,-1.295048440465008,-1.2949089594261092,5565.977961432507,0.025076845262802072
original,chemical_cluster,25,head_random,"novelty_[0,0.2)",14921,3044,1910,1952.5913227486642,1086.339125008473,False,0.6604332886003954,0.8848189148023032,0.43086191787700845,0.06474987688871998,96494.26048290667,0.4347433021915154
original,chemical_cluster,25,head_random,"novelty_[0.2,0.35)",18336,3174,1842,2181.1889450760864,689.2455105274486,False,0.59662748853394,0.7554011101699922,0.31327495693320456,0.008870342061374721,124565.70830591333,0.5612158391361617
original,chemical_cluster,25,head_random,"novelty_[0.35,0.5)",169,151,101,106.42294148260436,64.71945161864315,False,0.7671919186231924,1.0596636243120452,0.8114425692379591,0.34067716647377916,848.898610541864,0.003824610741880699
original,chemical_cluster,25,head_random,"novelty_[0.5,0.7)",14,14,10,10.030128153228299,6.812809943228162,True,1.0007249437203494,1.2670374041511898,1.0448467574800764,0.6846029646511191,47.997712727912855,0.00021624793044213196
original,chemical_cluster,25,head_random,"novelty_[0.7,1]",0,0,0,0.0,0.0,True,,,,,0.0,0.0
original,chemical_cluster,25,repr_mlp,all,33440,3344,1975,2782.343188564992,1012.5588141842961,False,1.9239760726768125,2.1140429339227134,-0.549250041072099,-0.7841882887142115,221956.86511208978,1.0
original,chemical_cluster,25,repr_mlp,potency_lt4,10360,1036,617,818.9342623395673,280.80404787274347,False,2.4159937668675786,2.8418493752643816,0.252262758269642,0.233514058017677,36299.730764192434,0.16354407756597578
original,chemical_cluster,25,repr_mlp,potency_ge4,23080,2308,1559,2141.272332721013,927.6002729621608,False,1.8277766462821552,1.7873499212580823,-0.9090278834109395,-0.9831697138784566,185657.13434789734,0.8364559224340242
original,chemical_cluster,25,repr_mlp,potency_ge6_descriptive_tail,560,56,52,55.943540642841484,47.38653300749192,False,2.969548146678961,2.9905510362547316,-1.7187724158505249,-1.7406430391362193,5565.977961432507,0.025076845262802072
original,chemical_cluster,25,repr_mlp,"novelty_[0,0.2)",14921,3044,1910,1952.5913227486642,1086.339125008473,False,2.2006517069949982,2.545852453182428,-0.48707145926534967,-0.7222643555449473,96494.26048290667,0.4347433021915154
original,chemical_cluster,25,repr_mlp,"novelty_[0.2,0.35)",18336,3174,1842,2181.1889450760864,689.2455105274486,False,1.709706447948278,1.7624696459906841,-0.6002838635254929,-0.8334322735312152,124565.70830591333,0.5612158391361617
original,chemical_cluster,25,repr_mlp,"novelty_[0.35,0.5)",169,151,101,106.42294148260436,64.71945161864315,False,1.942822176735087,2.1624825234408442,-0.6046590402822287,-0.6325724664374992,848.898610541864,0.003824610741880699
original,chemical_cluster,25,repr_mlp,"novelty_[0.5,0.7)",14,14,10,10.030128153228299,6.812809943228162,True,1.4455869023489296,1.7734486495597024,0.6902978327444622,-0.15704902317546432,47.997712727912855,0.00021624793044213196
original,chemical_cluster,25,repr_mlp,"novelty_[0.7,1]",0,0,0,0.0,0.0,True,,,,,0.0,0.0
original,chemical_cluster,25,repr_ridge,all,33440,3344,1975,2782.343188564992,1012.5588141842961,False,0.6915150065140494,0.8869576517589779,0.27767879173281396,-0.09285202882779106,221956.86511208978,1.0
original,chemical_cluster,25,repr_ridge,potency_lt4,10360,1036,617,818.9342623395673,280.80404787274347,False,1.4852650303168327,1.7454246947576488,1.5272774023295457,1.3122666752952385,36299.730764192434,0.16354407756597578
original,chemical_cluster,25,repr_ridge,potency_ge4,23080,2308,1559,2141.272332721013,927.6002729621608,False,0.5363207972566731,0.5016145596677201,-0.2832328896268976,-0.3675812000527407,185657.13434789734,0.8364559224340242
original,chemical_cluster,25,repr_ridge,potency_ge6_descriptive_tail,560,56,52,55.943540642841484,47.38653300749192,False,1.560133756209736,1.5613963872979923,-1.5440082315992611,-1.5426393154146751,5565.977961432507,0.025076845262802072
original,chemical_cluster,25,repr_ridge,"novelty_[0,0.2)",14921,3044,1910,1952.5913227486642,1086.339125008473,False,0.739544930561381,0.9783765373134782,0.3202972291793637,-0.07636278039880691,96494.26048290667,0.4347433021915154
original,chemical_cluster,25,repr_ridge,"novelty_[0.2,0.35)",18336,3174,1842,2181.1889450760864,689.2455105274486,False,0.6529099937998859,0.8092336334814685,0.23646725870060373,-0.10863151249874028,124565.70830591333,0.5612158391361617
original,chemical_cluster,25,repr_ridge,"novelty_[0.35,0.5)",169,151,101,106.42294148260436,64.71945161864315,False,0.8850822984082914,1.2216793269758663,0.9155509459125397,0.3036722365334966,848.898610541864,0.003824610741880699
original,chemical_cluster,25,repr_ridge,"novelty_[0.5,0.7)",14,14,10,10.030128153228299,6.812809943228162,True,0.8983945680889698,1.2097036993346941,1.13086239760868,0.6958486620339661,47.997712727912855,0.00021624793044213196
original,chemical_cluster,25,repr_ridge,"novelty_[0.7,1]",0,0,0,0.0,0.0,True,,,,,0.0,0.0
original,chemical_cluster,50,head_pretrained,all,33440,3344,1975,2782.343188564992,1012.5588141842961,False,0.6140435525860669,0.8197454823049745,0.4364852164945231,0.08904594351572069,221956.86511208978,1.0
original,chemical_cluster,50,head_pretrained,potency_lt4,10360,1036,617,818.9342623395673,280.80404787274347,False,1.4129404977443896,1.642014223854821,1.5993264805534173,1.3752233791283688,36299.730764192434,0.16354407756597578
original,chemical_cluster,50,head_pretrained,potency_ge4,23080,2308,1559,2141.272332721013,927.6002729621608,False,0.4578430159385435,0.4506508478831195,-0.08548339250245005,-0.16242780023081116,185657.13434789734,0.8364559224340242
original,chemical_cluster,50,head_pretrained,potency_ge6_descriptive_tail,560,56,52,55.943540642841484,47.38653300749192,False,1.1644267638190748,1.1653384156937716,-1.1653328733473622,-1.1644211875950747,5565.977961432507,0.025076845262802072
original,chemical_cluster,50,head_pretrained,"novelty_[0,0.2)",8984,2338,1640,1342.2921263358996,903.3292427127453,False,0.6765224186818976,0.9517610785147183,0.6017845666998879,0.1814253936362012,56412.8685343378,0.25416140431542367
original,chemical_cluster,50,head_pretrained,"novelty_[0.2,0.35)",24148,3254,1903,2430.887350778376,802.2158287007068,False,0.5912572162327789,0.7677356707858044,0.37044216871303,0.054855916817837316,163925.34467839933,0.7385459539429694
original,chemical_cluster,50,head_pretrained,"novelty_[0.35,0.5)",275,237,150,166.12693121407284,90.0328566342317,False,0.7323969350550714,1.0146463044889045,0.7377224010525328,0.28909455905667153,1480.1892828131377,0.006668815051364289
original,chemical_cluster,50,head_pretrained,"novelty_[0.5,0.7)",31,29,18,16.683563745094293,9.998371679487352,True,0.9095153290336352,1.3053439593571488,1.2396425058508433,0.8223712120098936,126.69583208722754,0.00057081285601707
original,chemical_cluster,50,head_pretrained,"novelty_[0.7,1]",2,2,2,1.3426606448800686,1.3426606448800686,True,0.4462432952972507,1.446512145996094,1.446512145996094,0.4462432952972507,11.76678445229682,5.30138342256479e-05
original,chemical_cluster,50,head_random,all,33440,3344,1975,2782.343188564992,1012.5588141842961,False,0.6072465163351485,0.7993232850460457,0.37726407424451835,0.04123621301465883,221956.86511208978,1.0
original,chemical_cluster,50,head_random,potency_lt4,10360,1036,617,818.9342623395673,280.80404787274347,False,1.377614980781111,1.5886112779196317,1.4981658668346234,1.2998752888043699,36299.730764192434,0.16354407756597578
original,chemical_cluster,50,head_random,potency_ge4,23080,2308,1559,2141.272332721013,927.6002729621608,False,0.45662387559023865,0.4450328341721136,-0.12587901809662055,-0.20485322352078095,185657.13434789734,0.8364559224340242
original,chemical_cluster,50,head_random,potency_ge6_descriptive_tail,560,56,52,55.943540642841484,47.38653300749192,False,1.3232170392729306,1.3242943107770628,-1.3242943107770628,-1.3232170392729306,5565.977961432507,0.025076845262802072
original,chemical_cluster,50,head_random,"novelty_[0,0.2)",8984,2338,1640,1342.2921263358996,903.3292427127453,False,0.664821664218539,0.914313437846395,0.4777134661749647,0.08046308203045882,56412.8685343378,0.25416140431542367
original,chemical_cluster,50,head_random,"novelty_[0.2,0.35)",24148,3254,1903,2430.887350778376,802.2158287007068,False,0.5861018578990229,0.7537216251518013,0.33540719811787006,0.025374071950924178,163925.34467839933,0.7385459539429694
original,chemical_cluster,50,head_random,"novelty_[0.35,0.5)",275,237,150,166.12693121407284,90.0328566342317,False,0.7415722518642333,1.0094168294675423,0.6924541625225182,0.25162652996612994,1480.1892828131377,0.006668815051364289
original,chemical_cluster,50,head_random,"novelty_[0.5,0.7)",31,29,18,16.683563745094293,9.998371679487352,True,0.7586414497901257,1.0834162511107743,0.998759919443438,0.5864125540190459,126.69583208722754,0.00057081285601707
original,chemical_cluster,50,head_random,"novelty_[0.7,1]",2,2,2,1.3426606448800686,1.3426606448800686,True,0.6206361262767285,1.566695137023926,1.566695137023926,0.6206361262767285,11.76678445229682,5.30138342256479e-05
original,chemical_cluster,50,repr_mlp,all,33440,3344,1975,2782.343188564992,1012.5588141842961,False,1.7583250462505615,2.1276876584021682,-0.15710411007188949,-0.5421362687987951,221956.86511208978,1.0
original,chemical_cluster,50,repr_mlp,potency_lt4,10360,1036,617,818.9342623395673,280.80404787274347,False,2.8518258813345496,3.4522437913567874,1.1058537345086996,0.8356369426253856,36299.730764192434,0.16354407756597578
original,chemical_cluster,50,repr_mlp,potency_ge4,23080,2308,1559,2141.272332721013,927.6002729621608,False,1.5445234811052795,1.5331295328644794,-0.724012397327301,-0.8115188422424692,185657.13434789734,0.8364559224340242
original,chemical_cluster,50,repr_mlp,potency_ge6_descriptive_tail,560,56,52,55.943540642841484,47.38653300749192,False,2.7249088191855724,2.739316497331233,-1.9532471076473732,-1.9386695172447783,5565.977961432507,0.025076845262802072
original,chemical_cluster,50,repr_mlp,"novelty_[0,0.2)",8984,2338,1640,1342.2921263358996,903.3292427127453,False,2.336600173739337,3.1955686362770437,0.029773465294602713,-0.6671365870648137,56412.8685343378,0.25416140431542367
original,chemical_cluster,50,repr_mlp,"novelty_[0.2,0.35)",24148,3254,1903,2430.887350778376,802.2158287007068,False,1.5579053882686331,1.732828855195798,-0.23002873699229442,-0.5022202175436102,163925.34467839933,0.7385459539429694
original,chemical_cluster,50,repr_mlp,"novelty_[0.35,0.5)",275,237,150,166.12693121407284,90.0328566342317,False,1.8930061146952082,1.9395909746595408,0.15583393795499292,-0.14624294194056722,1480.1892828131377,0.006668815051364289
original,chemical_cluster,50,repr_mlp,"novelty_[0.5,0.7)",31,29,18,16.683563745094293,9.998371679487352,True,2.1524021926628785,1.982999499497875,-0.3497295461290626,-1.2297152909344407,126.69583208722754,0.00057081285601707
original,chemical_cluster,50,repr_mlp,"novelty_[0.7,1]",2,2,2,1.3426606448800686,1.3426606448800686,True,0.26440503442132346,0.8374854358037314,0.8374854358037314,0.26440503442132346,11.76678445229682,5.30138342256479e-05
original,chemical_cluster,50,repr_ridge,all,33440,3344,1975,2782.343188564992,1012.5588141842961,False,0.7104823021448214,0.9467787498311291,0.22800598228364766,-0.09845885392186991,221956.86511208978,1.0
original,chemical_cluster,50,repr_ridge,potency_lt4,10360,1036,617,818.9342623395673,280.80404787274347,False,1.6712193994120563,1.9589692469502682,1.302308791248709,1.1111539931894845,36299.730764192434,0.16354407756597578
original,chemical_cluster,50,repr_ridge,potency_ge4,23080,2308,1559,2141.272332721013,927.6002729621608,False,0.5226387372397309,0.4924332753877028,-0.2542200619485029,-0.33496266958871834,185657.13434789734,0.8364559224340242
original,chemical_cluster,50,repr_ridge,potency_ge6_descriptive_tail,560,56,52,55.943540642841484,47.38653300749192,False,1.5351476943471638,1.535995963397334,-1.4634493435389744,-1.4621576332973614,5565.977961432507,0.025076845262802072
original,chemical_cluster,50,repr_ridge,"novelty_[0,0.2)",8984,2338,1640,1342.2921263358996,903.3292427127453,False,0.819408703873385,1.1896093239866898,0.28776705264567587,-0.057423941784789156,56412.8685343378,0.25416140431542367
original,chemical_cluster,50,repr_ridge,"novelty_[0.2,0.35)",24148,3254,1903,2430.887350778376,802.2158287007068,False,0.6717366769247364,0.854030149638899,0.19876410948113435,-0.1158842712423084,163925.34467839933,0.7385459539429694
original,chemical_cluster,50,repr_ridge,"novelty_[0.35,0.5)",275,237,150,166.12693121407284,90.0328566342317,False,0.8352286143965919,1.116346677286749,0.7339584874644565,0.2044402210357071,1480.1892828131377,0.006668815051364289
original,chemical_cluster,50,repr_ridge,"novelty_[0.5,0.7)",31,29,18,16.683563745094293,9.998371679487352,True,0.9063579786855039,1.2832963325748121,1.11912565098505,0.5853002917347725,126.69583208722754,0.00057081285601707
original,chemical_cluster,50,repr_ridge,"novelty_[0.7,1]",2,2,2,1.3426606448800686,1.3426606448800686,True,0.4618504051533646,1.4668258063661497,1.4668258063661497,0.4618504051533646,11.76678445229682,5.30138342256479e-05
original,chemical_cluster,100,head_pretrained,all,33440,3344,1975,2782.343188564992,1012.5588141842961,False,0.5936566665982765,0.7899877772401694,0.4061978892336034,0.06871392720915377,221956.86511208978,1.0
original,chemical_cluster,100,head_pretrained,potency_lt4,10360,1036,617,818.9342623395673,280.80404787274347,False,1.368855278721431,1.5855945444999975,1.5340374947729565,1.3250203992922793,36299.730764192434,0.16354407756597578
original,chemical_cluster,100,head_pretrained,potency_ge4,23080,2308,1559,2141.272332721013,927.6002729621608,False,0.4420896341344641,0.43286099609580975,-0.10005940337418245,-0.17691943804830354,185657.13434789734,0.8364559224340242
original,chemical_cluster,100,head_pretrained,potency_ge6_descriptive_tail,560,56,52,55.943540642841484,47.38653300749192,False,1.2169464467435773,1.2183144244274324,-1.2079094894983544,-1.2064779116529638,5565.977961432507,0.025076845262802072
original,chemical_cluster,100,head_pretrained,"novelty_[0,0.2)",4630,1350,1084,731.6240576781186,560.257994993858,False,0.7015933058256323,1.005424263943388,0.6420287601738643,0.19787284894964433,27517.361988235607,0.12397616975865623
original,chemical_cluster,100,head_pretrained,"novelty_[0.2,0.35)",28178,3290,1934,2586.7077133638672,904.9599815765064,False,0.5758601760216469,0.7496001222099744,0.3593443828091061,0.04578985248974962,191146.24943793748,0.8611864712605635
original,chemical_cluster,100,head_pretrained,"novelty_[0.35,0.5)",566,390,215,244.58005752912305,101.37394712482404,False,0.7273119300218479,1.0091660354050365,0.7494922871022399,0.3004666048873256,3000.6111259131976,0.01351889307139866
original,chemical_cluster,100,head_pretrained,"novelty_[0.5,0.7)",62,44,27,23.3270710839628,13.384110598476862,False,0.6971846349069365,1.0174162124305641,0.8914306300173523,0.5103528884323839,277.44499147285546,0.0012499950895086926
original,chemical_cluster,100,head_pretrained,"novelty_[0.7,1]",4,4,4,2.1188169350489843,2.1188169350489847,True,0.7140750554806825,1.3942260026931763,1.3942260026931763,0.7140750554806825,15.197568530634038,6.847081987285754e-05
original,chemical_cluster,100,head_random,all,33440,3344,1975,2782.343188564992,1012.5588141842961,False,0.5976850071878143,0.7880932240448612,0.36577542119766554,0.0395664096805608,221956.86511208978,1.0
original,chemical_cluster,100,head_random,potency_lt4,10360,1036,617,818.9342623395673,280.80404787274347,False,1.3526148811356586,1.5646387045338963,1.4514753626143149,1.25902519985768,36299.730764192434,0.16354407756597578
original,chemical_cluster,100,head_random,potency_ge4,23080,2308,1559,2141.272332721013,927.6002729621608,False,0.45008092363667307,0.43952254909397726,-0.12156649358034521,-0.19886248731247624,185657.13434789734,0.8364559224340242
original,chemical_cluster,100,head_random,potency_ge6_descriptive_tail,560,56,52,55.943540642841484,47.38653300749192,False,1.2841886769056012,1.2858128587093698,-1.2858128587093698,-1.2841886769056012,5565.977961432507,0.025076845262802072
original,chemical_cluster,100,head_random,"novelty_[0,0.2)",4630,1350,1084,731.6240576781186,560.257994993858,False,0.7108342196314772,1.0123517170595804,0.5219462239821506,0.1073755667760098,27517.361988235607,0.12397616975865623
original,chemical_cluster,100,head_random,"novelty_[0.2,0.35)",28178,3290,1934,2586.7077133638672,904.9599815765064,False,0.5790681597553461,0.7461600202180065,0.3315310129389738,0.02537972006217549,191146.24943793748,0.8611864712605635
original,chemical_cluster,100,head_random,"novelty_[0.35,0.5)",566,390,215,244.58005752912305,101.37394712482404,False,0.7362607901611732,1.0151962170499795,0.7340262147787744,0.28043662219609367,3000.6111259131976,0.01351889307139866
original,chemical_cluster,100,head_random,"novelty_[0.5,0.7)",62,44,27,23.3270710839628,13.384110598476862,False,0.7076056003862781,1.0132328646157378,0.885392332128299,0.4650719929609485,277.44499147285546,0.0012499950895086926
original,chemical_cluster,100,head_random,"novelty_[0.7,1]",4,4,4,2.1188169350489843,2.1188169350489847,True,0.5097611637529033,0.9826039787133537,0.6712557653586072,0.36798460840415687,15.197568530634038,6.847081987285754e-05
original,chemical_cluster,100,repr_mlp,all,33440,3344,1975,2782.343188564992,1012.5588141842961,False,1.0334907719232136,1.39711935229493,0.14629185635349184,-0.2264555909700878,221956.86511208978,1.0
original,chemical_cluster,100,repr_mlp,potency_lt4,10360,1036,617,818.9342623395673,280.80404787274347,False,2.1885983705099945,2.7626361304053666,1.4150538197222051,1.1416790839533053,36299.730764192434,0.16354407756597578
original,chemical_cluster,100,repr_mlp,potency_ge4,23080,2308,1559,2141.272332721013,927.6002729621608,False,0.8076438364976052,0.7841750792782871,-0.42322174592119916,-0.49395363527262043,185657.13434789734,0.8364559224340242
original,chemical_cluster,100,repr_mlp,potency_ge6_descriptive_tail,560,56,52,55.943540642841484,47.38653300749192,False,2.0856090139168453,2.0838682284079604,-2.0009689350301274,-2.002289655345686,5565.977961432507,0.025076845262802072
original,chemical_cluster,100,repr_mlp,"novelty_[0,0.2)",4630,1350,1084,731.6240576781186,560.257994993858,False,1.863665244305456,2.9326175921161886,0.4823567713595279,-0.24301428595071084,27517.361988235607,0.12397616975865623
original,chemical_cluster,100,repr_mlp,"novelty_[0.2,0.35)",28178,3290,1934,2586.7077133638672,904.9599815765064,False,0.9125624749138562,1.141229282459944,0.09211280130656821,-0.22466845707844224,191146.24943793748,0.8611864712605635
original,chemical_cluster,100,repr_mlp,"novelty_[0.35,0.5)",566,390,215,244.58005752912305,101.37394712482404,False,1.070598389923057,1.4722137706436753,0.14695271627672535,-0.15359750904917188,3000.6111259131976,0.01351889307139866
original,chemical_cluster,100,repr_mlp,"novelty_[0.5,0.7)",62,44,27,23.3270710839628,13.384110598476862,False,1.4540631044623153,1.899207163956217,-0.7901905996793062,-0.7923715329171324,277.44499147285546,0.0012499950895086926
original,chemical_cluster,100,repr_mlp,"novelty_[0.7,1]",4,4,4,2.1188169350489843,2.1188169350489847,True,3.8462917534273733,8.267282434652248,7.237472404291233,3.2240592437319706,15.197568530634038,6.847081987285754e-05
original,chemical_cluster,100,repr_ridge,all,33440,3344,1975,2782.343188564992,1012.5588141842961,False,0.6304163847226094,0.8413328713677815,0.30646594172501307,-0.03849079007785067,221956.86511208978,1.0
original,chemical_cluster,100,repr_ridge,potency_lt4,10360,1036,617,818.9342623395673,280.80404787274347,False,1.484149062690115,1.7478046846290411,1.471758993336153,1.2918760059059464,36299.730764192434,0.16354407756597578
original,chemical_cluster,100,repr_ridge,potency_ge4,23080,2308,1559,2141.272332721013,927.6002729621608,False,0.4634943514613306,0.43444171082243277,-0.21660320969142594,-0.29860444895475813,185657.13434789734,0.8364559224340242
original,chemical_cluster,100,repr_ridge,potency_ge6_descriptive_tail,560,56,52,55.943540642841484,47.38653300749192,False,1.4630272597234935,1.463672839668908,-1.4571266394161229,-1.4564410458236878,5565.977961432507,0.025076845262802072
original,chemical_cluster,100,repr_ridge,"novelty_[0,0.2)",4630,1350,1084,731.6240576781186,560.257994993858,False,0.7930012003729653,1.1798541158104991,0.3885452819030246,0.002594321156907167,27517.361988235607,0.12397616975865623
original,chemical_cluster,100,repr_ridge,"novelty_[0.2,0.35)",28178,3290,1934,2586.7077133638672,904.9599815765064,False,0.6047372949468568,0.7800268326019897,0.28151733889959624,-0.05005326449977377,191146.24943793748,0.8611864712605635
original,chemical_cluster,100,repr_ridge,"novelty_[0.35,0.5)",566,390,215,244.58005752912305,101.37394712482404,False,0.7588904641336017,1.08531196134655,0.80455855671648,0.2741153178430362,3000.6111259131976,0.01351889307139866
original,chemical_cluster,100,repr_ridge,"novelty_[0.5,0.7)",62,44,27,23.3270710839628,13.384110598476862,False,0.8073541864808045,1.163811720678648,0.9492405495463243,0.4547101879727877,277.44499147285546,0.0012499950895086926
original,chemical_cluster,100,repr_ridge,"novelty_[0.7,1]",4,4,4,2.1188169350489843,2.1188169350489847,True,0.6281275055375192,1.3519191182280528,0.6069508468025311,0.2723638827542192,15.197568530634038,6.847081987285754e-05
original,chemical_cluster,250,head_pretrained,all,33440,3344,1975,2782.343188564992,1012.5588141842961,False,0.5640781286590709,0.7538659883558095,0.39896584184431966,0.08095701815627372,221956.86511208978,1.0
original,chemical_cluster,250,head_pretrained,potency_lt4,10360,1036,617,818.9342623395673,280.80404787274347,False,1.3210957631341531,1.5183364584659211,1.4553751440835274,1.2682039169609856,36299.730764192434,0.16354407756597578
original,chemical_cluster,250,head_pretrained,potency_ge4,23080,2308,1559,2141.272332721013,927.6002729621608,False,0.416065845631486,0.4107154653774406,-0.07522828169113058,-0.1511738015324314,185657.13434789734,0.8364559224340242
original,chemical_cluster,250,head_pretrained,potency_ge6_descriptive_tail,560,56,52,55.943540642841484,47.38653300749192,False,1.217403605969359,1.2190065559927101,-1.214013454145012,-1.212379983788161,5565.977961432507,0.025076845262802072
original,chemical_cluster,250,head_pretrained,"novelty_[0,0.2)",1764,545,481,260.2471674254856,186.967521891202,False,0.7713605133751184,1.1081176023884343,0.7149603293616839,0.2466000367051426,9407.062970330664,0.042382392477835866
original,chemical_cluster,250,head_pretrained,"novelty_[0.2,0.35)",30149,3314,1953,2665.4838885846516,1010.5229191678285,False,0.5497851710903927,0.7230166438425838,0.3642575932860049,0.06408212525283308,204598.0979731648,0.9217921593452013
original,chemical_cluster,250,head_pretrained,"novelty_[0.35,0.5)",1364,693,354,425.26842725768796,133.2519290271986,False,0.6804121514964176,0.9398393994400811,0.7004733130810664,0.30519657737470773,7254.299911537291,0.032683377051094226
original,chemical_cluster,250,head_pretrained,"novelty_[0.5,0.7)",154,94,50,59.09790554359667,29.09665179183752,False,0.7763182721975203,1.0958311777300649,0.9007614209744836,0.48448412569125743,651.2036826728706,0.0029339199864082065
original,chemical_cluster,250,head_pretrained,"novelty_[0.7,1]",9,5,4,2.125529076979879,2.058160610256712,True,0.39654845038916603,0.6257180653678045,0.4514102697372439,0.18652567045995425,46.20057438413823,0.00020815113946039295
original,chemical_cluster,250,head_random,all,33440,3344,1975,2782.343188564992,1012.5588141842961,False,0.5611224237070489,0.7467103023040444,0.37751813104686766,0.0678768373781512,221956.86511208978,1.0
original,chemical_cluster,250,head_random,potency_lt4,10360,1036,617,818.9342623395673,280.80404787274347,False,1.2998488182361518,1.4954454917668376,1.4037607096014795,1.2244390937438412,36299.730764192434,0.16354407756597578
original,chemical_cluster,250,head_random,potency_ge4,23080,2308,1559,2141.272332721013,927.6002729621608,False,0.41668644862860055,0.4106229295642465,-0.08313495014142441,-0.15825451311135363,185657.13434789734,0.8364559224340242
original,chemical_cluster,250,head_random,potency_ge6_descriptive_tail,560,56,52,55.943540642841484,47.38653300749192,False,1.2520455507632005,1.253376362122343,-1.253376362122343,-1.2520455507632005,5565.977961432507,0.025076845262802072
original,chemical_cluster,250,head_random,"novelty_[0,0.2)",1764,545,481,260.2471674254856,186.967521891202,False,0.7715108810627805,1.096411140973075,0.631968986372909,0.18278692169495891,9407.062970330664,0.042382392477835866
original,chemical_cluster,250,head_random,"novelty_[0.2,0.35)",30149,3314,1953,2665.4838885846516,1010.5229191678285,False,0.5466663791769478,0.7162776184460204,0.34644525769847845,0.05326311091144473,204598.0979731648,0.9217921593452013
original,chemical_cluster,250,head_random,"novelty_[0.35,0.5)",1364,693,354,425.26842725768796,133.2519290271986,False,0.6759712028570263,0.9278456763729438,0.6827900161806091,0.2967984162454684,7254.299911537291,0.032683377051094226
original,chemical_cluster,250,head_random,"novelty_[0.5,0.7)",154,94,50,59.09790554359667,29.09665179183752,False,0.7928275414036419,1.0928203004159969,0.8311487695561859,0.4314732929250833,651.2036826728706,0.0029339199864082065
original,chemical_cluster,250,head_random,"novelty_[0.7,1]",9,5,4,2.125529076979879,2.058160610256712,True,0.4422285367531218,0.7770565561011986,0.5680492568899087,0.3175079353167149,46.20057438413823,0.00020815113946039295
original,chemical_cluster,250,repr_mlp,all,33440,3344,1975,2782.343188564992,1012.5588141842961,False,0.9567584287978409,1.5187515742197961,0.4625030125400893,-0.03205680362655471,221956.86511208978,1.0
original,chemical_cluster,250,repr_mlp,potency_lt4,10360,1036,617,818.9342623395673,280.80404787274347,False,2.4207249903032086,3.451762162485601,2.057215867952427,1.4457245829586223,36299.730764192434,0.16354407756597578
original,chemical_cluster,250,repr_mlp,potency_ge4,23080,2308,1559,2141.272332721013,927.6002729621608,False,0.6705233093283947,0.6510743777538632,-0.25332130210773635,-0.3209930012566267,185657.13434789734,0.8364559224340242
original,chemical_cluster,250,repr_mlp,potency_ge6_descriptive_tail,560,56,52,55.943540642841484,47.38653300749192,False,2.10138024394164,2.098750339197231,-1.8765778064327898,-1.8778496816394028,5565.977961432507,0.025076845262802072
original,chemical_cluster,250,repr_mlp,"novelty_[0,0.2)",1764,545,481,260.2471674254856,186.967521891202,False,3.492702143075818,6.036376884144331,1.6512920306154497,-0.14208001646151236,9407.062970330664,0.042382392477835866
original,chemical_cluster,250,repr_mlp,"novelty_[0.2,0.35)",30149,3314,1953,2665.4838885846516,1010.5229191678285,False,0.8421211564461693,1.2698220679254224,0.40815304704426414,-0.025533136549890017,204598.0979731648,0.9217921593452013
original,chemical_cluster,250,repr_mlp,"novelty_[0.35,0.5)",1364,693,354,425.26842725768796,133.2519290271986,False,0.8847438570667547,1.173334567463617,0.18411747097359102,-0.06655702023275266,7254.299911537291,0.032683377051094226
original,chemical_cluster,250,repr_mlp,"novelty_[0.5,0.7)",154,94,50,59.09790554359667,29.09665179183752,False,1.1132249535802896,1.4885573957766127,0.07468510548636575,-0.05333273796220916,651.2036826728706,0.0029339199864082065
original,chemical_cluster,250,repr_mlp,"novelty_[0.7,1]",9,5,4,2.125529076979879,2.058160610256712,True,1.3747054997761377,2.8169003806511563,-1.6469282950516098,-0.8027117092808438,46.20057438413823,0.00020815113946039295
original,chemical_cluster,250,repr_ridge,all,33440,3344,1975,2782.343188564992,1012.5588141842961,False,0.6523780656108126,0.9356446152932844,0.17363220950812036,-0.058103163887630496,221956.86511208978,1.0
original,chemical_cluster,250,repr_ridge,potency_lt4,10360,1036,617,818.9342623395673,280.80404787274347,False,1.6277494975602582,2.0419075539888523,0.968160950531319,0.9710719708703163,36299.730764192434,0.16354407756597578
original,chemical_cluster,250,repr_ridge,potency_ge4,23080,2308,1559,2141.272332721013,927.6002729621608,False,0.46167319181639116,0.4390725162947539,-0.1830106742440607,-0.2593277515240496,185657.13434789734,0.8364559224340242
original,chemical_cluster,250,repr_ridge,potency_ge6_descriptive_tail,560,56,52,55.943540642841484,47.38653300749192,False,1.4388771046558946,1.4395071643400472,-1.4186393124784675,-1.4178816980562663,5565.977961432507,0.025076845262802072
original,chemical_cluster,250,repr_ridge,"novelty_[0,0.2)",1764,545,481,260.2471674254856,186.967521891202,False,1.3495842448269384,2.206192682811264,-0.29909025793091665,-0.345533176443787,9407.062970330664,0.042382392477835866
original,chemical_cluster,250,repr_ridge,"novelty_[0.2,0.35)",30149,3314,1953,2665.4838885846516,1010.5229191678285,False,0.6177656480634282,0.8576048467218358,0.177157121417973,-0.05644654835334389,204598.0979731648,0.9217921593452013
original,chemical_cluster,250,repr_ridge,"novelty_[0.35,0.5)",1364,693,354,425.26842725768796,133.2519290271986,False,0.7018651630715024,0.9810547295056319,0.6373291903678436,0.2238361905434742,7254.299911537291,0.032683377051094226
original,chemical_cluster,250,repr_ridge,"novelty_[0.5,0.7)",154,94,50,59.09790554359667,29.09665179183752,False,0.9095092961171273,1.2422354456478586,0.7995396642988293,0.42549887941065645,651.2036826728706,0.0029339199864082065
original,chemical_cluster,250,repr_ridge,"novelty_[0.7,1]",9,5,4,2.125529076979879,2.058160610256712,True,0.5773425112837814,1.204512159586556,0.033347038606078155,0.04440151060148802,46.20057438413823,0.00020815113946039295
original,chemical_cluster,500,head_pretrained,all,33440,3344,1975,2782.343188564992,1012.5588141842961,False,0.5400860103478137,0.7097683644494004,0.3601295055028812,0.06345243607513308,221956.86511208978,1.0
original,chemical_cluster,500,head_pretrained,potency_lt4,10360,1036,617,818.9342623395673,280.80404787274347,False,1.217793531156112,1.3945557215514484,1.3355074123740962,1.1576061974594483,36299.730764192434,0.16354407756597578
original,chemical_cluster,500,head_pretrained,potency_ge4,23080,2308,1559,2141.272332721013,927.6002729621608,False,0.40758046118797775,0.4023854779859163,-0.0776917733179935,-0.15047678938869252,185657.13434789734,0.8364559224340242
original,chemical_cluster,500,head_pretrained,potency_ge6_descriptive_tail,560,56,52,55.943540642841484,47.38653300749192,False,1.2388371664638191,1.2398635588805702,-1.23983710163842,-1.238810547501784,5565.977961432507,0.025076845262802072
original,chemical_cluster,500,head_pretrained,"novelty_[0,0.2)",874,248,222,107.22031867572848,66.35097831843801,False,0.8289119453832658,1.1180759316085471,0.6558311625132506,0.15834916292024304,4272.717258989014,0.019250214481229322
original,chemical_cluster,500,head_pretrained,"novelty_[0.2,0.35)",29771,3316,1959,2646.32996030378,1074.394334411485,False,0.5260575159595539,0.6824030220005739,0.32529872611695554,0.046036314022042175,202800.10741270616,0.9136915288035388
original,chemical_cluster,500,head_pretrained,"novelty_[0.35,0.5)",2497,909,458,560.3540201731031,165.36017398187488,False,0.6407894512087728,0.861520560152112,0.6240353102309708,0.2609379115328291,13625.79548047083,0.061389385156389316
original,chemical_cluster,500,head_pretrained,"novelty_[0.5,0.7)",285,133,69,80.9249314291307,33.98167709678785,False,0.7380979454858819,0.9800247451771072,0.7586248000797472,0.40505178958274396,1201.9449435659085,0.005415218596455297
original,chemical_cluster,500,head_pretrained,"novelty_[0.7,1]",13,6,5,2.7797428935672577,2.664529116046611,True,0.553312964799431,0.8547295313615065,0.8185857755709917,0.5082875793513578,56.30001635786919,0.0002536529623872516
original,chemical_cluster,500,head_random,all,33440,3344,1975,2782.343188564992,1012.5588141842961,False,0.5388989633049882,0.7039607584866248,0.3393602045351411,0.049011494526567854,221956.86511208978,1.0
original,chemical_cluster,500,head_random,potency_lt4,10360,1036,617,818.9342623395673,280.80404787274347,False,1.1947333405849285,1.371604694111467,1.2921266525623267,1.1169265538801796,36299.730764192434,0.16354407756597578
original,chemical_cluster,500,head_random,potency_ge4,23080,2308,1559,2141.272332721013,927.6002729621608,False,0.41067005680601604,0.40427309934133165,-0.08831138998659385,-0.15978753315271363,185657.13434789734,0.8364559224340242
original,chemical_cluster,500,head_random,potency_ge6_descriptive_tail,560,56,52,55.943540642841484,47.38653300749192,False,1.2516833950341266,1.252792449051528,-1.252792449051528,-1.2516833950341266,5565.977961432507,0.025076845262802072
original,chemical_cluster,500,head_random,"novelty_[0,0.2)",874,248,222,107.22031867572848,66.35097831843801,False,0.8316206643491054,1.112750209916199,0.6153484911942216,0.12755847496036882,4272.717258989014,0.019250214481229322
original,chemical_cluster,500,head_random,"novelty_[0.2,0.35)",29771,3316,1959,2646.32996030378,1074.394334411485,False,0.5252115039728364,0.6774961964820161,0.3063259830985455,0.03260779967792428,202800.10741270616,0.9136915288035388
original,chemical_cluster,500,head_random,"novelty_[0.35,0.5)",2497,909,458,560.3540201731031,165.36017398187488,False,0.634530774286757,0.8480125037424262,0.5944187162983237,0.23957827580259888,13625.79548047083,0.061389385156389316
original,chemical_cluster,500,head_random,"novelty_[0.5,0.7)",285,133,69,80.9249314291307,33.98167709678785,False,0.7246052489428405,0.9491246088150649,0.6898779018915188,0.3556210887532292,1201.9449435659085,0.005415218596455297
original,chemical_cluster,500,head_random,"novelty_[0.7,1]",13,6,5,2.7797428935672577,2.664529116046611,True,0.5181694801654732,0.7828522694416536,0.7600829914288644,0.5092280546098428,56.30001635786919,0.0002536529623872516
original,chemical_cluster,500,repr_mlp,all,33440,3344,1975,2782.343188564992,1012.5588141842961,False,0.6734023204451233,0.8483465598146743,0.09190021425543943,-0.09985455388456876,221956.86511208978,1.0
original,chemical_cluster,500,repr_mlp,potency_lt4,10360,1036,617,818.9342623395673,280.80404787274347,False,1.2865241869905397,1.5239157310569755,0.665900239375704,0.575405558481249,36299.730764192434,0.16354407756597578
original,chemical_cluster,500,repr_mlp,potency_ge4,23080,2308,1559,2141.272332721013,927.6002729621608,False,0.5535245750548893,0.5451014725499324,-0.16575317656977462,-0.23188158511486695,185657.13434789734,0.8364559224340242
original,chemical_cluster,500,repr_mlp,potency_ge6_descriptive_tail,560,56,52,55.943540642841484,47.38653300749192,False,1.422808086896481,1.4254885916333226,-1.4076608655751777,-1.4048713888683206,5565.977961432507,0.025076845262802072
original,chemical_cluster,500,repr_mlp,"novelty_[0,0.2)",874,248,222,107.22031867572848,66.35097831843801,False,2.052751972979088,2.5196166593688663,-0.5756530815247941,-0.6344795088908883,4272.717258989014,0.019250214481229322
original,chemical_cluster,500,repr_mlp,"novelty_[0.2,0.35)",29771,3316,1959,2646.32996030378,1074.394334411485,False,0.6402979360966826,0.7901623394871574,0.09858266465279261,-0.09712832105831945,202800.10741270616,0.9136915288035388
original,chemical_cluster,500,repr_mlp,"novelty_[0.35,0.5)",2497,909,458,560.3540201731031,165.36017398187488,False,0.7157012312516314,0.9151238918910738,0.2325216337796176,0.015528089381064689,13625.79548047083,0.061389385156389316
original,chemical_cluster,500,repr_mlp,"novelty_[0.5,0.7)",285,133,69,80.9249314291307,33.98167709678785,False,0.8773118576931849,1.2109264321386464,0.20388061138307836,0.02473737283726626,1201.9449435659085,0.005415218596455297
original,chemical_cluster,500,repr_mlp,"novelty_[0.7,1]",13,6,5,2.7797428935672577,2.664529116046611,True,0.6477769317379318,0.9586615254328799,0.20361190649179317,0.06867162948142955,56.30001635786919,0.0002536529623872516
original,chemical_cluster,500,repr_ridge,all,33440,3344,1975,2782.343188564992,1012.5588141842961,False,0.5887841401110737,0.7687113501672724,0.2968422960930134,-0.012710861065834933,221956.86511208978,1.0
original,chemical_cluster,500,repr_ridge,potency_lt4,10360,1036,617,818.9342623395673,280.80404787274347,False,1.280167807593481,1.5128583466197274,1.3219944718868577,1.1367530482453854,36299.730764192434,0.16354407756597578
original,chemical_cluster,500,repr_ridge,potency_ge4,23080,2308,1559,2141.272332721013,927.6002729621608,False,0.45360462722824135,0.4346834956071582,-0.16332133220959613,-0.23745434090952217,185657.13434789734,0.8364559224340242
original,chemical_cluster,500,repr_ridge,potency_ge6_descriptive_tail,560,56,52,55.943540642841484,47.38653300749192,False,1.4260467426587846,1.4267133056662147,-1.2366201502029952,-1.2347916428415993,5565.977961432507,0.025076845262802072
original,chemical_cluster,500,repr_ridge,"novelty_[0,0.2)",874,248,222,107.22031867572848,66.35097831843801,False,1.1428413746017976,1.5962850910258972,0.5111377233894002,0.09136186779687121,4272.717258989014,0.019250214481229322
original,chemical_cluster,500,repr_ridge,"novelty_[0.2,0.35)",29771,3316,1959,2646.32996030378,1074.394334411485,False,0.5698576364046556,0.7284999523115208,0.26139374217997524,-0.031156632096742534,202800.10741270616,0.9136915288035388
original,chemical_cluster,500,repr_ridge,"novelty_[0.35,0.5)",2497,909,458,560.3540201731031,165.36017398187488,False,0.6769300838158037,0.9223051316582443,0.5856600723018259,0.19258545827816723,13625.79548047083,0.061389385156389316
original,chemical_cluster,500,repr_ridge,"novelty_[0.5,0.7)",285,133,69,80.9249314291307,33.98167709678785,False,0.8152596267551904,1.0809043129237448,0.7891580010841266,0.3811749762716279,1201.9449435659085,0.005415218596455297
original,chemical_cluster,500,repr_ridge,"novelty_[0.7,1]",13,6,5,2.7797428935672577,2.664529116046611,True,0.5478855545708011,0.8714351412895118,0.8012062939502594,0.438021703741677,56.30001635786919,0.0002536529623872516
