feature_row,original_id,pEC50,fold,standardized_fold,standardized_cluster_component,standardized_mean384_ridge,standardized_split_2d_lightgbm
1,OADMET-0005789,4.36,3.0,3,0,4.180284057627997,4.77646733058874
3,OADMET-0002785,5.41,2.0,2,1,4.4007811321528445,4.676320593652414
4,OADMET-0001399,5.01,1.0,1,2,4.9622317250551085,5.065835447648894
5,OADMET-0003066,5.07,3.0,3,3,4.909255380563776,5.029386438456738
6,OADMET-0005495,5.03,3.0,3,4,4.468826860345492,4.956538081572383
7,OADMET-0001354,3.62,1.0,1,5,3.947582180535526,3.818068581218761
8,OADMET-0002003,2.34,0.0,0,6,3.8119544890584818,2.8321236438270003
9,OADMET-0002946,5.915,3.0,3,7,4.656351705348472,5.260954673264481
12,OADMET-0001252,3.73,2.0,2,8,3.7496692965780807,2.800922088042813
13,OADMET-0002654,4.73,1.0,1,9,5.410123786832513,5.254229364473936
14,OADMET-0003107,5.48,4.0,4,10,5.268744227648018,4.892257531619994
15,OADMET-0005931,5.21,2.0,2,11,4.891578875128923,5.108660925160422
16,OADMET-0003052,4.84,0.0,0,12,4.372319374390917,4.911020087670422
17,OADMET-0003796,4.86,2.0,2,13,4.790244929941185,4.183224627160968
18,OADMET-0005719,4.86,2.0,2,14,4.2921448959481925,4.799954694831707
19,OADMET-0003505,5.74,1.0,1,15,4.4217325997822,4.526070620472745
20,OADMET-0005750,4.44,4.0,4,16,4.838674649036456,4.865764081343098
21,OADMET-0003210,5.3,1.0,1,17,5.092575980731729,5.189695951609235
22,OADMET-0003626,5.88,3.0,3,18,4.936532360427488,5.059254625011255
23,OADMET-0004704,4.75,1.0,1,19,5.4118962402897255,5.097584267154563
24,OADMET-0005275,4.43,4.0,4,20,5.458705702702311,5.204263740013515
25,OADMET-0005008,4.57,2.0,2,21,3.9732838269847335,4.808395721994147
26,OADMET-0002008,2.27,1.0,1,22,3.3523804785093057,3.607475304438815
27,OADMET-0002717,5.54,4.0,4,23,5.003793755083513,5.221606174638453
28,OADMET-0001202,2.49,1.0,1,24,3.8881281099676555,3.7147120775257565
29,OADMET-0002669,3.36,2.0,2,25,4.158289461254793,4.330211504267765
30,OADMET-0002674,5.28,0.0,0,26,5.20881495590571,5.369880495564087
31,OADMET-0004653,4.72,4.0,4,27,5.1728817609859155,4.794148230999834
32,OADMET-0005736,5.46,0.0,0,28,4.669984738316137,4.387435999450096
33,OADMET-0002639,3.52,2.0,2,29,5.011477706377468,4.983414089317057
34,OADMET-0003399,5.3,2.0,2,30,4.6411100239249485,5.062654531221444
35,OADMET-0001043,3.76,1.0,1,31,4.455378638483259,4.564705547852237
36,OADMET-0003889,4.89,0.0,0,32,4.553193215836121,4.770180707485982
37,OADMET-0003478,1.83,1.0,1,33,4.422129806665013,3.9901553647481327
40,OADMET-0001638,2.28,4.0,4,34,3.7733816575420915,3.0769139907146927
43,OADMET-0003769,4.12,3.0,3,35,4.227216116692337,3.9980885155326225
44,OADMET-0002948,4.64,2.0,2,36,4.336241732915691,4.49529899069359
45,OADMET-0000967,3.13,2.0,2,37,4.313485826729296,3.4090615839907024
47,OADMET-0002808,5.19,4.0,4,38,5.105951360316759,5.35135033542465
48,OADMET-0004803,5.2,0.0,0,39,4.956162279391365,4.883478498567596
49,OADMET-0006004,4.69,3.0,3,40,4.48434106299469,4.8700931624992565
50,OADMET-0005208,4.93,4.0,4,41,4.486170103475414,4.897517025640102
51,OADMET-0001984,3.41,4.0,4,42,3.6646272877109936,3.207161556700909
52,OADMET-0002148,2.78,4.0,4,43,2.795982586482197,2.3151513913872463
53,OADMET-0002687,5.12,1.0,1,44,5.092434509406354,5.147682371455584
54,OADMET-0002800,5.09,4.0,4,45,5.292814817060832,5.3472632076138735
55,OADMET-0005525,5.54,0.0,0,46,4.865804698775951,3.8474849241114155
56,OADMET-0006031,4.42,0.0,0,47,3.7402911810090957,4.157835256434664
57,OADMET-0005315,4.77,3.0,3,48,4.336616170344935,5.234802270189962
58,OADMET-0003560,3.0,3.0,3,49,4.254425871132794,2.918682327091279
59,OADMET-0003397,6.470000000000001,1.0,1,50,5.278384982790927,5.070525912445294
61,OADMET-0005014,4.66,0.0,0,51,4.6397012339093555,4.8387136614034505
63,OADMET-0003748,2.01,3.0,3,52,4.100452394474981,2.218773199432814
64,OADMET-0001615,2.79,4.0,4,53,3.8853299709399085,3.0902314786108183
65,OADMET-0002910,5.035,4.0,4,54,4.03358107540865,4.653917760482166
66,OADMET-0002228,3.04,3.0,3,55,2.312197407730203,2.679148685545343
67,OADMET-0001775,3.43,0.0,0,56,4.29094218691004,3.2383976083440094
68,OADMET-0000952,3.99,1.0,1,57,4.1587780742922416,4.180284262762582
69,OADMET-0003434,6.01,3.0,3,58,5.319982112461224,5.27444011578967
70,OADMET-0005667,5.14,4.0,4,59,4.680733730357396,4.702454518010883
73,OADMET-0005441,4.56,3.0,3,60,5.51709566446987,4.889196945428523
74,OADMET-0004778,4.74,1.0,1,61,4.548875469201117,4.847596294073747
75,OADMET-0005713,4.39,0.0,0,62,4.83277946177005,4.644817336945192
76,OADMET-0005367,4.75,3.0,3,63,4.322195039374635,4.344755430914486
77,OADMET-0005853,4.06,1.0,1,64,3.850712166958929,3.3933704650137497
78,OADMET-0005766,4.75,1.0,1,65,4.361908861926739,4.390658162235687
81,OADMET-0001953,4.07,4.0,4,43,4.208871677523571,4.594522062448367
82,OADMET-0001978,4.03,1.0,1,66,3.9443413885075254,4.768443748060839
83,OADMET-0003083,1.76,3.0,3,67,4.131093162654723,4.655163500824837
86,OADMET-0003281,5.45,3.0,3,68,4.509197259657236,4.113554336189847
89,OADMET-0002818,5.74,3.0,3,69,5.192303657592204,5.466118142815182
90,OADMET-0001366,5.2,1.0,1,70,4.920014425072539,5.251741346094576
91,OADMET-0005666,5.25,1.0,1,71,4.396249863028664,5.31263943798248
92,OADMET-0005804,5.57,3.0,3,72,5.091034070773073,4.888978758044849
93,OADMET-0003044,5.59,0.0,0,73,5.325752155074427,5.145360905634268
94,OADMET-0003784,2.59,1.0,1,74,3.1344817693122726,2.3407285108845266
95,OADMET-0002882,5.25,0.0,0,75,4.8490244400068265,5.077017776403018
96,OADMET-0003662,2.02,2.0,2,76,2.3666253338572116,2.1491354421978213
97,OADMET-0001319,3.69,0.0,0,77,4.038067773236721,3.6519948038122836
99,OADMET-0002217,2.05,4.0,4,43,2.938464295863282,2.320254328165839
100,OADMET-0002590,5.12,0.0,0,78,3.841673313676481,4.59742350728414
101,OADMET-0001592,2.44,1.0,1,79,3.661121886803702,2.6144120591579445
102,OADMET-0001047,3.79,4.0,4,80,3.29157463874101,3.338732649825508
104,OADMET-0005955,4.87,1.0,1,81,3.9026810884666174,3.987605281827724
105,OADMET-0001761,4.1,4.0,4,82,4.65713947605022,3.9597139778576724
106,OADMET-0001509,2.86,1.0,1,83,3.6939639468906997,3.785191531304938
108,OADMET-0001663,1.89,4.0,4,84,4.037028254872756,3.503093738114762
109,OADMET-0001235,3.35,4.0,4,85,4.1224855259963125,3.8452897396073795
111,OADMET-0001684,3.91,3.0,3,86,4.708162747979465,4.223935750717053
113,OADMET-0005894,4.71,4.0,4,87,4.615857541026874,4.264185455904206
114,OADMET-0005817,4.66,3.0,3,88,4.844877061295841,4.587699775316525
115,OADMET-0005417,4.88,0.0,0,89,4.977868074560012,5.054607022802319
116,OADMET-0004577,4.8,0.0,0,90,3.8701675976930634,4.571542334458566
118,OADMET-0002073,1.94,1.0,1,91,3.3138545101707324,3.119605184683783
119,OADMET-0004263,4.98,1.0,1,92,4.791585888805333,4.456495984465331
120,OADMET-0004819,4.63,4.0,4,93,3.134476583198179,4.138472059006992
121,OADMET-0005966,4.34,3.0,3,94,3.6152017405235184,4.797588499090936
122,OADMET-0005236,5.19,1.0,1,95,4.75174282741514,4.518081202577878
123,OADMET-0002166,2.22,4.0,4,43,3.0548034072955472,2.4765357236162333
124,OADMET-0004887,5.02,4.0,4,96,4.0747886891075815,4.681495469760585
125,OADMET-0002065,2.39,4.0,4,43,2.6328328600972957,2.0982115952493423
126,OADMET-0003275,5.96,4.0,4,97,5.212172405774249,5.239376396898772
127,OADMET-0001500,4.41,3.0,3,98,5.215752804987406,5.014752729210683
128,OADMET-0001090,4.32,3.0,3,99,4.348751514139267,4.4466176770047445
129,OADMET-0002250,4.14,1.0,1,100,4.34577299090773,4.764329514660063
130,OADMET-0005393,4.4,4.0,4,101,4.611539734127567,4.822392549466922
131,OADMET-0001943,5.52,2.0,2,102,4.796474631093866,4.75408252588057
132,OADMET-0005000,4.57,3.0,3,103,4.615874488810539,4.783130998594193
133,OADMET-0005936,4.97,4.0,4,104,4.716865922512361,4.721272395333273
135,OADMET-0005167,5.28,0.0,0,105,3.50922383061768,3.9963081436399213
136,OADMET-0003832,5.34,3.0,3,106,5.058174686158,4.956208016855828
138,OADMET-0003462,4.92,2.0,2,107,5.053394570284793,5.201169956543903
139,OADMET-0005829,5.38,3.0,3,108,5.1653140264659525,5.10813668192964
140,OADMET-0004768,4.58,4.0,4,109,5.032433290786359,5.12598211946957
141,OADMET-0001488,5.22,3.0,3,110,5.073261718075038,5.185396728453281
142,OADMET-0003914,5.16,3.0,3,111,4.866838055831044,4.940686155961064
143,OADMET-0004958,4.97,3.0,3,112,4.867235656182487,4.920005676568042
146,OADMET-0003651,4.83,0.0,0,113,4.351542012671683,4.266008651820153
147,OADMET-0001636,3.15,0.0,0,114,3.9967357117427604,2.7497718679267362
148,OADMET-0005697,4.9,0.0,0,115,5.283378884568761,5.00545160680331
149,OADMET-0003319,5.13,3.0,3,116,4.299554838494256,5.142723014156263
150,OADMET-0002814,5.28,0.0,0,117,5.3782861055526565,5.09582238389323
152,OADMET-0000968,3.94,2.0,2,118,4.34693716091292,3.801358410723353
154,OADMET-0004980,5.35,2.0,2,119,5.103554811262454,4.854613501163003
157,OADMET-0003338,5.42,0.0,0,120,5.021835951803588,4.427567328732857
158,OADMET-0001993,2.98,0.0,0,121,3.988908231797608,4.153682483321744
159,OADMET-0003678,2.63,4.0,4,43,2.104849515989107,3.06045720918417
161,OADMET-0002095,2.85,3.0,3,122,4.087049404838093,2.0514692162484782
162,OADMET-0003068,5.41,0.0,0,123,4.174316326000613,4.800618901266681
163,OADMET-0002105,1.86,2.0,2,124,3.433399242089961,2.3590236439678836
164,OADMET-0003688,2.08,1.0,1,125,3.9293835338480734,4.221626360568505
165,OADMET-0006055,4.95,1.0,1,126,4.863360956651582,5.142375213464822
166,OADMET-0005954,4.91,4.0,4,127,4.896913054330478,4.340477908674968
167,OADMET-0005206,5.13,2.0,2,128,4.101409994587538,4.3076429633140885
168,OADMET-0005946,5.06,4.0,4,129,5.30023830240796,5.303618145031069
169,OADMET-0005178,5.0,3.0,3,130,4.976338618728888,5.231045308751874
170,OADMET-0002556,5.6,3.0,3,131,4.902179743542295,4.607040634540774
171,OADMET-0005808,5.32,1.0,1,132,5.143792923285606,5.346824844135547
172,OADMET-0005156,4.31,2.0,2,133,4.011961072218944,4.774583080577983
173,OADMET-0001384,1.71,1.0,1,134,3.958371915602056,4.550963823523621
174,OADMET-0001199,2.53,2.0,2,135,3.116087793813893,2.9038596197257576
175,OADMET-0003526,6.63,4.0,4,136,4.127580779275446,4.80619956934102
176,OADMET-0005209,4.57,2.0,2,137,4.541919271154894,4.708435659304659
177,OADMET-0001718,4.08,0.0,0,115,4.168899329192013,3.8243913865620507
178,OADMET-0000966,3.9,3.0,3,138,3.7109661523612014,4.673537855896316
179,OADMET-0002300,2.1,4.0,4,43,3.1836606581498845,2.652504197695122
180,OADMET-0001930,3.63,2.0,2,325,4.54931956905151,4.424168398602585
181,OADMET-0001609,4.31,4.0,4,139,4.232209280572796,4.598960993007426
182,OADMET-0003295,1.73,4.0,4,140,4.836541114094641,4.375477875822964
183,OADMET-0002655,5.13,1.0,1,141,4.978543901219847,4.713578086674304
184,OADMET-0005609,4.15,0.0,0,142,4.7243371769785645,4.418030424943139
185,OADMET-0005824,4.44,2.0,2,143,4.5492306365969855,4.040851455568787
186,OADMET-0001576,2.7,0.0,0,144,3.801349703743816,2.798086779947417
187,OADMET-0005927,4.63,0.0,0,145,4.424133798756019,4.970648103153119
189,OADMET-0005477,4.5,2.0,2,146,4.025974414399201,4.1078270883863155
190,OADMET-0004794,4.58,1.0,1,147,4.664229995728727,5.201325001811198
191,OADMET-0003421,3.38,1.0,1,148,4.957879341969941,4.0068820323746035
193,OADMET-0002247,2.55,4.0,4,43,0.19296539787116984,2.162478208718992
194,OADMET-0001726,3.35,2.0,2,149,4.692384662447535,3.4343129036172093
196,OADMET-0005961,4.61,4.0,4,150,4.442879720235724,5.009153866600212
197,OADMET-0001398,1.66,0.0,0,151,4.415228013470524,4.751676829058514
198,OADMET-0000936,3.96,2.0,2,152,3.8850062962446317,3.533371212304613
201,OADMET-0001004,2.79,3.0,3,153,3.20795378785508,2.6480039447706027
203,OADMET-0002865,5.44,1.0,1,154,4.758473106999779,5.225378307272693
204,OADMET-0002877,3.08,4.0,4,155,4.24947045326469,5.042650871553566
205,OADMET-0005359,4.47,2.0,2,156,4.021235039153546,4.982893447829773
206,OADMET-0004698,4.23,3.0,3,157,3.9561898975950585,4.796327014649586
207,OADMET-0005340,4.22,4.0,4,158,4.237018245952797,4.127323996252727
208,OADMET-0003286,5.51,0.0,0,159,4.129207069579522,5.0147344567340735
209,OADMET-0005557,5.13,0.0,0,160,4.616222359580061,4.413729738461699
211,OADMET-0002172,2.42,4.0,4,43,2.944531252050363,2.5983749503139575
214,OADMET-0001155,1.72,1.0,1,161,3.131809992640722,4.038236787422201
215,OADMET-0005136,5.05,0.0,0,162,4.784351896393123,4.866506066802514
216,OADMET-0002150,1.94,4.0,4,43,2.1146828426755753,2.6347912634724864
217,OADMET-0002811,5.03,0.0,0,163,4.712770224189895,4.754003784996939
220,OADMET-0006053,5.31,4.0,4,164,4.748064466252078,4.907092148435637
221,OADMET-0004970,5.22,0.0,0,165,4.611084803406648,4.246858341410635
222,OADMET-0001267,3.29,3.0,3,166,3.5876941393617554,3.4802114132368502
223,OADMET-0002883,5.48,4.0,4,167,5.474870643079378,5.387345202914101
224,OADMET-0003191,5.05,2.0,2,168,4.998890000080147,5.003892520476564
225,OADMET-0003060,5.45,4.0,4,169,5.213442452656366,4.783315446480962
226,OADMET-0005244,4.81,0.0,0,170,4.631004676698421,4.9404538986664175
227,OADMET-0002330,3.9,4.0,4,171,3.7899763595013356,4.083009215044616
228,OADMET-0001334,3.49,4.0,4,172,2.715823199715842,3.536739046692682
229,OADMET-0005184,4.82,3.0,3,173,4.488783422004692,5.048638605893413
230,OADMET-0002611,5.27,0.0,0,174,4.563366076519039,5.100876276533203
231,OADMET-0002968,5.32,3.0,3,175,4.476817604465493,4.972861641262516
232,OADMET-0005502,4.87,0.0,0,176,4.519564824714713,4.78495499461501
233,OADMET-0005846,4.61,0.0,0,177,4.435886742121354,4.840275344340794
234,OADMET-0004991,5.41,4.0,4,178,3.8973638110770645,5.092941802425849
235,OADMET-0002123,3.56,3.0,3,179,2.9252753384330012,2.708703044142786
236,OADMET-0004965,4.93,1.0,1,180,4.3821374823486705,4.913601879270866
237,OADMET-0005544,4.8,3.0,3,181,4.0060027985925695,4.108482439165928
238,OADMET-0001864,3.49,3.0,3,182,3.906992034718331,3.9671370243025543
239,OADMET-0002143,3.01,4.0,4,43,1.7711209780530588,2.281094349114551
240,OADMET-0003470,5.82,4.0,4,183,4.759471249301134,4.75723684983763
241,OADMET-0004933,5.33,2.0,2,184,4.804902812515986,4.370881980398969
242,OADMET-0002113,3.0,3.0,3,185,2.220674332969511,2.6769077047896968
243,OADMET-0002745,1.76,3.0,3,186,3.554331781830117,1.8678212845836044
244,OADMET-0002671,5.3,3.0,3,187,4.7325296288469865,4.808908919434476
245,OADMET-0005747,5.58,0.0,0,188,4.413743638834922,5.147121249050858
246,OADMET-0000994,3.14,0.0,0,189,3.2994509595548074,3.607810808330083
247,OADMET-0005026,5.0,1.0,1,190,5.311555689711915,5.286461848525012
248,OADMET-0001463,3.21,2.0,2,191,4.338799463809196,3.648961124888661
249,OADMET-0003687,1.84,4.0,4,43,1.585586042444227,2.0002219069080716
251,OADMET-0003132,4.62,4.0,4,192,5.214373400309393,5.120910994681019
252,OADMET-0001184,3.34,1.0,1,193,3.296836287276906,3.5937755569259027
253,OADMET-0003394,1.74,0.0,0,194,4.195773202017914,2.8895285078237434
254,OADMET-0005876,4.72,1.0,1,195,5.068614652255445,5.083179287675926
255,OADMET-0005429,4.97,2.0,2,196,4.196686218525968,5.233335436188924
257,OADMET-0002809,5.74,4.0,4,197,5.432902770171514,5.378999242221377
260,OADMET-0001102,3.53,2.0,2,198,4.455443746753395,3.634302668635019
261,OADMET-0003207,5.67,4.0,4,199,4.5075001276215945,4.591294305720932
263,OADMET-0001791,1.91,2.0,2,200,3.76360712156222,2.5891157422795477
265,OADMET-0003006,5.15,0.0,0,201,4.412726036100267,4.952678345884676
266,OADMET-0004003,5.12,1.0,1,202,4.349018184726505,4.851558634001415
267,OADMET-0003701,2.24,0.0,0,203,4.575026835337282,3.8200447634817345
268,OADMET-0003188,5.18,1.0,1,204,5.032074678831315,5.16961593629568
270,OADMET-0004873,5.01,1.0,1,205,3.5813385910012654,4.797921380336091
271,OADMET-0001021,1.62,2.0,2,206,4.409728624136674,4.318250877887691
272,OADMET-0003514,5.35,2.0,2,207,4.705276702764308,4.7838416498625245
273,OADMET-0005169,4.87,3.0,3,208,4.9744269951607984,5.272769970156351
274,OADMET-0005459,4.72,0.0,0,795,5.26968640673542,4.776076177869692
275,OADMET-0004270,5.08,0.0,0,209,4.805315641633092,4.808183440232037
277,OADMET-0005979,5.2,3.0,3,210,5.320700902894621,5.451601223213407
278,OADMET-0004712,4.39,3.0,3,130,4.690651062566609,5.05274920484104
279,OADMET-0003872,4.39,2.0,2,211,3.90520688624792,3.9183168357188376
283,OADMET-0002109,2.53,4.0,4,43,1.5739162265333748,2.508856517592583
285,OADMET-0004588,4.85,2.0,2,212,4.905138810633964,4.634323857225422
286,OADMET-0005102,5.09,1.0,1,213,4.338422595809255,4.717181590661119
287,OADMET-0001996,3.0,0.0,0,214,4.527547871703364,3.4455939664569506
288,OADMET-0005759,4.14,0.0,0,215,4.7856841975781945,5.138277746564688
289,OADMET-0002326,1.86,3.0,3,216,3.005760189170311,2.4967944778430144
290,OADMET-0004442,4.7,4.0,4,217,4.486773250885771,4.563525839518404
291,OADMET-0002181,2.14,0.0,0,218,3.514233029702573,2.468464185493673
292,OADMET-0003109,5.64,1.0,1,219,5.114201726373578,4.880762817721825
296,OADMET-0003390,5.29,0.0,0,220,5.638189072457787,5.066189895901278
297,OADMET-0002121,2.91,4.0,4,43,2.9966138501932926,2.9118988735282865
298,OADMET-0003519,5.12,0.0,0,221,4.592487692692855,4.980248318672129
299,OADMET-0003994,4.3,2.0,2,222,5.034210111746378,4.56178450215688
300,OADMET-0002854,5.59,4.0,4,43,5.3286247346207825,5.598166167738601
301,OADMET-0002165,2.92,2.0,2,223,4.700041472992236,2.8676807819558463
302,OADMET-0005501,5.29,0.0,0,224,4.09041522800553,4.8108147328866275
303,OADMET-0005044,4.84,2.0,2,225,4.659245285506726,4.689147602684233
304,OADMET-0005802,4.53,4.0,4,226,4.707834281593711,5.175217918488927
305,OADMET-0005563,5.18,2.0,2,227,4.709353688929227,4.642229701407079
307,OADMET-0003055,5.63,2.0,2,137,5.355761039643364,5.506306190507093
308,OADMET-0004913,5.23,0.0,0,228,5.443040497316218,5.258844102250047
309,OADMET-0004428,4.61,4.0,4,229,4.741014198954026,4.883559883203669
310,OADMET-0004864,4.2,3.0,3,230,4.569934469100511,4.562241873142476
311,OADMET-0005613,5.04,0.0,0,231,4.569214037498241,5.043825098945257
312,OADMET-0002257,3.23,4.0,4,43,2.441302904387056,2.5641338563611
314,OADMET-0002954,5.12,2.0,2,232,3.711681975347312,4.121815378068586
315,OADMET-0002263,1.82,4.0,4,43,0.29070182727463134,2.666917204398652
316,OADMET-0001544,2.68,3.0,3,233,3.669941580588884,3.3163763643774136
317,OADMET-0002987,5.61,4.0,4,234,4.613104315363082,5.080693485607266
319,OADMET-0005002,4.87,1.0,1,235,4.4860938192918685,4.039537263367729
321,OADMET-0002026,1.95,0.0,0,236,4.679709802186181,4.09993446261411
322,OADMET-0002236,2.92,2.0,2,237,3.6114989690562047,2.8035966491266717
324,OADMET-0003500,5.24,4.0,4,238,5.393896285166199,5.167387517953601
325,OADMET-0002194,2.54,4.0,4,43,2.1553983423263796,2.46525161404407
327,OADMET-0005306,5.16,3.0,3,239,4.898801164331783,4.842754814249727
328,OADMET-0003409,6.41,3.0,3,240,5.269361143033337,5.268463208496233
329,OADMET-0005561,4.59,0.0,0,241,4.710895964002299,4.745807547329982
330,OADMET-0003130,5.56,0.0,0,242,5.247428828815628,5.350045477070488
331,OADMET-0001167,2.28,2.0,2,243,3.2062310011678106,2.715637108347444
332,OADMET-0002015,4.12,3.0,3,244,4.37727251439354,4.666709514526477
333,OADMET-0003475,4.9,1.0,1,245,4.656997228348105,4.869835312865946
335,OADMET-0003087,3.13,3.0,3,246,4.179969610059551,3.7846921308740455
336,OADMET-0001614,3.88,0.0,0,247,5.029431576880613,4.575957472918781
337,OADMET-0001364,5.09,1.0,1,248,4.483490820628915,4.612351395463767
340,OADMET-0003086,2.01,0.0,0,249,4.447680512993496,4.986350599767046
341,OADMET-0002055,1.94,1.0,1,250,2.03747887742574,2.2218794340834234
343,OADMET-0003620,3.89,0.0,0,251,4.020821215429232,4.188524793068076
345,OADMET-0003571,2.24,1.0,1,252,3.9126619686391417,4.635416203865279
348,OADMET-0001917,4.16,1.0,1,253,5.451364781464912,5.143735247943927
349,OADMET-0005735,5.09,1.0,1,254,3.847240973580002,4.896301344733893
351,OADMET-0005715,4.82,2.0,2,255,4.734884892037517,5.0474946391027675
352,OADMET-0001328,3.67,2.0,2,256,5.301902465556994,4.368729418295567
353,OADMET-0002185,1.82,0.0,0,257,3.6871786548628487,3.8418287477756454
354,OADMET-0005363,4.84,2.0,2,258,4.277070347976823,3.91695183500727
355,OADMET-0003155,5.75,3.0,3,259,5.03666434850549,4.987935175864585
357,OADMET-0003602,5.09,1.0,1,260,3.507169104487428,4.020550091559193
359,OADMET-0001804,4.22,0.0,0,261,4.021633468948783,3.859955292000259
360,OADMET-0002538,5.835,4.0,4,262,5.548863571131159,5.506296376835969
361,OADMET-0005520,4.29,0.0,0,263,4.921932545592101,4.864667341037314
363,OADMET-0001276,4.6,4.0,4,264,4.492593680249212,4.1557531383158075
364,OADMET-0004738,4.31,4.0,4,265,4.4311707910411995,4.215814752185808
365,OADMET-0002957,5.12,0.0,0,266,4.190253256751117,4.543652196333337
367,OADMET-0003323,2.69,2.0,2,267,4.581127579013134,4.362745487357041
368,OADMET-0001454,2.3,3.0,3,268,2.976127555958847,2.3955447633917455
369,OADMET-0001469,4.34,2.0,2,269,4.2913451417100115,4.478720732921526
370,OADMET-0001504,5.16,3.0,3,270,4.4266564570739115,4.566973402500689
371,OADMET-0003065,5.14,2.0,2,271,5.067822110038563,5.005136779675139
373,OADMET-0002836,2.91,4.0,4,272,4.882966165866803,5.252638640213389
374,OADMET-0002784,5.35,1.0,1,273,4.185526457158313,4.883228157391011
375,OADMET-0003669,4.71,2.0,2,274,3.725599537435163,3.880157645777427
376,OADMET-0001934,5.29,1.0,1,275,4.425838447315614,4.568325863286515
377,OADMET-0002045,4.51,3.0,3,130,4.257825688025374,4.548838665158406
378,OADMET-0005830,3.93,4.0,4,276,4.821210669800645,4.882764957895688
379,OADMET-0005865,5.2,2.0,2,277,4.975922136202254,5.443808326979871
381,OADMET-0003643,1.87,3.0,3,278,4.495387570999626,2.502287738568448
382,OADMET-0005858,5.29,3.0,3,279,4.538391224323436,5.3381567909610235
383,OADMET-0000985,4.55,1.0,1,280,3.4896807917682158,4.694492659911583
384,OADMET-0003756,4.0,1.0,1,281,3.757912008218783,4.401200086867605
385,OADMET-0005155,4.83,2.0,2,282,4.320899511322669,4.4010641313362795
386,OADMET-0003318,5.45,1.0,1,283,4.952461174958666,5.009370664245503
387,OADMET-0002042,5.61,4.0,4,284,4.938616835649243,5.429238400458704
388,OADMET-0005327,4.4,1.0,1,285,4.050843282008339,3.990671171851552
389,OADMET-0003192,5.975,1.0,1,286,5.239603857074548,5.2257374107632355
391,OADMET-0005571,4.75,2.0,2,287,5.245803320910016,5.031942043669572
392,OADMET-0003720,2.89,2.0,2,288,3.1029130025009337,2.548785117729214
393,OADMET-0001808,4.16,1.0,1,289,4.568583192973382,4.434072139967073
394,OADMET-0005091,5.31,2.0,2,290,5.194398002128663,4.836101581797043
395,OADMET-0005889,4.76,3.0,3,291,4.795962244159188,4.928289845516957
396,OADMET-0002648,4.69,1.0,1,292,4.031107128301711,3.836331002856576
400,OADMET-0004805,5.0,2.0,2,293,4.611828603101136,4.8960241079839575
401,OADMET-0000940,3.09,3.0,3,294,2.472698394722489,3.086111217740946
402,OADMET-0001578,3.58,1.0,1,295,4.9698472876901665,4.5365875928379245
403,OADMET-0005700,4.04,3.0,3,296,4.443827871764267,4.489791174438425
404,OADMET-0005118,4.36,1.0,1,297,4.345224276843563,4.789977206719237
405,OADMET-0003174,5.27,4.0,4,298,4.563369860120277,4.885173088492618
406,OADMET-0001014,4.11,3.0,3,299,4.2608415419937895,4.12970285505893
407,OADMET-0003592,5.08,1.0,1,300,4.910661395853236,5.080756882343614
408,OADMET-0002913,5.22,0.0,0,301,4.730962134952056,4.969344471279106
409,OADMET-0001067,3.11,4.0,4,302,4.50834375985305,3.8444131066584206
410,OADMET-0001827,3.62,0.0,0,303,4.152244856057043,4.309195368562719
411,OADMET-0004092,4.9,4.0,4,304,4.399018225556351,4.057945585891645
412,OADMET-0005548,4.83,0.0,0,305,4.9080094715101765,4.783916891452028
413,OADMET-0005546,4.93,4.0,4,306,4.912049485491667,4.518773539947968
414,OADMET-0005089,5.06,2.0,2,307,5.172305623940469,5.224877019965674
415,OADMET-0002220,1.88,4.0,4,43,1.8114837570518372,2.030883675961619
416,OADMET-0003503,6.140000000000001,1.0,1,308,5.511294989791313,5.237399795757317
418,OADMET-0002141,2.83,2.0,2,309,3.5461685637306184,2.6402856929080434
421,OADMET-0004744,4.4,0.0,0,310,4.929903727772642,5.01308848822612
422,OADMET-0005716,4.51,0.0,0,311,4.87435788500264,4.87713031825054
424,OADMET-0002930,5.53,0.0,0,312,5.25904730112066,5.284920211240146
425,OADMET-0001019,2.31,0.0,0,313,2.950245762161681,2.735943306963664
427,OADMET-0002916,5.22,0.0,0,314,3.6051398255531844,4.531195876578173
428,OADMET-0005999,4.98,1.0,1,315,5.7332742325736685,5.019453618286403
429,OADMET-0003652,6.58,2.0,2,316,3.914413800452907,3.731812017228824
432,OADMET-0005137,5.44,4.0,4,317,5.260806372682641,5.185751185482621
433,OADMET-0002841,5.45,2.0,2,318,4.3129539420563345,3.6659779516250595
434,OADMET-0001060,3.97,2.0,2,319,3.162850301385181,4.080736731022429
435,OADMET-0001031,3.73,0.0,0,320,4.257803081119834,4.003592650763643
436,OADMET-0004857,4.97,3.0,3,321,3.9696189250819556,4.30134889736873
437,OADMET-0004974,4.98,4.0,4,322,4.352586461790718,4.894474172390007
438,OADMET-0006019,4.73,2.0,2,323,4.563207918330717,4.940899916684805
439,OADMET-0004901,4.66,1.0,1,324,4.869940180697655,5.055150200138072
440,OADMET-0001240,3.38,2.0,2,325,3.607902625487446,3.4559582058326126
441,OADMET-0006035,5.53,0.0,0,326,4.811043065193223,4.594381285076451
442,OADMET-0001051,2.49,4.0,4,327,2.8726997410286232,3.112727119706332
443,OADMET-0002565,5.55,2.0,2,328,5.145814373952756,5.155222193729173
444,OADMET-0005221,5.04,1.0,1,329,4.390567054485641,5.481210733422637
445,OADMET-0003805,4.42,4.0,4,330,4.083815691411579,4.619336030134259
446,OADMET-0005530,4.88,4.0,4,331,4.878511229614655,4.679967356083481
448,OADMET-0002789,5.46,3.0,3,332,4.865395980137062,5.081195870672467
449,OADMET-0005655,5.2,4.0,4,333,3.2746854226560087,4.069297051399793
450,OADMET-0001982,4.745,0.0,0,121,4.481464438283735,4.711407748894503
451,OADMET-0001464,4.45,0.0,0,334,4.833613637838115,4.739142979880052
452,OADMET-0003724,4.55,2.0,2,335,4.51921677299061,4.2342875879027355
454,OADMET-0001480,4.83,3.0,3,336,4.7313705538070625,4.1382854883663605
455,OADMET-0002152,2.85,1.0,1,337,3.3281648389149026,2.2677322453425868
457,OADMET-0005157,4.8,2.0,2,338,4.020150322636186,3.9081351024557103
459,OADMET-0003069,5.7,1.0,1,339,4.6826599383426615,4.570254018019375
462,OADMET-0001303,4.15,2.0,2,340,4.236265818679322,3.6241964492973158
464,OADMET-0005567,5.12,3.0,3,341,5.316528050920694,5.329614204850269
465,OADMET-0005357,4.78,1.0,1,342,4.432676132926192,4.597020819268238
466,OADMET-0002644,2.0,1.0,1,343,4.248025832674687,4.871929939284793
467,OADMET-0001552,4.64,1.0,1,344,4.127158106456407,3.6450246966483903
470,OADMET-0001824,2.56,3.0,3,345,2.930817774100606,3.411234907312418
471,OADMET-0002937,4.85,4.0,4,346,4.657112110703737,5.122290024091657
472,OADMET-0002843,3.84,3.0,3,347,3.7610285095231406,4.235639476668883
475,OADMET-0005772,4.78,1.0,1,348,4.576227842627149,5.260229515694712
476,OADMET-0005536,4.49,4.0,4,349,4.5706477149184845,5.155142246404229
477,OADMET-0004763,4.91,1.0,1,350,4.952574084635377,4.9355900181751124
478,OADMET-0003116,5.19,3.0,3,351,4.829378153758188,4.982658864482202
479,OADMET-0004168,4.79,2.0,2,352,4.835657479893254,4.687427653599766
480,OADMET-0003782,4.17,1.0,1,353,5.051507743513481,4.742864402519075
481,OADMET-0001790,2.57,3.0,3,354,4.292176352466823,3.8491275573150925
482,OADMET-0005030,5.07,3.0,3,355,5.11847720317251,5.2847480207045185
483,OADMET-0001289,4.21,3.0,3,356,4.734287312542,4.408000252031023
484,OADMET-0002276,2.88,4.0,4,43,2.3173698957188593,2.7744784405166567
485,OADMET-0005211,4.46,1.0,1,357,5.407826642393515,5.275794999022493
486,OADMET-0001540,3.37,3.0,3,358,3.3388547542151095,3.2466501107238255
487,OADMET-0002807,5.775,1.0,1,359,5.121746169835003,5.285655986239629
489,OADMET-0003604,4.88,1.0,1,300,4.499446502158248,4.8341618385117675
490,OADMET-0003248,1.83,3.0,3,360,5.252131250138312,4.62418791039161
491,OADMET-0005553,4.79,4.0,4,361,4.320497475810081,4.837370823706071
492,OADMET-0004729,3.95,2.0,2,362,4.496295683612183,4.969178923755394
493,OADMET-0003387,4.97,0.0,0,363,4.6434178880912516,5.050849223110584
494,OADMET-0003388,5.5,4.0,4,364,5.363992198348651,5.169417741386146
496,OADMET-0005819,4.99,2.0,2,365,4.131806033641256,5.0433105903907585
497,OADMET-0005220,5.16,3.0,3,366,4.901157878567119,5.24080467323344
498,OADMET-0001451,5.04,0.0,0,367,4.602128183846863,4.602717446789885
499,OADMET-0001800,4.53,3.0,3,368,4.289636098067372,4.170469956776953
500,OADMET-0004628,4.15,0.0,0,369,4.351437832393123,4.201533505570722
501,OADMET-0002183,1.92,0.0,0,370,2.214479293038127,2.1829246300016987
502,OADMET-0003179,5.15,3.0,3,371,5.073035052009954,5.0115226304888845
503,OADMET-0003730,5.74,3.0,3,372,2.896122808813344,3.2587052413571684
504,OADMET-0004900,4.73,0.0,0,373,5.160552896869694,4.902222629850768
505,OADMET-0004973,5.21,1.0,1,374,4.6785182460274255,4.669992587851548
506,OADMET-0001126,2.5,1.0,1,91,3.171024485386732,3.230875507077466
507,OADMET-0001073,3.98,1.0,1,375,3.467937810136946,4.239994497505089
508,OADMET-0004955,4.57,0.0,0,376,4.490442896585705,4.4712126245073165
509,OADMET-0004261,5.0,3.0,3,377,4.778712631091525,4.880589491995214
510,OADMET-0003293,5.25,4.0,4,378,4.807510941509289,5.045060857647415
511,OADMET-0003034,5.22,3.0,3,379,4.759569463884259,4.883583542534521
513,OADMET-0003414,6.845,4.0,4,380,5.6118106281037585,5.522648386014101
514,OADMET-0003120,5.37,4.0,4,381,5.591981306612645,5.140427362720653
515,OADMET-0003663,4.57,2.0,2,382,4.319301644140374,4.789933558528267
516,OADMET-0001198,2.79,2.0,2,383,2.8852769292658333,2.7336668404595095
517,OADMET-0001587,5.09,1.0,1,384,4.880015910076292,4.618356764185738
519,OADMET-0004677,3.93,3.0,3,385,4.336365466739179,4.346458174677143
522,OADMET-0005394,5.26,2.0,2,386,4.808873664574094,5.1974501724518785
523,OADMET-0003709,1.82,3.0,3,387,4.185172061775444,4.620820623067632
524,OADMET-0001874,4.77,1.0,1,388,5.233879559328116,4.917774150950689
525,OADMET-0003389,5.31,1.0,1,389,4.95239181143841,4.884509902529011
527,OADMET-0001870,4.12,1.0,1,343,2.652280640293815,4.132926903826575
528,OADMET-0004694,4.76,0.0,0,390,4.8691461600695884,4.995004765069904
529,OADMET-0005779,5.11,1.0,1,391,4.404925290113491,4.785947477529555
530,OADMET-0001133,4.61,0.0,0,392,4.600872134123884,5.45643211031927
531,OADMET-0002793,4.96,3.0,3,393,5.354516249755221,5.001455816746299
532,OADMET-0004889,4.38,0.0,0,394,4.288102338153838,4.958874558807729
533,OADMET-0001127,3.29,1.0,1,395,3.5142164238009244,3.4246166558429056
534,OADMET-0003700,5.52,1.0,1,396,4.178555558214749,4.312667070877263
535,OADMET-0005143,4.63,2.0,2,397,4.621702036834282,4.8604038869875925
536,OADMET-0004868,4.71,1.0,1,398,4.504582961619484,4.833531436695364
538,OADMET-0003607,3.59,0.0,0,399,4.60792899397663,4.8778949953930395
539,OADMET-0002551,5.44,3.0,3,400,5.106415847363876,5.050974438902326
540,OADMET-0001236,2.57,2.0,2,401,3.562665133980315,3.3310850396926344
542,OADMET-0001278,2.56,4.0,4,402,3.9250250321698514,3.1683307141434307
543,OADMET-0006048,4.99,2.0,2,403,3.9679152362533374,4.389785005333471
545,OADMET-0003085,4.21,4.0,4,404,4.836263569148884,4.717830789714579
547,OADMET-0002847,5.27,0.0,0,405,4.920514345209538,5.3575707578062355
548,OADMET-0001961,3.92,0.0,0,406,4.249314034186691,4.249522124900905
549,OADMET-0003484,5.39,3.0,3,407,5.203592017289089,4.9719823205601426
551,OADMET-0005330,4.21,3.0,3,408,4.406966256220565,4.653584837642448
552,OADMET-0005190,5.57,1.0,1,409,3.92020293608398,4.808646730186888
553,OADMET-0006086,5.23,3.0,3,410,4.702901294641772,4.3663439583749195
555,OADMET-0001373,4.38,2.0,2,411,5.047586854509849,5.212211457118847
556,OADMET-0003070,5.25,3.0,3,412,4.705855613763766,4.773993213607539
557,OADMET-0001738,5.09,2.0,2,413,4.734181144382657,4.22202876837111
558,OADMET-0003256,5.09,2.0,2,414,4.739229859641408,4.952679902755664
560,OADMET-0006057,4.48,2.0,2,415,4.788394764694768,4.6709419835695964
561,OADMET-0002280,1.96,3.0,3,122,1.9687084576278697,2.307241296826265
562,OADMET-0001294,2.34,3.0,3,416,3.6381039647801803,2.7939379250017096
564,OADMET-0002767,6.27,0.0,0,417,5.068783995206062,5.402436460605499
565,OADMET-0002137,3.22,4.0,4,43,1.9925390549466857,2.0803144558783098
566,OADMET-0001654,3.66,1.0,1,418,3.763885867377216,2.795055660969167
567,OADMET-0002761,5.41,0.0,0,12,4.5454453448929835,4.824216127353537
568,OADMET-0001365,4.8,3.0,3,419,4.998974354977187,4.628662021933808
570,OADMET-0003664,3.4,4.0,4,43,3.76711845285282,4.130749398652529
571,OADMET-0002651,5.57,2.0,2,420,5.137451112419101,4.8966396008655275
572,OADMET-0002020,3.82,0.0,0,421,4.3365688579054344,3.9337581009996563
573,OADMET-0003537,1.77,3.0,3,422,2.933851452858528,2.524898223338318
574,OADMET-0000931,4.35,0.0,0,423,3.9189290529662766,3.834062865525522
575,OADMET-0005591,4.9,1.0,1,424,4.270397229224957,4.172520874930934
576,OADMET-0005040,4.68,2.0,2,425,5.111298381676755,5.1005913924400135
577,OADMET-0002291,4.27,3.0,3,426,3.5716021057542027,3.803052418268136
578,OADMET-0003679,2.44,4.0,4,427,2.570335771663057,2.3717186322993236
579,OADMET-0003518,5.25,0.0,0,428,4.958901590376145,4.97165263232311
580,OADMET-0001280,3.14,2.0,2,429,2.7886947303097926,3.0501635609579747
581,OADMET-0003674,1.78,4.0,4,43,4.016269492952362,3.3862784316433734
582,OADMET-0005895,5.25,3.0,3,430,6.0240484347753895,5.3243603729961855
583,OADMET-0005125,4.67,2.0,2,431,3.644191436996612,4.381768471094196
584,OADMET-0001216,3.11,4.0,4,432,2.848995876757547,1.9776880442499352
585,OADMET-0003450,5.28,3.0,3,433,5.288683791581583,5.258420011886729
587,OADMET-0005435,5.18,0.0,0,434,4.345730302944855,5.082857454197864
588,OADMET-0004799,5.38,2.0,2,435,5.466698793883734,5.017012811154023
590,OADMET-0005139,5.12,2.0,2,436,4.638295011569359,4.877907563625956
592,OADMET-0005886,4.58,4.0,4,437,4.305969935027162,4.470914547799161
593,OADMET-0004968,4.73,3.0,3,438,5.021615243827286,5.076856644440035
594,OADMET-0003196,5.16,3.0,3,439,5.1064381111001245,4.148749929922885
596,OADMET-0005976,5.0,1.0,1,440,4.530230647458458,4.191349430581401
597,OADMET-0005368,3.98,3.0,3,441,4.3033016703227105,5.016105077164761
598,OADMET-0005833,4.66,4.0,4,442,4.912910550191691,5.174461011589975
599,OADMET-0005564,4.88,0.0,0,443,4.7584422519123075,4.788745733365416
600,OADMET-0005324,4.08,2.0,2,444,4.795091249428486,4.968669081160549
601,OADMET-0003428,5.09,4.0,4,445,4.941315234678438,5.122879144457519
602,OADMET-0004870,4.79,3.0,3,446,4.865147297759403,5.11776720455736
603,OADMET-0000933,4.05,1.0,1,447,4.341791579983516,4.190768437598253
604,OADMET-0005680,4.27,0.0,0,448,5.028635891049752,4.359418115898777
605,OADMET-0003343,5.965,1.0,1,449,4.979087113049187,4.988536083440524
606,OADMET-0001474,2.86,1.0,1,450,3.674729109244327,3.908779285909936
607,OADMET-0004094,4.41,1.0,1,451,4.482077769333623,4.613328249378899
608,OADMET-0003062,4.84,4.0,4,452,5.041135289872085,4.644075302877338
610,OADMET-0003180,5.27,0.0,0,453,4.7867406201108205,4.98672151844544
611,OADMET-0001053,4.64,0.0,0,454,4.301322784984533,4.148625519152145
612,OADMET-0004567,4.92,4.0,4,455,4.666839695670118,4.71561318157493
613,OADMET-0006072,5.44,3.0,3,456,4.338128478906842,4.489986315006901
614,OADMET-0005280,5.02,0.0,0,170,5.024085575263865,5.0618490263098765
615,OADMET-0001315,4.46,0.0,0,457,4.938168415413488,4.428418279205892
616,OADMET-0001532,4.67,3.0,3,458,4.652865973538092,4.654361441837859
617,OADMET-0005555,4.53,2.0,2,459,3.419610866346252,4.018077297342935
618,OADMET-0001302,3.94,1.0,1,460,3.515019139096005,3.964115933614464
619,OADMET-0003292,5.43,1.0,1,461,5.233700959135415,5.448325011030379
620,OADMET-0001393,3.04,3.0,3,462,4.4697940406109185,4.651726256237334
621,OADMET-0004923,4.4,4.0,4,463,4.374758940594504,4.51640861152651
622,OADMET-0005006,5.05,4.0,4,464,4.578681652086086,5.004608911150393
623,OADMET-0002009,3.11,2.0,2,223,3.938528001892247,3.363759356827512
625,OADMET-0002838,5.14,0.0,0,465,4.7233889004980165,5.186817664347736
626,OADMET-0004734,4.61,1.0,1,466,5.002381181689193,4.974635526303996
627,OADMET-0002218,3.44,1.0,1,343,3.9599403434222595,3.2552036819878087
629,OADMET-0002683,6.07,4.0,4,467,4.642822931354427,5.11748598723755
630,OADMET-0001866,4.54,2.0,2,468,4.991960888370431,4.607004943912312
631,OADMET-0003113,5.62,3.0,3,469,4.982772108864502,4.45444624212511
632,OADMET-0005813,4.13,4.0,4,470,5.164410749915174,4.984997587358445
633,OADMET-0004716,4.29,1.0,1,471,4.183281670843152,4.444397112847947
634,OADMET-0002237,3.72,1.0,1,472,3.5215343444238023,3.6764174366712488
635,OADMET-0002539,6.050000000000001,2.0,2,473,5.108435598569529,5.308412466587294
636,OADMET-0002866,3.47,2.0,2,474,4.394813909730389,4.097646213562794
637,OADMET-0001828,4.3,4.0,4,475,4.767891067463155,4.676137666399872
638,OADMET-0001781,2.37,4.0,4,43,3.8988866834799105,3.2651748257441917
639,OADMET-0006063,5.44,1.0,1,476,4.707563227104064,4.9967210402930675
641,OADMET-0002296,2.01,2.0,2,477,3.5195089815922183,2.674158046738303
642,OADMET-0005864,4.77,4.0,4,478,4.448825063138484,4.865499120645005
643,OADMET-0005579,4.85,0.0,0,479,4.382375547822923,5.076972766973086
644,OADMET-0005839,5.06,3.0,3,480,4.699574348844142,4.7134711635152895
645,OADMET-0005160,4.49,1.0,1,481,4.347963037987406,4.697949205946897
646,OADMET-0003413,5.54,1.0,1,482,4.995697048169043,5.145571678380135
648,OADMET-0001604,2.68,4.0,4,483,3.721788823803329,3.66377825318276
649,OADMET-0001232,3.35,3.0,3,484,2.9619863161331392,2.504840321323834
650,OADMET-0004986,4.87,1.0,1,485,5.08759254443725,5.188177624616766
651,OADMET-0003054,3.63,2.0,2,486,4.2201497313984655,4.259885482001897
654,OADMET-0005738,4.3,2.0,2,487,5.269526094159593,5.391555224131855
655,OADMET-0002264,2.02,4.0,4,43,2.0612118650488105,2.451026006444304
656,OADMET-0005144,4.6,1.0,1,488,4.842378078349967,5.0081570957490955
657,OADMET-0003532,5.62,3.0,3,489,4.204918223808438,4.6858542171047946
658,OADMET-0005616,4.54,0.0,0,490,4.746373106593529,4.785807917705047
659,OADMET-0002959,4.94,3.0,3,491,4.391069005662354,4.784758946301235
660,OADMET-0002766,5.904999999999999,2.0,2,492,4.474734604235104,5.130281316404755
661,OADMET-0004960,5.39,2.0,2,493,4.900804071423431,5.136543987209308
662,OADMET-0003485,5.57,0.0,0,494,4.963461434921014,5.190272064968299
664,OADMET-0004757,4.55,1.0,1,495,5.240134139308839,5.094323661801329
665,OADMET-0005021,5.0,1.0,1,496,4.7687718370811325,5.327024030539076
667,OADMET-0001918,4.73,4.0,4,497,3.3231580672949215,3.7390529832964456
668,OADMET-0001732,4.38,0.0,0,498,4.700710203353503,3.6782885146514293
669,OADMET-0002592,5.68,4.0,4,499,4.529702591187059,5.07695024952752
670,OADMET-0003111,5.71,4.0,4,500,4.592615778763832,5.190347969563149
671,OADMET-0005919,4.54,3.0,3,501,4.3057540806142764,4.538472100603976
673,OADMET-0005651,4.09,1.0,1,502,4.700357050667252,4.347525996927059
674,OADMET-0003401,5.25,3.0,3,503,5.3501384224359,5.364965073793797
676,OADMET-0004989,5.56,3.0,3,504,4.520125930814138,4.85588530614933
677,OADMET-0001561,3.95,2.0,2,505,4.702994962007371,4.040606915377742
678,OADMET-0003685,1.93,4.0,4,43,3.7058639869073566,4.50030001060957
679,OADMET-0002719,2.53,3.0,3,506,3.58529778875146,3.254340232897295
680,OADMET-0002000,1.92,4.0,4,43,1.755794473638963,2.285999448662378
681,OADMET-0002851,4.97,2.0,2,507,5.188252244881159,5.399600769930237
683,OADMET-0002904,5.44,3.0,3,508,4.430829409719581,5.171884744327995
684,OADMET-0002614,5.5,2.0,2,509,4.7480776950874795,4.9370121460210505
686,OADMET-0005629,4.73,1.0,1,510,4.435393845906873,4.994191562133229
687,OADMET-0004735,4.25,4.0,4,511,4.805690082828052,4.979102640524482
688,OADMET-0005910,4.57,1.0,1,512,4.282969509262071,4.985247647097923
689,OADMET-0002778,5.04,4.0,4,513,4.449267398232207,5.1151556440418355
690,OADMET-0005152,5.06,4.0,4,514,4.7608784156338855,4.94924691737347
691,OADMET-0003722,3.1,1.0,1,515,3.6988698524410677,3.134039062595018
692,OADMET-0005055,4.83,1.0,1,516,4.478706366762186,5.028783514402877
693,OADMET-0001065,3.31,4.0,4,517,3.4090715893400207,2.6696400807247604
694,OADMET-0005384,4.62,3.0,3,518,4.513522152611358,5.023703143572689
695,OADMET-0005226,4.2,2.0,2,519,4.926300204491067,4.845116428838738
696,OADMET-0001553,2.96,1.0,1,520,3.734499942306897,2.554075285948119
697,OADMET-0002186,3.79,0.0,0,399,4.006002669830582,3.097180520902563
698,OADMET-0005601,4.87,1.0,1,521,4.750555953874216,4.886068683565598
699,OADMET-0005052,4.82,1.0,1,522,5.5336694041201895,5.470784966879003
700,OADMET-0001606,3.99,0.0,0,523,4.0079178177925066,4.0940729678598995
702,OADMET-0005868,4.43,1.0,1,524,5.002874505804825,4.713659601887693
703,OADMET-0004402,4.66,3.0,3,525,4.689574480935083,5.071325887165317
704,OADMET-0003351,5.07,0.0,0,526,5.1333005088492865,4.726161092087092
705,OADMET-0001542,1.68,4.0,4,527,3.5958878025129333,3.7580721885870947
706,OADMET-0005227,4.63,1.0,1,528,4.626299946301604,5.1212071852219365
707,OADMET-0001107,2.23,2.0,2,529,3.28807463227071,3.104753646095398
708,OADMET-0001639,2.58,1.0,1,530,4.841320510942365,4.906467519166365
710,OADMET-0004296,4.71,1.0,1,531,4.253915613303947,3.8800617886225455
711,OADMET-0005342,5.2,2.0,2,532,4.8912891727143695,5.00694329673755
714,OADMET-0005474,5.27,0.0,0,533,5.006271146398551,4.801948431952189
716,OADMET-0001159,3.41,2.0,2,534,3.952703282734385,3.152635345218033
717,OADMET-0005595,4.93,0.0,0,535,3.8931913193059215,3.933938132876007
718,OADMET-0003031,4.99,0.0,0,536,4.558711908025734,5.04385577838922
719,OADMET-0001190,3.48,2.0,2,537,4.058420015102315,3.618667560313645
720,OADMET-0001173,3.3,4.0,4,538,3.4497206756802443,3.275379421361376
722,OADMET-0004780,5.58,4.0,4,539,4.677820245222876,4.79192937904032
723,OADMET-0001408,5.27,0.0,0,540,4.66145668927144,4.8958965213596715
725,OADMET-0001796,4.1,1.0,1,541,3.624210113938676,3.1897217567709957
726,OADMET-0002879,5.42,4.0,4,542,4.283075482233724,5.124080447142626
727,OADMET-0003432,5.48,2.0,2,543,5.239189954450929,5.139954765617269
728,OADMET-0003202,4.96,2.0,2,544,4.775241671679722,4.313310668383516
729,OADMET-0002652,1.71,0.0,0,545,4.595370243703557,4.549090876995551
730,OADMET-0001971,2.84,4.0,4,43,3.5218357553526065,2.5176444450679765
731,OADMET-0005013,4.7,2.0,2,546,5.110757099890753,4.398617836929133
733,OADMET-0004715,5.04,1.0,1,547,4.07334052540726,4.868354655236729
734,OADMET-0002728,5.65,2.0,2,548,5.146996555112929,5.347842847436733
738,OADMET-0005341,4.33,2.0,2,549,4.16760505644528,4.315756260920347
739,OADMET-0002016,2.99,0.0,0,261,3.819693384706544,3.440858349662326
740,OADMET-0004725,4.38,0.0,0,550,5.060793999042263,4.741532644866165
741,OADMET-0001575,2.48,1.0,1,551,3.3589744729967257,2.625293289792194
742,OADMET-0003683,4.39,3.0,3,552,3.5281301563408114,4.4744714142410285
743,OADMET-0002727,5.71,1.0,1,553,4.872687948355022,5.144970597158935
744,OADMET-0005516,4.46,4.0,4,554,3.8792003885334037,4.0143676544706866
745,OADMET-0004203,5.07,2.0,2,555,4.971925361078316,4.51812864451142
746,OADMET-0003084,5.42,3.0,3,556,4.88311121132339,5.093691318241576
747,OADMET-0001922,4.98,0.0,0,557,5.03042631401936,4.916519465707915
748,OADMET-0001769,3.52,3.0,3,558,4.447832995467173,4.1358198557339385
750,OADMET-0005375,4.53,0.0,0,559,4.310649676790596,4.425174329293887
754,OADMET-0001100,3.43,3.0,3,560,3.644581369776659,3.2998706157183864
755,OADMET-0001144,3.74,2.0,2,561,4.082997362672381,4.576179321357545
756,OADMET-0002573,5.41,0.0,0,218,4.668773536833528,4.898790126964467
758,OADMET-0001990,5.29,1.0,1,562,5.175265609326253,4.8637165973690335
759,OADMET-0005448,5.31,0.0,0,563,4.900762625273442,4.762102459696336
761,OADMET-0003050,3.8,2.0,2,564,4.844704725905021,4.942238878763933
762,OADMET-0001013,2.37,4.0,4,565,3.8662593762640802,3.868585786212722
763,OADMET-0005827,4.69,2.0,2,566,4.666607916577142,4.333820511204983
767,OADMET-0001028,3.44,1.0,1,567,3.853808215100076,4.523462157034126
768,OADMET-0002773,5.91,2.0,2,568,4.819375511019804,5.844291171745762
769,OADMET-0001789,1.73,0.0,0,569,4.123472949574281,3.309742972700986
770,OADMET-0005742,4.06,3.0,3,570,4.006941640985866,3.287783995716994
771,OADMET-0001035,3.12,4.0,4,571,3.5745469920298234,4.0057732634038725
772,OADMET-0006008,4.81,4.0,4,572,4.471251164671763,4.385498738838429
773,OADMET-0003619,4.37,1.0,1,573,4.288844814647703,4.872342608837008
778,OADMET-0001944,3.13,4.0,4,43,4.176656695014054,3.2987083526165635
780,OADMET-0003603,5.2,0.0,0,574,4.7189228068692115,4.700753204997173
781,OADMET-0001076,4.87,2.0,2,575,4.833770549075575,4.662556388469504
782,OADMET-0001112,3.08,0.0,0,576,3.699425715744504,3.4097738779548825
783,OADMET-0003656,4.53,1.0,1,577,3.2809612916638384,3.9097172692923174
784,OADMET-0000964,3.15,4.0,4,578,3.253989862098163,3.1750477034083593
785,OADMET-0001093,4.08,4.0,4,579,5.284657736468192,4.753915775029126
786,OADMET-0001994,3.47,1.0,1,580,3.7640978498986497,4.21772852162691
788,OADMET-0001756,2.94,4.0,4,581,3.4877611309857732,3.441631611318932
789,OADMET-0004820,4.93,2.0,2,124,3.988528523936245,4.933738759904655
790,OADMET-0005945,5.26,1.0,1,582,4.604476118250905,4.8770631096796135
791,OADMET-0005355,4.41,3.0,3,583,3.9933093602676326,4.434266385225139
792,OADMET-0002787,5.7,0.0,0,584,4.811483500824559,5.039280415232381
794,OADMET-0005350,4.71,2.0,2,585,4.539755954057869,4.533245390630772
795,OADMET-0003623,4.7,3.0,3,55,4.511526337148108,3.988968207531443
796,OADMET-0001690,3.91,3.0,3,586,4.343941980354142,3.7057079760999323
798,OADMET-0005625,4.57,3.0,3,587,4.821178165208222,4.680533867564337
799,OADMET-0001667,4.56,1.0,1,588,4.623283538607063,3.903561190931453
800,OADMET-0005318,4.42,0.0,0,589,4.965283011081096,4.686208442329669
802,OADMET-0005729,4.23,4.0,4,590,4.401764188512014,4.773303117791753
803,OADMET-0005268,4.73,2.0,2,591,4.630694297600247,4.397822459360261
804,OADMET-0006028,5.23,2.0,2,592,4.806469468445427,5.090417707524987
806,OADMET-0002768,5.25,1.0,1,593,4.820092215323504,4.675508703308343
807,OADMET-0005033,4.83,4.0,4,594,5.028487063746816,4.8839644714616455
809,OADMET-0003785,2.02,2.0,2,595,4.7114518166261785,5.18245137734984
810,OADMET-0005704,4.68,0.0,0,596,4.221314110164204,4.66960222581664
812,OADMET-0002884,5.21,2.0,2,597,5.206211861351764,5.139134200353424
813,OADMET-0001502,4.57,2.0,2,598,3.9359675987191425,4.02283806710931
814,OADMET-0002036,4.09,0.0,0,599,4.247277394302023,3.866151931445637
815,OADMET-0003404,5.88,2.0,2,600,4.31287057987742,5.288000866810046
816,OADMET-0003997,4.29,3.0,3,601,4.649123788879122,4.5539955334919755
817,OADMET-0005022,4.74,3.0,3,602,5.405433253756556,5.029620796023311
818,OADMET-0003544,4.7,1.0,1,603,4.902669079886882,4.457093779956918
819,OADMET-0003618,4.35,2.0,2,604,4.422251326757905,4.983774136480403
820,OADMET-0001358,3.43,4.0,4,605,4.524529137156682,5.300205640458516
821,OADMET-0001964,4.71,3.0,3,606,5.410030401911646,4.627534322184333
822,OADMET-0001320,2.51,2.0,2,607,3.521932924315265,2.780265179329367
823,OADMET-0001141,4.41,0.0,0,608,4.890527088300816,5.063150654823521
824,OADMET-0003119,5.17,4.0,4,609,4.54191949580201,3.8152398848925833
826,OADMET-0001669,3.72,4.0,4,610,4.821274119375121,4.768947778328469
827,OADMET-0002056,2.82,1.0,1,611,3.4182991007003194,2.742020947820614
828,OADMET-0001857,4.0,1.0,1,343,3.2011139734576757,4.1684522169057745
829,OADMET-0001920,1.78,1.0,1,612,4.4796052068745675,3.694515766091366
830,OADMET-0005023,5.23,1.0,1,613,4.740964908089752,4.940351282691022
831,OADMET-0001295,4.6,4.0,4,614,4.4800594307172545,4.044164809546638
832,OADMET-0001241,1.66,4.0,4,615,2.969502640419494,3.2776840550452095
833,OADMET-0004985,4.78,0.0,0,616,4.7643137206433055,4.900553711651743
834,OADMET-0000946,2.52,4.0,4,617,3.3094684922002973,3.6835080695158826
835,OADMET-0005262,4.24,0.0,0,618,4.494793356925855,4.865895743626551
836,OADMET-0002863,1.79,1.0,1,619,4.046353062260011,4.426996650979
837,OADMET-0002985,5.105,4.0,4,620,4.6536708272205525,4.372087170361349
838,OADMET-0002696,5.85,4.0,4,621,3.9726730517230493,4.875620020340685
839,OADMET-0005621,4.95,1.0,1,622,5.175438008057833,5.087672728432988
840,OADMET-0001217,4.01,1.0,1,623,3.7175201484962193,4.711121183012454
841,OADMET-0004415,4.17,2.0,2,624,4.0938541315340595,4.423400291974927
842,OADMET-0001491,5.18,2.0,2,625,5.081420776642782,4.612326851805995
843,OADMET-0002282,2.73,0.0,0,626,3.5024446297379317,2.6251089343189866
844,OADMET-0002596,5.47,1.0,1,627,4.750261708322425,5.0442705340609235
845,OADMET-0002873,5.22,2.0,2,628,5.275189512723709,4.928558999805757
847,OADMET-0005216,4.14,2.0,2,629,4.548361349110639,5.148591693675366
848,OADMET-0003524,5.92,0.0,0,630,5.372670469082905,5.254355660485449
849,OADMET-0003395,5.58,0.0,0,631,4.996723831813838,5.206237838462025
850,OADMET-0003341,6.09,1.0,1,632,5.242224100760238,5.345393243086248
852,OADMET-0003598,1.78,4.0,4,43,0.6781554841055502,2.5344913550767934
854,OADMET-0003585,1.74,1.0,1,633,4.934113318023604,4.423807656955466
855,OADMET-0002101,3.26,1.0,1,634,2.677434584305102,2.435524113329246
856,OADMET-0002563,5.36,0.0,0,635,5.159838149980569,5.234178445154167
857,OADMET-0005572,4.77,4.0,4,43,5.03500220073338,4.701478647320696
859,OADMET-0006051,5.11,1.0,1,636,4.73928665657617,4.7733157459732025
860,OADMET-0003444,2.55,3.0,3,637,3.454846158763866,3.677434927723097
861,OADMET-0003267,1.75,4.0,4,638,4.357867927246875,3.527060452815939
862,OADMET-0004182,4.9,4.0,4,639,4.793038153841155,4.679047012572512
863,OADMET-0004396,4.57,2.0,2,640,4.626898218546361,4.750399183083808
864,OADMET-0003205,5.14,2.0,2,641,5.201851672412699,4.874170228151692
865,OADMET-0001927,3.89,3.0,3,642,4.775843676393584,3.8294095639212866
866,OADMET-0001323,3.58,0.0,0,643,4.151350838651814,3.359513707199926
867,OADMET-0002887,4.96,4.0,4,644,4.269263928183615,4.640714307757539
868,OADMET-0001949,3.47,2.0,2,415,3.7859590662056046,4.267353299663562
869,OADMET-0003731,4.74,0.0,0,121,4.479102336756785,4.711148188050205
870,OADMET-0001055,2.8,1.0,1,645,3.281575509411054,3.727202612889981
871,OADMET-0002207,2.89,0.0,0,399,2.8383573103018636,2.6893473104012404
872,OADMET-0004914,5.16,3.0,3,646,4.329563406042442,4.472654532054078
873,OADMET-0002583,5.91,2.0,2,647,4.9906839411221755,5.225702208129665
875,OADMET-0004825,5.3,3.0,3,648,4.641370195025558,4.87544250728491
876,OADMET-0001130,3.85,2.0,2,649,4.154741922995648,3.081024790438172
877,OADMET-0002149,1.98,3.0,3,122,3.1879850790996604,2.534967929860446
878,OADMET-0002299,3.05,3.0,3,438,3.1933425916492997,3.563432543992361
880,OADMET-0004869,4.92,2.0,2,650,4.789113527488025,4.177006154269061
881,OADMET-0004708,4.97,3.0,3,651,4.584273353073254,5.05592778387847
882,OADMET-0003459,5.04,0.0,0,652,4.723107868258528,4.8399249981472945
883,OADMET-0001304,2.56,0.0,0,653,3.4770126504212184,3.6238952170644545
884,OADMET-0005159,4.4,1.0,1,654,3.5518282997316373,4.23747036186646
886,OADMET-0005933,5.18,1.0,1,655,4.58114911267986,4.909776359781042
887,OADMET-0002089,1.95,2.0,2,656,2.344291390022219,2.5387009881855236
888,OADMET-0003064,5.32,3.0,3,657,4.320046022858926,4.650620255070166
889,OADMET-0005305,4.64,4.0,4,658,5.146270487888081,5.081267093816889
893,OADMET-0003214,5.66,4.0,4,659,4.865610184258095,4.665496622294518
894,OADMET-0001063,2.44,2.0,2,660,3.878984982284751,2.9939349432705895
895,OADMET-0003099,5.7,0.0,0,661,5.1039099394147405,5.233944877548998
896,OADMET-0005240,4.24,3.0,3,662,4.2114038054178575,4.229572657672739
897,OADMET-0001997,3.61,1.0,1,663,4.505696486790134,4.303978126813064
898,OADMET-0005600,4.73,3.0,3,664,4.200914352239911,4.416107375619333
899,OADMET-0003879,4.21,0.0,0,665,4.587053206626565,4.340038317407692
900,OADMET-0005848,4.41,3.0,3,666,3.314134370339449,3.4565812644712888
901,OADMET-0001189,3.05,4.0,4,667,3.3276550587367657,3.006020090220962
903,OADMET-0005317,5.34,4.0,4,668,5.146977419922422,4.751715810961101
904,OADMET-0005480,5.11,2.0,2,669,4.060420892013574,5.197394148820923
905,OADMET-0003764,3.94,0.0,0,670,3.764431005584484,3.8741664990808946
906,OADMET-0002691,5.35,3.0,3,671,5.1760339758482035,4.783206412537938
907,OADMET-0003445,5.21,1.0,1,672,5.079605321475167,4.994755903911922
908,OADMET-0001079,3.43,1.0,1,673,4.2533623324061125,3.582365086597105
909,OADMET-0001567,1.85,1.0,1,674,3.266555150866302,2.4096442125510267
910,OADMET-0002241,2.75,0.0,0,675,2.375637535313097,2.3326529718220415
911,OADMET-0005902,4.73,0.0,0,676,3.9358011866346034,4.875257339726987
912,OADMET-0001863,5.06,1.0,1,343,4.1617704919384355,4.5424968875525416
913,OADMET-0005291,4.65,0.0,0,677,5.143680507981103,4.6832723649125665
914,OADMET-0005499,5.17,1.0,1,678,5.126575154983651,5.04338504489995
915,OADMET-0002881,1.76,2.0,2,679,4.571875393833552,3.134781776143885
916,OADMET-0003642,2.74,3.0,3,680,3.8980323586488668,4.615481337855072
917,OADMET-0003716,5.64,1.0,1,681,3.7645539207221663,4.632038028945282
918,OADMET-0001392,2.85,1.0,1,682,4.147447372110282,4.705485718859366
919,OADMET-0005862,4.89,3.0,3,683,4.491347482337634,5.08038861721989
920,OADMET-0002285,2.21,4.0,4,43,1.8600029769968218,2.3960107281755496
921,OADMET-0003799,5.88,3.0,3,368,6.152101073981285,5.1173098302061995
922,OADMET-0002681,5.33,0.0,0,684,4.754999247169794,4.752208707067309
923,OADMET-0001912,3.0,4.0,4,43,3.230162635789847,3.940119482826308
925,OADMET-0004281,4.85,0.0,0,685,4.290425318078655,4.079710745948405
926,OADMET-0003148,5.66,1.0,1,686,5.689594686165575,5.370646947150876
927,OADMET-0005619,5.05,4.0,4,687,5.115487872692191,5.375098966373962
928,OADMET-0002662,5.87,1.0,1,688,4.707720081287121,4.069485903947507
930,OADMET-0003765,2.79,1.0,1,689,1.6419567667094475,2.2882346701908056
931,OADMET-0002268,2.5,1.0,1,690,3.9856873983762178,3.337186114288473
932,OADMET-0001062,3.3,2.0,2,691,3.9804054341637256,3.9062317813739122
933,OADMET-0004267,4.3,1.0,1,692,4.017194306457684,4.570506040139567
935,OADMET-0002200,2.24,3.0,3,122,2.388699545592351,2.3463141833359957
936,OADMET-0004946,4.56,3.0,3,693,4.834551605227105,4.917783849912211
937,OADMET-0001152,3.86,3.0,3,694,3.9725185237567855,3.3434157965088755
938,OADMET-0003712,1.81,3.0,3,695,2.7266454320292195,3.599272437489599
940,OADMET-0001651,4.37,4.0,4,696,4.580582523131264,4.21584480758171
941,OADMET-0002248,2.45,4.0,4,43,2.7473549324512807,3.6758853002095297
942,OADMET-0001722,3.87,1.0,1,697,4.404421705808282,3.8764531172584937
944,OADMET-0002730,5.58,3.0,3,698,5.133720158313392,5.211541766463455
945,OADMET-0002643,5.98,2.0,2,699,3.926459542025781,4.821759164483385
946,OADMET-0005228,4.89,2.0,2,700,4.328241413248507,5.244650713860756
948,OADMET-0001445,4.36,4.0,4,701,3.7410706425776565,4.040357425337429
950,OADMET-0005913,4.48,1.0,1,702,4.834889073894697,4.791402739016869
951,OADMET-0001057,3.65,3.0,3,703,3.926553958053464,4.012584450709819
952,OADMET-0003693,3.92,3.0,3,704,5.573160517928724,4.745776427103648
953,OADMET-0005399,4.98,0.0,0,705,5.005737422620679,5.30794399108824
954,OADMET-0002617,5.67,0.0,0,706,5.249244984297802,4.99937723432316
955,OADMET-0001632,2.45,1.0,1,707,3.6113919085059214,2.5083734762304104
956,OADMET-0003858,4.64,0.0,0,708,4.813114541771978,5.126513508095684
957,OADMET-0001694,3.67,3.0,3,709,3.7122541875545227,3.5173821189679715
959,OADMET-0003379,5.68,0.0,0,710,4.931741833922217,4.955555399273819
960,OADMET-0004754,4.82,0.0,0,711,4.627488934030557,4.78759380444032
961,OADMET-0003566,4.68,0.0,0,712,4.459047535438433,4.198068985368409
962,OADMET-0003311,5.78,0.0,0,713,4.983236015087922,5.272236134407138
964,OADMET-0001132,2.67,0.0,0,714,4.700891482311693,2.885306674634584
965,OADMET-0004662,4.63,2.0,2,715,4.800787452539176,4.941039005823717
966,OADMET-0003541,2.92,1.0,1,716,3.2822522719095404,3.7267455178355577
967,OADMET-0003426,5.49,1.0,1,717,4.877786560670731,4.804219347199613
968,OADMET-0002953,5.25,4.0,4,718,4.799051232585831,4.923960788157668
969,OADMET-0003374,5.16,3.0,3,719,4.8988802866985495,4.904546675655734
970,OADMET-0002328,3.31,3.0,3,720,3.2208018929020215,3.2571772725806314
972,OADMET-0005534,5.49,1.0,1,721,4.911970292378796,5.094621830820126
973,OADMET-0003268,4.99,4.0,4,722,4.747778863648843,4.575345648397045
974,OADMET-0004832,4.81,2.0,2,723,5.225782907883453,4.819083528062729
975,OADMET-0004840,4.95,0.0,0,724,4.628478818927055,4.472592788696296
976,OADMET-0002216,2.96,1.0,1,91,4.069215872889901,4.21621129010984
977,OADMET-0001440,4.59,3.0,3,725,4.157185502091984,4.23562039417858
978,OADMET-0003373,1.86,0.0,0,726,4.212402693323461,4.40331337508953
979,OADMET-0002261,3.38,0.0,0,727,3.3844470496858667,3.0196148053612695
981,OADMET-0002044,3.73,0.0,0,728,3.715894167641981,2.9708534404773492
982,OADMET-0001906,4.25,1.0,1,353,4.9138599198995445,4.81260053751746
983,OADMET-0000961,2.44,0.0,0,729,2.9090329823477092,2.6930398864927216
985,OADMET-0005232,5.45,3.0,3,730,5.004487608287267,4.87699240255122
986,OADMET-0001530,3.87,3.0,3,731,3.2478762777470886,3.569365823121611
987,OADMET-0001223,2.9,2.0,2,732,3.1453197517625795,2.93191551898581
988,OADMET-0005106,4.73,0.0,0,733,4.148937694606804,4.343065948685907
989,OADMET-0002019,4.49,0.0,0,921,4.454366734553396,4.609329420959334
990,OADMET-0002215,2.52,2.0,2,37,3.765836290213856,3.0048614956342283
991,OADMET-0001653,1.88,0.0,0,734,4.174256971802902,3.9655345633641415
992,OADMET-0005273,4.13,3.0,3,735,5.075007642734766,4.759799006144564
993,OADMET-0003615,3.29,4.0,4,736,1.3208544668503532,2.36295538035251
994,OADMET-0001311,3.81,0.0,0,737,3.677164312064038,4.08695024629665
995,OADMET-0004752,4.45,3.0,3,738,4.523086559679358,4.769099490239309
996,OADMET-0001574,4.01,1.0,1,739,4.56312077000394,3.923942201515514
997,OADMET-0001034,3.56,0.0,0,740,3.6225700347980467,4.173481155549198
998,OADMET-0001497,4.95,1.0,1,741,4.5416268818377405,4.357016087865445
999,OADMET-0005584,4.05,3.0,3,742,4.666452469921462,4.96234626309158
1001,OADMET-0003486,5.880000000000001,3.0,3,743,5.4567513642008265,5.283175441070233
1002,OADMET-0003779,4.67,4.0,4,744,4.130324114678659,4.481719222567272
1003,OADMET-0005639,4.8,4.0,4,745,5.7557118373695,5.712894196105447
1004,OADMET-0001081,3.64,1.0,1,746,4.226377236665902,3.7276407848553337
1005,OADMET-0001879,3.53,4.0,4,747,3.8469254116321743,4.328812927415311
1006,OADMET-0001923,3.4,1.0,1,343,4.175523088778228,5.9481835229133395
1008,OADMET-0005665,4.39,1.0,1,748,4.356480225563283,4.629525606801854
1009,OADMET-0005224,4.91,3.0,3,749,4.991104496735735,4.803274995891577
1010,OADMET-0001677,2.97,0.0,0,750,2.81704220218126,3.3052455213228598
1011,OADMET-0002960,5.11,1.0,1,751,5.100142500457137,5.306676329086551
1012,OADMET-0003049,5.18,0.0,0,752,4.372326861285796,4.96049524692781
1013,OADMET-0002546,5.36,2.0,2,477,4.493086589238074,5.0790922855882155
1015,OADMET-0002309,2.87,4.0,4,43,2.4780889795423726,2.584165323437355
1016,OADMET-0004769,4.76,1.0,1,753,4.067063787950199,4.687090721923593
1018,OADMET-0005821,5.23,2.0,2,754,5.0483422059547385,4.918672169868852
1019,OADMET-0006003,4.38,2.0,2,755,3.9758102068006895,4.768431191510066
1020,OADMET-0001868,2.84,3.0,3,756,3.5241100951254833,3.715578222570288
1021,OADMET-0003697,5.13,1.0,1,757,3.672006458359498,3.4458082024091397
1023,OADMET-0003145,3.29,1.0,1,758,4.477144390785349,3.8798525750861255
1024,OADMET-0002713,5.44,0.0,0,759,5.294167945949043,4.719393620042462
1026,OADMET-0002776,5.22,2.0,2,760,4.756875745274323,4.910696826890796
1028,OADMET-0001826,3.42,4.0,4,761,3.5848587958655553,3.707640047669959
1029,OADMET-0005761,4.4,3.0,3,762,5.140517049270295,4.736155343890008
1030,OADMET-0006066,5.02,3.0,3,763,5.336052388435441,5.408364612137329
1031,OADMET-0001329,3.05,0.0,0,764,3.1131923038809157,3.4074410526328127
1032,OADMET-0002924,3.78,3.0,3,765,4.224891524856155,4.259185600006254
1033,OADMET-0002145,2.02,4.0,4,766,2.5698439839835046,2.3620664180833733
1034,OADMET-0004611,4.66,3.0,3,767,4.863200578595754,4.876438390158221
1035,OADMET-0001933,3.63,0.0,0,768,3.8250956936378904,3.8070964051849656
1036,OADMET-0003516,5.29,4.0,4,769,4.755845134081292,5.137443350433243
1037,OADMET-0001758,1.71,3.0,3,770,4.011300695030434,4.170925643624471
1039,OADMET-0002635,5.45,3.0,3,771,4.579954345895328,4.887370185012081
1040,OADMET-0003807,4.92,4.0,4,772,3.2865233526025968,4.343664894729559
1041,OADMET-0003610,1.82,0.0,0,399,3.285472575222183,3.013902755983649
1042,OADMET-0005135,4.34,1.0,1,773,4.551137575927882,4.341058945642704
1044,OADMET-0004478,5.41,3.0,3,774,4.005815003819046,4.0997466571274614
1045,OADMET-0001821,4.17,3.0,3,775,4.767710044408286,4.1457116869844075
1046,OADMET-0003340,4.98,0.0,0,776,3.9597876207799,5.0966020512784045
1047,OADMET-0005198,4.8,3.0,3,777,4.7609402745238,5.3807680107137585
1048,OADMET-0004315,4.04,4.0,4,778,4.541035126297354,4.733123458544187
1049,OADMET-0005174,4.62,2.0,2,779,4.8784380290031395,4.641716901711049
1050,OADMET-0003699,5.06,4.0,4,43,3.8033175979959326,4.632204106693053
1051,OADMET-0005526,5.07,4.0,4,780,4.457458368525513,4.341242305889899
1052,OADMET-0003100,4.99,1.0,1,781,4.986189079554148,4.496799685120516
1053,OADMET-0003729,2.93,2.0,2,782,2.6540953502982685,3.214113578579867
1054,OADMET-0002569,5.58,2.0,2,783,4.357834304017992,5.151803015709736
1055,OADMET-0002659,5.87,2.0,2,784,5.335166109836571,5.164481337063625
1056,OADMET-0004724,4.43,0.0,0,785,5.3377843230454936,5.070024041743895
1057,OADMET-0006080,4.24,1.0,1,786,5.000518814235011,5.017229071657695
1058,OADMET-0001585,2.25,1.0,1,787,2.9021110937243844,2.500248757555109
1059,OADMET-0002293,2.22,0.0,0,788,2.1312244579631034,2.425084231412968
1060,OADMET-0002952,5.64,4.0,4,789,5.540813818799124,5.153415312271442
1061,OADMET-0001259,2.88,2.0,2,790,3.486438792482281,3.2797360025408544
1062,OADMET-0003751,1.78,1.0,1,791,2.6992589772847104,2.4050818816125883
1063,OADMET-0002283,3.52,3.0,3,792,4.305073551037193,3.89300727150262
1064,OADMET-0004782,4.22,1.0,1,793,4.384089786863539,4.971358419172348
1065,OADMET-0002125,2.16,1.0,1,794,2.5766361307673895,2.027322259566721
1066,OADMET-0005402,5.1,0.0,0,795,4.247884543432864,4.793427502326668
1067,OADMET-0002628,6.11,4.0,4,796,4.843634114251573,4.637311490330012
1068,OADMET-0004272,4.23,2.0,2,797,5.325234549452072,4.820180811387433
1069,OADMET-0002656,5.65,1.0,1,739,5.334978863476415,5.0037557254247425
1071,OADMET-0005497,4.9,1.0,1,798,4.335562503824866,4.9266974210639125
1073,OADMET-0002062,2.44,4.0,4,43,3.1848316258768254,3.378176445073338
1074,OADMET-0003498,5.39,1.0,1,799,4.720102865786728,4.090263418709139
1075,OADMET-0003680,2.68,4.0,4,800,3.1780042851464865,3.1455539504910495
1077,OADMET-0002192,3.05,4.0,4,43,3.1412895089763913,2.4314222735439173
1078,OADMET-0001749,1.65,2.0,2,801,3.1022920105096894,2.6867142661420176
1079,OADMET-0005622,5.15,3.0,3,802,4.714527912392988,4.976684931167895
1080,OADMET-0005298,4.26,3.0,3,803,3.963758831407056,3.2821272428059154
1082,OADMET-0002815,5.72,0.0,0,804,4.711153767475801,4.751994467543091
1083,OADMET-0005570,5.08,3.0,3,805,3.8472990068207364,4.887973168313977
1084,OADMET-0002199,1.95,3.0,3,806,2.7120312584057,2.6084500740768664
1086,OADMET-0004706,4.44,2.0,2,807,4.997024611073874,5.067645362512224
1087,OADMET-0000978,4.25,1.0,1,808,4.410801187151138,3.8853872228390354
1088,OADMET-0001203,3.05,2.0,2,809,3.333955308684163,3.7708197792791527
1091,OADMET-0002779,5.3,1.0,1,810,5.0792706456194905,4.631699351362874
1093,OADMET-0002544,3.45,3.0,3,811,3.3832829341407633,3.4823273830596917
1094,OADMET-0001551,4.07,2.0,2,812,4.248613319215664,3.7399709012114837
1095,OADMET-0005411,4.91,0.0,0,813,4.317808678460106,4.911610514201983
1096,OADMET-0001156,4.16,1.0,1,814,4.05058698788963,4.087574292962438
1097,OADMET-0002755,5.38,2.0,2,815,4.569321560481983,5.032894451158935
1099,OADMET-0005508,5.34,4.0,4,816,4.794197233825409,4.59557247069103
1100,OADMET-0001361,3.55,3.0,3,817,2.606304762749117,3.3828826614336798
1101,OADMET-0003440,5.49,1.0,1,818,4.757661883482818,4.968820306127546
1104,OADMET-0004959,4.68,2.0,2,819,5.10948649115485,4.950845463042561
1106,OADMET-0003021,5.53,3.0,3,820,3.6010977407937177,4.703657070499035
1108,OADMET-0002288,2.96,0.0,0,821,3.5087586700220683,2.677287527667914
1109,OADMET-0001600,1.96,3.0,3,822,3.8789850369505325,2.978517335901538
1111,OADMET-0002210,1.91,4.0,4,43,3.561574946726555,2.7741213394093203
1112,OADMET-0004413,4.66,0.0,0,823,4.6127966959757405,4.781701169899615
1113,OADMET-0005241,4.3,1.0,1,824,4.2182092138430445,4.405634484247289
1114,OADMET-0004710,4.56,3.0,3,825,3.6544639313530416,4.910282763374911
1116,OADMET-0002748,1.79,3.0,3,826,2.9590155960263385,2.430573041272673
1117,OADMET-0001817,3.77,1.0,1,827,4.910451492970229,4.360055983956197
1118,OADMET-0003095,4.77,2.0,2,828,4.501526992880272,3.7272445490873864
1121,OADMET-0005259,4.38,4.0,4,829,3.8328978707195627,5.096817759829113
1122,OADMET-0003474,5.89,1.0,1,830,5.511465643011915,5.465677864177089
1123,OADMET-0005988,4.52,4.0,4,831,5.0014191775645855,5.229930930265447
1125,OADMET-0006026,4.64,0.0,0,832,4.262867205616028,4.798202403609977
1128,OADMET-0005891,5.11,0.0,0,833,4.7977160858815475,4.902678973468406
1129,OADMET-0003477,5.9,3.0,3,834,4.5466971528731355,5.3606992779064795
1130,OADMET-0005382,4.74,0.0,0,835,4.35616531907572,4.776342243655912
1131,OADMET-0004702,4.85,1.0,1,836,4.4167855569429575,4.505743199340977
1133,OADMET-0001619,5.05,2.0,2,837,4.75585304194933,4.59239516918789
1134,OADMET-0001765,3.9,3.0,3,838,4.189057927366962,3.8485517109148275
1135,OADMET-0005496,5.08,4.0,4,839,4.993093242012646,4.979400910042212
1139,OADMET-0000959,2.7,3.0,3,840,3.2798055014489114,3.0333712862064695
1141,OADMET-0001227,2.79,1.0,1,841,3.6068831625106603,2.728736996843561
1142,OADMET-0005559,4.96,0.0,0,842,4.363113610787652,4.395603806679162
1143,OADMET-0005875,4.95,1.0,1,843,4.404131476213954,4.5114232913320995
1144,OADMET-0003713,1.73,4.0,4,844,3.353556056024813,4.258882482283357
1145,OADMET-0004964,5.21,2.0,2,845,4.655235046911089,4.901418650235054
1146,OADMET-0003144,5.11,1.0,1,846,4.961317693381551,4.702950657102047
1147,OADMET-0002855,5.33,2.0,2,847,5.312936419279395,5.202660799427721
1148,OADMET-0001275,3.8,2.0,2,848,3.6461581386222734,3.475777403362506
1150,OADMET-0004697,5.03,2.0,2,849,4.631546490441146,4.897168530934896
1153,OADMET-0005163,4.54,1.0,1,850,4.777214009143969,4.147638721346654
1154,OADMET-0003200,5.89,4.0,4,851,5.897916020077434,4.979992118405365
1155,OADMET-0006033,5.14,1.0,1,852,4.849703002880521,4.94034482174262
1156,OADMET-0005753,4.29,3.0,3,853,3.748171431861781,4.553880956069415
1157,OADMET-0005585,5.04,4.0,4,854,4.518006597075958,5.23325833737651
1158,OADMET-0005518,5.39,4.0,4,855,4.386985659457246,4.587824122494289
1159,OADMET-0002093,2.45,4.0,4,856,2.7419206227278865,2.15686484457565
1160,OADMET-0001715,3.41,2.0,2,857,4.090059222493634,3.8998800781525746
1162,OADMET-0005628,5.27,4.0,4,858,5.162685401668,5.129908337459372
1164,OADMET-0005971,4.68,1.0,1,859,4.445584631761227,4.124405943545927
1166,OADMET-0000991,3.17,2.0,2,860,2.9800172389401016,2.367155476908547
1167,OADMET-0001605,4.21,4.0,4,43,4.463677696623442,3.621542509484161
1169,OADMET-0005764,4.65,3.0,3,861,4.335601544315728,5.016340799937027
1170,OADMET-0002332,3.95,4.0,4,862,1.9450982140594126,2.7883431312241993
1171,OADMET-0004853,4.37,0.0,0,863,4.15750656687133,5.025613960714976
1172,OADMET-0005620,4.67,3.0,3,864,4.683791706350173,4.002358962621107
1173,OADMET-0005086,3.99,4.0,4,865,3.5483567150511712,4.333342757029859
1174,OADMET-0001881,4.6,2.0,2,866,4.573571886541945,3.918617118988155
1175,OADMET-0002849,5.44,0.0,0,867,5.217438309170915,5.063206237460304
1176,OADMET-0005307,4.55,3.0,3,868,4.367194994055885,4.985978540079966
1177,OADMET-0003557,4.69,1.0,1,869,3.4355678201930426,4.509998263101241
1178,OADMET-0003134,5.09,3.0,3,870,4.054903215521053,4.347924514229916
1179,OADMET-0002771,1.8,2.0,2,871,4.006389437334901,2.5341517646429055
1180,OADMET-0002245,2.64,0.0,0,872,2.4981413445917253,2.5975490515338224
1181,OADMET-0001538,4.12,0.0,0,872,3.7626238135874317,3.7135774345419903
1183,OADMET-0004892,5.08,0.0,0,873,3.982124013843469,3.7805188531558116
1185,OADMET-0004711,4.9,2.0,2,874,4.987874313574782,4.996950814876657
1186,OADMET-0004214,5.24,1.0,1,875,4.9920883144590915,5.136951247226339
1188,OADMET-0001136,4.16,0.0,0,876,4.799746166644486,4.547006375149559
1189,OADMET-0003215,5.14,3.0,3,877,5.072603926196032,5.254283404645583
1190,OADMET-0005425,5.88,0.0,0,878,4.87560292733496,5.265503435835978
1192,OADMET-0005192,4.39,1.0,1,879,5.328126862446719,5.280482451034387
1193,OADMET-0002021,4.41,0.0,0,795,4.229269903093831,3.632088320766767
1194,OADMET-0001273,3.39,3.0,3,880,2.1630094646922333,2.6634564128567257
1196,OADMET-0005185,4.5,3.0,3,881,4.4919769344304346,5.092164167707471
1197,OADMET-0005343,3.98,1.0,1,882,4.894863327610721,5.068152091701272
1200,OADMET-0001075,2.27,2.0,2,883,3.296560124290008,2.804603491784724
1202,OADMET-0005294,4.97,4.0,4,884,5.110671998735863,5.020479432898767
1203,OADMET-0002024,3.1,3.0,3,885,5.09729445450364,4.989920547559534
1204,OADMET-0001452,5.06,1.0,1,886,4.6385049673939465,4.54834843642415
1205,OADMET-0005180,4.86,0.0,0,887,4.565236987580442,4.878340175147984
1206,OADMET-0003495,3.42,0.0,0,888,4.655514257134223,4.69628042214069
1207,OADMET-0003719,1.81,3.0,3,889,2.269641115382991,2.0523865820730895
1208,OADMET-0003377,5.57,3.0,3,890,5.538418059248051,5.002664872476376
1209,OADMET-0005370,4.5,4.0,4,891,4.6472094516870195,4.6149793139153505
1210,OADMET-0003441,5.75,2.0,2,892,5.242879126680603,5.232676822027192
1214,OADMET-0002949,4.97,4.0,4,893,5.529707775751808,5.181417357766747
1217,OADMET-0001390,1.75,0.0,0,894,4.086630963690036,3.8332471454373627
1218,OADMET-0001586,2.57,1.0,1,895,3.571777813110937,2.011514130815514
1219,OADMET-0001425,5.15,0.0,0,896,4.6403473638249855,4.696845929854714
1220,OADMET-0004054,4.87,1.0,1,897,4.478529177603207,4.25119026920034
1221,OADMET-0001279,4.83,3.0,3,898,4.568022555968758,4.240124533993946
1223,OADMET-0002672,1.72,2.0,2,899,4.076629710619792,4.535890399793938
1224,OADMET-0005447,5.07,0.0,0,900,4.527128893719667,4.881214879921463
1225,OADMET-0002029,4.37,1.0,1,901,5.111489998139268,4.815371382688084
1226,OADMET-0001331,3.09,3.0,3,902,3.079731931274125,3.6118789385513788
1227,OADMET-0005085,5.25,4.0,4,903,5.571688199024493,4.210807716350415
1228,OADMET-0002663,5.08,2.0,2,904,4.783184104190068,4.713740552033604
1229,OADMET-0002606,5.33,1.0,1,905,4.626552361978346,4.900871400495485
1230,OADMET-0005880,5.19,2.0,2,906,4.988621801053057,5.096643829117138
1231,OADMET-0002738,5.34,2.0,2,907,4.792464320594016,4.976988342429107
1232,OADMET-0002848,5.69,0.0,0,908,5.168143036479732,5.408439779258973
1233,OADMET-0002831,4.04,1.0,1,909,3.892824784334463,4.825933843856532
1234,OADMET-0005057,4.26,4.0,4,910,3.915477303222006,3.722882245678621
1235,OADMET-0003797,4.26,3.0,3,911,4.548934865242984,4.787937312828947
1237,OADMET-0001711,1.62,2.0,2,912,4.600819609068637,3.2263319953199043
1238,OADMET-0005254,4.04,0.0,0,913,3.9954835303462537,3.863087999782605
1239,OADMET-0001514,4.53,2.0,2,914,4.336524301064875,4.615858544565244
1240,OADMET-0005078,5.24,2.0,2,915,4.866449165275831,5.12708716315851
1242,OADMET-0001089,2.55,1.0,1,916,3.4624194037618996,3.85267285243333
1243,OADMET-0005117,4.46,0.0,0,917,4.454055111168185,4.350355222110414
1244,OADMET-0002914,5.46,0.0,0,918,4.915018673831804,4.978812193660489
1246,OADMET-0003497,2.95,0.0,0,919,4.291721639626367,4.690051120974755
1248,OADMET-0004629,4.41,4.0,4,920,4.93763615119962,4.7805351585099185
1249,OADMET-0004908,5.58,0.0,0,921,4.417715568427279,5.033464889502419
1250,OADMET-0005012,5.33,4.0,4,922,4.53614901784217,4.593070497887425
1251,OADMET-0004700,5.36,0.0,0,923,4.879540795689367,4.57821963775355
1253,OADMET-0001672,3.35,4.0,4,43,4.877578714329711,3.5420315328128416
1254,OADMET-0005321,4.29,1.0,1,924,3.5367065114075364,4.239330687697858
1255,OADMET-0005175,4.2,4.0,4,925,4.4183131770302,4.74981054644503
1256,OADMET-0002641,2.06,1.0,1,926,5.188866824910396,4.358814068100851
1257,OADMET-0005952,5.03,1.0,1,927,5.203949617930624,5.15399183199417
1259,OADMET-0001816,3.99,4.0,4,928,4.182918687586485,4.419372355737551
1260,OADMET-0004785,4.37,3.0,3,929,5.187012428033141,4.929344248144349
1261,OADMET-0005172,5.2,2.0,2,930,4.880306929153676,5.157022273408622
1262,OADMET-0001673,2.73,4.0,4,931,3.973447926908839,3.475070188297381
1263,OADMET-0002720,5.46,3.0,3,932,4.665194558706535,5.149312021903368
1265,OADMET-0001010,5.6,4.0,4,933,4.9231292001821245,5.202489733234585
1266,OADMET-0001083,3.46,2.0,2,934,3.534545190552447,2.679993201365083
1267,OADMET-0002928,5.54,0.0,0,935,4.656150603399676,4.89101760669713
1268,OADMET-0002856,5.545,3.0,3,936,3.7192791673007637,5.06519060357193
1271,OADMET-0005701,4.97,1.0,1,937,5.208431341384999,4.938886668987827
1273,OADMET-0002221,2.64,0.0,0,938,2.5530153506254734,2.1188745627841543
1274,OADMET-0005857,5.06,1.0,1,939,4.6677109171712905,4.787147937587817
1275,OADMET-0005238,4.73,0.0,0,940,4.621762471390385,4.898415756302219
1276,OADMET-0001082,2.11,1.0,1,941,3.86511988319279,3.894149633170722
1277,OADMET-0001351,4.55,3.0,3,942,4.823126278281215,4.48432587510327
1278,OADMET-0003467,6.494999999999999,4.0,4,943,5.212309711244287,5.509996919286676
1279,OADMET-0002783,5.69,1.0,1,944,5.221276293868865,5.166542384346373
1280,OADMET-0004916,4.79,4.0,4,945,5.0645728351101615,5.162537532299215
1281,OADMET-0003746,3.89,0.0,0,946,3.4481984470442546,3.7703996084220344
1282,OADMET-0003752,4.27,2.0,2,947,3.333285709265396,4.471867719104722
1283,OADMET-0002087,2.69,4.0,4,948,-6.129359703895779,2.2744389843658865
1284,OADMET-0001272,2.95,3.0,3,949,3.0350581683247904,3.225451376771936
1285,OADMET-0002046,1.92,0.0,0,950,2.0774961109835646,2.409486545490787
1286,OADMET-0005024,5.02,3.0,3,951,4.604999743763492,5.000716919335664
1288,OADMET-0001555,3.25,3.0,3,952,4.09942036387346,3.0808994674007595
1289,OADMET-0002052,2.49,2.0,2,953,1.1482931108754748,2.2502466664146508
1291,OADMET-0006013,4.34,3.0,3,954,3.365948045073299,3.924120055547305
1292,OADMET-0003237,5.38,3.0,3,955,4.934936157046473,5.018040195860138
1294,OADMET-0002889,4.79,0.0,0,956,4.9786038587772445,4.8342627819138
1295,OADMET-0004720,4.59,0.0,0,957,4.442458793362098,3.8695980556584866
1296,OADMET-0004888,4.59,0.0,0,958,4.24747138321783,4.765781131976955
1297,OADMET-0004106,4.73,3.0,3,959,4.551046093652653,4.789879097639155
1298,OADMET-0002204,3.67,3.0,3,368,3.7249486053587075,3.3970721278954437
1299,OADMET-0001369,4.26,1.0,1,612,4.724534658626622,4.8094579917652815
1300,OADMET-0003458,2.05,0.0,0,960,4.835626722925325,4.955089701493894
1301,OADMET-0001713,3.49,0.0,0,961,4.584299078916796,3.493164641348064
1302,OADMET-0005150,5.02,4.0,4,962,4.351922216205849,4.526806137673914
1303,OADMET-0003371,5.05,2.0,2,963,4.789147960533932,5.001000411789194
1305,OADMET-0004834,4.64,2.0,2,964,4.330175918224851,4.280765383758998
1306,OADMET-0001342,1.81,0.0,0,965,4.769508577835477,3.277533103824348
1307,OADMET-0005741,4.59,4.0,4,966,3.8610997955223603,4.797318764174885
1308,OADMET-0003360,5.39,4.0,4,967,4.1694163883079245,4.945142608585881
1309,OADMET-0003013,4.78,0.0,0,968,4.887084613018265,4.9880100026996725
1310,OADMET-0002981,5.97,4.0,4,969,5.054056221101671,4.802079802243889
1311,OADMET-0001979,3.61,2.0,2,970,4.502585762021414,3.209889022938544
1312,OADMET-0001960,4.84,0.0,0,971,4.163364375853904,5.014909081338535
1313,OADMET-0002080,3.32,2.0,2,972,2.5262940093282262,3.1208860526630735
1314,OADMET-0002176,2.73,4.0,4,43,2.0978564231551706,2.482667723788692
1316,OADMET-0005543,5.1,1.0,1,973,4.759462995142581,4.892542716149929
1317,OADMET-0001153,3.48,4.0,4,974,3.947311366923133,2.475946600814376
1319,OADMET-0001277,1.61,3.0,3,975,3.676936492725853,3.3460145615211325
1320,OADMET-0005490,4.96,0.0,0,976,4.504331169261171,4.75434792106339
1321,OADMET-0001097,4.31,1.0,1,655,4.904380261657805,4.159641420994975
1323,OADMET-0003163,5.3,3.0,3,977,4.651546192691555,5.237346566366561
1324,OADMET-0005878,4.99,3.0,3,978,5.058784590792664,5.31980223990683
1325,OADMET-0003195,5.22,0.0,0,979,4.565267307487352,4.92489535742896
1327,OADMET-0001037,2.68,1.0,1,980,3.6959072890844418,2.9712806405716368
1328,OADMET-0005842,5.12,1.0,1,981,3.943868635144199,4.793140298143351
1329,OADMET-0003446,5.35,2.0,2,982,5.110955321298111,5.225489454649482
1331,OADMET-0001110,2.74,4.0,4,983,2.9033132444560747,2.507654050327603
1332,OADMET-0004831,4.42,4.0,4,984,5.0294839985550555,4.882803366950199
1333,OADMET-0004699,5.04,2.0,2,985,4.5016834794893725,5.01025864060983
1334,OADMET-0005916,4.64,4.0,4,986,4.597291098874868,4.852555427625465
1336,OADMET-0003703,4.49,3.0,3,987,4.561740825591433,4.874720802235212
1337,OADMET-0003235,5.19,3.0,3,988,4.80742182666023,5.18025951703356
1338,OADMET-0002722,5.47,4.0,4,989,5.192239245642845,4.810727946786125
1339,OADMET-0005019,5.38,3.0,3,990,4.173086268833255,4.911733603836833
1340,OADMET-0005017,5.14,3.0,3,991,5.295612474629937,5.054318915404952
1341,OADMET-0004936,3.97,0.0,0,992,4.202615169261255,4.004723210971014
1344,OADMET-0001403,4.05,4.0,4,993,4.018795636459816,4.5584302445654235
1345,OADMET-0005442,5.03,4.0,4,994,4.939520313646189,4.760675753056161
1346,OADMET-0003735,3.25,0.0,0,399,3.0178211218711404,3.922069038848849
1348,OADMET-0001374,5.25,2.0,2,995,5.02338893718358,5.213470739129808
1349,OADMET-0001395,5.48,4.0,4,996,4.937503909564447,5.103626661034647
1350,OADMET-0001549,2.58,2.0,2,325,4.011221245047561,3.6178553802493063
1351,OADMET-0005712,4.49,3.0,3,997,4.452502091995642,5.124896198515731
1352,OADMET-0005004,4.35,0.0,0,998,4.835569427322356,4.720690749271844
1353,OADMET-0003385,5.48,2.0,2,309,4.1904390715745645,5.034673849658626
1354,OADMET-0003011,5.72,2.0,2,999,5.125338415191715,5.263151630448778
1355,OADMET-0001640,2.23,0.0,0,1000,4.076458220933168,3.403742523334474
1356,OADMET-0003660,4.58,2.0,2,1001,4.823734153512752,4.051166747172425
1357,OADMET-0002083,4.28,4.0,4,1002,3.501948444512748,3.526787157530182
1358,OADMET-0002269,2.35,3.0,3,1003,3.029711275398538,2.044837062190454
1359,OADMET-0001326,4.8,2.0,2,1004,4.661221389390937,4.775073055551402
1361,OADMET-0002543,5.14,4.0,4,1005,4.610439209358565,4.743658144287406
1362,OADMET-0003590,4.26,4.0,4,1006,0.8215052034189858,3.834397763834464
1363,OADMET-0001261,3.15,1.0,1,1007,3.604556964209732,3.4407715291549934
1364,OADMET-0003177,4.6,2.0,2,1008,4.245913315456489,4.6256551417558365
1365,OADMET-0003348,6.33,2.0,2,1009,5.107664884961814,5.298387711089268
1366,OADMET-0002088,2.08,2.0,2,223,3.540630352702059,2.3169024504530973
1367,OADMET-0005867,4.47,4.0,4,1010,4.246643522266741,3.7123256701725524
1368,OADMET-0003378,5.51,3.0,3,1011,4.636847377372905,5.270674594383483
1370,OADMET-0005045,5.05,4.0,4,1012,4.4700602225233865,4.46984599431917
1371,OADMET-0002897,4.89,3.0,3,1013,4.536698054062489,4.9120558445892195
1372,OADMET-0005201,4.31,1.0,1,1014,4.665864871410595,4.6171482142028495
1373,OADMET-0003613,2.69,1.0,1,91,3.43147442919704,3.133328088902651
1375,OADMET-0003705,1.83,4.0,4,43,2.479634343558534,3.8200446031295887
1376,OADMET-0004875,4.65,2.0,2,1015,4.025861762680609,4.482940305456058
1379,OADMET-0001145,3.48,4.0,4,1016,4.145292902208847,4.031208365709826
1380,OADMET-0003187,5.23,2.0,2,1017,3.3159192765561727,4.110309768387959
1381,OADMET-0003471,5.4,3.0,3,1018,4.3207355702949135,3.8934015508890982
1382,OADMET-0003302,4.86,2.0,2,1019,3.986765413604739,4.19411350761321
1385,OADMET-0002695,2.69,0.0,0,1020,4.8150378802973925,4.46517390306888
1386,OADMET-0003666,4.43,4.0,4,43,4.392989408574432,3.240867110519607
1387,OADMET-0001148,2.59,3.0,3,1021,3.4255343828588845,2.538168707291209
1389,OADMET-0001660,3.33,3.0,3,1022,4.539603058306187,3.858904920325413
1390,OADMET-0002037,2.98,2.0,2,1023,3.9276823251177735,4.296980803702554
1392,OADMET-0001172,2.43,0.0,0,1024,3.613407773432885,3.534878109676281
1393,OADMET-0003640,5.03,3.0,3,1025,5.511194609328819,5.101360633128891
1395,OADMET-0005025,4.71,3.0,3,1026,4.236584258386075,4.2594052647297165
1396,OADMET-0003416,4.81,0.0,0,1027,4.333983225131277,4.405096189098314
1397,OADMET-0002013,4.28,0.0,0,1028,4.730174836381,4.735347106062021
1398,OADMET-0005984,5.35,3.0,3,1029,4.367019836116993,3.7777649329397076
1399,OADMET-0001871,4.38,0.0,0,399,4.8412470354252894,4.359366928136003
1400,OADMET-0003647,4.75,0.0,0,1030,4.694195694707028,4.749866331549798
1401,OADMET-0005077,5.07,3.0,3,1031,5.036456068406662,4.927310072621647
1402,OADMET-0002824,6.52,4.0,4,1032,5.090936320729815,5.421702721106836
1404,OADMET-0003117,5.08,0.0,0,908,5.103181561429717,5.084024671194588
1405,OADMET-0001610,5.01,2.0,2,1033,4.969287266231986,4.474785149968554
1406,OADMET-0003424,5.69,2.0,2,1034,4.951767300153491,5.268614871143328
1407,OADMET-0003581,2.04,0.0,0,1035,3.115016412479368,4.196105392889282
1408,OADMET-0001416,4.71,2.0,2,1036,5.269635021762218,4.478986758655321
1410,OADMET-0005491,4.84,3.0,3,1037,4.796863645805993,5.0468839002017365
1411,OADMET-0004851,4.86,1.0,1,1038,5.461260688273812,4.864171920647949
1413,OADMET-0002058,2.13,4.0,4,43,3.6963474317201612,3.1285485731573415
1414,OADMET-0003361,1.88,1.0,1,1039,3.2552028380514235,4.161998627605712
1416,OADMET-0006071,3.96,3.0,3,1040,4.468267312348899,4.8259094578645625
1418,OADMET-0003686,1.76,1.0,1,252,3.9514746253688395,4.795033789304325
1421,OADMET-0002066,2.69,4.0,4,43,2.260171325144627,2.875682004632236
1422,OADMET-0003198,5.68,4.0,4,1041,4.172844290447818,4.743518606406404
1423,OADMET-0001710,4.45,2.0,2,1042,3.5696355830048354,3.612274942280389
1425,OADMET-0003749,1.75,2.0,2,1043,3.9123838363155587,2.340689022112451
1426,OADMET-0002792,5.39,3.0,3,1044,5.418463085439768,5.038553544676747
1427,OADMET-0002004,2.3,0.0,0,1045,3.9203934877853595,3.998122151818951
1428,OADMET-0002857,5.86,2.0,2,1046,4.451979523157547,4.935915794686035
1429,OADMET-0003573,4.52,1.0,1,1047,3.6453791363479215,3.1845439949768344
1431,OADMET-0003900,5.29,3.0,3,1048,5.084795497034306,4.906256297256687
1432,OADMET-0002586,5.62,1.0,1,1049,4.788514121051663,5.258853210898562
1433,OADMET-0004770,4.15,1.0,1,1050,4.296382831542723,4.93799858749752
1434,OADMET-0001692,1.89,3.0,3,55,2.486924759306917,2.7151957500433714
1435,OADMET-0001616,4.34,1.0,1,1051,4.818022631283124,4.302335047999191
1437,OADMET-0003166,5.77,1.0,1,1052,4.554905627664307,4.232916075688863
1438,OADMET-0005183,4.46,3.0,3,1053,3.896106407487958,3.7517417323261064
1439,OADMET-0005798,4.82,3.0,3,1054,4.845220129369797,5.122765074959394
1440,OADMET-0004105,5.18,2.0,2,1055,3.7806496811575467,4.565051572852038
1441,OADMET-0006037,4.74,0.0,0,1056,3.875724865300074,3.9564145761693235
1442,OADMET-0001305,3.17,0.0,0,1057,3.74822297326291,3.3281193584978355
1443,OADMET-0005272,4.3,4.0,4,1058,4.764762014656015,5.0520165922598315
1444,OADMET-0004935,3.78,1.0,1,1059,4.254232185027184,4.75532737418021
1445,OADMET-0005670,4.6,4.0,4,43,4.417552045389872,4.7433867622446115
1446,OADMET-0003696,3.68,1.0,1,1060,5.050329184180149,4.914896683585107
1447,OADMET-0002275,2.96,4.0,4,43,3.111910448200218,2.370842564733879
1448,OADMET-0002577,5.03,1.0,1,1061,5.137965312453657,5.002309512246139
1449,OADMET-0002769,5.22,3.0,3,1062,4.671578073759691,5.261828819290361
1452,OADMET-0001792,2.25,4.0,4,1063,4.012046579456932,3.7136316197875594
1453,OADMET-0005389,4.87,3.0,3,1064,4.936902288664217,4.873394865106435
1454,OADMET-0001012,3.47,4.0,4,1065,3.38893716462825,3.2959409559482364
1455,OADMET-0005631,4.35,0.0,0,921,4.407745172987842,4.595453538271783
1456,OADMET-0002007,4.83,4.0,4,43,4.846007144535532,3.2590815119446144
1457,OADMET-0003241,5.83,0.0,0,1066,5.232071581191597,5.0161666831494305
1458,OADMET-0003282,5.55,2.0,2,1067,4.810517587172124,5.314295411810238
1459,OADMET-0002188,2.1,0.0,0,1068,3.474301693469741,2.182536797361471
1460,OADMET-0005063,4.33,0.0,0,1069,4.707945090056084,4.905064152578871
1462,OADMET-0003316,5.945,1.0,1,1070,4.777573503833569,5.42086120187032
1463,OADMET-0001569,4.28,1.0,1,1071,4.419301596913848,3.258930489476763
1465,OADMET-0002832,5.38,3.0,3,1072,5.377870510873419,5.402393693061344
1466,OADMET-0005986,4.63,1.0,1,1073,4.745352808809684,4.932248853585119
1467,OADMET-0002271,3.02,4.0,4,43,2.164989663064679,2.3798603122246442
1468,OADMET-0005822,4.65,2.0,2,1074,4.12938233676745,4.548988035980809
1470,OADMET-0001095,3.87,4.0,4,1075,4.765946076504953,4.961436792690689
1471,OADMET-0001731,2.75,3.0,3,1076,2.928213233545901,2.8297470668784133
1473,OADMET-0001565,3.07,1.0,1,1077,4.02585789220972,3.852133372649393
1474,OADMET-0005381,4.59,4.0,4,1078,5.248054310677125,4.945661460914199
1475,OADMET-0001237,3.94,3.0,3,1079,4.79691063554043,3.803864840094603
1476,OADMET-0003417,5.87,1.0,1,1080,4.822166283589203,5.7325857601428005
1477,OADMET-0005457,4.59,4.0,4,1081,3.884237925118626,4.280158848197889
1478,OADMET-0001420,5.19,2.0,2,1082,3.734416539895878,3.4819868381574586
1480,OADMET-0005744,4.78,1.0,1,1083,4.146299433028411,4.945042568852859
1483,OADMET-0003517,4.91,2.0,2,1084,5.298748555508761,4.795343481113874
1484,OADMET-0004748,5.11,3.0,3,1085,4.60526757271292,4.995304472111386
1486,OADMET-0005423,5.19,2.0,2,1086,4.301753950201973,4.38894194975951
1488,OADMET-0005582,4.85,4.0,4,1087,5.073722632968916,5.094973942624399
1489,OADMET-0006006,4.81,4.0,4,1088,4.503940473653477,4.493653462443562
1490,OADMET-0005058,4.96,0.0,0,1089,4.5599355882916965,4.120802383045359
1491,OADMET-0001139,3.79,3.0,3,1090,3.9629177545629606,4.603185542213325
1493,OADMET-0005870,4.88,3.0,3,1091,4.278731486179923,4.97780334003365
1494,OADMET-0002801,5.84,1.0,1,1092,4.803057323520893,4.999894945028189
1495,OADMET-0003798,4.23,3.0,3,1093,4.62621556128857,4.100176233969005
1496,OADMET-0004999,4.99,3.0,3,1094,4.859895869204609,4.974050488917753
1498,OADMET-0005203,4.57,2.0,2,1095,4.861488728320725,4.770593950183597
1499,OADMET-0005787,4.67,4.0,4,1096,3.7829737103123438,4.379143831377216
1500,OADMET-0003315,5.1,4.0,4,1097,4.622777990274423,4.689832140888424
1501,OADMET-0003015,4.91,2.0,2,1098,4.6086599611317745,4.875546318113403
1502,OADMET-0001006,4.26,3.0,3,1099,3.5994210326427774,5.059552282688369
1503,OADMET-0001897,3.48,0.0,0,1100,4.617563101699993,4.545833071387329
1504,OADMET-0005345,4.87,3.0,3,1101,4.474951348598198,4.997276487432705
1506,OADMET-0004905,5.08,0.0,0,1102,4.404384900853819,4.634203315037587
1507,OADMET-0003511,5.55,0.0,0,1103,4.626414499765197,4.930649668825041
1508,OADMET-0004372,4.82,4.0,4,1104,4.1669635117023125,5.0021082399099495
1511,OADMET-0001558,3.69,4.0,4,1105,4.196034841590147,4.165367100848795
1512,OADMET-0002609,4.67,4.0,4,1106,5.448978465581107,5.314547052757938
1513,OADMET-0005634,4.09,3.0,3,1107,4.226961003420493,4.699238112197857
1514,OADMET-0003633,1.82,2.0,2,1108,3.4871331261455647,2.442289108587614
1515,OADMET-0002190,2.93,4.0,4,43,2.6182306836743554,2.529252406135677
1516,OADMET-0003418,5.44,2.0,2,1109,5.082231041477661,5.274381531324053
1517,OADMET-0005800,5.05,3.0,3,1110,5.000116867278826,5.012273905536135
1518,OADMET-0005581,4.66,2.0,2,1111,3.461852245977113,4.170531124160486
1519,OADMET-0002576,5.38,4.0,4,1112,5.215483540682898,5.367846916789289
1520,OADMET-0004128,5.13,1.0,1,1113,4.252187994450702,4.211660262867875
1521,OADMET-0003552,4.24,2.0,2,1114,4.862878994825028,4.646907841376027
1523,OADMET-0002665,5.42,4.0,4,1115,4.647638785506021,4.720992290427957
1525,OADMET-0002139,2.96,3.0,3,1116,2.6155866723085484,3.7259327959634048
1526,OADMET-0001415,3.83,4.0,4,1117,4.826243101836287,4.765483748086031
1527,OADMET-0001109,2.47,4.0,4,1118,3.2595073190748742,3.095815714539924
1528,OADMET-0005562,5.03,1.0,1,1119,4.354664520600924,4.107867789103649
1529,OADMET-0002147,3.19,3.0,3,216,3.2229400981206573,2.071736165325198
1530,OADMET-0003147,1.74,0.0,0,1120,3.7100773279418293,3.9794947467359507
1531,OADMET-0002209,2.72,4.0,4,43,2.8853536743926207,2.5128895621915297
1532,OADMET-0002698,5.7,3.0,3,1121,4.58767626197492,5.126453874711724
1533,OADMET-0000971,3.09,4.0,4,1122,2.798071591861242,3.5652027872519527
1534,OADMET-0002803,5.22,2.0,2,1123,5.035378795935778,4.959581534985449
1535,OADMET-0005478,5.06,2.0,2,477,4.625924995212059,4.6347057395628735
1536,OADMET-0003289,5.2,2.0,2,1124,4.660954966258987,4.9708269868669035
1537,OADMET-0005528,3.86,4.0,4,1125,4.71240638501596,4.6467272075971815
1538,OADMET-0005365,4.9,3.0,3,489,4.343923994925478,4.2145016187749835
1540,OADMET-0002201,2.25,4.0,4,43,2.4376976422838394,1.874781358542761
1541,OADMET-0002939,5.17,4.0,4,1126,4.269487478072928,5.507940163597522
1542,OADMET-0004547,4.12,1.0,1,324,4.178739519846691,4.6745480654479
1543,OADMET-0001510,1.67,0.0,0,399,2.468867766640895,2.8655809442800773
1544,OADMET-0001770,1.94,0.0,0,1127,4.491808739685272,3.2079031275080476
1545,OADMET-0005204,4.61,0.0,0,1128,4.537226179213683,4.680274169514492
1546,OADMET-0001535,4.87,1.0,1,1129,3.692804401697568,4.453438811886127
1547,OADMET-0005300,4.38,1.0,1,1130,5.004818817539129,4.69061896038743
1549,OADMET-0005849,4.42,0.0,0,1131,4.2161837911753395,4.747271764221938
1550,OADMET-0002765,3.1,0.0,0,1132,4.061481804028006,4.501743048608352
1551,OADMET-0001430,4.92,0.0,0,1133,5.131427102133354,4.764921956961116
1552,OADMET-0002715,5.83,4.0,4,1134,4.748541654101907,5.096310304310505
1553,OADMET-0001332,4.69,1.0,1,1135,4.043449636093493,4.307149325393424
1554,OADMET-0001210,3.23,1.0,1,1136,3.7168407712699185,3.4572819629923353
1556,OADMET-0005391,4.54,0.0,0,1137,4.083759867397814,5.110775858031604
1557,OADMET-0004575,4.36,0.0,0,1138,4.806421665219609,5.118546392402032
1559,OADMET-0004856,4.49,3.0,3,1139,4.146083256776949,4.699723112829413
1560,OADMET-0001402,4.39,0.0,0,1140,4.465617329883904,5.084289395858681
1561,OADMET-0003291,5.865,3.0,3,1141,5.1067307963737,5.0705497261175045
1562,OADMET-0005826,5.19,0.0,0,1142,4.234599279351621,3.776454774576248
1563,OADMET-0003753,1.76,0.0,0,1143,2.937731377218972,3.115358110191734
1564,OADMET-0003165,5.74,1.0,1,1144,4.586353201203617,4.84176674588355
1565,OADMET-0004207,4.22,2.0,2,1145,4.311191887198264,4.840495920214713
1566,OADMET-0001088,5.11,2.0,2,1146,5.1517174800297685,4.742924879080646
1567,OADMET-0003076,3.86,1.0,1,1147,3.8811556946974237,3.2952613482142126
1570,OADMET-0004285,4.66,1.0,1,1148,4.6334880139435946,4.596437812614416
1571,OADMET-0001254,5.05,0.0,0,1149,4.617203396926374,5.257908704695158
1572,OADMET-0000941,3.86,3.0,3,1150,4.036498495526327,3.4435177056442847
1573,OADMET-0001362,3.53,2.0,2,1151,3.8936672229073563,3.712870512300743
1574,OADMET-0003271,5.62,3.0,3,1152,4.621869412999919,5.047645918644381
1576,OADMET-0001410,4.8,3.0,3,1153,4.185201552924379,4.5012498982832305
1577,OADMET-0001228,2.71,0.0,0,1154,3.118193335531349,2.536700312873144
1578,OADMET-0001973,5.19,4.0,4,1155,4.891467532316041,4.985380330742948
1581,OADMET-0005119,4.97,4.0,4,1156,5.150849211191062,5.0595534929498305
1584,OADMET-0003152,5.29,4.0,4,1157,5.143798990340942,5.098421852960316
1585,OADMET-0004064,4.52,2.0,2,1158,4.199098842934456,4.5423764597191365
1587,OADMET-0003135,5.54,1.0,1,1159,5.1747527354991405,4.883327478972524
1588,OADMET-0005338,5.06,4.0,4,1160,4.96268842843278,4.271429329993863
1589,OADMET-0003164,4.92,0.0,0,1161,4.135601183558659,4.967797173185489
1590,OADMET-0005258,4.36,1.0,1,1162,4.7334094085139045,4.679481748131601
1591,OADMET-0002804,4.95,4.0,4,1163,3.866214769030241,4.898840129325854
1593,OADMET-0002673,4.81,4.0,4,1164,4.102112997853129,5.075330901833907
1594,OADMET-0001689,3.28,0.0,0,399,3.857419003600016,3.535911331170477
1595,OADMET-0001143,3.04,0.0,0,1165,3.8007186817506584,3.0664396837714714
1596,OADMET-0004880,4.93,3.0,3,1166,4.235302167267474,4.828863213090744
1597,OADMET-0004918,4.53,3.0,3,1167,4.089992676486607,4.599754517770062
1598,OADMET-0006017,5.16,3.0,3,1168,4.139127318506588,4.423555795452885
1599,OADMET-0001623,4.87,1.0,1,1169,4.839662171590302,4.826893198134722
1600,OADMET-0004984,5.33,4.0,4,1170,4.30893590317561,5.116107919088728
1603,OADMET-0002252,2.04,3.0,3,368,3.3790869920496958,2.7316629671816433
1605,OADMET-0003554,4.71,4.0,4,1171,3.9779862451521035,4.478938452721956
1606,OADMET-0005510,4.99,0.0,0,1172,4.262049083089629,4.621216770686335
1607,OADMET-0002035,4.95,2.0,2,1173,4.529306343511802,4.678106648855048
1609,OADMET-0005446,5.24,0.0,0,12,4.523955761865354,4.558426049494767
1611,OADMET-0006075,5.03,0.0,0,1174,5.174999839310189,5.166281994174721
1613,OADMET-0004736,4.33,3.0,3,1175,4.752350703397761,4.719440277959097
1614,OADMET-0005277,4.38,1.0,1,1176,4.582378856994258,4.71286845204323
1616,OADMET-0005885,5.17,2.0,2,1177,4.6978195743010875,5.017761944215307
1618,OADMET-0003391,5.06,1.0,1,1178,4.494137425580857,4.930867330334409
1619,OADMET-0005633,4.43,0.0,0,1179,4.837941090834097,4.7492836494744575
1620,OADMET-0002923,5.27,1.0,1,1180,4.972530523596226,5.233991649383015
1621,OADMET-0005727,5.12,1.0,1,1181,4.740015371599763,4.8209292147252345
1623,OADMET-0004809,4.53,1.0,1,1182,4.15573203761073,4.806772999873388
1624,OADMET-0003042,5.0,4.0,4,1183,4.642809942840273,5.025825248254695
1626,OADMET-0002129,2.45,4.0,4,43,3.5082432514731927,3.461506821337167
1627,OADMET-0005953,5.52,3.0,3,1013,4.3972298780212045,4.608343424051381
1628,OADMET-0005650,4.27,1.0,1,1184,4.70710989307909,5.154362938291046
1629,OADMET-0002169,2.86,4.0,4,43,3.019871700318504,2.6172644767848396
1630,OADMET-0003263,4.78,1.0,1,1185,4.882711486737505,5.255270817363117
1631,OADMET-0001400,4.99,3.0,3,1186,4.825393924161461,4.075777653835161
1632,OADMET-0001693,4.52,0.0,0,1187,4.819670690350302,4.027278423559915
1633,OADMET-0003616,4.04,0.0,0,1188,3.4961051044736884,3.6123048106128692
1634,OADMET-0001876,3.1,1.0,1,1189,3.8031156942452693,4.18465705149651
1635,OADMET-0002175,3.03,3.0,3,646,2.6237633853378464,2.327356086163616
1636,OADMET-0005535,5.23,3.0,3,1190,4.739343221033053,4.44189745509605
1637,OADMET-0002041,5.03,3.0,3,1191,4.862668208146805,4.761159946381128
1638,OADMET-0001046,4.23,3.0,3,1192,3.9386720490381153,4.201218357577264
1639,OADMET-0003071,5.59,1.0,1,1193,5.223990533723044,4.465854014013914
1640,OADMET-0005287,4.73,1.0,1,1194,5.3109270961235815,4.7832802572153525
1641,OADMET-0001720,3.44,4.0,4,1195,4.041287910700563,3.943963653406724
1642,OADMET-0003448,5.01,0.0,0,1196,5.02233891398595,4.824852056251112
1643,OADMET-0003173,6.56,0.0,0,1197,5.165702820142691,5.4074730699780815
1644,OADMET-0003411,5.8,3.0,3,1198,3.5726805851224697,4.767421314250391
1645,OADMET-0004862,4.54,3.0,3,1199,4.6705227362459265,4.731312247785427
1646,OADMET-0005263,5.08,0.0,0,1200,4.55762796275925,4.932480657298353
1649,OADMET-0003572,1.82,3.0,3,1201,4.38706368207317,3.7355422298945142
1650,OADMET-0005605,4.91,2.0,2,1202,4.720610219580686,4.756446269364476
1651,OADMET-0001121,2.84,0.0,0,1203,3.637664073147219,2.803174179541434
1652,OADMET-0005635,4.89,0.0,0,1204,4.952117852777543,5.352863007672996
1653,OADMET-0002132,2.95,4.0,4,1205,2.7534065361374576,2.523993477539946
1656,OADMET-0005950,4.83,4.0,4,1206,4.2980712722258065,5.093067418053421
1658,OADMET-0005731,5.11,3.0,3,1207,4.762589714041829,4.918983199322524
1659,OADMET-0000965,2.96,3.0,3,1208,2.6458141119670575,2.8545087995523106
1660,OADMET-0001882,1.81,1.0,1,343,3.278207507517008,3.8165456608560615
1661,OADMET-0005887,5.02,2.0,2,1209,4.145140067113716,5.282584174152672
1662,OADMET-0003149,5.74,2.0,2,1210,4.444952250980056,4.910627211562704
1663,OADMET-0002270,2.11,3.0,3,122,1.9421130895683918,2.323233341731885
1664,OADMET-0005386,4.88,4.0,4,1211,3.6201145354139492,4.59781779052473
1665,OADMET-0002680,5.4,0.0,0,1212,5.325492796341896,5.132761233301093
1666,OADMET-0003255,5.18,3.0,3,1213,3.902486883396918,4.8885540720633305
1667,OADMET-0002240,3.05,1.0,1,1214,2.751926558261043,2.5878981216370325
1668,OADMET-0001759,3.4,0.0,0,1215,4.190454481274715,2.779970402999261
1669,OADMET-0005407,5.17,2.0,2,1216,5.139482006424083,5.020013454867056
1670,OADMET-0005756,4.54,3.0,3,1217,4.489265916714968,4.746077939377135
1671,OADMET-0003866,5.07,1.0,1,1218,4.404043713146533,4.7003888767644835
1672,OADMET-0004927,4.81,4.0,4,1219,4.95698990712333,4.918603966100377
1673,OADMET-0004024,5.08,3.0,3,1220,5.1013199121419035,4.813382636245763
1674,OADMET-0003033,5.16,3.0,3,1221,4.481492497505439,5.181751462123139
1675,OADMET-0003689,3.95,2.0,2,1222,5.080294247285209,4.99061211532174
1676,OADMET-0001809,4.33,2.0,2,1223,4.761641607123167,4.906144340365165
1677,OADMET-0001196,4.98,0.0,0,1224,4.967249345992034,5.049878119952696
1678,OADMET-0002174,1.82,0.0,0,1225,2.484148704161378,2.3675277831999018
1680,OADMET-0003586,1.77,2.0,2,1226,4.403145631590494,3.5810829007433203
1681,OADMET-0004733,4.23,3.0,3,1227,4.324661431547543,4.826278500966439
1683,OADMET-0002274,1.85,4.0,4,43,-0.6424270923793296,2.4535213540761815
1685,OADMET-0002893,5.09,2.0,2,1228,5.0153403190226555,4.992154644002007
1686,OADMET-0003833,4.76,2.0,2,1229,4.7715899712029755,4.786743589276121
1687,OADMET-0002796,5.0,1.0,1,1230,4.5531106283098275,4.799610248884445
1688,OADMET-0002265,2.94,2.0,2,102,3.297770279256035,3.277743104028271
1689,OADMET-0003227,5.21,3.0,3,1231,4.193005522877139,4.499898357493766
1690,OADMET-0004975,4.6,3.0,3,1232,4.3426627696799205,4.207931650030853
1691,OADMET-0003150,4.86,4.0,4,1233,5.4247133698021885,5.032709690435847
1692,OADMET-0003247,5.26,3.0,3,1234,4.479373534557614,4.653535559123786
1693,OADMET-0004992,4.78,2.0,2,1235,4.313620743619468,4.312762745959106
1694,OADMET-0001417,3.38,0.0,0,1236,3.491351073212269,3.4140782702219603
1695,OADMET-0002822,5.47,3.0,3,1237,5.76484111885912,5.831293237052094
1696,OADMET-0005687,5.04,0.0,0,1238,5.001037047296024,5.140335886415553
1697,OADMET-0001066,2.42,4.0,4,1239,3.748968375232177,2.978208701160405
1698,OADMET-0005443,5.61,1.0,1,1240,4.9812528621660865,5.222200028767681
1699,OADMET-0001624,4.33,4.0,4,43,4.914525676366782,4.9946540355071525
1700,OADMET-0001524,3.01,3.0,3,1241,4.226959148058682,3.477834589926261
1702,OADMET-0005994,5.16,0.0,0,1242,4.94579395300002,5.107270757255141
1703,OADMET-0005912,5.1,2.0,2,1243,4.5654962862660735,4.595503790825631
1704,OADMET-0001611,4.25,1.0,1,1244,4.38047914168678,3.230542129378336
1706,OADMET-0003556,3.98,0.0,0,1245,4.410589288814341,4.2052337918125495
1707,OADMET-0001517,3.1,4.0,4,1246,4.1573134054341665,4.041033668489693
1709,OADMET-0000956,2.94,2.0,2,1247,3.34234548825951,2.8482001070943834
1710,OADMET-0005037,4.09,4.0,4,1248,5.003044883700873,4.274488744578761
1711,OADMET-0001525,4.91,3.0,3,458,4.533584378509101,4.8201931228952635
1712,OADMET-0002032,3.89,0.0,0,1249,4.350241401903626,4.000026084915261
1713,OADMET-0002649,1.79,1.0,1,1250,3.879212217386769,3.950059990010487
1714,OADMET-0002034,4.17,3.0,3,1251,4.14904196270719,3.6271956671462853
1716,OADMET-0003677,1.86,4.0,4,1252,1.5675125905573735,1.4407656669512448
1717,OADMET-0001007,1.63,3.0,3,1253,3.817158523725162,2.6610146610074095
1718,OADMET-0003160,3.89,4.0,4,1254,4.522213080777734,4.80131382227434
1719,OADMET-0003741,4.61,3.0,3,1255,3.9660773020960964,4.744257223046319
1720,OADMET-0005100,4.44,0.0,0,1256,4.645461220189725,4.745577885525064
1721,OADMET-0005771,5.46,1.0,1,1257,4.80714062912192,5.2390300247244594
1723,OADMET-0001094,3.09,0.0,0,1258,3.478567920638829,3.1321482947128927
1724,OADMET-0006040,5.3,2.0,2,1259,4.119608547036257,3.3567717191962028
1726,OADMET-0005720,5.0,1.0,1,1260,5.103390507010452,5.117920232054645
1727,OADMET-0001253,4.36,4.0,4,1261,3.84852537554029,3.8959898627234963
1728,OADMET-0004915,5.19,0.0,0,1262,4.750225444223896,4.562839841556922
1729,OADMET-0005436,4.58,4.0,4,1263,5.377231108485988,5.453014784032601
1730,OADMET-0001617,3.92,3.0,3,1191,4.105815181426811,3.708181802775605
1731,OADMET-0005039,4.57,3.0,3,1264,4.18183794411064,4.7564114146218825
1732,OADMET-0001972,1.81,4.0,4,1265,4.115432539627143,4.821699052611757
1733,OADMET-0003153,5.52,3.0,3,1266,4.769713674466956,5.317854126613814
1734,OADMET-0005890,4.09,1.0,1,1267,4.513828668521073,4.756392291017483
1736,OADMET-0005899,4.59,0.0,0,1268,5.072860696353689,5.097100417937347
1737,OADMET-0003512,5.89,0.0,0,1269,4.869983059785307,5.48904860544486
1738,OADMET-0005161,5.07,4.0,4,1270,5.205337961276906,4.884270993416919
1739,OADMET-0004879,4.86,2.0,2,629,4.494444258868199,4.875892300476166
1740,OADMET-0003314,5.77,0.0,0,1271,4.899687395810698,5.137683949135644
1741,OADMET-0003501,5.23,1.0,1,1272,4.697816736948778,4.93936914636311
1742,OADMET-0002040,3.55,1.0,1,1273,5.221111208158433,4.419546040817109
1743,OADMET-0001242,2.62,3.0,3,1274,3.6015077649331815,2.61708325185602
1744,OADMET-0006029,4.74,1.0,1,1275,4.296590833736318,4.781044185424809
1745,OADMET-0000973,4.06,1.0,1,1276,4.7120649078654,4.88343640840087
1746,OADMET-0002325,2.96,4.0,4,43,2.412898384556742,2.505064055373752
1747,OADMET-0005828,4.67,1.0,1,1277,4.5360553532031025,5.057010203259611
1748,OADMET-0004701,4.89,4.0,4,1278,4.696512729384798,4.982643724980684
1749,OADMET-0005603,4.29,0.0,0,1279,4.567934065691318,4.739415558334234
1750,OADMET-0002082,2.64,4.0,4,43,-0.01784053497388083,2.413981034877701
1751,OADMET-0005094,5.24,1.0,1,1280,4.4320740595570305,4.738865312466578
1752,OADMET-0004718,4.38,1.0,1,1281,4.972075882736979,5.206785856985884
1754,OADMET-0001477,5.33,3.0,3,1282,5.041310666359658,5.269104911707783
1755,OADMET-0001785,4.09,1.0,1,1283,4.720566789049991,3.0219458961323293
1756,OADMET-0002735,5.455,0.0,0,1284,4.338703788606708,4.768041923438067
1757,OADMET-0001642,4.24,3.0,3,1285,4.280141811000844,4.230457887384
1758,OADMET-0001779,3.76,0.0,0,1286,4.496353728590777,4.173372119881252
1760,OADMET-0001381,4.44,0.0,0,1287,4.216244300517257,4.0870479654443095
1761,OADMET-0003342,5.38,2.0,2,1288,4.932079582449583,4.805551254668457
1762,OADMET-0003670,4.41,4.0,4,43,4.249521119453228,2.62341113585977
1763,OADMET-0002051,2.01,2.0,2,1289,2.636784820240494,1.923172863545797
1764,OADMET-0001627,4.67,2.0,2,1290,4.385386225416649,3.7573045736744604
1765,OADMET-0004247,4.41,1.0,1,1291,4.369822625526416,4.708448246205041
1766,OADMET-0004784,4.73,2.0,2,1292,4.409558891345719,3.964882054595371
1769,OADMET-0002833,4.885,0.0,0,1293,5.069447316907426,5.129405234077313
1771,OADMET-0003534,5.66,2.0,2,1294,4.784761015916619,5.08621734302231
1772,OADMET-0002196,3.01,4.0,4,43,2.5690924030443796,3.0567416922662267
1773,OADMET-0003625,6.21,3.0,3,18,4.675147496204486,4.617600651024739
1774,OADMET-0003027,4.98,4.0,4,1295,4.039564730224216,4.697827540561664
1775,OADMET-0003204,1.87,1.0,1,1296,3.448532780532656,3.9904220216015673
1776,OADMET-0005409,4.89,1.0,1,1297,4.617471399509352,4.526715393304298
1777,OADMET-0004489,5.41,2.0,2,1298,4.585379773907473,4.723593559690873
1778,OADMET-0002982,5.31,4.0,4,1299,4.03211704464298,4.284358999963373
1779,OADMET-0004014,5.13,2.0,2,1300,4.47227917545017,5.010922004788062
1780,OADMET-0005489,4.94,2.0,2,1301,4.243608062567186,5.066077901504974
1782,OADMET-0001714,1.72,3.0,3,1302,4.632779835318834,4.213447604659433
1783,OADMET-0001343,3.71,3.0,3,1303,2.721118203401918,5.013460409220441
1784,OADMET-0005688,4.59,3.0,3,1304,5.122779213932119,4.811909883975212
1785,OADMET-0004313,4.81,4.0,4,1305,4.6408484291157475,4.627073860383465
1786,OADMET-0002191,3.73,4.0,4,43,4.037094617463737,2.428737500174622
1787,OADMET-0005239,5.15,3.0,3,1306,4.767699683023072,5.262287768713166
1788,OADMET-0003353,5.64,1.0,1,1307,4.686193933335066,4.918438490066909
1789,OADMET-0001284,3.35,0.0,0,1308,3.950534344120413,2.948467890618229
1791,OADMET-0002862,2.57,0.0,0,1309,4.250873090876813,3.495658213319884
1792,OADMET-0005304,4.6,0.0,0,1310,3.284053486290157,4.907566632299762
1793,OADMET-0002911,5.06,1.0,1,1311,4.548928754123819,5.187074004170399
1794,OADMET-0002599,5.63,1.0,1,655,4.155589300966508,5.158259683114251
1795,OADMET-0005683,4.77,3.0,3,1312,4.91475515251335,5.174958337950089
1796,OADMET-0003771,2.51,0.0,0,1313,2.66048060832745,2.76972718100942
1797,OADMET-0003396,5.33,0.0,0,1314,4.863557938636753,5.135114504817978
1798,OADMET-0002128,2.87,4.0,4,43,2.79053468573957,2.0456479845431605
1799,OADMET-0001688,3.48,2.0,2,477,3.557444529913268,3.4429022773937183
1801,OADMET-0005743,4.61,0.0,0,1315,4.0396858146817305,4.975466457558524
1802,OADMET-0003019,4.63,1.0,1,1316,4.154529355211157,4.660966942642571
1803,OADMET-0001905,2.97,3.0,3,1317,3.3113947550343705,2.6913511441560436
1804,OADMET-0001735,4.27,1.0,1,1318,4.704748623123732,4.726128629151343
1805,OADMET-0002786,6.14,2.0,2,1319,4.818955658017126,4.88756538441571
1806,OADMET-0005060,5.25,0.0,0,1320,4.830697916172105,5.1155435905831474
1807,OADMET-0002231,3.7,4.0,4,43,2.906868003565647,3.3177105632137427
1808,OADMET-0002138,1.96,4.0,4,43,2.6672142664709995,2.4576693560452307
1809,OADMET-0003059,5.17,3.0,3,1321,5.002020718306713,4.671018794348557
1810,OADMET-0002069,2.88,4.0,4,43,3.0672314956987945,2.1817352955335245
1811,OADMET-0001059,3.61,2.0,2,1322,4.464389289132569,4.588561414944367
1812,OADMET-0001169,3.01,2.0,2,1323,3.6917283367348723,3.1167285269676666
1814,OADMET-0003443,2.49,2.0,2,1324,4.171687270978139,4.034299204170667
1816,OADMET-0004792,4.04,2.0,2,1325,3.956381426472195,4.691806561156104
1817,OADMET-0002999,5.11,4.0,4,1326,5.2642045600440905,5.103708608023927
1818,OADMET-0005467,5.22,1.0,1,1327,4.628239487718274,4.768675518938911
1819,OADMET-0005082,5.32,4.0,4,1328,4.818118176883758,5.058199839035036
1820,OADMET-0001495,5.09,0.0,0,1329,4.670980643801747,4.8498636077159
1822,OADMET-0001157,3.15,3.0,3,1330,2.830743418831589,2.9424896446718587
1823,OADMET-0001707,2.81,0.0,0,1331,3.6629726022073705,3.073448672786334
1824,OADMET-0005583,4.27,0.0,0,1332,4.846203054994992,4.849795816886911
1825,OADMET-0002298,2.13,4.0,4,43,1.6115829010993057,2.279324088375765
1826,OADMET-0002100,3.01,0.0,0,1333,2.962169484135426,3.0597491715276592
1827,OADMET-0003156,5.015000000000001,1.0,1,1334,3.7078803714050865,4.969397706322292
1828,OADMET-0005222,5.48,1.0,1,1335,4.864316047498352,4.730736814316792
1829,OADMET-0002162,1.79,0.0,0,1336,2.4329055780686266,2.3720204290437206
1830,OADMET-0005917,4.67,3.0,3,1337,4.685278473713224,4.820044195626688
1831,OADMET-0001861,2.01,1.0,1,1338,3.5953098577528673,3.351355239445998
1832,OADMET-0001655,4.11,3.0,3,1339,4.313075794602251,3.706300245235819
1834,OADMET-0003219,5.17,0.0,0,1340,3.981426921293704,4.307439911551732
1835,OADMET-0002692,4.67,4.0,4,1341,5.130598076453767,5.235921600090569
1836,OADMET-0001286,2.39,1.0,1,1342,4.061729292302835,4.497791767896879
1837,OADMET-0002701,5.365,4.0,4,1343,4.632213017456265,4.727101119046839
1838,OADMET-0001281,2.28,4.0,4,1344,3.205762641202701,2.474861221014897
1839,OADMET-0002757,4.77,4.0,4,1345,5.0379679054243205,5.323171702185785
1840,OADMET-0005333,5.27,2.0,2,1346,4.0547456213202615,4.621737892280442
1841,OADMET-0001248,3.28,3.0,3,1347,3.546614865772903,3.0065027270077858
1842,OADMET-0004605,4.95,2.0,2,1348,3.883442117101468,4.389526658060247
1843,OADMET-0002963,4.74,3.0,3,1349,4.756169009833094,4.387859728413866
1844,OADMET-0002707,5.56,3.0,3,1350,5.521330899702948,5.1508598094562075
1845,OADMET-0003806,3.28,0.0,0,908,3.841205030204617,4.009013746796032
1846,OADMET-0003809,4.67,3.0,3,1351,4.010551601681447,4.690546327296356
1847,OADMET-0002312,2.47,4.0,4,43,2.2737763504437947,2.660716852409373
1848,OADMET-0003628,2.54,4.0,4,1352,2.5804493094231757,2.590053796861944
1850,OADMET-0001712,2.66,2.0,2,1353,3.2628559982606555,3.302006417564319
1851,OADMET-0003266,6.18,2.0,2,1354,5.088193692933311,5.653188534443979
1853,OADMET-0001936,2.93,0.0,0,1355,3.960807870089959,3.8769172764299333
1854,OADMET-0001562,4.52,1.0,1,1356,4.680304755923797,4.23221679302808
1855,OADMET-0001529,5.1,2.0,2,1357,4.35490312662167,4.964854871625816
1857,OADMET-0005285,4.79,4.0,4,1358,3.9260642134816486,4.717571293358338
1858,OADMET-0003641,1.98,2.0,2,1359,4.023646348075658,5.01053806914629
1859,OADMET-0001213,4.36,3.0,3,1360,4.682514997844132,4.221387164350866
1861,OADMET-0005376,4.8,2.0,2,1361,5.039432631587726,4.910798651039337
1863,OADMET-0005286,3.26,3.0,3,1362,3.758961756706604,4.623230121924787
1864,OADMET-0005989,4.7,0.0,0,1363,4.627929637887412,4.922582392486026
1865,OADMET-0005606,4.59,1.0,1,1364,4.130672354244359,4.207747455056414
1867,OADMET-0002122,4.15,2.0,2,477,2.4021553172561205,3.0410523691400924
1868,OADMET-0002618,4.87,3.0,3,1365,5.52628789363351,5.203759800307005
1869,OADMET-0001644,2.51,2.0,2,1366,3.8888268303416895,2.9216455098174565
1870,OADMET-0004419,4.55,1.0,1,1367,4.217675076160274,4.9199472312218395
1871,OADMET-0005980,4.42,3.0,3,1368,3.998571081386967,4.568966398674217
1872,OADMET-0002705,3.56,0.0,0,1369,4.662445130057653,4.0827766343350875
1873,OADMET-0003439,5.33,0.0,0,1370,4.022138106686079,5.169667518213497
1874,OADMET-0001976,4.58,2.0,2,1371,4.951560288050339,4.659599671890339
1875,OADMET-0001375,3.39,0.0,0,1372,3.2894336170054865,3.7783099530891597
1876,OADMET-0002005,4.24,0.0,0,1373,3.83843968647403,3.7578644192754176
1878,OADMET-0005983,4.56,4.0,4,1374,4.617611844044722,4.437663250113764
1879,OADMET-0005777,4.72,4.0,4,1375,4.7989150279954504,4.862512545432537
1880,OADMET-0002817,5.3,2.0,2,1376,5.0980273313075095,5.2283398505976075
1881,OADMET-0003808,3.54,3.0,3,1377,2.870899494132702,2.6051631037817757
1883,OADMET-0004750,3.92,4.0,4,1378,4.410839768778551,4.783187845125237
1884,OADMET-0002989,3.16,3.0,3,1379,3.3853672418556022,3.052207872969049
1885,OADMET-0005656,4.89,0.0,0,536,5.013361766532838,4.774516372004205
1886,OADMET-0002632,5.79,2.0,2,1380,5.258589007787322,5.126393035338551
1887,OADMET-0004827,4.97,3.0,3,1381,4.943211733355787,5.6812334243174964
1888,OADMET-0003051,5.21,2.0,2,1382,4.397562599134818,5.172070436899636
1889,OADMET-0001772,2.82,1.0,1,1383,4.349191877256206,3.004788795058217
1890,OADMET-0006030,5.06,3.0,3,1384,4.738266528138826,4.8561306542128975
1891,OADMET-0001921,1.84,4.0,4,1385,3.676549894941855,2.8982332783927514
1892,OADMET-0004686,4.89,1.0,1,488,4.920479186434708,5.170701645138861
1893,OADMET-0005288,4.53,0.0,0,1386,5.095670579238676,4.85310649951903
1894,OADMET-0002658,5.41,1.0,1,1387,4.7615004623276835,5.0910489964457915
1895,OADMET-0001950,5.66,0.0,0,971,4.308152765576536,4.769060952272847
1896,OADMET-0005925,4.02,3.0,3,1388,3.802750360611874,5.132344788211107
1897,OADMET-0000928,1.88,3.0,3,1389,2.5337292998483285,2.5671586082739384
1899,OADMET-0005788,6.23,1.0,1,1390,4.63899112719598,4.556295413520859
1900,OADMET-0002752,4.95,4.0,4,1391,4.367689450731461,4.576965998934347
1901,OADMET-0005740,4.81,3.0,3,1392,4.766585903473459,4.857105402785786
1902,OADMET-0004216,4.24,0.0,0,1393,4.434935015948039,4.8518580868740955
1903,OADMET-0005593,4.74,1.0,1,1394,4.647940940734927,4.403636366297648
1904,OADMET-0002970,5.28,3.0,3,1395,4.930745432371286,4.81366868835975
1905,OADMET-0006083,4.66,4.0,4,1396,4.728659406240694,5.205169613495915
1906,OADMET-0005892,5.1,2.0,2,1397,4.502190025319885,4.633485366437532
1907,OADMET-0005770,4.85,0.0,0,1398,4.4105278141120765,4.486141941551106
1908,OADMET-0004172,4.71,2.0,2,1399,4.340915654443659,4.50466593643423
1909,OADMET-0002318,2.88,2.0,2,477,3.4292282139046066,2.596357596898089
1910,OADMET-0005453,4.93,2.0,2,1400,5.003337646842479,4.972892408662384
1911,OADMET-0001412,4.11,2.0,2,1401,4.7505135265505745,4.160695712727493
1915,OADMET-0005710,4.16,3.0,3,1402,4.166005318857136,4.577677584877285
1916,OADMET-0004944,4.37,0.0,0,1403,4.712306575654321,4.6361747260494965
1918,OADMET-0003597,2.06,0.0,0,399,3.3469981927628782,2.589814269325367
1919,OADMET-0000955,3.66,4.0,4,1404,4.532072661250289,4.2437831876891225
1920,OADMET-0002888,2.67,2.0,2,1405,3.6246553686578897,3.505147008834045
1921,OADMET-0002219,1.98,4.0,4,43,0.8067519087470689,2.3791579066137976
1922,OADMET-0003168,5.08,4.0,4,1406,4.714482339689884,4.9128311012562635
1924,OADMET-0003783,4.86,0.0,0,1407,4.692479043350547,4.4378587833389425
1925,OADMET-0003088,6.14,0.0,0,1408,4.925222493686872,5.060483252159292
1926,OADMET-0001437,4.53,0.0,0,1409,4.866796152458283,4.564169586925139
1927,OADMET-0002637,5.31,2.0,2,1410,4.736719959579421,4.734680642182887
1928,OADMET-0004844,5.37,1.0,1,1411,4.717265726482758,5.084619802062199
1929,OADMET-0004977,5.33,0.0,0,1412,3.9190002519228733,4.692509357099784
1930,OADMET-0005401,4.15,0.0,0,1413,4.182237895133096,4.701742098442608
1931,OADMET-0001162,3.5,2.0,2,1414,3.9028401039812457,3.6931599318680974
1932,OADMET-0005349,4.8,1.0,1,1415,4.687863992862211,5.091372673832854
1933,OADMET-0002901,5.14,1.0,1,1416,4.057261136670709,4.71396158557874
1934,OADMET-0005266,5.09,2.0,2,1417,4.508236829345648,5.03935929095519
1935,OADMET-0002894,5.1,1.0,1,1418,4.293483549692608,4.976673118795516
1936,OADMET-0005897,4.75,3.0,3,1419,4.649970835306352,4.85817690075577
1937,OADMET-0003229,4.97,1.0,1,1420,4.797617960610985,4.671679825059715
1938,OADMET-0003294,5.23,4.0,4,1421,4.578501511113309,4.796853937089298
1939,OADMET-0005158,4.61,3.0,3,1422,4.190911803540798,4.537543998779123
1940,OADMET-0005922,4.26,0.0,0,1423,4.336844292862276,4.727895828889895
1941,OADMET-0005960,4.42,4.0,4,1424,4.888516897348912,4.741964292687338
1943,OADMET-0002164,2.82,4.0,4,43,3.0794567762157374,2.422489474215416
1944,OADMET-0005068,5.43,4.0,4,1425,3.8523810480895144,4.634565652481418
1945,OADMET-0001709,4.56,2.0,2,1426,4.684404898295056,4.505954228614181
1946,OADMET-0001177,4.84,0.0,0,1427,4.949075864842012,4.853923186652763
1947,OADMET-0001682,4.63,2.0,2,1428,3.7901390862831894,3.5236879084383737
1948,OADMET-0005257,5.46,2.0,2,1429,4.90981189824747,4.7888527178103235
1949,OADMET-0003350,5.82,1.0,1,1430,5.114025269572399,5.296175906641805
1951,OADMET-0001030,3.39,4.0,4,1431,3.158624058326328,3.342074280090069
1952,OADMET-0004877,4.11,3.0,3,1432,5.125828678189701,4.876070504345476
1953,OADMET-0003032,4.31,0.0,0,1433,4.1410769926154725,4.261329622225589
1954,OADMET-0000990,4.39,2.0,2,1434,4.494485858512026,4.567811439482009
1955,OADMET-0001659,1.7,2.0,2,1435,4.05438970115146,3.0103135416030913
1956,OADMET-0001892,4.45,1.0,1,1214,4.701651814352047,4.811454861470358
1957,OADMET-0005607,4.73,3.0,3,1436,4.033689196648314,4.513867287630776
1958,OADMET-0003673,1.83,2.0,2,1437,4.632229446363043,3.9308405345397714
1959,OADMET-0003548,4.18,2.0,2,1438,4.331585340113827,3.5359778408101747
1960,OADMET-0003036,5.11,3.0,3,1439,4.623059678145802,5.102415264540673
1961,OADMET-0002090,1.91,3.0,3,1440,3.282603347870315,2.2009692218151415
1963,OADMET-0004910,5.09,1.0,1,1441,4.792028352956734,4.970310415969427
1965,OADMET-0005807,5.56,2.0,2,1442,4.847827687849698,4.733488657576547
1966,OADMET-0005469,4.87,1.0,1,1443,4.537563807924541,4.6174589910163215
1967,OADMET-0004681,4.84,2.0,2,1444,4.316039155251691,5.0017850647065485
1968,OADMET-0001195,3.78,2.0,2,1445,4.181915553875871,4.343614642829762
1969,OADMET-0005540,4.63,0.0,0,1446,4.419228996649153,4.686448393461396
1971,OADMET-0005859,4.4,3.0,3,1447,4.470961889912972,4.348547737344872
1972,OADMET-0002642,5.48,0.0,0,1448,4.612687833828846,4.601528089357044
1973,OADMET-0001481,4.41,4.0,4,1449,4.444337833554299,4.681990978706132
1974,OADMET-0002307,2.89,4.0,4,43,3.61949101806527,2.401637477257427
1975,OADMET-0001407,3.2,0.0,0,1450,4.6067897754649705,4.05013759254764
1976,OADMET-0003252,5.05,4.0,4,1451,3.8451702095475166,4.699467105031167
1977,OADMET-0001768,4.19,0.0,0,1452,4.123879559416323,3.5918337069590476
1978,OADMET-0001183,3.85,0.0,0,921,4.293717398345921,4.521682669487752
1979,OADMET-0002025,3.75,1.0,1,343,4.466288335895417,4.745531010841998
1980,OADMET-0003228,5.4,2.0,2,1453,4.435011814832172,4.9709592579256
1981,OADMET-0002973,5.55,2.0,2,1454,4.434539305786876,4.490484242749928
1982,OADMET-0004760,5.27,4.0,4,1455,4.951210192448288,4.153874509110359
1984,OADMET-0002243,3.18,4.0,4,43,2.6339929047076645,2.252271113064268
1987,OADMET-0003580,4.81,3.0,3,987,4.491158924988268,5.024880514511955
1988,OADMET-0002254,2.45,1.0,1,690,2.5147921437946064,2.5807406612536923
1989,OADMET-0003668,2.94,4.0,4,43,3.6489631179613236,3.148749051597217
1990,OADMET-0004047,5.05,4.0,4,1456,4.0172681121995995,4.824048293215324
1991,OADMET-0005969,4.57,2.0,2,1457,4.9755717967245525,4.713318561417935
1992,OADMET-0002942,5.37,1.0,1,1458,5.295642017349527,5.034279566048687
1994,OADMET-0004951,4.56,1.0,1,1459,4.2104558038733195,4.533822241458086
1995,OADMET-0005935,4.49,1.0,1,1460,5.1850868413554165,5.300649512477837
1997,OADMET-0001681,4.09,2.0,2,1461,4.463178004712782,4.689835672252653
1999,OADMET-0002775,5.23,1.0,1,1462,5.388066953955273,4.729113482949801
2001,OADMET-0004961,4.67,3.0,3,1463,4.067037454120174,4.1979494300111275
2002,OADMET-0005778,4.53,1.0,1,1464,4.868878516311919,5.020122753457528
2004,OADMET-0005332,4.98,3.0,3,1465,3.703177836787466,4.469187072518087
2005,OADMET-0001056,3.92,1.0,1,1214,4.765573447627795,4.450034024259034
2007,OADMET-0005397,4.53,1.0,1,1420,4.099819074382494,4.454378947540513
2008,OADMET-0004321,5.11,2.0,2,1466,4.343721139246445,5.005295871838731
2009,OADMET-0005320,4.54,4.0,4,1467,3.908318763895204,5.047200862755122
2010,OADMET-0003711,4.87,1.0,1,1468,4.418383276779704,4.707781788452259
2011,OADMET-0001771,3.87,2.0,2,1469,3.6940584847058,3.120737551286133
2012,OADMET-0005282,4.54,1.0,1,1470,4.020908914505535,5.162310624023383
2014,OADMET-0003141,5.69,4.0,4,1471,5.076503371540507,4.925864045658019
2015,OADMET-0005658,4.51,1.0,1,1472,4.596158250965897,4.100571408591961
2016,OADMET-0001799,5.22,0.0,0,1473,5.118054186313555,4.745045130574422
2017,OADMET-0005083,4.27,1.0,1,1474,3.747223219969848,4.57650209160653
2020,OADMET-0004929,4.81,2.0,2,1475,4.396378588847778,4.713281124015945
2021,OADMET-0005088,4.57,0.0,0,1476,4.552648538982588,4.428721325121088
2022,OADMET-0002281,3.65,0.0,0,557,4.180776418354054,2.9444833317577634
2023,OADMET-0003567,5.24,2.0,2,1477,5.572398470198339,5.1629525362410424
2025,OADMET-0005177,5.21,2.0,2,1478,4.657306532094827,5.194433701172499
2026,OADMET-0005851,4.34,2.0,2,1479,4.230394627245284,5.033531543357705
2027,OADMET-0005725,4.8,0.0,0,1480,4.543903043858003,4.976094292951138
2028,OADMET-0005462,4.86,4.0,4,1481,4.068533135896696,4.919961956226403
2029,OADMET-0003175,4.86,4.0,4,1482,4.637425849395431,4.389715883002043
2030,OADMET-0001226,3.19,3.0,3,1483,2.3535516996082597,2.888635736791602
2031,OADMET-0005676,5.66,0.0,0,1484,4.741310125665744,4.907477645930171
2033,OADMET-0002760,6.32,3.0,3,1485,4.65902311770818,4.909611753453987
2034,OADMET-0002214,3.93,4.0,4,43,3.561987080905008,2.6829625279386535
2035,OADMET-0005403,4.98,2.0,2,1486,4.6206107633330475,3.725355483929059
2036,OADMET-0005694,4.96,4.0,4,1487,5.330588361611241,5.342258123082336
2037,OADMET-0005691,4.25,2.0,2,1488,4.211247151656556,4.700421093457166
2038,OADMET-0005010,4.61,1.0,1,1489,3.3974049125941868,3.661634920774575
2039,OADMET-0004969,4.97,0.0,0,1490,4.612475828122414,5.3554860182108035
2040,OADMET-0005684,4.67,2.0,2,293,4.399117798768193,4.745886293079562
2041,OADMET-0003745,2.69,0.0,0,1491,4.528798201773581,3.713586592033424
2042,OADMET-0004737,4.78,1.0,1,1492,4.354978082162629,5.07459388931547
2044,OADMET-0002703,5.16,2.0,2,1493,5.12370834915945,5.155713215889754
2045,OADMET-0001945,1.81,0.0,0,261,3.499639188978118,3.038939293333447
2046,OADMET-0002232,2.69,4.0,4,43,0.9180012385628213,2.1612483884784752
2047,OADMET-0005702,5.22,2.0,2,1494,4.651134512287708,4.831894107765652
2048,OADMET-0005831,3.9,1.0,1,1495,4.73820989105377,4.625590988708747
2049,OADMET-0001466,3.16,2.0,2,1496,3.3586270085096284,3.106086519018891
2050,OADMET-0006041,5.09,1.0,1,1497,4.935915911511926,4.782516514794779
2051,OADMET-0002613,5.29,2.0,2,1498,4.784554541751905,5.145527350227812
2052,OADMET-0001239,7.54855421686747,0.0,0,908,7.937095293149934,4.631225665056931
2053,OADMET-0005569,4.68,1.0,1,1499,4.83029427293245,4.949040201196829
2054,OADMET-0002678,5.53,2.0,2,1500,5.152191588716811,5.068493039517976
2055,OADMET-0004691,4.13,3.0,3,1501,4.763379850855814,4.7280066010487625
2058,OADMET-0004731,5.25,1.0,1,1502,4.696334491887574,4.839892429633241
2059,OADMET-0001747,3.91,3.0,3,1503,4.227319225318957,3.3009292908521046
2060,OADMET-0006043,4.72,3.0,3,1504,4.841581667332123,4.3162782133242885
2061,OADMET-0001340,3.16,4.0,4,1505,4.073519254787101,2.900601616291
2062,OADMET-0003791,5.1,3.0,3,1506,4.792447543186951,4.692282093680979
2064,OADMET-0002333,2.17,2.0,2,124,2.819516301363402,2.650217428646738
2065,OADMET-0006061,4.69,2.0,2,1507,4.674142070078886,4.654140079403785
2066,OADMET-0001739,3.59,2.0,2,124,4.655381985464125,3.6821191315583635
2067,OADMET-0005856,5.04,0.0,0,1508,4.944378308275572,5.035859742498412
2068,OADMET-0005122,4.52,1.0,1,1509,4.7429538628193,5.046958154059879
2069,OADMET-0002272,3.13,1.0,1,1214,3.2242749199005036,2.905191144575771
2070,OADMET-0003046,5.355,1.0,1,1510,4.77312314260964,4.655359225384091
2071,OADMET-0001900,4.81,1.0,1,1214,4.414467355378274,3.96468590378696
2072,OADMET-0002969,5.08,4.0,4,1511,4.543141641590512,4.773474003709005
2074,OADMET-0004917,4.65,4.0,4,43,4.255468693467109,4.580853519714601
2075,OADMET-0003025,5.6,1.0,1,1512,4.905284608964396,5.036868516321126
2077,OADMET-0005215,4.65,1.0,1,1513,4.306191537880173,3.808966499555862
2078,OADMET-0003743,4.78,1.0,1,1514,4.2249448642323895,3.715193120487822
2079,OADMET-0003790,3.27,2.0,2,1515,3.9739833758202128,4.281309292824009
2082,OADMET-0002972,5.26,3.0,3,1516,3.986498256006172,4.522642949932194
2083,OADMET-0003456,1.79,1.0,1,1517,4.0730147784235315,4.3084802796374095
2086,OADMET-0003811,4.56,1.0,1,1518,4.974990971342666,4.2595695400704265
2087,OADMET-0001579,2.77,0.0,0,1519,4.004951906201784,3.4613913330926427
2088,OADMET-0005906,4.89,0.0,0,1520,4.74662266828522,5.139303709740377
2089,OADMET-0003007,4.6,2.0,2,1521,4.97813789985273,5.218152449586688
2090,OADMET-0002902,5.74,3.0,3,1013,4.809283033039397,5.489365076294508
2091,OADMET-0004579,4.65,0.0,0,1522,3.7610692580641665,4.102089026107484
2092,OADMET-0004237,4.4,0.0,0,1523,4.637592413305946,5.089450875843214
2093,OADMET-0002554,5.08,1.0,1,1524,5.350794839748976,4.818502654263819
2094,OADMET-0005223,5.2,1.0,1,1525,5.046226699836336,5.217072133767724
2095,OADMET-0005099,4.84,1.0,1,1526,4.7687838723973694,5.0632120314397415
2097,OADMET-0001956,1.86,0.0,0,1527,4.4637560042684665,4.375356073147317
2098,OADMET-0003420,5.3,1.0,1,1528,5.089495773876879,5.26216762226215
2099,OADMET-0002310,1.97,4.0,4,43,2.6236396914774405,2.8663629820985843
2100,OADMET-0001625,2.97,2.0,2,1529,3.875009357433184,2.9541268195069663
2101,OADMET-0002290,2.12,2.0,2,1530,2.7712084894200135,2.3138583659278615
2104,OADMET-0001078,2.93,1.0,1,1531,3.65449226187368,2.7189514256701246
2105,OADMET-0004939,4.71,1.0,1,1532,4.464731500559816,4.809816695020616
2108,OADMET-0001461,5.18,2.0,2,191,4.7227866175006445,4.868078403433761
2110,OADMET-0005758,4.29,4.0,4,1533,4.610841829423577,4.300521231095612
2111,OADMET-0005361,5.11,1.0,1,515,3.262168544164827,4.802344778348311
2112,OADMET-0002071,2.72,2.0,2,223,3.462389030269414,2.675928875122902
2113,OADMET-0003221,5.74,4.0,4,1534,4.657185163785423,4.761636768448661
2114,OADMET-0003081,5.59,0.0,0,1535,4.752830500239698,4.859725431932632
2115,OADMET-0005299,4.56,0.0,0,1536,4.346957129754743,5.14682473826189
2118,OADMET-0004723,4.31,1.0,1,1537,4.1467455098413835,4.224796402899852
2119,OADMET-0005685,4.22,1.0,1,1538,5.30592800884368,5.152424536339791
2120,OADMET-0003521,4.79,2.0,2,1539,4.431979881258482,5.041742794109096
2121,OADMET-0001776,3.98,4.0,4,1540,4.8703245101497,4.4615427081249415
2122,OADMET-0005479,4.7,4.0,4,1541,4.8331812480081355,4.885650938710854
2123,OADMET-0001186,3.7,1.0,1,1542,3.4343041883226055,3.6222693940013833
2124,OADMET-0002966,4.96,2.0,2,1543,4.609802422119957,4.703824268083883
2125,OADMET-0001268,2.43,3.0,3,1544,2.950590372997528,2.774351566379324
2126,OADMET-0004721,5.41,2.0,2,1545,4.8993136831966755,4.616657867481552
2129,OADMET-0001963,4.39,3.0,3,606,5.310906375238208,4.469627213709795
2130,OADMET-0002763,5.31,0.0,0,1546,4.245344956436184,4.977125547507538
2131,OADMET-0005837,4.5,4.0,4,1547,4.016473852540753,4.711168091514352
2132,OADMET-0005776,4.99,0.0,0,1548,4.411258263226993,4.399717478622975
2133,OADMET-0003594,4.65,2.0,2,1549,4.632259288833821,5.079322694502902
2134,OADMET-0001338,4.87,4.0,4,1550,4.713402547164499,4.479526496407992
2135,OADMET-0003244,5.99,1.0,1,1551,5.303051240721855,5.557152160595241
2137,OADMET-0004823,4.24,2.0,2,1552,4.828707009742184,5.229683343327176
2138,OADMET-0002211,1.85,3.0,3,1553,1.5596807413878548,1.9527914929047179
2139,OADMET-0002167,3.11,3.0,3,55,3.0786751907416625,3.070355734728698
2140,OADMET-0005884,5.04,2.0,2,1554,5.112861563658108,5.462263605146955
2141,OADMET-0001937,5.25,3.0,3,1555,4.962108257267156,5.0196821509820735
2142,OADMET-0002905,4.72,0.0,0,1556,4.235706747608583,4.638448942754411
2144,OADMET-0004903,4.51,4.0,4,1557,4.964686501282019,4.727727211624024
2145,OADMET-0001652,3.09,2.0,2,1558,3.8260786180150057,3.8624902649832857
2146,OADMET-0005521,4.49,2.0,2,1559,4.655622476894623,3.8458272330201027
2147,OADMET-0004994,5.16,2.0,2,1560,5.28792330203674,4.863764552428908
2149,OADMET-0004793,4.66,3.0,3,1561,4.768943783310875,4.852701033866225
2150,OADMET-0003775,3.06,0.0,0,574,3.901324788145776,3.5298264562896104
2151,OADMET-0001108,3.16,0.0,0,1562,3.794984298128596,3.5429977771348127
2152,OADMET-0005538,4.43,1.0,1,1563,4.490018412771375,4.805773472366219
2153,OADMET-0005452,4.61,0.0,0,1564,4.390860781766302,4.635505679204151
2154,OADMET-0001597,4.5,4.0,4,1565,3.793442258877068,4.252894445312778
2155,OADMET-0002155,3.02,3.0,3,438,3.301120411337285,3.1815852115428642
2157,OADMET-0005412,4.89,4.0,4,1566,4.9006922080500495,5.363111966288917
2159,OADMET-0003017,6.205,0.0,0,1567,3.9936518380741806,4.232363463461965
2160,OADMET-0003137,5.28,3.0,3,1568,4.450710133213173,5.146349881975905
2161,OADMET-0005486,4.93,3.0,3,1569,4.523832236328591,4.987887535836423
2163,OADMET-0005615,4.93,2.0,2,1570,4.1343713063266865,4.5659500293378885
2164,OADMET-0005373,5.19,1.0,1,1571,4.613308269572121,4.615676519719408
2165,OADMET-0002555,5.03,2.0,2,1572,3.7250937409719453,3.747926337746911
2166,OADMET-0002912,6.13,3.0,3,1573,5.102379907328205,5.038882955785341
2167,OADMET-0004745,4.35,4.0,4,1574,4.52414355005892,4.585410254779766
2168,OADMET-0002208,3.05,2.0,2,237,4.1216153046211605,3.1315744267339416
2169,OADMET-0005115,5.12,4.0,4,1575,5.383859906887407,4.348986179358432
2170,OADMET-0004294,5.48,4.0,4,1576,4.7466711699910915,4.798491244709227
2171,OADMET-0000929,2.13,0.0,0,1577,3.3541022360836865,2.610843949341207
2172,OADMET-0003225,1.82,2.0,2,1578,4.3539789324259806,2.917192655177296
2173,OADMET-0004775,5.16,0.0,0,1579,4.920569688277902,4.48901312763998
2174,OADMET-0001859,2.82,2.0,2,1580,4.098884876072647,3.7099986507075275
2175,OADMET-0006046,5.13,2.0,2,1581,4.762949431897793,4.950686405167281
2176,OADMET-0002154,3.47,3.0,3,1582,3.407774772448046,3.9836302172442117
2177,OADMET-0003328,5.13,2.0,2,1583,4.69410665642098,5.255000302806553
2178,OADMET-0005863,4.69,2.0,2,1584,3.980816499142111,4.6154368909715
2179,OADMET-0003542,5.69,2.0,2,1585,5.176062597225489,4.459035686302579
2180,OADMET-0001903,5.16,4.0,4,1586,4.35328808160813,3.6336895384299877
2181,OADMET-0005823,5.63,0.0,0,1587,4.8306454690737155,5.379055811503772
2183,OADMET-0002996,3.65,1.0,1,1588,3.2179795167322136,4.1832700225342885
2184,OADMET-0004894,4.73,0.0,0,1589,4.833266086846098,4.268679116319672
2185,OADMET-0002875,1.99,3.0,3,1590,4.595775268598886,2.604679271567201
2186,OADMET-0002802,5.55,4.0,4,1591,5.040786910639838,4.933222608102337
2188,OADMET-0002661,5.28,3.0,3,1592,5.456521744765683,5.0968833988897995
2190,OADMET-0003630,5.66,3.0,3,18,3.532387854980174,4.999209447295737
2192,OADMET-0002086,1.85,4.0,4,43,2.4064292344265907,2.392046572248422
2193,OADMET-0001419,3.61,1.0,1,1593,4.048708344412075,4.311886533928698
2195,OADMET-0002050,1.88,4.0,4,43,2.648438114277467,2.481055851356981
2196,OADMET-0005896,4.86,0.0,0,1594,4.9849518540581625,5.064513384449893
2197,OADMET-0001231,3.95,2.0,2,1595,4.790933254201546,4.333794739665448
2198,OADMET-0003466,5.3,2.0,2,1596,4.927032873175228,5.111006448398215
2200,OADMET-0003329,5.67,4.0,4,1597,4.239897619369187,4.789967964665069
2201,OADMET-0001193,2.48,2.0,2,1598,2.689238927950898,3.137655114413288
2203,OADMET-0004747,4.69,3.0,3,1599,4.706994604275882,4.72260476771443
2204,OADMET-0004180,4.85,3.0,3,1600,4.464794011151304,4.755599375038666
2205,OADMET-0003596,3.21,2.0,2,604,3.69824395757663,4.637769799080297
2206,OADMET-0001588,4.34,4.0,4,43,4.372452445883907,3.744031934965324
2207,OADMET-0000938,2.34,0.0,0,1601,3.1866629264175597,2.5390382558904236
2208,OADMET-0002709,5.49,2.0,2,1602,4.917518567562683,5.188660492958231
2211,OADMET-0005301,4.68,2.0,2,1603,5.162325683645452,4.9144453581391465
2212,OADMET-0001387,1.63,1.0,1,1604,4.318559196023475,4.845584021700534
2214,OADMET-0005104,5.26,0.0,0,1605,3.621930655877842,4.631941647971348
2216,OADMET-0005074,5.08,0.0,0,1606,5.2806679462976485,4.8881657492982455
2218,OADMET-0003547,4.75,4.0,4,1607,3.75992628419203,4.317388334183166
2219,OADMET-0002631,5.77,4.0,4,1608,4.790133459937861,4.6753420449100975
2221,OADMET-0002584,5.62,1.0,1,1609,4.8333256952364305,5.209315700617357
2223,OADMET-0004811,4.76,4.0,4,1610,3.440026427206754,4.486066176681396
2224,OADMET-0001566,4.66,2.0,2,1611,4.551126407020427,4.227728724830995
2225,OADMET-0004956,5.42,1.0,1,1612,4.6861157136535105,4.905438638347864
2227,OADMET-0005737,4.67,2.0,2,1613,4.3760856047917,4.732256775708039
2228,OADMET-0002079,2.07,4.0,4,43,2.5692348776085705,2.415524510012776
2229,OADMET-0003067,5.21,3.0,3,1614,4.769745763837049,5.167009316085115
2230,OADMET-0002858,2.82,1.0,1,1615,3.6731058084919335,3.8019009084864117
2231,OADMET-0006049,4.85,4.0,4,1616,4.759970450487906,4.849699101215467
2232,OADMET-0003018,4.65,2.0,2,1617,4.516798958606161,4.726821690021877
2233,OADMET-0001888,4.13,4.0,4,1618,4.585540882289545,4.016133670664962
2234,OADMET-0001783,3.99,0.0,0,1619,4.366765910745318,3.803922132088786
2235,OADMET-0003710,4.4,1.0,1,1620,4.263233805991034,3.972400439227988
2236,OADMET-0002017,4.21,0.0,0,1621,4.355435574585671,4.78752213270981
2237,OADMET-0001563,3.97,0.0,0,1622,4.264781485686986,4.026832943983057
2238,OADMET-0002594,4.175,1.0,1,1623,4.051508000209415,4.750633388087104
2239,OADMET-0005390,3.34,3.0,3,1624,3.804280653155385,4.608531101770688
2240,OADMET-0001872,3.92,4.0,4,43,3.8852842476264344,3.7604020177988633
2241,OADMET-0001498,5.51,4.0,4,1625,5.109456909464201,4.8251696801508395
2242,OADMET-0001406,5.86,4.0,4,1626,4.693347980253405,5.6306360090628935
2243,OADMET-0001995,4.32,1.0,1,1627,5.297797869617022,4.171827445190069
2245,OADMET-0001539,3.34,2.0,2,1628,3.8001599727747983,3.775694301785537
2246,OADMET-0004349,4.1,4.0,4,1629,4.292240714588233,4.696931502525687
2247,OADMET-0006052,4.6,2.0,2,1630,4.4034070705805215,4.8416711339812
2248,OADMET-0005043,4.94,3.0,3,1631,4.25889733641197,4.624531870295108
2249,OADMET-0005248,4.53,4.0,4,1632,4.128710884326912,5.0526105200038245
2250,OADMET-0001805,4.64,2.0,2,1633,4.961573037854592,4.903325419196718
2251,OADMET-0002108,2.515,0.0,0,1634,2.7825178975720752,2.088948494238805
2252,OADMET-0001531,3.29,3.0,3,1635,3.5267962323578343,3.5495247003234227
2254,OADMET-0003803,3.27,2.0,2,1636,3.3054866583990004,5.3295564444345
2255,OADMET-0005388,6.06,0.0,0,1637,4.708464154406415,4.393409906415437
2256,OADMET-0002130,2.81,4.0,4,43,3.2264246254351696,3.455509682540336
2257,OADMET-0004090,3.75,2.0,2,1638,4.067688806787841,4.353008422033798
2258,OADMET-0005918,4.77,4.0,4,1639,4.726134312047639,4.180253078636969
2259,OADMET-0004764,4.95,2.0,2,1640,4.490787702681812,5.095133996776473
2260,OADMET-0002666,6.325,4.0,4,1641,4.9288076446845555,4.925640158606773
2261,OADMET-0004746,5.04,4.0,4,1642,4.071518701531195,4.573809522731847
2262,OADMET-0004912,5.47,3.0,3,1643,4.90219731678062,5.038407505911066
2263,OADMET-0005723,4.17,0.0,0,1644,4.613072641329756,4.288147022402948
2265,OADMET-0001526,3.53,3.0,3,1645,4.300543716228519,4.754950162118829
2266,OADMET-0002927,5.1,1.0,1,1646,5.334036129238428,4.97390965545858
2267,OADMET-0005977,5.36,0.0,0,1647,5.117003857002227,4.835159323246081
2268,OADMET-0002742,1.82,2.0,2,1648,4.194163102434714,4.4466643515954525
2269,OADMET-0002092,1.98,3.0,3,756,2.867865280986325,2.3524239300160943
2270,OADMET-0005097,4.73,2.0,2,1649,3.952940702757411,4.734571723174304
2271,OADMET-0003190,5.66,2.0,2,1583,4.489669751909805,5.0429627044767384
2272,OADMET-0005084,4.58,0.0,0,1650,4.529442521332355,4.705856489146519
2273,OADMET-0005722,4.2,1.0,1,1651,4.774820090308087,4.8352811363280335
2276,OADMET-0001999,3.82,1.0,1,1652,4.7016946708428655,4.328109359547263
2279,OADMET-0002187,2.06,0.0,0,1653,3.4505607637827396,3.1346110188683936
2280,OADMET-0003277,5.85,2.0,2,1654,4.942141888783694,5.297240341790064
2281,OADMET-0001760,3.47,4.0,4,1655,4.164934241415059,3.3137554463058096
2282,OADMET-0005705,4.52,0.0,0,1656,4.551142210007414,4.963279422754367
2283,OADMET-0005147,4.62,3.0,3,853,4.229375076483339,4.284213966851992
2284,OADMET-0002562,4.94,4.0,4,1657,4.7024279425347855,4.908401902771515
2285,OADMET-0003493,5.42,4.0,4,1658,3.4106655747105825,4.546941769255238
2286,OADMET-0002886,1.77,1.0,1,1659,3.369955556324908,4.23150110971101
2287,OADMET-0003588,5.18,2.0,2,1660,4.844986954837605,4.9987169007891685
2289,OADMET-0005992,4.56,1.0,1,1661,4.69911488214369,4.565989636594624
2290,OADMET-0001251,4.47,3.0,3,1662,3.8079073443486493,4.997976140133941
2291,OADMET-0002892,5.42,1.0,1,1663,4.395368918929104,5.249044672781237
2294,OADMET-0005627,4.68,0.0,0,1664,4.279368048083528,4.954262448931019
2297,OADMET-0003550,5.25,0.0,0,1665,5.627263862503475,5.369143450161802
2298,OADMET-0002156,2.36,4.0,4,43,2.01583104577546,2.4845484191849985
2299,OADMET-0004804,4.67,4.0,4,1666,4.710026992183813,4.788781935645779
2300,OADMET-0003636,4.3,1.0,1,1667,4.96715535925295,4.774630824246327
2302,OADMET-0005353,4.26,3.0,3,1668,5.078929500771621,5.071612772679572
2303,OADMET-0005331,4.46,0.0,0,1669,3.8132274461089772,3.8338696986217338
2304,OADMET-0003407,5.48,3.0,3,1670,5.660684220531556,5.36091711836251
2305,OADMET-0001577,3.83,1.0,1,634,3.987177655634194,2.9493110857502356
2306,OADMET-0005921,4.6,1.0,1,1671,4.635189833621989,4.895364651026553
2309,OADMET-0001757,3.25,3.0,3,1672,3.891188422890247,3.314678866085278
2310,OADMET-0003233,5.58,2.0,2,1673,4.943828003392637,5.302388292269269
2311,OADMET-0001671,3.66,3.0,3,1674,3.9751517736733595,3.302839928821767
2312,OADMET-0005325,5.14,3.0,3,1675,4.456882895567961,4.916430471220224
2313,OADMET-0002142,2.15,4.0,4,43,2.880370557415847,2.851997136193576
2314,OADMET-0003464,5.16,2.0,2,1676,4.711375062270095,4.958870255951931
2315,OADMET-0001292,3.68,0.0,0,1677,4.699703137620345,4.918805069045467
2316,OADMET-0003194,5.35,2.0,2,1678,4.573818814836057,5.117112632343763
2317,OADMET-0003209,4.95,0.0,0,1679,4.466977057874512,4.728831234114818
2318,OADMET-0001101,4.26,1.0,1,1680,4.310779280831391,4.465902994694479
2320,OADMET-0003455,5.47,4.0,4,1681,5.638644690764488,5.286474459268618
2321,OADMET-0001077,3.91,4.0,4,1682,4.879911455609662,4.397872047704264
2322,OADMET-0005133,5.03,1.0,1,409,4.714392718668277,4.9126907053536595
2323,OADMET-0005836,4.83,1.0,1,1683,5.173008205438363,4.946996980881429
2324,OADMET-0003969,5.04,2.0,2,1684,4.951692181888351,4.719075099257394
2325,OADMET-0005780,4.03,2.0,2,1685,4.0364750757534535,4.7387300417109595
2326,OADMET-0001371,5.14,2.0,2,1686,5.13739021396823,5.338271460909276
2327,OADMET-0003041,5.36,0.0,0,1687,5.0547642710365785,5.341009510665613
2328,OADMET-0001584,5.28,2.0,2,1688,4.982291240668787,4.770423862275096
2330,OADMET-0001762,4.26,0.0,0,788,4.1468689484969,4.130861005783226
2332,OADMET-0006020,5.07,2.0,2,1689,4.967244315143461,4.901317173464018
2333,OADMET-0003265,5.15,3.0,3,1690,4.734266833980859,5.0851112821798266
2334,OADMET-0001409,4.1,2.0,2,1691,4.341350348636418,5.076692220286734
2335,OADMET-0002074,1.82,4.0,4,43,2.902813030443099,2.329468174264469
2336,OADMET-0005964,5.22,1.0,1,1692,3.4363427821596653,4.593042549879348
2337,OADMET-0005990,4.84,1.0,1,1693,4.67329186902052,4.598867669059835
2339,OADMET-0003372,5.37,4.0,4,1694,5.155680926236436,5.595068731986739
2341,OADMET-0003614,4.56,4.0,4,43,3.869736828918265,3.670206818209844
2342,OADMET-0001041,3.76,1.0,1,1695,3.1512848353180978,2.2080285831957216
2343,OADMET-0005067,4.73,3.0,3,1696,5.08758590858484,4.601929162371887
2346,OADMET-0003142,5.66,2.0,2,1697,4.534103227444855,4.248851796361109
2347,OADMET-0005576,4.12,2.0,2,1698,3.463888127411691,4.574631125407482
2348,OADMET-0001467,3.87,1.0,1,1699,4.334811932868125,4.213521784915109
2351,OADMET-0002124,3.59,4.0,4,43,3.4809408344469492,4.566603104596908
2353,OADMET-0004080,4.66,3.0,3,1700,3.7716234625532126,4.431021256746138
2354,OADMET-0006060,4.87,0.0,0,390,4.419020254616769,4.804194850724148
2355,OADMET-0005914,3.92,1.0,1,1701,5.159003792578224,4.705233956533454
2357,OADMET-0003576,5.18,2.0,2,1702,4.456692456307687,5.365125806251133
2358,OADMET-0003533,5.58,1.0,1,1703,5.116796642906324,4.99914211995199
2360,OADMET-0004238,4.6,2.0,2,1704,4.9665230162124185,4.709741447787463
2361,OADMET-0006002,4.61,0.0,0,1705,4.759292075816288,4.486620416420232
2362,OADMET-0003575,4.18,2.0,2,1706,4.491898185162979,4.926202697210061
2363,OADMET-0001070,3.61,0.0,0,1707,5.203170142691062,4.600344821725224
2364,OADMET-0002049,2.86,2.0,2,1708,1.6419736427475855,2.2391436428031826
2365,OADMET-0004993,4.65,3.0,3,1709,4.945401146769274,4.9153687421779155
2366,OADMET-0001926,5.23,3.0,3,426,4.298999232248245,5.093253906163891
2369,OADMET-0003245,5.31,4.0,4,1710,5.171028992239722,5.367363947694045
2370,OADMET-0005166,5.37,0.0,0,1711,4.3388431727846015,4.857955809393265
2371,OADMET-0002797,5.84,0.0,0,1712,4.911052840178575,5.276569588874605
2372,OADMET-0004753,5.06,1.0,1,1713,4.361276290390321,5.04304624542009
2373,OADMET-0005196,5.07,0.0,0,1714,5.030030193544949,5.164452145918568
2375,OADMET-0005217,4.47,0.0,0,1715,4.63134332655737,4.880359570586119
2377,OADMET-0001931,1.97,1.0,1,1652,4.146310040574836,4.575623967825315
2378,OADMET-0005105,5.15,2.0,2,1716,5.47612974161037,5.20999023015172
2379,OADMET-0005265,5.0,0.0,0,1717,4.86461279393115,4.778222786591537
2380,OADMET-0002625,5.3,0.0,0,1718,5.243053737164473,5.115873985520575
2381,OADMET-0001194,3.32,3.0,3,1719,3.6734310019124674,4.258253965653142
2382,OADMET-0001472,3.57,3.0,3,1720,3.5102060252533955,4.475194228882568
2383,OADMET-0005038,4.86,1.0,1,1721,3.3055007635722142,3.6806293339788048
2384,OADMET-0003742,2.13,2.0,2,477,4.161931183374936,4.0734616780676065
2386,OADMET-0004394,4.1,0.0,0,1722,4.305142522014626,4.260617564404516
2388,OADMET-0001456,3.16,2.0,2,1723,3.203088032775023,3.5636814435171793
2389,OADMET-0005996,4.85,4.0,4,1724,5.011162438508899,4.552653758834803
2390,OADMET-0005799,3.56,4.0,4,1725,3.36807382342932,4.453516583601897
2393,OADMET-0005942,4.41,1.0,1,1726,4.478887509535171,4.376673071468639
2394,OADMET-0001214,4.57,3.0,3,1727,5.575571904147061,4.170574598436783
2395,OADMET-0004740,4.81,3.0,3,1728,4.715195005757979,3.915752200898018
2396,OADMET-0005645,4.65,3.0,3,1729,4.414708603996806,4.957328925347615
2397,OADMET-0005168,4.95,4.0,4,1730,5.077891089946016,4.821783660394545
2398,OADMET-0005249,4.7,3.0,3,1731,4.272459195355883,4.721218914569947
2399,OADMET-0003816,4.83,3.0,3,1732,4.8234992311177125,4.6635054973899965
2400,OADMET-0002733,5.76,3.0,3,1733,5.564457939519585,5.341241576447113
2401,OADMET-0004890,4.66,4.0,4,1734,4.417255479323346,4.938899013081395
2402,OADMET-0004739,4.77,1.0,1,1735,4.0894736896856845,4.574353037107982
2403,OADMET-0005941,5.07,3.0,3,1736,4.4697994539567585,4.6442985362909806
2404,OADMET-0003238,5.19,1.0,1,1737,5.4039908390598645,5.5822228527994415
2406,OADMET-0005015,4.8,0.0,0,1738,4.325089507638071,4.8770775095246925
2407,OADMET-0003577,4.42,2.0,2,1739,4.096925069453747,4.426736680746241
2408,OADMET-0001238,3.33,0.0,0,1740,3.2971561260333155,3.431908717425638
2409,OADMET-0005825,4.41,2.0,2,1741,4.300864915860629,4.8047533164935565
2410,OADMET-0002076,2.9,3.0,3,122,1.6203525764119324,2.545372081636727
2411,OADMET-0005965,5.07,2.0,2,1742,3.7054563321778886,4.478685997278481
2412,OADMET-0005907,4.83,0.0,0,1743,4.985464665838075,5.229206904208956
2413,OADMET-0002161,2.57,4.0,4,43,1.8279601566364567,2.0387667200406914
2416,OADMET-0002205,2.33,4.0,4,43,2.5879797549657724,2.3941859699725416
2417,OADMET-0002067,2.6,4.0,4,1744,-9.457164503589436,2.2287962361297122
2418,OADMET-0003230,5.29,0.0,0,1745,4.997192304476739,4.92464721614648
2419,OADMET-0004998,5.08,1.0,1,1746,4.709860896249587,4.985636648681491
2420,OADMET-0005003,4.81,0.0,0,1747,4.840234720049376,4.950740285558869
2422,OADMET-0001220,3.16,2.0,2,1202,3.429493068781314,3.351589577559059
2423,OADMET-0003369,1.96,1.0,1,1748,4.110413573767772,3.7551743216013707
2424,OADMET-0001777,4.13,1.0,1,1749,4.370959381386549,4.35911661212956
2426,OADMET-0003787,4.06,3.0,3,704,4.813662202872787,4.825475518814383
2427,OADMET-0005049,4.21,2.0,2,1750,4.437006969205038,4.630311375377718
2428,OADMET-0005554,4.58,0.0,0,1751,4.635705215424655,4.676596336094537
2429,OADMET-0001117,3.42,2.0,2,1752,3.695174270683156,3.5516988514488568
2430,OADMET-0003317,2.65,0.0,0,1753,3.3882165155395594,3.361639961028498
2431,OADMET-0004881,4.42,2.0,2,1754,4.529584973071319,4.816445321388868
2432,OADMET-0005850,4.07,4.0,4,1755,5.0244417185379255,4.920810363339588
2434,OADMET-0005509,5.68,1.0,1,1756,4.986322934518226,5.464652826471037
2435,OADMET-0003942,5.44,3.0,3,1757,4.157080017583745,4.332360057083925
2436,OADMET-0002653,5.44,3.0,3,1758,4.7137809592520465,4.974314097696881
2437,OADMET-0001647,3.33,0.0,0,1759,3.5598903717833794,2.6630384038343333
2438,OADMET-0002640,5.12,1.0,1,1760,4.248560309130255,5.097420563318165
2439,OADMET-0005568,4.35,2.0,2,1761,3.8239445242647117,3.8898405408262944
2440,OADMET-0005592,4.65,4.0,4,1762,3.7476026906780047,4.184144058026559
2441,OADMET-0005512,5.01,0.0,0,1763,4.864021827844643,4.574558393534215
2442,OADMET-0002578,4.65,4.0,4,1764,4.9760665770105055,4.314974151390605
2443,OADMET-0005794,4.71,2.0,2,137,4.64756472183893,5.076673517930846
2445,OADMET-0004815,4.8,3.0,3,1765,4.9618760786186,4.8070347773628255
2447,OADMET-0004777,4.93,3.0,3,1766,4.577077823929444,5.123614762532488
2448,OADMET-0006087,5.12,1.0,1,1767,4.600806988135106,5.009361037967742
2449,OADMET-0002619,5.91,4.0,4,1768,5.0622641961195995,4.946075333382616
2450,OADMET-0004790,5.31,3.0,3,1769,4.936971925856154,4.2291469076234405
2452,OADMET-0001492,4.19,4.0,4,1770,4.899883874620419,4.35253384773892
2453,OADMET-0004921,4.72,4.0,4,1771,4.5716837527682905,4.73747346550041
2454,OADMET-0004865,5.37,1.0,1,1772,4.699279863046623,5.053291284576817
2455,OADMET-0004490,5.01,1.0,1,1773,4.910364250823964,4.47033704053823
2456,OADMET-0001496,1.85,2.0,2,1774,3.1669280757162905,2.5291292822450626
2457,OADMET-0003284,4.89,2.0,2,1775,4.8609733663972765,5.231997789552066
2458,OADMET-0005406,4.69,0.0,0,1776,4.646426267509188,4.558310490687114
2460,OADMET-0002308,2.32,2.0,2,656,2.553651682513928,2.3946674676116113
2461,OADMET-0003287,5.27,1.0,1,1703,5.3265908639526085,5.16715044057106
2462,OADMET-0003545,4.6,4.0,4,1777,3.6683132265350507,5.038807794823575
2463,OADMET-0001433,2.36,2.0,2,1778,3.240799714335693,2.875510828693478
2464,OADMET-0001968,4.48,0.0,0,1779,4.17201092852023,4.185336221298234
2465,OADMET-0005769,4.78,0.0,0,1780,4.336077978313608,4.678353206117169
2466,OADMET-0003425,5.59,2.0,2,1781,5.457207790408666,5.0901097541552005
2468,OADMET-0001893,1.94,1.0,1,343,3.548541495428248,4.091284579887443
2469,OADMET-0002195,2.9,3.0,3,1782,1.344063510101746,2.0018806295391856
2471,OADMET-0003536,5.82,0.0,0,1783,5.198015839610635,4.6485484333050975
2472,OADMET-0002542,5.54,3.0,3,1784,5.073864818240984,5.519186125867451
2473,OADMET-0003777,1.89,1.0,1,1785,3.542304697932073,2.08745896762138
2474,OADMET-0001877,4.88,1.0,1,1786,4.746952805810792,4.768822303384825
2475,OADMET-0004176,5.07,2.0,2,1787,3.835412078892614,4.234773969660538
2477,OADMET-0001556,3.58,1.0,1,1788,4.398440967268068,3.510296594646811
2478,OADMET-0001543,4.2,0.0,0,1789,3.7229162942996874,3.690692817191925
2479,OADMET-0003178,4.81,4.0,4,1790,4.774578682490272,5.084666960020674
2480,OADMET-0002329,1.87,4.0,4,43,2.676386523722853,2.621138866594346
2482,OADMET-0002541,6.195,2.0,2,1791,5.470590760216298,5.490060675634326
2485,OADMET-0002302,2.82,4.0,4,1792,0.1720478478531442,2.550864236947013
2486,OADMET-0004767,5.32,2.0,2,1793,5.295526101512702,4.876074359005208
2487,OADMET-0001087,4.88,2.0,2,1794,4.649539831674765,4.887309496135844
2488,OADMET-0003757,3.98,0.0,0,1795,4.692482483595687,4.795256409892398
2489,OADMET-0003325,5.69,1.0,1,1796,5.026191758839386,5.259527691544503
2490,OADMET-0004925,5.2,2.0,2,1797,4.532146192924758,4.887526536714742
2492,OADMET-0002664,5.08,3.0,3,1798,4.314485930883442,5.097433320935231
2493,OADMET-0005395,4.2,2.0,2,1799,4.495568788952173,4.882163243582413
2494,OADMET-0003438,6.0,4.0,4,1800,4.5574369019776135,5.134172089631178
2495,OADMET-0005763,4.21,2.0,2,1801,4.204828321577058,3.9431661918327094
2497,OADMET-0001740,2.82,4.0,4,1802,3.813702592117947,3.729713835420472
2498,OADMET-0002159,1.99,1.0,1,1803,8.380221645358358,2.0543353819159598
2499,OADMET-0003061,4.94,0.0,0,1804,4.637990937457674,4.946040716940607
2500,OADMET-0003022,5.19,3.0,3,1805,5.206137510200695,5.02166512873538
2501,OADMET-0006085,5.28,4.0,4,1806,4.909919000087818,5.153080936586686
2502,OADMET-0005076,4.35,2.0,2,1807,4.4754344774635735,4.580162300436229
2506,OADMET-0001557,4.81,0.0,0,1808,4.75145750589091,4.889106323577877
2508,OADMET-0002980,3.17,3.0,3,1809,4.139722422736919,4.705674948825304
2509,OADMET-0003040,5.04,4.0,4,1810,4.464758445671881,4.615915581613365
2510,OADMET-0001182,2.69,0.0,0,1811,3.320287331072462,3.0634127475491537
2511,OADMET-0005430,4.75,3.0,3,1812,4.706161283677945,4.744830407078506
2514,OADMET-0003750,2.05,3.0,3,1813,2.6405154802645914,2.3274576704866723
2515,OADMET-0005323,5.02,3.0,3,1814,5.095531164613721,4.791903719292017
2516,OADMET-0002151,2.77,3.0,3,216,3.5143586909144133,2.649773463407962
2517,OADMET-0003481,5.38,2.0,2,1815,5.502984512039098,5.224038365907121
2518,OADMET-0005311,4.7,0.0,0,1816,5.0627625877520765,4.8488092047009985
2519,OADMET-0005690,4.7,2.0,2,1817,4.34243503929029,4.665592114541421
2520,OADMET-0002591,5.23,4.0,4,1818,5.306374105322994,4.894277702243975
2521,OADMET-0005242,4.46,4.0,4,1819,4.038799947806501,4.392425496536023
2522,OADMET-0003479,4.92,1.0,1,1820,5.024761765983084,5.248946199612223
2523,OADMET-0001721,3.91,0.0,0,1821,4.436209427113552,3.680368710330127
2524,OADMET-0001002,3.6,3.0,3,1822,3.4537617215369916,3.1964331702239743
2525,OADMET-0003611,4.28,2.0,2,1823,4.356679804893502,3.808726910272197
2528,OADMET-0005151,4.83,3.0,3,1824,4.7456044042224725,5.058662213880604
2529,OADMET-0001168,4.55,3.0,3,1825,4.764515763346794,4.726032814256091
2530,OADMET-0005786,5.05,2.0,2,1826,4.193660986184604,4.896961966833328
2532,OADMET-0003157,3.03,4.0,4,1827,5.249883730675986,5.329129089967966
2533,OADMET-0001346,4.38,4.0,4,1828,5.173890236178433,5.416722434499658
2534,OADMET-0005623,4.87,4.0,4,1829,4.7273040991634545,4.763832260163493
2535,OADMET-0005588,4.45,3.0,3,1830,4.295677937157219,4.210742842462002
2536,OADMET-0001947,3.6,2.0,2,1831,4.115016897172943,4.196889939478682
2537,OADMET-0003804,4.4,4.0,4,43,4.99441149236472,3.773732146992548
2538,OADMET-0003718,3.25,0.0,0,1832,4.734551260251546,3.8576796700493925
2539,OADMET-0003492,5.47,3.0,3,1013,4.856220727347781,4.998496559559229
2541,OADMET-0005599,4.43,2.0,2,1833,5.101452020023889,4.861084080308218
2542,OADMET-0003695,4.48,1.0,1,1834,4.260243359064962,5.272417091731346
2543,OADMET-0001118,3.14,0.0,0,1835,2.877391032779804,3.0588599294407284
2544,OADMET-0002222,2.03,4.0,4,43,3.017263974246236,2.404340706433394
2545,OADMET-0002277,2.26,4.0,4,43,1.094245988168396,2.299519002421425
2548,OADMET-0001967,2.18,4.0,4,43,2.5933308483427835,3.1569821216876237
2550,OADMET-0003009,4.94,2.0,2,1836,4.7391289211686916,4.901084719831079
2551,OADMET-0002961,5.71,2.0,2,1837,5.4623366710018715,5.266331626346377
2552,OADMET-0003469,4.82,1.0,1,9,5.020077783603661,5.111778088908185
2554,OADMET-0002947,3.34,3.0,3,1838,2.8622357433637537,3.3178976097940693
2556,OADMET-0005951,4.8,0.0,0,1839,4.860128046782986,5.028061950396392
2558,OADMET-0002839,1.74,0.0,0,1840,3.7284351617702685,2.0556332990834987
2559,OADMET-0006062,4.81,2.0,2,1841,4.7430481002616,4.962045978293375
2560,OADMET-0004440,4.97,2.0,2,1055,4.817606357219085,5.156272381773997
2562,OADMET-0005998,4.83,2.0,2,1842,4.676546534693306,4.401897521345273
2563,OADMET-0001884,4.2,3.0,3,1843,4.1687005690956065,4.620625961562767
2564,OADMET-0002945,2.68,3.0,3,1844,2.849678964719952,2.9139731744532433
2565,OADMET-0003513,5.66,4.0,4,1845,5.477807263987541,4.954491478128478
2566,OADMET-0001773,5.81,0.0,0,1846,5.181892732327108,4.8517824715948406
2568,OADMET-0005036,4.93,4.0,4,1847,4.6750478656464445,4.950856148452491
2569,OADMET-0005296,4.43,4.0,4,1848,4.56915699522035,5.031429089008025
2570,OADMET-0002251,2.57,4.0,4,43,2.0211889148726234,2.9723546017178513
2572,OADMET-0004981,5.53,3.0,3,1849,4.6943108231517865,4.889823344703454
2573,OADMET-0002033,3.88,2.0,2,415,3.84459942943249,4.17897277730475
2574,OADMET-0005113,4.23,2.0,2,1850,4.277090970814123,4.92311312001866
2575,OADMET-0001643,4.1,1.0,1,924,4.595867198522105,3.849028302771916
2577,OADMET-0002581,5.29,3.0,3,1851,4.783057046095379,5.076035413030283
2578,OADMET-0005487,4.78,2.0,2,1852,3.7465721554769624,4.685760031686274
2579,OADMET-0005339,4.44,0.0,0,1853,4.670233078429642,4.954908070020522
2580,OADMET-0004690,4.79,3.0,3,1854,4.9228826557364025,4.713263873629264
2582,OADMET-0002552,5.52,0.0,0,1855,5.24728565502644,5.43606143765484
2583,OADMET-0003561,2.11,4.0,4,1856,3.864921094632614,3.0901005898347695
2586,OADMET-0005302,4.96,3.0,3,1857,4.968200152184801,4.88986557817629
2587,OADMET-0006065,5.2,2.0,2,1858,4.787500478030267,5.128550275520348
2588,OADMET-0005140,4.87,4.0,4,1859,5.308884114855825,4.943943817478724
2589,OADMET-0001753,4.63,3.0,3,1860,4.259359138893563,3.823818092728212
2590,OADMET-0001230,4.19,3.0,3,1861,3.500835391223487,3.203789140715392
2591,OADMET-0002197,1.95,0.0,0,1862,2.2678458532187484,1.7291764045885865
2593,OADMET-0001486,5.08,1.0,1,1863,3.959054053894756,4.850693311389403
2594,OADMET-0003181,5.64,3.0,3,1864,5.539172604456366,5.4966815486057925
2595,OADMET-0000953,2.73,1.0,1,1865,3.324748567584323,2.888751633718117
2596,OADMET-0004452,4.89,3.0,3,1866,4.819051066048488,4.947789475464592
2599,OADMET-0002983,4.95,0.0,0,1867,4.9378365058193205,4.989496922038912
2600,OADMET-0004510,4.78,2.0,2,1868,5.067930656859503,4.572941041327779
2601,OADMET-0001554,2.02,1.0,1,1869,4.07932618998139,2.8957580133220877
2602,OADMET-0003234,5.43,0.0,0,908,5.418849218372102,5.4754276015215035
2604,OADMET-0005437,5.16,1.0,1,1870,4.348718545097459,4.638183931371823
2605,OADMET-0005335,4.35,2.0,2,1871,4.995893548926536,4.7965943386544625
2606,OADMET-0001260,3.37,2.0,2,1872,3.463677222414508,3.43112834384806
2607,OADMET-0005439,4.46,1.0,1,1873,4.632709255145345,4.503401282843172
2609,OADMET-0002255,2.17,1.0,1,690,4.385817387950726,3.3421961175154733
2610,OADMET-0005844,4.25,3.0,3,1874,3.8771331888051517,4.879646655465939
2611,OADMET-0000992,3.26,4.0,4,1875,2.5572383924482955,3.603435851667958
2612,OADMET-0003322,6.23,0.0,0,1876,5.0370087929317835,5.243897053370911
2613,OADMET-0001938,2.19,0.0,0,236,4.729584594416038,4.032365926591364
2614,OADMET-0005031,4.53,2.0,2,1877,4.725774001863289,4.6973490999148835
2616,OADMET-0003767,2.03,0.0,0,1878,3.8400314480693964,4.611882847118599
2617,OADMET-0001825,1.62,2.0,2,1879,3.4148445952039763,3.540291421947838
2620,OADMET-0005061,5.39,4.0,4,1880,5.184591244719027,5.341208730026443
2622,OADMET-0003823,5.02,4.0,4,1881,4.680155645362721,4.870987821796801
2623,OADMET-0001803,4.17,2.0,2,1882,4.459702188751577,4.220687084731044
2625,OADMET-0001798,5.25,3.0,3,1883,4.394303582604829,4.071486006511543
2626,OADMET-0003574,2.36,3.0,3,695,3.225889519421809,3.542963179376307
2628,OADMET-0001919,1.88,1.0,1,343,3.0938979289195263,3.3614665663488053
2629,OADMET-0001786,4.06,1.0,1,1884,4.292137076508207,3.395072006130698
2630,OADMET-0001573,2.61,1.0,1,1885,3.513950004222143,3.2417934611039043
2631,OADMET-0005674,5.2,2.0,2,1886,4.798775025790806,4.829663395642182
2632,OADMET-0004896,4.77,0.0,0,1887,4.567980572267996,4.966383155691778
2634,OADMET-0002273,2.48,4.0,4,43,1.4419920949340188,2.49952909758425
2636,OADMET-0003367,5.56,4.0,4,1888,5.148332740843313,5.357501320948512
2637,OADMET-0002646,4.78,0.0,0,1889,4.825824683427976,4.66571617592508
2639,OADMET-0003217,4.220000000000001,0.0,0,1890,4.250772624695372,3.9421570260671746
2640,OADMET-0003624,1.9,4.0,4,1891,2.097372307403358,2.3488358488495926
2641,OADMET-0002686,5.44,1.0,1,1892,4.528073396288084,4.8899406778928975
2643,OADMET-0001131,3.75,1.0,1,1893,4.429163997930258,3.6463499714942635
2644,OADMET-0002688,4.65,0.0,0,908,5.328773525911114,4.967508472854503
2645,OADMET-0001658,2.2,1.0,1,1894,3.237168908773817,2.6565890856066936
2646,OADMET-0005303,4.98,0.0,0,1895,3.641301700371503,4.720313398070335
2647,OADMET-0001657,1.66,2.0,2,1896,4.3142832018489266,3.1162233618004618
2650,OADMET-0005900,4.45,1.0,1,1897,4.063877156577546,3.49676808366138
2651,OADMET-0001296,2.71,0.0,0,1898,3.3447432948003173,3.7290504440776613
2652,OADMET-0003280,5.32,0.0,0,1899,4.498404018419265,4.962578510601768
2653,OADMET-0003758,5.11,1.0,1,353,5.038125843713995,4.742864402519075
2654,OADMET-0003212,5.98,0.0,0,1900,5.228700440711086,5.196656423494102
2656,OADMET-0003400,5.38,2.0,2,1901,4.573316451448132,4.940138687574391
2657,OADMET-0005847,5.21,0.0,0,1902,4.189803774847898,4.065326595208011
2658,OADMET-0003121,5.43,2.0,2,1903,5.01711688702273,5.043582364877937
2659,OADMET-0005274,4.26,0.0,0,1904,4.5502783865783085,4.669492836455854
2660,OADMET-0001301,4.68,2.0,2,1905,4.651990436373964,4.907453511063564
2662,OADMET-0002821,5.52,0.0,0,1906,5.146354052696155,5.458947921699928
2663,OADMET-0003659,2.89,4.0,4,43,3.1720458712258544,3.5230019970449797
2664,OADMET-0003028,5.22,4.0,4,1907,4.410098731867632,4.911581747146091
2666,OADMET-0004932,5.49,1.0,1,1908,4.648096105125029,4.753001787868807
2667,OADMET-0003308,5.0,3.0,3,1909,4.4221656122569275,5.15778308795467
2668,OADMET-0002694,1.91,4.0,4,1910,4.497212718670683,4.16203872595574
2669,OADMET-0001234,4.11,2.0,2,1399,3.964383766855486,2.929134980963542
2670,OADMET-0003078,5.28,1.0,1,1911,4.738451331131184,4.680398460739637
2671,OADMET-0005096,5.23,4.0,4,1912,5.2787206448109405,5.043266100746477
2672,OADMET-0004822,3.92,1.0,1,1913,4.348272268913922,3.7485784870045884
2674,OADMET-0001736,3.05,0.0,0,1914,3.9254464425708315,3.466073374653965
2675,OADMET-0005460,5.15,1.0,1,612,4.7135246280847705,4.577667268012406
2677,OADMET-0001317,3.25,1.0,1,1915,2.901408767495571,3.543598893411296
2679,OADMET-0002774,5.07,0.0,0,1916,5.099240460966359,5.095871162257277
2680,OADMET-0002249,3.05,3.0,3,426,3.556691822004537,3.0213121161102334
2681,OADMET-0001011,3.14,1.0,1,1917,2.8012191534374087,3.093848414590936
2682,OADMET-0005234,4.87,1.0,1,1918,4.707599699576614,4.8382560212336845
2684,OADMET-0001788,4.67,1.0,1,1919,4.5231691893588115,3.593705697366581
2685,OADMET-0004297,5.04,4.0,4,1920,4.146664827659407,4.26920303594362
2686,OADMET-0005803,5.15,4.0,4,1921,4.541896418393592,4.928402775923127
2687,OADMET-0006009,4.11,2.0,2,1922,4.539095696758809,4.756848226011914
2688,OADMET-0003473,5.98,3.0,3,1923,4.623920742000562,4.812480699711616
2689,OADMET-0002753,6.15,3.0,3,1924,4.784536692961777,3.541976893609467
2690,OADMET-0002022,3.85,4.0,4,43,4.0071044394554205,4.255780900124421
2691,OADMET-0001447,4.65,1.0,1,1925,4.083870076930476,4.694759133141211
2692,OADMET-0003672,1.95,3.0,3,1926,2.169794716774872,2.653304397548222
2695,OADMET-0005920,5.41,4.0,4,1927,4.534383153875009,4.799938050001861
2697,OADMET-0005482,4.99,1.0,1,1928,3.9467362677241002,4.700311989027656
2698,OADMET-0001347,4.64,1.0,1,1929,4.328681211085772,3.670736164095707
2700,OADMET-0005142,4.49,2.0,2,1930,3.633624586003312,4.3498035330410705
2701,OADMET-0001307,3.03,3.0,3,1931,3.2003093802493785,3.4376523559572263
2702,OADMET-0004812,4.72,1.0,1,1932,4.2384130834255735,4.645706551900216
2704,OADMET-0005463,5.34,4.0,4,1933,4.788643841196351,4.6029530885168555
2706,OADMET-0005888,4.98,1.0,1,1934,5.169224111797815,5.18858673195978
2708,OADMET-0002844,5.88,0.0,0,1935,4.064036291161175,5.423651028690594
2710,OADMET-0005051,4.84,1.0,1,1936,4.538356296431711,5.1753306910985675
2711,OADMET-0002598,5.4,1.0,1,1937,4.3398026147133315,4.791254427421219
2712,OADMET-0006042,5.24,2.0,2,1938,5.087348039163157,5.485982296565051
2714,OADMET-0001418,4.24,2.0,2,1939,4.1955268401873385,4.239737014774316
2715,OADMET-0005336,4.75,3.0,3,1940,4.917396623426771,4.9439497047536864
2717,OADMET-0002104,2.81,2.0,2,477,2.1069970450559614,2.8440327365788893
2718,OADMET-0001257,3.77,0.0,0,1941,3.528182720248379,3.2375878240691724
2719,OADMET-0003405,2.42,4.0,4,1942,4.125611695712889,3.2142283703926324
2720,OADMET-0002279,1.97,2.0,2,1943,2.5112079097295608,2.7560362524367816
2721,OADMET-0006067,4.74,0.0,0,1944,4.369185534212234,3.928214222234448
2722,OADMET-0004957,4.95,3.0,3,1945,4.707204870708265,4.50441673866862
2723,OADMET-0004962,4.27,0.0,0,1946,4.865301833004566,5.053329324742338
2725,OADMET-0005488,5.04,1.0,1,1947,4.751631809431961,4.502615029176141
2726,OADMET-0005092,4.73,0.0,0,1948,4.566414107088074,4.754125995615268
2727,OADMET-0002762,5.6,1.0,1,1949,5.391508528774507,5.662881445325717
2728,OADMET-0005928,4.44,1.0,1,1950,3.896399972803442,4.488313479759203
2729,OADMET-0000960,3.63,1.0,1,1951,3.8337087090156694,3.8685314126624384
2730,OADMET-0001478,5.04,2.0,2,1952,5.136642016054076,4.962498202590491
2731,OADMET-0001819,3.8,4.0,4,1953,3.310802196175169,2.7732771548162636
2732,OADMET-0004707,4.93,1.0,1,1954,5.021882883717083,5.415778920430867
2734,OADMET-0001434,2.86,4.0,4,1955,3.3273265178682108,4.4686808656700805
2736,OADMET-0002921,5.79,2.0,2,1956,4.646345016560898,4.942460585301162
2737,OADMET-0004773,4.76,3.0,3,1957,4.64344394214828,4.392368513788148
2739,OADMET-0005797,4.85,1.0,1,1958,4.983674495613229,4.754824901609005
2740,OADMET-0005669,4.68,3.0,3,1959,4.528526376170333,4.758747076565003
2741,OADMET-0003296,5.77,1.0,1,1960,5.696382102233325,5.3665110135790135
2743,OADMET-0001637,3.62,3.0,3,1961,3.628585472620606,3.905637544105143
2745,OADMET-0005618,4.96,0.0,0,1962,5.018799334894132,5.034393017975419
2746,OADMET-0003222,5.1,3.0,3,1963,4.347525454057511,4.960315647559032
2747,OADMET-0005662,4.28,0.0,0,1964,4.6906012771322745,4.746933189441579
2748,OADMET-0004714,4.41,0.0,0,1965,4.748353094081957,4.812016899084789
2750,OADMET-0001379,4.88,1.0,1,1966,4.887557506521214,4.230876557062568
2752,OADMET-0005699,4.95,4.0,4,1967,3.724518117044486,5.131814649255997
2753,OADMET-0005295,5.27,3.0,3,1968,4.871652702592473,4.7015548409050965
2754,OADMET-0005214,5.12,1.0,1,1969,5.0897756551950035,5.156653351987773
2755,OADMET-0001345,3.28,1.0,1,1970,2.9220636368874144,3.111523986293898
2757,OADMET-0003057,2.1,2.0,2,1971,4.481316320891175,3.4657634965480053
2758,OADMET-0001154,2.74,4.0,4,1972,3.3922654902517744,2.78718810795086
2759,OADMET-0002558,4.57,4.0,4,1973,4.952483767583975,5.054005910966572
2762,OADMET-0004689,4.22,3.0,3,1974,5.1168338241332245,4.805735557003098
2763,OADMET-0000984,3.92,2.0,2,1975,3.3957062192308727,4.003656910343798
2764,OADMET-0001137,2.75,1.0,1,1976,3.5862727140426043,2.6790408749011854
2765,OADMET-0004566,4.71,2.0,2,1977,4.613241085382096,5.175313359742911
2766,OADMET-0005050,5.22,1.0,1,1978,4.662750175866279,5.096926362432516
2767,OADMET-0005533,4.21,1.0,1,1979,4.086512977036015,4.488053847767852
2768,OADMET-0002560,5.4,4.0,4,1980,5.2212902050424645,4.813572153116382
2769,OADMET-0005877,4.44,1.0,1,1981,3.709766370316635,4.40011139115111
2770,OADMET-0002950,5.800000000000001,0.0,0,1982,4.938908934547614,5.0803714230516555
2772,OADMET-0001457,2.9,3.0,3,1983,4.081370038305043,3.4529576473540673
2773,OADMET-0005721,5.02,2.0,2,1984,5.155706841127198,5.153753329039064
2774,OADMET-0002630,4.705,2.0,2,1985,4.9337952561778415,4.561004636974484
2775,OADMET-0002131,3.1,0.0,0,1986,2.4497504052323826,2.617876458680763
2776,OADMET-0001243,3.03,1.0,1,1987,4.059540628126243,3.4608351959184387
2777,OADMET-0001645,4.45,3.0,3,1988,3.9716223993983717,4.549013979082488
2778,OADMET-0003199,5.78,2.0,2,1989,4.486987852951498,5.215170885978541
2779,OADMET-0001426,4.87,4.0,4,1990,4.216538504268197,4.379400668612787
2780,OADMET-0005165,5.25,1.0,1,1991,5.099886032236981,4.67101354496191
2781,OADMET-0002812,5.0,1.0,1,343,5.294026048795575,4.916708955069675
2782,OADMET-0003211,5.6,3.0,3,1992,5.334488964865031,5.061230985721332
2783,OADMET-0002224,3.24,4.0,4,43,2.259695230538778,3.466306113310999
2785,OADMET-0001641,3.27,4.0,4,1993,4.369965483861332,3.7370368389626334
2787,OADMET-0001380,2.42,0.0,0,1994,4.574525177753968,3.27327735697995
2788,OADMET-0005730,4.59,2.0,2,1995,4.812115383627549,4.3221285870737205
2789,OADMET-0002118,1.77,3.0,3,122,2.258410360059044,2.66154407131026
2790,OADMET-0005696,4.22,1.0,1,1996,4.571161562717497,4.840115490376656
2792,OADMET-0003595,2.51,1.0,1,252,3.8199371408561054,3.72190627760887
2797,OADMET-0001806,1.68,1.0,1,1997,3.445172055411045,2.621512624366049
2798,OADMET-0002777,5.03,0.0,0,1998,4.707497504551445,5.025074296737898
2799,OADMET-0000947,2.15,0.0,0,1999,3.4260082066572126,3.4482461601063235
2800,OADMET-0001601,3.52,0.0,0,2000,4.4946389828362125,3.8089996284436114
2801,OADMET-0002085,2.71,4.0,4,43,2.6538886607812815,2.290673421267708
2802,OADMET-0004053,4.86,3.0,3,2001,4.865493483833441,4.664315577516514
2803,OADMET-0001423,1.88,0.0,0,2002,3.569924273182508,3.207154429673846
2804,OADMET-0003496,5.77,0.0,0,2003,5.627770826247672,4.849000873058956
2805,OADMET-0001018,3.34,1.0,1,2004,3.275411765148126,2.8587884315270053
2806,OADMET-0005982,4.42,0.0,0,2005,4.990743836439399,4.942899177562467
2808,OADMET-0001520,4.55,3.0,3,2006,4.397539048272809,4.62533454228424
2809,OADMET-0002938,4.6,3.0,3,2007,4.732102191152583,4.989130924097984
2810,OADMET-0001336,4.96,2.0,2,2008,5.3420205877427325,4.627621064900094
2811,OADMET-0005883,4.56,1.0,1,2009,4.102039081496034,4.061748815997334
2812,OADMET-0002868,5.44,1.0,1,2010,3.969542106016876,4.702918470251617
2813,OADMET-0005116,5.3,2.0,2,2011,4.600012470894288,4.859881481059831
2814,OADMET-0003491,4.98,4.0,4,2012,3.9524561670267127,4.7735428302427225
2816,OADMET-0001098,3.49,2.0,2,2013,3.8995411747561133,4.252356120225255
2817,OADMET-0002965,5.01,0.0,0,2014,5.398611603236356,4.28546411208368
2819,OADMET-0003760,3.26,4.0,4,2015,5.264624013822604,4.6264636794696585
2820,OADMET-0002754,5.6,0.0,0,2016,5.109644634609464,5.219324684230252
2821,OADMET-0001439,5.33,3.0,3,2017,4.426276874738062,4.36914279526114
2822,OADMET-0002607,5.08,0.0,0,2018,3.3983564254062664,3.1588908702219243
2823,OADMET-0001427,4.79,3.0,3,2019,3.7491710920100023,4.199150567341044
2824,OADMET-0002081,3.02,4.0,4,43,1.6662381309894947,2.58901516289605
2826,OADMET-0003723,1.84,4.0,4,2020,3.9307974557510743,3.6753489232904917
2827,OADMET-0001476,4.38,2.0,2,2021,4.903848125069063,4.867704678599945
2828,OADMET-0003053,4.87,0.0,0,2022,4.6421604018071365,4.988088190935111
2829,OADMET-0003480,5.33,3.0,3,2023,4.963724223303297,4.698779530665761
2830,OADMET-0003243,1.91,1.0,1,2024,3.586970872916672,3.8846438740081974
2831,OADMET-0001359,4.38,3.0,3,2025,4.030586324634209,4.392844117917722
2832,OADMET-0002127,3.92,3.0,3,709,3.382910927331548,2.948307975357949
2833,OADMET-0005475,4.85,4.0,4,2026,4.1487286571713184,4.417574107726547
2834,OADMET-0005164,4.84,1.0,1,2027,5.242613954881899,5.242749296425688
2835,OADMET-0005617,4.87,2.0,2,2028,4.338179045475549,4.76561804219694
2836,OADMET-0003406,5.85,4.0,4,2029,5.15141475495392,5.272144602191387
2837,OADMET-0001337,4.99,4.0,4,2030,5.305424193573237,5.043953968548371
2838,OADMET-0001725,2.55,2.0,2,2031,3.888214168402965,3.115235578629491
2839,OADMET-0002702,5.24,4.0,4,2032,4.556779880194159,4.47841780745267
2840,OADMET-0004990,5.51,2.0,2,2033,4.817868647660779,4.993945380615974
2842,OADMET-0000932,2.64,2.0,2,2034,3.236284541376647,2.862784764128235
2843,OADMET-0004642,4.65,3.0,3,2035,4.487357193233804,4.89160179338574
2844,OADMET-0005783,5.22,2.0,2,2036,4.874676408312182,4.673931821719448
2845,OADMET-0005693,4.82,4.0,4,2037,3.977886986079041,4.769954621005857
2846,OADMET-0002091,2.83,3.0,3,1849,3.812062366365704,2.681466571191437
2847,OADMET-0003016,4.75,0.0,0,2038,5.288465186711378,5.2027904391292195
2848,OADMET-0001708,2.43,4.0,4,2039,4.001840060339744,2.8365340147585227
2849,OADMET-0002566,5.61,0.0,0,2040,5.3815109979555675,5.3699668722267315
2851,OADMET-0003828,4.77,4.0,4,2041,4.735563822616573,5.035836308143667
2852,OADMET-0006064,4.61,2.0,2,2042,3.95093336808764,4.523562360688669
2854,OADMET-0004625,4.72,0.0,0,2043,5.119100218502807,4.985512236262968
2855,OADMET-0003569,1.75,2.0,2,1226,4.444642263735421,4.546530704321513
2858,OADMET-0002806,3.26,2.0,2,2044,4.1488467078203835,3.071380388213737
2860,OADMET-0001503,3.52,3.0,3,2045,3.920015273526403,2.77993936848681
2861,OADMET-0004847,4.48,2.0,2,2046,4.733790187625125,4.782242633685561
2862,OADMET-0001150,3.69,2.0,2,2047,4.223969341705026,2.8971502353533225
2863,OADMET-0005090,5.44,0.0,0,2048,4.651378324822344,4.704349103485621
2864,OADMET-0001084,3.46,1.0,1,2049,3.5034895060384517,3.396449963119434
2865,OADMET-0003631,4.89,4.0,4,2050,4.071994015772943,4.799592096703716
2868,OADMET-0001442,3.69,1.0,1,2051,3.9764640748234963,3.7844157706054147
2870,OADMET-0001628,3.48,2.0,2,2052,4.3417030783111175,3.8836659162382228
2871,OADMET-0001596,2.23,4.0,4,2053,3.807603144042085,2.2058292493511735
2872,OADMET-0002751,5.13,0.0,0,2054,5.258085165796872,5.160658237548329
2873,OADMET-0005775,4.78,4.0,4,2055,4.245866299052021,4.223036563667746
2874,OADMET-0004771,4.63,1.0,1,2056,4.038825659223068,4.067563998140837
2875,OADMET-0001024,4.24,2.0,2,2057,4.523874162479202,4.622889101460968
2876,OADMET-0003759,1.76,0.0,0,399,3.0021378918692054,3.6348230162827337
2877,OADMET-0005630,4.63,1.0,1,2058,4.562706393836318,4.3167963183529325
2878,OADMET-0005385,4.57,1.0,1,2059,4.363892195407403,4.525497455506496
2880,OADMET-0003898,4.85,1.0,1,2060,4.470831369251,4.488587151334575
2881,OADMET-0005909,4.77,0.0,0,2061,4.739836708082263,4.60505693334279
2883,OADMET-0003510,5.2,1.0,1,2062,4.951681899123912,5.232080792532279
2884,OADMET-0001991,4.45,3.0,3,2063,4.799489351149436,3.9750920305435935
2885,OADMET-0001802,3.5,4.0,4,2064,3.5435278160092682,3.6443989264265397
2886,OADMET-0005260,4.55,1.0,1,2065,5.050245737303312,4.986281438606002
2887,OADMET-0000980,2.74,4.0,4,2066,3.490185480042704,3.5677412263651394
2888,OADMET-0004758,4.96,0.0,0,2067,5.15640587419316,4.913941576916394
2889,OADMET-0005416,5.28,0.0,0,2068,5.083115230608591,4.808909820405314
2890,OADMET-0005805,4.91,1.0,1,2069,4.867910573630052,5.204566799361367
2892,OADMET-0001181,4.56,3.0,3,2070,4.504229583559688,4.004129729721527
2893,OADMET-0004786,5.01,1.0,1,2071,4.966215008366321,5.090678336496015
2894,OADMET-0004976,4.56,1.0,1,2072,4.504429716449646,4.697103611176176
2895,OADMET-0004732,4.95,1.0,1,2073,4.44615871952744,4.888502977989995
2896,OADMET-0004116,5.66,1.0,1,2074,4.804861130873486,4.621542765127739
2897,OADMET-0002670,5.18,4.0,4,2075,4.703236657709008,5.139591567883252
2898,OADMET-0004776,4.98,3.0,3,2076,5.127245591574284,5.020010400333287
2899,OADMET-0003364,3.18,3.0,3,2077,5.095134760843979,4.660750970498738
2900,OADMET-0003357,6.255,0.0,0,2078,5.267672543684903,5.2518126215777405
2901,OADMET-0004560,5.02,0.0,0,2079,4.7943753918705685,5.054030656842679
2902,OADMET-0006038,4.94,0.0,0,2080,4.5277402940255005,4.988123020021121
2903,OADMET-0001218,3.82,4.0,4,2081,3.7849157798315707,3.9124935320540066
2905,OADMET-0003326,5.39,0.0,0,2082,5.140795970069298,4.713470708708318
2906,OADMET-0001590,2.88,0.0,0,2083,3.220600132083181,2.8167776063016303
2908,OADMET-0001074,3.04,0.0,0,2084,3.5621033231444135,3.1247126789783333
2909,OADMET-0005310,5.14,0.0,0,2085,4.19704547986557,5.2372979763656415
2910,OADMET-0002929,3.1,0.0,0,2086,4.539305489049217,3.082524255667098
2911,OADMET-0002229,2.61,4.0,4,43,1.7315178274205505,2.8460198904363287
2912,OADMET-0003014,5.24,2.0,2,2087,4.934666229602418,4.588063026435449
2913,OADMET-0003260,5.98,4.0,4,2088,4.767819653527848,5.045225886293822
2915,OADMET-0006011,5.11,4.0,4,2089,4.908523218103024,4.797438265646632
2917,OADMET-0004996,5.03,3.0,3,2090,4.086401645331309,4.9883395987332575
2918,OADMET-0002743,1.83,3.0,3,2091,4.89442891022355,3.526836758117498
2919,OADMET-0004210,5.06,2.0,2,477,4.373598600008493,4.679240775335181
2920,OADMET-0005962,4.51,0.0,0,2092,4.75243788657427,4.632710870928883
2921,OADMET-0002294,2.06,2.0,2,2093,3.024515198446163,2.8011755755381493
2922,OADMET-0000934,2.14,2.0,2,2094,3.57259631825275,3.8359122075793644
2923,OADMET-0001119,3.52,0.0,0,2095,3.7999560037303666,3.560779716334457
2925,OADMET-0005440,5.01,3.0,3,2096,4.8719290749354425,4.638303944721792
2926,OADMET-0003884,4.58,2.0,2,2097,4.902173463314423,4.816679175073814
2927,OADMET-0004814,4.83,1.0,1,2098,4.904767918706141,4.171452450965238
2928,OADMET-0003240,6.215,0.0,0,2099,5.202398236666205,5.318506303634216
2929,OADMET-0002072,2.09,0.0,0,536,3.751677884855078,2.6839300178860657
2930,OADMET-0004787,4.75,3.0,3,2100,4.4230891813049364,4.549842514394244
2931,OADMET-0001970,2.22,2.0,2,2101,3.647107962800537,2.9924772265486124
2932,OADMET-0001212,4.28,2.0,2,2102,4.357694908499414,3.755794898319969
2934,OADMET-0005551,5.3,3.0,3,2103,4.171225921395492,4.19966056275448
2935,OADMET-0002212,2.01,4.0,4,43,1.8741320050149293,2.370013985590748
2936,OADMET-0005708,4.83,3.0,3,2104,4.022944278072418,4.194503704791153
2937,OADMET-0003258,6.105,3.0,3,2105,4.201608594439625,5.176652188467179
2938,OADMET-0001233,3.4,4.0,4,2106,3.8803103150860743,3.8773033115407665
2939,OADMET-0002084,1.84,2.0,2,649,2.596211681140818,2.3315355011640175
2940,OADMET-0004332,5.42,1.0,1,2107,4.027372481231125,4.242511517177165
2941,OADMET-0002724,2.6,1.0,1,2108,4.026556373868896,4.141286703773327
2942,OADMET-0005225,4.62,0.0,0,2109,5.019065308137916,4.999026346839659
2943,OADMET-0001357,3.38,1.0,1,2110,3.5461462848798275,3.3409842139060872
2944,OADMET-0001099,3.92,4.0,4,2111,4.080788925812154,4.358321104514831
2945,OADMET-0006044,4.93,3.0,3,2112,3.5392970449152896,4.271045470503878
2946,OADMET-0001048,2.97,0.0,0,2113,3.572797301153014,3.31720972869154
2947,OADMET-0003300,5.27,4.0,4,2114,5.003343354019388,5.426460930038508
2948,OADMET-0003139,5.25,1.0,1,2115,5.0533860207127015,5.2143113964265275
2949,OADMET-0004345,4.53,4.0,4,2116,4.365342675091133,3.9346887388807494
2950,OADMET-0004906,5.1,1.0,1,2117,5.237209172909057,5.0388123984194175
2951,OADMET-0001459,3.69,3.0,3,1983,4.096231533363517,3.418515243666831
2952,OADMET-0003708,4.68,4.0,4,43,4.923554974936559,4.026647066714057
2953,OADMET-0002976,4.93,0.0,0,2118,5.038912805649631,4.8440309822691745
2956,OADMET-0005752,4.62,1.0,1,2119,3.9705035447808483,4.957428853100955
2958,OADMET-0001951,5.95,2.0,2,2120,5.338092347676914,5.181190280183821
2959,OADMET-0003251,5.1,4.0,4,2121,4.373409993872299,4.640133456727251
2960,OADMET-0004950,5.33,3.0,3,2122,4.617243957307831,4.473398725334295
2961,OADMET-0005820,4.47,3.0,3,2123,3.8656374237480327,4.507626922553604
2962,OADMET-0005456,5.22,3.0,3,2124,4.495856519890467,5.022692207931393
2963,OADMET-0002144,3.42,3.0,3,55,3.0795836111129384,3.058322369043483
2965,OADMET-0001450,3.66,0.0,0,2125,4.160753404266096,4.675040229399115
2966,OADMET-0006079,5.3,0.0,0,2126,3.9474167562180313,3.4745721324175376
2967,OADMET-0005494,5.36,1.0,1,2127,4.564739187360773,4.971707697414959
2968,OADMET-0005654,5.16,3.0,3,2128,3.896052089768661,4.458275221963555
2969,OADMET-0001661,4.26,3.0,3,2129,4.40117476682379,4.6346526898398155
2971,OADMET-0003402,5.81,4.0,4,2130,4.639384592058959,4.629169828584857
2973,OADMET-0002238,2.19,0.0,0,2131,2.244302786839931,2.224623552972954
2976,OADMET-0002605,5.6,0.0,0,2132,5.117255967666306,5.148073857948947
2977,OADMET-0002063,3.96,4.0,4,43,2.7821373585719344,2.169172326041718
2978,OADMET-0005974,4.06,1.0,1,343,4.403526188649964,4.40415792892503
2980,OADMET-0005383,4.18,3.0,3,2133,3.7847458244147574,4.936039191058409
2981,OADMET-0001146,4.13,3.0,3,2134,3.9463746232736434,4.098600806628222
2982,OADMET-0001719,1.67,0.0,0,2135,2.7396652201937166,2.4067266742899163
2983,OADMET-0001737,3.99,2.0,2,2136,4.083628952121421,3.955840508442793
2984,OADMET-0002011,4.46,1.0,1,2137,4.609360473504053,4.845621477750414
2985,OADMET-0005626,3.51,3.0,3,2138,4.700400019709339,4.994480121526356
2987,OADMET-0005871,5.37,1.0,1,2139,5.008201643598454,5.230977657556069
2988,OADMET-0005154,4.89,3.0,3,2140,4.2943197088313525,4.687013511353111
2989,OADMET-0001029,2.7,4.0,4,2141,4.1550885519280305,3.4731757868698088
2990,OADMET-0004876,4.8,4.0,4,2142,4.722206821075143,4.9188611544602825
2991,OADMET-0005449,5.32,3.0,3,2143,4.625974800481462,4.965688831803564
2992,OADMET-0005893,5.01,1.0,1,2144,3.7520952614183334,4.460395659944427
2993,OADMET-0003540,2.09,4.0,4,43,3.007402988952099,3.072492574493316
2994,OADMET-0005253,4.51,0.0,0,399,4.668882675600127,4.802196365724058
2995,OADMET-0001436,5.35,1.0,1,2145,4.5800540041003295,4.837322416969487
2996,OADMET-0002301,2.91,4.0,4,43,2.4688973016669626,2.661142282076072
2999,OADMET-0002676,5.57,1.0,1,2146,4.821384913896275,5.16473218732819
3000,OADMET-0003658,1.87,3.0,3,2147,4.919376499533072,4.342450155011784
3001,OADMET-0006077,5.07,3.0,3,657,4.653994290863294,4.910831300017877
3002,OADMET-0004920,4.68,3.0,3,2148,4.260054504481241,4.900897347508044
3003,OADMET-0003270,5.99,2.0,2,2149,4.893605060650326,5.029286142560017
3004,OADMET-0003564,4.84,3.0,3,18,5.760545086834545,4.873767653437
3005,OADMET-0002574,4.79,3.0,3,2150,5.301775192113316,4.7939402294571005
3006,OADMET-0004854,4.05,0.0,0,2151,4.60411088765522,4.813543541328386
3008,OADMET-0001668,3.49,3.0,3,2152,4.541897204078483,4.845045950629852
3009,OADMET-0002934,4.9,4.0,4,2153,4.49601219660256,5.273375050144402
3010,OADMET-0005717,4.33,4.0,4,2154,2.808689279603983,4.021517351250514
3011,OADMET-0004129,4.51,2.0,2,2155,4.4681081690997955,4.330506738056587
3012,OADMET-0004101,5.57,4.0,4,2156,4.9237821646985225,4.941762439987635
3013,OADMET-0001746,2.6,4.0,4,2157,3.4293186497992787,3.124706455542576
3014,OADMET-0001015,4.0,2.0,2,2158,4.780458157276742,4.6206160803146545
3015,OADMET-0003762,4.18,1.0,1,281,3.727903322326812,4.2373171327506
3016,OADMET-0001675,3.46,2.0,2,2159,3.8409759426739805,3.4348781399610253
3017,OADMET-0004971,4.6,1.0,1,2160,4.800842297440354,5.062637378131366
3018,OADMET-0002182,2.58,4.0,4,43,2.650128142027242,2.4552336787366698
3019,OADMET-0003461,1.76,3.0,3,2161,4.183273950286374,3.515363440956733
3020,OADMET-0003862,4.37,3.0,3,2162,4.553711389611397,4.329166481230828
3021,OADMET-0004678,5.08,0.0,0,2163,4.1033836497349,4.494868213303938
3023,OADMET-0002158,3.27,2.0,2,325,3.8361321894016447,3.8055592916661114
3026,OADMET-0002146,1.87,4.0,4,43,2.124559611739921,2.59489259841396
3027,OADMET-0001755,6.37,2.0,2,2164,5.080041527461188,5.048264287402814
3028,OADMET-0003754,3.93,4.0,4,43,2.0772553977464376,2.6713038958042072
3029,OADMET-0001250,3.09,1.0,1,2165,4.106657917255195,3.8704465095691485
3030,OADMET-0004911,5.16,4.0,4,2166,4.5792528189502635,5.101849735076581
3034,OADMET-0006068,4.76,3.0,3,2167,4.1082659094288685,4.6141918925634435
3035,OADMET-0001175,3.9,2.0,2,1930,3.1659838216757485,3.4417219296335335
3037,OADMET-0003427,5.34,2.0,2,2168,4.830721055359773,5.3917220135496535
3040,OADMET-0005075,5.18,3.0,3,2169,5.0090035801554365,5.172312643197912
3041,OADMET-0001049,4.01,2.0,2,2170,4.3989825023099165,4.36418409739241
3042,OADMET-0001368,5.6,4.0,4,2171,4.845289193509889,5.123674663108551
3043,OADMET-0003442,6.325,1.0,1,2172,4.782299176536999,5.678042338950311
3044,OADMET-0005377,4.91,3.0,3,2173,4.570268838061587,4.872813516833795
3046,OADMET-0003090,4.86,2.0,2,2174,4.522302679960714,4.696306947674209
3047,OADMET-0005207,4.3,0.0,0,2175,4.076538024664548,4.83820366176769
3048,OADMET-0003236,1.77,3.0,3,2176,4.146469527372521,4.552289807864821
3049,OADMET-0005978,4.26,3.0,3,2177,4.8819226351785945,4.777607952258147
3050,OADMET-0002227,2.87,3.0,3,86,4.404704775293357,3.3523563434088945
3052,OADMET-0001895,3.94,3.0,3,2178,3.8251345115402344,4.298075406111744
3053,OADMET-0002864,4.94,4.0,4,2179,4.368843781462929,4.340440179624155
3054,OADMET-0001142,4.24,0.0,0,2180,4.630776148869046,4.649060517551746
3056,OADMET-0005987,4.83,1.0,1,2181,4.032360966074908,4.5258783538544956
3057,OADMET-0003437,5.955,1.0,1,2182,4.671550234471203,4.7987904493618565
3058,OADMET-0001327,1.91,0.0,0,2183,2.770813794901902,3.011773389118843
3059,OADMET-0005454,4.69,1.0,1,2184,4.046949822856157,4.729294172739493
3061,OADMET-0005632,5.1,0.0,0,2185,4.07629966592206,4.66773484418788
3062,OADMET-0002869,5.51,2.0,2,2186,5.2253135190177815,5.324243746308979
3063,OADMET-0001909,2.415,1.0,1,343,4.0679742293824255,4.283812104191388
3064,OADMET-0001262,3.18,4.0,4,2187,2.7922708395285833,2.854776314560069
3065,OADMET-0005861,4.63,2.0,2,2188,4.655040041564233,4.820712703420185
3066,OADMET-0003039,5.42,2.0,2,2189,5.118017408245546,5.2849160332470575
3067,OADMET-0002759,4.74,2.0,2,2190,4.082670241429811,4.365545883768685
3068,OADMET-0002177,2.36,4.0,4,43,3.535102209457463,2.762282286491494
3069,OADMET-0005231,4.81,3.0,3,2191,4.276117589575027,5.025527720888137
3070,OADMET-0001424,4.98,4.0,4,2192,4.233997901729475,3.878796831467847
3071,OADMET-0002860,5.3,0.0,0,2193,5.270747338409568,5.087306529422275
3072,OADMET-0004273,4.63,4.0,4,2194,5.409146185232936,5.500695526043079
3073,OADMET-0001969,4.27,2.0,2,2195,5.4373494332751875,4.569664783926553
3074,OADMET-0001300,3.18,3.0,3,2196,3.782837340415003,3.4013576118408597
3076,OADMET-0003553,4.12,2.0,2,1114,4.435597693203256,4.808436362255143
3079,OADMET-0003005,5.17,1.0,1,2197,4.653594182368513,4.934858114895373
3080,OADMET-0005269,4.58,3.0,3,2198,3.990336832663056,4.419099985469733
3081,OADMET-0004514,5.26,1.0,1,2199,5.0686502963499125,5.223828720387484
3082,OADMET-0004783,4.91,4.0,4,2200,4.855431725389362,5.3708247041795305
3083,OADMET-0003654,2.27,4.0,4,43,2.376797361865014,2.463130873684489
3084,OADMET-0001377,3.19,4.0,4,2201,4.039977049561271,3.796587523428045
3085,OADMET-0005724,4.84,1.0,1,2202,5.118378992750723,4.914937187389921
3087,OADMET-0005574,5.28,1.0,1,2203,4.572051673664298,4.895767721699324
3088,OADMET-0005080,4.43,1.0,1,2204,4.666091960511192,4.927555443088686
3089,OADMET-0001633,4.18,4.0,4,43,4.36906511403499,4.747647590318086
3090,OADMET-0006076,5.12,1.0,1,2205,4.707585786650944,4.659889917536443
3091,OADMET-0002587,5.02,3.0,3,2206,4.977745568131557,4.93801686656434
3092,OADMET-0005319,5.04,2.0,2,2207,4.356555213644632,4.027175662559249
3093,OADMET-0002645,5.67,0.0,0,2208,4.9413067992084985,5.2625596724421015
3094,OADMET-0001219,2.74,4.0,4,2209,2.9086867610430036,2.8906704287262297
3096,OADMET-0003975,5.04,1.0,1,2210,5.239130673066025,5.160316584830567
3097,OADMET-0000958,2.56,4.0,4,43,3.850583077537866,3.6948240360247118
3098,OADMET-0002871,5.16,1.0,1,2211,4.331627126310663,3.67242478369506
3099,OADMET-0001397,4.38,0.0,0,2212,4.374994888915973,3.769385919270852
3100,OADMET-0002749,1.9,0.0,0,2213,4.603314062455303,4.529336864740888
3101,OADMET-0001401,3.49,3.0,3,2214,4.506261137146807,2.98369716865827
3102,OADMET-0003848,4.07,0.0,0,2215,4.442210265250631,4.711458441492631
3103,OADMET-0002647,1.73,0.0,0,2216,3.7982833712132567,4.859389569325247
3104,OADMET-0003172,5.46,0.0,0,2217,4.8410135158621195,5.0318903054354145
3105,OADMET-0003772,1.78,0.0,0,2218,3.5489830455095994,4.616032513483566
3106,OADMET-0002246,1.92,2.0,2,656,2.2099050282514607,2.4588426867427287
3107,OADMET-0001818,4.05,2.0,2,2219,4.310785589407859,3.907060802391453
3108,OADMET-0002830,5.4,1.0,1,2220,4.805141371492765,5.298409842056716
3109,OADMET-0002935,5.28,4.0,4,2221,4.837783378942696,4.268238310921849
3111,OADMET-0002994,4.73,0.0,0,2222,5.2053500712883345,5.162775642170192
3112,OADMET-0002967,4.83,3.0,3,2223,4.694963975401287,5.227217129169853
3113,OADMET-0002903,5.4,4.0,4,2224,5.528064348649271,4.940855798499369
3114,OADMET-0002731,5.61,3.0,3,2225,5.2209615361902975,5.295816853936003
3115,OADMET-0005162,4.9,3.0,3,2226,4.165734350212534,4.459804597167268
3116,OADMET-0001865,2.81,3.0,3,2227,2.4474078153111742,3.595645116605233
3117,OADMET-0001493,2.33,3.0,3,2228,3.539546503472156,2.860698701428415
3119,OADMET-0004817,4.78,0.0,0,2229,4.937136325967957,4.9250524592850935
3122,OADMET-0001044,3.2,4.0,4,2230,2.98186903084404,2.995049611391027
3123,OADMET-0001594,1.7,0.0,0,2231,3.3829399897367596,2.8959121427697703
3124,OADMET-0001022,2.31,4.0,4,2232,2.73585823066682,2.684737218825263
3126,OADMET-0002135,3.41,2.0,2,124,3.1319583757627294,2.830884429045384
3127,OADMET-0004680,5.15,2.0,2,2233,4.541503811188368,4.603997031131105
3128,OADMET-0004327,4.89,3.0,3,2234,5.319985381863143,4.863473677295452
3129,OADMET-0000979,3.6,2.0,2,2235,3.5084354130820796,3.7191588836974128
3130,OADMET-0003127,5.44,2.0,2,2236,4.580406930081295,5.281186020000014
3131,OADMET-0002287,2.76,4.0,4,43,2.8095576286496335,2.2618421968366955
3132,OADMET-0006015,4.51,4.0,4,2237,3.7393403793189495,3.9300077914317795
3133,OADMET-0005985,4.82,0.0,0,2238,4.645060808669485,4.772926994073322
3134,OADMET-0003691,2.4,0.0,0,2239,4.100257781995625,3.9147524634593274
3135,OADMET-0004713,3.82,2.0,2,2240,4.015798054185018,4.69217559864018
3136,OADMET-0002622,5.52,2.0,2,2241,4.851815921279546,3.014444944910442
3137,OADMET-0003105,5.5,4.0,4,2242,4.765513618612219,5.113005158254048
3138,OADMET-0002213,2.98,3.0,3,86,4.071621203743764,2.9993923508651434
3140,OADMET-0002971,5.79,1.0,1,2243,4.649798334852558,5.235882257815137
3141,OADMET-0004205,1.72,2.0,2,2244,3.723242331656828,4.370507198254915
3142,OADMET-0003499,6.215,2.0,2,2245,5.25093947676741,5.0368746444912
3143,OADMET-0005818,4.92,1.0,1,2246,4.8729391146276875,5.200001421851995
3144,OADMET-0001297,2.6,1.0,1,2247,3.350250042744454,3.0121114219157006
3146,OADMET-0005671,4.94,0.0,0,2248,4.115581053208692,4.345349393220082
3147,OADMET-0003476,4.79,4.0,4,2249,4.451310211361267,5.094413082141031
3148,OADMET-0001224,3.76,2.0,2,2250,3.7642581510926396,4.394727665341945
3149,OADMET-0003415,5.89,2.0,2,2251,4.6770370388700675,4.403382707020471
3150,OADMET-0003213,1.75,3.0,3,2252,2.7392822307786324,2.6317668937266943
3151,OADMET-0003283,5.79,1.0,1,2253,4.722467570465864,5.468542181203103
3152,OADMET-0002706,4.94,0.0,0,2254,4.6084958252943915,4.819804481251892
3153,OADMET-0002850,5.35,0.0,0,2255,4.94192540662191,5.008896259408648
3155,OADMET-0005193,4.81,4.0,4,2256,4.547859474982097,4.348096079074265
3156,OADMET-0005513,5.2,4.0,4,2257,4.898936217879841,4.968682763966143
3157,OADMET-0005312,4.57,1.0,1,2258,4.601941893743463,4.723549252691847
3158,OADMET-0003335,1.85,3.0,3,2259,5.016338048073577,5.010731010399538
3159,OADMET-0004444,4.36,2.0,2,2260,3.6002420445716834,4.259630866431436
3160,OADMET-0003422,5.53,2.0,2,2261,4.99366552666659,5.2062717078541825
3161,OADMET-0002303,2.76,4.0,4,43,2.788897135377069,2.3118518413101454
3165,OADMET-0003024,5.09,2.0,2,2262,5.233097756787672,5.200631480005598
3166,OADMET-0003264,5.265000000000001,3.0,3,2263,5.138055236843898,5.160368843381532
3167,OADMET-0002258,2.66,4.0,4,43,2.4504012289237576,2.75874753414051
3168,OADMET-0001113,3.2,3.0,3,2264,3.4626365119459024,3.2700163507157756
3171,OADMET-0005963,5.0,3.0,3,2265,5.253329732389968,4.737259111725529
3172,OADMET-0002193,2.65,4.0,4,43,3.8116720361535967,2.7632709442278274
3173,OADMET-0000954,2.48,3.0,3,2266,3.759982049355581,2.924919120069185
3174,OADMET-0001473,2.52,0.0,0,2267,3.0091955571924243,3.4721993410195178
3175,OADMET-0005726,4.83,3.0,3,2268,4.139963637307323,5.163033523252763
3176,OADMET-0003412,5.975,3.0,3,2269,5.0895933327753475,5.0411193314385505
3177,OADMET-0001626,2.86,2.0,2,2270,3.5544325057619575,2.6496743748339773
3178,OADMET-0003452,5.67,2.0,2,2271,5.404177397893978,4.952434034605229
3179,OADMET-0004808,4.51,0.0,0,2272,4.705615856351901,4.588553862618251
3180,OADMET-0003436,5.859999999999999,3.0,3,2273,5.440436845023132,5.236807375318545
3181,OADMET-0004153,5.36,4.0,4,2274,4.893724043088239,5.2745987604283435
3182,OADMET-0003000,4.69,2.0,2,2275,4.757571736282864,4.784121006354569
3186,OADMET-0005189,4.37,3.0,3,1076,3.708087081894302,3.9218076144919745
3187,OADMET-0001581,5.01,2.0,2,2276,4.624854697522746,4.012343187315949
3188,OADMET-0003682,3.33,4.0,4,43,3.0984238804616595,3.4546267491464553
3189,OADMET-0002136,1.83,4.0,4,43,2.3285000457113,2.7177958215565106
3190,OADMET-0006024,4.61,1.0,1,2277,4.5317642354472865,4.718797308583454
3191,OADMET-0001894,5.1,1.0,1,2278,3.5289299666976204,4.807951594407544
3192,OADMET-0003103,5.22,0.0,0,2279,5.413920476582117,5.310964639384742
3193,OADMET-0005200,5.33,1.0,1,2280,4.792748689490844,5.3549108847371105
3194,OADMET-0002570,5.14,4.0,4,2281,5.1987832154036955,5.005607930843893
3195,OADMET-0001754,3.04,3.0,3,2282,3.8710254211601853,3.4775980465901037
3196,OADMET-0004220,4.36,2.0,2,2283,4.182058013653068,4.37045566619882
3198,OADMET-0004837,5.37,2.0,2,2284,4.665709501804521,5.025855879198836
3199,OADMET-0002708,1.84,1.0,1,2285,4.7254117308687436,3.7156260685672713
3200,OADMET-0003310,5.64,0.0,0,2286,4.669566016345958,4.385344878217602
3201,OADMET-0001042,3.87,0.0,0,2287,3.9650731772132497,3.4470966760782416
3202,OADMET-0005392,4.43,1.0,1,2288,4.403762845520567,3.938500743827618
3203,OADMET-0005042,4.69,3.0,3,2289,4.0585077357388455,4.527150766047568
3206,OADMET-0001314,3.43,0.0,0,2290,4.393091745120627,3.5212658124685383
3207,OADMET-0001591,3.5,3.0,3,2291,4.559234270549098,3.688546052575875
3208,OADMET-0002115,3.65,4.0,4,43,2.22339800588849,2.0158113127514175
3210,OADMET-0002627,5.29,1.0,1,2292,5.059757549183516,5.172914735739141
3211,OADMET-0002110,2.0,4.0,4,43,2.3593506008315823,1.597431552809966
3212,OADMET-0004982,4.47,0.0,0,1179,4.868493096078754,4.71650925048941
3213,OADMET-0002550,5.11,2.0,2,2293,5.050471188177726,5.299801482735064
3215,OADMET-0001890,3.37,0.0,0,2294,4.9370229378442385,3.9293283115402033
3216,OADMET-0002337,6.87,4.0,4,43,4.612824519990642,5.54880858514016
3217,OADMET-0005451,4.3,4.0,4,2295,4.468018283569785,4.5016053590415375
3218,OADMET-0005009,5.09,2.0,2,2296,4.267142738643939,5.1588285948050965
3219,OADMET-0005352,5.17,0.0,0,2297,4.746878343385595,4.926463486237679
3222,OADMET-0004866,4.51,4.0,4,2298,4.520987482950705,4.940452268712949
3223,OADMET-0003010,5.63,2.0,2,2299,4.868903451659714,5.418777144361533
3224,OADMET-0004004,5.15,4.0,4,2300,4.038612654726947,4.930187032774387
3225,OADMET-0001914,3.88,4.0,4,43,2.778322194680559,2.4067435050764567
3226,OADMET-0001116,3.21,4.0,4,2301,3.921945437466724,3.8155932152248506
3227,OADMET-0003661,4.9,4.0,4,2302,4.271939202810055,4.154909834100815
3228,OADMET-0001293,4.19,3.0,3,2303,4.078980743064162,3.7562512850619907
3229,OADMET-0005834,4.52,1.0,1,2304,4.010627923273125,4.369360112954196
3230,OADMET-0001229,3.49,4.0,4,2305,3.0950124292492385,3.542427959929139
3231,OADMET-0005967,5.2,3.0,3,2306,4.626432338298705,4.484357172826347
3232,OADMET-0002028,3.95,2.0,2,2307,4.165396518126503,3.9913262035333044
3234,OADMET-0003158,6.39,3.0,3,2308,4.9455496940296415,5.194170019160607
3235,OADMET-0002677,5.28,1.0,1,2309,5.372196354701782,4.916452909485734
3236,OADMET-0001674,3.81,1.0,1,2310,4.571754274015434,4.0618544848463625
3237,OADMET-0003246,5.765000000000001,4.0,4,2311,4.603921758609733,4.499629822105362
3238,OADMET-0005604,3.91,1.0,1,2312,4.743599756858861,4.8820708778183874
3239,OADMET-0002320,1.88,0.0,0,872,2.5406892588475096,2.08464131269082
3240,OADMET-0003570,4.65,0.0,0,2313,4.40381434371935,4.343860148286626
3241,OADMET-0001618,4.88,4.0,4,2314,4.928273118092665,4.812284268440343
3242,OADMET-0003392,3.33,2.0,2,2315,3.3507837076527474,3.569003804089011
3243,OADMET-0001140,2.77,3.0,3,2316,3.699283907562899,3.468099116084797
3244,OADMET-0005678,5.14,3.0,3,2317,4.290637510798451,4.481777681735831
3245,OADMET-0005498,3.8,2.0,2,2318,5.390983186033882,4.631901539073179
3246,OADMET-0003331,5.67,2.0,2,2319,4.951678053947378,5.170635477580306
3247,OADMET-0004943,5.2,0.0,0,2320,4.703633031078393,4.893138526033353
3248,OADMET-0001441,5.05,2.0,2,2321,4.448881033633043,4.859276127302123
3249,OADMET-0002571,6.0600000000000005,0.0,0,2322,4.728366720782236,4.287581337275937
3250,OADMET-0006021,4.93,1.0,1,2323,4.454252509265042,4.831636813251326
3251,OADMET-0006050,5.18,4.0,4,2324,4.464222513571433,4.417290689593468
3252,OADMET-0002746,4.78,1.0,1,2325,4.138914017294447,4.14675838829587
3253,OADMET-0005297,5.23,0.0,0,2326,4.058102869170614,4.80125730446129
3255,OADMET-0005109,5.3,2.0,2,1558,4.311207681627659,4.518939474376794
3256,OADMET-0002230,2.49,4.0,4,43,2.38795106262288,2.81512557063154
3257,OADMET-0004904,4.86,4.0,4,2327,4.867019646180553,4.810064562421986
3259,OADMET-0005815,4.9,1.0,1,2328,4.422984839484148,4.559812670881038
3260,OADMET-0005956,4.45,1.0,1,2329,3.9891661644129366,4.328949756676563
3261,OADMET-0006081,4.31,2.0,2,2330,3.987510703473571,4.814910828917891
3262,OADMET-0005422,4.86,2.0,2,2331,4.590088560728088,4.961114923686063
3263,OADMET-0001316,2.36,2.0,2,2332,3.293967428945966,2.2999146933808876
3264,OADMET-0002226,2.02,3.0,3,2333,2.861578877717459,2.394438206522281
3266,OADMET-0002157,2.17,4.0,4,43,2.2060023995652225,2.4088023810164394
3267,OADMET-0001052,2.85,0.0,0,2334,3.3366666080650402,3.2822588177166536
3268,OADMET-0000937,2.83,0.0,0,2335,3.309187419876097,3.380299368252274
3269,OADMET-0001385,4.75,4.0,4,2336,4.63958100605858,4.9187135341718795
3270,OADMET-0004983,4.65,2.0,2,2337,5.179959317152678,5.144957766512388
3271,OADMET-0005586,4.68,2.0,2,2338,4.365439305280595,4.2635207452202435
3273,OADMET-0005795,4.68,1.0,1,2339,4.506753751407875,5.2006590883491155
3274,OADMET-0001321,2.59,3.0,3,2340,3.408872921345145,4.026808846453187
3277,OADMET-0001054,2.56,2.0,2,2341,3.1030674536890417,3.1679671737913337
3281,OADMET-0001974,3.67,1.0,1,2342,4.055934959391921,3.3951083532652686
3282,OADMET-0001635,3.63,2.0,2,2343,4.387305826725524,3.1299383664546157
3283,OADMET-0001333,3.73,4.0,4,2344,4.221008101179731,3.585891040531924
3284,OADMET-0003793,4.16,1.0,1,2345,3.8814737286543917,4.461167272321557
3285,OADMET-0005148,4.92,4.0,4,2346,4.717765333773564,4.8025913011458385
3286,OADMET-0002791,6.125,2.0,2,2347,5.205300642153069,5.19878261214202
3288,OADMET-0004590,5.48,2.0,2,2348,5.368748230671425,4.682174647265229
3289,OADMET-0002747,5.87,3.0,3,2349,3.505571742695129,3.4463126951568763
3290,OADMET-0004930,4.1,4.0,4,2350,4.640589834752193,4.846947842067104
3291,OADMET-0001948,4.48,1.0,1,100,4.823807859013208,4.891021672836616
3292,OADMET-0003098,5.14,1.0,1,2351,4.294683405403483,4.777139869796838
3293,OADMET-0001165,2.49,1.0,1,2352,2.5024517365526213,3.0258604748991416
3295,OADMET-0001741,2.45,0.0,0,2353,3.6462808836339766,2.035582903287906
3296,OADMET-0003159,5.1,0.0,0,2354,5.1378649527086875,5.098499977461932
3297,OADMET-0001449,5.2,2.0,2,2355,4.85416243001254,4.431288931217197
3298,OADMET-0005608,4.53,2.0,2,2356,4.078442455276435,4.610693272101249
3299,OADMET-0001813,4.07,4.0,4,2357,4.196576991513689,3.856409627624763
3300,OADMET-0002819,6.345000000000001,2.0,2,2358,5.1494524734998235,5.23948575380759
3301,OADMET-0003410,2.28,1.0,1,2359,4.6610082906726085,3.9452261212122495
3302,OADMET-0005911,5.23,2.0,2,2360,4.843120239617238,5.028143335167436
3303,OADMET-0005934,5.25,4.0,4,2361,4.63882508606038,5.110007894326843
3304,OADMET-0005981,4.5,3.0,3,2362,4.421000212985788,4.793377655792217
3305,OADMET-0001958,1.91,3.0,3,2363,3.8214668087842316,3.2713882335227598
3306,OADMET-0001363,3.57,1.0,1,2364,3.9797807614550442,3.1251308888864613
3308,OADMET-0003487,4.94,0.0,0,2365,4.244061099614344,4.365343989884107
3309,OADMET-0002134,2.85,3.0,3,122,2.2898030597939054,2.2754412817369665
3310,OADMET-0003676,1.79,4.0,4,2366,1.9197005678608594,2.4569258658727633
3311,OADMET-0004945,5.51,2.0,2,2367,4.512335599122305,5.129210553006816
3314,OADMET-0001810,4.7,2.0,2,2368,5.1226093133975485,4.938673757226206
3315,OADMET-0003860,4.97,1.0,1,2369,4.504602666535173,4.7954757162663
3316,OADMET-0005873,4.38,3.0,3,2370,5.024602396924523,4.919015696840337
3317,OADMET-0001564,2.92,2.0,2,2371,4.344830123888826,3.3887865128439034
3318,OADMET-0005466,4.43,0.0,0,2372,5.028097099468205,3.8143218588714434
3319,OADMET-0001330,4.56,0.0,0,2373,5.135675810860503,4.639094579757462
3320,OADMET-0002820,5.73,2.0,2,2374,5.5417108489674645,5.302052639233599
3322,OADMET-0005573,4.73,3.0,3,2375,4.728065242104957,5.030180050710956
3323,OADMET-0001479,4.61,3.0,3,2376,4.572189055095106,4.271958242440146
3324,OADMET-0004472,4.86,2.0,2,2377,5.200067456331514,4.935055446794822
3325,OADMET-0003736,2.69,0.0,0,2378,0.9688310251967334,2.301066830532665
3326,OADMET-0001040,3.08,1.0,1,2379,3.4904264048678955,3.4199751941558976
3327,OADMET-0005531,4.4,3.0,3,2380,4.706599876502844,4.96994840535576
3328,OADMET-0003097,5.9,0.0,0,908,5.237404517001307,5.446592778467943
3329,OADMET-0001518,3.66,1.0,1,2381,3.8307521652104404,3.1944566715614786
3330,OADMET-0005131,4.46,2.0,2,2382,3.9711088231800735,4.1434641039076086
3332,OADMET-0000995,2.93,4.0,4,2383,3.9937755345225576,3.131440059434899
3333,OADMET-0004849,4.3,3.0,3,806,3.8378240713701985,3.852657739666495
3334,OADMET-0001782,2.35,2.0,2,2384,3.470725701141788,2.490444541684922
3335,OADMET-0002054,1.83,2.0,2,2385,3.278912805980658,2.5994886496425376
3336,OADMET-0005064,4.99,3.0,3,2386,4.450736169418473,4.700994055398103
3337,OADMET-0005659,5.12,1.0,1,2387,5.391572738313112,5.376042046695977
3338,OADMET-0005782,4.83,2.0,2,2388,4.007297444791431,4.519611800376677
3339,OADMET-0003565,1.96,2.0,2,2389,3.09130687799833,2.777584648897847
3340,OADMET-0001966,4.59,4.0,4,2390,4.28949927372051,4.311546866191574
3341,OADMET-0005739,4.46,4.0,4,2391,4.562186022935064,4.998061829832545
3342,OADMET-0005308,4.49,4.0,4,2392,4.716708324835722,4.760125553456374
3343,OADMET-0004256,5.3,0.0,0,2393,5.179981182695802,4.34093282508231
3344,OADMET-0005081,4.91,0.0,0,2394,4.101398397467504,4.0241833317616145
3345,OADMET-0000930,2.76,1.0,1,2395,2.8006100045927127,2.5762335359655655
3348,OADMET-0005903,4.38,0.0,0,2396,4.69393277424378,4.758307426393245
3349,OADMET-0003645,3.68,3.0,3,122,-7.710971463585298,2.1841175550496876
3350,OADMET-0004025,4.55,0.0,0,2397,4.482859731296085,3.961202422721348
3353,OADMET-0005179,5.21,2.0,2,2398,3.9866397108800022,4.758858353639555
3354,OADMET-0001209,4.0,0.0,0,2399,3.7100036493938213,3.294807859631428
3355,OADMET-0002650,1.75,2.0,2,2400,3.9775081265530146,3.6388868937760814
3357,OADMET-0001908,4.05,1.0,1,343,4.345500628908032,3.671259954905786
3359,OADMET-0002331,3.77,2.0,2,477,3.033771390676279,3.168765383322267
3361,OADMET-0003143,5.68,0.0,0,1711,5.067750152640287,5.270543381661678
3362,OADMET-0002621,5.15,3.0,3,2401,5.073707012227773,5.143031369842524
3363,OADMET-0004841,5.41,1.0,1,2402,5.1295937021078615,4.906585200455335
3364,OADMET-0003538,2.57,4.0,4,43,2.17150197077131,2.5393474322066014
3365,OADMET-0002547,5.16,3.0,3,2403,5.287554823146739,4.841402400764517
3366,OADMET-0003045,5.22,2.0,2,2404,5.473413606934888,5.544891390636747
3367,OADMET-0003587,5.14,2.0,2,2405,4.5355875732384145,4.371765102924925
3368,OADMET-0001360,3.02,0.0,0,2406,2.7334607841884173,3.09166570209255
3369,OADMET-0003355,2.96,2.0,2,2407,4.016011097264687,4.834427800734547
3370,OADMET-0002616,5.88,4.0,4,2408,4.942253713524177,5.231213719089136
3371,OADMET-0001356,3.94,4.0,4,2409,3.454451751243091,3.6656276194004995
3373,OADMET-0004685,4.63,3.0,3,2410,4.789002087208195,5.019699150332484
3375,OADMET-0003151,5.63,2.0,2,2411,4.269131860089437,4.819070843689029
3376,OADMET-0002179,3.03,2.0,2,1943,2.55228166302001,2.474359844751784
3377,OADMET-0004835,5.28,1.0,1,2412,5.293147690974522,5.306682306123564
3378,OADMET-0005652,4.45,1.0,1,2413,3.9915862107328564,4.750880427488466
3379,OADMET-0002267,3.37,3.0,3,216,4.117492723341899,3.412189885962402
3380,OADMET-0004833,5.21,2.0,2,2414,4.955971703344817,5.1210208317463985
3382,OADMET-0001599,4.29,1.0,1,2415,4.896360478085235,5.036007922982025
3384,OADMET-0003362,5.61,3.0,3,959,5.254803591407384,4.791406791677379
3385,OADMET-0005948,5.04,1.0,1,2416,4.901120926751749,5.190718790213486
3386,OADMET-0005768,4.86,2.0,2,2417,4.889208229642787,5.191659038784921
3388,OADMET-0005905,4.67,3.0,3,2418,5.2656153994751325,5.1159223125953
3389,OADMET-0005314,4.34,4.0,4,2419,4.144328577514409,4.6928392920191175
3391,OADMET-0005001,4.63,3.0,3,2420,4.863077643447978,4.876777137410765
3392,OADMET-0002292,1.92,3.0,3,122,2.313101967341556,2.0948648970859
3393,OADMET-0005947,5.18,3.0,3,2421,4.500807798529753,4.635306257330266
3394,OADMET-0000974,3.64,0.0,0,2422,3.5100879302305197,2.954886961272687
3395,OADMET-0005362,4.58,1.0,1,2423,3.8890672277336904,4.7146038245082025
3396,OADMET-0001115,2.53,3.0,3,2424,2.9993034150203117,3.0140415081762986
3397,OADMET-0005646,4.64,2.0,2,477,4.702560507041328,4.648398651927168
3398,OADMET-0004893,5.17,1.0,1,2210,4.897134350109837,5.342153799601667
3399,OADMET-0004305,5.19,4.0,4,2425,3.753074360143978,4.303792703770024
3400,OADMET-0003930,4.9,3.0,3,2426,4.120356970974676,4.624438138595592
3401,OADMET-0002837,1.73,0.0,0,2427,4.419529736620164,3.7280447614156826
3402,OADMET-0000963,3.93,1.0,1,2428,3.8968278258813944,2.9639711963635684
3403,OADMET-0002027,2.83,4.0,4,2429,3.9874239222049086,3.204818662258896
3404,OADMET-0005706,4.86,1.0,1,2430,5.102480473661465,5.058985099441123
3405,OADMET-0005473,4.33,0.0,0,908,4.0657521462696815,4.1690635644089475
3407,OADMET-0002834,5.64,2.0,2,2431,5.136153726407026,5.3221812475737
3408,OADMET-0002322,2.83,0.0,0,1336,2.4362875618502047,2.557332261366908
3409,OADMET-0005754,4.6,0.0,0,2432,4.245974183202222,4.14907769911884
3410,OADMET-0001225,3.52,2.0,2,2433,3.2226143640748885,2.919483034577817
3411,OADMET-0001017,4.26,4.0,4,2434,3.760510606561332,3.6312950925595513
3413,OADMET-0005580,4.11,0.0,0,2435,4.490755513061287,4.094279456218524
3414,OADMET-0003366,5.59,3.0,3,2436,4.7045549290008095,5.063089383053789
3416,OADMET-0001630,5.82,4.0,4,2437,5.183553525696378,4.70563107945533
3417,OADMET-0004872,4.77,0.0,0,2438,5.066001941484581,4.842238653394674
3418,OADMET-0004926,5.54,4.0,4,2439,4.958544819127704,5.234267812758459
3419,OADMET-0003740,1.86,4.0,4,2440,3.7455973131028593,4.649488755695399
3421,OADMET-0003675,1.98,4.0,4,43,3.7170158681571253,3.3899427040961947
3422,OADMET-0002852,4.86,2.0,2,2441,4.862455642057538,4.914801405201751
3423,OADMET-0001313,3.53,2.0,2,2442,3.820225185981042,3.610812865671157
3424,OADMET-0001396,5.48,3.0,3,2443,4.937513744774199,5.103595548212032
3425,OADMET-0003320,5.24,2.0,2,2444,5.278088550875715,5.257647413431214
3426,OADMET-0005997,5.11,4.0,4,2445,4.426675884698359,4.056894022449683
3429,OADMET-0006018,4.63,0.0,0,2446,3.9829825260365537,4.248336452891584
3430,OADMET-0003829,4.49,2.0,2,2447,5.178172922494207,5.042494570155172
3431,OADMET-0003380,5.02,1.0,1,2448,4.759509030116691,5.1965119531754365
3434,OADMET-0003029,5.44,4.0,4,2449,5.469845403285532,5.488934886838234
3436,OADMET-0004259,4.21,3.0,3,2450,4.315158820249907,5.219867020194194
3437,OADMET-0001178,2.53,3.0,3,2451,2.8171985146426493,2.6114821426016714
3438,OADMET-0001341,3.44,3.0,3,2452,3.5116312942404675,2.745143849574623
3439,OADMET-0005648,4.53,0.0,0,1619,4.690760836307093,4.866054554872622
3440,OADMET-0005011,4.51,2.0,2,137,4.349964031361379,4.4706874609964835
3441,OADMET-0003555,4.0,2.0,2,1114,5.017874094476751,4.431707171230492
3442,OADMET-0003671,3.25,4.0,4,43,3.3696113570999526,3.0467146500027606
3444,OADMET-0002925,3.58,2.0,2,2453,3.814747560480837,2.4439181901701783
3445,OADMET-0003447,5.49,3.0,3,2454,4.3079342919347985,5.164722872444515
3446,OADMET-0005328,4.74,2.0,2,2455,4.984067796185256,4.933541530043196
3447,OADMET-0004801,4.99,2.0,2,2456,4.8049455733936774,5.103971890855572
3448,OADMET-0001429,3.34,1.0,1,2457,4.113972115071078,4.214486554757165
3449,OADMET-0005784,4.84,3.0,3,2458,4.9777774505902705,4.850750788188122
3450,OADMET-0002799,3.4,0.0,0,2459,3.693587352616606,4.31245294640869
3452,OADMET-0005689,5.05,0.0,0,2460,4.843916919866745,4.862721096217363
3453,OADMET-0005812,4.69,0.0,0,2461,3.943151838618235,4.878757540671477
3455,OADMET-0002572,5.58,1.0,1,1420,4.828547959741729,5.369999193803611
3456,OADMET-0004867,4.05,4.0,4,2462,4.4080151424145635,4.429654852562542
3457,OADMET-0005171,4.72,3.0,3,2463,4.849133117934229,4.607620435042484
3458,OADMET-0001174,3.81,1.0,1,2464,4.042281993130416,3.816400321291539
3459,OADMET-0003012,4.78,4.0,4,2465,3.892030390334443,4.7747805660511435
3460,OADMET-0001069,2.67,2.0,2,223,3.724578449655656,3.002502050891601
3461,OADMET-0005128,5.46,2.0,2,2466,4.109370797027933,5.124385056274565
3462,OADMET-0005415,4.79,3.0,3,2467,4.477772265351137,4.683166967764853
3463,OADMET-0003123,5.17,0.0,0,2468,4.750335669095465,4.950388612865411
3464,OADMET-0001211,2.67,2.0,2,2469,4.082252927508538,3.4098572381533603
3466,OADMET-0000996,4.55,3.0,3,2470,4.6788546260192,5.250075064583068
3467,OADMET-0002259,4.01,2.0,2,102,3.7821238599028253,3.6714129084004563
3468,OADMET-0002097,2.67,4.0,4,43,2.6529688296391383,1.9877133559055562
3470,OADMET-0005801,4.5,3.0,3,2471,4.546212614745695,4.614801149328261
3471,OADMET-0005149,4.64,3.0,3,2472,4.578615197383214,4.13688115527947
3472,OADMET-0003344,6.26,4.0,4,2473,5.475661339061883,5.435414210925271
3473,OADMET-0001887,4.13,4.0,4,2474,3.2381928011865813,4.120362305111892
3475,OADMET-0001404,4.09,1.0,1,2475,3.456500574304771,3.699396192637879
3476,OADMET-0006073,5.07,2.0,2,2476,3.955259935472217,4.969148604577404
3477,OADMET-0005843,4.74,1.0,1,2477,4.727275100295664,4.747543964132608
3478,OADMET-0001026,2.94,1.0,1,2478,3.938482202484852,4.545541332625519
3479,OADMET-0001505,3.86,0.0,0,2479,4.373979622276774,3.8909088216762626
3480,OADMET-0003770,3.79,4.0,4,2480,3.946960917860519,4.463265829870968
3481,OADMET-0003646,4.21,0.0,0,121,4.403378598075402,4.2739136395072865
3482,OADMET-0005445,4.5,3.0,3,2481,4.571469577576506,4.769327429644677
3483,OADMET-0004885,4.72,3.0,3,2482,4.069436630299741,4.236323927371166
3484,OADMET-0003193,1.76,2.0,2,2483,3.957922700023733,2.7228649714187414
3485,OADMET-0005271,4.45,0.0,0,2484,4.699759295125511,4.714246920730263
3486,OADMET-0001166,2.4,2.0,2,2485,2.2523526586334337,2.7533113822656445
3487,OADMET-0002744,5.34,3.0,3,2486,5.804113280518573,5.2108642268735545
3488,OADMET-0005134,4.42,2.0,2,2487,4.2865270449467845,4.248024738973955
3489,OADMET-0005932,4.94,1.0,1,2488,5.436549903873384,5.16253569645132
3490,OADMET-0005874,5.65,2.0,2,2489,5.2829784984242965,5.22990652402885
3491,OADMET-0003946,4.66,3.0,3,2490,3.8175407672293273,4.614077033475766
3492,OADMET-0002133,3.95,0.0,0,946,3.551012119650546,2.7297387895151903
3493,OADMET-0002951,3.25,3.0,3,2491,3.5937359626838865,4.301403828675849
3494,OADMET-0003629,4.89,4.0,4,2492,4.922910328859661,4.731676862308924
3495,OADMET-0002112,2.97,4.0,4,43,2.78779837563876,2.5993603991503997
3496,OADMET-0002740,5.67,0.0,0,2493,4.6275670210839674,4.8478268054452425
3497,OADMET-0001620,3.85,1.0,1,2494,4.12417228608365,3.5542808749327333
3499,OADMET-0001064,3.14,1.0,1,655,3.5266064773020123,3.533095530203865
3501,OADMET-0004848,4.81,1.0,1,2495,4.588823985896502,5.1680774583738325
3502,OADMET-0002262,1.97,4.0,4,43,1.510284379016837,2.6355593154896364
3503,OADMET-0005073,4.85,2.0,2,2496,5.043035517392058,4.918771293600116
3506,OADMET-0003430,3.79,1.0,1,2497,4.735030274328143,4.727773984159867
3507,OADMET-0001656,2.5,4.0,4,2498,3.8586306572897744,2.1595395410892335
3508,OADMET-0001016,3.28,1.0,1,2499,2.9050150993872923,3.1095485591520644
3509,OADMET-0003639,2.04,2.0,2,1437,3.875040474186951,3.586001335768052
3510,OADMET-0004788,5.12,3.0,3,2500,3.9552173697603155,5.199678122467485
3511,OADMET-0001752,3.33,0.0,0,2501,4.004175841517373,3.4306565765122974
3512,OADMET-0002114,2.53,3.0,3,122,2.1934860941335277,2.042310232293586
3513,OADMET-0003857,5.11,2.0,2,2502,5.332229109815145,5.2473716348484825
3514,OADMET-0002716,4.79,3.0,3,2503,4.818720521336946,4.906609021003316
3516,OADMET-0002729,5.175,0.0,0,2504,5.000528497377045,5.105500008773692
3520,OADMET-0003637,3.88,2.0,2,2505,4.968596616916882,4.899886834341855
3522,OADMET-0005728,4.9,1.0,1,2506,4.808156056262782,5.305845800797886
3523,OADMET-0004816,4.64,2.0,2,2507,4.744839237111699,5.169874482253275
3524,OADMET-0003612,4.57,2.0,2,2508,4.174443103907684,4.247524882356681
3525,OADMET-0001105,2.88,3.0,3,2509,3.7935710715437416,3.370000343825373
3526,OADMET-0002788,5.3,4.0,4,2510,4.579090634055103,4.747958948558742
3527,OADMET-0005108,5.1,3.0,3,2511,4.164391000154792,4.7407815305035905
3528,OADMET-0003489,5.3,3.0,3,2512,5.03776755178157,5.502835758687237
3529,OADMET-0003738,5.01,4.0,4,43,3.7468768421174197,4.298921512563584
3530,OADMET-0005048,5.05,0.0,0,2513,4.6921878102471135,4.409212787152671
3531,OADMET-0004797,5.19,2.0,2,2514,4.614911665423472,5.099377223953372
3533,OADMET-0003253,5.47,1.0,1,2515,5.393337583999327,4.904195074690799
3534,OADMET-0004886,4.25,1.0,1,2516,4.475920308432033,4.724253024948193
3535,OADMET-0003239,3.78,0.0,0,2086,3.94457273464035,2.959516756682258
3537,OADMET-0003583,2.59,4.0,4,43,-0.5075293429390291,2.6171734739043004
3539,OADMET-0005098,5.09,4.0,4,2517,5.193807837192245,5.411177725779754
3540,OADMET-0003963,5.17,3.0,3,2518,4.618355542639193,4.5483656811911874
3541,OADMET-0005270,4.28,4.0,4,2519,4.603116254431603,4.759149814874584
3542,OADMET-0003167,5.63,2.0,2,2520,4.8190420712080595,5.005920688560558
3543,OADMET-0003162,5.55,2.0,2,2521,4.823806103512059,4.307079667460361
3544,OADMET-0003714,4.54,2.0,2,1823,4.690527920629469,4.748602072706835
3545,OADMET-0002234,3.75,3.0,3,2522,2.6008732761891187,3.7016889264895116
3546,OADMET-0003780,6.22,0.0,0,2523,4.062387162603112,5.588615274002656
3548,OADMET-0005767,4.28,1.0,1,2524,4.851217841982681,4.947106939903474
3549,OADMET-0001695,4.44,2.0,2,2525,3.79677255583663,3.7198430963919966
3550,OADMET-0002053,2.49,2.0,2,124,2.38898403269073,2.6177714144446482
3551,OADMET-0004937,4.9,1.0,1,2526,4.737979947752791,5.078278378551302
3552,OADMET-0003763,1.79,4.0,4,2527,3.8198517484222734,2.1890426060646346
3553,OADMET-0005369,4.15,3.0,3,2528,3.668237960155857,4.747504221479839
3554,OADMET-0002603,6.855,1.0,1,2529,4.992339211770952,5.433458596336704
3555,OADMET-0004741,4.94,2.0,2,2530,4.720067654472213,4.769434565579135
3558,OADMET-0000970,4.25,0.0,0,2113,3.6410634773296753,3.369888593541899
3561,OADMET-0001266,2.79,1.0,1,2531,3.1092409485853745,3.2622145133326934
3562,OADMET-0005018,4.7,4.0,4,2532,4.720899687434773,5.049365828083401
3563,OADMET-0005703,4.97,0.0,0,2533,4.397821872459401,5.022090715238165
3564,OADMET-0002780,5.925000000000001,1.0,1,2534,5.08995545579471,5.193220850643739
3565,OADMET-0003303,5.62,0.0,0,2535,5.508032806424517,5.51635014107547
3568,OADMET-0001122,2.2,0.0,0,2536,3.2992473090019994,3.2758722667233737
3569,OADMET-0003298,5.85,0.0,0,908,5.281586924924015,5.44365139702692
3570,OADMET-0002936,4.64,3.0,3,2537,4.385633814665239,3.5437437025625336
3571,OADMET-0002922,5.42,0.0,0,2538,5.141517356032146,5.0493057914429
3572,OADMET-0003715,1.89,4.0,4,2539,3.5188587989223117,3.8027628144844394
3573,OADMET-0005374,4.68,3.0,3,2540,4.436952145670986,4.446044561980042
3574,OADMET-0003543,1.82,4.0,4,43,1.7689351163438323,2.7195960542897115
3575,OADMET-0002612,4.85,4.0,4,2541,4.355183402251659,5.21063431942261
3576,OADMET-0003216,1.78,3.0,3,2542,4.521650619840901,4.367646407891857
3577,OADMET-0002324,3.58,0.0,0,821,3.1314701840151975,3.014347897902009
3578,OADMET-0005032,4.82,3.0,3,2543,4.831160904541171,5.143947763515025
3579,OADMET-0002813,5.02,1.0,1,2544,4.787521043425276,5.116177582383965
3580,OADMET-0003063,5.11,4.0,4,2545,5.15587188431822,4.413347392682264
3581,OADMET-0003189,4.71,3.0,3,210,4.867115292116292,4.989540475170045
3582,OADMET-0001778,2.28,0.0,0,2546,3.347134310994091,2.7979792123293326
3583,OADMET-0005414,4.42,0.0,0,2547,4.460465809272298,4.659443969063346
3584,OADMET-0000975,3.28,2.0,2,2548,3.8369525943988956,3.1977051113220836
3585,OADMET-0001274,3.68,3.0,3,2549,2.8265806239590052,2.8555710279996775
3586,OADMET-0003792,5.04,4.0,4,2550,4.936000264725824,4.385080632170998
3587,OADMET-0001925,4.82,1.0,1,343,4.553133198388442,4.454397497967008
3588,OADMET-0002321,2.54,1.0,1,1919,3.2412460602514814,3.060427404928245
3589,OADMET-0002111,2.97,4.0,4,43,2.5145671308692013,2.1901805329715547
3590,OADMET-0003223,5.76,3.0,3,2551,5.252994303666935,5.267459233234944
3591,OADMET-0003108,5.15,1.0,1,2552,3.9712906669149604,4.926038192054229
3593,OADMET-0002106,2.02,3.0,3,122,4.157395368823982,2.3554304990523973
3594,OADMET-0003451,5.66,0.0,0,2553,5.334646066687463,5.4005957031765055
3596,OADMET-0002047,2.01,3.0,3,2554,2.7631047960712563,1.8605315456314653
3597,OADMET-0002597,5.09,0.0,0,2555,5.145749225181695,4.832783064296187
3598,OADMET-0002305,2.18,1.0,1,2556,3.5650625991647287,2.869875120877592
3599,OADMET-0002168,3.0,1.0,1,2557,4.169620464772356,2.9595271597901425
3600,OADMET-0002304,2.2,4.0,4,43,2.695291588416078,2.7207228196603035
3601,OADMET-0005129,5.01,2.0,2,2558,4.9182175412972935,4.805393476107112
3602,OADMET-0005237,4.47,3.0,3,2559,4.647182630802373,4.568992525211053
3604,OADMET-0005470,4.23,1.0,1,2560,4.401662645891989,4.894035187479818
3607,OADMET-0000998,2.57,4.0,4,2561,3.567551906768205,2.3948888824036136
3610,OADMET-0005212,4.87,0.0,0,2562,4.823992953396224,4.689692768367005
3611,OADMET-0005101,4.57,0.0,0,2563,4.003779331913945,4.69538298156514
3612,OADMET-0003301,5.42,0.0,0,2564,4.8285607227520195,5.495447713596054
3613,OADMET-0003112,5.54,1.0,1,2565,4.853032283512572,5.593204734496792
3615,OADMET-0005816,4.4,1.0,1,2566,3.8326063203733334,4.036685767289615
3616,OADMET-0001448,4.54,1.0,1,1925,3.2356429844770416,3.1301643961113363
3617,OADMET-0001282,2.37,2.0,2,2567,2.904627696906555,2.8081347992066865
3618,OADMET-0005944,5.24,3.0,3,2568,4.452430709013412,3.7940903992385966
3619,OADMET-0005173,4.82,2.0,2,2569,4.940153773564965,4.857979264313654
3620,OADMET-0005427,4.7,1.0,1,2570,4.3041778952124465,4.924819086687654
3621,OADMET-0004781,4.7,1.0,1,2571,4.774018912089329,4.7726536521847684
3622,OADMET-0002278,2.91,1.0,1,2572,2.6619035693501685,2.3133621623007863
3625,OADMET-0003383,5.38,4.0,4,2573,4.652544947383107,4.735438314947227
3626,OADMET-0002657,5.76,3.0,3,2574,5.215330320866086,5.260401980308242
3627,OADMET-0002964,5.404999999999999,2.0,2,2575,4.47773821821167,4.650818833675499
3628,OADMET-0005523,4.43,1.0,1,2576,4.900623753828714,4.805162984942867
3629,OADMET-0001339,2.05,3.0,3,2577,3.3252684548929397,2.6748409711242243
3630,OADMET-0003365,5.58,1.0,1,2578,5.318407627339903,5.391655843782708
3631,OADMET-0005624,4.16,2.0,2,2579,3.8844069521101496,3.6191346963842244
3633,OADMET-0005852,4.73,2.0,2,2580,4.177727937352993,4.738554272465769
3637,OADMET-0002537,5.45,2.0,2,2581,4.381414965825694,4.725826648918304
3638,OADMET-0004673,4.78,0.0,0,2582,3.698751283572231,3.210586699188626
3639,OADMET-0004852,5.61,2.0,2,2583,4.854596775028042,3.9603090807153625
3640,OADMET-0000943,2.61,1.0,1,2584,3.2290508602158288,2.5630416330945667
3641,OADMET-0004919,4.65,2.0,2,2585,4.765960554590989,4.6871640513417825
3642,OADMET-0003104,5.46,0.0,0,2586,4.648281465336279,4.9279832643942685
3643,OADMET-0002595,2.69,0.0,0,2587,2.8097400187902544,3.5114432570542014
3644,OADMET-0005202,4.47,4.0,4,2588,4.954019430273616,5.018045080291057
3645,OADMET-0002284,3.5,2.0,2,37,3.9462678013473367,3.2408802876935736
3646,OADMET-0003773,4.85,1.0,1,2589,3.9733165812310633,3.725433374850604
3647,OADMET-0004239,4.91,2.0,2,848,4.096886436917511,5.085801941438691
3648,OADMET-0001009,3.21,3.0,3,2590,3.1612695223952936,3.2861410990120166
3649,OADMET-0002338,6.12,1.0,1,2591,4.853763710052393,4.804501743525498
3650,OADMET-0005647,4.53,1.0,1,2592,5.0591421242876145,4.779984742298599
3651,OADMET-0001957,1.89,0.0,0,2593,2.924658701607394,3.667735959531593
3652,OADMET-0004838,5.09,3.0,3,2594,4.661106301274621,4.959342242293405
3653,OADMET-0001058,4.1,0.0,0,2595,4.5385673552974914,4.883490843679166
3654,OADMET-0005841,4.87,0.0,0,2596,4.813945677380369,4.846590874978971
3655,OADMET-0003702,1.81,2.0,2,2597,3.020933484291011,2.892977858887777
3657,OADMET-0001981,1.81,2.0,2,2598,4.465819268701106,4.468589809719987
3658,OADMET-0003269,5.83,0.0,0,2599,4.6211680915755515,4.9523209920758795
3659,OADMET-0005695,3.94,1.0,1,2600,4.374930268584669,4.860649661048025
3660,OADMET-0001869,2.54,1.0,1,343,3.1015118490795683,2.8385554837110973
3661,OADMET-0001878,4.83,0.0,0,2601,4.380271969069545,4.720790238212849
3663,OADMET-0003589,3.73,3.0,3,2602,3.743011995206458,4.411572231348296
3664,OADMET-0005292,4.39,2.0,2,2603,4.09898755750155,4.760730477823093
3665,OADMET-0005420,5.25,0.0,0,2604,4.692555685986932,5.076616063630415
3666,OADMET-0003363,5.84,3.0,3,2605,4.7253550668106294,5.511585413153393
3668,OADMET-0003386,3.35,2.0,2,2606,3.2868434391770203,3.8437634304430333
3670,OADMET-0005471,5.32,0.0,0,2607,5.230017901862371,4.917398563854033
3671,OADMET-0003717,4.3,0.0,0,2608,4.537121921804561,5.343398156444422
3672,OADMET-0001676,3.94,1.0,1,2609,3.873784423624979,4.653961037765163
3674,OADMET-0001823,5.23,1.0,1,2610,4.421462514510324,4.000473103939169
3675,OADMET-0005973,4.68,3.0,3,2611,3.6489509654359322,4.932555629054349
3676,OADMET-0002846,5.4,0.0,0,2612,4.948411614228805,5.633364960100914
3677,OADMET-0003744,4.46,0.0,0,2613,3.9674054680770574,4.492700970511846
3678,OADMET-0004813,5.17,1.0,1,2614,5.297536114807501,5.1399119515740574
3679,OADMET-0003093,4.76,1.0,1,2615,5.38648918580007,5.110860752125893
3681,OADMET-0003220,5.01,2.0,2,2616,5.047368205498902,5.367500430089801
3682,OADMET-0002064,2.12,4.0,4,43,1.6544756245561123,2.3979528941286814
3683,OADMET-0001822,4.04,4.0,4,2617,4.162034183245726,4.430032468113329
3684,OADMET-0003092,3.69,3.0,3,2618,3.677958086430829,3.4483205509259753
3685,OADMET-0003075,4.99,4.0,4,2619,4.700014184568634,4.653471337542693
3687,OADMET-0002553,5.89,0.0,0,2620,5.295959792611922,5.201074504954992
3688,OADMET-0005790,4.57,2.0,2,2621,4.77821716631522,4.904659007543097
3689,OADMET-0002244,2.05,3.0,3,2622,3.9000125829742665,2.8369322585887624
3690,OADMET-0001039,3.33,0.0,0,2623,3.97822382117656,3.765437728186295
3691,OADMET-0003408,5.45,2.0,2,2624,4.020064306163601,4.426452411040562
3692,OADMET-0005483,5.17,4.0,4,43,4.4217109226943405,4.239261339082922
3693,OADMET-0002564,5.52,1.0,1,273,4.961429676712463,4.941280495552106
3694,OADMET-0003313,3.31,0.0,0,2625,4.0919105874603785,4.788168455736751
3695,OADMET-0002736,4.91,2.0,2,2626,4.8025576577386975,4.70334399291816
3696,OADMET-0001916,4.95,0.0,0,261,4.749512277719203,4.72394261453222
3697,OADMET-0003419,5.68,3.0,3,2627,4.68021254488025,5.079340859083778
3698,OADMET-0003786,2.92,1.0,1,2628,4.112559841846432,4.546311526069797
3700,OADMET-0005276,4.92,2.0,2,2629,4.834506795519917,4.901062985013195
3701,OADMET-0004938,5.01,1.0,1,2630,4.89129071888701,5.277290353950839
3702,OADMET-0003692,1.86,2.0,2,1515,2.2753443365356283,2.42822536170925
3703,OADMET-0003089,2.08,0.0,0,2631,3.903771898952179,4.09491365531074
3704,OADMET-0002867,5.12,0.0,0,2632,4.74904164553825,5.145158276222528
3706,OADMET-0001255,3.39,0.0,0,2633,3.5324904118531704,3.6807132646885377
3708,OADMET-0004859,5.29,3.0,3,2634,4.8947340104269585,5.072084182766451
3709,OADMET-0001164,2.51,1.0,1,2635,4.020588467222433,3.9977287339273464
3711,OADMET-0002180,1.89,4.0,4,2636,3.4321394937815013,2.22364911274318
3712,OADMET-0002962,5.88,1.0,1,2637,4.929604708902241,5.222732014510901
3713,OADMET-0005261,5.05,1.0,1,2638,5.1073535175723865,5.209964094352725
3714,OADMET-0005614,5.32,2.0,2,2639,4.408789805943944,5.020312577636091
3715,OADMET-0001124,4.12,3.0,3,2640,3.956723291513401,4.267177360734509
3716,OADMET-0002589,5.2,1.0,1,2641,4.481781459339301,5.036450368539002
3717,OADMET-0005246,4.81,4.0,4,2642,4.750328712856704,4.905532752974384
3718,OADMET-0004766,3.97,3.0,3,2643,4.1205151763597225,4.752139487348203
3719,OADMET-0001306,3.56,0.0,0,2644,4.6630890859401415,4.482439178875709
3720,OADMET-0005016,5.13,1.0,1,2645,4.794610389790863,4.949310016515501
3722,OADMET-0001811,1.7,3.0,3,2646,3.1530682549978146,2.497339396564527
3723,OADMET-0005114,4.01,3.0,3,2647,4.101265771979718,4.912796704586437
3724,OADMET-0002915,4.97,1.0,1,2648,4.504451892418952,4.465987509025031
3725,OADMET-0005053,4.95,1.0,1,2649,4.732155237505879,5.339368094553858
3726,OADMET-0001629,3.27,0.0,0,2650,3.9294448383916443,3.3552519262156983
3727,OADMET-0002239,2.07,4.0,4,43,1.778133288387861,2.218475922466005
3728,OADMET-0005611,4.85,0.0,0,1249,5.014477372604401,4.360042281246617
3729,OADMET-0004755,5.18,3.0,3,2651,4.514872751626221,5.108441923232193
3730,OADMET-0003457,5.25,3.0,3,2652,4.44903022699484,5.036971467114187
3731,OADMET-0004855,4.97,1.0,1,2653,4.783911279681831,4.780025907534476
3732,OADMET-0004818,4.88,3.0,3,2178,4.6812408247493975,5.179878134744718
3733,OADMET-0002660,1.8,4.0,4,2654,3.8101925864012216,4.191387097823359
3734,OADMET-0001613,4.08,2.0,2,124,3.997674506117453,3.8284946209031285
3735,OADMET-0002795,5.029999999999999,2.0,2,2655,3.7784794372012747,3.519027430723652
3736,OADMET-0001528,4.56,0.0,0,2656,4.151689745650716,3.898012630809863
3737,OADMET-0005733,5.22,4.0,4,2657,4.6327633708233265,3.942362506281401
3738,OADMET-0005845,4.84,0.0,0,2658,4.496699793933543,4.636474579320877
3739,OADMET-0002306,2.89,4.0,4,43,3.5380448270023037,2.7229266709103217
3740,OADMET-0004348,4.55,3.0,3,2659,4.255478988888214,4.748733934559396
3741,OADMET-0005095,5.47,0.0,0,2660,4.670230622383117,5.22270692859381
3742,OADMET-0002153,1.8,1.0,1,337,2.8646117824951194,2.231061611629092
3744,OADMET-0004829,4.49,1.0,1,2661,3.5581990724764263,4.098874390497523
3745,OADMET-0005191,5.21,1.0,1,2662,4.357100147803809,5.1427273925689345
3748,OADMET-0001085,3.53,0.0,0,2663,2.9848984319498593,3.261088041448806
3749,OADMET-0003347,5.83,0.0,0,2664,5.173668492294714,5.164783008748842
3750,OADMET-0005250,4.35,0.0,0,2665,3.7630575325344138,4.931380168687185
3751,OADMET-0005972,5.11,3.0,3,2666,4.443899381277789,4.3728174382984255
3754,OADMET-0002679,5.27,3.0,3,2667,4.903802741382842,5.608082429700117
3756,OADMET-0003539,2.38,3.0,3,122,2.1595846994214405,2.513445575504814
3758,OADMET-0005256,4.93,0.0,0,2668,4.808197692068456,4.824945096947352
3759,OADMET-0003080,4.89,2.0,2,2669,4.640500134245888,5.079938876785611
3760,OADMET-0005229,4.6,3.0,3,2670,5.083071521603888,4.7423000904663315
3761,OADMET-0003781,5.46,2.0,2,13,4.185963653184693,4.434675555899373
3763,OADMET-0005869,4.47,3.0,3,2671,4.645272544732145,4.84730259705597
3764,OADMET-0003961,4.41,4.0,4,2672,3.9690777112733704,4.3660306462663945
3765,OADMET-0002984,5.09,1.0,1,2673,4.649840671503595,4.842165998090629
3766,OADMET-0005590,4.63,3.0,3,2674,4.4937880461189215,4.111435766334459
3767,OADMET-0005500,4.64,0.0,0,2675,4.760770445438937,4.756211158094525
3768,OADMET-0005657,4.63,2.0,2,2676,4.8278670895440365,4.549012401283724
3769,OADMET-0002977,5.02,1.0,1,2677,4.767143067470969,5.083914060258612
3770,OADMET-0001583,5.28,2.0,2,124,5.049422955934936,4.251180556533981
3771,OADMET-0002001,3.1100000000000003,1.0,1,2678,5.236709305754211,4.532183095033971
3772,OADMET-0003349,5.41,2.0,2,2679,5.001592783563876,5.101661864671817
3774,OADMET-0003449,5.57,3.0,3,2134,4.4702155276281585,4.730322615552703
3775,OADMET-0002781,5.5,1.0,1,2680,4.07769027486048,4.003423304209143
3776,OADMET-0002316,2.11,0.0,0,675,2.5269470206168307,2.524674161610005
3777,OADMET-0001595,1.8,4.0,4,2681,3.240084984415621,2.4668474378876364
3780,OADMET-0006069,5.19,2.0,2,2682,4.868988800731792,5.009173565812399
3781,OADMET-0001648,2.64,3.0,3,2683,4.174861766547888,3.3623036429890827
3783,OADMET-0005796,4.63,0.0,0,2684,4.488923796251884,4.753357123065043
3784,OADMET-0003690,4.57,2.0,2,2685,3.919925944860658,4.760178711825277
3786,OADMET-0003375,5.19,3.0,3,2686,4.920107336995155,4.7138762235714475
3787,OADMET-0001027,3.67,3.0,3,2687,3.8406804149158704,2.8789396229703357
3788,OADMET-0005698,4.41,3.0,3,2688,4.973203032837706,5.122854341644888
3789,OADMET-0003766,3.89,0.0,0,2689,3.906200340101092,4.0899251759288955
3790,OADMET-0005781,4.85,0.0,0,2690,5.171336982589983,5.3030130866575425
3791,OADMET-0006078,4.19,4.0,4,2691,4.828021886112028,4.736687424834212
3793,OADMET-0002682,2.42,2.0,2,2692,4.368540799328326,4.501964227764946
3794,OADMET-0002699,5.22,4.0,4,2693,4.741008354722051,4.345765256564623
3795,OADMET-0000987,4.19,2.0,2,2694,4.034508554640023,3.8357410262520815
3797,OADMET-0001270,4.39,2.0,2,2695,4.640463204302204,4.6742842821128106
3798,OADMET-0001487,3.76,0.0,0,2696,5.116058360934184,5.246489489320188
3799,OADMET-0002313,2.02,4.0,4,43,2.611373488954304,2.5541476854706677
3801,OADMET-0004742,4.98,0.0,0,2697,4.980469726329371,4.79281852009246
3803,OADMET-0006036,5.2,4.0,4,2698,4.760123702813293,5.035185809185377
3804,OADMET-0005464,4.81,3.0,3,122,4.9425668446259285,5.06511025352023
3806,OADMET-0002764,4.79,4.0,4,2699,4.708078376271707,4.653564224403483
3807,OADMET-0005612,4.53,0.0,0,2700,3.974197102879759,4.4343560173685255
3808,OADMET-0004040,5.28,3.0,3,2701,4.639873402306896,4.71816535941027
3809,OADMET-0004379,4.78,0.0,0,2702,4.226992990148691,4.880554470386638
3811,OADMET-0001670,4.5,3.0,3,2703,4.277595818705805,3.7192491739526954
3812,OADMET-0005924,4.48,4.0,4,2704,5.183832475879051,5.281505023412528
3813,OADMET-0000989,3.63,1.0,1,2705,3.530110897617746,3.530068439700687
3814,OADMET-0003755,1.87,4.0,4,43,2.0768427448524416,2.180200912238833
3815,OADMET-0002608,4.76,1.0,1,2477,4.554359475636245,4.55776746934713
3816,OADMET-0002043,4.46,3.0,3,2706,4.675013932899811,3.806855290747198
3817,OADMET-0003509,2.94,1.0,1,2707,3.9003472121841605,3.8152592250403083
3818,OADMET-0005636,5.12,1.0,1,2708,4.1235108298108845,4.001890861366007
3819,OADMET-0005326,4.4,0.0,0,2709,4.887635250430474,4.950086885917009
3820,OADMET-0004458,5.18,1.0,1,580,4.136522596896823,4.539958213004506
3821,OADMET-0001988,1.77,3.0,3,1440,3.407550628934571,2.35714062506113
3823,OADMET-0005337,4.87,3.0,3,2710,5.09081768537713,4.888561776133984
3824,OADMET-0005679,4.4,4.0,4,2711,5.011907141721985,5.099799508154461
3827,OADMET-0002561,5.32,1.0,1,2712,5.058108456849456,4.707573791669385
3828,OADMET-0002096,2.51,2.0,2,1530,2.6518176999156173,2.232889499944308
3829,OADMET-0005358,4.43,0.0,0,2713,4.144187348988015,4.151950090918148
3830,OADMET-0001104,3.73,3.0,3,2714,3.702648274867763,3.4204331427221244
3831,OADMET-0002256,3.03,2.0,2,1530,4.081494054179099,2.935245518397057
3832,OADMET-0002260,2.01,4.0,4,43,2.899251276631139,2.5381787973186296
3833,OADMET-0006025,5.22,2.0,2,2715,4.817556597756845,5.1724203262018555
3834,OADMET-0006016,4.26,3.0,3,2716,4.118609688824323,5.1881188958524
3836,OADMET-0003681,2.97,0.0,0,2717,2.835383621737802,2.1963633630683863
3837,OADMET-0002870,5.07,2.0,2,2718,4.207167703073765,4.32345113178658
3838,OADMET-0005811,5.22,4.0,4,2719,4.4587229703858275,5.345533473358515
3839,OADMET-0006058,5.26,4.0,4,2720,4.802928449195379,5.087297777532186
3840,OADMET-0005860,4.36,0.0,0,2721,4.816688164758503,4.5522498479413
3842,OADMET-0002580,5.6,3.0,3,2722,4.761350877410433,4.939876657640253
3844,OADMET-0003231,5.48,0.0,0,2723,4.7806962197305,4.995589708593003
3845,OADMET-0003094,5.02,1.0,1,924,4.520417554570843,3.8378650355873014
3846,OADMET-0003704,4.19,0.0,0,2724,3.3449749708996657,3.0855930562374274
3848,OADMET-0001989,4.4,3.0,3,2725,5.608390231952813,4.864533144731213
3849,OADMET-0002059,4.08,0.0,0,2726,3.026682935767491,3.610008698413331
3850,OADMET-0005371,4.69,4.0,4,2727,4.585547261869159,4.720262558989858
3851,OADMET-0005396,4.29,1.0,1,2728,4.539140465469992,4.699594040588101
3852,OADMET-0002958,5.35,2.0,2,2729,4.835059116691754,5.004427038892906
3853,OADMET-0002898,2.54,0.0,0,2730,4.589137524170119,4.539860551749059
3854,OADMET-0002675,5.8100000000000005,2.0,2,2731,4.8377368843582875,5.216238372688843
3855,OADMET-0001678,2.37,1.0,1,924,3.676898174025558,3.3949198877273443
3856,OADMET-0003352,5.59,0.0,0,2732,4.794746519154686,5.3226651282259905
3857,OADMET-0002116,3.11,0.0,0,821,2.417947045819443,2.570271781132379
3858,OADMET-0003056,4.94,2.0,2,2733,4.785472232869752,4.554503616240894
3859,OADMET-0002317,1.92,3.0,3,646,2.0046915209072163,2.3174795127693337
3860,OADMET-0003721,1.99,0.0,0,1313,2.1946521026539325,3.293581369095644
3862,OADMET-0005681,5.17,1.0,1,2734,5.17704596068995,4.82487017357367
3863,OADMET-0004069,4.26,0.0,0,2735,4.479946932448357,4.891848511344748
3865,OADMET-0002068,1.87,1.0,1,91,2.5425323272621445,2.7934670539462116
3866,OADMET-0001911,4.18,4.0,4,43,3.2660841286449416,4.323111466511778
3867,OADMET-0004884,5.09,1.0,1,2736,5.43605215878363,4.905079874548612
3869,OADMET-0003911,4.4,3.0,3,2737,4.827529059846421,4.27733880959947
3871,OADMET-0005468,4.38,4.0,4,2738,5.04342643602311,4.74377748827861
3873,OADMET-0004967,4.8,3.0,3,2739,4.4170176166060715,4.734064397532825
3876,OADMET-0002798,5.21,1.0,1,2740,4.175012482705099,4.119682885561365
3877,OADMET-0003048,6.46,1.0,1,2741,5.554708306077895,5.3205845469263116
3878,OADMET-0003431,5.7,0.0,0,2742,4.9843769662783055,5.0643915221360984
3879,OADMET-0001312,3.53,3.0,3,2743,4.138314298516121,3.449726598644982
3880,OADMET-0001061,4.08,0.0,0,2744,3.559212559652381,2.8526404379847268
3881,OADMET-0001318,4.66,2.0,2,2745,5.50640550596804,5.1608610453754435
3882,OADMET-0003460,5.555,3.0,3,2746,5.3326767135354896,5.07360974649492
3883,OADMET-0004065,4.77,4.0,4,2747,4.566747368299941,5.004243521631677
3884,OADMET-0003768,2.54,1.0,1,91,3.4556065701465934,3.1053380905432904
3885,OADMET-0003453,5.28,0.0,0,2748,4.702680240599787,5.134766373843127
3886,OADMET-0001458,3.0,3.0,3,1983,3.8964274913160466,3.0568124932802556
3887,OADMET-0001745,3.87,1.0,1,2181,4.015647743575613,3.6754739697479617
3888,OADMET-0005838,5.23,2.0,2,2749,4.649271088572982,4.465101966720045
3889,OADMET-0004726,4.89,1.0,1,2750,4.560911061427366,5.094635301758743
3890,OADMET-0005923,5.53,3.0,3,2751,4.431576843298039,4.612479464764276
3892,OADMET-0003261,1.74,1.0,1,2752,4.021879820121789,4.2688116861184655
3893,OADMET-0003835,3.9,0.0,0,2753,4.541972774797202,4.528773197796697
3894,OADMET-0003154,5.6,2.0,2,2754,5.12705753806159,4.850369056436633
3895,OADMET-0000927,2.32,1.0,1,2755,3.960937230352961,2.9799817513443987
3896,OADMET-0005347,4.51,4.0,4,2756,5.210983467485338,4.771295920520376
3897,OADMET-0002319,3.0,4.0,4,43,2.741142007518563,3.0467721807610486
3898,OADMET-0001924,3.9,1.0,1,1652,4.814315866245666,4.29130410379447
3899,OADMET-0004439,4.2,1.0,1,2369,3.89378433183904,4.842712414702224
3900,OADMET-0001899,4.95,1.0,1,2757,4.61175743061546,4.605780078482568
3901,OADMET-0003739,4.04,4.0,4,43,1.8507982735070794,2.804293385475638
3902,OADMET-0003224,4.12,4.0,4,2758,5.326572061652154,5.257493884772718
3903,OADMET-0003617,4.92,3.0,3,368,4.663543576641032,4.21607584120126
3904,OADMET-0006056,4.58,4.0,4,2759,4.552183470121358,4.8184524313988835
3905,OADMET-0001533,5.2,4.0,4,2760,3.4577130988081892,4.393857116799077
3906,OADMET-0003339,2.62,4.0,4,2761,2.7040979304822668,3.8635791373565653
3907,OADMET-0002099,1.98,2.0,2,124,2.07856600505699,2.684327595003397
3908,OADMET-0001038,3.97,2.0,2,2762,3.5635472967663384,4.0982119567173365
3909,OADMET-0002634,4.7,3.0,3,2763,4.807838861461676,5.134615335380529
3911,OADMET-0004021,5.2,4.0,4,2764,4.893517939542997,4.724074919998826
3912,OADMET-0005444,4.57,0.0,0,2765,4.869604766972122,4.865560549438099
3913,OADMET-0001446,2.51,2.0,2,2766,3.609732350042285,3.6282029602050008
3915,OADMET-0001221,2.97,0.0,0,2767,3.80353876338613,2.9955304824769713
3916,OADMET-0003582,1.79,3.0,3,2768,3.780220472271384,4.003627675308352
3917,OADMET-0002725,5.35,4.0,4,2769,4.5423535052318895,4.91734402338881
3918,OADMET-0001308,3.23,4.0,4,2770,2.991889689944869,3.3098566529321642
3919,OADMET-0005348,4.5,3.0,3,2771,4.57036329226656,4.463355317472598
3920,OADMET-0003285,1.73,4.0,4,2772,5.090960869477727,4.1625613141397695
3921,OADMET-0005792,4.58,3.0,3,72,4.260338219892231,4.052045752228429
3922,OADMET-0002235,2.88,0.0,0,599,3.1558776933350474,3.2339902293096516
3923,OADMET-0001222,3.19,4.0,4,2773,4.157078322922666,3.6451208331081477
3924,OADMET-0003206,5.29,1.0,1,2774,4.7171051933317205,4.649209717057205
3925,OADMET-0001801,1.75,1.0,1,2775,3.358815190798369,2.506348793491166
3926,OADMET-0002018,2.36,1.0,1,343,4.032305285890814,4.477929076753901
3928,OADMET-0003472,6.015000000000001,0.0,0,908,5.434604144600978,5.293260478270811
3930,OADMET-0002030,4.57,4.0,4,2776,4.876787788785147,4.172546534235265
3933,OADMET-0003232,4.65,3.0,3,2777,4.736727471297721,4.970900762511306
3934,OADMET-0001288,2.76,4.0,4,2778,3.7819181502359447,2.254920282228475
3935,OADMET-0004824,4.13,3.0,3,2779,4.476701778051012,5.148706355078757
3936,OADMET-0005087,5.0,2.0,2,2780,4.530620461879065,4.634117571593463
3937,OADMET-0004928,5.55,3.0,3,2781,4.975646312845992,5.4560419691759705
3938,OADMET-0005854,3.96,0.0,0,2782,4.509827248185542,4.565795818004305
3939,OADMET-0003621,1.77,3.0,3,2783,2.869335071270295,2.1182249689731485
3940,OADMET-0001462,5.16,2.0,2,191,4.799406913635957,4.9113816673115105
3941,OADMET-0003433,5.83,1.0,1,2784,4.903515130686238,5.349409030136043
3942,OADMET-0005433,4.78,3.0,3,2785,4.625204698991841,4.515063838245731
3944,OADMET-0003030,5.04,4.0,4,2786,4.688181213886031,4.9257820559727366
3945,OADMET-0002173,2.61,4.0,4,43,2.485238048753473,2.314650384128646
3946,OADMET-0004878,4.72,4.0,4,2787,4.468580448566085,5.039557643182814
3948,OADMET-0005344,5.04,0.0,0,2788,4.2716496372022075,5.204838756859852
3949,OADMET-0001743,4.11,4.0,4,2789,3.7155645575867435,3.597438452103899
3950,OADMET-0002588,5.41,0.0,0,2790,4.725964742256748,5.282599955681011
3951,OADMET-0002995,3.43,2.0,2,2791,4.176485208129008,3.9482477296156033
3952,OADMET-0004846,4.95,2.0,2,2792,5.332886271861328,5.229812901486821
3953,OADMET-0001494,2.26,1.0,1,2793,4.249527781292228,3.8443975622044886
3955,OADMET-0003734,4.67,0.0,0,2794,4.364420564427817,4.38588038436899
3956,OADMET-0001686,4.5,2.0,2,2795,4.181544282768226,4.419456094786965
3957,OADMET-0006047,4.93,0.0,0,2796,5.307712771554208,5.2714579094645035
3958,OADMET-0001985,3.58,3.0,3,2797,4.852683332039208,4.897541652482204
3959,OADMET-0002559,6.140000000000001,4.0,4,2798,5.507305388656883,4.701071692133969
3960,OADMET-0004978,5.05,2.0,2,102,4.789220879840128,4.504277883382296
3961,OADMET-0006039,4.18,3.0,3,2799,4.772020826682929,4.70876659056511
3962,OADMET-0001072,3.62,2.0,2,2800,3.5430748522135813,4.252031936131839
3963,OADMET-0005898,4.15,1.0,1,2801,4.1524034010236806,4.861443791959446
3964,OADMET-0005047,4.88,0.0,0,2802,4.987065463205015,4.737814627314225
3965,OADMET-0005757,4.52,3.0,3,2803,4.110331651380182,4.745662312179257
3966,OADMET-0003591,3.29,0.0,0,1313,2.496187557429227,3.3570306202839926
3967,OADMET-0005791,4.63,2.0,2,2804,4.414974568668616,4.857015725415121
3968,OADMET-0000935,2.59,3.0,3,2805,3.9803483728866205,3.4417125675667983
3969,OADMET-0001954,2.28,4.0,4,43,4.015872224346941,2.538104693730832
3971,OADMET-0003037,5.58,4.0,4,2806,5.035720083831045,5.054197873131853
3972,OADMET-0004806,4.11,4.0,4,2807,4.078203266451908,4.122410542574515
3973,OADMET-0002323,1.96,0.0,0,599,3.183614619538301,2.659521719121238
3974,OADMET-0002601,5.915,1.0,1,2808,5.22975326681113,5.14299057421239
3975,OADMET-0001646,4.22,4.0,4,2809,5.106894296680611,4.520032163358836
3976,OADMET-0002853,1.76,0.0,0,2810,3.2860825879850353,3.8038386513298312
3977,OADMET-0003527,5.005,2.0,2,168,4.255006464390374,4.715527075332711
3978,OADMET-0003184,5.15,1.0,1,2811,4.3046210747522355,5.072639022903595
3979,OADMET-0004898,4.56,0.0,0,2812,4.5916734993165695,5.163388052867984
3980,OADMET-0003370,2.45,0.0,0,2813,3.987419436437568,3.621450915744661
3981,OADMET-0002718,6.115,3.0,3,2814,4.662108670975854,4.9486244460161295
3982,OADMET-0006054,4.68,0.0,0,2815,3.8101890265787945,4.053489125534383
3983,OADMET-0003114,5.13,3.0,3,2816,4.854349820462974,4.914726562534802
3985,OADMET-0002078,1.91,4.0,4,43,4.6609376343182625,3.3949733687841386
3987,OADMET-0005182,4.87,1.0,1,2817,4.548097049903339,4.817856176441689
3988,OADMET-0001431,3.64,4.0,4,2818,4.180970364323674,4.502282024427999
3989,OADMET-0003288,5.39,4.0,4,2819,4.732437177939759,4.922188902880953
3990,OADMET-0001025,2.39,0.0,0,2820,3.879656026246278,3.4580717681752926
3991,OADMET-0005970,4.46,4.0,4,2821,4.722312316897288,4.877477417340713
3992,OADMET-0003306,5.76,2.0,2,2822,5.325597922936363,5.591810071486466
3993,OADMET-0003653,3.4,3.0,3,2823,4.476897410745818,4.339337608037944
3994,OADMET-0005124,4.5,0.0,0,2824,5.502958717166659,5.293971421497413
3995,OADMET-0005653,5.41,0.0,0,2825,4.767140098972173,5.27061785191955
3996,OADMET-0001161,3.62,2.0,2,2826,3.68840186861859,3.7519220500132207
3997,OADMET-0001867,3.55,1.0,1,2827,4.408658318073648,4.562949566725072
3998,OADMET-0005123,4.6,1.0,1,2828,3.8214532602177846,4.329230198089432
3999,OADMET-0005069,5.02,1.0,1,2829,4.172857644665254,4.101051563131572
4000,OADMET-0002171,3.36,4.0,4,43,2.512305979904389,3.273389486635781
4001,OADMET-0002723,2.89,3.0,3,2830,3.406820636992336,4.214096484517617
4002,OADMET-0005835,3.63,3.0,3,2831,4.7971990109186,4.172749574991795
4003,OADMET-0002992,6.02,3.0,3,2832,5.207129554347756,5.107694493981232
4004,OADMET-0005205,4.34,2.0,2,2833,4.502803670586554,4.135225853583484
4005,OADMET-0004845,5.4,4.0,4,2834,5.183012247963313,4.903653615073201
4006,OADMET-0001986,3.85,4.0,4,2835,3.9268829480677665,3.4326581054954826
4007,OADMET-0001932,5.37,2.0,2,2836,4.807872472293845,4.212613325485652
4009,OADMET-0003802,4.61,0.0,0,2837,4.330834869600088,4.096754165291728
4010,OADMET-0002119,2.73,2.0,2,2838,2.1976775821681045,2.1822661876082123
4011,OADMET-0002943,5.16,0.0,0,2839,3.5458706411289724,4.672513454665005
4012,OADMET-0004789,5.06,4.0,4,2840,4.964452413624803,5.0375115350248665
4015,OADMET-0001723,4.07,1.0,1,2841,4.477610839648424,4.275392873186902
4016,OADMET-0005527,4.09,4.0,4,2842,4.365189490306459,4.296093378045342
4017,OADMET-0004902,4.98,2.0,2,2843,3.907630885262667,5.074854278351438
4018,OADMET-0001123,4.26,0.0,0,2844,5.1402074588890665,4.574797487172311
4019,OADMET-0001453,5.52,2.0,2,2845,5.2539107063875345,5.241954997209091
4020,OADMET-0002926,4.87,3.0,3,2846,5.616250425216185,4.885273301069923
4021,OADMET-0005673,4.39,2.0,2,2847,4.640245046394629,4.915916409216607
4022,OADMET-0003827,4.17,2.0,2,2848,4.613898508849383,4.559095064071456
4023,OADMET-0003971,5.0,4.0,4,2849,4.5367220857480115,4.824311562926913
4024,OADMET-0005364,4.62,3.0,3,2850,4.5762261397854935,3.9832350948157482
4025,OADMET-0005127,5.25,3.0,3,2851,5.361621201483172,5.293905932257008
4026,OADMET-0005597,4.77,2.0,2,2852,4.397675436728031,4.434312102760098
4027,OADMET-0001114,2.55,0.0,0,2853,3.5482535721136363,3.199932226247427
4028,OADMET-0002289,2.97,4.0,4,43,3.7048529896436575,2.422409789007215
4029,OADMET-0001394,4.74,3.0,3,2854,3.911030655635126,4.7255799648155055
4030,OADMET-0001751,4.62,0.0,0,2855,5.1522560822895365,4.665056553141056
4031,OADMET-0002077,2.06,0.0,0,821,2.8102575452572416,2.4403933142318075
4033,OADMET-0003226,5.77,1.0,1,2856,5.555618346811091,5.408744259269726
4034,OADMET-0003525,5.42,0.0,0,685,4.858228955430825,4.857520770760034
4035,OADMET-0005734,4.85,0.0,0,2857,5.355769159944566,5.111076680144603
4036,OADMET-0002704,5.6,2.0,2,2858,4.285526930583056,3.4506586913541346
4038,OADMET-0003606,3.81,1.0,1,2859,3.457070790891512,4.290229591712195
4039,OADMET-0005748,4.74,4.0,4,2860,5.013419384026937,4.867143878967612
4040,OADMET-0002225,3.54,3.0,3,55,3.6959144601591416,3.1834164632996096
4041,OADMET-0002163,2.99,4.0,4,43,3.3930545740911473,2.6788006935560045
4042,OADMET-0001941,3.0,1.0,1,2861,4.485221817009623,4.418042831424076
4043,OADMET-0003133,6.22,2.0,2,2862,4.636236890549827,4.9369697334709395
4044,OADMET-0001716,4.04,2.0,2,2863,4.338957791074934,3.7429963382515075
4045,OADMET-0002624,1.74,1.0,1,2864,4.035395951041574,4.6669603315690535
4046,OADMET-0004719,4.64,2.0,2,2865,5.299854309957686,4.797331802374419
4047,OADMET-0003043,6.34,0.0,0,908,5.7302901011115015,5.694950602907571
4048,OADMET-0001036,2.5,1.0,1,2866,3.265829622300818,3.445114349865928
4050,OADMET-0001612,3.53,0.0,0,2867,4.109562553210931,3.881178540530268
4051,OADMET-0001005,2.67,2.0,2,2868,3.797888897671382,2.695019188653211
4052,OADMET-0004067,4.82,0.0,0,2869,4.150577316282756,4.571726528017371
4053,OADMET-0005465,5.19,0.0,0,2870,4.951547309185976,5.090323290212863
4054,OADMET-0005450,5.43,1.0,1,2871,4.7507157896168755,5.430505432088857
4055,OADMET-0001129,2.76,4.0,4,2872,3.408254773255064,2.8083746467577337
4056,OADMET-0002120,1.95,4.0,4,2873,3.147087623852163,2.7150979687106696
4057,OADMET-0005649,4.79,2.0,2,2874,4.230002285835548,4.84163795500956
4058,OADMET-0001485,5.78,3.0,3,2875,4.787429643669492,4.992128017730825
4059,OADMET-0005110,4.93,1.0,1,2876,4.8655605231036745,5.394460921540541
4061,OADMET-0003531,5.91,0.0,0,2877,4.8389974035929635,4.6857590381067045
4062,OADMET-0005904,4.39,4.0,4,2878,4.625542206713683,4.503636157298968
4064,OADMET-0001513,4.98,4.0,4,2879,4.023871358084582,4.685818819557094
4066,OADMET-0001748,4.89,2.0,2,2880,4.496807279261573,4.699150589938359
4067,OADMET-0005408,5.82,1.0,1,2881,4.557027516235507,5.450454887512089
4068,OADMET-0003529,5.74,2.0,2,2882,4.500384246767844,5.312389378894576
4069,OADMET-0003648,4.45,2.0,2,2883,4.271141289027007,4.977029247705743
4070,OADMET-0002014,5.29,2.0,2,2884,3.6252546938137966,3.3867339742712903
4071,OADMET-0005066,4.72,1.0,1,2885,4.852739406973584,4.480277994935319
4072,OADMET-0003650,1.82,3.0,3,86,3.3561386436805787,2.4397531204313596
4073,OADMET-0002327,2.65,0.0,0,921,3.529802955807519,2.6323701279195824
4074,OADMET-0003454,1.78,3.0,3,2886,4.009995352949255,3.9406990298390356
4075,OADMET-0003001,5.46,2.0,2,2887,5.176280959195224,5.0682531016365076
4076,OADMET-0003584,4.43,4.0,4,2888,3.5506535602255465,3.599944228928501
4077,OADMET-0002845,5.71,3.0,3,2889,5.157315129471589,5.067219585696461
4079,OADMET-0002940,5.05,3.0,3,2890,4.854201794651578,5.173091212811896
4080,OADMET-0004498,5.18,4.0,4,2891,5.089482037235938,5.187564889567493
4081,OADMET-0002557,5.13,3.0,3,2892,4.998053970174874,5.055625677184062
4082,OADMET-0001470,6.43,0.0,0,2893,5.269987345342993,5.618472168987868
4083,OADMET-0003106,5.43,1.0,1,2894,5.336945591712106,5.146640106776606
4084,OADMET-0001149,4.71,2.0,2,2895,4.867579212501676,4.689272752719303
4085,OADMET-0005126,4.15,3.0,3,2896,4.709407814530223,4.389661675041555
4086,OADMET-0001376,3.92,2.0,2,2897,4.281514839502861,4.711539511637741
4088,OADMET-0003435,5.56,3.0,3,2898,5.192874216815608,5.701395938185451
4089,OADMET-0002876,5.34,2.0,2,2899,5.6139001571922,5.177870412683893
4090,OADMET-0001325,3.98,0.0,0,2900,4.385187058258818,3.4855539094794623
4092,OADMET-0003579,2.45,4.0,4,2901,3.6015378702113123,4.588692151058213
4093,OADMET-0005121,4.94,4.0,4,2902,5.036074760130759,5.18647804196197
4094,OADMET-0002829,5.64,1.0,1,2903,4.526053549077798,4.866500651300788
4095,OADMET-0005387,4.79,2.0,2,2904,4.411625051054098,4.878493970306478
4097,OADMET-0004717,4.68,0.0,0,2905,4.303450051127747,4.403042257362792
4098,OADMET-0005668,5.27,4.0,4,2906,4.722186912450885,4.990094451222977
4099,OADMET-0001352,2.61,4.0,4,2907,3.7502604099210863,3.371811084463988
4101,OADMET-0002060,2.49,4.0,4,43,1.8410280893587165,2.5350303688198386
4102,OADMET-0001992,2.95,3.0,3,558,3.262716350790416,3.25703878752683
4103,OADMET-0003649,6.69,1.0,1,2591,4.826597872597652,4.804501743525498
4104,OADMET-0002668,5.03,4.0,4,2908,5.440013838568353,4.903117207313824
4105,OADMET-0001023,5.58,0.0,0,2909,5.19891492641176,5.302529253085318
4106,OADMET-0006059,4.45,2.0,2,2910,5.005869670042173,4.73713852037651
4107,OADMET-0001730,3.26,1.0,1,1652,4.459387880817504,4.1799550203956475
4109,OADMET-0005279,5.39,3.0,3,2911,4.475995445272579,4.749760024803976
4111,OADMET-0005194,4.92,0.0,0,2912,4.661005480371222,4.996423029136461
4112,OADMET-0003077,4.32,4.0,4,2913,4.56502861644184,4.643101130609347
4113,OADMET-0002070,2.92,2.0,2,124,2.733955836662599,2.558748363764775
4114,OADMET-0001763,1.88,3.0,3,2914,3.3552829201401284,2.896965554391197
4115,OADMET-0005745,4.82,3.0,3,2915,5.169582800783776,5.060379419225024
4116,OADMET-0005351,4.41,1.0,1,2916,4.084627989848847,4.39135538526499
4117,OADMET-0001388,6.14,2.0,2,2917,4.0204343182858535,4.259976610732377
4118,OADMET-0003506,5.14,0.0,0,2918,5.253908023925296,4.960439396477574
4119,OADMET-0003358,4.86,4.0,4,2919,5.284141027935934,5.128671841562472
4120,OADMET-0006014,5.39,1.0,1,2920,4.686291646686464,4.903160570268549
4121,OADMET-0002012,4.33,3.0,3,2921,4.571153515828324,4.5962457566982655
4122,OADMET-0001662,3.14,3.0,3,2922,4.064583323204209,3.4013981458585434
4123,OADMET-0001511,3.62,3.0,3,2923,3.9897577210343123,4.07966583279814
4124,OADMET-0001904,4.84,0.0,0,2924,4.435722593185524,4.0622474677025435
4126,OADMET-0000997,3.07,4.0,4,2925,3.290256819320945,3.1464595557552957
4127,OADMET-0001913,4.875,3.0,3,2926,4.7336231494307395,4.551935626424048
4128,OADMET-0005309,4.64,4.0,4,2927,4.4100539887593255,4.954066427101007
4129,OADMET-0005378,4.89,3.0,3,2928,5.167305775232752,4.908937223596402
4130,OADMET-0000982,3.01,2.0,2,2929,3.4520592724653207,3.225132848409707
4131,OADMET-0003262,5.2,0.0,0,2461,4.912768669411306,5.454335179448943
4132,OADMET-0001631,4.35,1.0,1,2930,4.8484971885012085,4.450226571475823
