feature_row,original_id,standardized_fold,nearest_training_similarity,nearest_training_feature_row,nearest_training_original_id
8,OADMET-0002003,0,0.509090909090909,2874,OADMET-0004771
16,OADMET-0003052,0,0.43636363636363634,2322,OADMET-0005133
30,OADMET-0002674,0,0.27906976744186046,27,OADMET-0002717
32,OADMET-0005736,0,0.3508771929824561,73,OADMET-0005441
36,OADMET-0003889,0,0.38028169014084506,1565,OADMET-0004207
48,OADMET-0004803,0,0.3611111111111111,1578,OADMET-0001973
55,OADMET-0005525,0,0.4155844155844156,483,OADMET-0001289
56,OADMET-0006031,0,0.34177215189873417,556,OADMET-0003070
61,OADMET-0005014,0,0.3918918918918919,3246,OADMET-0003331
67,OADMET-0001775,0,0.42105263157894735,3949,OADMET-0001743
75,OADMET-0005713,0,0.27941176470588236,3637,OADMET-0002537
93,OADMET-0003044,0,0.45161290322580644,2736,OADMET-0002921
95,OADMET-0002882,0,0.4153846153846154,2948,OADMET-0003139
97,OADMET-0001319,0,0.34328358208955223,822,OADMET-0001320
100,OADMET-0002590,0,0.5409836065573771,3501,OADMET-0004848
115,OADMET-0005417,0,0.47619047619047616,70,OADMET-0005667
116,OADMET-0004577,0,0.35714285714285715,1607,OADMET-0002035
135,OADMET-0005167,0,0.417910447761194,2839,OADMET-0002702
146,OADMET-0003651,0,0.3472222222222222,1896,OADMET-0005925
147,OADMET-0001636,0,0.36585365853658536,2871,OADMET-0001596
148,OADMET-0005697,0,0.3382352941176471,1493,OADMET-0005870
150,OADMET-0002814,0,0.43209876543209874,2843,OADMET-0004642
157,OADMET-0003338,0,0.3333333333333333,2877,OADMET-0005630
158,OADMET-0001993,0,0.5,3281,OADMET-0001974
162,OADMET-0003068,0,0.5172413793103449,1044,OADMET-0004478
177,OADMET-0001718,0,0.4,4071,OADMET-0005066
184,OADMET-0005609,0,0.3235294117647059,3107,OADMET-0001818
186,OADMET-0001576,0,0.4225352112676056,909,OADMET-0001567
187,OADMET-0005927,0,0.4583333333333333,1015,OADMET-0002309
197,OADMET-0001398,0,0.3026315789473684,1271,OADMET-0005701
208,OADMET-0003286,0,0.3287671232876712,2332,OADMET-0006020
209,OADMET-0005557,0,0.352112676056338,130,OADMET-0005393
215,OADMET-0005136,0,0.5652173913043478,690,OADMET-0005152
217,OADMET-0002811,0,0.43661971830985913,3579,OADMET-0002813
221,OADMET-0004970,0,0.27472527472527475,449,OADMET-0005655
226,OADMET-0005244,0,0.3235294117647059,2362,OADMET-0003575
230,OADMET-0002611,0,0.4666666666666667,3316,OADMET-0005873
232,OADMET-0005502,0,0.2926829268292683,2201,OADMET-0001193
233,OADMET-0005846,0,0.34615384615384615,1888,OADMET-0003051
245,OADMET-0005747,0,0.3055555555555556,789,OADMET-0004820
246,OADMET-0000994,0,0.4,1121,OADMET-0005259
253,OADMET-0003394,0,0.3230769230769231,3053,OADMET-0002864
265,OADMET-0003006,0,0.29577464788732394,255,OADMET-0005429
267,OADMET-0003701,0,0.3008849557522124,357,OADMET-0003602
274,OADMET-0005459,0,0.43103448275862066,616,OADMET-0001532
275,OADMET-0004270,0,0.2926829268292683,1036,OADMET-0003516
287,OADMET-0001996,0,0.5,2884,OADMET-0001991
288,OADMET-0005759,0,0.3424657534246575,2664,OADMET-0003028
291,OADMET-0002181,0,0.4318181818181818,3958,OADMET-0001985
296,OADMET-0003390,0,0.4177215189873418,27,OADMET-0002717
298,OADMET-0003519,0,0.375,2339,OADMET-0003372
302,OADMET-0005501,0,0.2857142857142857,1453,OADMET-0005389
308,OADMET-0004913,0,0.26373626373626374,3639,OADMET-0004852
311,OADMET-0005613,0,0.32926829268292684,4093,OADMET-0005121
321,OADMET-0002026,0,0.4528301886792453,3301,OADMET-0003410
329,OADMET-0005561,0,0.4225352112676056,3963,OADMET-0005898
330,OADMET-0003130,0,0.25,1627,OADMET-0005953
336,OADMET-0001614,0,0.3472222222222222,3236,OADMET-0001674
340,OADMET-0003086,0,0.35064935064935066,1669,OADMET-0005407
343,OADMET-0003620,0,0.31666666666666665,3076,OADMET-0003553
353,OADMET-0002185,0,0.525,322,OADMET-0002236
359,OADMET-0001804,0,0.3698630136986301,2589,OADMET-0001753
361,OADMET-0005520,0,0.32,2681,OADMET-0001011
365,OADMET-0002957,0,0.33766233766233766,3426,OADMET-0005997
408,OADMET-0002913,0,0.275,2161,OADMET-0005486
410,OADMET-0001827,0,0.323943661971831,3117,OADMET-0001493
412,OADMET-0005548,0,0.3466666666666667,1379,OADMET-0001145
421,OADMET-0004744,0,0.32,1026,OADMET-0002776
422,OADMET-0005716,0,0.3157894736842105,1321,OADMET-0001097
424,OADMET-0002930,0,0.4305555555555556,1060,OADMET-0002952
425,OADMET-0001019,0,0.5,894,OADMET-0001063
427,OADMET-0002916,0,0.5074626865671642,2072,OADMET-0002969
435,OADMET-0001031,0,0.43478260869565216,2174,OADMET-0001859
441,OADMET-0006035,0,0.3235294117647059,3057,OADMET-0003437
450,OADMET-0001982,0,0.46938775510204084,3281,OADMET-0001974
451,OADMET-0001464,0,0.2987012987012987,2728,OADMET-0005928
493,OADMET-0003387,0,0.325,2113,OADMET-0003221
498,OADMET-0001451,0,0.527027027027027,1204,OADMET-0001452
500,OADMET-0004628,0,0.4722222222222222,3543,OADMET-0003162
501,OADMET-0002183,0,0.42857142857142855,2138,OADMET-0002211
504,OADMET-0004900,0,0.417910447761194,1493,OADMET-0005870
508,OADMET-0004955,0,0.4264705882352941,130,OADMET-0005393
528,OADMET-0004694,0,0.4492753623188406,3404,OADMET-0005706
530,OADMET-0001133,0,0.34328358208955223,2728,OADMET-0005928
532,OADMET-0004889,0,0.46153846153846156,641,OADMET-0002296
538,OADMET-0003607,0,0.5,2086,OADMET-0003811
547,OADMET-0002847,0,0.4603174603174603,2322,OADMET-0005133
548,OADMET-0001961,0,0.4883720930232558,2034,OADMET-0002214
564,OADMET-0002767,0,0.23595505617977527,396,OADMET-0002648
567,OADMET-0002761,0,0.3939393939393939,3775,OADMET-0002781
572,OADMET-0002020,0,0.5853658536585366,1943,OADMET-0002164
574,OADMET-0000931,0,0.3783783783783784,1783,OADMET-0001343
579,OADMET-0003518,0,0.3835616438356164,3499,OADMET-0001064
587,OADMET-0005435,0,0.3333333333333333,50,OADMET-0005208
599,OADMET-0005564,0,0.3333333333333333,3664,OADMET-0005292
604,OADMET-0005680,0,0.43661971830985913,830,OADMET-0005023
610,OADMET-0003180,0,0.30864197530864196,896,OADMET-0005240
611,OADMET-0001053,0,0.3333333333333333,4084,OADMET-0001149
614,OADMET-0005280,0,0.2676056338028169,2362,OADMET-0003575
615,OADMET-0001315,0,0.3484848484848485,3548,OADMET-0005767
625,OADMET-0002838,0,0.4339622641509434,3062,OADMET-0002869
643,OADMET-0005579,0,0.2894736842105263,2008,OADMET-0004321
658,OADMET-0005616,0,0.42857142857142855,2198,OADMET-0003466
662,OADMET-0003485,0,0.352112676056338,494,OADMET-0003388
668,OADMET-0001732,0,0.35443037974683544,2601,OADMET-0001554
697,OADMET-0002186,0,0.44,970,OADMET-0002328
700,OADMET-0001606,0,0.34782608695652173,1021,OADMET-0003697
704,OADMET-0003351,0,0.4027777777777778,4099,OADMET-0001352
714,OADMET-0005474,0,0.2839506172839506,2967,OADMET-0005494
717,OADMET-0005595,0,0.5,3503,OADMET-0005073
718,OADMET-0003031,0,0.39473684210526316,1703,OADMET-0005912
723,OADMET-0001408,0,0.5333333333333333,2334,OADMET-0001409
729,OADMET-0002652,0,0.4,2174,OADMET-0001859
739,OADMET-0002016,0,0.55,1467,OADMET-0002271
740,OADMET-0004725,0,0.391304347826087,4044,OADMET-0001716
747,OADMET-0001922,0,0.3333333333333333,1048,OADMET-0004315
750,OADMET-0005375,0,0.3253012048192771,178,OADMET-0000966
756,OADMET-0002573,0,0.2465753424657534,2746,OADMET-0003222
759,OADMET-0005448,0,0.3333333333333333,2232,OADMET-0003018
769,OADMET-0001789,0,0.39473684210526316,108,OADMET-0001663
780,OADMET-0003603,0,0.30303030303030304,1,OADMET-0005789
782,OADMET-0001112,0,0.33783783783783783,1131,OADMET-0004702
792,OADMET-0002787,0,0.3333333333333333,64,OADMET-0001615
800,OADMET-0005318,0,0.3974358974358974,906,OADMET-0002691
810,OADMET-0005704,0,0.3409090909090909,235,OADMET-0002123
814,OADMET-0002036,0,0.4,2400,OADMET-0002733
823,OADMET-0001141,0,0.4307692307692308,1493,OADMET-0005870
833,OADMET-0004985,0,0.3448275862068966,312,OADMET-0002257
835,OADMET-0005262,0,0.38596491228070173,3533,OADMET-0003253
843,OADMET-0002282,0,0.5142857142857142,3167,OADMET-0002258
848,OADMET-0003524,0,0.5254237288135594,3581,OADMET-0003189
849,OADMET-0003395,0,0.4794520547945205,448,OADMET-0002789
856,OADMET-0002563,0,0.36,324,OADMET-0003500
866,OADMET-0001323,0,0.43478260869565216,3396,OADMET-0001115
869,OADMET-0003731,0,0.46938775510204084,3281,OADMET-0001974
871,OADMET-0002207,0,0.4523809523809524,1174,OADMET-0001881
882,OADMET-0003459,0,0.36231884057971014,965,OADMET-0004662
883,OADMET-0001304,0,0.3508771929824561,7,OADMET-0001354
895,OADMET-0003099,0,0.37333333333333335,3764,OADMET-0003961
899,OADMET-0003879,0,0.28,2449,OADMET-0002619
905,OADMET-0003764,0,0.2702702702702703,384,OADMET-0003756
910,OADMET-0002241,0,0.2682926829268293,1663,OADMET-0002270
911,OADMET-0005902,0,0.43548387096774194,3175,OADMET-0005726
913,OADMET-0005291,0,0.28735632183908044,3165,OADMET-0003024
922,OADMET-0002681,0,0.5142857142857142,2999,OADMET-0002676
925,OADMET-0004281,0,0.41379310344827586,3473,OADMET-0001887
953,OADMET-0005399,0,0.3333333333333333,3362,OADMET-0002621
954,OADMET-0002617,0,0.38461538461538464,592,OADMET-0005886
956,OADMET-0003858,0,0.3188405797101449,437,OADMET-0004974
959,OADMET-0003379,0,0.543859649122807,2508,OADMET-0002980
960,OADMET-0004754,0,0.4393939393939394,3257,OADMET-0004904
961,OADMET-0003566,0,0.32894736842105265,995,OADMET-0004752
962,OADMET-0003311,0,0.34782608695652173,2208,OADMET-0002709
964,OADMET-0001132,0,0.3466666666666667,3226,OADMET-0001116
975,OADMET-0004840,0,0.3037974683544304,2896,OADMET-0004116
978,OADMET-0003373,0,0.4307692307692308,238,OADMET-0001864
979,OADMET-0002261,0,0.5813953488372093,2563,OADMET-0001884
981,OADMET-0002044,0,0.4,2460,OADMET-0002308
983,OADMET-0000961,0,0.3880597014925373,2564,OADMET-0002945
988,OADMET-0005106,0,0.35064935064935066,3426,OADMET-0005997
989,OADMET-0002019,0,0.35064935064935066,1973,OADMET-0001481
991,OADMET-0001653,0,0.4810126582278481,3008,OADMET-0001668
994,OADMET-0001311,0,0.3194444444444444,781,OADMET-0001076
997,OADMET-0001034,0,0.3076923076923077,936,OADMET-0004946
1010,OADMET-0001677,0,0.3728813559322034,957,OADMET-0001694
1012,OADMET-0003049,0,0.25842696629213485,4116,OADMET-0005351
1024,OADMET-0002713,0,0.4166666666666667,3503,OADMET-0005073
1031,OADMET-0001329,0,0.28,592,OADMET-0005886
1035,OADMET-0001933,0,0.4909090909090909,2573,OADMET-0002033
1041,OADMET-0003610,0,0.4,4026,OADMET-0005597
1046,OADMET-0003340,0,0.32894736842105265,2768,OADMET-0002560
1056,OADMET-0004724,0,0.36764705882352944,2147,OADMET-0004994
1059,OADMET-0002293,0,0.28125,1170,OADMET-0002332
1066,OADMET-0005402,0,0.31746031746031744,3930,OADMET-0002030
1082,OADMET-0002815,0,0.3246753246753247,2163,OADMET-0005615
1095,OADMET-0005411,0,0.2972972972972973,2058,OADMET-0004731
1108,OADMET-0002288,0,0.45714285714285713,2480,OADMET-0002329
1112,OADMET-0004413,0,0.4067796610169492,1980,OADMET-0003228
1125,OADMET-0006026,0,0.38571428571428573,2494,OADMET-0003438
1128,OADMET-0005891,0,0.3888888888888889,247,OADMET-0005026
1130,OADMET-0005382,0,0.3287671232876712,686,OADMET-0005629
1142,OADMET-0005559,0,0.375,1884,OADMET-0002989
1171,OADMET-0004853,0,0.47058823529411764,3375,OADMET-0003151
1175,OADMET-0002849,0,0.463768115942029,3393,OADMET-0005947
1180,OADMET-0002245,0,0.48936170212765956,348,OADMET-0001917
1181,OADMET-0001538,0,0.21818181818181817,1054,OADMET-0002569
1183,OADMET-0004892,0,0.3783783783783784,3090,OADMET-0006076
1188,OADMET-0001136,0,0.5128205128205128,1314,OADMET-0002176
1190,OADMET-0005425,0,0.34782608695652173,1401,OADMET-0005077
1193,OADMET-0002021,0,0.5476190476190477,312,OADMET-0002257
1205,OADMET-0005180,0,0.3333333333333333,773,OADMET-0003619
1206,OADMET-0003495,0,0.3783783783783784,1903,OADMET-0005593
1217,OADMET-0001390,0,0.4098360655737705,3588,OADMET-0002321
1219,OADMET-0001425,0,0.35365853658536583,4,OADMET-0001399
1224,OADMET-0005447,0,0.425531914893617,235,OADMET-0002123
1232,OADMET-0002848,0,0.3484848484848485,300,OADMET-0002854
1238,OADMET-0005254,0,0.3088235294117647,24,OADMET-0005275
1243,OADMET-0005117,0,0.3287671232876712,2588,OADMET-0005140
1244,OADMET-0002914,0,0.3076923076923077,1817,OADMET-0002999
1246,OADMET-0003497,0,0.3684210526315789,312,OADMET-0002257
1249,OADMET-0004908,0,0.4057971014492754,1520,OADMET-0004128
1251,OADMET-0004700,0,0.25333333333333335,1686,OADMET-0003833
1267,OADMET-0002928,0,0.5396825396825397,4023,OADMET-0003971
1273,OADMET-0002221,0,0.41379310344827586,935,OADMET-0002200
1275,OADMET-0005238,0,0.3246753246753247,2161,OADMET-0005486
1281,OADMET-0003746,0,0.39344262295081966,1959,OADMET-0003548
1285,OADMET-0002046,0,0.29545454545454547,4102,OADMET-0001992
1294,OADMET-0002889,0,0.35,1618,OADMET-0003391
1295,OADMET-0004720,0,0.3442622950819672,2342,OADMET-0001041
1296,OADMET-0004888,0,0.375,411,OADMET-0004092
1300,OADMET-0003458,0,0.29850746268656714,418,OADMET-0002141
1301,OADMET-0001713,0,0.42857142857142855,2059,OADMET-0001747
1306,OADMET-0001342,0,0.40540540540540543,2134,OADMET-0001338
1309,OADMET-0003013,0,0.32051282051282054,3491,OADMET-0003946
1312,OADMET-0001960,0,0.4375,3026,OADMET-0002146
1320,OADMET-0005490,0,0.43283582089552236,2372,OADMET-0004753
1325,OADMET-0003195,0,0.3,631,OADMET-0003113
1341,OADMET-0004936,0,0.3670886075949367,511,OADMET-0003034
1346,OADMET-0003735,0,0.2857142857142857,2426,OADMET-0003787
1352,OADMET-0005004,0,0.46774193548387094,2494,OADMET-0003438
1355,OADMET-0001640,0,0.3835616438356164,3187,OADMET-0001581
1385,OADMET-0002695,0,0.410958904109589,2586,OADMET-0005302
1392,OADMET-0001172,0,0.3188405797101449,2757,OADMET-0003057
1396,OADMET-0003416,0,0.37333333333333335,2668,OADMET-0002694
1397,OADMET-0002013,0,0.46808510638297873,3545,OADMET-0002234
1399,OADMET-0001871,0,0.38333333333333336,3969,OADMET-0001954
1400,OADMET-0003647,0,0.36538461538461536,1847,OADMET-0002312
1404,OADMET-0003117,0,0.41379310344827586,3992,OADMET-0003306
1407,OADMET-0003581,0,0.17391304347826086,1381,OADMET-0003471
1427,OADMET-0002004,0,0.4782608695652174,1540,OADMET-0002201
1441,OADMET-0006037,0,0.26582278481012656,706,OADMET-0005227
1442,OADMET-0001305,0,0.391304347826087,2810,OADMET-0001336
1455,OADMET-0005631,0,0.26865671641791045,121,OADMET-0005966
1457,OADMET-0003241,0,0.3287671232876712,502,OADMET-0003179
1459,OADMET-0002188,0,0.3333333333333333,1033,OADMET-0002145
1460,OADMET-0005063,0,0.5245901639344263,475,OADMET-0005772
1490,OADMET-0005058,0,0.3939393939393939,198,OADMET-0000936
1503,OADMET-0001897,0,0.5,3645,OADMET-0002284
1506,OADMET-0004905,0,0.3333333333333333,1552,OADMET-0002715
1507,OADMET-0003511,0,0.2714285714285714,1100,OADMET-0001361
1530,OADMET-0003147,0,0.453125,659,OADMET-0002959
1543,OADMET-0001510,0,0.35714285714285715,2050,OADMET-0006041
1544,OADMET-0001770,0,0.49230769230769234,1218,OADMET-0001586
1545,OADMET-0005204,0,0.323943661971831,2999,OADMET-0002676
1549,OADMET-0005849,0,0.4126984126984127,2641,OADMET-0002686
1550,OADMET-0002765,0,0.32142857142857145,1775,OADMET-0003204
1551,OADMET-0001430,0,0.3218390804597701,1811,OADMET-0001059
1556,OADMET-0005391,0,0.3472222222222222,3088,OADMET-0005080
1557,OADMET-0004575,0,0.3787878787878788,2896,OADMET-0004116
1560,OADMET-0001402,0,0.3709677419354839,3946,OADMET-0004878
1562,OADMET-0005826,0,0.4727272727272727,1079,OADMET-0005622
1563,OADMET-0003753,0,0.45,1716,OADMET-0003677
1571,OADMET-0001254,0,0.359375,3657,OADMET-0001981
1577,OADMET-0001228,0,0.3125,1502,OADMET-0001006
1589,OADMET-0003164,0,0.4266666666666667,502,OADMET-0003179
1594,OADMET-0001689,0,0.3125,106,OADMET-0001509
1595,OADMET-0001143,0,0.2894736842105263,840,OADMET-0001217
1606,OADMET-0005510,0,0.36363636363636365,1079,OADMET-0005622
1609,OADMET-0005446,0,0.36923076923076925,3775,OADMET-0002781
1611,OADMET-0006075,0,0.32432432432432434,616,OADMET-0001532
1619,OADMET-0005633,0,0.3333333333333333,4046,OADMET-0004719
1632,OADMET-0001693,0,0.3225806451612903,111,OADMET-0001684
1633,OADMET-0003616,0,0.3076923076923077,3198,OADMET-0004837
1642,OADMET-0003448,0,0.45901639344262296,1321,OADMET-0001097
1643,OADMET-0003173,0,0.28205128205128205,3999,OADMET-0005069
1646,OADMET-0005263,0,0.36486486486486486,2068,OADMET-0005122
1651,OADMET-0001121,0,0.3493975903614458,1954,OADMET-0000990
1652,OADMET-0005635,0,0.43243243243243246,86,OADMET-0003281
1665,OADMET-0002680,0,0.5,2999,OADMET-0002676
1668,OADMET-0001759,0,0.47540983606557374,3887,OADMET-0001745
1677,OADMET-0001196,0,0.25,396,OADMET-0002648
1678,OADMET-0002174,0,0.42105263157894735,4010,OADMET-0002119
1694,OADMET-0001417,0,0.41333333333333333,3486,OADMET-0001166
1696,OADMET-0005687,0,0.27631578947368424,2980,OADMET-0005383
1702,OADMET-0005994,0,0.2857142857142857,405,OADMET-0003174
1706,OADMET-0003556,0,0.45454545454545453,2848,OADMET-0001708
1712,OADMET-0002032,0,0.4716981132075472,3376,OADMET-0002179
1720,OADMET-0005100,0,0.4166666666666667,1363,OADMET-0001261
1723,OADMET-0001094,0,0.3333333333333333,2163,OADMET-0005615
1728,OADMET-0004915,0,0.3235294117647059,3770,OADMET-0001583
1736,OADMET-0005899,0,0.3968253968253968,454,OADMET-0001480
1737,OADMET-0003512,0,0.3114754098360656,73,OADMET-0005441
1740,OADMET-0003314,0,0.4520547945205479,3626,OADMET-0002657
1749,OADMET-0005603,0,0.34177215189873417,3079,OADMET-0003005
1756,OADMET-0002735,0,0.40298507462686567,3965,OADMET-0005757
1758,OADMET-0001779,0,0.4852941176470588,1286,OADMET-0005024
1760,OADMET-0001381,0,0.532258064516129,2750,OADMET-0001379
1769,OADMET-0002833,0,0.3225806451612903,1015,OADMET-0002309
1789,OADMET-0001284,0,0.3472222222222222,2842,OADMET-0000932
1791,OADMET-0002862,0,0.27956989247311825,173,OADMET-0001384
1792,OADMET-0005304,0,0.2777777777777778,1170,OADMET-0002332
1796,OADMET-0003771,0,0.4098360655737705,3702,OADMET-0003692
1797,OADMET-0003396,0,0.46551724137931033,844,OADMET-0002596
1801,OADMET-0005743,0,0.3,3132,OADMET-0006015
1806,OADMET-0005060,0,0.4057971014492754,3700,OADMET-0005276
1820,OADMET-0001495,0,0.38461538461538464,3286,OADMET-0002791
1823,OADMET-0001707,0,0.44776119402985076,3013,OADMET-0001746
1824,OADMET-0005583,0,0.2876712328767123,3862,OADMET-0005681
1826,OADMET-0002100,0,0.390625,3073,OADMET-0001969
1829,OADMET-0002162,0,0.3939393939393939,3512,OADMET-0002114
1834,OADMET-0003219,0,0.29333333333333333,3573,OADMET-0005374
1845,OADMET-0003806,0,0.34545454545454546,1546,OADMET-0001535
1853,OADMET-0001936,0,0.5555555555555556,1447,OADMET-0002275
1864,OADMET-0005989,0,0.3611111111111111,1673,OADMET-0004024
1872,OADMET-0002705,0,0.32051282051282054,2698,OADMET-0001347
1873,OADMET-0003439,0,0.36764705882352944,2221,OADMET-0002584
1875,OADMET-0001375,0,0.32857142857142857,1042,OADMET-0005135
1876,OADMET-0002005,0,0.5416666666666666,2980,OADMET-0005383
1885,OADMET-0005656,0,0.4745762711864407,3115,OADMET-0005162
1893,OADMET-0005288,0,0.5967741935483871,1225,OADMET-0002029
1895,OADMET-0001950,0,0.391304347826087,3884,OADMET-0003768
1902,OADMET-0004216,0,0.34615384615384615,166,OADMET-0005954
1907,OADMET-0005770,0,0.546875,2314,OADMET-0003464
1916,OADMET-0004944,0,0.3717948717948718,1276,OADMET-0001082
1918,OADMET-0003597,0,0.3333333333333333,1531,OADMET-0002209
1924,OADMET-0003783,0,0.4897959183673469,795,OADMET-0003623
1925,OADMET-0003088,0,0.3508771929824561,2112,OADMET-0002071
1926,OADMET-0001437,0,0.35064935064935066,387,OADMET-0002042
1929,OADMET-0004977,0,0.3220338983050847,3813,OADMET-0000989
1930,OADMET-0005401,0,0.5079365079365079,2398,OADMET-0005249
1940,OADMET-0005922,0,0.3142857142857143,4026,OADMET-0005597
1946,OADMET-0001177,0,0.30985915492957744,1928,OADMET-0004844
1953,OADMET-0003032,0,0.4142857142857143,3260,OADMET-0005956
1969,OADMET-0005540,0,0.37662337662337664,2821,OADMET-0001439
1972,OADMET-0002642,0,0.2835820895522388,676,OADMET-0004989
1975,OADMET-0001407,0,0.35135135135135137,2719,OADMET-0003405
1977,OADMET-0001768,0,0.35714285714285715,3925,OADMET-0001801
1978,OADMET-0001183,0,0.5166666666666667,1948,OADMET-0005257
2016,OADMET-0001799,0,0.4411764705882353,2987,OADMET-0005871
2021,OADMET-0005088,0,0.30666666666666664,944,OADMET-0002730
2022,OADMET-0002281,0,0.3953488372093023,3727,OADMET-0002239
2027,OADMET-0005725,0,0.39705882352941174,3436,OADMET-0004259
2031,OADMET-0005676,0,0.45901639344262296,20,OADMET-0005750
2039,OADMET-0004969,0,0.42857142857142855,1757,OADMET-0001642
2041,OADMET-0003745,0,0.35443037974683544,1958,OADMET-0003673
2045,OADMET-0001945,0,0.5,415,OADMET-0002220
2052,OADMET-0001239,0,0.35714285714285715,2351,OADMET-0002124
2067,OADMET-0005856,0,0.325,2378,OADMET-0005105
2087,OADMET-0001579,0,0.42424242424242425,1804,OADMET-0001735
2088,OADMET-0005906,0,0.31645569620253167,3737,OADMET-0005733
2091,OADMET-0004579,0,0.37681159420289856,3158,OADMET-0003335
2092,OADMET-0004237,0,0.34782608695652173,1628,OADMET-0005650
2097,OADMET-0001956,0,0.559322033898305,1803,OADMET-0001905
2114,OADMET-0003081,0,0.4246575342465753,3042,OADMET-0001368
2115,OADMET-0005299,0,0.29069767441860467,2318,OADMET-0001101
2130,OADMET-0002763,0,0.3125,2594,OADMET-0003181
2132,OADMET-0005776,0,0.2891566265060241,2118,OADMET-0004723
2142,OADMET-0002905,0,0.4411764705882353,2323,OADMET-0005836
2150,OADMET-0003775,0,0.2619047619047619,3901,OADMET-0003739
2151,OADMET-0001108,0,0.4307692307692308,2321,OADMET-0001077
2153,OADMET-0005452,0,0.36764705882352944,4102,OADMET-0001992
2159,OADMET-0003017,0,0.3333333333333333,1037,OADMET-0001758
2171,OADMET-0000929,0,0.32894736842105265,1971,OADMET-0005859
2173,OADMET-0004775,0,0.3188405797101449,2884,OADMET-0001991
2181,OADMET-0005823,0,0.3614457831325301,509,OADMET-0004261
2184,OADMET-0004894,0,0.34328358208955223,204,OADMET-0002877
2196,OADMET-0005896,0,0.40540540540540543,1045,OADMET-0001821
2207,OADMET-0000938,0,0.43548387096774194,1841,OADMET-0001248
2214,OADMET-0005104,0,0.3384615384615385,234,OADMET-0004991
2216,OADMET-0005074,0,0.4084507042253521,119,OADMET-0004263
2234,OADMET-0001783,0,0.4426229508196721,1850,OADMET-0001712
2236,OADMET-0002017,0,0.5357142857142857,3588,OADMET-0002321
2237,OADMET-0001563,0,0.40625,1700,OADMET-0001524
2251,OADMET-0002108,0,0.29411764705882354,2364,OADMET-0002049
2255,OADMET-0005388,0,0.4925373134328358,2060,OADMET-0006043
2263,OADMET-0005723,0,0.3411764705882353,2113,OADMET-0003221
2267,OADMET-0005977,0,0.32,3151,OADMET-0003283
2272,OADMET-0005084,0,0.34210526315789475,3332,OADMET-0000995
2279,OADMET-0002187,0,0.5263157894736842,3771,OADMET-0002001
2282,OADMET-0005705,0,0.3333333333333333,1748,OADMET-0004701
2294,OADMET-0005627,0,0.32051282051282054,690,OADMET-0005152
2297,OADMET-0003550,0,0.31645569620253167,1552,OADMET-0002715
2303,OADMET-0005331,0,0.3924050632911392,2382,OADMET-0001472
2315,OADMET-0001292,0,0.35384615384615387,3946,OADMET-0004878
2317,OADMET-0003209,0,0.2976190476190476,2594,OADMET-0003181
2327,OADMET-0003041,0,0.5409836065573771,1334,OADMET-0005916
2330,OADMET-0001762,0,0.4262295081967213,3734,OADMET-0001613
2354,OADMET-0006060,0,0.45588235294117646,3404,OADMET-0005706
2361,OADMET-0006002,0,0.2898550724637681,644,OADMET-0005839
2363,OADMET-0001070,0,0.49056603773584906,2394,OADMET-0001214
2370,OADMET-0005166,0,0.323943661971831,2991,OADMET-0005449
2371,OADMET-0002797,0,0.5189873417721519,290,OADMET-0004442
2373,OADMET-0005196,0,0.34615384615384615,3080,OADMET-0005269
2375,OADMET-0005217,0,0.32098765432098764,3373,OADMET-0004685
2379,OADMET-0005265,0,0.4307692307692308,1443,OADMET-0005272
2380,OADMET-0002625,0,0.5138888888888888,448,OADMET-0002789
2386,OADMET-0004394,0,0.40229885057471265,1263,OADMET-0002720
2406,OADMET-0005015,0,0.3076923076923077,3180,OADMET-0003436
2408,OADMET-0001238,0,0.3181818181818182,3913,OADMET-0001446
2412,OADMET-0005907,0,0.31645569620253167,4093,OADMET-0005121
2418,OADMET-0003230,0,0.34615384615384615,3066,OADMET-0003039
2420,OADMET-0005003,0,0.3972602739726027,3695,OADMET-0002736
2428,OADMET-0005554,0,0.40229885057471265,867,OADMET-0002887
2430,OADMET-0003317,0,0.3466666666666667,1597,OADMET-0004918
2437,OADMET-0001647,0,0.4411764705882353,481,OADMET-0001790
2441,OADMET-0005512,0,0.2698412698412698,3023,OADMET-0002158
2458,OADMET-0005406,0,0.3888888888888889,2048,OADMET-0005831
2464,OADMET-0001968,0,0.39436619718309857,26,OADMET-0002008
2465,OADMET-0005769,0,0.375,121,OADMET-0005966
2471,OADMET-0003536,0,0.3409090909090909,3543,OADMET-0003162
2478,OADMET-0001543,0,0.3235294117647059,2149,OADMET-0004793
2488,OADMET-0003757,0,0.3392857142857143,3467,OADMET-0002259
2499,OADMET-0003061,0,0.3055555555555556,3619,OADMET-0005173
2506,OADMET-0001557,0,0.2857142857142857,3842,OADMET-0002580
2510,OADMET-0001182,0,0.46551724137931033,1166,OADMET-0000991
2518,OADMET-0005311,0,0.3333333333333333,26,OADMET-0002008
2523,OADMET-0001721,0,0.45588235294117646,1178,OADMET-0003134
2538,OADMET-0003718,0,0.26865671641791045,322,OADMET-0002236
2543,OADMET-0001118,0,0.3333333333333333,1570,OADMET-0004285
2556,OADMET-0005951,0,0.32558139534883723,2268,OADMET-0002742
2558,OADMET-0002839,0,0.4852941176470588,915,OADMET-0002881
2566,OADMET-0001773,0,0.3108108108108108,1253,OADMET-0001672
2579,OADMET-0005339,0,0.22535211267605634,907,OADMET-0003445
2582,OADMET-0002552,0,0.3375,139,OADMET-0005829
2591,OADMET-0002197,0,0.3157894736842105,1358,OADMET-0002269
2599,OADMET-0002983,0,0.3333333333333333,3403,OADMET-0002027
2602,OADMET-0003234,0,0.3548387096774194,2442,OADMET-0002578
2612,OADMET-0003322,0,0.3076923076923077,2316,OADMET-0003194
2613,OADMET-0001938,0,0.4782608695652174,829,OADMET-0001920
2616,OADMET-0003767,0,0.32038834951456313,503,OADMET-0003730
2632,OADMET-0004896,0,0.3950617283950617,2959,OADMET-0003251
2637,OADMET-0002646,0,0.296875,622,OADMET-0005006
2639,OADMET-0003217,0,0.40298507462686567,364,OADMET-0004738
2644,OADMET-0002688,0,0.5344827586206896,2339,OADMET-0003372
2646,OADMET-0005303,0,0.3548387096774194,815,OADMET-0003404
2651,OADMET-0001296,0,0.3815789473684211,3787,OADMET-0001027
2652,OADMET-0003280,0,0.3150684931506849,3700,OADMET-0005276
2654,OADMET-0003212,0,0.26582278481012656,3230,OADMET-0001229
2657,OADMET-0005847,0,0.5303030303030303,2152,OADMET-0005538
2659,OADMET-0005274,0,0.3380281690140845,2740,OADMET-0005669
2662,OADMET-0002821,0,0.2976190476190476,3620,OADMET-0005427
2674,OADMET-0001736,0,0.4155844155844156,648,OADMET-0001604
2679,OADMET-0002774,0,0.3698630136986301,1106,OADMET-0003021
2708,OADMET-0002844,0,0.5616438356164384,2291,OADMET-0002892
2718,OADMET-0001257,0,0.29411764705882354,1533,OADMET-0000971
2721,OADMET-0006067,0,0.34210526315789475,3096,OADMET-0003975
2723,OADMET-0004962,0,0.2823529411764706,261,OADMET-0003207
2726,OADMET-0005092,0,0.5892857142857143,850,OADMET-0003341
2745,OADMET-0005618,0,0.391304347826087,1843,OADMET-0002963
2747,OADMET-0005662,0,0.2948717948717949,613,OADMET-0006072
2748,OADMET-0004714,0,0.36619718309859156,2956,OADMET-0005752
2770,OADMET-0002950,0,0.273972602739726,2443,OADMET-0005794
2775,OADMET-0002131,0,0.40625,1170,OADMET-0002332
2787,OADMET-0001380,0,0.43283582089552236,2750,OADMET-0001379
2798,OADMET-0002777,0,0.34523809523809523,3081,OADMET-0004514
2799,OADMET-0000947,0,0.2972972972972973,3553,OADMET-0005369
2800,OADMET-0001601,0,0.35064935064935066,2479,OADMET-0003178
2803,OADMET-0001423,0,0.313953488372093,3475,OADMET-0001404
2804,OADMET-0003496,0,0.3780487804878049,3678,OADMET-0004813
2806,OADMET-0005982,0,0.2727272727272727,1237,OADMET-0001711
2817,OADMET-0002965,0,0.2857142857142857,1844,OADMET-0002707
2820,OADMET-0002754,0,0.3717948717948718,1146,OADMET-0003144
2822,OADMET-0002607,0,0.34285714285714286,2183,OADMET-0002996
2828,OADMET-0003053,0,0.36,545,OADMET-0003085
2847,OADMET-0003016,0,0.44155844155844154,27,OADMET-0002717
2849,OADMET-0002566,0,0.4342105263157895,3081,OADMET-0004514
2854,OADMET-0004625,0,0.4838709677419355,3,OADMET-0002785
2863,OADMET-0005090,0,0.4603174603174603,3522,OADMET-0005728
2872,OADMET-0002751,0,0.3246753246753247,3127,OADMET-0004680
2876,OADMET-0003759,0,0.35185185185185186,4026,OADMET-0005597
2881,OADMET-0005909,0,0.3770491803278688,1447,OADMET-0002275
2888,OADMET-0004758,0,0.3375,1597,OADMET-0004918
2889,OADMET-0005416,0,0.4024390243902439,1597,OADMET-0004918
2900,OADMET-0003357,0,0.34782608695652173,3839,OADMET-0006058
2901,OADMET-0004560,0,0.515625,244,OADMET-0002671
2902,OADMET-0006038,0,0.33783783783783783,2160,OADMET-0003137
2905,OADMET-0003326,0,0.3333333333333333,1640,OADMET-0005287
2906,OADMET-0001590,0,0.4788732394366197,1237,OADMET-0001711
2908,OADMET-0001074,0,0.3333333333333333,1811,OADMET-0001059
2909,OADMET-0005310,0,0.3918918918918919,3393,OADMET-0005947
2910,OADMET-0002929,0,0.3684210526315789,3199,OADMET-0002708
2920,OADMET-0005962,0,0.28,1681,OADMET-0004733
2923,OADMET-0001119,0,0.3116883116883117,3034,OADMET-0006068
2928,OADMET-0003240,0,0.35526315789473684,1351,OADMET-0005712
2929,OADMET-0002072,0,0.36363636363636365,3550,OADMET-0002053
2942,OADMET-0005225,0,0.42857142857142855,845,OADMET-0002873
2946,OADMET-0001048,0,0.40298507462686567,4099,OADMET-0001352
2953,OADMET-0002976,0,0.2638888888888889,3769,OADMET-0002977
2965,OADMET-0001450,0,0.5571428571428572,2318,OADMET-0001101
2966,OADMET-0006079,0,0.3770491803278688,1931,OADMET-0001162
2973,OADMET-0002238,0,0.36666666666666664,2911,OADMET-0002229
2976,OADMET-0002605,0,0.3611111111111111,965,OADMET-0004662
2982,OADMET-0001719,0,0.45454545454545453,1641,OADMET-0001720
2994,OADMET-0005253,0,0.2692307692307692,941,OADMET-0002248
3006,OADMET-0004854,0,0.2631578947368421,3708,OADMET-0004859
3021,OADMET-0004678,0,0.3225806451612903,167,OADMET-0005206
3047,OADMET-0005207,0,0.3333333333333333,4025,OADMET-0005127
3054,OADMET-0001142,0,0.35,1673,OADMET-0004024
3058,OADMET-0001327,0,0.39436619718309857,3226,OADMET-0001116
3061,OADMET-0005632,0,0.3333333333333333,2077,OADMET-0005215
3071,OADMET-0002860,0,0.4266666666666667,185,OADMET-0005824
3093,OADMET-0002645,0,0.5205479452054794,2517,OADMET-0003481
3099,OADMET-0001397,0,0.4418604651162791,368,OADMET-0001454
3100,OADMET-0002749,0,0.41379310344827586,3898,OADMET-0001924
3102,OADMET-0003848,0,0.3132530120481928,3917,OADMET-0002725
3103,OADMET-0002647,0,0.32098765432098764,702,OADMET-0005868
3104,OADMET-0003172,0,0.2638888888888889,121,OADMET-0005966
3105,OADMET-0003772,0,0.32558139534883723,3627,OADMET-0002964
3111,OADMET-0002994,0,0.3620689655172414,3759,OADMET-0003080
3119,OADMET-0004817,0,0.3013698630136986,1351,OADMET-0005712
3123,OADMET-0001594,0,0.43661971830985913,2871,OADMET-0001596
3133,OADMET-0005985,0,0.4603174603174603,2978,OADMET-0005974
3134,OADMET-0003691,0,0.232,1752,OADMET-0004718
3146,OADMET-0005671,0,0.3466666666666667,788,OADMET-0001756
3152,OADMET-0002706,0,0.3424657534246575,1835,OADMET-0002692
3153,OADMET-0002850,0,0.2948717948717949,3942,OADMET-0005433
3174,OADMET-0001473,0,0.5342465753424658,2348,OADMET-0001467
3179,OADMET-0004808,0,0.35064935064935066,1669,OADMET-0005407
3192,OADMET-0003103,0,0.42028985507246375,292,OADMET-0003109
3200,OADMET-0003310,0,0.3939393939393939,3292,OADMET-0003098
3201,OADMET-0001042,0,0.4264705882352941,3173,OADMET-0000954
3206,OADMET-0001314,0,0.3384615384615385,1894,OADMET-0002658
3212,OADMET-0004982,0,0.38571428571428573,2339,OADMET-0003372
3215,OADMET-0001890,0,0.5535714285714286,2243,OADMET-0001995
3219,OADMET-0005352,0,0.2876712328767123,623,OADMET-0002009
3239,OADMET-0002320,0,0.5319148936170213,1714,OADMET-0002034
3240,OADMET-0003570,0,0.25555555555555554,89,OADMET-0002818
3247,OADMET-0004943,0,0.28169014084507044,1939,OADMET-0005158
3249,OADMET-0002571,0,0.417910447761194,1920,OADMET-0002888
3253,OADMET-0005297,0,0.3291139240506329,1129,OADMET-0003477
3267,OADMET-0001052,0,0.35526315789473684,2802,OADMET-0004053
3268,OADMET-0000937,0,0.28125,3168,OADMET-0001113
3295,OADMET-0001741,0,0.44285714285714284,1764,OADMET-0001627
3296,OADMET-0003159,0,0.532258064516129,2636,OADMET-0003367
3308,OADMET-0003487,0,0.49206349206349204,3501,OADMET-0004848
3318,OADMET-0005466,0,0.3058823529411765,2273,OADMET-0005722
3319,OADMET-0001330,0,0.4057971014492754,2600,OADMET-0004510
3325,OADMET-0003736,0,0.23728813559322035,401,OADMET-0000940
3328,OADMET-0003097,0,0.38461538461538464,1739,OADMET-0004879
3343,OADMET-0004256,0,0.3472222222222222,3323,OADMET-0001479
3344,OADMET-0005081,0,0.3291139240506329,1922,OADMET-0003168
3348,OADMET-0005903,0,0.3157894736842105,3716,OADMET-0002589
3350,OADMET-0004025,0,0.3977272727272727,37,OADMET-0003478
3354,OADMET-0001209,0,0.40625,2833,OADMET-0005475
3361,OADMET-0003143,0,0.3614457831325301,2991,OADMET-0005449
3368,OADMET-0001360,0,0.27692307692307694,1166,OADMET-0000991
3394,OADMET-0000974,0,0.41025641025641024,1951,OADMET-0001030
3401,OADMET-0002837,0,0.3968253968253968,1311,OADMET-0001979
3405,OADMET-0005473,0,0.3709677419354839,278,OADMET-0004712
3408,OADMET-0002322,0,0.2727272727272727,3349,OADMET-0003645
3409,OADMET-0005754,0,0.34328358208955223,142,OADMET-0003914
3413,OADMET-0005580,0,0.3968253968253968,4026,OADMET-0005597
3417,OADMET-0004872,0,0.313953488372093,1922,OADMET-0003168
3429,OADMET-0006018,0,0.46774193548387094,771,OADMET-0001035
3439,OADMET-0005648,0,0.5283018867924528,1650,OADMET-0005605
3450,OADMET-0002799,0,0.3076923076923077,2165,OADMET-0002555
3452,OADMET-0005689,0,0.358974358974359,1731,OADMET-0005039
3453,OADMET-0005812,0,0.4117647058823529,1122,OADMET-0003474
3463,OADMET-0003123,0,0.38571428571428573,1788,OADMET-0003353
3479,OADMET-0001505,0,0.3225806451612903,1947,OADMET-0001682
3481,OADMET-0003646,0,0.48936170212765956,3281,OADMET-0001974
3485,OADMET-0005271,0,0.3698630136986301,4121,OADMET-0002012
3492,OADMET-0002133,0,0.4594594594594595,1874,OADMET-0001976
3496,OADMET-0002740,0,0.45,2403,OADMET-0005941
3511,OADMET-0001752,0,0.4,3780,OADMET-0006069
3516,OADMET-0002729,0,0.40298507462686567,2111,OADMET-0005361
3530,OADMET-0005048,0,0.24,4116,OADMET-0005351
3535,OADMET-0003239,0,0.4246575342465753,3199,OADMET-0002708
3546,OADMET-0003780,0,0.5714285714285714,3649,OADMET-0002338
3558,OADMET-0000970,0,0.45454545454545453,3243,OADMET-0001140
3563,OADMET-0005703,0,0.5522388059701493,734,OADMET-0002728
3565,OADMET-0003303,0,0.3972602739726027,644,OADMET-0005839
3568,OADMET-0001122,0,0.3698630136986301,2868,OADMET-0001442
3569,OADMET-0003298,0,0.36666666666666664,2454,OADMET-0004865
3571,OADMET-0002922,0,0.40540540540540543,3087,OADMET-0005574
3577,OADMET-0002324,0,0.3333333333333333,3208,OADMET-0002115
3582,OADMET-0001778,0,0.48214285714285715,40,OADMET-0001638
3583,OADMET-0005414,0,0.4461538461538462,371,OADMET-0003065
3594,OADMET-0003451,0,0.4189189189189189,3087,OADMET-0005574
3597,OADMET-0002597,0,0.2972972972972973,2461,OADMET-0003287
3610,OADMET-0005212,0,0.32894736842105265,2337,OADMET-0005990
3611,OADMET-0005101,0,0.29333333333333333,206,OADMET-0004698
3612,OADMET-0003301,0,0.38461538461538464,841,OADMET-0004415
3638,OADMET-0004673,0,0.2857142857142857,2722,OADMET-0004957
3642,OADMET-0003104,0,0.4482758620689655,2669,OADMET-0001234
3643,OADMET-0002595,0,0.3448275862068966,3859,OADMET-0002317
3651,OADMET-0001957,0,0.4642857142857143,931,OADMET-0002268
3653,OADMET-0001058,0,0.44680851063829785,179,OADMET-0002300
3654,OADMET-0005841,0,0.3235294117647059,4099,OADMET-0001352
3658,OADMET-0003269,0,0.36231884057971014,2991,OADMET-0005449
3661,OADMET-0001878,0,0.352112676056338,3618,OADMET-0005944
3665,OADMET-0005420,0,0.39705882352941174,2044,OADMET-0002703
3670,OADMET-0005471,0,0.3116883116883117,2120,OADMET-0003521
3671,OADMET-0003717,0,0.45161290322580644,2218,OADMET-0003547
3676,OADMET-0002846,0,0.5294117647058824,3827,OADMET-0002561
3677,OADMET-0003744,0,0.19480519480519481,81,OADMET-0001953
3687,OADMET-0002553,0,0.34375,1581,OADMET-0005119
3690,OADMET-0001039,0,0.373134328358209,1743,OADMET-0001242
3694,OADMET-0003313,0,0.45714285714285713,1045,OADMET-0001821
3696,OADMET-0001916,0,0.5294117647058824,415,OADMET-0002220
3703,OADMET-0003089,0,0.44594594594594594,3098,OADMET-0002871
3704,OADMET-0002867,0,0.42028985507246375,511,OADMET-0003034
3706,OADMET-0001255,0,0.3116883116883117,3934,OADMET-0001288
3719,OADMET-0001306,0,0.30434782608695654,4015,OADMET-0001723
3726,OADMET-0001629,0,0.4520547945205479,725,OADMET-0001796
3728,OADMET-0005611,0,0.4057971014492754,868,OADMET-0001949
3736,OADMET-0001528,0,0.3275862068965517,1239,OADMET-0001514
3738,OADMET-0005845,0,0.4838709677419355,1658,OADMET-0005731
3741,OADMET-0005095,0,0.2948717948717949,292,OADMET-0003109
3748,OADMET-0001085,0,0.3888888888888889,754,OADMET-0001100
3749,OADMET-0003347,0,0.42424242424242425,1338,OADMET-0002722
3750,OADMET-0005250,0,0.3880597014925373,3692,OADMET-0005483
3758,OADMET-0005256,0,0.4025974025974026,3991,OADMET-0005970
3767,OADMET-0005500,0,0.32894736842105265,3830,OADMET-0001104
3776,OADMET-0002316,0,0.48214285714285715,2233,OADMET-0001888
3783,OADMET-0005796,0,0.375,1414,OADMET-0003361
3789,OADMET-0003766,0,0.33783783783783783,436,OADMET-0004857
3790,OADMET-0005781,0,0.2839506172839506,1354,OADMET-0003011
3798,OADMET-0001487,0,0.3492063492063492,2454,OADMET-0004865
3801,OADMET-0004742,0,0.34177215189873417,1438,OADMET-0005183
3807,OADMET-0005612,0,0.2702702702702703,383,OADMET-0000985
3809,OADMET-0004379,0,0.2375,3053,OADMET-0002864
3819,OADMET-0005326,0,0.40350877192982454,1054,OADMET-0002569
3829,OADMET-0005358,0,0.2727272727272727,1145,OADMET-0004964
3836,OADMET-0003681,0,0.3235294117647059,578,OADMET-0003679
3840,OADMET-0005860,0,0.3918918918918919,551,OADMET-0005330
3844,OADMET-0003231,0,0.4142857142857143,1511,OADMET-0001558
3846,OADMET-0003704,0,0.3090909090909091,1664,OADMET-0005386
3849,OADMET-0002059,0,0.30612244897959184,1939,OADMET-0005158
3853,OADMET-0002898,0,0.3148148148148148,3018,OADMET-0002182
3856,OADMET-0003352,0,0.33783783783783783,3522,OADMET-0005728
3857,OADMET-0002116,0,0.4594594594594595,227,OADMET-0002330
3860,OADMET-0003721,0,0.5490196078431373,993,OADMET-0003615
3863,OADMET-0004069,0,0.36363636363636365,539,OADMET-0002551
3878,OADMET-0003431,0,0.34328358208955223,841,OADMET-0004415
3880,OADMET-0001061,0,0.4266666666666667,540,OADMET-0001236
3885,OADMET-0003453,0,0.547945205479452,351,OADMET-0005715
3893,OADMET-0003835,0,0.43661971830985913,785,OADMET-0001093
3912,OADMET-0005444,0,0.30985915492957744,1640,OADMET-0005287
3915,OADMET-0001221,0,0.3125,1061,OADMET-0001259
3922,OADMET-0002235,0,0.4473684210526316,216,OADMET-0002150
3928,OADMET-0003472,0,0.35,307,OADMET-0003055
3938,OADMET-0005854,0,0.5,881,OADMET-0004708
3948,OADMET-0005344,0,0.4,327,OADMET-0005306
3950,OADMET-0002588,0,0.3333333333333333,3701,OADMET-0004938
3955,OADMET-0003734,0,0.5245901639344263,452,OADMET-0003724
3957,OADMET-0006047,0,0.3026315789473684,897,OADMET-0001997
3964,OADMET-0005047,0,0.42857142857142855,3473,OADMET-0001887
3966,OADMET-0003591,0,0.43859649122807015,993,OADMET-0003615
3973,OADMET-0002323,0,0.5769230769230769,1005,OADMET-0001879
3976,OADMET-0002853,0,0.3484848484848485,2936,OADMET-0005708
3979,OADMET-0004898,0,0.273972602739726,333,OADMET-0003475
3980,OADMET-0003370,0,0.2638888888888889,1681,OADMET-0004733
3982,OADMET-0006054,0,0.3787878787878788,3483,OADMET-0004885
3990,OADMET-0001025,0,0.33783783783783783,1656,OADMET-0005950
3994,OADMET-0005124,0,0.3950617283950617,2999,OADMET-0002676
3995,OADMET-0005653,0,0.41025641025641024,165,OADMET-0006055
4009,OADMET-0003802,0,0.325,3821,OADMET-0001988
4011,OADMET-0002943,0,0.48333333333333334,2383,OADMET-0005038
4018,OADMET-0001123,0,0.3424657534246575,1879,OADMET-0005777
4027,OADMET-0001114,0,0.5964912280701754,2554,OADMET-0002947
4030,OADMET-0001751,0,0.36619718309859156,3975,OADMET-0001646
4031,OADMET-0002077,0,0.43636363636363634,1803,OADMET-0001905
4034,OADMET-0003525,0,0.35294117647058826,3780,OADMET-0006069
4035,OADMET-0005734,0,0.43478260869565216,2137,OADMET-0004823
4047,OADMET-0003043,0,0.40625,3366,OADMET-0003045
4050,OADMET-0001612,0,0.47058823529411764,3949,OADMET-0001743
4052,OADMET-0004067,0,0.2894736842105263,1650,OADMET-0005605
4053,OADMET-0005465,0,0.3466666666666667,1890,OADMET-0006030
4061,OADMET-0003531,0,0.29069767441860467,3042,OADMET-0001368
4073,OADMET-0002327,0,0.5348837209302325,1943,OADMET-0002164
4082,OADMET-0001470,0,0.41025641025641024,2242,OADMET-0001406
4090,OADMET-0001325,0,0.23076923076923078,1185,OADMET-0004711
4097,OADMET-0004717,0,0.3283582089552239,4059,OADMET-0005110
4105,OADMET-0001023,0,0.36923076923076925,3085,OADMET-0005724
4111,OADMET-0005194,0,0.29577464788732394,2813,OADMET-0005116
4118,OADMET-0003506,0,0.3670886075949367,448,OADMET-0002789
4124,OADMET-0001904,0,0.38333333333333336,3618,OADMET-0005944
4131,OADMET-0003262,0,0.3188405797101449,888,OADMET-0003064
4,OADMET-0001399,1,0.38823529411764707,3099,OADMET-0001397
7,OADMET-0001354,1,0.3508771929824561,883,OADMET-0001304
13,OADMET-0002654,1,0.28205128205128205,2447,OADMET-0004777
19,OADMET-0003505,1,0.36231884057971014,229,OADMET-0005184
21,OADMET-0003210,1,0.38235294117647056,3002,OADMET-0004920
23,OADMET-0004704,1,0.4393939393939394,1686,OADMET-0003833
26,OADMET-0002008,1,0.4444444444444444,1284,OADMET-0001272
28,OADMET-0001202,1,0.36923076923076925,3230,OADMET-0001229
35,OADMET-0001043,1,0.26506024096385544,4018,OADMET-0001123
37,OADMET-0003478,1,0.3977272727272727,3350,OADMET-0004025
53,OADMET-0002687,1,0.3287671232876712,3920,OADMET-0003285
59,OADMET-0003397,1,0.39436619718309857,3113,OADMET-0002903
68,OADMET-0000952,1,0.3918918918918919,1778,OADMET-0002982
74,OADMET-0004778,1,0.31645569620253167,3369,OADMET-0003355
77,OADMET-0005853,1,0.375,3869,OADMET-0003911
78,OADMET-0005766,1,0.3125,2622,OADMET-0003823
82,OADMET-0001978,1,0.52,2832,OADMET-0002127
90,OADMET-0001366,1,0.34177215189873417,1232,OADMET-0002848
91,OADMET-0005666,1,0.2988505747126437,27,OADMET-0002717
94,OADMET-0003784,1,0.225,3359,OADMET-0002331
101,OADMET-0001592,1,0.4492753623188406,2523,OADMET-0001721
104,OADMET-0005955,1,0.35135135135135137,1364,OADMET-0003177
106,OADMET-0001509,1,0.35714285714285715,3131,OADMET-0002287
118,OADMET-0002073,1,0.3409090909090909,4127,OADMET-0001913
119,OADMET-0004263,1,0.4084507042253521,2216,OADMET-0005074
122,OADMET-0005236,1,0.3235294117647059,936,OADMET-0004946
129,OADMET-0002250,1,0.3333333333333333,3131,OADMET-0002287
164,OADMET-0003688,1,0.28,2537,OADMET-0003804
165,OADMET-0006055,1,0.41025641025641024,3995,OADMET-0005653
171,OADMET-0005808,1,0.463768115942029,3218,OADMET-0005009
173,OADMET-0001384,1,0.3974358974358974,3101,OADMET-0001401
183,OADMET-0002655,1,0.33766233766233766,3695,OADMET-0002736
190,OADMET-0004794,1,0.4266666666666667,136,OADMET-0003832
191,OADMET-0003421,1,0.352112676056338,3401,OADMET-0002837
203,OADMET-0002865,1,0.4027777777777778,55,OADMET-0005525
214,OADMET-0001155,1,0.45901639344262296,987,OADMET-0001223
236,OADMET-0004965,1,0.30158730158730157,3946,OADMET-0004878
247,OADMET-0005026,1,0.3888888888888889,1128,OADMET-0005891
252,OADMET-0001184,1,0.37333333333333335,1638,OADMET-0001046
254,OADMET-0005876,1,0.2948717948717949,3269,OADMET-0001385
266,OADMET-0004003,1,0.45714285714285713,2435,OADMET-0003942
268,OADMET-0003188,1,0.2857142857142857,2752,OADMET-0005699
270,OADMET-0004873,1,0.3939393939393939,1674,OADMET-0003033
286,OADMET-0005102,1,0.3787878787878788,1250,OADMET-0005012
292,OADMET-0003109,1,0.42028985507246375,3192,OADMET-0003103
319,OADMET-0005002,1,0.3333333333333333,1847,OADMET-0002312
333,OADMET-0003475,1,0.3770491803278688,2578,OADMET-0005487
337,OADMET-0001364,1,0.3382352941176471,287,OADMET-0001996
341,OADMET-0002055,1,0.5862068965517241,3335,OADMET-0002054
345,OADMET-0003571,1,0.22857142857142856,3689,OADMET-0002244
348,OADMET-0001917,1,0.48936170212765956,1180,OADMET-0002245
349,OADMET-0005735,1,0.29213483146067415,2664,OADMET-0003028
357,OADMET-0003602,1,0.3008849557522124,267,OADMET-0003701
374,OADMET-0002784,1,0.296875,1268,OADMET-0002856
376,OADMET-0001934,1,0.574468085106383,2720,OADMET-0002279
383,OADMET-0000985,1,0.3561643835616438,3124,OADMET-0001022
384,OADMET-0003756,1,0.2857142857142857,3524,OADMET-0003612
386,OADMET-0003318,1,0.3466666666666667,1991,OADMET-0005969
388,OADMET-0005327,1,0.3333333333333333,4057,OADMET-0005649
389,OADMET-0003192,1,0.3783783783783784,3065,OADMET-0005861
393,OADMET-0001808,1,0.3561643835616438,3503,OADMET-0005073
396,OADMET-0002648,1,0.3108108108108108,1259,OADMET-0001816
402,OADMET-0001578,1,0.39436619718309857,2437,OADMET-0001647
404,OADMET-0005118,1,0.2602739726027397,898,OADMET-0005600
407,OADMET-0003592,1,0.22988505747126436,1228,OADMET-0002663
416,OADMET-0003503,1,0.3146067415730337,927,OADMET-0005619
428,OADMET-0005999,1,0.3048780487804878,4086,OADMET-0001376
439,OADMET-0004901,1,0.38461538461538464,3960,OADMET-0004978
444,OADMET-0005221,1,0.36585365853658536,2816,OADMET-0001098
455,OADMET-0002152,1,0.37777777777777777,548,OADMET-0001961
459,OADMET-0003069,1,0.2777777777777778,1243,OADMET-0005117
465,OADMET-0005357,1,0.5084745762711864,1536,OADMET-0003289
466,OADMET-0002644,1,0.3283582089552239,2822,OADMET-0002607
467,OADMET-0001552,1,0.325,676,OADMET-0004989
475,OADMET-0005772,1,0.5245901639344263,1460,OADMET-0005063
477,OADMET-0004763,1,0.410958904109589,2229,OADMET-0003067
480,OADMET-0003782,1,0.27419354838709675,2583,OADMET-0003561
485,OADMET-0005211,1,0.38028169014084506,2551,OADMET-0002961
487,OADMET-0002807,1,0.2676056338028169,2443,OADMET-0005794
489,OADMET-0003604,1,0.27710843373493976,3663,OADMET-0003589
505,OADMET-0004973,1,0.28205128205128205,4080,OADMET-0004498
506,OADMET-0001126,1,0.3125,615,OADMET-0001315
507,OADMET-0001073,1,0.3088235294117647,3806,OADMET-0002764
517,OADMET-0001587,1,0.36363636363636365,1879,OADMET-0005777
524,OADMET-0001874,1,0.3625,2124,OADMET-0002966
525,OADMET-0003389,1,0.410958904109589,2203,OADMET-0004747
527,OADMET-0001870,1,0.5294117647058824,3739,OADMET-0002306
529,OADMET-0005779,1,0.3835616438356164,2657,OADMET-0005847
533,OADMET-0001127,1,0.3611111111111111,198,OADMET-0000936
534,OADMET-0003700,1,0.2857142857142857,1987,OADMET-0003580
536,OADMET-0004868,1,0.3225806451612903,3082,OADMET-0004783
552,OADMET-0005190,1,0.31746031746031744,1268,OADMET-0002856
566,OADMET-0001654,1,0.379746835443038,181,OADMET-0001609
575,OADMET-0005591,1,0.35526315789473684,4079,OADMET-0002940
596,OADMET-0005976,1,0.32894736842105265,1902,OADMET-0004216
603,OADMET-0000933,1,0.3333333333333333,2125,OADMET-0001268
605,OADMET-0003343,1,0.30666666666666664,3763,OADMET-0005869
606,OADMET-0001474,1,0.4025974025974026,2049,OADMET-0001466
607,OADMET-0004094,1,0.34285714285714286,3700,OADMET-0005276
618,OADMET-0001302,1,0.2916666666666667,3637,OADMET-0002537
619,OADMET-0003292,1,0.375,3973,OADMET-0002323
626,OADMET-0004734,1,0.47692307692307695,2541,OADMET-0005599
627,OADMET-0002218,1,0.59375,2911,OADMET-0002229
633,OADMET-0004716,1,0.43243243243243246,483,OADMET-0001289
634,OADMET-0002237,1,0.48148148148148145,4000,OADMET-0002171
639,OADMET-0006063,1,0.2289156626506024,2447,OADMET-0004777
645,OADMET-0005160,1,0.27941176470588236,1094,OADMET-0001551
646,OADMET-0003413,1,0.34210526315789475,3182,OADMET-0003000
650,OADMET-0004986,1,0.34375,1493,OADMET-0005870
656,OADMET-0005144,1,0.2857142857142857,2539,OADMET-0003492
664,OADMET-0004757,1,0.30434782608695654,1541,OADMET-0002939
665,OADMET-0005021,1,0.35714285714285715,1202,OADMET-0005294
673,OADMET-0005651,1,0.4,2216,OADMET-0005074
686,OADMET-0005629,1,0.3287671232876712,1130,OADMET-0005382
688,OADMET-0005910,1,0.4375,1493,OADMET-0005870
691,OADMET-0003722,1,0.42857142857142855,415,OADMET-0002220
692,OADMET-0005055,1,0.4050632911392405,2482,OADMET-0002541
696,OADMET-0001553,1,0.4507042253521127,108,OADMET-0001663
698,OADMET-0005601,1,0.5,549,OADMET-0003484
699,OADMET-0005052,1,0.2537313432835821,1255,OADMET-0005175
702,OADMET-0005868,1,0.582089552238806,803,OADMET-0005268
706,OADMET-0005227,1,0.28,771,OADMET-0001035
708,OADMET-0001639,1,0.4520547945205479,3195,OADMET-0001754
710,OADMET-0004296,1,0.3968253968253968,1291,OADMET-0006013
725,OADMET-0001796,1,0.4520547945205479,3726,OADMET-0001629
733,OADMET-0004715,1,0.3333333333333333,2403,OADMET-0005941
741,OADMET-0001575,1,0.3888888888888889,40,OADMET-0001638
743,OADMET-0002727,1,0.45714285714285713,2008,OADMET-0004321
758,OADMET-0001990,1,0.5476190476190477,2963,OADMET-0002144
767,OADMET-0001028,1,0.3424657534246575,3715,OADMET-0001124
773,OADMET-0003619,1,0.3787878787878788,1980,OADMET-0003228
783,OADMET-0003656,1,0.3333333333333333,3441,OADMET-0003555
786,OADMET-0001994,1,0.5,3831,OADMET-0002256
790,OADMET-0005945,1,0.3382352941176471,4114,OADMET-0001763
799,OADMET-0001667,1,0.3611111111111111,2246,OADMET-0004349
806,OADMET-0002768,1,0.3472222222222222,3510,OADMET-0004788
818,OADMET-0003544,1,0.4714285714285714,3586,OADMET-0003792
827,OADMET-0002056,1,0.5,2112,OADMET-0002071
828,OADMET-0001857,1,0.5,4041,OADMET-0002163
829,OADMET-0001920,1,0.5319148936170213,3958,OADMET-0001985
830,OADMET-0005023,1,0.43661971830985913,604,OADMET-0005680
836,OADMET-0002863,1,0.4222222222222222,4072,OADMET-0003650
839,OADMET-0005621,1,0.3783783783783784,995,OADMET-0004752
840,OADMET-0001217,1,0.2894736842105263,1595,OADMET-0001143
844,OADMET-0002596,1,0.5740740740740741,1896,OADMET-0005925
850,OADMET-0003341,1,0.5892857142857143,2726,OADMET-0005092
854,OADMET-0003585,1,0.3188405797101449,730,OADMET-0001971
855,OADMET-0002101,1,0.5957446808510638,1311,OADMET-0001979
859,OADMET-0006051,1,0.3076923076923077,2758,OADMET-0001154
870,OADMET-0001055,1,0.3333333333333333,1638,OADMET-0001046
884,OADMET-0005159,1,0.2804878048780488,120,OADMET-0004819
886,OADMET-0005933,1,0.3783783783783784,3578,OADMET-0005032
897,OADMET-0001997,1,0.4716981132075472,3172,OADMET-0002193
907,OADMET-0003445,1,0.3181818181818182,1927,OADMET-0002637
908,OADMET-0001079,1,0.4057971014492754,3806,OADMET-0002764
909,OADMET-0001567,1,0.4225352112676056,186,OADMET-0001576
912,OADMET-0001863,1,0.5217391304347826,211,OADMET-0002172
914,OADMET-0005499,1,0.35135135135135137,2837,OADMET-0001337
917,OADMET-0003716,1,0.23529411764705882,1605,OADMET-0003554
918,OADMET-0001392,1,0.3333333333333333,2892,OADMET-0001181
926,OADMET-0003148,1,0.3037974683544304,95,OADMET-0002882
928,OADMET-0002662,1,0.453125,1761,OADMET-0003342
930,OADMET-0003765,1,0.23333333333333334,315,OADMET-0002263
931,OADMET-0002268,1,0.4642857142857143,3651,OADMET-0001957
933,OADMET-0004267,1,0.3384615384615385,1919,OADMET-0000955
942,OADMET-0001722,1,0.38571428571428573,1167,OADMET-0001605
950,OADMET-0005913,1,0.4852941176470588,220,OADMET-0006053
955,OADMET-0001632,1,0.44,481,OADMET-0001790
966,OADMET-0003541,1,0.36,235,OADMET-0002123
967,OADMET-0003426,1,0.3770491803278688,437,OADMET-0004974
972,OADMET-0005534,1,0.35526315789473684,3714,OADMET-0005614
976,OADMET-0002216,1,0.47692307692307695,1732,OADMET-0001972
982,OADMET-0001906,1,0.27631578947368424,785,OADMET-0001093
996,OADMET-0001574,1,0.5230769230769231,1730,OADMET-0001617
998,OADMET-0001497,1,0.2833333333333333,542,OADMET-0001278
1004,OADMET-0001081,1,0.3548387096774194,3541,OADMET-0005270
1006,OADMET-0001923,1,0.47058823529411764,2313,OADMET-0002142
1008,OADMET-0005665,1,0.375,772,OADMET-0006008
1011,OADMET-0002960,1,0.34285714285714286,1112,OADMET-0004413
1016,OADMET-0004769,1,0.5384615384615384,1240,OADMET-0005078
1021,OADMET-0003697,1,0.41935483870967744,1375,OADMET-0003705
1023,OADMET-0003145,1,0.4225352112676056,3484,OADMET-0003193
1042,OADMET-0005135,1,0.32857142857142857,1875,OADMET-0001375
1052,OADMET-0003100,1,0.3108108108108108,3648,OADMET-0001009
1057,OADMET-0006080,1,0.45714285714285713,1458,OADMET-0003282
1058,OADMET-0001585,1,0.4444444444444444,1078,OADMET-0001749
1062,OADMET-0003751,1,0.1794871794871795,578,OADMET-0003679
1064,OADMET-0004782,1,0.2876712328767123,2089,OADMET-0003007
1065,OADMET-0002125,1,0.5714285714285714,1390,OADMET-0002037
1069,OADMET-0002656,1,0.4166666666666667,1817,OADMET-0002999
1071,OADMET-0005497,1,0.391304347826087,2530,OADMET-0005786
1074,OADMET-0003498,1,0.44680851063829785,655,OADMET-0002264
1087,OADMET-0000978,1,0.5,745,OADMET-0004203
1091,OADMET-0002779,1,0.2676056338028169,548,OADMET-0001961
1096,OADMET-0001156,1,0.3055555555555556,1320,OADMET-0005490
1101,OADMET-0003440,1,0.3026315789473684,3881,OADMET-0001318
1113,OADMET-0005241,1,0.5303030303030303,1967,OADMET-0004681
1117,OADMET-0001817,1,0.4583333333333333,2534,OADMET-0005623
1122,OADMET-0003474,1,0.43283582089552236,1030,OADMET-0006066
1131,OADMET-0004702,1,0.33783783783783783,782,OADMET-0001112
1141,OADMET-0001227,1,0.3103448275862069,2562,OADMET-0005998
1143,OADMET-0005875,1,0.4528301886792453,1390,OADMET-0002037
1146,OADMET-0003144,1,0.3717948717948718,2820,OADMET-0002754
1153,OADMET-0005163,1,0.29411764705882354,1637,OADMET-0002041
1155,OADMET-0006033,1,0.34615384615384615,3749,OADMET-0003347
1164,OADMET-0005971,1,0.3253012048192771,3142,OADMET-0003499
1177,OADMET-0003557,1,0.36764705882352944,2932,OADMET-0001212
1186,OADMET-0004214,1,0.5211267605633803,1034,OADMET-0004611
1192,OADMET-0005192,1,0.25,2688,OADMET-0003473
1197,OADMET-0005343,1,0.43478260869565216,2620,OADMET-0005061
1204,OADMET-0001452,1,0.527027027027027,498,OADMET-0001451
1218,OADMET-0001586,1,0.49230769230769234,1544,OADMET-0001770
1220,OADMET-0004054,1,0.3442622950819672,3288,OADMET-0004590
1225,OADMET-0002029,1,0.5967741935483871,1893,OADMET-0005288
1229,OADMET-0002606,1,0.37333333333333335,2229,OADMET-0003067
1233,OADMET-0002831,1,0.2857142857142857,2840,OADMET-0004990
1242,OADMET-0001089,1,0.3194444444444444,3035,OADMET-0001175
1254,OADMET-0005321,1,0.3582089552238806,3653,OADMET-0001058
1256,OADMET-0002641,1,0.24358974358974358,2558,OADMET-0002839
1257,OADMET-0005952,1,0.35135135135135137,3675,OADMET-0005973
1271,OADMET-0005701,1,0.32,954,OADMET-0002617
1274,OADMET-0005857,1,0.421875,1938,OADMET-0003294
1276,OADMET-0001082,1,0.3717948717948718,1916,OADMET-0004944
1279,OADMET-0002783,1,0.3150684931506849,124,OADMET-0004887
1299,OADMET-0001369,1,0.2875,3330,OADMET-0005131
1316,OADMET-0005543,1,0.28,3222,OADMET-0004866
1321,OADMET-0001097,1,0.45901639344262296,1642,OADMET-0003448
1327,OADMET-0001037,1,0.323943661971831,1061,OADMET-0001259
1328,OADMET-0005842,1,0.3246753246753247,1171,OADMET-0004853
1363,OADMET-0001261,1,0.4166666666666667,1720,OADMET-0005100
1372,OADMET-0005201,1,0.3088235294117647,3487,OADMET-0002744
1373,OADMET-0003613,1,0.43333333333333335,1772,OADMET-0002196
1411,OADMET-0004851,1,0.4166666666666667,803,OADMET-0005268
1414,OADMET-0003361,1,0.47761194029850745,2165,OADMET-0002555
1418,OADMET-0003686,1,0.25,3305,OADMET-0001958
1429,OADMET-0003573,1,0.40816326530612246,1075,OADMET-0003680
1432,OADMET-0002586,1,0.4305555555555556,3714,OADMET-0005614
1433,OADMET-0004770,1,0.36231884057971014,3002,OADMET-0004920
1435,OADMET-0001616,1,0.4090909090909091,2011,OADMET-0001771
1437,OADMET-0003166,1,0.4925373134328358,1718,OADMET-0003160
1444,OADMET-0004935,1,0.30666666666666664,309,OADMET-0004428
1446,OADMET-0003696,1,0.3442622950819672,700,OADMET-0001606
1448,OADMET-0002577,1,0.2597402597402597,3740,OADMET-0004348
1462,OADMET-0003316,1,0.2987012987012987,948,OADMET-0001445
1463,OADMET-0001569,1,0.421875,2016,OADMET-0001799
1466,OADMET-0005986,1,0.40789473684210525,3688,OADMET-0005790
1473,OADMET-0001565,1,0.42424242424242425,2100,OADMET-0001625
1476,OADMET-0003417,1,0.26153846153846155,1112,OADMET-0004413
1480,OADMET-0005744,1,0.2876712328767123,2778,OADMET-0003199
1494,OADMET-0002801,1,0.32,2447,OADMET-0004777
1520,OADMET-0004128,1,0.4057971014492754,1249,OADMET-0004908
1528,OADMET-0005562,1,0.390625,1397,OADMET-0002013
1542,OADMET-0004547,1,0.39705882352941174,3960,OADMET-0004978
1546,OADMET-0001535,1,0.34545454545454546,1845,OADMET-0003806
1547,OADMET-0005300,1,0.4657534246575342,1710,OADMET-0005037
1553,OADMET-0001332,1,0.32857142857142857,3766,OADMET-0005590
1554,OADMET-0001210,1,0.3125,3879,OADMET-0001312
1564,OADMET-0003165,1,0.38028169014084506,142,OADMET-0003914
1567,OADMET-0003076,1,0.3,2185,OADMET-0002875
1570,OADMET-0004285,1,0.4473684210526316,2486,OADMET-0004767
1587,OADMET-0003135,1,0.36764705882352944,1044,OADMET-0004478
1590,OADMET-0005258,1,0.4098360655737705,3930,OADMET-0002030
1599,OADMET-0001623,1,0.3698630136986301,3089,OADMET-0001633
1614,OADMET-0005277,1,0.34615384615384615,3808,OADMET-0004040
1618,OADMET-0003391,1,0.35,1294,OADMET-0002889
1620,OADMET-0002923,1,0.359375,558,OADMET-0003256
1621,OADMET-0005727,1,0.3333333333333333,3842,OADMET-0002580
1623,OADMET-0004809,1,0.3235294117647059,2137,OADMET-0004823
1628,OADMET-0005650,1,0.34782608695652173,2092,OADMET-0004237
1630,OADMET-0003263,1,0.2894736842105263,3838,OADMET-0005811
1634,OADMET-0001876,1,0.5909090909090909,1635,OADMET-0002175
1639,OADMET-0003071,1,0.36231884057971014,632,OADMET-0005813
1640,OADMET-0005287,1,0.3333333333333333,2905,OADMET-0003326
1660,OADMET-0001882,1,0.5757575757575758,2416,OADMET-0002205
1667,OADMET-0002240,1,0.53125,3106,OADMET-0002246
1671,OADMET-0003866,1,0.3150684931506849,2565,OADMET-0003513
1687,OADMET-0002796,1,0.4567901234567901,1055,OADMET-0002659
1698,OADMET-0005443,1,0.2608695652173913,1056,OADMET-0004724
1704,OADMET-0001611,1,0.3611111111111111,592,OADMET-0005886
1713,OADMET-0002649,1,0.4246575342465753,4001,OADMET-0002723
1721,OADMET-0005771,1,0.5,20,OADMET-0005750
1726,OADMET-0005720,1,0.2736842105263158,2889,OADMET-0005416
1734,OADMET-0005890,1,0.410958904109589,1364,OADMET-0003177
1741,OADMET-0003501,1,0.2898550724637681,1148,OADMET-0001275
1742,OADMET-0002040,1,0.5609756097560976,1159,OADMET-0002093
1744,OADMET-0006029,1,0.41333333333333333,3871,OADMET-0005468
1745,OADMET-0000973,1,0.3037974683544304,1697,OADMET-0001066
1747,OADMET-0005828,1,0.46153846153846156,1303,OADMET-0003371
1751,OADMET-0005094,1,0.39344262295081966,3839,OADMET-0006058
1752,OADMET-0004718,1,0.3291139240506329,1695,OADMET-0002822
1755,OADMET-0001785,1,0.43478260869565216,2497,OADMET-0001740
1765,OADMET-0004247,1,0.49122807017543857,3,OADMET-0002785
1775,OADMET-0003204,1,0.32142857142857145,1550,OADMET-0002765
1776,OADMET-0005409,1,0.3283582089552239,3936,OADMET-0005087
1788,OADMET-0003353,1,0.38571428571428573,3463,OADMET-0003123
1793,OADMET-0002911,1,0.3424657534246575,2120,OADMET-0003521
1794,OADMET-0002599,1,0.4411764705882353,2131,OADMET-0005837
1802,OADMET-0003019,1,0.2753623188405797,2502,OADMET-0005076
1804,OADMET-0001735,1,0.42424242424242425,2087,OADMET-0001579
1818,OADMET-0005467,1,0.40298507462686567,2324,OADMET-0003969
1827,OADMET-0003156,1,0.31343283582089554,1162,OADMET-0005628
1828,OADMET-0005222,1,0.323943661971831,148,OADMET-0005697
1831,OADMET-0001861,1,0.38636363636363635,1829,OADMET-0002162
1836,OADMET-0001286,1,0.3076923076923077,120,OADMET-0004819
1854,OADMET-0001562,1,0.30434782608695654,2436,OADMET-0002653
1865,OADMET-0005606,1,0.3157894736842105,2381,OADMET-0001194
1870,OADMET-0004419,1,0.29850746268656714,478,OADMET-0003116
1889,OADMET-0001772,1,0.3116883116883117,769,OADMET-0001789
1892,OADMET-0004686,1,0.35384615384615387,2646,OADMET-0005303
1894,OADMET-0002658,1,0.3466666666666667,3133,OADMET-0005985
1899,OADMET-0005788,1,0.2608695652173913,1495,OADMET-0003798
1903,OADMET-0005593,1,0.42424242424242425,731,OADMET-0005013
1928,OADMET-0004844,1,0.3770491803278688,1193,OADMET-0002021
1932,OADMET-0005349,1,0.5,985,OADMET-0005232
1933,OADMET-0002901,1,0.37681159420289856,2535,OADMET-0005588
1935,OADMET-0002894,1,0.37333333333333335,205,OADMET-0005359
1937,OADMET-0003229,1,0.3870967741935484,2644,OADMET-0002688
1949,OADMET-0003350,1,0.5079365079365079,3296,OADMET-0003159
1956,OADMET-0001892,1,0.3902439024390244,3106,OADMET-0002246
1963,OADMET-0004910,1,0.3611111111111111,960,OADMET-0004754
1966,OADMET-0005469,1,0.33766233766233766,2398,OADMET-0005249
1979,OADMET-0002025,1,0.425,680,OADMET-0002000
1988,OADMET-0002254,1,0.4642857142857143,3651,OADMET-0001957
1992,OADMET-0002942,1,0.3194444444444444,1504,OADMET-0005345
1994,OADMET-0004951,1,0.38372093023255816,509,OADMET-0004261
1995,OADMET-0005935,1,0.2638888888888889,222,OADMET-0001267
1999,OADMET-0002775,1,0.4666666666666667,24,OADMET-0005275
2002,OADMET-0005778,1,0.3283582089552239,567,OADMET-0002761
2005,OADMET-0001056,1,0.27941176470588236,81,OADMET-0001953
2007,OADMET-0005397,1,0.3392857142857143,3482,OADMET-0005445
2010,OADMET-0003711,1,0.2875,3148,OADMET-0001224
2012,OADMET-0005282,1,0.31645569620253167,3718,OADMET-0004766
2015,OADMET-0005658,1,0.4794520547945205,483,OADMET-0001289
2017,OADMET-0005083,1,0.35294117647058826,3456,OADMET-0004867
2038,OADMET-0005010,1,0.34782608695652173,1668,OADMET-0001759
2042,OADMET-0004737,1,0.3064516129032258,3527,OADMET-0005108
2048,OADMET-0005831,1,0.3888888888888889,2458,OADMET-0005406
2050,OADMET-0006041,1,0.35714285714285715,1543,OADMET-0001510
2053,OADMET-0005569,1,0.3333333333333333,412,OADMET-0005548
2058,OADMET-0004731,1,0.47761194029850745,3336,OADMET-0005064
2068,OADMET-0005122,1,0.4025974025974026,2072,OADMET-0002969
2069,OADMET-0002272,1,0.5151515151515151,3106,OADMET-0002246
2070,OADMET-0003046,1,0.29411764705882354,3113,OADMET-0002903
2071,OADMET-0001900,1,0.39705882352941174,3000,OADMET-0003658
2075,OADMET-0003025,1,0.30158730158730157,3021,OADMET-0004678
2077,OADMET-0005215,1,0.42028985507246375,2861,OADMET-0004847
2078,OADMET-0003743,1,0.25,3977,OADMET-0003527
2083,OADMET-0003456,1,0.36231884057971014,3676,OADMET-0002846
2086,OADMET-0003811,1,0.5,538,OADMET-0003607
2093,OADMET-0002554,1,0.3373493975903614,182,OADMET-0003295
2094,OADMET-0005223,1,0.4626865671641791,2988,OADMET-0005154
2095,OADMET-0005099,1,0.4647887323943662,2439,OADMET-0005568
2098,OADMET-0003420,1,0.3037974683544304,1106,OADMET-0003021
2104,OADMET-0001078,1,0.2537313432835821,649,OADMET-0001232
2105,OADMET-0004939,1,0.2962962962962963,2406,OADMET-0005015
2111,OADMET-0005361,1,0.40298507462686567,3516,OADMET-0002729
2118,OADMET-0004723,1,0.2891566265060241,2132,OADMET-0005776
2119,OADMET-0005685,1,0.325,1910,OADMET-0005453
2123,OADMET-0001186,1,0.40816326530612246,876,OADMET-0001130
2135,OADMET-0003244,1,0.3194444444444444,3071,OADMET-0002860
2152,OADMET-0005538,1,0.5303030303030303,2657,OADMET-0005847
2164,OADMET-0005373,1,0.2948717948717949,1890,OADMET-0006030
2183,OADMET-0002996,1,0.3835616438356164,1857,OADMET-0005285
2193,OADMET-0001419,1,0.36470588235294116,2714,OADMET-0001418
2212,OADMET-0001387,1,0.4230769230769231,2236,OADMET-0002017
2221,OADMET-0002584,1,0.36764705882352944,1873,OADMET-0003439
2225,OADMET-0004956,1,0.2926829268292683,944,OADMET-0002730
2230,OADMET-0002858,1,0.38028169014084506,2689,OADMET-0002753
2235,OADMET-0003710,1,0.25925925925925924,3102,OADMET-0003848
2238,OADMET-0002594,1,0.25757575757575757,1162,OADMET-0005628
2243,OADMET-0001995,1,0.5535714285714286,3215,OADMET-0001890
2266,OADMET-0002927,1,0.4583333333333333,3648,OADMET-0001009
2273,OADMET-0005722,1,0.3815789473684211,86,OADMET-0003281
2276,OADMET-0001999,1,0.4375,4113,OADMET-0002070
2286,OADMET-0002886,1,0.3611111111111111,3194,OADMET-0002570
2289,OADMET-0005992,1,0.37681159420289856,1172,OADMET-0005620
2291,OADMET-0002892,1,0.5616438356164384,2708,OADMET-0002844
2300,OADMET-0003636,1,0.38372093023255816,1680,OADMET-0003586
2305,OADMET-0001577,1,0.46875,3734,OADMET-0001613
2306,OADMET-0005921,1,0.39705882352941174,2047,OADMET-0005702
2318,OADMET-0001101,1,0.5571428571428572,2965,OADMET-0001450
2322,OADMET-0005133,1,0.4603174603174603,547,OADMET-0002847
2323,OADMET-0005836,1,0.4411764705882353,2142,OADMET-0002905
2336,OADMET-0005964,1,0.30985915492957744,4011,OADMET-0002943
2337,OADMET-0005990,1,0.49295774647887325,3708,OADMET-0004859
2342,OADMET-0001041,1,0.35384615384615387,1160,OADMET-0001715
2348,OADMET-0001467,1,0.589041095890411,2382,OADMET-0001472
2355,OADMET-0005914,1,0.29508196721311475,1179,OADMET-0002771
2358,OADMET-0003533,1,0.2903225806451613,1390,OADMET-0002037
2372,OADMET-0004753,1,0.43283582089552236,1320,OADMET-0005490
2377,OADMET-0001931,1,0.46938775510204084,52,OADMET-0002148
2383,OADMET-0005038,1,0.48333333333333334,4011,OADMET-0002943
2393,OADMET-0005942,1,0.44776119402985076,3871,OADMET-0005468
2402,OADMET-0004739,1,0.3114754098360656,3791,OADMET-0006078
2404,OADMET-0003238,1,0.35135135135135137,3665,OADMET-0005420
2419,OADMET-0004998,1,0.32432432432432434,1795,OADMET-0005683
2423,OADMET-0003369,1,0.4025974025974026,3896,OADMET-0005347
2424,OADMET-0001777,1,0.3333333333333333,1301,OADMET-0001713
2434,OADMET-0005509,1,0.3,1861,OADMET-0005376
2438,OADMET-0002640,1,0.4186046511627907,1644,OADMET-0003411
2448,OADMET-0006087,1,0.3382352941176471,738,OADMET-0005341
2454,OADMET-0004865,1,0.36666666666666664,3569,OADMET-0003298
2455,OADMET-0004490,1,0.42424242424242425,2985,OADMET-0005626
2461,OADMET-0003287,1,0.2972972972972973,3597,OADMET-0002597
2468,OADMET-0001893,1,0.5333333333333333,216,OADMET-0002150
2473,OADMET-0003777,1,0.3111111111111111,993,OADMET-0003615
2474,OADMET-0001877,1,0.48148148148148145,990,OADMET-0002215
2477,OADMET-0001556,1,0.379746835443038,4086,OADMET-0001376
2489,OADMET-0003325,1,0.35,1294,OADMET-0002889
2498,OADMET-0002159,1,0.36363636363636365,778,OADMET-0001944
2522,OADMET-0003479,1,0.3548387096774194,2574,OADMET-0005113
2542,OADMET-0003695,1,0.2653061224489796,2232,OADMET-0003018
2552,OADMET-0003469,1,0.35443037974683544,612,OADMET-0004567
2575,OADMET-0001643,1,0.3898305084745763,3299,OADMET-0001813
2593,OADMET-0001486,1,0.32142857142857145,454,OADMET-0001480
2595,OADMET-0000953,1,0.3424657534246575,1697,OADMET-0001066
2601,OADMET-0001554,1,0.35443037974683544,668,OADMET-0001732
2604,OADMET-0005437,1,0.4482758620689655,1484,OADMET-0004748
2607,OADMET-0005439,1,0.35714285714285715,409,OADMET-0001067
2609,OADMET-0002255,1,0.5588235294117647,3116,OADMET-0001865
2628,OADMET-0001919,1,0.5555555555555556,2935,OADMET-0002212
2629,OADMET-0001786,1,0.41333333333333333,64,OADMET-0001615
2630,OADMET-0001573,1,0.5068493150684932,2623,OADMET-0001803
2641,OADMET-0002686,1,0.4126984126984127,1549,OADMET-0005849
2643,OADMET-0001131,1,0.3188405797101449,3968,OADMET-0000935
2645,OADMET-0001658,1,0.35064935064935066,2969,OADMET-0001661
2650,OADMET-0005900,1,0.36486486486486486,1689,OADMET-0003227
2653,OADMET-0003758,1,0.27419354838709675,2583,OADMET-0003561
2666,OADMET-0004932,1,0.26506024096385544,3174,OADMET-0001473
2670,OADMET-0003078,1,0.4,1710,OADMET-0005037
2672,OADMET-0004822,1,0.24675324675324675,2178,OADMET-0005863
2675,OADMET-0005460,1,0.3142857142857143,3171,OADMET-0005963
2677,OADMET-0001317,1,0.3582089552238806,3091,OADMET-0002587
2681,OADMET-0001011,1,0.36486486486486486,427,OADMET-0002916
2682,OADMET-0005234,1,0.367816091954023,1526,OADMET-0001415
2684,OADMET-0001788,1,0.4507042253521127,499,OADMET-0001800
2691,OADMET-0001447,1,0.4925373134328358,3913,OADMET-0001446
2697,OADMET-0005482,1,0.3625,121,OADMET-0005966
2698,OADMET-0001347,1,0.37142857142857144,1969,OADMET-0005540
2702,OADMET-0004812,1,0.3253012048192771,2959,OADMET-0003251
2706,OADMET-0005888,1,0.4666666666666667,3165,OADMET-0003024
2710,OADMET-0005051,1,0.36764705882352944,1371,OADMET-0002897
2711,OADMET-0002598,1,0.32894736842105265,2347,OADMET-0005576
2725,OADMET-0005488,1,0.5303030303030303,1172,OADMET-0005620
2727,OADMET-0002762,1,0.32142857142857145,927,OADMET-0005619
2728,OADMET-0005928,1,0.39655172413793105,158,OADMET-0001993
2729,OADMET-0000960,1,0.36363636363636365,1100,OADMET-0001361
2732,OADMET-0004707,1,0.25287356321839083,1049,OADMET-0005174
2739,OADMET-0005797,1,0.30985915492957744,482,OADMET-0005030
2741,OADMET-0003296,1,0.391304347826087,4012,OADMET-0004789
2750,OADMET-0001379,1,0.532258064516129,1760,OADMET-0001381
2754,OADMET-0005214,1,0.4230769230769231,3446,OADMET-0005328
2755,OADMET-0001345,1,0.35,3460,OADMET-0001069
2764,OADMET-0001137,1,0.3614457831325301,1150,OADMET-0004697
2766,OADMET-0005050,1,0.35384615384615387,1231,OADMET-0002738
2767,OADMET-0005533,1,0.3125,4075,OADMET-0003001
2769,OADMET-0005877,1,0.45901639344262296,1645,OADMET-0004862
2776,OADMET-0001243,1,0.32,2647,OADMET-0001657
2780,OADMET-0005165,1,0.32,3047,OADMET-0005207
2781,OADMET-0002812,1,0.37037037037037035,312,OADMET-0002257
2790,OADMET-0005696,1,0.2716049382716049,2065,OADMET-0006061
2792,OADMET-0003595,1,0.20833333333333334,1872,OADMET-0002705
2797,OADMET-0001806,1,0.3125,2785,OADMET-0001641
2805,OADMET-0001018,1,0.35294117647058826,3748,OADMET-0001085
2811,OADMET-0005883,1,0.34285714285714286,3482,OADMET-0005445
2812,OADMET-0002868,1,0.3055555555555556,3047,OADMET-0005207
2830,OADMET-0003243,1,0.2962962962962963,3392,OADMET-0002292
2834,OADMET-0005164,1,0.3466666666666667,50,OADMET-0005208
2864,OADMET-0001084,1,0.3333333333333333,3230,OADMET-0001229
2868,OADMET-0001442,1,0.3698630136986301,3568,OADMET-0001122
2874,OADMET-0004771,1,0.509090909090909,8,OADMET-0002003
2877,OADMET-0005630,1,0.4266666666666667,974,OADMET-0004832
2878,OADMET-0005385,1,0.3287671232876712,170,OADMET-0002556
2880,OADMET-0003898,1,0.3968253968253968,2396,OADMET-0005645
2883,OADMET-0003510,1,0.3125,1389,OADMET-0001660
2886,OADMET-0005260,1,0.37681159420289856,2427,OADMET-0005049
2890,OADMET-0005805,1,0.36363636363636365,895,OADMET-0003099
2893,OADMET-0004786,1,0.28,3127,OADMET-0004680
2894,OADMET-0004976,1,0.5757575757575758,1440,OADMET-0004105
2895,OADMET-0004732,1,0.26582278481012656,1376,OADMET-0004875
2896,OADMET-0004116,1,0.3787878787878788,1557,OADMET-0004575
2927,OADMET-0004814,1,0.34210526315789475,126,OADMET-0003275
2940,OADMET-0004332,1,0.24691358024691357,433,OADMET-0002841
2941,OADMET-0002724,1,0.28169014084507044,1311,OADMET-0001979
2943,OADMET-0001357,1,0.2903225806451613,1319,OADMET-0001277
2948,OADMET-0003139,1,0.4153846153846154,95,OADMET-0002882
2950,OADMET-0004906,1,0.2602739726027397,24,OADMET-0005275
2956,OADMET-0005752,1,0.38235294117647056,1756,OADMET-0002735
2967,OADMET-0005494,1,0.3484848484848485,1536,OADMET-0003289
2978,OADMET-0005974,1,0.4603174603174603,3133,OADMET-0005985
2984,OADMET-0002011,1,0.423728813559322,1313,OADMET-0002080
2987,OADMET-0005871,1,0.4426229508196721,1486,OADMET-0005423
2992,OADMET-0005893,1,0.30666666666666664,1869,OADMET-0001644
2995,OADMET-0001436,1,0.30120481927710846,2823,OADMET-0001427
2999,OADMET-0002676,1,0.5147058823529411,3873,OADMET-0004967
3015,OADMET-0003762,1,0.2602739726027397,3663,OADMET-0003589
3017,OADMET-0004971,1,0.423728813559322,2528,OADMET-0005151
3029,OADMET-0001250,1,0.32,3243,OADMET-0001140
3043,OADMET-0003442,1,0.28378378378378377,1292,OADMET-0003237
3056,OADMET-0005987,1,0.3968253968253968,1637,OADMET-0002041
3057,OADMET-0003437,1,0.36363636363636365,2519,OADMET-0005690
3059,OADMET-0005454,1,0.2786885245901639,287,OADMET-0001996
3063,OADMET-0001909,1,0.43478260869565216,1683,OADMET-0002274
3079,OADMET-0003005,1,0.34177215189873417,1749,OADMET-0005603
3081,OADMET-0004514,1,0.4342105263157895,2849,OADMET-0002566
3085,OADMET-0005724,1,0.36923076923076925,4105,OADMET-0001023
3087,OADMET-0005574,1,0.4189189189189189,3594,OADMET-0003451
3088,OADMET-0005080,1,0.3472222222222222,1556,OADMET-0005391
3090,OADMET-0006076,1,0.3783783783783784,1183,OADMET-0004892
3096,OADMET-0003975,1,0.3466666666666667,4109,OADMET-0005279
3098,OADMET-0002871,1,0.44594594594594594,3703,OADMET-0003089
3108,OADMET-0002830,1,0.5344827586206896,635,OADMET-0002539
3140,OADMET-0002971,1,0.543859649122807,1805,OADMET-0002786
3143,OADMET-0005818,1,0.352112676056338,2541,OADMET-0005599
3144,OADMET-0001297,1,0.32926829268292684,1809,OADMET-0003059
3151,OADMET-0003283,1,0.32,2267,OADMET-0005977
3157,OADMET-0005312,1,0.3283582089552239,1268,OADMET-0002856
3190,OADMET-0006024,1,0.30434782608695654,184,OADMET-0005609
3191,OADMET-0001894,1,0.5476190476190477,3832,OADMET-0002260
3193,OADMET-0005200,1,0.43283582089552236,3262,OADMET-0005422
3199,OADMET-0002708,1,0.5230769230769231,2172,OADMET-0003225
3202,OADMET-0005392,1,0.2808988764044944,3850,OADMET-0005371
3210,OADMET-0002627,1,0.2962962962962963,680,OADMET-0002000
3229,OADMET-0005834,1,0.29411764705882354,2113,OADMET-0003221
3235,OADMET-0002677,1,0.34210526315789475,3544,OADMET-0003714
3236,OADMET-0001674,1,0.3472222222222222,336,OADMET-0001614
3238,OADMET-0005604,1,0.40540540540540543,230,OADMET-0002611
3250,OADMET-0006021,1,0.45901639344262296,3429,OADMET-0006018
3252,OADMET-0002746,1,0.32894736842105265,1718,OADMET-0003160
3259,OADMET-0005815,1,0.3142857142857143,2667,OADMET-0003308
3260,OADMET-0005956,1,0.4142857142857143,1953,OADMET-0003032
3273,OADMET-0005795,1,0.3287671232876712,2166,OADMET-0002912
3281,OADMET-0001974,1,0.5,158,OADMET-0001993
3284,OADMET-0003793,1,0.23,3092,OADMET-0005319
3291,OADMET-0001948,1,0.46875,1891,OADMET-0001921
3292,OADMET-0003098,1,0.3939393939393939,3200,OADMET-0003310
3293,OADMET-0001165,1,0.3880597014925373,1100,OADMET-0001361
3301,OADMET-0003410,1,0.5964912280701754,2833,OADMET-0005475
3306,OADMET-0001363,1,0.5072463768115942,516,OADMET-0001198
3315,OADMET-0003860,1,0.2982456140350877,3131,OADMET-0002287
3326,OADMET-0001040,1,0.3492063492063492,649,OADMET-0001232
3329,OADMET-0001518,1,0.22641509433962265,1594,OADMET-0001689
3337,OADMET-0005659,1,0.391304347826087,3675,OADMET-0005973
3345,OADMET-0000930,1,0.4166666666666667,1812,OADMET-0001169
3357,OADMET-0001908,1,0.5102040816326531,3473,OADMET-0001887
3363,OADMET-0004841,1,0.30337078651685395,2231,OADMET-0006049
3377,OADMET-0004835,1,0.3625,889,OADMET-0005305
3378,OADMET-0005652,1,0.47619047619047616,1930,OADMET-0005401
3382,OADMET-0001599,1,0.47058823529411764,3722,OADMET-0001811
3385,OADMET-0005948,1,0.3442622950819672,1404,OADMET-0003117
3395,OADMET-0005362,1,0.532258064516129,970,OADMET-0002328
3398,OADMET-0004893,1,0.3291139240506329,1674,OADMET-0003033
3402,OADMET-0000963,1,0.2962962962962963,3934,OADMET-0001288
3404,OADMET-0005706,1,0.45588235294117646,2354,OADMET-0006060
3431,OADMET-0003380,1,0.3424657534246575,2554,OADMET-0002947
3448,OADMET-0001429,1,0.313953488372093,2382,OADMET-0001472
3455,OADMET-0002572,1,0.3559322033898305,1404,OADMET-0003117
3458,OADMET-0001174,1,0.32941176470588235,1991,OADMET-0005969
3475,OADMET-0001404,1,0.5538461538461539,2823,OADMET-0001427
3477,OADMET-0005843,1,0.2698412698412698,228,OADMET-0001334
3478,OADMET-0001026,1,0.2948717948717949,3626,OADMET-0002657
3489,OADMET-0005932,1,0.4098360655737705,92,OADMET-0005804
3497,OADMET-0001620,1,0.36666666666666664,2206,OADMET-0001588
3499,OADMET-0001064,1,0.3835616438356164,579,OADMET-0003518
3501,OADMET-0004848,1,0.5409836065573771,100,OADMET-0002590
3506,OADMET-0003430,1,0.3333333333333333,2140,OADMET-0005884
3508,OADMET-0001016,1,0.42424242424242425,3064,OADMET-0001262
3522,OADMET-0005728,1,0.4603174603174603,2863,OADMET-0005090
3533,OADMET-0003253,1,0.4482758620689655,154,OADMET-0004980
3534,OADMET-0004886,1,0.34523809523809523,2858,OADMET-0002806
3548,OADMET-0005767,1,0.3484848484848485,615,OADMET-0001315
3551,OADMET-0004937,1,0.36486486486486486,1453,OADMET-0005389
3554,OADMET-0002603,1,0.38571428571428573,654,OADMET-0005738
3561,OADMET-0001266,1,0.4,3617,OADMET-0001282
3564,OADMET-0002780,1,0.3150684931506849,1519,OADMET-0002576
3579,OADMET-0002813,1,0.43661971830985913,217,OADMET-0002811
3587,OADMET-0001925,1,0.43478260869565216,2634,OADMET-0002273
3588,OADMET-0002321,1,0.5357142857142857,2236,OADMET-0002017
3591,OADMET-0003108,1,0.3291139240506329,2036,OADMET-0005694
3598,OADMET-0002305,1,0.5882352941176471,2516,OADMET-0002151
3599,OADMET-0002168,1,0.5964912280701754,3848,OADMET-0001989
3604,OADMET-0005470,1,0.3424657534246575,2687,OADMET-0006009
3613,OADMET-0003112,1,0.55,3223,OADMET-0003010
3615,OADMET-0005816,1,0.3108108108108108,3783,OADMET-0005796
3616,OADMET-0001448,1,0.55,3913,OADMET-0001446
3620,OADMET-0005427,1,0.3466666666666667,2390,OADMET-0005799
3621,OADMET-0004781,1,0.47540983606557374,602,OADMET-0004870
3622,OADMET-0002278,1,0.3333333333333333,3545,OADMET-0002234
3628,OADMET-0005523,1,0.3380281690140845,364,OADMET-0004738
3630,OADMET-0003365,1,0.5,3539,OADMET-0005098
3640,OADMET-0000943,1,0.3283582089552239,2908,OADMET-0001074
3646,OADMET-0003773,1,0.26582278481012656,1785,OADMET-0004313
3649,OADMET-0002338,1,0.5714285714285714,3546,OADMET-0003780
3650,OADMET-0005647,1,0.27419354838709675,2061,OADMET-0001340
3659,OADMET-0005695,1,0.4411764705882353,3960,OADMET-0004978
3660,OADMET-0001869,1,0.4666666666666667,2935,OADMET-0002212
3672,OADMET-0001676,1,0.42857142857142855,2475,OADMET-0004176
3674,OADMET-0001823,1,0.22666666666666666,1879,OADMET-0005777
3678,OADMET-0004813,1,0.38961038961038963,1474,OADMET-0005381
3679,OADMET-0003093,1,0.352112676056338,2511,OADMET-0005430
3693,OADMET-0002564,1,0.3492063492063492,2961,OADMET-0005820
3698,OADMET-0003786,1,0.21052631578947367,3439,OADMET-0005648
3701,OADMET-0004938,1,0.4264705882352941,443,OADMET-0002565
3709,OADMET-0001164,1,0.3291139240506329,3319,OADMET-0001330
3712,OADMET-0002962,1,0.28169014084507044,772,OADMET-0006008
3713,OADMET-0005261,1,0.5151515151515151,3436,OADMET-0004259
3716,OADMET-0002589,1,0.37681159420289856,772,OADMET-0006008
3720,OADMET-0005016,1,0.41333333333333333,351,OADMET-0005715
3724,OADMET-0002915,1,0.3108108108108108,243,OADMET-0002745
3725,OADMET-0005053,1,0.3188405797101449,3738,OADMET-0005845
3731,OADMET-0004855,1,0.37681159420289856,1559,OADMET-0004856
3742,OADMET-0002153,1,0.3076923076923077,3335,OADMET-0002054
3744,OADMET-0004829,1,0.3333333333333333,418,OADMET-0002141
3745,OADMET-0005191,1,0.4166666666666667,1324,OADMET-0005878
3765,OADMET-0002984,1,0.3287671232876712,2439,OADMET-0005568
3769,OADMET-0002977,1,0.3013698630136986,1851,OADMET-0003266
3771,OADMET-0002001,1,0.5263157894736842,2279,OADMET-0002187
3775,OADMET-0002781,1,0.3939393939393939,567,OADMET-0002761
3813,OADMET-0000989,1,0.44,3946,OADMET-0004878
3815,OADMET-0002608,1,0.2807017543859649,778,OADMET-0001944
3817,OADMET-0003509,1,0.39705882352941174,1585,OADMET-0004064
3818,OADMET-0005636,1,0.4393939393939394,1965,OADMET-0005807
3820,OADMET-0004458,1,0.375,2946,OADMET-0001048
3827,OADMET-0002561,1,0.5294117647058824,3676,OADMET-0002846
3845,OADMET-0003094,1,0.3484848484848485,3653,OADMET-0001058
3851,OADMET-0005396,1,0.37681159420289856,3764,OADMET-0003961
3855,OADMET-0001678,1,0.358974358974359,4028,OADMET-0002289
3862,OADMET-0005681,1,0.41935483870967744,2511,OADMET-0005430
3865,OADMET-0002068,1,0.4,565,OADMET-0002137
3867,OADMET-0004884,1,0.373134328358209,1885,OADMET-0005656
3876,OADMET-0002798,1,0.3,522,OADMET-0005394
3877,OADMET-0003048,1,0.3888888888888889,15,OADMET-0005931
3884,OADMET-0003768,1,0.5185185185185185,193,OADMET-0002247
3887,OADMET-0001745,1,0.47540983606557374,1668,OADMET-0001759
3889,OADMET-0004726,1,0.3230769230769231,2280,OADMET-0003277
3892,OADMET-0003261,1,0.2916666666666667,3048,OADMET-0003236
3895,OADMET-0000927,1,0.32142857142857145,951,OADMET-0001057
3898,OADMET-0001924,1,0.4864864864864865,3550,OADMET-0002053
3899,OADMET-0004439,1,0.3333333333333333,2919,OADMET-0004210
3900,OADMET-0001899,1,0.4098360655737705,667,OADMET-0001918
3924,OADMET-0003206,1,0.3888888888888889,1018,OADMET-0005821
3925,OADMET-0001801,1,0.4461538461538462,2011,OADMET-0001771
3926,OADMET-0002018,1,0.4883720930232558,3068,OADMET-0002177
3941,OADMET-0003433,1,0.4827586206896552,592,OADMET-0005886
3953,OADMET-0001494,1,0.4,3683,OADMET-0001822
3963,OADMET-0005898,1,0.4225352112676056,329,OADMET-0005561
3974,OADMET-0002601,1,0.3188405797101449,3936,OADMET-0005087
3978,OADMET-0003184,1,0.30434782608695654,2088,OADMET-0005906
3987,OADMET-0005182,1,0.30158730158730157,812,OADMET-0002884
3997,OADMET-0001867,1,0.475,4040,OADMET-0002225
3998,OADMET-0005123,1,0.4084507042253521,978,OADMET-0003373
3999,OADMET-0005069,1,0.3287671232876712,1803,OADMET-0001905
4015,OADMET-0001723,1,0.3142857142857143,1301,OADMET-0001713
4033,OADMET-0003226,1,0.38571428571428573,1128,OADMET-0005891
4038,OADMET-0003606,1,0.3287671232876712,3133,OADMET-0005985
4042,OADMET-0001941,1,0.5185185185185185,3138,OADMET-0002213
4045,OADMET-0002624,1,0.39285714285714285,472,OADMET-0002843
4048,OADMET-0001036,1,0.2597402597402597,2049,OADMET-0001466
4054,OADMET-0005450,1,0.34210526315789475,2587,OADMET-0006065
4059,OADMET-0005110,1,0.34285714285714286,424,OADMET-0002930
4067,OADMET-0005408,1,0.24675324675324675,139,OADMET-0005829
4071,OADMET-0005066,1,0.4507042253521127,510,OADMET-0003293
4083,OADMET-0003106,1,0.43373493975903615,3165,OADMET-0003024
4094,OADMET-0002829,1,0.328125,3130,OADMET-0003127
4103,OADMET-0003649,1,0.5714285714285714,3546,OADMET-0003780
4107,OADMET-0001730,1,0.3709677419354839,1850,OADMET-0001712
4116,OADMET-0005351,1,0.3,927,OADMET-0005619
4120,OADMET-0006014,1,0.2833333333333333,3467,OADMET-0002259
4132,OADMET-0001631,1,0.4411764705882353,1668,OADMET-0001759
3,OADMET-0002785,2,0.49122807017543857,1765,OADMET-0004247
12,OADMET-0001252,2,0.32051282051282054,2887,OADMET-0000980
15,OADMET-0005931,2,0.3888888888888889,3877,OADMET-0003048
17,OADMET-0003796,2,0.1780821917808219,2529,OADMET-0001168
18,OADMET-0005719,2,0.32857142857142857,3729,OADMET-0004755
25,OADMET-0005008,2,0.33783783783783783,886,OADMET-0005933
29,OADMET-0002669,2,0.2222222222222222,1776,OADMET-0005409
33,OADMET-0002639,2,0.3333333333333333,771,OADMET-0001035
34,OADMET-0003399,2,0.4126984126984127,1517,OADMET-0005800
44,OADMET-0002948,2,0.4528301886792453,1193,OADMET-0002021
45,OADMET-0000967,2,0.35135135135135137,484,OADMET-0002276
96,OADMET-0003662,2,0.44,381,OADMET-0003643
131,OADMET-0001943,2,0.4915254237288136,1225,OADMET-0002029
138,OADMET-0003462,2,0.27058823529411763,3999,OADMET-0005069
152,OADMET-0000968,2,0.39285714285714285,3972,OADMET-0004806
154,OADMET-0004980,2,0.4482758620689655,3533,OADMET-0003253
163,OADMET-0002105,2,0.34,3215,OADMET-0001890
167,OADMET-0005206,2,0.36923076923076925,2458,OADMET-0005406
172,OADMET-0005156,2,0.273972602739726,2884,OADMET-0001991
174,OADMET-0001199,2,0.4107142857142857,2971,OADMET-0003402
176,OADMET-0005209,2,0.42857142857142855,3581,OADMET-0003189
180,OADMET-0001930,2,0.36764705882352944,897,OADMET-0001997
185,OADMET-0005824,2,0.4266666666666667,3071,OADMET-0002860
189,OADMET-0005477,2,0.3333333333333333,673,OADMET-0005651
194,OADMET-0001726,2,0.42028985507246375,2848,OADMET-0001708
198,OADMET-0000936,2,0.5,178,OADMET-0000966
205,OADMET-0005359,2,0.37333333333333335,1935,OADMET-0002894
224,OADMET-0003191,2,0.33766233766233766,1785,OADMET-0004313
241,OADMET-0004933,2,0.475,531,OADMET-0002793
248,OADMET-0001463,2,0.35526315789473684,3396,OADMET-0001115
255,OADMET-0005429,2,0.29577464788732394,265,OADMET-0003006
260,OADMET-0001102,2,0.3424657534246575,1646,OADMET-0005263
263,OADMET-0001791,2,0.417910447761194,909,OADMET-0001567
271,OADMET-0001021,2,0.4126984126984127,3228,OADMET-0001293
272,OADMET-0003514,2,0.2972972972972973,1244,OADMET-0002914
279,OADMET-0003872,2,0.325,3020,OADMET-0003862
285,OADMET-0004588,2,0.5774647887323944,2453,OADMET-0004921
299,OADMET-0003994,2,0.40298507462686567,2321,OADMET-0001077
301,OADMET-0002165,2,0.4,2256,OADMET-0002130
303,OADMET-0005044,2,0.3382352941176471,3405,OADMET-0005473
305,OADMET-0005563,2,0.35714285714285715,1667,OADMET-0002240
307,OADMET-0003055,2,0.35,3928,OADMET-0003472
314,OADMET-0002954,2,0.34545454545454546,829,OADMET-0001920
322,OADMET-0002236,2,0.525,353,OADMET-0002185
331,OADMET-0001167,2,0.3548387096774194,2151,OADMET-0001108
351,OADMET-0005715,2,0.547945205479452,3885,OADMET-0003453
352,OADMET-0001328,2,0.34328358208955223,3475,OADMET-0001404
354,OADMET-0005363,2,0.36,2372,OADMET-0004753
367,OADMET-0003323,2,0.4473684210526316,2113,OADMET-0003221
369,OADMET-0001469,2,0.35802469135802467,2823,OADMET-0001427
371,OADMET-0003065,2,0.4461538461538462,3583,OADMET-0005414
375,OADMET-0003669,2,0.3037974683544304,1473,OADMET-0001565
379,OADMET-0005865,2,0.37681159420289856,1176,OADMET-0005307
385,OADMET-0005155,2,0.4931506849315068,1156,OADMET-0005753
391,OADMET-0005571,2,0.25,1995,OADMET-0005935
392,OADMET-0003720,2,0.23333333333333334,3264,OADMET-0002226
394,OADMET-0005091,2,0.38461538461538464,2691,OADMET-0001447
400,OADMET-0004805,2,0.2972972972972973,1794,OADMET-0002599
414,OADMET-0005089,2,0.33766233766233766,21,OADMET-0003210
418,OADMET-0002141,2,0.3582089552238806,1732,OADMET-0001972
429,OADMET-0003652,2,0.21666666666666667,1943,OADMET-0002164
433,OADMET-0002841,2,0.25,69,OADMET-0003434
434,OADMET-0001060,2,0.2876712328767123,1925,OADMET-0003088
438,OADMET-0006019,2,0.34210526315789475,996,OADMET-0001574
440,OADMET-0001240,2,0.25925925925925924,1540,OADMET-0002201
443,OADMET-0002565,2,0.4264705882352941,3701,OADMET-0004938
452,OADMET-0003724,2,0.5245901639344263,3955,OADMET-0003734
457,OADMET-0005157,2,0.43283582089552236,2588,OADMET-0005140
462,OADMET-0001303,2,0.32051282051282054,252,OADMET-0001184
479,OADMET-0004168,2,0.34782608695652173,912,OADMET-0001863
492,OADMET-0004729,2,0.3194444444444444,324,OADMET-0003500
496,OADMET-0005819,2,0.30666666666666664,2886,OADMET-0005260
515,OADMET-0003663,2,0.3150684931506849,1646,OADMET-0005263
516,OADMET-0001198,2,0.5072463768115942,3306,OADMET-0001363
522,OADMET-0005394,2,0.3076923076923077,650,OADMET-0004986
535,OADMET-0005143,2,0.3181818181818182,2214,OADMET-0005104
540,OADMET-0001236,2,0.4266666666666667,3880,OADMET-0001061
543,OADMET-0006048,2,0.36923076923076925,2442,OADMET-0002578
555,OADMET-0001373,2,0.3013698630136986,1224,OADMET-0005447
557,OADMET-0001738,2,0.3939393939393939,3089,OADMET-0001633
558,OADMET-0003256,2,0.359375,1620,OADMET-0002923
560,OADMET-0006057,2,0.38461538461538464,4101,OADMET-0002060
571,OADMET-0002651,2,0.34285714285714286,2610,OADMET-0005844
576,OADMET-0005040,2,0.328125,2613,OADMET-0001938
580,OADMET-0001280,2,0.39622641509433965,3168,OADMET-0001113
583,OADMET-0005125,2,0.25316455696202533,3528,OADMET-0003489
588,OADMET-0004799,2,0.43478260869565216,3171,OADMET-0005963
590,OADMET-0005139,2,0.25,2739,OADMET-0005797
600,OADMET-0005324,2,0.2835820895522388,1196,OADMET-0005185
617,OADMET-0005555,2,0.2,3168,OADMET-0001113
623,OADMET-0002009,2,0.3548387096774194,2343,OADMET-0005067
630,OADMET-0001866,2,0.4189189189189189,1009,OADMET-0005224
635,OADMET-0002539,2,0.5344827586206896,3108,OADMET-0002830
636,OADMET-0002866,2,0.34782608695652173,3491,OADMET-0003946
641,OADMET-0002296,2,0.46153846153846156,532,OADMET-0004889
651,OADMET-0003054,2,0.2857142857142857,2004,OADMET-0005332
654,OADMET-0005738,2,0.38571428571428573,3554,OADMET-0002603
660,OADMET-0002766,2,0.3492063492063492,1887,OADMET-0004827
661,OADMET-0004960,2,0.3,2868,OADMET-0001442
677,OADMET-0001561,2,0.2857142857142857,2309,OADMET-0001757
681,OADMET-0002851,2,0.25287356321839083,856,OADMET-0002563
684,OADMET-0002614,2,0.29333333333333333,650,OADMET-0004986
695,OADMET-0005226,2,0.5517241379310345,1982,OADMET-0004760
707,OADMET-0001107,2,0.35526315789473684,2030,OADMET-0001226
711,OADMET-0005342,2,0.3684210526315789,3675,OADMET-0005973
716,OADMET-0001159,2,0.32786885245901637,937,OADMET-0001152
719,OADMET-0001190,2,0.34210526315789475,3748,OADMET-0001085
727,OADMET-0003432,2,0.3076923076923077,2927,OADMET-0004814
728,OADMET-0003202,2,0.41935483870967744,2180,OADMET-0001903
731,OADMET-0005013,2,0.42424242424242425,1903,OADMET-0005593
734,OADMET-0002728,2,0.5522388059701493,3563,OADMET-0005703
738,OADMET-0005341,2,0.3382352941176471,2448,OADMET-0006087
745,OADMET-0004203,2,0.5151515151515151,2802,OADMET-0004053
755,OADMET-0001144,2,0.45588235294117646,1475,OADMET-0001237
761,OADMET-0003050,2,0.3132530120481928,4016,OADMET-0005527
763,OADMET-0005827,2,0.38961038961038963,1901,OADMET-0005740
768,OADMET-0002773,2,0.34782608695652173,1527,OADMET-0001109
781,OADMET-0001076,2,0.3194444444444444,994,OADMET-0001311
789,OADMET-0004820,2,0.31746031746031744,1224,OADMET-0005447
794,OADMET-0005350,2,0.3148148148148148,3026,OADMET-0002146
803,OADMET-0005268,2,0.582089552238806,702,OADMET-0005868
804,OADMET-0006028,2,0.33783783783783783,1806,OADMET-0005060
809,OADMET-0003785,2,0.37209302325581395,2942,OADMET-0005225
812,OADMET-0002884,2,0.5789473684210527,99,OADMET-0002217
813,OADMET-0001502,2,0.32075471698113206,1543,OADMET-0001510
815,OADMET-0003404,2,0.3548387096774194,2646,OADMET-0005303
819,OADMET-0003618,2,0.3050847457627119,4081,OADMET-0002557
822,OADMET-0001320,2,0.42424242424242425,1331,OADMET-0001110
841,OADMET-0004415,2,0.38461538461538464,3612,OADMET-0003301
842,OADMET-0001491,2,0.41333333333333333,2233,OADMET-0001888
845,OADMET-0002873,2,0.42857142857142855,2942,OADMET-0005225
847,OADMET-0005216,2,0.38461538461538464,1915,OADMET-0005710
863,OADMET-0004396,2,0.35384615384615387,3496,OADMET-0002740
864,OADMET-0003205,2,0.2875,309,OADMET-0004428
868,OADMET-0001949,2,0.4489795918367347,99,OADMET-0002217
873,OADMET-0002583,2,0.3333333333333333,2276,OADMET-0001999
876,OADMET-0001130,2,0.40816326530612246,2123,OADMET-0001186
880,OADMET-0004869,2,0.26582278481012656,2305,OADMET-0001577
887,OADMET-0002089,2,0.3333333333333333,3806,OADMET-0002764
894,OADMET-0001063,2,0.5,425,OADMET-0001019
904,OADMET-0005480,2,0.3064516129032258,3493,OADMET-0002951
915,OADMET-0002881,2,0.4852941176470588,2558,OADMET-0002839
932,OADMET-0001062,2,0.3291139240506329,2524,OADMET-0001002
945,OADMET-0002643,2,0.34210526315789475,310,OADMET-0004864
946,OADMET-0005228,2,0.4,1581,OADMET-0005119
965,OADMET-0004662,2,0.36231884057971014,882,OADMET-0003459
974,OADMET-0004832,2,0.4266666666666667,2877,OADMET-0005630
987,OADMET-0001223,2,0.45901639344262296,214,OADMET-0001155
990,OADMET-0002215,2,0.48148148148148145,2474,OADMET-0001877
1013,OADMET-0002546,2,0.2807017543859649,2993,OADMET-0003540
1018,OADMET-0005821,2,0.3888888888888889,3924,OADMET-0003206
1019,OADMET-0006003,2,0.3275862068965517,573,OADMET-0003537
1026,OADMET-0002776,2,0.4461538461538462,2160,OADMET-0003137
1049,OADMET-0005174,2,0.3972602739726027,2802,OADMET-0004053
1053,OADMET-0003729,2,0.17073170731707318,1702,OADMET-0005994
1054,OADMET-0002569,2,0.40350877192982454,3819,OADMET-0005326
1055,OADMET-0002659,2,0.4567901234567901,1687,OADMET-0002796
1061,OADMET-0001259,2,0.323943661971831,1327,OADMET-0001037
1068,OADMET-0004272,2,0.30985915492957744,1978,OADMET-0001183
1078,OADMET-0001749,2,0.4444444444444444,1058,OADMET-0001585
1086,OADMET-0004706,2,0.4393939393939394,3652,OADMET-0004838
1088,OADMET-0001203,2,0.4383561643835616,2802,OADMET-0004053
1094,OADMET-0001551,2,0.3148148148148148,3855,OADMET-0001678
1097,OADMET-0002755,2,0.4852941176470588,1113,OADMET-0005241
1104,OADMET-0004959,2,0.27906976744186046,1225,OADMET-0002029
1118,OADMET-0003095,2,0.3142857142857143,95,OADMET-0002882
1133,OADMET-0001619,2,0.26582278481012656,1832,OADMET-0001655
1145,OADMET-0004964,2,0.3424657534246575,1960,OADMET-0003036
1147,OADMET-0002855,2,0.23809523809523808,2234,OADMET-0001783
1148,OADMET-0001275,2,0.4126984126984127,3064,OADMET-0001262
1150,OADMET-0004697,2,0.3764705882352941,2960,OADMET-0004950
1160,OADMET-0001715,2,0.4264705882352941,105,OADMET-0001761
1166,OADMET-0000991,2,0.46551724137931033,2510,OADMET-0001182
1174,OADMET-0001881,2,0.4523809523809524,871,OADMET-0002207
1179,OADMET-0002771,2,0.3037974683544304,2435,OADMET-0003942
1185,OADMET-0004711,2,0.33766233766233766,1431,OADMET-0003900
1200,OADMET-0001075,2,0.37142857142857144,2989,OADMET-0001029
1210,OADMET-0003441,2,0.352112676056338,187,OADMET-0005927
1223,OADMET-0002672,2,0.30303030303030304,478,OADMET-0003116
1228,OADMET-0002663,2,0.3108108108108108,2390,OADMET-0005799
1230,OADMET-0005880,2,0.43478260869565216,3449,OADMET-0005784
1231,OADMET-0002738,2,0.35384615384615387,2766,OADMET-0005050
1237,OADMET-0001711,2,0.4788732394366197,2906,OADMET-0001590
1239,OADMET-0001514,2,0.3387096774193548,22,OADMET-0003626
1240,OADMET-0005078,2,0.5384615384615384,1016,OADMET-0004769
1261,OADMET-0005172,2,0.25,2988,OADMET-0005154
1266,OADMET-0001083,2,0.38095238095238093,2639,OADMET-0003217
1282,OADMET-0003752,2,0.25925925925925924,2616,OADMET-0003767
1289,OADMET-0002052,2,0.29411764705882354,3742,OADMET-0002153
1303,OADMET-0003371,2,0.46153846153846156,1747,OADMET-0005828
1305,OADMET-0004834,2,0.2876712328767123,3194,OADMET-0002570
1311,OADMET-0001979,2,0.5957446808510638,855,OADMET-0002101
1313,OADMET-0002080,2,0.423728813559322,2984,OADMET-0002011
1329,OADMET-0003446,2,0.391304347826087,3516,OADMET-0002729
1333,OADMET-0004699,2,0.390625,3354,OADMET-0001209
1348,OADMET-0001374,2,0.37681159420289856,204,OADMET-0002877
1350,OADMET-0001549,2,0.36,1515,OADMET-0002190
1353,OADMET-0003385,2,0.2647058823529412,844,OADMET-0002596
1354,OADMET-0003011,2,0.3466666666666667,3909,OADMET-0002634
1356,OADMET-0003660,2,0.4727272727272727,570,OADMET-0003664
1359,OADMET-0001326,2,0.27631578947368424,4018,OADMET-0001123
1364,OADMET-0003177,2,0.410958904109589,1734,OADMET-0005890
1365,OADMET-0003348,2,0.5076923076923077,772,OADMET-0006008
1366,OADMET-0002088,2,0.475,827,OADMET-0002056
1376,OADMET-0004875,2,0.31343283582089554,3736,OADMET-0001528
1380,OADMET-0003187,2,0.32098765432098764,4016,OADMET-0005527
1382,OADMET-0003302,2,0.3561643835616438,1895,OADMET-0001950
1390,OADMET-0002037,2,0.5714285714285714,1065,OADMET-0002125
1405,OADMET-0001610,2,0.3132530120481928,3013,OADMET-0001746
1406,OADMET-0003424,2,0.3088235294117647,936,OADMET-0004946
1408,OADMET-0001416,2,0.3924050632911392,2779,OADMET-0001426
1423,OADMET-0001710,2,0.3333333333333333,106,OADMET-0001509
1425,OADMET-0003749,2,0.20833333333333334,565,OADMET-0002137
1428,OADMET-0002857,2,0.2625,670,OADMET-0003111
1440,OADMET-0004105,2,0.5757575757575758,2894,OADMET-0004976
1458,OADMET-0003282,2,0.45714285714285713,1057,OADMET-0006080
1468,OADMET-0005822,2,0.2714285714285714,2568,OADMET-0005036
1478,OADMET-0001420,2,0.3333333333333333,2193,OADMET-0001419
1483,OADMET-0003517,2,0.34328358208955223,1895,OADMET-0001950
1486,OADMET-0005423,2,0.4426229508196721,2987,OADMET-0005871
1498,OADMET-0005203,2,0.2976190476190476,1029,OADMET-0005761
1501,OADMET-0003015,2,0.3142857142857143,378,OADMET-0005830
1514,OADMET-0003633,2,0.26,3588,OADMET-0002321
1516,OADMET-0003418,2,0.34177215189873417,746,OADMET-0003084
1518,OADMET-0005581,2,0.3333333333333333,2651,OADMET-0001296
1521,OADMET-0003552,2,0.2564102564102564,2216,OADMET-0005074
1534,OADMET-0002803,2,0.3176470588235294,37,OADMET-0003478
1535,OADMET-0005478,2,0.36923076923076925,3732,OADMET-0004818
1536,OADMET-0003289,2,0.5084745762711864,465,OADMET-0005357
1565,OADMET-0004207,2,0.43548387096774194,1508,OADMET-0004372
1566,OADMET-0001088,2,0.5,3049,OADMET-0005978
1573,OADMET-0001362,2,0.3888888888888889,2125,OADMET-0001268
1585,OADMET-0004064,2,0.39705882352941174,3817,OADMET-0003509
1607,OADMET-0002035,2,0.4222222222222222,920,OADMET-0002285
1616,OADMET-0005885,2,0.38461538461538464,3087,OADMET-0005574
1650,OADMET-0005605,2,0.5283018867924528,3439,OADMET-0005648
1661,OADMET-0005887,2,0.34285714285714286,556,OADMET-0003070
1662,OADMET-0003149,2,0.3855421686746988,3042,OADMET-0001368
1669,OADMET-0005407,2,0.4,1597,OADMET-0004918
1675,OADMET-0003689,2,0.30357142857142855,938,OADMET-0003712
1676,OADMET-0001809,2,0.29213483146067415,311,OADMET-0005613
1680,OADMET-0003586,2,0.38372093023255816,2300,OADMET-0003636
1685,OADMET-0002893,2,0.5076923076923077,1302,OADMET-0005150
1686,OADMET-0003833,2,0.4393939393939394,23,OADMET-0004704
1688,OADMET-0002265,2,0.58,1225,OADMET-0002029
1693,OADMET-0004992,2,0.32978723404255317,2440,OADMET-0005592
1703,OADMET-0005912,2,0.39473684210526316,718,OADMET-0003031
1709,OADMET-0000956,2,0.37037037037037035,3880,OADMET-0001061
1724,OADMET-0006040,2,0.3037974683544304,1747,OADMET-0005828
1739,OADMET-0004879,2,0.38461538461538464,3328,OADMET-0003097
1761,OADMET-0003342,2,0.4852941176470588,1710,OADMET-0005037
1763,OADMET-0002051,2,0.30434782608695654,2498,OADMET-0002159
1764,OADMET-0001627,2,0.44285714285714284,3295,OADMET-0001741
1766,OADMET-0004784,2,0.30666666666666664,995,OADMET-0004752
1771,OADMET-0003534,2,0.2987012987012987,3844,OADMET-0003231
1777,OADMET-0004489,2,0.25806451612903225,3670,OADMET-0005471
1779,OADMET-0004014,2,0.5172413793103449,3473,OADMET-0001887
1780,OADMET-0005489,2,0.3698630136986301,3764,OADMET-0003961
1799,OADMET-0001688,2,0.32608695652173914,3832,OADMET-0002260
1805,OADMET-0002786,2,0.543859649122807,3140,OADMET-0002971
1811,OADMET-0001059,2,0.35443037974683544,3180,OADMET-0003436
1812,OADMET-0001169,2,0.4166666666666667,3345,OADMET-0000930
1814,OADMET-0003443,2,0.3875,1221,OADMET-0001279
1816,OADMET-0004792,2,0.25,373,OADMET-0002836
1840,OADMET-0005333,2,0.27631578947368424,3056,OADMET-0005987
1842,OADMET-0004605,2,0.38666666666666666,539,OADMET-0002551
1850,OADMET-0001712,2,0.4426229508196721,2234,OADMET-0001783
1851,OADMET-0003266,2,0.47619047619047616,300,OADMET-0002854
1855,OADMET-0001529,2,0.2261904761904762,1294,OADMET-0002889
1858,OADMET-0003641,2,0.25510204081632654,720,OADMET-0001173
1861,OADMET-0005376,2,0.3150684931506849,1642,OADMET-0003448
1867,OADMET-0002122,2,0.46808510638297873,2884,OADMET-0001991
1869,OADMET-0001644,2,0.4166666666666667,2311,OADMET-0001671
1874,OADMET-0001976,2,0.47058823529411764,1807,OADMET-0002231
1880,OADMET-0002817,2,0.43478260869565216,89,OADMET-0002818
1886,OADMET-0002632,2,0.2625,1260,OADMET-0004785
1888,OADMET-0003051,2,0.42857142857142855,3371,OADMET-0001356
1906,OADMET-0005892,2,0.28125,277,OADMET-0005979
1908,OADMET-0004172,2,0.3142857142857143,119,OADMET-0004263
1909,OADMET-0002318,2,0.4482758620689655,1692,OADMET-0003247
1910,OADMET-0005453,2,0.35,3054,OADMET-0001142
1911,OADMET-0001412,2,0.3561643835616438,3301,OADMET-0003410
1920,OADMET-0002888,2,0.417910447761194,3249,OADMET-0002571
1927,OADMET-0002637,2,0.3333333333333333,3866,OADMET-0001911
1931,OADMET-0001162,2,0.3770491803278688,2966,OADMET-0006079
1934,OADMET-0005266,2,0.3055555555555556,206,OADMET-0004698
1945,OADMET-0001709,2,0.34523809523809523,2684,OADMET-0001788
1947,OADMET-0001682,2,0.3225806451612903,3479,OADMET-0001505
1948,OADMET-0005257,2,0.5166666666666667,1978,OADMET-0001183
1954,OADMET-0000990,2,0.358974358974359,922,OADMET-0002681
1955,OADMET-0001659,2,0.38961038961038963,1782,OADMET-0001714
1958,OADMET-0003673,2,0.35443037974683544,2041,OADMET-0003745
1959,OADMET-0003548,2,0.39344262295081966,1281,OADMET-0003746
1965,OADMET-0005807,2,0.4393939393939394,3818,OADMET-0005636
1967,OADMET-0004681,2,0.5303030303030303,1113,OADMET-0005241
1968,OADMET-0001195,2,0.3291139240506329,401,OADMET-0000940
1980,OADMET-0003228,2,0.4067796610169492,1112,OADMET-0004413
1981,OADMET-0002973,2,0.273972602739726,2759,OADMET-0002558
1991,OADMET-0005969,2,0.375,2613,OADMET-0001938
1997,OADMET-0001681,2,0.4166666666666667,127,OADMET-0001500
2008,OADMET-0004321,2,0.45714285714285713,743,OADMET-0002727
2011,OADMET-0001771,2,0.453125,748,OADMET-0001769
2020,OADMET-0004929,2,0.3176470588235294,2632,OADMET-0004896
2023,OADMET-0003567,2,0.36363636363636365,548,OADMET-0001961
2025,OADMET-0005177,2,0.22784810126582278,2662,OADMET-0002821
2026,OADMET-0005851,2,0.32098765432098764,2263,OADMET-0005723
2035,OADMET-0005403,2,0.38235294117647056,1379,OADMET-0001145
2037,OADMET-0005691,2,0.3076923076923077,517,OADMET-0001587
2040,OADMET-0005684,2,0.4,2704,OADMET-0005463
2044,OADMET-0002703,2,0.39705882352941174,3665,OADMET-0005420
2047,OADMET-0005702,2,0.39705882352941174,2306,OADMET-0005921
2049,OADMET-0001466,2,0.5,3174,OADMET-0001473
2051,OADMET-0002613,2,0.2857142857142857,1226,OADMET-0001331
2054,OADMET-0002678,2,0.3048780487804878,1806,OADMET-0005060
2064,OADMET-0002333,2,0.38235294117647056,341,OADMET-0002055
2065,OADMET-0006061,2,0.325,89,OADMET-0002818
2066,OADMET-0001739,2,0.46875,4050,OADMET-0001612
2079,OADMET-0003790,2,0.33783783783783783,1796,OADMET-0003771
2089,OADMET-0003007,2,0.34375,2333,OADMET-0003265
2100,OADMET-0001625,2,0.42424242424242425,1473,OADMET-0001565
2101,OADMET-0002290,2,0.45454545454545453,1159,OADMET-0002093
2108,OADMET-0001461,2,0.34210526315789475,3396,OADMET-0001115
2112,OADMET-0002071,2,0.5,827,OADMET-0002056
2120,OADMET-0003521,2,0.515625,1189,OADMET-0003215
2124,OADMET-0002966,2,0.3625,524,OADMET-0001874
2126,OADMET-0004721,2,0.3188405797101449,1508,OADMET-0004372
2133,OADMET-0003594,2,0.32432432432432434,1001,OADMET-0003486
2137,OADMET-0004823,2,0.43478260869565216,4035,OADMET-0005734
2140,OADMET-0005884,2,0.43283582089552236,3487,OADMET-0002744
2145,OADMET-0001652,2,0.3333333333333333,2684,OADMET-0001788
2146,OADMET-0005521,2,0.3116883116883117,1843,OADMET-0002963
2147,OADMET-0004994,2,0.36764705882352944,1056,OADMET-0004724
2163,OADMET-0005615,2,0.3411764705882353,3099,OADMET-0001397
2165,OADMET-0002555,2,0.47761194029850745,1414,OADMET-0003361
2168,OADMET-0002208,2,0.4375,325,OADMET-0002194
2172,OADMET-0003225,2,0.5230769230769231,3199,OADMET-0002708
2174,OADMET-0001859,2,0.5892857142857143,51,OADMET-0001984
2175,OADMET-0006046,2,0.3170731707317073,3012,OADMET-0004101
2177,OADMET-0003328,2,0.2714285714285714,857,OADMET-0005572
2178,OADMET-0005863,2,0.37142857142857144,4042,OADMET-0001941
2179,OADMET-0003542,2,0.4666666666666667,1063,OADMET-0002283
2197,OADMET-0001231,2,0.3333333333333333,829,OADMET-0001920
2198,OADMET-0003466,2,0.42857142857142855,658,OADMET-0005616
2201,OADMET-0001193,2,0.2926829268292683,232,OADMET-0005502
2205,OADMET-0003596,2,0.35714285714285715,1321,OADMET-0001097
2208,OADMET-0002709,2,0.34782608695652173,962,OADMET-0003311
2211,OADMET-0005301,2,0.37037037037037035,2170,OADMET-0004294
2224,OADMET-0001566,2,0.559322033898305,309,OADMET-0004428
2227,OADMET-0005737,2,0.2972972972972973,2284,OADMET-0002562
2232,OADMET-0003018,2,0.3333333333333333,759,OADMET-0005448
2245,OADMET-0001539,2,0.2923076923076923,957,OADMET-0001694
2247,OADMET-0006052,2,0.26666666666666666,3399,OADMET-0004305
2250,OADMET-0001805,2,0.42424242424242425,1345,OADMET-0005442
2254,OADMET-0003803,2,0.17647058823529413,1892,OADMET-0004686
2257,OADMET-0004090,2,0.3709677419354839,3540,OADMET-0003963
2259,OADMET-0004764,2,0.27631578947368424,196,OADMET-0005961
2268,OADMET-0002742,2,0.527027027027027,182,OADMET-0003295
2270,OADMET-0005097,2,0.4166666666666667,585,OADMET-0003450
2271,OADMET-0003190,2,0.29411764705882354,912,OADMET-0001863
2280,OADMET-0003277,2,0.3230769230769231,3889,OADMET-0004726
2287,OADMET-0003588,2,0.30851063829787234,3370,OADMET-0002616
2310,OADMET-0003233,2,0.30666666666666664,662,OADMET-0003485
2314,OADMET-0003464,2,0.546875,1907,OADMET-0005770
2316,OADMET-0003194,2,0.325,2976,OADMET-0002605
2324,OADMET-0003969,2,0.40298507462686567,1818,OADMET-0005467
2325,OADMET-0005780,2,0.2535211267605634,517,OADMET-0001587
2326,OADMET-0001371,2,0.3125,1900,OADMET-0002752
2328,OADMET-0001584,2,0.34210526315789475,2477,OADMET-0001556
2332,OADMET-0006020,2,0.3287671232876712,208,OADMET-0003286
2334,OADMET-0001409,2,0.5333333333333333,723,OADMET-0001408
2346,OADMET-0003142,2,0.27692307692307694,1633,OADMET-0003616
2347,OADMET-0005576,2,0.32894736842105265,2711,OADMET-0002598
2357,OADMET-0003576,2,0.22641509433962265,3985,OADMET-0002078
2360,OADMET-0004238,2,0.3132530120481928,3434,OADMET-0003029
2362,OADMET-0003575,2,0.3235294117647059,226,OADMET-0005244
2364,OADMET-0002049,2,0.29411764705882354,2251,OADMET-0002108
2378,OADMET-0005105,2,0.3783783783783784,1171,OADMET-0004853
2384,OADMET-0003742,2,0.2926829268292683,729,OADMET-0002652
2388,OADMET-0001456,2,0.3783783783783784,3886,OADMET-0001458
2407,OADMET-0003577,2,0.38235294117647056,928,OADMET-0002662
2409,OADMET-0005825,2,0.3684210526315789,2740,OADMET-0005669
2411,OADMET-0005965,2,0.3333333333333333,3585,OADMET-0001274
2422,OADMET-0001220,2,0.35443037974683544,3093,OADMET-0002645
2427,OADMET-0005049,2,0.37681159420289856,2886,OADMET-0005260
2429,OADMET-0001117,2,0.3442622950819672,3230,OADMET-0001229
2431,OADMET-0004881,2,0.3230769230769231,2401,OADMET-0004890
2439,OADMET-0005568,2,0.4647887323943662,2095,OADMET-0005099
2443,OADMET-0005794,2,0.2753623188405797,2396,OADMET-0005645
2456,OADMET-0001496,2,0.3492063492063492,243,OADMET-0002745
2457,OADMET-0003284,2,0.32,1666,OADMET-0003255
2460,OADMET-0002308,2,0.4,981,OADMET-0002044
2463,OADMET-0001433,2,0.30864197530864196,3708,OADMET-0004859
2466,OADMET-0003425,2,0.2875,2766,OADMET-0005050
2475,OADMET-0004176,2,0.42857142857142855,3672,OADMET-0001676
2482,OADMET-0002541,2,0.4050632911392405,692,OADMET-0005055
2486,OADMET-0004767,2,0.4473684210526316,1570,OADMET-0004285
2487,OADMET-0001087,2,0.3150684931506849,4098,OADMET-0005668
2490,OADMET-0004925,2,0.44,771,OADMET-0001035
2493,OADMET-0005395,2,0.2777777777777778,3618,OADMET-0005944
2495,OADMET-0005763,2,0.3611111111111111,1113,OADMET-0005241
2502,OADMET-0005076,2,0.3559322033898305,1375,OADMET-0003705
2517,OADMET-0003481,2,0.5205479452054794,3093,OADMET-0002645
2519,OADMET-0005690,2,0.4603174603174603,3449,OADMET-0005784
2525,OADMET-0003611,2,0.39344262295081966,2725,OADMET-0005488
2530,OADMET-0005786,2,0.45454545454545453,1670,OADMET-0005756
2536,OADMET-0001947,2,0.4791666666666667,1603,OADMET-0002252
2541,OADMET-0005599,2,0.47692307692307695,626,OADMET-0004734
2550,OADMET-0003009,2,0.2714285714285714,3754,OADMET-0002679
2551,OADMET-0002961,2,0.38028169014084506,485,OADMET-0005211
2559,OADMET-0006062,2,0.29850746268656714,2333,OADMET-0003265
2560,OADMET-0004440,2,0.4507042253521127,2894,OADMET-0004976
2562,OADMET-0005998,2,0.35135135135135137,2111,OADMET-0005361
2573,OADMET-0002033,2,0.4909090909090909,1035,OADMET-0001933
2574,OADMET-0005113,2,0.3548387096774194,2522,OADMET-0003479
2578,OADMET-0005487,2,0.3770491803278688,333,OADMET-0003475
2587,OADMET-0006065,2,0.34210526315789475,4054,OADMET-0005450
2600,OADMET-0004510,2,0.4057971014492754,3319,OADMET-0001330
2605,OADMET-0005335,2,0.4098360655737705,1915,OADMET-0005710
2606,OADMET-0001260,2,0.30434782608695654,1142,OADMET-0005559
2614,OADMET-0005031,2,0.34375,378,OADMET-0005830
2617,OADMET-0001825,2,0.3493975903614458,770,OADMET-0005742
2623,OADMET-0001803,2,0.5068493150684932,2630,OADMET-0001573
2631,OADMET-0005674,2,0.2894736842105263,3437,OADMET-0001178
2647,OADMET-0001657,2,0.39436619718309857,1218,OADMET-0001586
2656,OADMET-0003400,2,0.34782608695652173,2884,OADMET-0001991
2658,OADMET-0003121,2,0.26582278481012656,1747,OADMET-0005828
2660,OADMET-0001301,2,0.42028985507246375,978,OADMET-0003373
2669,OADMET-0001234,2,0.4482758620689655,3642,OADMET-0003104
2687,OADMET-0006009,2,0.3717948717948718,483,OADMET-0001289
2700,OADMET-0005142,2,0.3026315789473684,3775,OADMET-0002781
2712,OADMET-0006042,2,0.35526315789473684,1788,OADMET-0003353
2714,OADMET-0001418,2,0.36470588235294116,2193,OADMET-0001419
2717,OADMET-0002104,2,0.38461538461538464,51,OADMET-0001984
2720,OADMET-0002279,2,0.574468085106383,376,OADMET-0001934
2730,OADMET-0001478,2,0.3176470588235294,2303,OADMET-0005331
2736,OADMET-0002921,2,0.45161290322580644,93,OADMET-0003044
2757,OADMET-0003057,2,0.3188405797101449,1392,OADMET-0001172
2763,OADMET-0000984,2,0.3333333333333333,290,OADMET-0004442
2765,OADMET-0004566,2,0.4852941176470588,2170,OADMET-0004294
2773,OADMET-0005721,2,0.39473684210526316,3457,OADMET-0005171
2774,OADMET-0002630,2,0.3076923076923077,2383,OADMET-0005038
2778,OADMET-0003199,2,0.3373493975903614,2959,OADMET-0003251
2788,OADMET-0005730,2,0.34146341463414637,2782,OADMET-0003211
2810,OADMET-0001336,2,0.391304347826087,1442,OADMET-0001305
2813,OADMET-0005116,2,0.3283582089552239,3354,OADMET-0001209
2816,OADMET-0001098,2,0.36585365853658536,444,OADMET-0005221
2827,OADMET-0001476,2,0.345679012345679,231,OADMET-0002968
2835,OADMET-0005617,2,0.4520547945205479,2248,OADMET-0005043
2838,OADMET-0001725,2,0.3466666666666667,2087,OADMET-0001579
2840,OADMET-0004990,2,0.3225806451612903,1738,OADMET-0005161
2842,OADMET-0000932,2,0.3472222222222222,1789,OADMET-0001284
2844,OADMET-0005783,2,0.39436619718309857,1302,OADMET-0005150
2852,OADMET-0006064,2,0.2948717948717949,2033,OADMET-0002760
2855,OADMET-0003569,2,0.3106796116504854,2300,OADMET-0003636
2858,OADMET-0002806,2,0.4155844155844156,2532,OADMET-0003157
2861,OADMET-0004847,2,0.42028985507246375,2077,OADMET-0005215
2862,OADMET-0001150,2,0.2727272727272727,1004,OADMET-0001081
2870,OADMET-0001628,2,0.43283582089552236,4050,OADMET-0001612
2875,OADMET-0001024,2,0.3972602739726027,2887,OADMET-0000980
2912,OADMET-0003014,2,0.22972972972972974,2830,OADMET-0003243
2919,OADMET-0004210,2,0.3333333333333333,3899,OADMET-0004439
2921,OADMET-0002294,2,0.4444444444444444,2874,OADMET-0004771
2922,OADMET-0000934,2,0.3157894736842105,1783,OADMET-0001343
2926,OADMET-0003884,2,0.5797101449275363,3362,OADMET-0002621
2931,OADMET-0001970,2,0.5853658536585366,1529,OADMET-0002147
2932,OADMET-0001212,2,0.36764705882352944,1177,OADMET-0003557
2939,OADMET-0002084,2,0.4,3349,OADMET-0003645
2958,OADMET-0001951,2,0.32653061224489793,941,OADMET-0002248
2983,OADMET-0001737,2,0.36363636363636365,3013,OADMET-0001746
3003,OADMET-0003270,2,0.3283582089552239,740,OADMET-0004725
3011,OADMET-0004129,2,0.42105263157894735,3357,OADMET-0001908
3014,OADMET-0001015,2,0.25333333333333335,100,OADMET-0002590
3016,OADMET-0001675,2,0.28125,3693,OADMET-0002564
3023,OADMET-0002158,2,0.41025641025641024,1629,OADMET-0002169
3027,OADMET-0001755,2,0.36,424,OADMET-0002930
3035,OADMET-0001175,2,0.3384615384615385,2554,OADMET-0002947
3037,OADMET-0003427,2,0.36507936507936506,3296,OADMET-0003159
3041,OADMET-0001049,2,0.3181818181818182,611,OADMET-0001053
3046,OADMET-0003090,2,0.345679012345679,3100,OADMET-0002749
3062,OADMET-0002869,2,0.46,758,OADMET-0001990
3065,OADMET-0005861,2,0.40298507462686567,826,OADMET-0001669
3066,OADMET-0003039,2,0.34615384615384615,2418,OADMET-0003230
3067,OADMET-0002759,2,0.3142857142857143,3389,OADMET-0005314
3073,OADMET-0001969,2,0.390625,1826,OADMET-0002100
3076,OADMET-0003553,2,0.31666666666666665,343,OADMET-0003620
3092,OADMET-0005319,2,0.39705882352941174,1445,OADMET-0005670
3106,OADMET-0002246,2,0.53125,1667,OADMET-0002240
3107,OADMET-0001818,2,0.39705882352941174,1700,OADMET-0001524
3126,OADMET-0002135,2,0.39473684210526316,235,OADMET-0002123
3127,OADMET-0004680,2,0.34210526315789475,1618,OADMET-0003391
3129,OADMET-0000979,2,0.3384615384615385,1667,OADMET-0002240
3130,OADMET-0003127,2,0.328125,4094,OADMET-0002829
3135,OADMET-0004713,2,0.2894736842105263,3056,OADMET-0005987
3136,OADMET-0002622,2,0.33766233766233766,3576,OADMET-0003216
3141,OADMET-0004205,2,0.34177215189873417,2258,OADMET-0005918
3142,OADMET-0003499,2,0.3783783783783784,292,OADMET-0003109
3148,OADMET-0001224,2,0.352112676056338,121,OADMET-0005966
3149,OADMET-0003415,2,0.2923076923076923,2670,OADMET-0003078
3159,OADMET-0004444,2,0.3333333333333333,2092,OADMET-0004237
3160,OADMET-0003422,2,0.4225352112676056,2094,OADMET-0005223
3165,OADMET-0003024,2,0.4666666666666667,2706,OADMET-0005888
3177,OADMET-0001626,2,0.28169014084507044,1668,OADMET-0001759
3178,OADMET-0003452,2,0.2857142857142857,1003,OADMET-0005639
3182,OADMET-0003000,2,0.34210526315789475,646,OADMET-0003413
3187,OADMET-0001581,2,0.4393939393939394,3089,OADMET-0001633
3196,OADMET-0004220,2,0.3611111111111111,4024,OADMET-0005364
3198,OADMET-0004837,2,0.53125,3501,OADMET-0004848
3213,OADMET-0002550,2,0.417910447761194,2339,OADMET-0003372
3218,OADMET-0005009,2,0.463768115942029,171,OADMET-0005808
3223,OADMET-0003010,2,0.55,3613,OADMET-0003112
3232,OADMET-0002028,2,0.45098039215686275,3403,OADMET-0002027
3242,OADMET-0003392,2,0.36363636363636365,2313,OADMET-0002142
3245,OADMET-0005498,2,0.4074074074074074,4002,OADMET-0005835
3246,OADMET-0003331,2,0.49295774647887325,922,OADMET-0002681
3248,OADMET-0001441,2,0.49333333333333335,977,OADMET-0001440
3255,OADMET-0005109,2,0.27941176470588236,2092,OADMET-0004237
3261,OADMET-0006081,2,0.29577464788732394,3806,OADMET-0002764
3262,OADMET-0005422,2,0.4393939393939394,2987,OADMET-0005871
3263,OADMET-0001316,2,0.3880597014925373,3582,OADMET-0001778
3270,OADMET-0004983,2,0.3076923076923077,4127,OADMET-0001913
3271,OADMET-0005586,2,0.4722222222222222,2911,OADMET-0002229
3277,OADMET-0001054,2,0.4426229508196721,3064,OADMET-0001262
3282,OADMET-0001635,2,0.36585365853658536,3726,OADMET-0001629
3286,OADMET-0002791,2,0.38461538461538464,1820,OADMET-0001495
3288,OADMET-0004590,2,0.38333333333333336,2981,OADMET-0001146
3297,OADMET-0001449,2,0.4666666666666667,2965,OADMET-0001450
3298,OADMET-0005608,2,0.3058823529411765,3147,OADMET-0003476
3300,OADMET-0002819,2,0.3108108108108108,1494,OADMET-0002801
3302,OADMET-0005911,2,0.3898305084745763,1839,OADMET-0002757
3311,OADMET-0004945,2,0.2602739726027397,1925,OADMET-0003088
3314,OADMET-0001810,2,0.37142857142857144,1389,OADMET-0001660
3317,OADMET-0001564,2,0.417910447761194,2848,OADMET-0001708
3320,OADMET-0002820,2,0.4444444444444444,969,OADMET-0003374
3324,OADMET-0004472,2,0.4716981132075472,865,OADMET-0001927
3330,OADMET-0005131,2,0.3561643835616438,332,OADMET-0002015
3334,OADMET-0001782,2,0.4126984126984127,40,OADMET-0001638
3335,OADMET-0002054,2,0.5862068965517241,341,OADMET-0002055
3338,OADMET-0005782,2,0.3181818181818182,1323,OADMET-0003163
3339,OADMET-0003565,2,0.25609756097560976,762,OADMET-0001013
3353,OADMET-0005179,2,0.3125,844,OADMET-0002596
3355,OADMET-0002650,2,0.4084507042253521,2558,OADMET-0002839
3359,OADMET-0002331,2,0.5434782608695652,3052,OADMET-0001895
3366,OADMET-0003045,2,0.40625,4047,OADMET-0003043
3367,OADMET-0003587,2,0.34328358208955223,3663,OADMET-0003589
3369,OADMET-0003355,2,0.5538461538461539,2689,OADMET-0002753
3375,OADMET-0003151,2,0.47058823529411764,1171,OADMET-0004853
3376,OADMET-0002179,2,0.4716981132075472,1712,OADMET-0002032
3380,OADMET-0004833,2,0.3037974683544304,3199,OADMET-0002708
3386,OADMET-0005768,2,0.323943661971831,2671,OADMET-0005096
3397,OADMET-0005646,2,0.3108108108108108,996,OADMET-0001574
3407,OADMET-0002834,2,0.31666666666666665,1876,OADMET-0002005
3410,OADMET-0001225,2,0.38235294117647056,1859,OADMET-0001213
3422,OADMET-0002852,2,0.29850746268656714,2042,OADMET-0004737
3423,OADMET-0001313,2,0.30666666666666664,1533,OADMET-0000971
3425,OADMET-0003320,2,0.2962962962962963,442,OADMET-0001051
3430,OADMET-0003829,2,0.3235294117647059,119,OADMET-0004263
3440,OADMET-0005011,2,0.3230769230769231,3579,OADMET-0002813
3441,OADMET-0003555,2,0.3333333333333333,783,OADMET-0003656
3444,OADMET-0002925,2,0.4583333333333333,3378,OADMET-0005652
3446,OADMET-0005328,2,0.4230769230769231,2754,OADMET-0005214
3447,OADMET-0004801,2,0.3582089552238806,1112,OADMET-0004413
3460,OADMET-0001069,2,0.35,2755,OADMET-0001345
3461,OADMET-0005128,2,0.45161290322580644,278,OADMET-0004712
3464,OADMET-0001211,2,0.26865671641791045,730,OADMET-0001971
3467,OADMET-0002259,2,0.5510204081632653,387,OADMET-0002042
3476,OADMET-0006073,2,0.30303030303030304,3946,OADMET-0004878
3484,OADMET-0003193,2,0.43283582089552236,2558,OADMET-0002839
3486,OADMET-0001166,2,0.41333333333333333,1694,OADMET-0001417
3488,OADMET-0005134,2,0.37333333333333335,500,OADMET-0004628
3490,OADMET-0005874,2,0.3442622950819672,454,OADMET-0001480
3503,OADMET-0005073,2,0.5,717,OADMET-0005595
3509,OADMET-0003639,2,0.5471698113207547,3916,OADMET-0003582
3513,OADMET-0003857,2,0.36923076923076925,673,OADMET-0005651
3520,OADMET-0003637,2,0.21428571428571427,321,OADMET-0002026
3523,OADMET-0004816,2,0.2597402597402597,3844,OADMET-0003231
3524,OADMET-0003612,2,0.2857142857142857,384,OADMET-0003756
3531,OADMET-0004797,2,0.33783783783783783,1463,OADMET-0001569
3542,OADMET-0003167,2,0.3188405797101449,3533,OADMET-0003253
3543,OADMET-0003162,2,0.4722222222222222,500,OADMET-0004628
3544,OADMET-0003714,2,0.37142857142857144,1172,OADMET-0005620
3549,OADMET-0001695,2,0.3050847457627119,832,OADMET-0001241
3550,OADMET-0002053,2,0.4864864864864865,3898,OADMET-0001924
3555,OADMET-0004741,2,0.2857142857142857,2582,OADMET-0002552
3584,OADMET-0000975,2,0.2676056338028169,994,OADMET-0001311
3601,OADMET-0005129,2,0.3516483516483517,889,OADMET-0005305
3617,OADMET-0001282,2,0.4,3561,OADMET-0001266
3619,OADMET-0005173,2,0.3424657534246575,2464,OADMET-0001968
3627,OADMET-0002964,2,0.42105263157894735,1597,OADMET-0004918
3631,OADMET-0005624,2,0.29411764705882354,1743,OADMET-0001242
3633,OADMET-0005852,2,0.36507936507936506,912,OADMET-0001863
3637,OADMET-0002537,2,0.4594594594594595,1689,OADMET-0003227
3639,OADMET-0004852,2,0.36585365853658536,251,OADMET-0003132
3641,OADMET-0004919,2,0.29577464788732394,907,OADMET-0003445
3645,OADMET-0002284,2,0.5,1503,OADMET-0001897
3647,OADMET-0004239,2,0.3448275862068966,2836,OADMET-0003406
3655,OADMET-0003702,2,0.24390243902439024,118,OADMET-0002073
3657,OADMET-0001981,2,0.4032258064516129,3475,OADMET-0001404
3664,OADMET-0005292,2,0.48484848484848486,922,OADMET-0002681
3668,OADMET-0003386,2,0.29411764705882354,1508,OADMET-0004372
3681,OADMET-0003220,2,0.43243243243243246,304,OADMET-0005802
3688,OADMET-0005790,2,0.40789473684210525,1466,OADMET-0005986
3691,OADMET-0003408,2,0.32857142857142857,328,OADMET-0003409
3695,OADMET-0002736,2,0.4594594594594595,1280,OADMET-0004916
3700,OADMET-0005276,2,0.4057971014492754,1806,OADMET-0005060
3702,OADMET-0003692,2,0.4098360655737705,1796,OADMET-0003771
3714,OADMET-0005614,2,0.4305555555555556,1432,OADMET-0002586
3734,OADMET-0001613,2,0.48333333333333334,3013,OADMET-0001746
3735,OADMET-0002795,2,0.38961038961038963,472,OADMET-0002843
3759,OADMET-0003080,2,0.3620689655172414,3111,OADMET-0002994
3761,OADMET-0003781,2,0.2112676056338028,2529,OADMET-0001168
3768,OADMET-0005657,2,0.3333333333333333,150,OADMET-0002814
3770,OADMET-0001583,2,0.37681159420289856,177,OADMET-0001718
3772,OADMET-0003349,2,0.2804878048780488,3404,OADMET-0005706
3780,OADMET-0006069,2,0.4,3511,OADMET-0001752
3784,OADMET-0003690,2,0.2777777777777778,2961,OADMET-0005820
3793,OADMET-0002682,2,0.3026315789473684,3034,OADMET-0006068
3795,OADMET-0000987,2,0.29577464788732394,533,OADMET-0001127
3797,OADMET-0001270,2,0.3783783783783784,1317,OADMET-0001153
3828,OADMET-0002096,2,0.3076923076923077,161,OADMET-0002095
3831,OADMET-0002256,2,0.5,786,OADMET-0001994
3833,OADMET-0006025,2,0.3968253968253968,317,OADMET-0002987
3837,OADMET-0002870,2,0.36619718309859156,3558,OADMET-0000970
3852,OADMET-0002958,2,0.3424657534246575,1788,OADMET-0003353
3854,OADMET-0002675,2,0.3287671232876712,959,OADMET-0003379
3858,OADMET-0003056,2,0.2987012987012987,3395,OADMET-0005362
3881,OADMET-0001318,2,0.3559322033898305,1876,OADMET-0002005
3888,OADMET-0005838,2,0.3103448275862069,2780,OADMET-0005165
3894,OADMET-0003154,2,0.25,4088,OADMET-0003435
3907,OADMET-0002099,2,0.4411764705882353,341,OADMET-0002055
3908,OADMET-0001038,2,0.3333333333333333,1919,OADMET-0000955
3913,OADMET-0001446,2,0.55,3616,OADMET-0001448
3936,OADMET-0005087,2,0.3472222222222222,3850,OADMET-0005371
3940,OADMET-0001462,2,0.375,2833,OADMET-0005475
3951,OADMET-0002995,2,0.359375,3237,OADMET-0003246
3952,OADMET-0004846,2,0.29577464788732394,1552,OADMET-0002715
3956,OADMET-0001686,2,0.3404255319148936,3756,OADMET-0003539
3960,OADMET-0004978,2,0.4411764705882353,3659,OADMET-0005695
3962,OADMET-0001072,2,0.44776119402985076,1234,OADMET-0005057
3967,OADMET-0005791,2,0.3108108108108108,3528,OADMET-0003489
3977,OADMET-0003527,2,0.37681159420289856,1785,OADMET-0004313
3992,OADMET-0003306,2,0.4142857142857143,1286,OADMET-0005024
3996,OADMET-0001161,2,0.3380281690140845,533,OADMET-0001127
4004,OADMET-0005205,2,0.3333333333333333,3808,OADMET-0004040
4007,OADMET-0001932,2,0.5675675675675675,1786,OADMET-0002191
4010,OADMET-0002119,2,0.42105263157894735,1678,OADMET-0002174
4017,OADMET-0004902,2,0.29577464788732394,2980,OADMET-0005383
4019,OADMET-0001453,2,0.4666666666666667,1204,OADMET-0001452
4021,OADMET-0005673,2,0.3181818181818182,3794,OADMET-0002699
4022,OADMET-0003827,2,0.3116883116883117,1087,OADMET-0000978
4026,OADMET-0005597,2,0.4,1041,OADMET-0003610
4036,OADMET-0002704,2,0.3068181818181818,1692,OADMET-0003247
4043,OADMET-0003133,2,0.32051282051282054,633,OADMET-0004716
4044,OADMET-0001716,2,0.391304347826087,740,OADMET-0004725
4046,OADMET-0004719,2,0.3392857142857143,1404,OADMET-0003117
4051,OADMET-0001005,2,0.41379310344827586,1065,OADMET-0002125
4057,OADMET-0005649,2,0.3333333333333333,388,OADMET-0005327
4066,OADMET-0001748,2,0.32432432432432434,3013,OADMET-0001746
4068,OADMET-0003529,2,0.296875,3687,OADMET-0002553
4069,OADMET-0003648,2,0.25609756097560976,3620,OADMET-0005427
4070,OADMET-0002014,2,0.41304347826086957,3018,OADMET-0002182
4075,OADMET-0003001,2,0.37662337662337664,525,OADMET-0003389
4084,OADMET-0001149,2,0.39436619718309857,2884,OADMET-0001991
4086,OADMET-0001376,2,0.5342465753424658,3269,OADMET-0001385
4089,OADMET-0002876,2,0.36585365853658536,1280,OADMET-0004916
4095,OADMET-0005387,2,0.3194444444444444,3654,OADMET-0005841
4106,OADMET-0006059,2,0.3492063492063492,1742,OADMET-0002040
4113,OADMET-0002070,2,0.4375,2276,OADMET-0001999
4117,OADMET-0001388,2,0.28865979381443296,3961,OADMET-0006039
4130,OADMET-0000982,2,0.39344262295081966,2590,OADMET-0001230
1,OADMET-0005789,3,0.30434782608695654,1333,OADMET-0004699
5,OADMET-0003066,3,0.3142857142857143,4047,OADMET-0003043
6,OADMET-0005495,3,0.3142857142857143,1738,OADMET-0005161
9,OADMET-0002946,3,0.352112676056338,263,OADMET-0001791
22,OADMET-0003626,3,0.35294117647058826,1421,OADMET-0002066
43,OADMET-0003769,3,0.21649484536082475,3700,OADMET-0005276
49,OADMET-0006004,3,0.35714285714285715,844,OADMET-0002596
57,OADMET-0005315,3,0.375,3973,OADMET-0002323
58,OADMET-0003560,3,0.2708333333333333,3577,OADMET-0002324
63,OADMET-0003748,3,0.4,501,OADMET-0002183
66,OADMET-0002228,3,0.5384615384615384,2935,OADMET-0002212
69,OADMET-0003434,3,0.30864197530864196,3348,OADMET-0005903
73,OADMET-0005441,3,0.423728813559322,2726,OADMET-0005092
76,OADMET-0005367,3,0.38095238095238093,836,OADMET-0002863
83,OADMET-0003083,3,0.32857142857142857,1811,OADMET-0001059
86,OADMET-0003281,3,0.43243243243243246,1652,OADMET-0005635
89,OADMET-0002818,3,0.43478260869565216,1880,OADMET-0002817
92,OADMET-0005804,3,0.4098360655737705,3489,OADMET-0005932
111,OADMET-0001684,3,0.34375,3107,OADMET-0001818
114,OADMET-0005817,3,0.288135593220339,527,OADMET-0001870
121,OADMET-0005966,3,0.421875,1948,OADMET-0005257
127,OADMET-0001500,3,0.4166666666666667,1997,OADMET-0001681
128,OADMET-0001090,3,0.30303030303030304,3107,OADMET-0001818
132,OADMET-0005000,3,0.4426229508196721,44,OADMET-0002948
136,OADMET-0003832,3,0.4266666666666667,190,OADMET-0004794
139,OADMET-0005829,3,0.35135135135135137,2241,OADMET-0001498
141,OADMET-0001488,3,0.2839506172839506,964,OADMET-0001132
142,OADMET-0003914,3,0.38028169014084506,1564,OADMET-0003165
143,OADMET-0004958,3,0.273972602739726,3157,OADMET-0005312
149,OADMET-0003319,3,0.25,1422,OADMET-0003198
161,OADMET-0002095,3,0.45454545454545453,3468,OADMET-0002097
169,OADMET-0005178,3,0.35384615384615387,1255,OADMET-0005175
170,OADMET-0002556,3,0.35384615384615387,3653,OADMET-0001058
178,OADMET-0000966,3,0.5,198,OADMET-0000936
201,OADMET-0001004,3,0.2647058823529412,1477,OADMET-0005457
206,OADMET-0004698,3,0.3055555555555556,1934,OADMET-0005266
222,OADMET-0001267,3,0.36507936507936506,1367,OADMET-0005867
229,OADMET-0005184,3,0.36231884057971014,19,OADMET-0003505
231,OADMET-0002968,3,0.3972602739726027,424,OADMET-0002930
235,OADMET-0002123,3,0.425531914893617,1224,OADMET-0005447
237,OADMET-0005544,3,0.2236842105263158,2766,OADMET-0005050
238,OADMET-0001864,3,0.4307692307692308,978,OADMET-0003373
242,OADMET-0002113,3,0.28,565,OADMET-0002137
243,OADMET-0002745,3,0.3492063492063492,2456,OADMET-0001496
244,OADMET-0002671,3,0.515625,2901,OADMET-0004560
273,OADMET-0005169,3,0.27710843373493976,443,OADMET-0002565
277,OADMET-0005979,3,0.3442622950819672,2836,OADMET-0003406
278,OADMET-0004712,3,0.45161290322580644,3461,OADMET-0005128
289,OADMET-0002326,3,0.5135135135135135,3598,OADMET-0002305
310,OADMET-0004864,3,0.34210526315789475,945,OADMET-0002643
316,OADMET-0001544,3,0.3787878787878788,1049,OADMET-0005174
327,OADMET-0005306,3,0.4,3948,OADMET-0005344
328,OADMET-0003409,3,0.32857142857142857,3691,OADMET-0003408
332,OADMET-0002015,3,0.46551724137931033,227,OADMET-0002330
335,OADMET-0003087,3,0.3561643835616438,3375,OADMET-0003151
355,OADMET-0003155,3,0.3116883116883117,240,OADMET-0003470
368,OADMET-0001454,3,0.4418604651162791,3099,OADMET-0001397
370,OADMET-0001504,3,0.2857142857142857,2324,OADMET-0003969
377,OADMET-0002045,3,0.5641025641025641,1531,OADMET-0002209
381,OADMET-0003643,3,0.44,96,OADMET-0003662
382,OADMET-0005858,3,0.3783783783783784,525,OADMET-0003389
395,OADMET-0005889,3,0.3625,2420,OADMET-0005003
401,OADMET-0000940,3,0.3291139240506329,1968,OADMET-0001195
403,OADMET-0005700,3,0.35294117647058826,2600,OADMET-0004510
406,OADMET-0001014,3,0.2948717948717949,1499,OADMET-0005787
436,OADMET-0004857,3,0.36363636363636365,1707,OADMET-0001517
448,OADMET-0002789,3,0.5138888888888888,2380,OADMET-0002625
454,OADMET-0001480,3,0.3968253968253968,1736,OADMET-0005899
464,OADMET-0005567,3,0.3,3877,OADMET-0003048
470,OADMET-0001824,3,0.5272727272727272,1028,OADMET-0001826
472,OADMET-0002843,3,0.39436619718309857,1634,OADMET-0001876
478,OADMET-0003116,3,0.37209302325581395,2046,OADMET-0002232
481,OADMET-0001790,3,0.4411764705882353,2437,OADMET-0001647
482,OADMET-0005030,3,0.3246753246753247,3141,OADMET-0004205
483,OADMET-0001289,3,0.4794520547945205,2015,OADMET-0005658
486,OADMET-0001540,3,0.3090909090909091,1421,OADMET-0002066
490,OADMET-0003248,3,0.36065573770491804,394,OADMET-0005091
497,OADMET-0005220,3,0.3148148148148148,99,OADMET-0002217
499,OADMET-0001800,3,0.4507042253521127,2684,OADMET-0001788
502,OADMET-0003179,3,0.4266666666666667,1589,OADMET-0003164
503,OADMET-0003730,3,0.32038834951456313,2616,OADMET-0003767
509,OADMET-0004261,3,0.38372093023255816,1994,OADMET-0004951
511,OADMET-0003034,3,0.42028985507246375,3704,OADMET-0002867
519,OADMET-0004677,3,0.1956521739130435,884,OADMET-0005159
523,OADMET-0003709,3,0.31868131868131866,2212,OADMET-0001387
531,OADMET-0002793,3,0.475,241,OADMET-0004933
539,OADMET-0002551,3,0.38666666666666666,1842,OADMET-0004605
549,OADMET-0003484,3,0.5,698,OADMET-0005601
551,OADMET-0005330,3,0.3918918918918919,3840,OADMET-0005860
553,OADMET-0006086,3,0.28888888888888886,1911,OADMET-0001412
556,OADMET-0003070,3,0.34285714285714286,1661,OADMET-0005887
561,OADMET-0002280,3,0.48,2313,OADMET-0002142
562,OADMET-0001294,3,0.3333333333333333,1910,OADMET-0005453
568,OADMET-0001365,3,0.3283582089552239,1421,OADMET-0002066
573,OADMET-0003537,3,0.3333333333333333,455,OADMET-0002152
577,OADMET-0002291,3,0.3125,2720,OADMET-0002279
582,OADMET-0005895,3,0.38571428571428573,2122,OADMET-0005479
585,OADMET-0003450,3,0.4166666666666667,2270,OADMET-0005097
593,OADMET-0004968,3,0.29850746268656714,1873,OADMET-0003439
594,OADMET-0003196,3,0.3382352941176471,1108,OADMET-0002288
597,OADMET-0005368,3,0.32432432432432434,1900,OADMET-0002752
602,OADMET-0004870,3,0.47540983606557374,3621,OADMET-0004781
613,OADMET-0006072,3,0.5223880597014925,3803,OADMET-0006036
616,OADMET-0001532,3,0.43103448275862066,274,OADMET-0005459
620,OADMET-0001393,3,0.4305555555555556,1344,OADMET-0001403
631,OADMET-0003113,3,0.3150684931506849,1519,OADMET-0002576
644,OADMET-0005839,3,0.3972602739726027,3565,OADMET-0003303
649,OADMET-0001232,3,0.3508771929824561,3657,OADMET-0001981
657,OADMET-0003532,3,0.37037037037037035,99,OADMET-0002217
659,OADMET-0002959,3,0.453125,1530,OADMET-0003147
671,OADMET-0005919,3,0.32894736842105265,1590,OADMET-0005258
674,OADMET-0003401,3,0.4117647058823529,1949,OADMET-0003350
676,OADMET-0004989,3,0.3384615384615385,4128,OADMET-0005309
679,OADMET-0002719,3,0.36486486486486486,2641,OADMET-0002686
683,OADMET-0002904,3,0.2962962962962963,2039,OADMET-0004969
694,OADMET-0005384,3,0.32558139534883723,2255,OADMET-0005388
703,OADMET-0004402,3,0.46153846153846156,3883,OADMET-0004065
742,OADMET-0003683,3,0.3,3492,OADMET-0002133
746,OADMET-0003084,3,0.3972602739726027,1171,OADMET-0004853
748,OADMET-0001769,3,0.453125,2011,OADMET-0001771
754,OADMET-0001100,3,0.4383561643835616,3226,OADMET-0001116
770,OADMET-0005742,3,0.3493975903614458,2617,OADMET-0001825
791,OADMET-0005355,3,0.2916666666666667,2728,OADMET-0005928
795,OADMET-0003623,3,0.4897959183673469,1924,OADMET-0003783
796,OADMET-0001690,3,0.32,533,OADMET-0001127
798,OADMET-0005625,3,0.2898550724637681,307,OADMET-0003055
816,OADMET-0003997,3,0.2857142857142857,3410,OADMET-0001225
817,OADMET-0005022,3,0.3235294117647059,3490,OADMET-0005874
821,OADMET-0001964,3,0.38461538461538464,3126,OADMET-0002135
860,OADMET-0003444,3,0.33783783783783783,3399,OADMET-0004305
865,OADMET-0001927,3,0.4716981132075472,3324,OADMET-0004472
872,OADMET-0004914,3,0.2987012987012987,203,OADMET-0002865
875,OADMET-0004825,3,0.39705882352941174,491,OADMET-0005553
877,OADMET-0002149,3,0.3448275862068966,3266,OADMET-0002157
878,OADMET-0002299,3,0.5333333333333333,2180,OADMET-0001903
881,OADMET-0004708,3,0.5,3938,OADMET-0005854
888,OADMET-0003064,3,0.3382352941176471,1303,OADMET-0003371
896,OADMET-0005240,3,0.3466666666666667,1005,OADMET-0001879
898,OADMET-0005600,3,0.2894736842105263,379,OADMET-0005865
900,OADMET-0005848,3,0.24675324675324675,228,OADMET-0001334
906,OADMET-0002691,3,0.3974358974358974,800,OADMET-0005318
916,OADMET-0003642,3,0.4603174603174603,1688,OADMET-0002265
919,OADMET-0005862,3,0.375,2573,OADMET-0002033
921,OADMET-0003799,3,0.30158730158730157,2537,OADMET-0003804
935,OADMET-0002200,3,0.41379310344827586,1273,OADMET-0002221
936,OADMET-0004946,3,0.3235294117647059,122,OADMET-0005236
937,OADMET-0001152,3,0.32786885245901637,716,OADMET-0001159
938,OADMET-0003712,3,0.43902439024390244,1847,OADMET-0002312
944,OADMET-0002730,3,0.3466666666666667,1656,OADMET-0005950
951,OADMET-0001057,3,0.32142857142857145,3895,OADMET-0000927
952,OADMET-0003693,3,0.3466666666666667,1399,OADMET-0001871
957,OADMET-0001694,3,0.3728813559322034,1010,OADMET-0001677
969,OADMET-0003374,3,0.4444444444444444,3320,OADMET-0002820
970,OADMET-0002328,3,0.532258064516129,3395,OADMET-0005362
977,OADMET-0001440,3,0.49333333333333335,3248,OADMET-0001441
985,OADMET-0005232,3,0.5,1932,OADMET-0005349
986,OADMET-0001530,3,0.3409090909090909,2168,OADMET-0002208
992,OADMET-0005273,3,0.36764705882352944,1442,OADMET-0001305
995,OADMET-0004752,3,0.4444444444444444,3147,OADMET-0003476
999,OADMET-0005584,3,0.3333333333333333,1570,OADMET-0004285
1001,OADMET-0003486,3,0.33766233766233766,3370,OADMET-0002616
1009,OADMET-0005224,3,0.4189189189189189,630,OADMET-0001866
1020,OADMET-0001868,3,0.2222222222222222,2921,OADMET-0002294
1029,OADMET-0005761,3,0.3875,2036,OADMET-0005694
1030,OADMET-0006066,3,0.43283582089552236,1122,OADMET-0003474
1032,OADMET-0002924,3,0.35714285714285715,3410,OADMET-0001225
1034,OADMET-0004611,3,0.5211267605633803,1186,OADMET-0004214
1037,OADMET-0001758,3,0.4411764705882353,1511,OADMET-0001558
1039,OADMET-0002635,3,0.35135135135135137,1262,OADMET-0001673
1044,OADMET-0004478,3,0.5172413793103449,162,OADMET-0003068
1045,OADMET-0001821,3,0.45714285714285713,3694,OADMET-0003313
1047,OADMET-0005198,3,0.2619047619047619,3181,OADMET-0004153
1063,OADMET-0002283,3,0.4878048780487805,1667,OADMET-0002240
1079,OADMET-0005622,3,0.4727272727272727,1562,OADMET-0005826
1080,OADMET-0005298,3,0.2875,3709,OADMET-0001164
1083,OADMET-0005570,3,0.31343283582089554,2206,OADMET-0001588
1084,OADMET-0002199,3,0.37142857142857144,3281,OADMET-0001974
1093,OADMET-0002544,3,0.38095238095238093,955,OADMET-0001632
1100,OADMET-0001361,3,0.39344262295081966,580,OADMET-0001280
1106,OADMET-0003021,3,0.3698630136986301,2679,OADMET-0002774
1109,OADMET-0001600,3,0.4852941176470588,108,OADMET-0001663
1114,OADMET-0004710,3,0.5,3224,OADMET-0004004
1116,OADMET-0002748,3,0.3382352941176471,135,OADMET-0005167
1129,OADMET-0003477,3,0.3625,3056,OADMET-0005987
1134,OADMET-0001765,3,0.3382352941176471,64,OADMET-0001615
1139,OADMET-0000959,3,0.2894736842105263,3109,OADMET-0002935
1156,OADMET-0005753,3,0.4931506849315068,385,OADMET-0005155
1169,OADMET-0005764,3,0.4032258064516129,2131,OADMET-0005837
1172,OADMET-0005620,3,0.5303030303030303,2725,OADMET-0005488
1176,OADMET-0005307,3,0.37681159420289856,379,OADMET-0005865
1178,OADMET-0003134,3,0.45588235294117646,2523,OADMET-0001721
1189,OADMET-0003215,3,0.515625,2120,OADMET-0003521
1194,OADMET-0001273,3,0.43548387096774194,3918,OADMET-0001308
1196,OADMET-0005185,3,0.3181818181818182,3157,OADMET-0005312
1203,OADMET-0002024,3,0.5087719298245614,2180,OADMET-0001903
1207,OADMET-0003719,3,0.2564102564102564,2939,OADMET-0002084
1208,OADMET-0003377,3,0.375,3012,OADMET-0004101
1221,OADMET-0001279,3,0.3875,1814,OADMET-0003443
1226,OADMET-0001331,3,0.35135135135135137,1709,OADMET-0000956
1235,OADMET-0003797,3,0.24175824175824176,670,OADMET-0003111
1260,OADMET-0004785,3,0.2625,1886,OADMET-0002632
1263,OADMET-0002720,3,0.40229885057471265,2386,OADMET-0004394
1268,OADMET-0002856,3,0.3283582089552239,3157,OADMET-0005312
1277,OADMET-0001351,3,0.3125,81,OADMET-0001953
1284,OADMET-0001272,3,0.4444444444444444,26,OADMET-0002008
1286,OADMET-0005024,3,0.4852941176470588,1758,OADMET-0001779
1288,OADMET-0001555,3,0.379746835443038,402,OADMET-0001578
1291,OADMET-0006013,3,0.4142857142857143,3637,OADMET-0002537
1292,OADMET-0003237,3,0.28378378378378377,3043,OADMET-0003442
1297,OADMET-0004106,3,0.3380281690140845,1225,OADMET-0002029
1298,OADMET-0002204,3,0.42857142857142855,941,OADMET-0002248
1319,OADMET-0001277,3,0.34,2485,OADMET-0002302
1323,OADMET-0003163,3,0.4915254237288136,1600,OADMET-0004984
1324,OADMET-0005878,3,0.4166666666666667,3745,OADMET-0005191
1336,OADMET-0003703,3,0.27184466019417475,534,OADMET-0003700
1337,OADMET-0003235,3,0.3188405797101449,2574,OADMET-0005113
1339,OADMET-0005019,3,0.3,4007,OADMET-0001932
1340,OADMET-0005017,3,0.26666666666666666,3562,OADMET-0005018
1351,OADMET-0005712,3,0.35526315789473684,2928,OADMET-0003240
1358,OADMET-0002269,3,0.38461538461538464,941,OADMET-0002248
1368,OADMET-0003378,3,0.328125,494,OADMET-0003388
1371,OADMET-0002897,3,0.36764705882352944,2710,OADMET-0005051
1381,OADMET-0003471,3,0.29069767441860467,1408,OADMET-0001416
1387,OADMET-0001148,3,0.3620689655172414,207,OADMET-0005340
1389,OADMET-0001660,3,0.38571428571428573,105,OADMET-0001761
1393,OADMET-0003640,3,0.28735632183908044,856,OADMET-0002563
1395,OADMET-0005025,3,0.3013698630136986,3612,OADMET-0003301
1398,OADMET-0005984,3,0.35526315789473684,1500,OADMET-0003315
1401,OADMET-0005077,3,0.40298507462686567,3262,OADMET-0005422
1410,OADMET-0005491,3,0.3194444444444444,1122,OADMET-0003474
1416,OADMET-0006071,3,0.33766233766233766,2698,OADMET-0001347
1426,OADMET-0002792,3,0.39473684210526316,1049,OADMET-0005174
1431,OADMET-0003900,3,0.3424657534246575,1097,OADMET-0002755
1434,OADMET-0001692,3,0.3,1543,OADMET-0001510
1438,OADMET-0005183,3,0.34177215189873417,3801,OADMET-0004742
1439,OADMET-0005798,3,0.32,3404,OADMET-0005706
1449,OADMET-0002769,3,0.35526315789473684,3181,OADMET-0004153
1453,OADMET-0005389,3,0.36486486486486486,3551,OADMET-0004937
1465,OADMET-0002832,3,0.2753623188405797,394,OADMET-0005091
1471,OADMET-0001731,3,0.4090909090909091,638,OADMET-0001781
1475,OADMET-0001237,3,0.45588235294117646,755,OADMET-0001144
1484,OADMET-0004748,3,0.4482758620689655,2604,OADMET-0005437
1491,OADMET-0001139,3,0.2878787878787879,3613,OADMET-0003112
1493,OADMET-0005870,3,0.4375,688,OADMET-0005910
1495,OADMET-0003798,3,0.2608695652173913,1899,OADMET-0005788
1496,OADMET-0004999,3,0.2753623188405797,654,OADMET-0005738
1502,OADMET-0001006,3,0.3246753246753247,1488,OADMET-0005582
1504,OADMET-0005345,3,0.3194444444444444,1992,OADMET-0002942
1513,OADMET-0005634,3,0.5,3301,OADMET-0003410
1517,OADMET-0005800,3,0.4126984126984127,34,OADMET-0003399
1525,OADMET-0002139,3,0.3484848484848485,2179,OADMET-0003542
1529,OADMET-0002147,3,0.5853658536585366,2931,OADMET-0001970
1532,OADMET-0002698,3,0.32098765432098764,1071,OADMET-0005497
1538,OADMET-0005365,3,0.3333333333333333,3884,OADMET-0003768
1559,OADMET-0004856,3,0.40298507462686567,3764,OADMET-0003961
1561,OADMET-0003291,3,0.4461538461538462,3738,OADMET-0005845
1572,OADMET-0000941,3,0.3058823529411765,833,OADMET-0004985
1574,OADMET-0003271,3,0.3333333333333333,3142,OADMET-0003499
1576,OADMET-0001410,3,0.4935064935064935,2242,OADMET-0001406
1596,OADMET-0004880,3,0.34782608695652173,2008,OADMET-0004321
1597,OADMET-0004918,3,0.42105263157894735,3627,OADMET-0002964
1598,OADMET-0006017,3,0.3246753246753247,2219,OADMET-0002631
1603,OADMET-0002252,3,0.5806451612903226,3018,OADMET-0002182
1613,OADMET-0004736,3,0.2857142857142857,3157,OADMET-0005312
1627,OADMET-0005953,3,0.46875,1883,OADMET-0004750
1631,OADMET-0001400,3,0.38571428571428573,329,OADMET-0005561
1635,OADMET-0002175,3,0.5909090909090909,1634,OADMET-0001876
1636,OADMET-0005535,3,0.2716049382716049,560,OADMET-0006057
1637,OADMET-0002041,3,0.4523809523809524,941,OADMET-0002248
1638,OADMET-0001046,3,0.37333333333333335,252,OADMET-0001184
1644,OADMET-0003411,3,0.44047619047619047,3147,OADMET-0003476
1645,OADMET-0004862,3,0.45901639344262296,2769,OADMET-0005877
1649,OADMET-0003572,3,0.32098765432098764,2978,OADMET-0005974
1658,OADMET-0005731,3,0.4838709677419355,3738,OADMET-0005845
1659,OADMET-0000965,3,0.2987012987012987,2439,OADMET-0005568
1663,OADMET-0002270,3,0.5,2298,OADMET-0002156
1666,OADMET-0003255,3,0.32,2457,OADMET-0003284
1670,OADMET-0005756,3,0.45454545454545453,2530,OADMET-0005786
1673,OADMET-0004024,3,0.3611111111111111,1864,OADMET-0005989
1674,OADMET-0003033,3,0.3939393939393939,270,OADMET-0004873
1681,OADMET-0004733,3,0.28,2920,OADMET-0005962
1689,OADMET-0003227,3,0.4594594594594595,3637,OADMET-0002537
1690,OADMET-0004975,3,0.45588235294117646,1123,OADMET-0005988
1692,OADMET-0003247,3,0.4482758620689655,1909,OADMET-0002318
1695,OADMET-0002822,3,0.3291139240506329,1752,OADMET-0004718
1700,OADMET-0001524,3,0.40625,2237,OADMET-0001563
1711,OADMET-0001525,3,0.36619718309859156,3107,OADMET-0001818
1714,OADMET-0002034,3,0.5319148936170213,3239,OADMET-0002320
1717,OADMET-0001007,3,0.3058823529411765,2474,OADMET-0001877
1719,OADMET-0003741,3,0.3111111111111111,3945,OADMET-0002173
1730,OADMET-0001617,3,0.5230769230769231,996,OADMET-0001574
1731,OADMET-0005039,3,0.358974358974359,3452,OADMET-0005689
1733,OADMET-0003153,3,0.28378378378378377,3193,OADMET-0005200
1743,OADMET-0001242,3,0.373134328358209,3690,OADMET-0001039
1754,OADMET-0001477,3,0.34523809523809523,1117,OADMET-0001817
1757,OADMET-0001642,3,0.44285714285714284,3416,OADMET-0001630
1773,OADMET-0003625,3,0.3157894736842105,655,OADMET-0002264
1782,OADMET-0001714,3,0.38961038961038963,1955,OADMET-0001659
1783,OADMET-0001343,3,0.45569620253164556,70,OADMET-0005667
1784,OADMET-0005688,3,0.33783783783783783,3963,OADMET-0005898
1787,OADMET-0005239,3,0.3888888888888889,2420,OADMET-0005003
1795,OADMET-0005683,3,0.32432432432432434,2419,OADMET-0004998
1803,OADMET-0001905,3,0.559322033898305,2097,OADMET-0001956
1809,OADMET-0003059,3,0.3698630136986301,1460,OADMET-0005063
1822,OADMET-0001157,3,0.28205128205128205,1474,OADMET-0005381
1830,OADMET-0005917,3,0.3448275862068966,812,OADMET-0002884
1832,OADMET-0001655,3,0.4084507042253521,3013,OADMET-0001746
1841,OADMET-0001248,3,0.43548387096774194,2207,OADMET-0000938
1843,OADMET-0002963,3,0.391304347826087,2745,OADMET-0005618
1844,OADMET-0002707,3,0.3375,3179,OADMET-0004808
1846,OADMET-0003809,3,0.31746031746031744,3923,OADMET-0001222
1859,OADMET-0001213,3,0.38235294117647056,3410,OADMET-0001225
1863,OADMET-0005286,3,0.4027777777777778,1414,OADMET-0003361
1868,OADMET-0002618,3,0.3055555555555556,2097,OADMET-0001956
1871,OADMET-0005980,3,0.38095238095238093,3132,OADMET-0006015
1881,OADMET-0003808,3,0.2631578947368421,1334,OADMET-0005916
1884,OADMET-0002989,3,0.375,1142,OADMET-0005559
1887,OADMET-0004827,3,0.3492063492063492,660,OADMET-0002766
1890,OADMET-0006030,3,0.3466666666666667,4053,OADMET-0005465
1896,OADMET-0005925,3,0.5740740740740741,844,OADMET-0002596
1897,OADMET-0000928,3,0.2972972972972973,3748,OADMET-0001085
1901,OADMET-0005740,3,0.38961038961038963,763,OADMET-0005827
1904,OADMET-0002970,3,0.3880597014925373,3562,OADMET-0005018
1915,OADMET-0005710,3,0.4098360655737705,2605,OADMET-0005335
1936,OADMET-0005897,3,0.4090909090909091,2897,OADMET-0002670
1939,OADMET-0005158,3,0.3225806451612903,1895,OADMET-0001950
1952,OADMET-0004877,3,0.37681159420289856,837,OADMET-0002985
1957,OADMET-0005607,3,0.36764705882352944,270,OADMET-0004873
1960,OADMET-0003036,3,0.3424657534246575,1145,OADMET-0004964
1961,OADMET-0002090,3,0.30434782608695654,2230,OADMET-0002858
1971,OADMET-0005859,3,0.36065573770491804,739,OADMET-0002016
1987,OADMET-0003580,3,0.3,1842,OADMET-0004605
2001,OADMET-0004961,3,0.3855421686746988,3885,OADMET-0003453
2004,OADMET-0005332,3,0.2926829268292683,3661,OADMET-0001878
2030,OADMET-0001226,3,0.3835616438356164,2758,OADMET-0001154
2033,OADMET-0002760,3,0.3132530120481928,1694,OADMET-0001417
2055,OADMET-0004691,3,0.2962962962962963,3426,OADMET-0005997
2059,OADMET-0001747,3,0.42857142857142855,1301,OADMET-0001713
2060,OADMET-0006043,3,0.4925373134328358,2255,OADMET-0005388
2062,OADMET-0003791,3,0.24175824175824176,25,OADMET-0005008
2082,OADMET-0002972,3,0.2631578947368421,441,OADMET-0006035
2090,OADMET-0002902,3,0.40384615384615385,3922,OADMET-0002235
2125,OADMET-0001268,3,0.3888888888888889,1573,OADMET-0001362
2129,OADMET-0001963,3,0.5178571428571429,353,OADMET-0002185
2138,OADMET-0002211,3,0.42857142857142855,501,OADMET-0002183
2139,OADMET-0002167,3,0.5588235294117647,312,OADMET-0002257
2141,OADMET-0001937,3,0.43478260869565216,634,OADMET-0002237
2149,OADMET-0004793,3,0.3235294117647059,2478,OADMET-0001543
2155,OADMET-0002155,3,0.4782608695652174,2243,OADMET-0001995
2160,OADMET-0003137,3,0.4461538461538462,1026,OADMET-0002776
2161,OADMET-0005486,3,0.3466666666666667,619,OADMET-0003292
2166,OADMET-0002912,3,0.3287671232876712,3273,OADMET-0005795
2176,OADMET-0002154,3,0.21518987341772153,1144,OADMET-0003713
2185,OADMET-0002875,3,0.34177215189873417,915,OADMET-0002881
2188,OADMET-0002661,3,0.3709677419354839,3439,OADMET-0005648
2190,OADMET-0003630,3,0.30357142857142855,1531,OADMET-0002209
2203,OADMET-0004747,3,0.410958904109589,525,OADMET-0003389
2204,OADMET-0004180,3,0.2948717948717949,974,OADMET-0004832
2229,OADMET-0003067,3,0.410958904109589,477,OADMET-0004763
2239,OADMET-0005390,3,0.3333333333333333,303,OADMET-0005044
2248,OADMET-0005043,3,0.4520547945205479,2835,OADMET-0005617
2252,OADMET-0001531,3,0.24242424242424243,2118,OADMET-0004723
2262,OADMET-0004912,3,0.20238095238095238,2906,OADMET-0001590
2265,OADMET-0001526,3,0.25,2243,OADMET-0001995
2269,OADMET-0002092,3,0.21739130434782608,1289,OADMET-0002052
2283,OADMET-0005147,3,0.4266666666666667,385,OADMET-0005155
2290,OADMET-0001251,3,0.36363636363636365,2729,OADMET-0000960
2302,OADMET-0005353,3,0.3472222222222222,3630,OADMET-0003365
2304,OADMET-0003407,3,0.4696969696969697,3094,OADMET-0001219
2309,OADMET-0001757,3,0.390625,1435,OADMET-0001616
2311,OADMET-0001671,3,0.4166666666666667,1869,OADMET-0001644
2312,OADMET-0005325,3,0.2631578947368421,1749,OADMET-0005603
2333,OADMET-0003265,3,0.34375,695,OADMET-0005226
2343,OADMET-0005067,3,0.3548387096774194,623,OADMET-0002009
2353,OADMET-0004080,3,0.32608695652173914,1772,OADMET-0002196
2365,OADMET-0004993,3,0.25,1978,OADMET-0001183
2366,OADMET-0001926,3,0.3333333333333333,4007,OADMET-0001932
2381,OADMET-0001194,3,0.32857142857142857,762,OADMET-0001013
2382,OADMET-0001472,3,0.589041095890411,2348,OADMET-0001467
2394,OADMET-0001214,3,0.49056603773584906,2363,OADMET-0001070
2395,OADMET-0004740,3,0.20689655172413793,915,OADMET-0002881
2396,OADMET-0005645,3,0.3968253968253968,2880,OADMET-0003898
2398,OADMET-0005249,3,0.5079365079365079,1930,OADMET-0005401
2399,OADMET-0003816,3,0.3287671232876712,2017,OADMET-0005083
2400,OADMET-0002733,3,0.4,814,OADMET-0002036
2403,OADMET-0005941,3,0.45,3496,OADMET-0002740
2410,OADMET-0002076,3,0.375,2335,OADMET-0002074
2426,OADMET-0003787,3,0.29850746268656714,3688,OADMET-0005790
2435,OADMET-0003942,3,0.45714285714285713,266,OADMET-0004003
2436,OADMET-0002653,3,0.4146341463414634,922,OADMET-0002681
2445,OADMET-0004815,3,0.4166666666666667,3215,OADMET-0001890
2447,OADMET-0004777,3,0.32,1494,OADMET-0002801
2450,OADMET-0004790,3,0.30120481927710846,4093,OADMET-0005121
2469,OADMET-0002195,3,0.44,2783,OADMET-0002224
2472,OADMET-0002542,3,0.4666666666666667,3472,OADMET-0003344
2492,OADMET-0002664,3,0.3333333333333333,3665,OADMET-0005420
2500,OADMET-0003022,3,0.3142857142857143,3223,OADMET-0003010
2508,OADMET-0002980,3,0.543859649122807,959,OADMET-0003379
2511,OADMET-0005430,3,0.41935483870967744,3862,OADMET-0005681
2514,OADMET-0003750,3,0.21153846153846154,3818,OADMET-0005636
2515,OADMET-0005323,3,0.2878787878787879,2670,OADMET-0003078
2516,OADMET-0002151,3,0.5882352941176471,3598,OADMET-0002305
2524,OADMET-0001002,3,0.35294117647058826,2342,OADMET-0001041
2528,OADMET-0005151,3,0.423728813559322,3017,OADMET-0004971
2529,OADMET-0001168,3,0.25,2408,OADMET-0001238
2535,OADMET-0005588,3,0.5294117647058824,702,OADMET-0005868
2539,OADMET-0003492,3,0.3194444444444444,3213,OADMET-0002550
2554,OADMET-0002947,3,0.5964912280701754,4027,OADMET-0001114
2563,OADMET-0001884,3,0.5813953488372093,979,OADMET-0002261
2564,OADMET-0002945,3,0.3880597014925373,983,OADMET-0000961
2572,OADMET-0004981,3,0.34375,1445,OADMET-0005670
2577,OADMET-0002581,3,0.3283582089552239,3182,OADMET-0003000
2580,OADMET-0004690,3,0.26373626373626374,3601,OADMET-0005129
2586,OADMET-0005302,3,0.410958904109589,1385,OADMET-0002695
2589,OADMET-0001753,3,0.37142857142857144,826,OADMET-0001669
2590,OADMET-0001230,3,0.39344262295081966,4130,OADMET-0000982
2594,OADMET-0003181,3,0.35526315789473684,2409,OADMET-0005825
2596,OADMET-0004452,3,0.4444444444444444,3738,OADMET-0005845
2610,OADMET-0005844,3,0.34285714285714286,571,OADMET-0002651
2625,OADMET-0001798,3,0.36764705882352944,1301,OADMET-0001713
2626,OADMET-0003574,3,0.3023255813953488,415,OADMET-0002220
2667,OADMET-0003308,3,0.3142857142857143,3259,OADMET-0005815
2680,OADMET-0002249,3,0.32558139534883723,3376,OADMET-0002179
2688,OADMET-0003473,3,0.26582278481012656,669,OADMET-0002592
2689,OADMET-0002753,3,0.5538461538461539,3369,OADMET-0003355
2692,OADMET-0003672,3,0.13043478260869565,501,OADMET-0002183
2701,OADMET-0001307,3,0.3333333333333333,3281,OADMET-0001974
2715,OADMET-0005336,3,0.2608695652173913,567,OADMET-0002761
2722,OADMET-0004957,3,0.5,570,OADMET-0003664
2737,OADMET-0004773,3,0.2777777777777778,3131,OADMET-0002287
2740,OADMET-0005669,3,0.3684210526315789,2409,OADMET-0005825
2743,OADMET-0001637,3,0.391304347826087,2437,OADMET-0001647
2746,OADMET-0003222,3,0.3472222222222222,845,OADMET-0002873
2753,OADMET-0005295,3,0.4166666666666667,3357,OADMET-0001908
2762,OADMET-0004689,3,0.35802469135802467,745,OADMET-0004203
2772,OADMET-0001457,3,0.3684210526315789,2388,OADMET-0001456
2777,OADMET-0001645,3,0.3918918918918919,402,OADMET-0001578
2782,OADMET-0003211,3,0.34146341463414637,2788,OADMET-0005730
2789,OADMET-0002118,3,0.2916666666666667,125,OADMET-0002065
2802,OADMET-0004053,3,0.5151515151515151,745,OADMET-0004203
2808,OADMET-0001520,3,0.2564102564102564,1707,OADMET-0001517
2809,OADMET-0002938,3,0.3333333333333333,2938,OADMET-0001233
2821,OADMET-0001439,3,0.37662337662337664,1969,OADMET-0005540
2823,OADMET-0001427,3,0.5538461538461539,3475,OADMET-0001404
2829,OADMET-0003480,3,0.39705882352941174,1278,OADMET-0003467
2831,OADMET-0001359,3,0.3108108108108108,3745,OADMET-0005191
2832,OADMET-0002127,3,0.52,82,OADMET-0001978
2843,OADMET-0004642,3,0.45714285714285713,3991,OADMET-0005970
2846,OADMET-0002091,3,0.41379310344827586,2195,OADMET-0002050
2860,OADMET-0001503,3,0.3548387096774194,818,OADMET-0003544
2884,OADMET-0001991,3,0.5,287,OADMET-0001996
2892,OADMET-0001181,3,0.3375,2452,OADMET-0001492
2898,OADMET-0004776,3,0.28205128205128205,1697,OADMET-0001066
2899,OADMET-0003364,3,0.2962962962962963,4026,OADMET-0005597
2917,OADMET-0004996,3,0.3194444444444444,1046,OADMET-0003340
2918,OADMET-0002743,3,0.4714285714285714,2668,OADMET-0002694
2925,OADMET-0005440,3,0.2676056338028169,82,OADMET-0001978
2930,OADMET-0004787,3,0.34177215189873417,3246,OADMET-0003331
2934,OADMET-0005551,3,0.34177215189873417,2303,OADMET-0005331
2936,OADMET-0005708,3,0.3484848484848485,3976,OADMET-0002853
2937,OADMET-0003258,3,0.3088235294117647,3353,OADMET-0005179
2945,OADMET-0006044,3,0.2962962962962963,1577,OADMET-0001228
2951,OADMET-0001459,3,0.37333333333333335,2388,OADMET-0001456
2960,OADMET-0004950,3,0.45569620253164556,1687,OADMET-0002796
2961,OADMET-0005820,3,0.3492063492063492,3693,OADMET-0002564
2962,OADMET-0005456,3,0.3088235294117647,3806,OADMET-0002764
2963,OADMET-0002144,3,0.5476190476190477,758,OADMET-0001990
2968,OADMET-0005654,3,0.42105263157894735,1932,OADMET-0005349
2969,OADMET-0001661,3,0.43243243243243246,2121,OADMET-0001776
2980,OADMET-0005383,3,0.5416666666666666,1876,OADMET-0002005
2981,OADMET-0001146,3,0.39655172413793105,3283,OADMET-0001333
2985,OADMET-0005626,3,0.42424242424242425,2455,OADMET-0004490
2988,OADMET-0005154,3,0.4626865671641791,2094,OADMET-0005223
2991,OADMET-0005449,3,0.36231884057971014,3658,OADMET-0003269
3000,OADMET-0003658,3,0.39705882352941174,2071,OADMET-0001900
3001,OADMET-0006077,3,0.3287671232876712,3455,OADMET-0002572
3002,OADMET-0004920,3,0.38235294117647056,21,OADMET-0003210
3004,OADMET-0003564,3,0.2676056338028169,1239,OADMET-0001514
3005,OADMET-0002574,3,0.29850746268656714,1545,OADMET-0005204
3008,OADMET-0001668,3,0.4810126582278481,991,OADMET-0001653
3019,OADMET-0003461,3,0.3108108108108108,3199,OADMET-0002708
3020,OADMET-0003862,3,0.325,279,OADMET-0003872
3034,OADMET-0006068,3,0.3116883116883117,2923,OADMET-0001119
3040,OADMET-0005075,3,0.3466666666666667,2569,OADMET-0005296
3044,OADMET-0005377,3,0.3170731707317073,3850,OADMET-0005371
3048,OADMET-0003236,3,0.358974358974359,3850,OADMET-0005371
3049,OADMET-0005978,3,0.5,1566,OADMET-0001088
3050,OADMET-0002227,3,0.5882352941176471,415,OADMET-0002220
3052,OADMET-0001895,3,0.5434782608695652,3359,OADMET-0002331
3069,OADMET-0005231,3,0.2891566265060241,2130,OADMET-0002763
3074,OADMET-0001300,3,0.32051282051282054,574,OADMET-0000931
3080,OADMET-0005269,3,0.3484848484848485,3653,OADMET-0001058
3091,OADMET-0002587,3,0.39705882352941174,814,OADMET-0002036
3101,OADMET-0001401,3,0.3974358974358974,173,OADMET-0001384
3112,OADMET-0002967,3,0.2898550724637681,2967,OADMET-0005494
3114,OADMET-0002731,3,0.3783783783783784,2094,OADMET-0005223
3115,OADMET-0005162,3,0.4745762711864407,1885,OADMET-0005656
3116,OADMET-0001865,3,0.5588235294117647,2609,OADMET-0002255
3117,OADMET-0001493,3,0.323943661971831,410,OADMET-0001827
3128,OADMET-0004327,3,0.26506024096385544,734,OADMET-0002728
3138,OADMET-0002213,3,0.5277777777777778,920,OADMET-0002285
3150,OADMET-0003213,3,0.3611111111111111,1414,OADMET-0003361
3158,OADMET-0003335,3,0.3968253968253968,3496,OADMET-0002740
3166,OADMET-0003264,3,0.3188405797101449,3340,OADMET-0001966
3168,OADMET-0001113,3,0.39622641509433965,580,OADMET-0001280
3171,OADMET-0005963,3,0.43478260869565216,588,OADMET-0004799
3173,OADMET-0000954,3,0.4264705882352941,3201,OADMET-0001042
3175,OADMET-0005726,3,0.43548387096774194,911,OADMET-0005902
3176,OADMET-0003412,3,0.33766233766233766,3812,OADMET-0005924
3180,OADMET-0003436,3,0.3611111111111111,592,OADMET-0005886
3186,OADMET-0005189,3,0.30357142857142855,570,OADMET-0003664
3195,OADMET-0001754,3,0.4520547945205479,708,OADMET-0001639
3203,OADMET-0005042,3,0.33783783783783783,978,OADMET-0003373
3207,OADMET-0001591,3,0.3787878787878788,3734,OADMET-0001613
3228,OADMET-0001293,3,0.4126984126984127,271,OADMET-0001021
3231,OADMET-0005967,3,0.4305555555555556,3637,OADMET-0002537
3234,OADMET-0003158,3,0.2894736842105263,1934,OADMET-0005266
3243,OADMET-0001140,3,0.45454545454545453,3558,OADMET-0000970
3244,OADMET-0005678,3,0.28125,739,OADMET-0002016
3264,OADMET-0002226,3,0.5,1683,OADMET-0002274
3274,OADMET-0001321,3,0.3918918918918919,3160,OADMET-0003422
3289,OADMET-0002747,3,0.3333333333333333,3863,OADMET-0004069
3304,OADMET-0005981,3,0.37662337662337664,2521,OADMET-0005242
3305,OADMET-0001958,3,0.37142857142857144,3297,OADMET-0001449
3309,OADMET-0002134,3,0.32608695652173914,1503,OADMET-0001897
3316,OADMET-0005873,3,0.4666666666666667,230,OADMET-0002611
3322,OADMET-0005573,3,0.4,1460,OADMET-0005063
3323,OADMET-0001479,3,0.36764705882352944,2174,OADMET-0001859
3327,OADMET-0005531,3,0.3055555555555556,2913,OADMET-0003260
3333,OADMET-0004849,3,0.2878787878787879,270,OADMET-0004873
3336,OADMET-0005064,3,0.47761194029850745,2058,OADMET-0004731
3349,OADMET-0003645,3,0.4117647058823529,565,OADMET-0002137
3362,OADMET-0002621,3,0.5797101449275363,2926,OADMET-0003884
3365,OADMET-0002547,3,0.33766233766233766,4132,OADMET-0001631
3373,OADMET-0004685,3,0.43333333333333335,3467,OADMET-0002259
3379,OADMET-0002267,3,0.4634146341463415,3598,OADMET-0002305
3384,OADMET-0003362,3,0.3493975903614458,4045,OADMET-0002624
3388,OADMET-0005905,3,0.5967741935483871,3812,OADMET-0005924
3391,OADMET-0005001,3,0.28169014084507044,1541,OADMET-0002939
3392,OADMET-0002292,3,0.4,2939,OADMET-0002084
3393,OADMET-0005947,3,0.463768115942029,1175,OADMET-0002849
3396,OADMET-0001115,3,0.43478260869565216,866,OADMET-0001323
3400,OADMET-0003930,3,0.28169014084507044,2875,OADMET-0001024
3414,OADMET-0003366,3,0.28,945,OADMET-0002643
3424,OADMET-0001396,3,0.313953488372093,3934,OADMET-0001288
3436,OADMET-0004259,3,0.5151515151515151,3713,OADMET-0005261
3437,OADMET-0001178,3,0.3698630136986301,2651,OADMET-0001296
3438,OADMET-0001341,3,0.5166666666666667,2931,OADMET-0001970
3445,OADMET-0003447,3,0.36585365853658536,1547,OADMET-0005300
3449,OADMET-0005784,3,0.4603174603174603,2519,OADMET-0005690
3457,OADMET-0005171,3,0.39473684210526316,2773,OADMET-0005721
3462,OADMET-0005415,3,0.3142857142857143,1390,OADMET-0002037
3466,OADMET-0000996,3,0.391304347826087,2314,OADMET-0003464
3470,OADMET-0005801,3,0.3492063492063492,1930,OADMET-0005401
3471,OADMET-0005149,3,0.37662337662337664,1888,OADMET-0003051
3482,OADMET-0005445,3,0.4339622641509434,3281,OADMET-0001974
3483,OADMET-0004885,3,0.3787878787878788,3982,OADMET-0006054
3487,OADMET-0002744,3,0.4426229508196721,1839,OADMET-0002757
3491,OADMET-0003946,3,0.34782608695652173,636,OADMET-0002866
3493,OADMET-0002951,3,0.3275862068965517,174,OADMET-0001199
3510,OADMET-0004788,3,0.3472222222222222,806,OADMET-0002768
3512,OADMET-0002114,3,0.4375,3589,OADMET-0002111
3514,OADMET-0002716,3,0.5,621,OADMET-0004923
3525,OADMET-0001105,3,0.4,1650,OADMET-0005605
3527,OADMET-0005108,3,0.3125,2370,OADMET-0005166
3528,OADMET-0003489,3,0.3157894736842105,1560,OADMET-0001402
3540,OADMET-0003963,3,0.3709677419354839,2257,OADMET-0004090
3545,OADMET-0002234,3,0.46808510638297873,1397,OADMET-0002013
3553,OADMET-0005369,3,0.358974358974359,889,OADMET-0005305
3570,OADMET-0002936,3,0.38666666666666666,3535,OADMET-0003239
3573,OADMET-0005374,3,0.29577464788732394,3770,OADMET-0001583
3576,OADMET-0003216,3,0.33766233766233766,3136,OADMET-0002622
3578,OADMET-0005032,3,0.3783783783783784,886,OADMET-0005933
3581,OADMET-0003189,3,0.5254237288135594,848,OADMET-0003524
3585,OADMET-0001274,3,0.4230769230769231,3097,OADMET-0000958
3590,OADMET-0003223,3,0.3888888888888889,2993,OADMET-0003540
3593,OADMET-0002106,3,0.32142857142857145,1750,OADMET-0002082
3596,OADMET-0002047,3,0.21212121212121213,2240,OADMET-0001872
3602,OADMET-0005237,3,0.3333333333333333,665,OADMET-0005021
3618,OADMET-0005944,3,0.38333333333333336,4124,OADMET-0001904
3626,OADMET-0002657,3,0.4520547945205479,1740,OADMET-0003314
3629,OADMET-0001339,3,0.4027777777777778,3486,OADMET-0001166
3648,OADMET-0001009,3,0.4583333333333333,2266,OADMET-0002927
3652,OADMET-0004838,3,0.4393939393939394,1086,OADMET-0004706
3663,OADMET-0003589,3,0.34328358208955223,3367,OADMET-0003587
3666,OADMET-0003363,3,0.36764705882352944,405,OADMET-0003174
3675,OADMET-0005973,3,0.391304347826087,3337,OADMET-0005659
3684,OADMET-0003092,3,0.3170731707317073,90,OADMET-0001366
3689,OADMET-0002244,3,0.4878048780487805,353,OADMET-0002185
3697,OADMET-0003419,3,0.32051282051282054,718,OADMET-0003031
3708,OADMET-0004859,3,0.49295774647887325,2337,OADMET-0005990
3715,OADMET-0001124,3,0.3424657534246575,767,OADMET-0001028
3718,OADMET-0004766,3,0.352112676056338,2131,OADMET-0005837
3722,OADMET-0001811,3,0.47058823529411764,3382,OADMET-0001599
3723,OADMET-0005114,3,0.28,1811,OADMET-0001059
3729,OADMET-0004755,3,0.32857142857142857,18,OADMET-0005719
3730,OADMET-0003457,3,0.3333333333333333,409,OADMET-0001067
3732,OADMET-0004818,3,0.36923076923076925,1535,OADMET-0005478
3740,OADMET-0004348,3,0.296875,176,OADMET-0005209
3751,OADMET-0005972,3,0.38571428571428573,491,OADMET-0005553
3754,OADMET-0002679,3,0.373134328358209,1402,OADMET-0002824
3756,OADMET-0003539,3,0.3404255319148936,3956,OADMET-0001686
3760,OADMET-0005229,3,0.2777777777777778,3107,OADMET-0001818
3763,OADMET-0005869,3,0.323943661971831,1122,OADMET-0003474
3766,OADMET-0005590,3,0.36619718309859156,1364,OADMET-0003177
3774,OADMET-0003449,3,0.36764705882352944,2321,OADMET-0001077
3781,OADMET-0001648,3,0.43661971830985913,4050,OADMET-0001612
3786,OADMET-0003375,3,0.273972602739726,24,OADMET-0005275
3787,OADMET-0001027,3,0.3815789473684211,2651,OADMET-0001296
3788,OADMET-0005698,3,0.3157894736842105,1611,OADMET-0006075
3804,OADMET-0005464,3,0.2682926829268293,3155,OADMET-0005193
3808,OADMET-0004040,3,0.3466666666666667,2284,OADMET-0002562
3811,OADMET-0001670,3,0.3974358974358974,2629,OADMET-0001786
3816,OADMET-0002043,3,0.4523809523809524,1111,OADMET-0002210
3821,OADMET-0001988,3,0.325,4009,OADMET-0003802
3823,OADMET-0005337,3,0.3,207,OADMET-0005340
3830,OADMET-0001104,3,0.3472222222222222,3918,OADMET-0001308
3834,OADMET-0006016,3,0.32894736842105265,2097,OADMET-0001956
3842,OADMET-0002580,3,0.3333333333333333,1621,OADMET-0005727
3848,OADMET-0001989,3,0.5964912280701754,3599,OADMET-0002168
3859,OADMET-0002317,3,0.4583333333333333,8,OADMET-0002003
3869,OADMET-0003911,3,0.375,77,OADMET-0005853
3873,OADMET-0004967,3,0.5147058823529411,2999,OADMET-0002676
3879,OADMET-0001312,3,0.31645569620253167,2533,OADMET-0001346
3882,OADMET-0003460,3,0.3157894736842105,177,OADMET-0001718
3886,OADMET-0001458,3,0.3783783783783784,2388,OADMET-0001456
3890,OADMET-0005923,3,0.36923076923076925,1490,OADMET-0005058
3903,OADMET-0003617,3,0.5476190476190477,570,OADMET-0003664
3909,OADMET-0002634,3,0.35135135135135137,2999,OADMET-0002676
3916,OADMET-0003582,3,0.5471698113207547,3509,OADMET-0003639
3919,OADMET-0005348,3,0.4,2174,OADMET-0001859
3921,OADMET-0005792,3,0.3787878787878788,187,OADMET-0005927
3933,OADMET-0003232,3,0.3116883116883117,3695,OADMET-0002736
3935,OADMET-0004824,3,0.28378378378378377,2565,OADMET-0003513
3937,OADMET-0004928,3,0.2608695652173913,4094,OADMET-0002829
3939,OADMET-0003621,3,0.2727272727272727,333,OADMET-0003475
3942,OADMET-0005433,3,0.3918918918918919,165,OADMET-0006055
3958,OADMET-0001985,3,0.5319148936170213,829,OADMET-0001920
3961,OADMET-0006039,3,0.5066666666666667,3850,OADMET-0005371
3965,OADMET-0005757,3,0.40298507462686567,1756,OADMET-0002735
3968,OADMET-0000935,3,0.32,3840,OADMET-0005860
3981,OADMET-0002718,3,0.43243243243243246,166,OADMET-0005954
3983,OADMET-0003114,3,0.2972972972972973,2299,OADMET-0004804
3993,OADMET-0003653,3,0.21739130434782608,1943,OADMET-0002164
4001,OADMET-0002723,3,0.59375,4027,OADMET-0001114
4002,OADMET-0005835,3,0.4074074074074074,3245,OADMET-0005498
4003,OADMET-0002992,3,0.32,734,OADMET-0002728
4020,OADMET-0002926,3,0.3246753246753247,588,OADMET-0004799
4024,OADMET-0005364,3,0.3898305084745763,730,OADMET-0001971
4025,OADMET-0005127,3,0.3333333333333333,3047,OADMET-0005207
4029,OADMET-0001394,3,0.4246575342465753,4042,OADMET-0001941
4040,OADMET-0002225,3,0.475,3997,OADMET-0001867
4058,OADMET-0001485,3,0.32142857142857145,920,OADMET-0002285
4072,OADMET-0003650,3,0.4222222222222222,836,OADMET-0002863
4074,OADMET-0003454,3,0.40540540540540543,3378,OADMET-0005652
4077,OADMET-0002845,3,0.36363636363636365,839,OADMET-0005621
4079,OADMET-0002940,3,0.35526315789473684,575,OADMET-0005591
4081,OADMET-0002557,3,0.3050847457627119,819,OADMET-0003618
4085,OADMET-0005126,3,0.2839506172839506,3896,OADMET-0005347
4088,OADMET-0003435,3,0.4383561643835616,513,OADMET-0003414
4102,OADMET-0001992,3,0.3953488372093023,3167,OADMET-0002258
4109,OADMET-0005279,3,0.3466666666666667,3096,OADMET-0003975
4114,OADMET-0001763,3,0.43333333333333335,3582,OADMET-0001778
4115,OADMET-0005745,3,0.3466666666666667,3081,OADMET-0004514
4121,OADMET-0002012,3,0.417910447761194,2243,OADMET-0001995
4122,OADMET-0001662,3,0.3783783783783784,3187,OADMET-0001581
4123,OADMET-0001511,3,0.2753623188405797,1878,OADMET-0005983
4127,OADMET-0001913,3,0.39285714285714285,3191,OADMET-0001894
4129,OADMET-0005378,3,0.2987012987012987,3152,OADMET-0002706
14,OADMET-0003107,4,0.3,3987,OADMET-0005182
20,OADMET-0005750,4,0.5,1721,OADMET-0005771
24,OADMET-0005275,4,0.4666666666666667,1999,OADMET-0002775
27,OADMET-0002717,4,0.44155844155844154,2847,OADMET-0003016
31,OADMET-0004653,4,0.27710843373493976,3878,OADMET-0003431
40,OADMET-0001638,4,0.48214285714285715,3582,OADMET-0001778
47,OADMET-0002808,4,0.25925925925925924,2326,OADMET-0001371
50,OADMET-0005208,4,0.453125,2174,OADMET-0001859
51,OADMET-0001984,4,0.5892857142857143,2174,OADMET-0001859
52,OADMET-0002148,4,0.46938775510204084,2377,OADMET-0001931
54,OADMET-0002800,4,0.3116883116883117,945,OADMET-0002643
64,OADMET-0001615,4,0.42424242424242425,3582,OADMET-0001778
65,OADMET-0002910,4,0.410958904109589,1113,OADMET-0005241
70,OADMET-0005667,4,0.47619047619047616,115,OADMET-0005417
81,OADMET-0001953,4,0.4,3651,OADMET-0001957
99,OADMET-0002217,4,0.5789473684210527,812,OADMET-0002884
102,OADMET-0001047,4,0.38961038961038963,427,OADMET-0002916
105,OADMET-0001761,4,0.4264705882352941,1160,OADMET-0001715
108,OADMET-0001663,4,0.4852941176470588,1109,OADMET-0001600
109,OADMET-0001235,4,0.3384615384615385,2554,OADMET-0002947
113,OADMET-0005894,4,0.373134328358209,3301,OADMET-0003410
120,OADMET-0004819,4,0.36486486486486486,3780,OADMET-0006069
123,OADMET-0002166,4,0.3611111111111111,3884,OADMET-0003768
124,OADMET-0004887,4,0.323943661971831,3100,OADMET-0002749
125,OADMET-0002065,4,0.3125,2468,OADMET-0001893
126,OADMET-0003275,4,0.34210526315789475,2927,OADMET-0004814
130,OADMET-0005393,4,0.4264705882352941,508,OADMET-0004955
133,OADMET-0005936,4,0.32098765432098764,702,OADMET-0005868
140,OADMET-0004768,4,0.3333333333333333,3365,OADMET-0002547
159,OADMET-0003678,4,0.3018867924528302,1220,OADMET-0004054
166,OADMET-0005954,4,0.43243243243243246,3981,OADMET-0002718
168,OADMET-0005946,4,0.2597402597402597,208,OADMET-0003286
175,OADMET-0003526,4,0.323943661971831,1506,OADMET-0004905
179,OADMET-0002300,4,0.44680851063829785,2573,OADMET-0002033
181,OADMET-0001609,4,0.379746835443038,566,OADMET-0001654
182,OADMET-0003295,4,0.527027027027027,2268,OADMET-0002742
193,OADMET-0002247,4,0.5185185185185185,3884,OADMET-0003768
196,OADMET-0005961,4,0.33766233766233766,186,OADMET-0001576
204,OADMET-0002877,4,0.37681159420289856,1348,OADMET-0001374
207,OADMET-0005340,4,0.3620689655172414,1387,OADMET-0001148
211,OADMET-0002172,4,0.5217391304347826,912,OADMET-0001863
216,OADMET-0002150,4,0.5333333333333333,2468,OADMET-0001893
220,OADMET-0006053,4,0.4852941176470588,950,OADMET-0005913
223,OADMET-0002883,4,0.20481927710843373,3002,OADMET-0004920
225,OADMET-0003060,4,0.3188405797101449,1859,OADMET-0001213
227,OADMET-0002330,4,0.46551724137931033,332,OADMET-0002015
228,OADMET-0001334,4,0.2916666666666667,1128,OADMET-0005891
234,OADMET-0004991,4,0.3384615384615385,2214,OADMET-0005104
239,OADMET-0002143,4,0.4782608695652174,561,OADMET-0002280
240,OADMET-0003470,4,0.3333333333333333,3718,OADMET-0004766
249,OADMET-0003687,4,0.4074074074074074,4072,OADMET-0003650
251,OADMET-0003132,4,0.36585365853658536,3639,OADMET-0004852
257,OADMET-0002809,4,0.2911392405063291,2956,OADMET-0005752
261,OADMET-0003207,4,0.3375,1186,OADMET-0004214
283,OADMET-0002109,4,0.35294117647058826,1313,OADMET-0002080
290,OADMET-0004442,4,0.5189873417721519,2371,OADMET-0002797
297,OADMET-0002121,4,0.3111111111111111,1637,OADMET-0002041
300,OADMET-0002854,4,0.47619047619047616,1851,OADMET-0003266
304,OADMET-0005802,4,0.43243243243243246,3681,OADMET-0003220
309,OADMET-0004428,4,0.559322033898305,2224,OADMET-0001566
312,OADMET-0002257,4,0.5588235294117647,2139,OADMET-0002167
315,OADMET-0002263,4,0.4,3898,OADMET-0001924
317,OADMET-0002987,4,0.3968253968253968,3833,OADMET-0006025
324,OADMET-0003500,4,0.36,856,OADMET-0002563
325,OADMET-0002194,4,0.4375,2168,OADMET-0002208
360,OADMET-0002538,4,0.45588235294117646,1365,OADMET-0003348
363,OADMET-0001276,4,0.32608695652173914,3392,OADMET-0002292
364,OADMET-0004738,4,0.40298507462686567,2639,OADMET-0003217
373,OADMET-0002836,4,0.25882352941176473,3176,OADMET-0003412
378,OADMET-0005830,4,0.34375,2614,OADMET-0005031
387,OADMET-0002042,4,0.5510204081632653,3467,OADMET-0002259
405,OADMET-0003174,4,0.36764705882352944,3666,OADMET-0003363
409,OADMET-0001067,4,0.35714285714285715,2607,OADMET-0005439
411,OADMET-0004092,4,0.375,1296,OADMET-0004888
413,OADMET-0005546,4,0.2727272727272727,1903,OADMET-0005593
415,OADMET-0002220,4,0.5882352941176471,3050,OADMET-0002227
432,OADMET-0005137,4,0.32098765432098764,582,OADMET-0005895
437,OADMET-0004974,4,0.3770491803278688,967,OADMET-0003426
442,OADMET-0001051,4,0.3333333333333333,435,OADMET-0001031
445,OADMET-0003805,4,0.3018867924528302,2525,OADMET-0003611
446,OADMET-0005530,4,0.34285714285714286,636,OADMET-0002866
449,OADMET-0005655,4,0.3815789473684211,2141,OADMET-0001937
471,OADMET-0002937,4,0.28378378378378377,3788,OADMET-0005698
476,OADMET-0005536,4,0.3333333333333333,1174,OADMET-0001881
484,OADMET-0002276,4,0.4146341463414634,3922,OADMET-0002235
491,OADMET-0005553,4,0.39705882352941174,875,OADMET-0004825
494,OADMET-0003388,4,0.42857142857142855,1044,OADMET-0004478
510,OADMET-0003293,4,0.4507042253521127,4071,OADMET-0005066
513,OADMET-0003414,4,0.4383561643835616,4088,OADMET-0003435
514,OADMET-0003120,4,0.36,799,OADMET-0001667
542,OADMET-0001278,4,0.3684210526315789,3264,OADMET-0002226
545,OADMET-0003085,4,0.36,2828,OADMET-0003053
565,OADMET-0002137,4,0.4117647058823529,3349,OADMET-0003645
570,OADMET-0003664,4,0.5476190476190477,3903,OADMET-0003617
578,OADMET-0003679,4,0.3235294117647059,3836,OADMET-0003681
581,OADMET-0003674,4,0.4222222222222222,1006,OADMET-0001923
584,OADMET-0001216,4,0.36923076923076925,2174,OADMET-0001859
592,OADMET-0005886,4,0.4827586206896552,3941,OADMET-0003433
598,OADMET-0005833,4,0.352112676056338,2193,OADMET-0001419
601,OADMET-0003428,4,0.32432432432432434,1639,OADMET-0003071
608,OADMET-0003062,4,0.26865671641791045,1887,OADMET-0004827
612,OADMET-0004567,4,0.4358974358974359,217,OADMET-0002811
621,OADMET-0004923,4,0.5,3514,OADMET-0002716
622,OADMET-0005006,4,0.36666666666666664,1404,OADMET-0003117
629,OADMET-0002683,4,0.35294117647058826,1637,OADMET-0002041
632,OADMET-0005813,4,0.36231884057971014,1639,OADMET-0003071
637,OADMET-0001828,4,0.3181818181818182,386,OADMET-0003318
638,OADMET-0001781,4,0.4090909090909091,1471,OADMET-0001731
642,OADMET-0005864,4,0.34782608695652173,3766,OADMET-0005590
648,OADMET-0001604,4,0.4225352112676056,2982,OADMET-0001719
655,OADMET-0002264,4,0.44680851063829785,1074,OADMET-0003498
667,OADMET-0001918,4,0.42857142857142855,66,OADMET-0002228
669,OADMET-0002592,4,0.3382352941176471,844,OADMET-0002596
670,OADMET-0003111,4,0.3968253968253968,2604,OADMET-0005437
678,OADMET-0003685,4,0.23404255319148937,3050,OADMET-0002227
680,OADMET-0002000,4,0.425,1979,OADMET-0002025
687,OADMET-0004735,4,0.273972602739726,547,OADMET-0002847
689,OADMET-0002778,4,0.3076923076923077,3534,OADMET-0004886
690,OADMET-0005152,4,0.5652173913043478,215,OADMET-0005136
693,OADMET-0001065,4,0.3048780487804878,2902,OADMET-0006038
705,OADMET-0001542,4,0.3283582089552239,1009,OADMET-0005224
720,OADMET-0001173,4,0.3493975903614458,3245,OADMET-0005498
722,OADMET-0004780,4,0.35,2069,OADMET-0002272
726,OADMET-0002879,4,0.32926829268292684,1001,OADMET-0003486
730,OADMET-0001971,4,0.3898305084745763,4024,OADMET-0005364
744,OADMET-0005516,4,0.2676056338028169,2515,OADMET-0005323
762,OADMET-0001013,4,0.38461538461538464,2981,OADMET-0001146
771,OADMET-0001035,4,0.46774193548387094,3429,OADMET-0006018
772,OADMET-0006008,4,0.5076923076923077,1365,OADMET-0003348
778,OADMET-0001944,4,0.5,3281,OADMET-0001974
784,OADMET-0000964,4,0.3384615384615385,2342,OADMET-0001041
785,OADMET-0001093,4,0.43661971830985913,3893,OADMET-0003835
788,OADMET-0001756,4,0.3783783783783784,2437,OADMET-0001647
802,OADMET-0005729,4,0.35064935064935066,3165,OADMET-0003024
807,OADMET-0005033,4,0.4307692307692308,745,OADMET-0004203
820,OADMET-0001358,4,0.2857142857142857,352,OADMET-0001328
824,OADMET-0003119,4,0.3466666666666667,1547,OADMET-0005300
826,OADMET-0001669,4,0.40298507462686567,3065,OADMET-0005861
831,OADMET-0001295,4,0.3484848484848485,3648,OADMET-0001009
832,OADMET-0001241,4,0.3050847457627119,3549,OADMET-0001695
834,OADMET-0000946,4,0.3194444444444444,3640,OADMET-0000943
837,OADMET-0002985,4,0.37681159420289856,1952,OADMET-0004877
838,OADMET-0002696,4,0.33766233766233766,2554,OADMET-0002947
852,OADMET-0003598,4,0.3170731707317073,1429,OADMET-0003573
857,OADMET-0005572,4,0.30434782608695654,55,OADMET-0005525
861,OADMET-0003267,4,0.25316455696202533,915,OADMET-0002881
862,OADMET-0004182,4,0.42592592592592593,641,OADMET-0002296
867,OADMET-0002887,4,0.40229885057471265,2428,OADMET-0005554
889,OADMET-0005305,4,0.3625,3377,OADMET-0004835
893,OADMET-0003214,4,0.2875,2499,OADMET-0003061
901,OADMET-0001189,4,0.2676056338028169,2650,OADMET-0005900
903,OADMET-0005317,4,0.3375,2936,OADMET-0005708
920,OADMET-0002285,4,0.5277777777777778,3138,OADMET-0002213
923,OADMET-0001912,4,0.3392857142857143,2071,OADMET-0001900
927,OADMET-0005619,4,0.32142857142857145,2727,OADMET-0002762
940,OADMET-0001651,4,0.3235294117647059,2087,OADMET-0001579
941,OADMET-0002248,4,0.4523809523809524,1637,OADMET-0002041
948,OADMET-0001445,4,0.2987012987012987,1462,OADMET-0003316
968,OADMET-0002953,4,0.3283582089552239,3091,OADMET-0002587
973,OADMET-0003268,4,0.3026315789473684,579,OADMET-0003518
993,OADMET-0003615,4,0.5490196078431373,3860,OADMET-0003721
1002,OADMET-0003779,4,0.3191489361702128,2139,OADMET-0002167
1003,OADMET-0005639,4,0.36,3322,OADMET-0005573
1005,OADMET-0001879,4,0.5769230769230769,3973,OADMET-0002323
1015,OADMET-0002309,4,0.4583333333333333,187,OADMET-0005927
1028,OADMET-0001826,4,0.5272727272727272,470,OADMET-0001824
1033,OADMET-0002145,4,0.3333333333333333,1459,OADMET-0002188
1036,OADMET-0003516,4,0.2976190476190476,2872,OADMET-0002751
1040,OADMET-0003807,4,0.23076923076923078,3963,OADMET-0005898
1048,OADMET-0004315,4,0.4074074074074074,3357,OADMET-0001908
1050,OADMET-0003699,4,0.2549019607843137,1298,OADMET-0002204
1051,OADMET-0005526,4,0.3108108108108108,3666,OADMET-0003363
1060,OADMET-0002952,4,0.4305555555555556,424,OADMET-0002930
1067,OADMET-0002628,4,0.31645569620253167,1021,OADMET-0003697
1073,OADMET-0002062,4,0.35555555555555557,301,OADMET-0002165
1075,OADMET-0003680,4,0.40816326530612246,1429,OADMET-0003573
1077,OADMET-0002192,4,0.4358974358974359,4007,OADMET-0001932
1099,OADMET-0005508,4,0.24705882352941178,1473,OADMET-0001565
1111,OADMET-0002210,4,0.4523809523809524,3816,OADMET-0002043
1121,OADMET-0005259,4,0.4,246,OADMET-0000994
1123,OADMET-0005988,4,0.45588235294117646,1690,OADMET-0004975
1135,OADMET-0005496,4,0.36065573770491804,1404,OADMET-0003117
1144,OADMET-0003713,4,0.21518987341772153,2176,OADMET-0002154
1154,OADMET-0003200,4,0.3157894736842105,2399,OADMET-0003816
1157,OADMET-0005585,4,0.32857142857142857,2161,OADMET-0005486
1158,OADMET-0005518,4,0.33783783783783783,1267,OADMET-0002928
1159,OADMET-0002093,4,0.5609756097560976,1742,OADMET-0002040
1162,OADMET-0005628,4,0.32857142857142857,3071,OADMET-0002860
1167,OADMET-0001605,4,0.38571428571428573,942,OADMET-0001722
1170,OADMET-0002332,4,0.40625,2775,OADMET-0002131
1173,OADMET-0005086,4,0.3291139240506329,804,OADMET-0006028
1202,OADMET-0005294,4,0.35714285714285715,665,OADMET-0005021
1209,OADMET-0005370,4,0.2638888888888889,3735,OADMET-0002795
1214,OADMET-0002949,4,0.3333333333333333,607,OADMET-0004094
1227,OADMET-0005085,4,0.3150684931506849,2577,OADMET-0002581
1234,OADMET-0005057,4,0.44776119402985076,3962,OADMET-0001072
1248,OADMET-0004629,4,0.39705882352941174,3749,OADMET-0003347
1250,OADMET-0005012,4,0.3787878787878788,286,OADMET-0005102
1253,OADMET-0001672,4,0.3108108108108108,2566,OADMET-0001773
1255,OADMET-0005175,4,0.35384615384615387,169,OADMET-0005178
1259,OADMET-0001816,4,0.4142857142857143,696,OADMET-0001553
1262,OADMET-0001673,4,0.35135135135135137,1039,OADMET-0002635
1265,OADMET-0001010,4,0.29545454545454547,3245,OADMET-0005498
1278,OADMET-0003467,4,0.40298507462686567,3198,OADMET-0004837
1280,OADMET-0004916,4,0.4594594594594595,3695,OADMET-0002736
1283,OADMET-0002087,4,0.20833333333333334,1285,OADMET-0002046
1302,OADMET-0005150,4,0.5076923076923077,1685,OADMET-0002893
1307,OADMET-0005741,4,0.25675675675675674,1312,OADMET-0001960
1308,OADMET-0003360,4,0.2289156626506024,1294,OADMET-0002889
1310,OADMET-0002981,4,0.39436619718309857,912,OADMET-0001863
1314,OADMET-0002176,4,0.5128205128205128,1188,OADMET-0001136
1317,OADMET-0001153,4,0.3783783783783784,3797,OADMET-0001270
1331,OADMET-0001110,4,0.42424242424242425,822,OADMET-0001320
1332,OADMET-0004831,4,0.30985915492957744,3377,OADMET-0004835
1334,OADMET-0005916,4,0.5409836065573771,2327,OADMET-0003041
1338,OADMET-0002722,4,0.42424242424242425,3749,OADMET-0003347
1344,OADMET-0001403,4,0.4305555555555556,620,OADMET-0001393
1345,OADMET-0005442,4,0.42424242424242425,2250,OADMET-0001805
1349,OADMET-0001395,4,0.3472222222222222,2060,OADMET-0006043
1357,OADMET-0002083,4,0.4074074074074074,3900,OADMET-0001899
1361,OADMET-0002543,4,0.32051282051282054,3081,OADMET-0004514
1362,OADMET-0003590,4,0.22826086956521738,3015,OADMET-0003762
1367,OADMET-0005867,4,0.36507936507936506,222,OADMET-0001267
1370,OADMET-0005045,4,0.32142857142857145,2153,OADMET-0005452
1375,OADMET-0003705,4,0.41935483870967744,1021,OADMET-0003697
1379,OADMET-0001145,4,0.38235294117647056,2035,OADMET-0005403
1386,OADMET-0003666,4,0.2830188679245283,1268,OADMET-0002856
1402,OADMET-0002824,4,0.373134328358209,3754,OADMET-0002679
1413,OADMET-0002058,4,0.28888888888888886,1637,OADMET-0002041
1421,OADMET-0002066,4,0.35294117647058826,22,OADMET-0003626
1422,OADMET-0003198,4,0.3076923076923077,3585,OADMET-0001274
1443,OADMET-0005272,4,0.4307692307692308,2379,OADMET-0005265
1445,OADMET-0005670,4,0.39705882352941174,3092,OADMET-0005319
1447,OADMET-0002275,4,0.5555555555555556,1853,OADMET-0001936
1452,OADMET-0001792,4,0.40298507462686567,3582,OADMET-0001778
1454,OADMET-0001012,4,0.37681159420289856,2059,OADMET-0001747
1456,OADMET-0002007,4,0.36363636363636365,2498,OADMET-0002159
1467,OADMET-0002271,4,0.55,739,OADMET-0002016
1470,OADMET-0001095,4,0.3037974683544304,2015,OADMET-0005658
1474,OADMET-0005381,4,0.38961038961038963,3678,OADMET-0004813
1477,OADMET-0005457,4,0.2898550724637681,3818,OADMET-0005636
1488,OADMET-0005582,4,0.3246753246753247,1502,OADMET-0001006
1489,OADMET-0006006,4,0.410958904109589,278,OADMET-0004712
1499,OADMET-0005787,4,0.32857142857142857,3648,OADMET-0001009
1500,OADMET-0003315,4,0.38461538461538464,1751,OADMET-0005094
1508,OADMET-0004372,4,0.43548387096774194,1565,OADMET-0004207
1511,OADMET-0001558,4,0.44285714285714284,3382,OADMET-0001599
1512,OADMET-0002609,4,0.2857142857142857,2530,OADMET-0005786
1515,OADMET-0002190,4,0.375,3063,OADMET-0001909
1519,OADMET-0002576,4,0.3246753246753247,1348,OADMET-0001374
1523,OADMET-0002665,4,0.2804878048780488,1589,OADMET-0003164
1526,OADMET-0001415,4,0.37333333333333335,3354,OADMET-0001209
1527,OADMET-0001109,4,0.3939393939393939,3396,OADMET-0001115
1531,OADMET-0002209,4,0.5641025641025641,377,OADMET-0002045
1533,OADMET-0000971,4,0.30666666666666664,3423,OADMET-0001313
1537,OADMET-0005528,4,0.2987012987012987,1146,OADMET-0003144
1540,OADMET-0002201,4,0.5142857142857142,1603,OADMET-0002252
1541,OADMET-0002939,4,0.30434782608695654,664,OADMET-0004757
1552,OADMET-0002715,4,0.3484848484848485,3579,OADMET-0002813
1578,OADMET-0001973,4,0.5686274509803921,3050,OADMET-0002227
1581,OADMET-0005119,4,0.4,946,OADMET-0005228
1584,OADMET-0003152,4,0.3188405797101449,1486,OADMET-0005423
1588,OADMET-0005338,4,0.2808988764044944,3964,OADMET-0005047
1591,OADMET-0002804,4,0.2535211267605634,1876,OADMET-0002005
1593,OADMET-0002673,4,0.3488372093023256,1871,OADMET-0005980
1600,OADMET-0004984,4,0.4915254237288136,1323,OADMET-0003163
1605,OADMET-0003554,4,0.25925925925925924,3696,OADMET-0001916
1624,OADMET-0003042,4,0.3103448275862069,2838,OADMET-0001725
1626,OADMET-0002129,4,0.3333333333333333,3587,OADMET-0001925
1629,OADMET-0002169,4,0.4230769230769231,561,OADMET-0002280
1641,OADMET-0001720,4,0.45454545454545453,2982,OADMET-0001719
1653,OADMET-0002132,4,0.35135135135135137,455,OADMET-0002152
1656,OADMET-0005950,4,0.3466666666666667,944,OADMET-0002730
1664,OADMET-0005386,4,0.31746031746031744,1756,OADMET-0002735
1672,OADMET-0004927,4,0.3253012048192771,3661,OADMET-0001878
1683,OADMET-0002274,4,0.5,3264,OADMET-0002226
1691,OADMET-0003150,4,0.3132530120481928,995,OADMET-0004752
1697,OADMET-0001066,4,0.3424657534246575,2595,OADMET-0000953
1699,OADMET-0001624,4,0.3055555555555556,4066,OADMET-0001748
1707,OADMET-0001517,4,0.38571428571428573,238,OADMET-0001864
1710,OADMET-0005037,4,0.4852941176470588,1761,OADMET-0003342
1716,OADMET-0003677,4,0.45,1563,OADMET-0003753
1718,OADMET-0003160,4,0.4925373134328358,1437,OADMET-0003166
1727,OADMET-0001253,4,0.3114754098360656,827,OADMET-0002056
1729,OADMET-0005436,4,0.2898550724637681,3003,OADMET-0003270
1732,OADMET-0001972,4,0.47692307692307695,976,OADMET-0002216
1738,OADMET-0005161,4,0.323943661971831,3393,OADMET-0005947
1746,OADMET-0002325,4,0.34146341463414637,3357,OADMET-0001908
1748,OADMET-0004701,4,0.36507936507936506,1607,OADMET-0002035
1750,OADMET-0002082,4,0.325,377,OADMET-0002045
1762,OADMET-0003670,4,0.22033898305084745,3687,OADMET-0002553
1772,OADMET-0002196,4,0.43333333333333335,1373,OADMET-0003613
1774,OADMET-0003027,4,0.2318840579710145,651,OADMET-0003054
1778,OADMET-0002982,4,0.3918918918918919,68,OADMET-0000952
1785,OADMET-0004313,4,0.37681159420289856,3977,OADMET-0003527
1786,OADMET-0002191,4,0.5675675675675675,4007,OADMET-0001932
1798,OADMET-0002128,4,0.28205128205128205,1826,OADMET-0002100
1807,OADMET-0002231,4,0.47058823529411764,1874,OADMET-0001976
1808,OADMET-0002138,4,0.40625,3512,OADMET-0002114
1810,OADMET-0002069,4,0.29545454545454547,3816,OADMET-0002043
1817,OADMET-0002999,4,0.4166666666666667,1069,OADMET-0002656
1819,OADMET-0005082,4,0.3108108108108108,3516,OADMET-0002729
1825,OADMET-0002298,4,0.39473684210526316,3050,OADMET-0002227
1835,OADMET-0002692,4,0.3424657534246575,3152,OADMET-0002706
1837,OADMET-0002701,4,0.30666666666666664,116,OADMET-0004577
1838,OADMET-0001281,4,0.23255813953488372,3915,OADMET-0001221
1839,OADMET-0002757,4,0.4426229508196721,3487,OADMET-0002744
1847,OADMET-0002312,4,0.43902439024390244,938,OADMET-0003712
1848,OADMET-0003628,4,0.26666666666666666,4124,OADMET-0001904
1857,OADMET-0005285,4,0.3835616438356164,2183,OADMET-0002996
1878,OADMET-0005983,4,0.2753623188405797,4123,OADMET-0001511
1879,OADMET-0005777,4,0.36363636363636365,517,OADMET-0001587
1883,OADMET-0004750,4,0.46875,1627,OADMET-0005953
1891,OADMET-0001921,4,0.49019607843137253,739,OADMET-0002016
1900,OADMET-0002752,4,0.42857142857142855,625,OADMET-0002838
1905,OADMET-0006083,4,0.3048780487804878,2965,OADMET-0001450
1919,OADMET-0000955,4,0.3384615384615385,933,OADMET-0004267
1921,OADMET-0002219,4,0.4782608695652174,561,OADMET-0002280
1922,OADMET-0003168,4,0.34523809523809523,1547,OADMET-0005300
1938,OADMET-0003294,4,0.421875,1274,OADMET-0005857
1941,OADMET-0005960,4,0.2875,524,OADMET-0001874
1943,OADMET-0002164,4,0.5853658536585366,572,OADMET-0002020
1944,OADMET-0005068,4,0.2727272727272727,1614,OADMET-0005277
1951,OADMET-0001030,4,0.41025641025641024,3394,OADMET-0000974
1973,OADMET-0001481,4,0.35064935064935066,989,OADMET-0002019
1974,OADMET-0002307,4,0.3333333333333333,118,OADMET-0002073
1976,OADMET-0003252,4,0.2714285714285714,3476,OADMET-0006073
1982,OADMET-0004760,4,0.5517241379310345,695,OADMET-0005226
1984,OADMET-0002243,4,0.4782608695652174,561,OADMET-0002280
1989,OADMET-0003668,4,0.3125,3357,OADMET-0001908
1990,OADMET-0004047,4,0.2465753424657534,3715,OADMET-0001124
2009,OADMET-0005320,4,0.29577464788732394,1169,OADMET-0005764
2014,OADMET-0003141,4,0.34375,1351,OADMET-0005712
2028,OADMET-0005462,4,0.36764705882352944,3296,OADMET-0003159
2029,OADMET-0003175,4,0.3717948717948718,1114,OADMET-0004710
2034,OADMET-0002214,4,0.4883720930232558,548,OADMET-0001961
2036,OADMET-0005694,4,0.3875,1029,OADMET-0005761
2046,OADMET-0002232,4,0.4857142857142857,1667,OADMET-0002240
2061,OADMET-0001340,4,0.27419354838709675,3650,OADMET-0005647
2072,OADMET-0002969,4,0.5074626865671642,427,OADMET-0002916
2074,OADMET-0004917,4,0.328125,2919,OADMET-0004210
2099,OADMET-0002310,4,0.40540540540540543,322,OADMET-0002236
2110,OADMET-0005758,4,0.29577464788732394,3423,OADMET-0001313
2113,OADMET-0003221,4,0.4473684210526316,367,OADMET-0003323
2121,OADMET-0001776,4,0.43243243243243246,2969,OADMET-0001661
2122,OADMET-0005479,4,0.38571428571428573,582,OADMET-0005895
2131,OADMET-0005837,4,0.4411764705882353,1794,OADMET-0002599
2134,OADMET-0001338,4,0.40540540540540543,1306,OADMET-0001342
2144,OADMET-0004903,4,0.3548387096774194,2644,OADMET-0002688
2154,OADMET-0001597,4,0.3484848484848485,1078,OADMET-0001749
2157,OADMET-0005412,4,0.2948717948717949,2847,OADMET-0003016
2167,OADMET-0004745,4,0.2807017543859649,979,OADMET-0002261
2169,OADMET-0005115,4,0.23529411764705882,4116,OADMET-0005351
2170,OADMET-0004294,4,0.4852941176470588,2765,OADMET-0004566
2180,OADMET-0001903,4,0.5333333333333333,878,OADMET-0002299
2186,OADMET-0002802,4,0.25842696629213485,528,OADMET-0004694
2192,OADMET-0002086,4,0.2571428571428571,641,OADMET-0002296
2195,OADMET-0002050,4,0.41379310344827586,2846,OADMET-0002091
2200,OADMET-0003329,4,0.23170731707317074,143,OADMET-0004958
2206,OADMET-0001588,4,0.39344262295081966,1668,OADMET-0001759
2218,OADMET-0003547,4,0.45161290322580644,3671,OADMET-0003717
2219,OADMET-0002631,4,0.35135135135135137,2802,OADMET-0004053
2223,OADMET-0004811,4,0.3548387096774194,572,OADMET-0002020
2228,OADMET-0002079,4,0.3684210526315789,3349,OADMET-0003645
2231,OADMET-0006049,4,0.32941176470588235,594,OADMET-0003196
2233,OADMET-0001888,4,0.48214285714285715,3776,OADMET-0002316
2240,OADMET-0001872,4,0.2708333333333333,1979,OADMET-0002025
2241,OADMET-0001498,4,0.35135135135135137,139,OADMET-0005829
2242,OADMET-0001406,4,0.4935064935064935,1576,OADMET-0001410
2246,OADMET-0004349,4,0.3611111111111111,799,OADMET-0001667
2249,OADMET-0005248,4,0.3902439024390244,2999,OADMET-0002676
2256,OADMET-0002130,4,0.4,301,OADMET-0002165
2258,OADMET-0005918,4,0.34177215189873417,3141,OADMET-0004205
2260,OADMET-0002666,4,0.27380952380952384,3223,OADMET-0003010
2261,OADMET-0004746,4,0.34615384615384615,3716,OADMET-0002589
2281,OADMET-0001760,4,0.3424657534246575,1058,OADMET-0001585
2284,OADMET-0002562,4,0.3472222222222222,539,OADMET-0002551
2285,OADMET-0003493,4,0.29411764705882354,2981,OADMET-0001146
2298,OADMET-0002156,4,0.5,1663,OADMET-0002270
2299,OADMET-0004804,4,0.38461538461538464,3482,OADMET-0005445
2313,OADMET-0002142,4,0.48,561,OADMET-0002280
2320,OADMET-0003455,4,0.32894736842105265,856,OADMET-0002563
2321,OADMET-0001077,4,0.4307692307692308,2151,OADMET-0001108
2335,OADMET-0002074,4,0.375,2410,OADMET-0002076
2339,OADMET-0003372,4,0.5344827586206896,2644,OADMET-0002688
2341,OADMET-0003614,4,0.3559322033898305,1730,OADMET-0001617
2351,OADMET-0002124,4,0.42857142857142855,1006,OADMET-0001923
2369,OADMET-0003245,4,0.2878787878787879,34,OADMET-0003399
2389,OADMET-0005996,4,0.36231884057971014,4071,OADMET-0005066
2390,OADMET-0005799,4,0.3466666666666667,3620,OADMET-0005427
2397,OADMET-0005168,4,0.32926829268292684,1844,OADMET-0002707
2401,OADMET-0004890,4,0.32894736842105265,217,OADMET-0002811
2413,OADMET-0002161,4,0.32,2410,OADMET-0002076
2416,OADMET-0002205,4,0.5757575757575758,1660,OADMET-0001882
2417,OADMET-0002067,4,0.2857142857142857,2364,OADMET-0002049
2432,OADMET-0005850,4,0.3582089552238806,246,OADMET-0000994
2440,OADMET-0005592,4,0.37037037037037035,1669,OADMET-0005407
2442,OADMET-0002578,4,0.36923076923076925,543,OADMET-0006048
2449,OADMET-0002619,4,0.32432432432432434,3878,OADMET-0003431
2452,OADMET-0001492,4,0.3614457831325301,2303,OADMET-0005331
2453,OADMET-0004921,4,0.5774647887323944,285,OADMET-0004588
2462,OADMET-0003545,4,0.24358974358974358,1291,OADMET-0006013
2479,OADMET-0003178,4,0.35064935064935066,2800,OADMET-0001601
2480,OADMET-0002329,4,0.45714285714285713,1108,OADMET-0002288
2485,OADMET-0002302,4,0.34,1319,OADMET-0001277
2494,OADMET-0003438,4,0.46774193548387094,1352,OADMET-0005004
2497,OADMET-0001740,4,0.4603174603174603,3582,OADMET-0001778
2501,OADMET-0006085,4,0.275,2927,OADMET-0004814
2509,OADMET-0003040,4,0.2835820895522388,3005,OADMET-0002574
2520,OADMET-0002591,4,0.46875,1721,OADMET-0005771
2521,OADMET-0005242,4,0.37662337662337664,3304,OADMET-0005981
2532,OADMET-0003157,4,0.4155844155844156,2858,OADMET-0002806
2533,OADMET-0001346,4,0.31645569620253167,3879,OADMET-0001312
2534,OADMET-0005623,4,0.4583333333333333,1117,OADMET-0001817
2537,OADMET-0003804,4,0.30158730158730157,921,OADMET-0003799
2544,OADMET-0002222,4,0.30612244897959184,3264,OADMET-0002226
2545,OADMET-0002277,4,0.4444444444444444,3138,OADMET-0002213
2548,OADMET-0001967,4,0.3023255813953488,3884,OADMET-0003768
2565,OADMET-0003513,4,0.38028169014084506,2741,OADMET-0003296
2568,OADMET-0005036,4,0.2714285714285714,1468,OADMET-0005822
2569,OADMET-0005296,4,0.41333333333333333,1907,OADMET-0005770
2570,OADMET-0002251,4,0.42105263157894735,3467,OADMET-0002259
2583,OADMET-0003561,4,0.3,3615,OADMET-0005816
2588,OADMET-0005140,4,0.43283582089552236,457,OADMET-0005157
2611,OADMET-0000992,4,0.3918918918918919,1703,OADMET-0005912
2620,OADMET-0005061,4,0.43478260869565216,1197,OADMET-0005343
2622,OADMET-0003823,4,0.345679012345679,4045,OADMET-0002624
2634,OADMET-0002273,4,0.43478260869565216,3587,OADMET-0001925
2636,OADMET-0003367,4,0.532258064516129,3296,OADMET-0003159
2640,OADMET-0003624,4,0.21875,222,OADMET-0001267
2663,OADMET-0003659,4,0.23333333333333334,3506,OADMET-0003430
2664,OADMET-0003028,4,0.36,2409,OADMET-0005825
2668,OADMET-0002694,4,0.4714285714285714,2918,OADMET-0002743
2671,OADMET-0005096,4,0.323943661971831,3386,OADMET-0005768
2685,OADMET-0004297,4,0.3287671232876712,3960,OADMET-0004978
2686,OADMET-0005803,4,0.4,3375,OADMET-0003151
2690,OADMET-0002022,4,0.3333333333333333,868,OADMET-0001949
2695,OADMET-0005920,4,0.3076923076923077,3616,OADMET-0001448
2704,OADMET-0005463,4,0.5660377358490566,812,OADMET-0002884
2719,OADMET-0003405,4,0.4,3571,OADMET-0002922
2731,OADMET-0001819,4,0.29411764705882354,1799,OADMET-0001688
2734,OADMET-0001434,4,0.28,243,OADMET-0002745
2752,OADMET-0005699,4,0.3076923076923077,2823,OADMET-0001427
2758,OADMET-0001154,4,0.3835616438356164,2030,OADMET-0001226
2759,OADMET-0002558,4,0.3698630136986301,3700,OADMET-0005276
2768,OADMET-0002560,4,0.32894736842105265,1046,OADMET-0003340
2779,OADMET-0001426,4,0.46153846153846156,498,OADMET-0001451
2783,OADMET-0002224,4,0.5277777777777778,1876,OADMET-0002005
2785,OADMET-0001641,4,0.38571428571428573,457,OADMET-0005157
2801,OADMET-0002085,4,0.3125,3577,OADMET-0002324
2814,OADMET-0003491,4,0.3382352941176471,1122,OADMET-0003474
2819,OADMET-0003760,4,0.28,4072,OADMET-0003650
2824,OADMET-0002081,4,0.375,3357,OADMET-0001908
2826,OADMET-0003723,4,0.27380952380952384,4038,OADMET-0003606
2833,OADMET-0005475,4,0.5964912280701754,3301,OADMET-0003410
2836,OADMET-0003406,4,0.3448275862068966,3647,OADMET-0004239
2837,OADMET-0001337,4,0.35135135135135137,914,OADMET-0005499
2839,OADMET-0002702,4,0.417910447761194,135,OADMET-0005167
2845,OADMET-0005693,4,0.3333333333333333,1387,OADMET-0001148
2848,OADMET-0001708,4,0.45454545454545453,1706,OADMET-0003556
2851,OADMET-0003828,4,0.24691358024691357,1711,OADMET-0001525
2865,OADMET-0003631,4,0.28169014084507044,3375,OADMET-0003151
2871,OADMET-0001596,4,0.43661971830985913,3123,OADMET-0001594
2873,OADMET-0005775,4,0.2972972972972973,1896,OADMET-0005925
2885,OADMET-0001802,4,0.35,748,OADMET-0001769
2887,OADMET-0000980,4,0.3972602739726027,2875,OADMET-0001024
2897,OADMET-0002670,4,0.4090909090909091,1936,OADMET-0005897
2903,OADMET-0001218,4,0.3548387096774194,4130,OADMET-0000982
2911,OADMET-0002229,4,0.59375,627,OADMET-0002218
2913,OADMET-0003260,4,0.3055555555555556,3327,OADMET-0005531
2915,OADMET-0006011,4,0.29577464788732394,229,OADMET-0005184
2935,OADMET-0002212,4,0.5555555555555556,2628,OADMET-0001919
2938,OADMET-0001233,4,0.3333333333333333,2809,OADMET-0002938
2944,OADMET-0001099,4,0.25806451612903225,3386,OADMET-0005768
2947,OADMET-0003300,4,0.4375,2031,OADMET-0005676
2949,OADMET-0004345,4,0.3333333333333333,2475,OADMET-0004176
2952,OADMET-0003708,4,0.25862068965517243,1,OADMET-0005789
2959,OADMET-0003251,4,0.3950617283950617,2632,OADMET-0004896
2971,OADMET-0003402,4,0.4107142857142857,174,OADMET-0001199
2977,OADMET-0002063,4,0.25,1455,OADMET-0005631
2989,OADMET-0001029,4,0.37142857142857144,1200,OADMET-0001075
2990,OADMET-0004876,4,0.2727272727272727,299,OADMET-0003994
2993,OADMET-0003540,4,0.3888888888888889,3590,OADMET-0003223
2996,OADMET-0002301,4,0.4186046511627907,1035,OADMET-0001933
3009,OADMET-0002934,4,0.3108108108108108,2691,OADMET-0001447
3010,OADMET-0005717,4,0.3283582089552239,574,OADMET-0000931
3012,OADMET-0004101,4,0.375,1208,OADMET-0003377
3013,OADMET-0001746,4,0.48333333333333334,3734,OADMET-0001613
3018,OADMET-0002182,4,0.5806451612903226,1603,OADMET-0002252
3026,OADMET-0002146,4,0.4375,1312,OADMET-0001960
3028,OADMET-0003754,4,0.29310344827586204,1730,OADMET-0001617
3030,OADMET-0004911,4,0.28378378378378377,1756,OADMET-0002735
3042,OADMET-0001368,4,0.4246575342465753,2114,OADMET-0003081
3053,OADMET-0002864,4,0.3230769230769231,253,OADMET-0003394
3064,OADMET-0001262,4,0.4426229508196721,3277,OADMET-0001054
3068,OADMET-0002177,4,0.5,3138,OADMET-0002213
3070,OADMET-0001424,4,0.36619718309859156,2058,OADMET-0004731
3072,OADMET-0004273,4,0.2875,3180,OADMET-0003436
3082,OADMET-0004783,4,0.3225806451612903,536,OADMET-0004868
3083,OADMET-0003654,4,0.3392857142857143,2047,OADMET-0005702
3084,OADMET-0001377,4,0.3625,1183,OADMET-0004892
3089,OADMET-0001633,4,0.4393939393939394,3187,OADMET-0001581
3094,OADMET-0001219,4,0.4696969696969697,2304,OADMET-0003407
3097,OADMET-0000958,4,0.4230769230769231,3585,OADMET-0001274
3109,OADMET-0002935,4,0.37333333333333335,723,OADMET-0001408
3113,OADMET-0002903,4,0.40384615384615385,3696,OADMET-0001916
3122,OADMET-0001044,4,0.2676056338028169,1226,OADMET-0001331
3124,OADMET-0001022,4,0.3561643835616438,383,OADMET-0000985
3131,OADMET-0002287,4,0.5806451612903226,1603,OADMET-0002252
3132,OADMET-0006015,4,0.38095238095238093,1871,OADMET-0005980
3137,OADMET-0003105,4,0.27631578947368424,1444,OADMET-0004935
3147,OADMET-0003476,4,0.4444444444444444,995,OADMET-0004752
3155,OADMET-0005193,4,0.3333333333333333,1354,OADMET-0003011
3156,OADMET-0005513,4,0.3157894736842105,3357,OADMET-0001908
3161,OADMET-0002303,4,0.5806451612903226,1603,OADMET-0002252
3167,OADMET-0002258,4,0.5142857142857142,843,OADMET-0002282
3172,OADMET-0002193,4,0.4716981132075472,897,OADMET-0001997
3181,OADMET-0004153,4,0.35526315789473684,1449,OADMET-0002769
3188,OADMET-0003682,4,0.3148148148148148,1268,OADMET-0002856
3189,OADMET-0002136,4,0.3673469387755102,2141,OADMET-0001937
3194,OADMET-0002570,4,0.3611111111111111,2286,OADMET-0002886
3208,OADMET-0002115,4,0.3611111111111111,1660,OADMET-0001882
3211,OADMET-0002110,4,0.3684210526315789,3349,OADMET-0003645
3216,OADMET-0002337,4,0.203125,466,OADMET-0002644
3217,OADMET-0005451,4,0.28125,3391,OADMET-0005001
3222,OADMET-0004866,4,0.33783783783783783,1685,OADMET-0002893
3224,OADMET-0004004,4,0.5,1114,OADMET-0004710
3225,OADMET-0001914,4,0.4375,2628,OADMET-0001919
3226,OADMET-0001116,4,0.4383561643835616,754,OADMET-0001100
3227,OADMET-0003661,4,0.3023255813953488,4072,OADMET-0003650
3230,OADMET-0001229,4,0.36923076923076925,28,OADMET-0001202
3237,OADMET-0003246,4,0.4126984126984127,2031,OADMET-0005676
3241,OADMET-0001618,4,0.34285714285714286,1389,OADMET-0001660
3251,OADMET-0006050,4,0.3611111111111111,2820,OADMET-0002754
3256,OADMET-0002230,4,0.41935483870967744,634,OADMET-0002237
3257,OADMET-0004904,4,0.4393939393939394,960,OADMET-0004754
3266,OADMET-0002157,4,0.36,561,OADMET-0002280
3269,OADMET-0001385,4,0.5342465753424658,4086,OADMET-0001376
3283,OADMET-0001333,4,0.39655172413793105,2981,OADMET-0001146
3285,OADMET-0005148,4,0.31343283582089554,536,OADMET-0004868
3290,OADMET-0004930,4,0.28169014084507044,3719,OADMET-0001306
3299,OADMET-0001813,4,0.3898305084745763,2575,OADMET-0001643
3303,OADMET-0005934,4,0.34,235,OADMET-0002123
3310,OADMET-0003676,4,0.19047619047619047,96,OADMET-0003662
3332,OADMET-0000995,4,0.34328358208955223,1231,OADMET-0002738
3340,OADMET-0001966,4,0.3188405797101449,3166,OADMET-0003264
3341,OADMET-0005739,4,0.35,803,OADMET-0005268
3342,OADMET-0005308,4,0.3,829,OADMET-0001920
3364,OADMET-0003538,4,0.38461538461538464,161,OADMET-0002095
3370,OADMET-0002616,4,0.36363636363636365,3246,OADMET-0003331
3371,OADMET-0001356,4,0.42857142857142855,1888,OADMET-0003051
3389,OADMET-0005314,4,0.3194444444444444,18,OADMET-0005719
3399,OADMET-0004305,4,0.36363636363636365,3926,OADMET-0002018
3403,OADMET-0002027,4,0.45098039215686275,3232,OADMET-0002028
3411,OADMET-0001017,4,0.3466666666666667,104,OADMET-0005955
3416,OADMET-0001630,4,0.44285714285714284,1757,OADMET-0001642
3418,OADMET-0004926,4,0.4142857142857143,985,OADMET-0005232
3419,OADMET-0003740,4,0.23300970873786409,1796,OADMET-0003771
3421,OADMET-0003675,4,0.24324324324324326,291,OADMET-0002181
3426,OADMET-0005997,4,0.36764705882352944,4124,OADMET-0001904
3434,OADMET-0003029,4,0.36764705882352944,4102,OADMET-0001992
3442,OADMET-0003671,4,0.3783783783783784,2628,OADMET-0001919
3456,OADMET-0004867,4,0.35294117647058826,2017,OADMET-0005083
3459,OADMET-0003012,4,0.25675675675675674,2936,OADMET-0005708
3468,OADMET-0002097,4,0.45454545454545453,161,OADMET-0002095
3472,OADMET-0003344,4,0.4666666666666667,2472,OADMET-0002542
3473,OADMET-0001887,4,0.5172413793103449,1779,OADMET-0004014
3480,OADMET-0003770,4,0.2682926829268293,3884,OADMET-0003768
3494,OADMET-0003629,4,0.2833333333333333,2205,OADMET-0003596
3495,OADMET-0002112,4,0.38095238095238093,3349,OADMET-0003645
3502,OADMET-0002262,4,0.36,561,OADMET-0002280
3507,OADMET-0001656,4,0.40625,4114,OADMET-0001763
3526,OADMET-0002788,4,0.3333333333333333,987,OADMET-0001223
3529,OADMET-0003738,4,0.26506024096385544,187,OADMET-0005927
3537,OADMET-0003583,4,0.3181818181818182,1924,OADMET-0003783
3539,OADMET-0005098,4,0.5,3630,OADMET-0003365
3541,OADMET-0005270,4,0.3548387096774194,1004,OADMET-0001081
3552,OADMET-0003763,4,0.2153846153846154,707,OADMET-0001107
3562,OADMET-0005018,4,0.3880597014925373,1904,OADMET-0002970
3572,OADMET-0003715,4,0.17142857142857143,3015,OADMET-0003762
3574,OADMET-0003543,4,0.3333333333333333,1169,OADMET-0005764
3575,OADMET-0002612,4,0.29333333333333333,988,OADMET-0005106
3580,OADMET-0003063,4,0.32051282051282054,866,OADMET-0001323
3586,OADMET-0003792,4,0.4714285714285714,818,OADMET-0003544
3589,OADMET-0002111,4,0.4375,3512,OADMET-0002114
3600,OADMET-0002304,4,0.34210526315789475,287,OADMET-0001996
3607,OADMET-0000998,4,0.34177215189873417,1306,OADMET-0001342
3625,OADMET-0003383,4,0.33766233766233766,3384,OADMET-0003362
3644,OADMET-0005202,4,0.3,3348,OADMET-0005903
3682,OADMET-0002064,4,0.36666666666666664,2717,OADMET-0002104
3683,OADMET-0001822,4,0.4,3953,OADMET-0001494
3685,OADMET-0003075,4,0.3888888888888889,3319,OADMET-0001330
3692,OADMET-0005483,4,0.3880597014925373,3750,OADMET-0005250
3711,OADMET-0002180,4,0.2916666666666667,3742,OADMET-0002153
3717,OADMET-0005246,4,0.3493975903614458,285,OADMET-0004588
3727,OADMET-0002239,4,0.4864864864864865,3050,OADMET-0002227
3733,OADMET-0002660,4,0.2465753424657534,253,OADMET-0003394
3737,OADMET-0005733,4,0.31645569620253167,2088,OADMET-0005906
3739,OADMET-0002306,4,0.5294117647058824,527,OADMET-0001870
3764,OADMET-0003961,4,0.40298507462686567,1559,OADMET-0004856
3777,OADMET-0001595,4,0.3380281690140845,1869,OADMET-0001644
3791,OADMET-0006078,4,0.3235294117647059,2286,OADMET-0002886
3794,OADMET-0002699,4,0.3181818181818182,4021,OADMET-0005673
3799,OADMET-0002313,4,0.38095238095238093,1188,OADMET-0001136
3803,OADMET-0006036,4,0.5223880597014925,613,OADMET-0006072
3806,OADMET-0002764,4,0.4057971014492754,908,OADMET-0001079
3812,OADMET-0005924,4,0.5967741935483871,3388,OADMET-0005905
3814,OADMET-0003755,4,0.3076923076923077,1543,OADMET-0001510
3824,OADMET-0005679,4,0.3181818181818182,2363,OADMET-0001070
3832,OADMET-0002260,4,0.5476190476190477,3191,OADMET-0001894
3838,OADMET-0005811,4,0.2894736842105263,1630,OADMET-0003263
3839,OADMET-0006058,4,0.39344262295081966,1751,OADMET-0005094
3850,OADMET-0005371,4,0.5066666666666667,3961,OADMET-0006039
3866,OADMET-0001911,4,0.3392857142857143,2071,OADMET-0001900
3871,OADMET-0005468,4,0.44776119402985076,2393,OADMET-0005942
3883,OADMET-0004065,4,0.46153846153846156,703,OADMET-0004402
3896,OADMET-0005347,4,0.4025974025974026,2423,OADMET-0003369
3897,OADMET-0002319,4,0.4444444444444444,3232,OADMET-0002028
3901,OADMET-0003739,4,0.34615384615384615,755,OADMET-0001144
3902,OADMET-0003224,4,0.3142857142857143,3647,OADMET-0004239
3904,OADMET-0006056,4,0.33783783783783783,2765,OADMET-0004566
3905,OADMET-0001533,4,0.2727272727272727,796,OADMET-0001690
3906,OADMET-0003339,4,0.26229508196721313,3177,OADMET-0001626
3911,OADMET-0004021,4,0.36363636363636365,142,OADMET-0003914
3917,OADMET-0002725,4,0.4444444444444444,2094,OADMET-0005223
3918,OADMET-0001308,4,0.43548387096774194,1194,OADMET-0001273
3920,OADMET-0003285,4,0.35802469135802467,1644,OADMET-0003411
3923,OADMET-0001222,4,0.31746031746031744,1846,OADMET-0003809
3930,OADMET-0002030,4,0.4098360655737705,1590,OADMET-0005258
3934,OADMET-0001288,4,0.3684210526315789,908,OADMET-0001079
3944,OADMET-0003030,4,0.32941176470588235,1744,OADMET-0006029
3945,OADMET-0002173,4,0.38636363636363635,1188,OADMET-0001136
3946,OADMET-0004878,4,0.44,3813,OADMET-0000989
3949,OADMET-0001743,4,0.47058823529411764,4050,OADMET-0001612
3959,OADMET-0002559,4,0.391304347826087,1761,OADMET-0003342
3969,OADMET-0001954,4,0.38333333333333336,1399,OADMET-0001871
3971,OADMET-0003037,4,0.28,1956,OADMET-0001892
3972,OADMET-0004806,4,0.39285714285714285,152,OADMET-0000968
3975,OADMET-0001646,4,0.36619718309859156,4030,OADMET-0001751
3985,OADMET-0002078,4,0.42105263157894735,1979,OADMET-0002025
3988,OADMET-0001431,4,0.2702702702702703,3475,OADMET-0001404
3989,OADMET-0003288,4,0.25,412,OADMET-0005548
3991,OADMET-0005970,4,0.45714285714285713,2843,OADMET-0004642
4000,OADMET-0002171,4,0.48148148148148145,634,OADMET-0002237
4005,OADMET-0004845,4,0.3048780487804878,388,OADMET-0005327
4006,OADMET-0001986,4,0.3333333333333333,561,OADMET-0002280
4012,OADMET-0004789,4,0.391304347826087,2741,OADMET-0003296
4016,OADMET-0005527,4,0.32098765432098764,1380,OADMET-0003187
4023,OADMET-0003971,4,0.5396825396825397,1267,OADMET-0002928
4028,OADMET-0002289,4,0.5806451612903226,1603,OADMET-0002252
4039,OADMET-0005748,4,0.2894736842105263,836,OADMET-0002863
4041,OADMET-0002163,4,0.5,828,OADMET-0001857
4055,OADMET-0001129,4,0.32786885245901637,981,OADMET-0002044
4056,OADMET-0002120,4,0.34545454545454546,2474,OADMET-0001877
4062,OADMET-0005904,4,0.4153846153846154,3308,OADMET-0003487
4064,OADMET-0001513,4,0.28,3849,OADMET-0002059
4076,OADMET-0003584,4,0.2903225806451613,4072,OADMET-0003650
4080,OADMET-0004498,4,0.33783783783783783,1784,OADMET-0005688
4092,OADMET-0003579,4,0.22321428571428573,1229,OADMET-0002606
4093,OADMET-0005121,4,0.358974358974359,2740,OADMET-0005669
4098,OADMET-0005668,4,0.3283582089552239,1820,OADMET-0001495
4099,OADMET-0001352,4,0.42424242424242425,3558,OADMET-0000970
4101,OADMET-0002060,4,0.38461538461538464,560,OADMET-0006057
4104,OADMET-0002668,4,0.2631578947368421,2332,OADMET-0006020
4112,OADMET-0003077,4,0.3157894736842105,781,OADMET-0001076
4119,OADMET-0003358,4,0.3333333333333333,359,OADMET-0001804
4126,OADMET-0000997,4,0.32941176470588235,2809,OADMET-0002938
4128,OADMET-0005309,4,0.3384615384615385,676,OADMET-0004989
