fold,seed,epoch,train_loss,validation_loss,validation_mae,validation_spearman,learning_rate,gradient_norm_last_batch,screen_learning_rate
0,42,1,0.34821473224140775,0.3295363485813141,0.85902482526934,0.39699784768521673,1e-05,0.9732981324195862,1e-05
0,42,2,0.33208513352358454,0.3156126141548157,0.8318763980330993,0.40186066661882675,1e-05,0.7579099535942078,1e-05
0,42,3,0.31939670179491847,0.30502989888191223,0.8126691549191468,0.40520912743546555,1e-05,0.3050018846988678,1e-05
0,42,4,0.30984328793031035,0.297481894493103,0.7982147951746286,0.40831196846330314,1e-05,0.6821900010108948,1e-05
0,42,5,0.3029196946977455,0.2922922670841217,0.7879046086687764,0.4114472729045256,1e-05,0.46215057373046875,1e-05
0,42,6,0.2980610184357545,0.2889408469200134,0.7814657192294459,0.4142826715156753,1e-05,0.338064044713974,1e-05
0,42,7,0.2946843268046869,0.28681570291519165,0.7779390468034417,0.41705127965965744,1e-05,0.25295311212539673,1e-05
0,42,8,0.2922557081908823,0.28548741340637207,0.7757913715158786,0.41921540702292703,1e-05,0.2975824475288391,1e-05
0,42,9,0.2905651029248104,0.2844579815864563,0.7741239854594603,0.42165284827209554,1e-05,0.18159569799900055,1e-05
0,42,10,0.2892339883452264,0.2836601138114929,0.7729261113018641,0.4235972864989837,1e-05,0.3464684784412384,1e-05
0,42,11,0.2881623988285243,0.28298527002334595,0.7719195270916179,0.4256440245563223,1e-05,0.4090648889541626,1e-05
0,42,12,0.2872263094643566,0.2823629677295685,0.7708926021771311,0.42752644163233006,1e-05,0.34582868218421936,1e-05
0,42,13,0.286406291244186,0.28180673718452454,0.769948413313602,0.4296082481917819,1e-05,0.20927706360816956,1e-05
0,42,14,0.2855952159043784,0.2812274992465973,0.7689616775747993,0.43139614062523646,1e-05,0.12453113496303558,1e-05
0,42,15,0.2848537347695538,0.28072285652160645,0.7680143530614794,0.4331787226855139,1e-05,0.252977579832077,1e-05
0,42,16,0.2841563797554123,0.2802168130874634,0.7670280070176659,0.4350436455887532,1e-05,0.6947497725486755,1e-05
0,42,17,0.28345002167692807,0.2796800136566162,0.7659952363219582,0.4367869509266637,1e-05,0.47563329339027405,1e-05
0,42,18,0.28275591438061726,0.27921509742736816,0.7650412772575031,0.43891085972779553,1e-05,0.08229692280292511,1e-05
1,42,1,0.35154249985641406,0.3180520236492157,0.8364844902677209,0.3283967566655376,1e-05,0.6388190984725952,1e-05
1,42,2,0.33482126779645405,0.30640944838523865,0.8112092859042956,0.33264651271619033,1e-05,0.65277099609375,1e-05
1,42,3,0.32165324828335057,0.29785656929016113,0.793616511069784,0.33543252446790744,1e-05,0.33303847908973694,1e-05
1,42,4,0.3112678823404223,0.29242607951164246,0.7841570880416618,0.33770839796572266,1e-05,1.0107961893081665,1e-05
1,42,5,0.30386693875366283,0.2886398136615753,0.778631563927917,0.33928836970200876,1e-05,0.33927226066589355,1e-05
1,42,6,0.29854587385587605,0.28642114996910095,0.7764780440280613,0.3409898592279661,1e-05,0.06857273727655411,1e-05
1,42,7,0.2949020255169022,0.2851395905017853,0.7753282560682083,0.3430192103233184,1e-05,0.8174993395805359,1e-05
1,42,8,0.2925076896230751,0.2843502163887024,0.7747606656084502,0.3443738210664246,1e-05,0.14810810983181,1e-05
1,42,9,0.2907323796949654,0.28378844261169434,0.7743819837470405,0.34585309575569584,1e-05,0.12489461153745651,1e-05
1,42,10,0.28941859190709124,0.2832227945327759,0.7737585490843998,0.34785439195237733,1e-05,0.1510944366455078,1e-05
2,42,1,0.35122713090103364,0.31789630651474,0.8391753604558194,0.356686937397144,1e-05,0.4761558175086975,1e-05
2,42,2,0.33431880708609785,0.30606353282928467,0.8152988310387672,0.3645832251426548,1e-05,0.4207208752632141,1e-05
2,42,3,0.3211301769942881,0.297368586063385,0.7975592193118838,0.3699628093853131,1e-05,0.8029451966285706,1e-05
2,42,4,0.3111065504985435,0.29150500893592834,0.7843792849627668,0.3747021010042295,1e-05,0.4517205059528351,1e-05
2,42,5,0.3037465944691239,0.28782469034194946,0.7757278785220889,0.37875054108948575,1e-05,0.7006883025169373,1e-05
2,42,6,0.2985076483053582,0.28564539551734924,0.7703250880590646,0.38162101668734133,1e-05,0.14484013617038727,1e-05
2,42,7,0.29494910119849943,0.2844310700893402,0.7677862227087776,0.38502397399520166,1e-05,0.4091912508010864,1e-05
2,42,8,0.29251170604585486,0.28371915221214294,0.7665849699781616,0.3869497013536256,1e-05,0.13738219439983368,1e-05
2,42,9,0.2907635283135922,0.2831210792064667,0.7658153221033436,0.3889913555031221,1e-05,0.18072566390037537,1e-05
2,42,10,0.289463506134871,0.28270694613456726,0.7654998668248701,0.3907037655424507,1e-05,0.6546615362167358,1e-05
2,42,11,0.28842222003179174,0.28228625655174255,0.7650287058962835,0.3926356449362867,1e-05,0.30739474296569824,1e-05
2,42,12,0.2875574440042549,0.28187283873558044,0.7645460343325263,0.3942453941371254,1e-05,0.12289226055145264,1e-05
2,42,13,0.2867209248342247,0.28121310472488403,0.7633648406229747,0.39593065105598674,1e-05,0.31092196702957153,1e-05
2,42,14,0.28595277914377015,0.2807692587375641,0.7626330018578089,0.39763662851105713,1e-05,0.5133331418037415,1e-05
2,42,15,0.28524069646808586,0.28024035692214966,0.7616671052570656,0.39903257945192133,1e-05,0.4827459752559662,1e-05
2,42,16,0.2845463496390904,0.279776930809021,0.7608538094479229,0.4005118934785006,1e-05,0.14200808107852936,1e-05
3,42,1,0.34963449450296774,0.32208752632141113,0.8465291365522263,0.4292173702279289,1e-05,0.9533479809761047,1e-05
3,42,2,0.3334705641280825,0.30777087807655334,0.8160403280871154,0.43521958666243615,1e-05,0.15216805040836334,1e-05
3,42,3,0.3209143249230964,0.29715317487716675,0.793775073109899,0.4402118082033269,1e-05,0.578495979309082,1e-05
3,42,4,0.3114995441926974,0.289463073015213,0.7786164066645418,0.44434320653346615,1e-05,0.2666929066181183,1e-05
3,42,5,0.304628516001122,0.2843101918697357,0.7690536341218136,0.4471396144900446,1e-05,0.5659552812576294,1e-05
3,42,6,0.3000269106838191,0.2805570662021637,0.7625372050446423,0.4499575445298305,1e-05,0.1320701390504837,1e-05
3,42,7,0.2966176019205111,0.2784135639667511,0.7592956158362874,0.45178387564656275,1e-05,0.42611926794052124,1e-05
3,42,8,0.29444099698111276,0.27665087580680847,0.7571281132320296,0.45356265378056554,1e-05,0.35636550188064575,1e-05
3,42,9,0.2927867669814101,0.2754468619823456,0.7555402904989473,0.45521011514430837,1e-05,0.12766531109809875,1e-05
3,42,10,0.2915877537749638,0.27446553111076355,0.7541732891151189,0.4566314343209029,1e-05,0.10307898372411728,1e-05
3,42,11,0.29058581002404754,0.2736142575740814,0.7528958527746044,0.4581599230514956,1e-05,0.36885198950767517,1e-05
3,42,12,0.28972732639758386,0.2728586196899414,0.7516111160073045,0.45969232402875826,1e-05,0.26670506596565247,1e-05
3,42,13,0.28891132101834377,0.27213940024375916,0.7504235772416552,0.46130589452713605,1e-05,0.20316176116466522,1e-05
3,42,14,0.2881581765134758,0.2714419662952423,0.7492186318527244,0.4626776768418227,1e-05,0.09758370369672775,1e-05
3,42,15,0.2874324533204052,0.2707991302013397,0.7480160866724536,0.4641018415824912,1e-05,0.3618667423725128,1e-05
3,42,16,0.286773851497151,0.27019959688186646,0.7469221121099497,0.4653961724524876,1e-05,0.08480171859264374,1e-05
3,42,17,0.2860942980285003,0.26958194375038147,0.7456544222354176,0.46651138775388684,1e-05,0.26098716259002686,1e-05
3,42,18,0.2854399145986432,0.26901739835739136,0.7445171914007988,0.467959945526425,1e-05,0.3501141667366028,1e-05
3,42,19,0.28478751370839983,0.26844626665115356,0.7433924123880931,0.46952658886262955,1e-05,0.6330936551094055,1e-05
3,42,20,0.2841620757925176,0.26785150170326233,0.7421607168337333,0.4710833729204932,1e-05,0.5272923111915588,1e-05
3,42,21,0.28351277944083525,0.26731979846954346,0.7410924405153557,0.47219576804240637,1e-05,0.30519741773605347,1e-05
3,42,22,0.2829247900704357,0.26677191257476807,0.7399298019722794,0.4735525810869292,1e-05,0.4210813045501709,1e-05
3,42,23,0.2823302878731879,0.2662865221500397,0.7389473379816531,0.4742964556220761,1e-05,0.21084952354431152,1e-05
3,42,24,0.28175348460117233,0.2657529413700104,0.7377783567203356,0.4755156796318659,1e-05,0.11693618446588516,1e-05
3,42,25,0.28117121948817064,0.2652853727340698,0.7368208679632577,0.477193580515527,1e-05,0.6430470943450928,1e-05
3,42,26,0.2805825125279828,0.26479873061180115,0.735754284666258,0.4782246165519443,1e-05,0.219167560338974,1e-05
3,42,27,0.28004532194583215,0.26431676745414734,0.7347251186171276,0.47914247127927745,1e-05,0.061535559594631195,1e-05
3,42,28,0.27948706995661016,0.26383116841316223,0.7336095131815638,0.4801647501924529,1e-05,0.07425446063280106,1e-05
3,42,29,0.2789768147357156,0.26337647438049316,0.7326124185296986,0.4809945126685939,1e-05,0.10087862610816956,1e-05
3,42,30,0.2784257701067167,0.26291564106941223,0.7315361464575979,0.4821695502785023,1e-05,0.16913285851478577,1e-05
4,42,1,0.3296993275483449,0.39840415120124817,1.010363236644311,0.4386280529662755,1e-05,0.7324162721633911,1e-05
4,42,2,0.31516689026480477,0.3791172504425049,0.973004173675697,0.446260123916903,1e-05,0.3847114145755768,1e-05
4,42,3,0.30419405751342377,0.3636327385902405,0.9420275110398938,0.452690239407206,1e-05,0.5234915018081665,1e-05
4,42,4,0.29646798848036693,0.35068479180336,0.9159891230902986,0.4578243356331569,1e-05,0.16501447558403015,1e-05
4,42,5,0.2911202270977522,0.3412744998931885,0.8964743370781403,0.4619353043112552,1e-05,0.1519978940486908,1e-05
4,42,6,0.28761236398565754,0.33441099524497986,0.882038881293314,0.4653666303017465,1e-05,0.07181911915540695,1e-05
4,42,7,0.2852203845086832,0.32903245091438293,0.8708693194389343,0.4684264716991862,1e-05,0.3851741552352905,1e-05
4,42,8,0.2835440561286715,0.325146347284317,0.8629650264443036,0.4713389672705011,1e-05,0.12778493762016296,1e-05
4,42,9,0.2823076893663193,0.3216519057750702,0.855735807718631,0.4741084850545254,1e-05,0.22932742536067963,1e-05
4,42,10,0.2813110887915208,0.31965604424476624,0.8516668374095848,0.4766494960327889,1e-05,0.13419830799102783,1e-05
4,42,11,0.28051601254530195,0.31740912795066833,0.8468889252297178,0.479019650266223,1e-05,0.09931568801403046,1e-05
4,42,12,0.2797110496347795,0.31596481800079346,0.8437598509131791,0.48113878801357596,1e-05,0.2150452584028244,1e-05
4,42,13,0.2790243276833419,0.31462562084198,0.8410161716209914,0.4835464280604777,1e-05,0.1312030553817749,1e-05
4,42,14,0.2783837913130431,0.313549280166626,0.8388408378926581,0.4860993957902053,1e-05,0.27935656905174255,1e-05
4,42,15,0.27779486517022367,0.3120041489601135,0.8356846008186568,0.4881362908026935,1e-05,0.08510231226682663,1e-05
4,42,16,0.27721519944200956,0.3112336993217468,0.8341775073976573,0.49009001191442364,1e-05,0.28772151470184326,1e-05
4,42,17,0.27671585798887216,0.31018301844596863,0.8320402672190864,0.4923318222971239,1e-05,0.32437244057655334,1e-05
4,42,18,0.2761420481274481,0.3097449839115143,0.8311264048793358,0.49452649006714866,1e-05,0.4140143394470215,1e-05
4,42,19,0.27567182343191454,0.3087415099143982,0.8289878212192101,0.49729300859870146,1e-05,0.11333822458982468,1e-05
4,42,20,0.2751328125484678,0.3081527650356293,0.8277088750336699,0.49900962773147994,1e-05,0.14820760488510132,1e-05
4,42,21,0.2746423150570047,0.3068055510520935,0.8247475180083406,0.5010822722230935,1e-05,0.6110526323318481,1e-05
4,42,22,0.2741679126906288,0.3062877655029297,0.823596818218688,0.5034249500832134,1e-05,0.1122603639960289,1e-05
4,42,23,0.2736836972079826,0.3051234185695648,0.8209838623058295,0.5055011775744241,1e-05,0.05840442702174187,1e-05
4,42,24,0.27318352269306667,0.3046746253967285,0.8199735648332241,0.5073832386942138,1e-05,0.060762032866477966,1e-05
4,42,25,0.27274488821425247,0.3035878539085388,0.8175418541103066,0.5097791381887975,1e-05,0.150338813662529,1e-05
4,42,26,0.2723836819063566,0.30341836810112,0.8171124189342569,0.5118815739130155,1e-05,0.4001915752887726,1e-05
4,42,27,0.2718383426178018,0.302252858877182,0.8145205016478808,0.5136789916996283,1e-05,0.07187323272228241,1e-05
4,42,28,0.27150781664256735,0.301169753074646,0.8120130887431297,0.5156159451784128,1e-05,0.5936540961265564,1e-05
4,42,29,0.2709674289720119,0.30116334557533264,0.8119566066108064,0.5170721929640701,1e-05,0.23333954811096191,1e-05
4,42,30,0.27057781766526545,0.3006359338760376,0.8106891266885632,0.5190866237768377,1e-05,0.7090549468994141,1e-05
0,42,1,0.3331095056444685,0.3040979504585266,0.8109194923003242,0.40543482831506655,3e-05,0.8759377002716064,3e-05
0,42,2,0.30257275330686123,0.2881459593772888,0.7800379148499043,0.4150398505741608,3e-05,0.40363699197769165,3e-05
0,42,3,0.29180290510721296,0.28427854180336,0.7738425630967265,0.4222129824269927,3e-05,0.2674650251865387,3e-05
0,42,4,0.2880959827543419,0.2823193073272705,0.7709921530030854,0.42800812253821385,3e-05,0.2474948614835739,3e-05
0,42,5,0.2856907757197585,0.2807660400867462,0.7682017760804324,0.4331474415816288,3e-05,0.09445691853761673,3e-05
0,42,6,0.28365051790932627,0.2793249785900116,0.7653644702131702,0.43860706630377433,3e-05,0.13911542296409607,3e-05
0,42,7,0.28173617684395513,0.2779434025287628,0.7624535338034095,0.4436388953784261,3e-05,0.36872583627700806,3e-05
0,42,8,0.27989773875084994,0.2767718434333801,0.7598128965781317,0.44899626034840934,3e-05,0.15831953287124634,3e-05
0,42,9,0.2781482516382342,0.275718092918396,0.7573753209769901,0.45402718766157824,3e-05,0.294908732175827,3e-05
0,42,10,0.27651343917178217,0.2745412588119507,0.7546952382851874,0.4583812127273849,3e-05,0.30591684579849243,3e-05
0,42,11,0.27490718856036106,0.2735253870487213,0.7523678144767232,0.4640110699783603,3e-05,0.35935327410697937,3e-05
0,42,12,0.27337970923040517,0.27242860198020935,0.7497981378337278,0.4690131409240759,3e-05,0.390974223613739,3e-05
0,42,13,0.2719775991796333,0.2713654637336731,0.7474098015922154,0.47440739795828235,3e-05,0.27328407764434814,3e-05
0,42,14,0.2703529702614401,0.2703961133956909,0.7450854642957936,0.4791469961950383,3e-05,0.14020206034183502,3e-05
0,42,15,0.2690387894839884,0.2694697976112366,0.7429856401801374,0.4837496869995441,3e-05,0.2002200335264206,3e-05
0,42,16,0.2678149062450801,0.2685876786708832,0.7408921023177901,0.487741885280118,3e-05,0.6850488185882568,3e-05
0,42,17,0.26665370211423,0.2679094970226288,0.7390152075850284,0.491190361464784,3e-05,0.4099903404712677,3e-05
0,42,18,0.2655639545327035,0.26710885763168335,0.7371515112486385,0.4934944622493458,3e-05,0.08824023604393005,3e-05
0,42,19,0.26461747837957933,0.26643410325050354,0.7354030531532647,0.49612932914583985,3e-05,0.1579526662826538,3e-05
0,42,20,0.26373896114180023,0.2658752202987671,0.7337625459726703,0.4985404790379955,3e-05,0.10215629637241364,3e-05
0,42,21,0.2627437574896857,0.26506131887435913,0.7319123037855808,0.5003832186087551,3e-05,0.10526306182146072,3e-05
0,42,22,0.26199505766975545,0.2645260989665985,0.7305973583508052,0.5023903993957098,3e-05,0.19628256559371948,3e-05
0,42,23,0.26102463077161914,0.2639061212539673,0.7291105755868779,0.504192699973747,3e-05,0.2644481956958771,3e-05
0,42,24,0.26047615921385936,0.2632511854171753,0.7278289659447463,0.5057835074253251,3e-05,0.37670591473579407,3e-05
0,42,25,0.2595675750814866,0.26279374957084656,0.7265858153933453,0.5071375323506342,3e-05,0.15730561316013336,3e-05
0,42,26,0.25888140359214534,0.2622852921485901,0.725360677554477,0.5083660320775221,3e-05,0.5724017024040222,3e-05
0,42,27,0.2584150939232835,0.26171034574508667,0.7241404474034702,0.5091996404314704,3e-05,0.33693185448646545,3e-05
0,42,28,0.2578000892656986,0.261751264333725,0.7236064171705632,0.5110585716306344,3e-05,0.3797481060028076,3e-05
0,42,29,0.25714643409319016,0.2608824074268341,0.7221107430543686,0.5116591648173981,3e-05,0.14095717668533325,3e-05
0,42,30,0.25650381258714977,0.2606855630874634,0.7213428713658908,0.5127776696825147,3e-05,0.2759108245372772,3e-05
1,42,1,0.33598315631117776,0.2975032925605774,0.7929293352677328,0.3356675443619153,3e-05,0.5036540031433105,3e-05
1,42,2,0.3037388026491504,0.2860333025455475,0.7763219955256168,0.3411594310512177,3e-05,0.20320157706737518,3e-05
1,42,3,0.2925630644882951,0.2841257154941559,0.7756935597463931,0.3461139061172676,3e-05,0.31106865406036377,3e-05
1,42,4,0.2882955929720513,0.2820732891559601,0.7720674876282925,0.3516417030768686,3e-05,0.725287914276123,3e-05
1,42,5,0.28591787230188603,0.28105634450912476,0.7710356757958018,0.35590191959688283,3e-05,0.1555590182542801,3e-05
1,42,6,0.28400524653006937,0.279417484998703,0.7678406979114665,0.35970083342589587,3e-05,0.3092457056045532,3e-05
1,42,7,0.28216320883447876,0.277557373046875,0.7636820661433609,0.36384754784157336,3e-05,0.7336088418960571,3e-05
1,42,8,0.28054985339396465,0.27595430612564087,0.7602289654000458,0.36830374786801645,3e-05,0.08117667585611343,3e-05
1,42,9,0.27885441875903405,0.2745012640953064,0.7570973916046644,0.37258055685667324,3e-05,0.07344309985637665,3e-05
1,42,10,0.2773454393070435,0.2729088068008423,0.7535241575340874,0.3772605948960826,3e-05,0.30561360716819763,3e-05
1,42,11,0.27595501476359147,0.27142900228500366,0.7501273993419424,0.38173274613634145,3e-05,0.13216400146484375,3e-05
1,42,12,0.2745287684413874,0.2699083089828491,0.7467664393323775,0.38553101871052764,3e-05,0.08856609463691711,3e-05
1,42,13,0.2731739419420189,0.26883095502853394,0.7443578203198443,0.39030397858217747,3e-05,0.23361845314502716,3e-05
1,42,14,0.27187659636836187,0.2673377990722656,0.7408090335977096,0.39434149932438556,3e-05,0.5915300250053406,3e-05
1,42,15,0.27067631361640504,0.266349196434021,0.7386386571835688,0.3985962250999457,3e-05,0.24007044732570648,3e-05
1,42,16,0.26945949514892614,0.26542195677757263,0.73633299590939,0.4021782946014467,3e-05,0.4293428063392639,3e-05
1,42,17,0.2684242636689516,0.26466691493988037,0.7345043772396664,0.40541897606455074,3e-05,0.22132684290409088,3e-05
1,42,18,0.26746377121622317,0.26292479038238525,0.7298161331028504,0.40972033308954436,3e-05,0.4748760461807251,3e-05
1,42,19,0.26635075047751455,0.2626112997531891,0.7292206472416808,0.411075384695344,3e-05,0.13738931715488434,3e-05
1,42,20,0.2654621117805766,0.26131895184516907,0.7256795482036779,0.4152806937708169,3e-05,0.12956826388835907,3e-05
1,42,21,0.2645562375260291,0.2607801854610443,0.7243088918380851,0.4176191497318814,3e-05,0.3105012774467468,3e-05
1,42,22,0.26373227456462717,0.2599775493144989,0.7221360648658421,0.42069949744908175,3e-05,0.4930335283279419,3e-05
1,42,23,0.2628990342238239,0.2591170370578766,0.7198097541906018,0.4242774388726356,3e-05,0.1503942310810089,3e-05
1,42,24,0.2623355711063492,0.2589998245239258,0.7194172794330637,0.425961594479057,3e-05,0.47366097569465637,3e-05
1,42,25,0.2614590623891242,0.2577621638774872,0.715942061685126,0.4299679943229538,3e-05,0.24117641150951385,3e-05
1,42,26,0.260883016240931,0.2572377622127533,0.714480450406381,0.4323338238494357,3e-05,0.3619300425052643,3e-05
1,42,27,0.2602761376238315,0.2565518021583557,0.71240725842292,0.435091359879002,3e-05,0.13451579213142395,3e-05
1,42,28,0.25973758695281557,0.25627243518829346,0.711884001730447,0.4371142182692333,3e-05,0.47428247332572937,3e-05
1,42,29,0.2590477423745895,0.2556026875972748,0.7098189180884482,0.439565434883741,3e-05,0.13486790657043457,3e-05
1,42,30,0.25844856230455027,0.25509122014045715,0.7082474634429977,0.44190613523669914,3e-05,0.5371913909912109,3e-05
2,42,1,0.33557348392834174,0.2964108884334564,0.7955276915631487,0.37031768363649764,3e-05,0.24544911086559296,3e-05
2,42,2,0.303198536199944,0.28518399596214294,0.7690722974569095,0.38304109482897497,3e-05,0.16412773728370667,3e-05
2,42,3,0.2922547968859984,0.283220499753952,0.7662388308486597,0.3894129742225905,3e-05,0.48219534754753113,3e-05
2,42,4,0.2884011091807178,0.28179898858070374,0.764483512427953,0.3945583062966063,3e-05,0.06465072929859161,3e-05
2,42,5,0.2859938786798549,0.28017735481262207,0.7616038795294426,0.39920824310802183,3e-05,0.20669394731521606,3e-05
2,42,6,0.2840119248962848,0.27891620993614197,0.759332685598878,0.403124244098689,3e-05,0.35116469860076904,3e-05
2,42,7,0.28218634508480533,0.2772313356399536,0.7558018096074217,0.4071864310774069,3e-05,0.286435067653656,3e-05
2,42,8,0.28044299374116916,0.2756432592868805,0.7524789071047431,0.41077931995411515,3e-05,0.30422598123550415,3e-05
2,42,9,0.2787956393990561,0.27416038513183594,0.7493863595440784,0.414518995994973,3e-05,0.17412923276424408,3e-05
2,42,10,0.2771926971462285,0.27310121059417725,0.7475323278344445,0.4180125906193452,3e-05,0.659237802028656,3e-05
2,42,11,0.27570985181309354,0.2717512845993042,0.7446026612753648,0.42201934916174394,3e-05,0.18424969911575317,3e-05
2,42,12,0.27438727628404846,0.27074334025382996,0.7425521030340495,0.4259826226329885,3e-05,0.10693588107824326,3e-05
2,42,13,0.27300151409389817,0.2693408131599426,0.7392387438461919,0.42928804913840285,3e-05,0.29718708992004395,3e-05
2,42,14,0.2716700165405452,0.26838961243629456,0.7371536448896376,0.4329826570110461,3e-05,0.5449712872505188,3e-05
2,42,15,0.2704353518686562,0.2670839726924896,0.7339632368729253,0.437071576286962,3e-05,0.5333429574966431,3e-05
2,42,16,0.2692902808434495,0.266366571187973,0.7323468159275027,0.44033588234721127,3e-05,0.0997161939740181,3e-05
2,42,17,0.26831736478850104,0.26528477668762207,0.7298144768171781,0.4436179832199882,3e-05,0.09758569300174713,3e-05
2,42,18,0.2673270557639755,0.2645069360733032,0.7280179224313642,0.4463385455379797,3e-05,0.18486134707927704,3e-05
2,42,19,0.2663613879792044,0.26332929730415344,0.7253312168206869,0.44923104422025856,3e-05,0.0990547463297844,3e-05
2,42,20,0.26557070303186076,0.2628592550754547,0.724435926189337,0.45286553448301103,3e-05,0.43036550283432007,3e-05
2,42,21,0.26470818277831387,0.2617729604244232,0.7220099878097329,0.45526446758808764,3e-05,0.17403744161128998,3e-05
2,42,22,0.26391667111454725,0.26093363761901855,0.7203689312186478,0.4581197380207485,3e-05,0.45022982358932495,3e-05
2,42,23,0.2630356649817707,0.26044943928718567,0.7192924854609286,0.4601318143263386,3e-05,0.1135653406381607,3e-05
2,42,24,0.262356562837262,0.25970035791397095,0.7177179952943629,0.46267246006686313,3e-05,0.15959471464157104,3e-05
2,42,25,0.26171340597010107,0.2591068148612976,0.7164648956390062,0.4643130496015758,3e-05,0.15308578312397003,3e-05
2,42,26,0.2610539301867797,0.2585139870643616,0.7152499760426748,0.46616391049648254,3e-05,0.11235759407281876,3e-05
2,42,27,0.2605229656830012,0.25779733061790466,0.7137338596680417,0.46840780028565115,3e-05,0.29571831226348877,3e-05
2,42,28,0.25988542018649735,0.2572932541370392,0.7126933438111491,0.4697157991632454,3e-05,0.5210291743278503,3e-05
2,42,29,0.25950919192528055,0.25707507133483887,0.7123827358924398,0.4718887702119463,3e-05,0.06910785287618637,3e-05
2,42,30,0.25881361947438425,0.2564293444156647,0.7109400920269201,0.47358562982951646,3e-05,0.3460690379142761,3e-05
3,42,1,0.3341961421699167,0.2958002984523773,0.7909226394020387,0.4412281755573345,3e-05,0.7717993855476379,3e-05
3,42,2,0.3040008447381938,0.2795979976654053,0.7609177459408883,0.4501644891790711,3e-05,0.48918870091438293,3e-05
3,42,3,0.29410527389740276,0.2750779092311859,0.7550642455176565,0.4553567764720535,3e-05,0.1416674107313156,3e-05
3,42,4,0.29050386943549755,0.27269843220710754,0.7514725096521534,0.45960514897414845,3e-05,0.30551448464393616,3e-05
3,42,5,0.2881759832674098,0.2707333266735077,0.7478658595462906,0.4637697522315455,3e-05,0.2932458817958832,3e-05
3,42,6,0.2863541395641933,0.2690126895904541,0.744545909128916,0.4677529006812662,3e-05,0.29777902364730835,3e-05
3,42,7,0.2844275275791917,0.26737943291664124,0.7410798027625889,0.4721695167118646,3e-05,0.23119689524173737,3e-05
3,42,8,0.2826539347104937,0.26591530442237854,0.7381790686580275,0.4751189639137467,3e-05,0.19757987558841705,3e-05
3,42,9,0.28089813367228644,0.26451513171195984,0.7350001194445007,0.47838749503640526,3e-05,0.07450616359710693,3e-05
3,42,10,0.27932711601257326,0.26312950253486633,0.732064726292107,0.48153995920753845,3e-05,0.13578887283802032,3e-05
3,42,11,0.27771059125383324,0.26190316677093506,0.7292860380808512,0.48518759160591457,3e-05,0.40664106607437134,3e-05
3,42,12,0.27626733671838993,0.26067203283309937,0.7261814962481169,0.4878904766925398,3e-05,0.29125139117240906,3e-05
3,42,13,0.2748175202686096,0.2595794200897217,0.7235357578203461,0.4914825003563712,3e-05,0.23046725988388062,3e-05
3,42,14,0.2734971573141134,0.25846582651138306,0.7207956905393501,0.494301592668807,3e-05,0.13798601925373077,3e-05
3,42,15,0.2722398380364213,0.25741833448410034,0.7182173312120195,0.49734945230144545,3e-05,0.41809937357902527,3e-05
3,42,16,0.2711275612528079,0.25651174783706665,0.7159981361811115,0.5003181170804188,3e-05,0.09306658804416656,3e-05
3,42,17,0.2700117572111504,0.2556164264678955,0.7135813963252867,0.5020264574839983,3e-05,0.19453027844429016,3e-05
3,42,18,0.269017327522563,0.25484761595726013,0.7115839999103404,0.5048435659172558,3e-05,0.3009200692176819,3e-05
3,42,19,0.2680101697690019,0.25410231947898865,0.7097655145077784,0.5064928508467081,3e-05,0.64149409532547,3e-05
3,42,20,0.26706802580958217,0.25336846709251404,0.7075344088829508,0.5088376156828657,3e-05,0.6253743767738342,3e-05
3,42,21,0.26627401373096715,0.25263750553131104,0.7057679567208739,0.5107956443143467,3e-05,0.22031207382678986,3e-05
3,42,22,0.26554160111418396,0.25192850828170776,0.7039017557420717,0.5133971712102234,3e-05,0.5970739722251892,3e-05
3,42,23,0.2647767183825234,0.251302570104599,0.7021912598574286,0.5146141708706315,3e-05,0.22255389392375946,3e-05
3,42,24,0.26391411980735924,0.25071200728416443,0.7006332019982674,0.5157885672266641,3e-05,0.10530843585729599,3e-05
3,42,25,0.263235817078118,0.25014251470565796,0.6991841490707055,0.5173826393695417,3e-05,0.5998978018760681,3e-05
3,42,26,0.26259156876078277,0.24960805475711823,0.6976856560129756,0.5183839821715368,3e-05,0.08013715595006943,3e-05
3,42,27,0.26194643010602936,0.24912448227405548,0.6962882653622705,0.5195086212346417,3e-05,0.10870136320590973,3e-05
3,42,28,0.26142574138730484,0.24861763417720795,0.6949123473231568,0.5207002713277707,3e-05,0.20427288115024567,3e-05
3,42,29,0.2610724147457943,0.24835246801376343,0.6941338149385781,0.5220866421681326,3e-05,0.20850782096385956,3e-05
3,42,30,0.260373008819384,0.24776270985603333,0.6924586291662425,0.5232629222074254,3e-05,0.1761624813079834,3e-05
4,42,1,0.3153463439912896,0.36003267765045166,0.9346851016090303,0.453604991281854,3e-05,0.5366234183311462,3e-05
4,42,2,0.2905359013376393,0.33157095313072205,0.8759678352664331,0.46539525404010024,3e-05,0.12351510673761368,3e-05
4,42,3,0.2832241148335695,0.3206298053264618,0.8536167614902566,0.4739754309683662,3e-05,0.15966467559337616,3e-05
4,42,4,0.28047379024983876,0.3144356310367584,0.8405534608064297,0.48154854830588495,3e-05,0.5959941148757935,3e-05
4,42,5,0.2783907152968494,0.3124024569988251,0.8366182523715997,0.48806426848495094,3e-05,0.3228685259819031,3e-05
4,42,6,0.27678664578807016,0.31046390533447266,0.8326286684396024,0.4943788221736442,3e-05,0.3221285045146942,3e-05
4,42,7,0.2752092630784786,0.30703455209732056,0.8252319613616623,0.5012102336188143,3e-05,0.31260526180267334,3e-05
4,42,8,0.27374915843230907,0.30542585253715515,0.8215753340578364,0.5072132072470447,3e-05,0.1242918148636818,3e-05
4,42,9,0.2723904571235625,0.301962286233902,0.8138434260334082,0.513448170034577,3e-05,0.29085180163383484,3e-05
4,42,10,0.2711262477085729,0.3006289005279541,0.8105970603548838,0.5192410953437343,3e-05,0.260844349861145,3e-05
4,42,11,0.2699366718174274,0.29891493916511536,0.8066343274659027,0.5241717858903145,3e-05,0.12203831225633621,3e-05
4,42,12,0.2686523681086097,0.2962337136268616,0.8002191913056518,0.5298874351576012,3e-05,0.23115819692611694,3e-05
4,42,13,0.26750166213031307,0.2947777509689331,0.7967574437221366,0.5347178822323094,3e-05,0.13210715353488922,3e-05
4,42,14,0.2663525559887936,0.2926453948020935,0.7919188237333012,0.5398701551359915,3e-05,0.26951864361763,3e-05
4,42,15,0.26535545077915507,0.29064324498176575,0.7873470959549177,0.5445847640811143,3e-05,0.06574670970439911,3e-05
4,42,16,0.26432123365958177,0.28994905948638916,0.7858750538055055,0.548876467465769,3e-05,0.26962345838546753,3e-05
4,42,17,0.263526225526593,0.28927862644195557,0.7843948089291235,0.5532166273428099,3e-05,0.2723850905895233,3e-05
4,42,18,0.2626419472988411,0.2864861488342285,0.7783764104500502,0.5565300162847675,3e-05,0.4499189853668213,3e-05
4,42,19,0.26182659761075305,0.286283403635025,0.7779541766714906,0.5613038600175273,3e-05,0.11377265304327011,3e-05
4,42,20,0.2609034836158624,0.2838965654373169,0.7726672115868436,0.564335138064247,3e-05,0.06690610200166702,3e-05
4,42,21,0.2602119215044384,0.282954603433609,0.7706236474813815,0.5674310711374029,3e-05,0.6297869682312012,3e-05
4,42,22,0.2594807035274392,0.281218022108078,0.7665959605628146,0.5706636614255264,3e-05,0.15383492410182953,3e-05
4,42,23,0.25879793601898515,0.2811460793018341,0.7668589554289859,0.573012373751498,3e-05,0.19472795724868774,3e-05
4,42,24,0.258093331426783,0.2795509099960327,0.7628352598515814,0.5755061256393326,3e-05,0.044581785798072815,3e-05
4,42,25,0.25748255127214,0.27878496050834656,0.7611665939142604,0.5780962116345486,3e-05,0.15984706580638885,3e-05
4,42,26,0.25709640859488414,0.2776217758655548,0.7574201625978162,0.580822954844732,3e-05,0.3741813600063324,3e-05
4,42,27,0.2563698477987395,0.2770780920982361,0.756783800810397,0.5836047917060225,3e-05,0.10923216491937637,3e-05
4,42,28,0.2557013817744048,0.2771156132221222,0.7571503154817455,0.585664110659809,3e-05,0.498155415058136,3e-05
4,42,29,0.2554421389227669,0.2755885422229767,0.7526736633649129,0.5877013679980991,3e-05,0.35378333926200867,3e-05
4,42,30,0.2547021964383945,0.2750764787197113,0.75151540563492,0.5893427642685513,3e-05,0.7568866014480591,3e-05
0,42,1,0.30663479309215724,0.2841914892196655,0.7744463071502462,0.4246406646130016,0.0001,0.5614737272262573,0.0001
0,42,2,0.28494517545833764,0.2785325348377228,0.7639781829544688,0.4422018482792567,0.0001,0.24462251365184784,0.0001
0,42,3,0.27924904728604255,0.2752373516559601,0.7563459327459777,0.4576855939194662,0.0001,0.3538922369480133,0.0001
0,42,4,0.27471325179126777,0.27212345600128174,0.7490355903136621,0.47246762885196125,0.0001,0.4355071485042572,0.0001
0,42,5,0.2706564612254918,0.26963549852371216,0.7433275090867714,0.48482302363393875,0.0001,0.1251009702682495,0.0001
0,42,6,0.2669704627879312,0.26780471205711365,0.7383053367433791,0.4948343194998013,0.0001,0.09921488165855408,0.0001
0,42,7,0.2643664119455302,0.26562437415122986,0.7330184681305166,0.5006250710384722,0.0001,0.2674697935581207,0.0001
0,42,8,0.2617270998308592,0.26342952251434326,0.7282388198700094,0.505447250587919,0.0001,0.09170635044574738,0.0001
0,42,9,0.25928383953103395,0.26213040947914124,0.7250445405913126,0.5089684889046838,0.0001,0.24123278260231018,0.0001
0,42,10,0.2577013751502349,0.2607617676258087,0.7215869662173747,0.5120490214760548,0.0001,0.30692052841186523,0.0001
0,42,11,0.25596502335272103,0.2594200372695923,0.7189409239110477,0.5150314922546181,0.0001,0.24403706192970276,0.0001
0,42,12,0.2545467198786334,0.2582809329032898,0.7163057818170528,0.5179379095923333,0.0001,0.4537338316440582,0.0001
0,42,13,0.25347053276044185,0.25723591446876526,0.714041692275468,0.5198053373885807,0.0001,0.5741918683052063,0.0001
0,42,14,0.2515739104235284,0.2561115026473999,0.711332411953517,0.5226418982700862,0.0001,0.09709589183330536,0.0001
0,42,15,0.2500465497792324,0.2568099796772003,0.7108933701629325,0.5266984622813963,0.0001,0.2630290389060974,0.0001
0,42,16,0.24865774134052135,0.256043016910553,0.7090174725401469,0.5297262967929995,0.0001,0.5347089767456055,0.0001
0,42,17,0.24743229743476225,0.2538766860961914,0.7051615289316134,0.5329884690552956,0.0001,0.31898561120033264,0.0001
0,42,18,0.24623887794040075,0.25239577889442444,0.7024111133149294,0.5358775324942509,0.0001,0.11541713774204254,0.0001
0,42,19,0.24440149208095585,0.25321856141090393,0.702222341923088,0.5395589891738973,0.0001,0.08680517226457596,0.0001
0,42,20,0.24325480444966074,0.24969831109046936,0.6962412647659376,0.5419051667549108,0.0001,0.31776437163352966,0.0001
0,42,21,0.2415366668288953,0.2489614486694336,0.6942012730222197,0.5464701639294309,0.0001,0.10580960661172867,0.0001
0,42,22,0.2405803683650828,0.2509654760360718,0.6959444458374258,0.5496849436160139,0.0001,0.18762724101543427,0.0001
0,42,23,0.23954139947891234,0.24646300077438354,0.6884790031029768,0.5526322408076212,0.0001,0.22960659861564636,0.0001
0,42,24,0.23802047683813862,0.24880380928516388,0.69009328969962,0.5562856372794929,0.0001,0.7016837000846863,0.0001
0,42,25,0.23642709331534734,0.244564488530159,0.6846579134254085,0.5592569814439777,0.0001,0.11092984676361084,0.0001
0,42,26,0.23579381176244432,0.2441331446170807,0.6818502450188979,0.5629455466136831,0.0001,0.7001478672027588,0.0001
0,42,27,0.23429962984869412,0.2453422099351883,0.6808105136268428,0.56709591385836,0.0001,0.7138045430183411,0.0001
0,42,28,0.23409177623619543,0.24188730120658875,0.6762496656245445,0.5695379240323751,0.0001,0.3455907106399536,0.0001
0,42,29,0.23281741511041873,0.24144025146961212,0.6747306160385207,0.5730622340799503,0.0001,0.24869593977928162,0.0001
0,42,30,0.23209526670313327,0.24120157957077026,0.6734340642015404,0.5763885258614853,0.0001,0.5203412771224976,0.0001
1,42,1,0.3079491201739445,0.28589701652526855,0.7810939187248013,0.3476331790763581,0.0001,0.16538025438785553,0.0001
1,42,2,0.28504022275176005,0.2779320180416107,0.7642106732195981,0.36169517601554957,0.0001,0.22452351450920105,0.0001
1,42,3,0.27993326190476103,0.27302202582359314,0.7535071706843126,0.3743403604934391,0.0001,0.2983691990375519,0.0001
1,42,4,0.27553953252106067,0.2702012360095978,0.7477936997720123,0.3873196387360711,0.0001,0.4527694880962372,0.0001
1,42,5,0.27161819744332927,0.2656136751174927,0.7367441752708902,0.3987488637879282,0.0001,0.10339988768100739,0.0001
1,42,6,0.26841578358801726,0.2630223333835602,0.7305662135336609,0.4103074018834442,0.0001,0.3440025746822357,0.0001
1,42,7,0.26532401726624677,0.26023173332214355,0.723009294786439,0.4193619200373114,0.0001,0.6583273410797119,0.0001
1,42,8,0.2631219106634087,0.25870248675346375,0.7185422195981971,0.426355605491675,0.0001,0.065131776034832,0.0001
1,42,9,0.260729781701186,0.25671789050102234,0.7129970854030775,0.43561394248438556,0.0001,0.10583942383527756,0.0001
1,42,10,0.2588158950404586,0.25642046332359314,0.7120384893859271,0.4418845930823627,0.0001,0.2845979332923889,0.0001
1,42,11,0.2577450662127165,0.2546917200088501,0.7042498730401466,0.4507304629469725,0.0001,0.16761566698551178,0.0001
1,42,12,0.25655589140464213,0.25220420956611633,0.7001352565206576,0.4543964165954991,0.0001,0.21241003274917603,0.0001
1,42,13,0.25421580826567713,0.2509850561618805,0.6966079048333503,0.4603831916973545,0.0001,0.15213048458099365,0.0001
1,42,14,0.2530995772597946,0.2510168254375458,0.6981486405314173,0.46314070768770726,0.0001,0.34763312339782715,0.0001
1,42,15,0.2525982599559231,0.24896936118602753,0.6920145511912301,0.470302562220389,0.0001,0.2498125582933426,0.0001
1,42,16,0.24984499168173174,0.24809841811656952,0.6900212546207445,0.47413299773198003,0.0001,0.3723599910736084,0.0001
1,42,17,0.24853021740913392,0.24708792567253113,0.6875121026830289,0.4798122310267633,0.0001,0.23013420403003693,0.0001
1,42,18,0.24739698254059408,0.24551068246364594,0.6839849325217118,0.4863081023434269,0.0001,0.3852823078632355,0.0001
1,42,19,0.24595517104474185,0.24494630098342896,0.6823712982012374,0.4896754565803083,0.0001,0.07948475331068039,0.0001
1,42,20,0.24430684957548837,0.24438992142677307,0.6786033367647362,0.49776267700015436,0.0001,0.30084437131881714,0.0001
1,42,21,0.24306995229186298,0.24270185828208923,0.6764840570657955,0.5013636835582582,0.0001,0.26429104804992676,0.0001
1,42,22,0.24142623184440293,0.24190875887870789,0.673338993283487,0.5072650114544476,0.0001,0.4011266231536865,0.0001
1,42,23,0.2404084849580426,0.2410605102777481,0.6727528651341551,0.5088935132446604,0.0001,0.24360030889511108,0.0001
1,42,24,0.23828505039215087,0.2405298799276352,0.6686184834649923,0.5156988350144366,0.0001,0.42837828397750854,0.0001
1,42,25,0.2376326628711736,0.24049416184425354,0.6665387203518763,0.5239972135314857,0.0001,0.10739703476428986,0.0001
1,42,26,0.23671773695500098,0.23936720192432404,0.6682666749911459,0.520935021341568,0.0001,0.4368090331554413,0.0001
1,42,27,0.23471971170924535,0.237544447183609,0.6610561881329091,0.5300558091739382,0.0001,0.19585655629634857,0.0001
1,42,28,0.23424524966244387,0.2364242821931839,0.659277276878756,0.5340458970981794,0.0001,0.45118361711502075,0.0001
1,42,29,0.23371858791770223,0.23782296478748322,0.6587463794160852,0.538953520483449,0.0001,0.4560960531234741,0.0001
1,42,30,0.23260049869523985,0.23579248785972595,0.6561576631144024,0.5392745086026696,0.0001,0.6336867809295654,0.0001
2,42,1,0.3084186734551581,0.2848815321922302,0.771768562547829,0.3926635835199557,0.0001,0.43796443939208984,0.0001
2,42,2,0.28561554771160413,0.2787199318408966,0.7600202042247505,0.4059896497781104,0.0001,0.48923051357269287,0.0001
2,42,3,0.2798006556190063,0.27269211411476135,0.7457807881450796,0.4152643541616007,0.0001,0.411296546459198,0.0001
2,42,4,0.27559998338467606,0.26906317472457886,0.7383581204549792,0.4275884842283876,0.0001,0.06310473382472992,0.0001
2,42,5,0.27148719815450295,0.2676551640033722,0.7357574915636459,0.4385855424904275,0.0001,0.15503554046154022,0.0001
2,42,6,0.26816553655071795,0.26571428775787354,0.7314944303623764,0.4477416304352176,0.0001,0.5250221490859985,0.0001
2,42,7,0.26521365166824556,0.2610745131969452,0.7210222809339675,0.4571115957515862,0.0001,0.24116240441799164,0.0001
2,42,8,0.2631826363991354,0.259256511926651,0.7169513593910343,0.4634714431415133,0.0001,0.30426231026649475,0.0001
2,42,9,0.26083577508124234,0.25725963711738586,0.7125821413516286,0.4692844753514832,0.0001,0.3458201289176941,0.0001
2,42,10,0.25922859708839485,0.25565797090530396,0.7094251136751275,0.4752776399598889,0.0001,0.7022106647491455,0.0001
2,42,11,0.2575275062846246,0.2541619539260864,0.706254680060485,0.4804715609840016,0.0001,0.05560816079378128,0.0001
2,42,12,0.2561253062364097,0.25314122438430786,0.7026812507931606,0.4855287745632231,0.0001,0.24042387306690216,0.0001
2,42,13,0.2552097404337375,0.252226322889328,0.7024094505623674,0.489779149700102,0.0001,0.3707882761955261,0.0001
2,42,14,0.25400495861178246,0.2504424452781677,0.6981812839907203,0.4957757259404682,0.0001,0.6226374506950378,0.0001
2,42,15,0.25226753425375326,0.24894629418849945,0.6946282683716049,0.5012579710765456,0.0001,0.5987275242805481,0.0001
2,42,16,0.25131091454875804,0.248000830411911,0.6918540899707241,0.506716524797068,0.0001,0.1620805263519287,0.0001
2,42,17,0.24985575237563837,0.24827933311462402,0.6954805578993041,0.510147617146357,0.0001,0.23490265011787415,0.0001
2,42,18,0.2491705538624915,0.24584586918354034,0.6872834761866183,0.5159391272519862,0.0001,0.3786078095436096,0.0001
2,42,19,0.24768604191664223,0.24490009248256683,0.6850220914592657,0.5217031636098953,0.0001,0.3735826313495636,0.0001
2,42,20,0.24597631086812954,0.24285833537578583,0.6814426363672733,0.5251038965661897,0.0001,0.40179207921028137,0.0001
2,42,21,0.24480321248001027,0.24136437475681305,0.679001962579063,0.529197625250897,0.0001,0.28808677196502686,0.0001
2,42,22,0.2436868556359104,0.23996596038341522,0.6756332085556692,0.5343604654706962,0.0001,0.4083981215953827,0.0001
2,42,23,0.24224199166921812,0.23866625130176544,0.6727697234303428,0.5398733304544822,0.0001,0.14729923009872437,0.0001
2,42,24,0.24170360225383367,0.23790106177330017,0.6711121753299183,0.5446870677136464,0.0001,0.19861851632595062,0.0001
2,42,25,0.23982194589677258,0.2365991324186325,0.6677486721603325,0.54850576382883,0.0001,0.2532331645488739,0.0001
2,42,26,0.2395031306119723,0.23500920832157135,0.6637155455145958,0.5534027985603733,0.0001,0.19013746082782745,0.0001
2,42,27,0.23816619406236667,0.23388853669166565,0.6603870950222729,0.5582829457392635,0.0001,0.3702586889266968,0.0001
2,42,28,0.2367884126779075,0.23388703167438507,0.6598013775801267,0.5620194555860005,0.0001,0.6971898674964905,0.0001
2,42,29,0.23668242304124565,0.23322157561779022,0.6568263674423834,0.5649518122436368,0.0001,0.11546726524829865,0.0001
2,42,30,0.23530531971811133,0.23154687881469727,0.6529830565972892,0.568344769989052,0.0001,0.5371095538139343,0.0001
3,42,1,0.3078055156837,0.27476978302001953,0.7558982884616595,0.45721423389811466,0.0001,0.25939294695854187,0.0001
3,42,2,0.287477243509248,0.26793918013572693,0.7423964151601977,0.46921852649284385,0.0001,0.8624429702758789,0.0001
3,42,3,0.28215065463124034,0.26374417543411255,0.7328037742648958,0.47962261011880547,0.0001,0.14000463485717773,0.0001
3,42,4,0.2773726536068961,0.26005715131759644,0.7248920765835429,0.48949631667190446,0.0001,0.363386869430542,0.0001
3,42,5,0.27323156955643235,0.2570525109767914,0.7169996700229845,0.4984280413205922,0.0001,0.4317866265773773,0.0001
3,42,6,0.2697043562826709,0.25524961948394775,0.7109854854846036,0.5055750963152931,0.0001,0.20632927119731903,0.0001
3,42,7,0.26715817313327966,0.25308164954185486,0.7062942597684304,0.5118193059311918,0.0001,0.20194534957408905,0.0001
3,42,8,0.2652051532491345,0.2509359121322632,0.7006479402721729,0.5155704206737799,0.0001,0.12469524890184402,0.0001
3,42,9,0.26272519215245116,0.24865375459194183,0.6947568565562524,0.519435518292797,0.0001,0.14047278463840485,0.0001
3,42,10,0.2607203436232059,0.24918581545352936,0.6950889582270464,0.5235035727635144,0.0001,0.22564303874969482,0.0001
3,42,11,0.2597589434418723,0.24718788266181946,0.6903581321328567,0.5264986091081313,0.0001,0.5347838401794434,0.0001
3,42,12,0.2577609505385996,0.24553227424621582,0.6866474925812407,0.5294010644244251,0.0001,0.2988586723804474,0.0001
3,42,13,0.25673915000719444,0.24360200762748718,0.681995806800945,0.5344493155227166,0.0001,0.16214820742607117,0.0001
3,42,14,0.2551238221654268,0.2427109032869339,0.6799899086716998,0.5375299792989403,0.0001,0.10280002653598785,0.0001
3,42,15,0.25385361164529746,0.24121499061584473,0.6761494591061487,0.5419532082601333,0.0001,0.5510271191596985,0.0001
3,42,16,0.25340140665803,0.24012069404125214,0.6734146296639435,0.5459185819539835,0.0001,0.10570643842220306,0.0001
3,42,17,0.2522142266113067,0.23967142403125763,0.6720519915040476,0.549634527929319,0.0001,0.09197189658880234,0.0001
3,42,18,0.2508346368052135,0.23794834315776825,0.6689196816403057,0.5530284798237025,0.0001,0.21971645951271057,0.0001
3,42,19,0.24900013083609465,0.23688159883022308,0.6660943374576769,0.5579460654744732,0.0001,0.6360287666320801,0.0001
3,42,20,0.24742219400740115,0.23773567378520966,0.6663264103391958,0.5614713530665384,0.0001,0.8722937703132629,0.0001
3,42,21,0.2462903077524399,0.23443539440631866,0.6608064022833992,0.5652222674172903,0.0001,0.13096503913402557,0.0001
3,42,22,0.24485514251985283,0.2336130142211914,0.6593726133765662,0.5693578138584389,0.0001,0.4322513937950134,0.0001
3,42,23,0.24442812155340318,0.23353053629398346,0.6569052812550634,0.575780953344878,0.0001,0.3799498677253723,0.0001
3,42,24,0.24216634174373664,0.23098136484622955,0.6536500589231027,0.5781135744357621,0.0001,0.18154475092887878,0.0001
3,42,25,0.2410939916327735,0.23002690076828003,0.6506963534134207,0.5827750492510095,0.0001,0.597790002822876,0.0001
3,42,26,0.23998259883060633,0.2291831523180008,0.6484405790137959,0.5870211318290044,0.0001,0.2005234956741333,0.0001
3,42,27,0.23885654807647813,0.22798654437065125,0.6454811469250552,0.5914053444996898,0.0001,0.18158450722694397,0.0001
3,42,28,0.23857590890376368,0.2269267737865448,0.6430351623825963,0.5943846300459815,0.0001,0.3194022476673126,0.0001
3,42,29,0.2369360117600343,0.22666901350021362,0.6418040815418967,0.5958519191097996,0.0001,0.3332001268863678,0.0001
3,42,30,0.23684018316112945,0.22819307446479797,0.6423149713023004,0.5955482052428596,0.0001,0.20874406397342682,0.0001
4,42,1,0.2927558902756872,0.3114987909793854,0.8335806783087952,0.4773415785729294,0.0001,0.10005015879869461,0.0001
4,42,2,0.2780596815684451,0.31131094694137573,0.8340163489444525,0.49787504474110633,0.0001,0.3504087030887604,0.0001
4,42,3,0.27295577183076264,0.29976511001586914,0.8085989773202086,0.5183298612331825,0.0001,0.1013740599155426,0.0001
4,42,4,0.26924972732861835,0.29606446623802185,0.7997116562420736,0.5349605398735577,0.0001,0.675334632396698,0.0001
4,42,5,0.26603089408846003,0.29359909892082214,0.7936557960938552,0.5481753871682135,0.0001,0.21492567658424377,0.0001
4,42,6,0.2640109319457024,0.2886170744895935,0.7828023123741149,0.5604658205668358,0.0001,0.25169825553894043,0.0001
4,42,7,0.26066827983421414,0.2827194929122925,0.7701781327567415,0.5708330889963589,0.0001,0.38414087891578674,0.0001
4,42,8,0.2584955615223969,0.27923277020454407,0.7624749846372776,0.5783327499955861,0.0001,0.14759770035743713,0.0001
4,42,9,0.2564678641846362,0.27788400650024414,0.7591624421416643,0.585433671449771,0.0001,0.18597444891929626,0.0001
4,42,10,0.25505124208460295,0.2743188142776489,0.7469018059290812,0.5911032650817879,0.0001,0.25206199288368225,0.0001
4,42,11,0.2534448224466478,0.27237993478775024,0.7428274989984707,0.5989125898295712,0.0001,0.1266242116689682,0.0001
4,42,12,0.25218461382638535,0.27038058638572693,0.7381055431166095,0.6036544321533333,0.0001,0.19275642931461334,0.0001
4,42,13,0.2506734491151901,0.27055901288986206,0.7345245148607357,0.6082472538895983,0.0001,0.10282080620527267,0.0001
4,42,14,0.24932901739450491,0.2684078812599182,0.7303323364400578,0.6127763868015657,0.0001,0.13376526534557343,0.0001
4,42,15,0.24798011214031054,0.2658170461654663,0.724472546948644,0.6189420912026442,0.0001,0.13729512691497803,0.0001
4,42,16,0.24632546452663404,0.26434019207954407,0.7215357103890288,0.6229868046227225,0.0001,0.28748416900634766,0.0001
4,42,17,0.24507501498644305,0.2635387182235718,0.7168041958494814,0.6279666205594028,0.0001,0.1882554143667221,0.0001
4,42,18,0.24346526708838118,0.2638179659843445,0.7162126722592794,0.630880096141888,0.0001,0.6511370539665222,0.0001
4,42,19,0.2426442318611259,0.2618423104286194,0.7097862091035899,0.6352680025079409,0.0001,0.14848151803016663,0.0001
4,42,20,0.24042765729363189,0.2607514262199402,0.7079316821069774,0.6387031127901414,0.0001,0.2488156408071518,0.0001
4,42,21,0.2390823624638342,0.25728991627693176,0.7008514637147595,0.6454311607357006,0.0001,0.8132391571998596,0.0001
4,42,22,0.23763568523397005,0.25714626908302307,0.6990886559886133,0.6475071668055878,0.0001,0.2887292504310608,0.0001
4,42,23,0.2363481734543816,0.25673314929008484,0.6946350089375845,0.6521812300383338,0.0001,0.33381304144859314,0.0001
4,42,24,0.23464345996600808,0.25557997822761536,0.6931856933896413,0.65307514817937,0.0001,0.08200670778751373,0.0001
4,42,25,0.23483235432428096,0.25556978583335876,0.6890466860811154,0.6553552443218092,0.0001,0.25131213665008545,0.0001
4,42,26,0.23243628460106472,0.25309327244758606,0.6876642379789296,0.6595236617687273,0.0001,0.42958858609199524,0.0001
4,42,27,0.23146271888272466,0.251027375459671,0.6817115951726537,0.6650820817671803,0.0001,0.18686357140541077,0.0001
4,42,28,0.23139933364184626,0.2533150315284729,0.6842220062552813,0.6668118452748849,0.0001,0.3895288109779358,0.0001
4,42,29,0.2298672091666893,0.25032952427864075,0.6790433209956049,0.6673531197645709,0.0001,0.6686750054359436,0.0001
4,42,30,0.2290866464955568,0.2507953643798828,0.676742437756704,0.6681093742300785,0.0001,0.9296199083328247,0.0001
0,42,1,0.29114413769445685,0.27586662769317627,0.7580497172866075,0.4568488794981878,0.0003,0.7577401995658875,0.0003
0,42,2,0.27190287741545205,0.26815927028656006,0.7396683618327514,0.4922546003277733,0.0003,0.3311786353588104,0.0003
0,42,3,0.26409269981295147,0.26422396302223206,0.728910216795498,0.5039336138801341,0.0003,0.2823943793773651,0.0003
0,42,4,0.2590571233490917,0.26091721653938293,0.7218973689606815,0.5090802071328447,0.0003,0.5281051993370056,0.0003
0,42,5,0.2562155998087375,0.25830724835395813,0.7158894509606383,0.5140996720556086,0.0003,0.07440530508756638,0.0003
0,42,6,0.25233918172176756,0.2575390636920929,0.7125222090170965,0.5213248255264324,0.0003,0.061411045491695404,0.0003
0,42,7,0.2491225685638802,0.2536429464817047,0.7057375384396409,0.5277422612174394,0.0003,0.40175777673721313,0.0003
0,42,8,0.24598359102400663,0.2514660656452179,0.7007444682164128,0.537003351646951,0.0003,0.08131250739097595,0.0003
0,42,9,0.2417880560304517,0.24829794466495514,0.6917511927122936,0.546765636567384,0.0003,0.3963181674480438,0.0003
0,42,10,0.2409332445068894,0.2538411319255829,0.6969126810500169,0.5573378125777553,0.0003,0.5188779234886169,0.0003
0,42,11,0.23783439207299847,0.24654754996299744,0.684629158419887,0.56443010652343,0.0003,0.4346446692943573,0.0003
0,42,12,0.23573237784555026,0.24126964807510376,0.6753619815223506,0.5716597086842361,0.0003,0.44137147068977356,0.0003
0,42,13,0.23370439182932132,0.24520371854305267,0.674474240470547,0.5751664987781304,0.0003,0.5300039649009705,0.0003
0,42,14,0.23046797686648146,0.24178501963615417,0.6706564594726477,0.5837897833303499,0.0003,0.40332627296447754,0.0003
0,42,15,0.2294800749337562,0.2377539426088333,0.6629112783732878,0.5861049256832914,0.0003,0.20702099800109863,0.0003
0,42,16,0.22841944428804878,0.23588477075099945,0.6599467029436195,0.5938784904097344,0.0003,0.6608679294586182,0.0003
0,42,17,0.2255662050202628,0.23522287607192993,0.6570337167613082,0.5948435154704592,0.0003,0.2701573371887207,0.0003
0,42,18,0.22607748181463402,0.23414117097854614,0.6555135009413607,0.6029874035792183,0.0003,0.15312837064266205,0.0003
0,42,19,0.22321525888465274,0.23239174485206604,0.6509326260207566,0.6061417251681582,0.0003,0.16810351610183716,0.0003
0,42,20,0.22262271814257184,0.23194248974323273,0.6521089481081571,0.6068604090308954,0.0003,0.9336501955986023,0.0003
0,42,21,0.22144997777782868,0.23342525959014893,0.6522185044744888,0.6121090015268953,0.0003,0.4881226420402527,0.0003
0,42,22,0.22147699823446362,0.23029153048992157,0.6459820828152786,0.6125938848141111,0.0003,0.3177933394908905,0.0003
0,42,23,0.21940831225052057,0.23019322752952576,0.6454628530090429,0.6171098500848231,0.0003,0.32949453592300415,0.0003
0,42,24,0.2201363029769648,0.2426447570323944,0.6692715013707964,0.6189714865684358,0.0003,1.1157093048095703,0.0003
0,42,25,0.21819831639249748,0.22818495333194733,0.6412790213878644,0.6200696316631826,0.0003,0.12916335463523865,0.0003
0,42,26,0.216888218048577,0.227476567029953,0.6385719113663616,0.6238401569321127,0.0003,0.8029639720916748,0.0003
0,42,27,0.21587233689343818,0.23022142052650452,0.6433417495540881,0.6228362759710464,0.0003,0.7778310179710388,0.0003
0,42,28,0.21550695232141798,0.23245380818843842,0.6470740865791589,0.6227418715633575,0.0003,0.8833370208740234,0.0003
0,42,29,0.21368114622953896,0.22609463334083557,0.633993389384103,0.6266475608590041,0.0003,0.23735006153583527,0.0003
0,42,30,0.2145562481100314,0.22605086863040924,0.6360843202372923,0.628625985474226,0.0003,0.6853038668632507,0.0003
1,42,1,0.29322806980008276,0.2744227349758148,0.7576584622250544,0.3732242163890347,0.0003,0.17085731029510498,0.0003
1,42,2,0.273083829122169,0.2635709345340729,0.7319294616602283,0.4045071117008964,0.0003,0.27644020318984985,0.0003
1,42,3,0.26501497545531977,0.2593805193901062,0.7179156369407438,0.4315586669991615,0.0003,0.10634120553731918,0.0003
1,42,4,0.2620156236118245,0.2556261420249939,0.7077814357056212,0.44335575189023274,0.0003,0.7293286919593811,0.0003
1,42,5,0.25763728322269763,0.25258174538612366,0.7004397105600445,0.4535843875926862,0.0003,0.0747610554099083,0.0003
1,42,6,0.2540841115857953,0.24962115287780762,0.6938487073159895,0.4674868523545076,0.0003,0.45156317949295044,0.0003
1,42,7,0.25016588990933425,0.2477465271949768,0.6895748706925966,0.4763686124502027,0.0003,0.4497540593147278,0.0003
1,42,8,0.2469374792709529,0.24583375453948975,0.682076555431691,0.4907377303729862,0.0003,0.16496773064136505,0.0003
1,42,9,0.24346715578966052,0.24246616661548615,0.6744165660019946,0.5032102319718398,0.0003,0.1901407390832901,0.0003
1,42,10,0.2396858285409268,0.24468404054641724,0.680879142729869,0.5011990614207006,0.0003,0.3811224102973938,0.0003
1,42,11,0.23827903543120232,0.2419378161430359,0.6711925215927832,0.511916152948226,0.0003,0.18029147386550903,0.0003
1,42,12,0.23657320798000442,0.2384355664253235,0.6647235481193782,0.526725958488992,0.0003,0.3273654878139496,0.0003
1,42,13,0.2334337077909541,0.23489290475845337,0.6527630063414751,0.5430900549787517,0.0003,0.24254176020622253,0.0003
1,42,14,0.23175406454879546,0.2414180338382721,0.673081387717984,0.5383605601608283,0.0003,0.3420715928077698,0.0003
1,42,15,0.22936430077686487,0.23647288978099823,0.6582650673157787,0.5462691158608467,0.0003,0.6326769590377808,0.0003
1,42,16,0.22915883177351729,0.23178762197494507,0.6439436095569879,0.5583821189501645,0.0003,0.31764286756515503,0.0003
1,42,17,0.22922413060598285,0.24561652541160583,0.6667828619604866,0.5621180495316616,0.0003,0.8463643789291382,0.0003
1,42,18,0.23086019450258985,0.24157603085041046,0.6714401278902062,0.5511076640777461,0.0003,0.41753891110420227,0.0003
1,42,19,0.22778396867146003,0.23248496651649475,0.6461297920038882,0.565726069814433,0.0003,0.6368753910064697,0.0003
1,42,20,0.22546416944432482,0.22948625683784485,0.6417975950740022,0.566504733527041,0.0003,0.3655780851840973,0.0003
1,42,21,0.22556213154971042,0.2316632717847824,0.6497109867745985,0.569613897633019,0.0003,0.349261611700058,0.0003
2,42,1,0.2919803767003746,0.2723459303379059,0.744893107464139,0.4149752485756365,0.0003,0.2695109248161316,0.0003
2,42,2,0.27327616086630063,0.26707521080970764,0.7350057165006173,0.44554713728217576,0.0003,0.5127952098846436,0.0003
2,42,3,0.26575145081938983,0.25895026326179504,0.7160427123014168,0.46144660188358294,0.0003,0.3296597898006439,0.0003
2,42,4,0.26089888178856574,0.25563541054725647,0.7092776703941448,0.47399216514680037,0.0003,0.09644369035959244,0.0003
2,42,5,0.25756532826713313,0.25282222032546997,0.7035815541876093,0.48676675646449796,0.0003,0.331998735666275,0.0003
2,42,6,0.254113346717068,0.2503635883331299,0.6990013773737112,0.4968215719710114,0.0003,0.565065324306488,0.0003
2,42,7,0.25248889076375514,0.24699892103672028,0.690220180790877,0.5081828133415043,0.0003,0.1875738501548767,0.0003
2,42,8,0.24990470895700365,0.2453659623861313,0.6852438237599372,0.5208502149607668,0.0003,0.20350381731987,0.0003
2,42,9,0.24679257660268622,0.24365496635437012,0.6849298287150749,0.5281720388653658,0.0003,0.27502012252807617,0.0003
2,42,10,0.24580105680728628,0.238522469997406,0.6725291566178759,0.540580308943512,0.0003,0.6970453858375549,0.0003
2,42,11,0.24093080339030684,0.23619802296161652,0.6657794720175021,0.5519606372167065,0.0003,0.10518697649240494,0.0003
2,42,12,0.2384528777643899,0.24507279694080353,0.681232524409957,0.5641269184791239,0.0003,0.6033878326416016,0.0003
2,42,13,0.23807096970415562,0.23512572050094604,0.6603471213570269,0.5699514331525829,0.0003,0.5489040613174438,0.0003
2,42,14,0.23532405629336278,0.23176008462905884,0.6513912354884126,0.5782197687465037,0.0003,0.7067875266075134,0.0003
2,42,15,0.23390717466857947,0.23666489124298096,0.660778998287982,0.5753975876285936,0.0003,0.48413532972335815,0.0003
2,42,16,0.23451003913010393,0.2284897118806839,0.6425072786162965,0.5873369449528771,0.0003,0.45573094487190247,0.0003
2,42,17,0.23313503596270196,0.22755759954452515,0.6397664169060632,0.5897285837879537,0.0003,0.21919241547584534,0.0003
2,42,18,0.23069311686765367,0.22641615569591522,0.6383328716922412,0.5936085542910929,0.0003,0.5158308744430542,0.0003
2,42,19,0.22804703839471407,0.22513921558856964,0.6314937503598018,0.5979370222032199,0.0003,0.67318195104599,0.0003
2,42,20,0.22596640994615644,0.22437113523483276,0.6277408250315485,0.6004793758862923,0.0003,0.26988905668258667,0.0003
2,42,21,0.2254749147022996,0.22466430068016052,0.6296204783492381,0.6022440481678192,0.0003,0.16787023842334747,0.0003
2,42,22,0.22444996408770018,0.2232389599084854,0.6240646468506087,0.6001945586898337,0.0003,0.20432689785957336,0.0003
2,42,23,0.2247276384473961,0.22390471398830414,0.6249133900070761,0.6109243697423204,0.0003,0.23350603878498077,0.0003
2,42,24,0.2242183438528364,0.22386883199214935,0.6272547200549343,0.611676942022135,0.0003,0.40209048986434937,0.0003
2,42,25,0.2226235887213288,0.22504818439483643,0.6318838892710049,0.6154983780124441,0.0003,0.2443292737007141,0.0003
2,42,26,0.22410646125534986,0.2222183346748352,0.625676608221057,0.6140785603804533,0.0003,0.2911480963230133,0.0003
2,42,27,0.22153251264696924,0.22590479254722595,0.6303161985884869,0.6146568879265236,0.0003,0.18416425585746765,0.0003
3,42,1,0.29395411857934756,0.2637113928794861,0.7327532427977375,0.47961663844208685,0.0003,0.35282060503959656,0.0003
3,42,2,0.2752294382815049,0.25562208890914917,0.7138969173203312,0.5009215369775751,0.0003,0.8487361073493958,0.0003
3,42,3,0.2678879369530722,0.25258511304855347,0.7031487514227851,0.5135559817404095,0.0003,0.3127579689025879,0.0003
3,42,4,0.26301626627133273,0.24779856204986572,0.6918587002661551,0.5207051408493905,0.0003,0.5206089019775391,0.0003
3,42,5,0.2592495970246948,0.2445884495973587,0.6840130557073071,0.5286543844035715,0.0003,0.6062731742858887,0.0003
3,42,6,0.25623110760595197,0.2482130527496338,0.6888265753148738,0.537296723201607,0.0003,0.12392555922269821,0.0003
3,42,7,0.25309388112241976,0.24087214469909668,0.6764155176473484,0.5471100516944599,0.0003,0.07782518118619919,0.0003
3,42,8,0.2504740620495003,0.23832526803016663,0.6677572950867794,0.5571176400333222,0.0003,0.19142146408557892,0.0003
3,42,9,0.24769078134376313,0.23942266404628754,0.6672378188932957,0.5674485405607046,0.0003,0.3511713445186615,0.0003
3,42,10,0.24482928778523597,0.23249679803848267,0.6572564330763881,0.574179922769582,0.0003,0.4349270761013031,0.0003
3,42,11,0.24399255558709118,0.2320525348186493,0.6524006490179954,0.5841513462348858,0.0003,0.19670183956623077,0.0003
3,42,12,0.24014898026100942,0.2270914763212204,0.6441612256909699,0.5896570058856054,0.0003,0.29488396644592285,0.0003
3,42,13,0.24004967277295122,0.22916901111602783,0.6441169034846694,0.599166199688662,0.0003,0.1670830249786377,0.0003
3,42,14,0.2366465639009654,0.22384986281394958,0.6341962606917583,0.604153932452422,0.0003,0.483187198638916,0.0003
3,42,15,0.23513979880609245,0.22400331497192383,0.6320424917246729,0.6111665646034018,0.0003,0.7471330761909485,0.0003
3,42,16,0.234041398841644,0.22271659970283508,0.6303837380744238,0.6147925947618359,0.0003,0.5239978432655334,0.0003
3,42,17,0.23244596064647782,0.21984142065048218,0.6237094657766802,0.6187842398254113,0.0003,0.14195320010185242,0.0003
3,42,18,0.23071509151258202,0.21891221404075623,0.6201489208204329,0.6219336981190016,0.0003,0.28612053394317627,0.0003
3,42,19,0.22943006674820018,0.21851402521133423,0.6172619144371272,0.6269646554018291,0.0003,0.4029017686843872,0.0003
3,42,20,0.22858855751073248,0.21702855825424194,0.6133640980827435,0.6268983457432316,0.0003,1.0001730918884277,0.0003
3,42,21,0.2271230367466668,0.21595795452594757,0.6095024401688968,0.6284997771022,0.0003,0.16163575649261475,0.0003
3,42,22,0.22661935074864148,0.2199760377407074,0.6194813286420654,0.6303694529731017,0.0003,0.2551628649234772,0.0003
3,42,23,0.2269680810086081,0.22653955221176147,0.6218101113865372,0.6325348069983121,0.0003,0.36279061436653137,0.0003
3,42,24,0.22598849238636337,0.21497653424739838,0.608833117036007,0.6350638885888026,0.0003,0.4005681574344635,0.0003
3,42,25,0.22405242784558055,0.21491660177707672,0.6070135540669988,0.6348288326215447,0.0003,1.1072678565979004,0.0003
3,42,26,0.22371359826805434,0.21510249376296997,0.6069890274310148,0.6367905448235106,0.0003,0.3621388375759125,0.0003
4,42,1,0.28118550677203275,0.2998288869857788,0.8084517189985263,0.518252328359433,0.0003,0.08613258600234985,0.0003
4,42,2,0.2679534913534897,0.28787386417388916,0.780385158133364,0.5551372359020844,0.0003,0.41347670555114746,0.0003
4,42,3,0.26149412771333314,0.27969250082969666,0.7633790555828346,0.5773331132372264,0.0003,0.1765761375427246,0.0003
4,42,4,0.2568798805566112,0.2731300890445709,0.7451660476616042,0.5948445365888493,0.0003,0.5020468831062317,0.0003
4,42,5,0.25284705955885983,0.2706989049911499,0.7349842520816597,0.6058355328349964,0.0003,0.18008467555046082,0.0003
4,42,6,0.25059491952794904,0.26655882596969604,0.7240888929652597,0.6170885268165892,0.0003,0.5000423192977905,0.0003
4,42,7,0.24705370538972418,0.2623562812805176,0.7152239969676126,0.6298590620320023,0.0003,0.525347888469696,0.0003
4,42,8,0.2438915472572338,0.2611083388328552,0.710244161597269,0.6338901177415601,0.0003,0.25488585233688354,0.0003
4,42,9,0.23994647623533982,0.2572752833366394,0.6997961030034962,0.6447690872741704,0.0003,0.21615278720855713,0.0003
4,42,10,0.23599414364817609,0.2590724229812622,0.6977944103115333,0.6543070760351999,0.0003,0.2976430058479309,0.0003
4,42,11,0.23412087042948235,0.25476953387260437,0.6852865799030144,0.6589505026084702,0.0003,0.20034439861774445,0.0003
4,42,12,0.2335666693602264,0.2498815357685089,0.6760685404189333,0.6688849124799342,0.0003,0.5306493639945984,0.0003
4,42,13,0.22908863140150393,0.24947498738765717,0.6751932803313889,0.671812645864142,0.0003,0.22093789279460907,0.0003
4,42,14,0.22935495604670458,0.25425654649734497,0.6768010080788663,0.6736872189173582,0.0003,0.21324002742767334,0.0003
4,42,15,0.2276359588041434,0.2516086995601654,0.6711786106817738,0.6746452083377051,0.0003,0.1661282777786255,0.0003
4,42,16,0.2258472596984273,0.25061488151550293,0.6653731951313818,0.6781621036050894,0.0003,0.3707587420940399,0.0003
4,42,17,0.22454581014333105,0.2524934411048889,0.6668835813842134,0.6766037403309166,0.0003,0.23942023515701294,0.0003
4,42,18,0.2226340634628618,0.24785064160823822,0.6614803485099428,0.6843243194232752,0.0003,0.5838282108306885,0.0003
4,42,19,0.22302234981359387,0.24796482920646667,0.6664906019079471,0.6794370073268725,0.0003,0.2723674476146698,0.0003
4,42,20,0.22259243318229158,0.2596452534198761,0.6782014732018202,0.6809555550212536,0.0003,1.0669502019882202,0.0003
4,42,21,0.22089009797715642,0.2467985600233078,0.6576340406669114,0.6900337688935064,0.0003,0.7151561379432678,0.0003
4,42,22,0.21988409436871653,0.246251180768013,0.6580846297241256,0.6885101687671094,0.0003,0.2776775360107422,0.0003
4,42,23,0.21963684341030806,0.24541641771793365,0.6537090490392582,0.6939670972825946,0.0003,0.2766752541065216,0.0003
4,42,24,0.2178796366725802,0.24610741436481476,0.6593875167469778,0.6888715283669173,0.0003,0.26253876090049744,0.0003
4,42,25,0.21812903003485926,0.24729354679584503,0.6606315477451165,0.6936630052887054,0.0003,0.32606494426727295,0.0003
4,42,26,0.21829601703559692,0.2435958832502365,0.6591120919495999,0.6888699784176536,0.0003,0.6155073046684265,0.0003
0,42,1,0.2822410418162836,0.2675686776638031,0.7371482541871264,0.49891238551269257,0.001,0.7849670648574829,0.001
0,42,2,0.2639734992579879,0.2638629674911499,0.728004486167386,0.5081728547287381,0.001,0.16833776235580444,0.001
0,42,3,0.2569201184098966,0.25775501132011414,0.7139626632378325,0.5142844129247413,0.001,0.47402411699295044,0.001
0,42,4,0.2536765911813094,0.2541661262512207,0.7052613782761608,0.5252182107876233,0.001,0.7562106847763062,0.001
0,42,5,0.25234354070413895,0.25350284576416016,0.7041458201679321,0.533647416229576,0.001,0.15219280123710632,0.001
0,42,6,0.2441413284239368,0.25783878564834595,0.7071879164042937,0.5444914788053361,0.001,0.4572261869907379,0.001
0,42,7,0.2420696103071498,0.250201016664505,0.6915002358105949,0.5556834064505577,0.001,0.1137106865644455,0.001
0,42,8,0.23683982595105038,0.24491623044013977,0.6867232063055481,0.5661050182626476,0.001,0.21396586298942566,0.001
0,42,9,0.23263016202739467,0.24998676776885986,0.6852910637912637,0.5786844506752686,0.001,0.27451199293136597,0.001
0,42,10,0.2332205841920086,0.23783138394355774,0.6630912377859353,0.5856028850070379,0.001,0.38743218779563904,0.001
0,42,11,0.23334149925508232,0.2358786165714264,0.6640816387132409,0.5893404258448374,0.001,0.30681827664375305,0.001
0,42,12,0.22968203438776677,0.23604872822761536,0.6627251177824931,0.5924515831174618,0.001,0.5202957987785339,0.001
0,42,13,0.22910412043054526,0.23264417052268982,0.6530137455467059,0.6032357486916125,0.001,0.5546892285346985,0.001
0,42,14,0.22422153680124016,0.23774392902851105,0.6624564025526889,0.6090145168221327,0.001,0.6198011636734009,0.001
0,42,15,0.22724032677779687,0.23063766956329346,0.6478702247752288,0.6098898266348799,0.001,0.2721034586429596,0.001
0,42,16,0.22585780496909239,0.23127079010009766,0.6535206107302183,0.6083908786196945,0.001,0.5792720317840576,0.001
0,42,17,0.21916810773243414,0.2299029380083084,0.6445664154453392,0.613028243285638,0.001,0.43013155460357666,0.001
0,42,18,0.217910283636824,0.22822000086307526,0.6404754611679699,0.6218413324682329,0.001,0.2268649935722351,0.001
0,42,19,0.21717307532502111,0.23019623756408691,0.6506813860673805,0.6214076014406862,0.001,0.20265710353851318,0.001
0,42,20,0.21573763687476932,0.22901293635368347,0.6432001305289418,0.6265857801778525,0.001,0.9539003968238831,0.001
0,42,21,0.22044136266842065,0.2286439836025238,0.6425813726908509,0.625696703473133,0.001,0.4225532114505768,0.001
0,42,22,0.21566541589866176,0.22696129977703094,0.6436895538787756,0.616107592294426,0.001,0.14567463099956512,0.001
0,42,23,0.21232152665886925,0.22942791879177094,0.6453123246130295,0.6267658318872741,0.001,0.4975515902042389,0.001
1,42,1,0.2826856212638249,0.26012974977493286,0.7226664046072283,0.42118388531384654,0.001,0.31200215220451355,0.001
1,42,2,0.263201713617717,0.253690242767334,0.7034812023892709,0.449183656108758,0.001,0.3174319863319397,0.001
1,42,3,0.25545935918794616,0.2551923990249634,0.7025395742339403,0.4725139294904749,0.001,0.11280286312103271,0.001
1,42,4,0.25081464506198314,0.2498595416545868,0.6911978857898569,0.4818517219640638,0.001,0.40833067893981934,0.001
1,42,5,0.24964868870851034,0.2445954531431198,0.6819361911939041,0.4949388312136583,0.001,0.26457834243774414,0.001
1,42,6,0.24244515320965063,0.2507639527320862,0.6851176007018496,0.5240404982322922,0.001,0.2910010814666748,0.001
1,42,7,0.24187653092580422,0.23950600624084473,0.665299069756706,0.5245887510699595,0.001,0.8087972402572632,0.001
1,42,8,0.23457303655481784,0.24031729996204376,0.6638492623287823,0.5393324473722392,0.001,0.1665596216917038,0.001
1,42,9,0.23851129983073083,0.24929602444171906,0.678880175931215,0.546485920109932,0.001,0.7689639329910278,0.001
1,42,10,0.23353423381520208,0.23672890663146973,0.6611209054556306,0.5438173181091521,0.001,0.4041450023651123,0.001
1,42,11,0.22998158789126671,0.23282600939273834,0.6521679594983613,0.5538681859500995,0.001,0.5752642154693604,0.001
1,42,12,0.23506833429648497,0.2322053164243698,0.6486061767327232,0.5589114547704424,0.001,0.1837713122367859,0.001
1,42,13,0.22755183702317353,0.22977469861507416,0.6406527530060043,0.567730552246035,0.001,0.3805854320526123,0.001
1,42,14,0.22284958289048382,0.23236079514026642,0.6452432058958729,0.5627747746311182,0.001,0.23819521069526672,0.001
1,42,15,0.22378332522984978,0.22695420682430267,0.6329818233210588,0.5766962766456091,0.001,0.5963026881217957,0.001
1,42,16,0.22261108884187503,0.22705070674419403,0.6295558753391375,0.579176049139121,0.001,0.37526461482048035,0.001
1,42,17,0.21972973545020985,0.22967365384101868,0.6412010098073871,0.5880864252314604,0.001,0.5498603582382202,0.001
1,42,18,0.22615554359471687,0.22483499348163605,0.6314383015967627,0.5781091614210971,0.001,0.220005601644516,0.001
1,42,19,0.22122769472755005,0.22500067949295044,0.6304071317766815,0.5837986948715354,0.001,0.4732894003391266,0.001
1,42,20,0.2158346328389979,0.22576653957366943,0.6354320577156739,0.5909694067365117,0.001,0.3008962869644165,0.001
2,42,1,0.28248105688629865,0.2614138424396515,0.7217368019999233,0.45794703557662825,0.001,0.2131630778312683,0.001
2,42,2,0.2611426632872252,0.25554901361465454,0.7087363150301536,0.47770248375482827,0.001,0.37377166748046875,0.001
2,42,3,0.2562190943343617,0.24830196797847748,0.6933695754377653,0.5038429230834981,0.001,0.30279502272605896,0.001
2,42,4,0.24968356583720056,0.24629902839660645,0.6873251024739446,0.5199111177766649,0.001,0.08427248895168304,0.001
2,42,5,0.24576461091219823,0.23682290315628052,0.6668642046063115,0.5416963568960096,0.001,0.5539171695709229,0.001
2,42,6,0.24034684396792794,0.23397496342658997,0.6580642700195313,0.5630982861346915,0.001,0.273050993680954,0.001
2,42,7,0.2372902816255516,0.2397059053182602,0.667608817589479,0.575420692829995,0.001,0.5916699767112732,0.001
2,42,8,0.23612236925931734,0.2303231805562973,0.6408772546970612,0.5751751524719981,0.001,0.2681620419025421,0.001
2,42,9,0.2327355793480561,0.24319863319396973,0.6731458582258012,0.5840891511961445,0.001,0.23929505050182343,0.001
2,42,10,0.23604510425407196,0.2315700352191925,0.648392531134088,0.5951820525731676,0.001,1.1142246723175049,0.001
2,42,11,0.2283134370095262,0.22369177639484406,0.6268409564641203,0.6009156293420654,0.001,0.14795303344726562,0.001
2,42,12,0.2241790412965222,0.22440095245838165,0.630651116549345,0.6105121633305036,0.001,0.12157562375068665,0.001
2,42,13,0.22532286306407964,0.2227129489183426,0.6238505606800986,0.6144605476736985,0.001,0.3614221513271332,0.001
2,42,14,0.2296792442887743,0.23586073517799377,0.6485224068931044,0.6162219936434947,0.001,1.0599557161331177,0.001
2,42,15,0.22577177061655812,0.22105759382247925,0.6201864468213867,0.6118636673184554,0.001,0.25566697120666504,0.001
2,42,16,0.22428762911079086,0.21988508105278015,0.623100382729318,0.6218829884180512,0.001,0.19443760812282562,0.001
2,42,17,0.2225957920506736,0.2235974818468094,0.6267594009308182,0.6163644323005288,0.001,0.29415199160575867,0.001
2,42,18,0.22378855541487722,0.22378462553024292,0.6281669236227357,0.6255305805676304,0.001,0.21337096393108368,0.001
2,42,19,0.21746560440999324,0.2170458287000656,0.6124381279482078,0.6268777598397995,0.001,0.9130286574363708,0.001
2,42,20,0.216985356451195,0.21648649871349335,0.6094286672595014,0.6296000254900712,0.001,0.7033202648162842,0.001
2,42,21,0.21575694425083766,0.21734309196472168,0.6166966892179709,0.6332077597412142,0.001,0.3421473801136017,0.001
2,42,22,0.2149559296904323,0.2192988097667694,0.6181874538644012,0.6246173577471142,0.001,0.4218082129955292,0.001
2,42,23,0.2145141994228987,0.22721166908740997,0.6299590595028682,0.6307195155822517,0.001,0.4653260409832001,0.001
2,42,24,0.2167386980702944,0.21585211157798767,0.6092685147643269,0.6300747742553777,0.001,0.31536635756492615,0.001
3,42,1,0.2832715809011014,0.25429269671440125,0.7085946206519066,0.5084542311162852,0.001,0.5040073990821838,0.001
3,42,2,0.264422377208683,0.246644988656044,0.6889500393033563,0.5256629951903734,0.001,0.9390916228294373,0.001
3,42,3,0.25763817333729466,0.24530093371868134,0.6827784356657521,0.5430715750587652,0.001,0.38671907782554626,0.001
3,42,4,0.2535773839237534,0.2378384917974472,0.6657006018685653,0.5554943659642083,0.001,0.7225126028060913,0.001
3,42,5,0.24639052871788775,0.23061999678611755,0.652514588708122,0.5782552314247696,0.001,0.7548800706863403,0.001
3,42,6,0.24488075109842783,0.22752663493156433,0.6440562098550155,0.5930413634895858,0.001,0.14814557135105133,0.001
3,42,7,0.23640685930987385,0.22475236654281616,0.635895636477278,0.6092048487621348,0.001,0.1887407898902893,0.001
3,42,8,0.23418999170031504,0.2224321812391281,0.6307743471655967,0.6188334522411602,0.001,0.12547412514686584,0.001
3,42,9,0.23287276802776016,0.2219131737947464,0.6281712242092252,0.6241983062206803,0.001,0.4007716476917267,0.001
3,42,10,0.23111253136786344,0.22500953078269958,0.6225475926534656,0.618494232760067,0.001,0.1929922252893448,0.001
3,42,11,0.2292675306863874,0.21645556390285492,0.6105909521590435,0.6292514268405913,0.001,0.21808232367038727,0.001
3,42,12,0.22755684371306517,0.22204525768756866,0.6229702560498932,0.6315544300180854,0.001,0.4401543140411377,0.001
3,42,13,0.22833470568478664,0.2130281776189804,0.6042902726228996,0.633402359701511,0.001,0.19546186923980713,0.001
3,42,14,0.2237315089680324,0.21292966604232788,0.6035260045118575,0.6400675962385084,0.001,0.5704775452613831,0.001
3,42,15,0.22606396649485436,0.21407680213451385,0.598884506553456,0.6445041476947937,0.001,0.9060021638870239,0.001
3,42,16,0.22212669467257562,0.21353618800640106,0.6064458399717049,0.6411975256460889,0.001,1.078063726425171,0.001
3,42,17,0.22008946462769374,0.20917750895023346,0.596058807187729,0.6424021010126527,0.001,0.15347984433174133,0.001
3,42,18,0.21769117128069157,0.20926688611507416,0.5935863589812822,0.6401082156637056,0.001,0.33910003304481506,0.001
3,42,19,0.22213072849768345,0.21567972004413605,0.6015448521498608,0.6353289769319719,0.001,0.9553412199020386,0.001
3,42,20,0.21536542772689712,0.20991338789463043,0.5909758257331335,0.6442737607627328,0.001,0.37906545400619507,0.001
3,42,21,0.21299310268085694,0.20611079037189484,0.5846747306287734,0.6457328337612669,0.001,0.2714947760105133,0.001
3,42,22,0.21393281414130025,0.21410483121871948,0.6067166418808281,0.6422726679256531,0.001,0.4204831123352051,0.001
3,42,23,0.21308495445786235,0.2066982090473175,0.5877265771515167,0.6438184905500769,0.001,0.21418163180351257,0.001
3,42,24,0.20981413234617108,0.20967158675193787,0.5928977624040727,0.6430654244728102,0.001,0.20670294761657715,0.001
3,42,25,0.21506187301929866,0.2100793421268463,0.5992342432589454,0.6441633649001719,0.001,1.9084731340408325,0.001
3,42,26,0.21262143208044712,0.22663681209087372,0.6283054517024658,0.6380353625100837,0.001,0.8771647214889526,0.001
4,42,1,0.27261771740578394,0.2861759066581726,0.7775942846829307,0.5697787410419053,0.001,0.27227193117141724,0.001
4,42,2,0.2574858103276012,0.2738640606403351,0.7431002053100907,0.602348207378893,0.001,0.1536923199892044,0.001
4,42,3,0.2527471056433537,0.26410728693008423,0.7212972535487421,0.6251672045765385,0.001,0.15360163152217865,0.001
4,42,4,0.2475217913788352,0.278307169675827,0.743729701085005,0.6383296555343905,0.001,0.20229347050189972,0.001
4,42,5,0.245636377054836,0.25530481338500977,0.6935372862273348,0.651046626918749,0.001,0.10245652496814728,0.001
4,42,6,0.23416294026089712,0.252183198928833,0.6836052740119889,0.662903517366131,0.001,0.34736302495002747,0.001
4,42,7,0.23591264472057644,0.25203824043273926,0.6849737502001002,0.6637096922754624,0.001,0.7780801653862,0.001
4,42,8,0.23468933168726294,0.26488399505615234,0.7004822331417107,0.6624831993066617,0.001,0.3417861759662628,0.001
4,42,9,0.23022882353029978,0.25494489073753357,0.6731429884819213,0.676330284996503,0.001,0.1515827775001526,0.001
4,42,10,0.2251377797091132,0.24835821986198425,0.6666823641411559,0.6800775590862919,0.001,0.3054298162460327,0.001
4,42,11,0.22519076238031344,0.25838083028793335,0.6733034204722879,0.6751587850327533,0.001,0.8383721709251404,0.001
4,42,12,0.2210679794640819,0.2706715166568756,0.6910404317821571,0.6846571156723634,0.001,0.20189720392227173,0.001
4,42,13,0.22131217784500265,0.24416483938694,0.6544055877474254,0.6882521324084896,0.001,0.2801448106765747,0.001
4,42,14,0.2192053736503527,0.24573610723018646,0.6591638470695403,0.6905164875077554,0.001,0.42906883358955383,0.001
4,42,15,0.22008319771521473,0.24587099254131317,0.65370864922415,0.6911048643516944,0.001,0.28380295634269714,0.001
4,42,16,0.21967092993904477,0.24620476365089417,0.6590215316646826,0.6936847850952447,0.001,1.2134904861450195,0.001
4,42,17,0.22061659335555517,0.24238483607769012,0.6537053972090076,0.692388262600612,0.001,0.24540221691131592,0.001
4,42,18,0.21549987093571946,0.24483919143676758,0.6545132798063541,0.6980858358362236,0.001,0.34732162952423096,0.001
0,42,1,0.26769361680913195,0.29102692008018494,0.7873213948569221,0.5115587687056339,0.003,0.07592102885246277,0.003
0,42,2,0.2584459718142714,0.2690040171146393,0.7251432223334349,0.5244243600954993,0.003,0.7180898785591125,0.003
0,42,3,0.24888965747066746,0.2523544132709503,0.6928738150810533,0.5492570277336558,0.003,0.16208921372890472,0.003
0,42,4,0.2412961478378171,0.24085868895053864,0.6743905659128284,0.5708357348584708,0.003,1.4771548509597778,0.003
0,42,5,0.24244445462093175,0.24286533892154694,0.6797187451026272,0.572472716798086,0.003,0.21528080105781555,0.003
0,42,6,0.2423431749488706,0.2423233538866043,0.6807208389038548,0.5759089891440164,0.003,0.11616508662700653,0.003
0,42,7,0.2302984061865049,0.2355331927537918,0.6536924270614287,0.6017233343716157,0.003,0.1137499138712883,0.003
0,42,8,0.2290314663013565,0.2413875162601471,0.6704409307450008,0.6040589767689354,0.003,0.09731049090623856,0.003
0,42,9,0.23248450664716347,0.23568454384803772,0.6584582572795971,0.6052066586278102,0.003,0.15857519209384918,0.003
0,42,10,0.22729381439841798,0.2407800406217575,0.6709731153686392,0.6108826660275666,0.003,0.24362057447433472,0.003
0,42,11,0.22701602591532413,0.23034480214118958,0.6436890394648537,0.6182952656519718,0.003,0.5744618773460388,0.003
0,42,12,0.22330371095755389,0.23169361054897308,0.6545373927410136,0.6109724213538323,0.003,0.09726566076278687,0.003
0,42,13,0.21818073101689883,0.22659671306610107,0.639288332254193,0.6215783187023833,0.003,0.3751940429210663,0.003
0,42,14,0.21739874341777551,0.2255995273590088,0.638364045960673,0.6149302324631913,0.003,0.6511623859405518,0.003
0,42,15,0.22123914695231714,0.23342883586883545,0.6483577159438341,0.6262883191233558,0.003,0.3637199103832245,0.003
0,42,16,0.2170340299606323,0.29801544547080994,0.7846845842747852,0.6166253236204822,0.003,1.7112493515014648,0.003
0,42,17,0.22518371063972187,0.22538769245147705,0.6372623002354604,0.626637320856387,0.003,0.276660293340683,0.003
0,42,18,0.21892908512431886,0.22461457550525665,0.6341770773069471,0.6270178241238878,0.003,0.2169049233198166,0.003
0,42,19,0.2138557258944645,0.223292738199234,0.6300120305038618,0.6322405260457563,0.003,0.23232395946979523,0.003
0,42,20,0.21075259293351217,0.2301500290632248,0.643434037729594,0.6337004177691594,0.003,0.7938061952590942,0.003
0,42,21,0.21087648254131602,0.23299619555473328,0.6492892575321084,0.6356144165362132,0.003,0.20771649479866028,0.003
0,42,22,0.2223530471826268,0.2290055900812149,0.6499419956841718,0.6144882090234117,0.003,0.5290525555610657,0.003
0,42,23,0.20972023399076728,0.2388138324022293,0.6628343680749645,0.636559282218009,0.003,0.6867415904998779,0.003
0,42,24,0.2110284408230648,0.2319219559431076,0.6511251540911123,0.6334765003733801,0.003,0.8940795063972473,0.003
1,42,1,0.2763136824937624,0.26980918645858765,0.7418016178262251,0.45083897528718836,0.003,0.35814186930656433,0.003
1,42,2,0.26408081430141056,0.24875612556934357,0.6902063731548498,0.47295344955657964,0.003,0.46614304184913635,0.003
1,42,3,0.24919714344996158,0.25296860933303833,0.6985785702989062,0.49414455695386134,0.003,0.07821513712406158,0.003
1,42,4,0.24530299511468298,0.2433355152606964,0.6752456539593114,0.5264871859845859,0.003,0.3999364674091339,0.003
1,42,5,0.2445215529426236,0.23807738721370697,0.6654352981555979,0.5336287608333713,0.003,0.33940988779067993,0.003
1,42,6,0.24150637577627307,0.26306018233299255,0.7174785478589069,0.5363542942392395,0.003,0.15634337067604065,0.003
1,42,7,0.2421918606423886,0.23385462164878845,0.6523956654068244,0.5527214219277172,0.003,0.89754718542099,0.003
1,42,8,0.22959415485925763,0.234562486410141,0.6523336930410388,0.566228593167267,0.003,0.36594486236572266,0.003
1,42,9,0.22783815963245999,0.23372626304626465,0.6510046509171102,0.565259657124031,0.003,0.21779274940490723,0.003
1,42,10,0.22379231320363338,0.22757485508918762,0.6414141700727524,0.5838851239986548,0.003,0.40361055731773376,0.003
1,42,11,0.22622451862999213,0.2357015758752823,0.6525642882690658,0.5810694742504133,0.003,0.120802141726017,0.003
1,42,12,0.2281487766938789,0.2297772765159607,0.6467485900844695,0.5713482915472745,0.003,0.6994178891181946,0.003
1,42,13,0.23533166187945928,0.22436532378196716,0.6290285121592706,0.579784399577584,0.003,0.37415507435798645,0.003
1,42,14,0.21912405145502536,0.22609436511993408,0.6317617479389914,0.5796129039898521,0.003,0.18802139163017273,0.003
1,42,15,0.22355725003180102,0.23289304971694946,0.6423206786795761,0.5805351486660146,0.003,0.40430909395217896,0.003
1,42,16,0.22300952848429992,0.22501057386398315,0.6303039957910376,0.5789613890858627,0.003,0.3496139645576477,0.003
1,42,17,0.21740219327333932,0.22812026739120483,0.6363823664313119,0.5941102929172011,0.003,0.668481707572937,0.003
1,42,18,0.221633154387786,0.22416698932647705,0.6318612486150768,0.5861997733742758,0.003,0.3873501420021057,0.003
2,42,1,0.2823707649863769,0.25616079568862915,0.7090270830875733,0.472560023404782,0.003,0.3079696595668793,0.003
2,42,2,0.25754118802948534,0.252767950296402,0.6998161812142228,0.5056124047738162,0.003,0.0765186995267868,0.003
2,42,3,0.25732757699823827,0.24633470177650452,0.6895153013722601,0.5334718069612927,0.003,0.8464759588241577,0.003
2,42,4,0.2489487710734394,0.2448805272579193,0.6809607341578189,0.5457952356559642,0.003,0.11219212412834167,0.003
2,42,5,0.2408782825737356,0.23094990849494934,0.646278319665313,0.5746673590604552,0.003,0.35153329372406006,0.003
2,42,6,0.23631301636450758,0.22702203691005707,0.6378800732280463,0.5904808755189219,0.003,0.26423731446266174,0.003
2,42,7,0.2364674236061417,0.23284709453582764,0.6521159273697834,0.5980679182791551,0.003,0.7648064494132996,0.003
2,42,8,0.23303131782005881,0.23224663734436035,0.639718840232701,0.5908631032826066,0.003,0.18767015635967255,0.003
2,42,9,0.22892250259345936,0.2248082160949707,0.6330262543089543,0.6076243137433897,0.003,0.32472091913223267,0.003
2,42,10,0.23282219267894175,0.24542738497257233,0.6719490914708296,0.602946963301864,0.003,0.40113696455955505,0.003
2,42,11,0.22654812093093016,0.21913447976112366,0.6180847861485275,0.6182485983513151,0.003,0.19840508699417114,0.003
2,42,12,0.22225301411664375,0.21892374753952026,0.617879335762674,0.6191284596504714,0.003,0.24073322117328644,0.003
2,42,13,0.22333163764989264,0.23003147542476654,0.6401026175517495,0.6164239487343206,0.003,0.5783286094665527,0.003
2,42,14,0.22118414374712472,0.22019881010055542,0.6198212530652148,0.6183372718259038,0.003,0.2901535630226135,0.003
2,42,15,0.22526161455105398,0.21605363488197327,0.6147573847977392,0.6090822459400511,0.003,0.1758985072374344,0.003
2,42,16,0.2275189847144011,0.23264211416244507,0.6548657076740123,0.6198196117721809,0.003,0.2677871882915497,0.003
3,42,1,0.2889327451781692,0.2570672035217285,0.7109448085665168,0.5155805805398751,0.003,0.7191423177719116,0.003
3,42,2,0.2646575012385288,0.24458299577236176,0.6820965238180573,0.5384793356229238,0.003,1.0391720533370972,0.003
3,42,3,0.25531663479091965,0.2391439825296402,0.669632369912437,0.5611474998200604,0.003,0.18142174184322357,0.003
3,42,4,0.24681778494999787,0.2304707169532776,0.6489264806254206,0.5806119396143645,0.003,1.0550291538238525,0.003
3,42,5,0.24502401463339263,0.2283092588186264,0.63946130915073,0.604488005682546,0.003,0.6372036337852478,0.003
3,42,6,0.24830056169322717,0.23073604702949524,0.6539478453820061,0.6056974104923623,0.003,0.27817508578300476,0.003
3,42,7,0.2363795189267007,0.22155869007110596,0.6272256481986053,0.6237699887099928,0.003,0.26575061678886414,0.003
3,42,8,0.2349748197671409,0.22443903982639313,0.6336610152439864,0.6291076657373035,0.003,0.12881365418434143,0.003
3,42,9,0.22948316142937847,0.21742503345012665,0.6148814078047316,0.6329427446592583,0.003,0.3718529939651489,0.003
3,42,10,0.23028724322252184,0.22505724430084229,0.627483929903518,0.6258167508465419,0.003,0.11534169316291809,0.003
3,42,11,0.22813286581329095,0.2151016891002655,0.606722176270991,0.6248224528940767,0.003,0.2061944603919983,0.003
3,42,12,0.22544707328359656,0.21229341626167297,0.6051115999806267,0.6331112140759492,0.003,0.18287785351276398,0.003
3,42,13,0.22373720035374722,0.22468970715999603,0.632082447827486,0.6280919797155391,0.003,0.31968954205513,0.003
3,42,14,0.22297467975415916,0.2090197056531906,0.5991690228552027,0.6434056032107766,0.003,0.6789852380752563,0.003
3,42,15,0.22786636932988033,0.22561326622962952,0.6263999859420708,0.6418030095791581,0.003,0.5585411190986633,0.003
3,42,16,0.22022997907946043,0.23366157710552216,0.658165170173474,0.6382948298595917,0.003,0.25967615842819214,0.003
3,42,17,0.22123976407764115,0.2096799910068512,0.60020819826511,0.6410667499337868,0.003,0.2785938084125519,0.003
3,42,18,0.21519142922954024,0.20711320638656616,0.5903015789607894,0.6449221285487483,0.003,0.28260618448257446,0.003
3,42,19,0.22237823749814079,0.21018190681934357,0.599685464154801,0.6439637145137688,0.003,0.4351724684238434,0.003
3,42,20,0.21637764404867296,0.20743833482265472,0.5923689385629378,0.6421260812974751,0.003,0.48168858885765076,0.003
3,42,21,0.21387633825573965,0.20636017620563507,0.5873549782677439,0.6454532470714048,0.003,0.2364048957824707,0.003
3,42,22,0.21763116578632427,0.2197999358177185,0.6238339053354991,0.6405517429147605,0.003,0.44139376282691956,0.003
3,42,23,0.2168962945503609,0.21013815701007843,0.5927382356703549,0.6459016839224464,0.003,0.11841119825839996,0.003
4,42,1,0.27556424731630913,0.29034292697906494,0.7831958361300165,0.5844318867478341,0.003,0.5799217224121094,0.003
4,42,2,0.25938295596383615,0.2812610864639282,0.7504641414830785,0.6146448808329934,0.003,0.532031238079071,0.003
4,42,3,0.2517613920039304,0.26174217462539673,0.7111619055057001,0.6433900184596452,0.003,0.39214664697647095,0.003
4,42,4,0.23902920636895525,0.2760094404220581,0.7321193639532535,0.6622866174298943,0.003,0.33034953474998474,0.003
4,42,5,0.24028392659530867,0.26762405037879944,0.704365193272779,0.6611473644625178,0.003,0.33189940452575684,0.003
4,42,6,0.23564508040567864,0.2557620704174042,0.6891044152568201,0.6755369323947183,0.003,0.19392269849777222,0.003
4,42,7,0.2331121822732803,0.2701934576034546,0.7057133016614856,0.6636962258331567,0.003,0.48412084579467773,0.003
4,42,8,0.22932971053950277,0.27055177092552185,0.7085810397342294,0.6820330918270318,0.003,0.28473448753356934,0.003
4,42,9,0.22560336593377037,0.26666003465652466,0.6906894178733141,0.6880402322019843,0.003,0.7609225511550903,0.003
4,42,10,0.2273110954929004,0.2427833080291748,0.6638571219815466,0.6839617118123715,0.003,0.1730155646800995,0.003
4,42,11,0.22451180261970458,0.24568989872932434,0.666546474573855,0.6806341116472931,0.003,0.40808185935020447,0.003
4,42,12,0.22157294890092985,0.27634361386299133,0.7127639838607012,0.68963925648282,0.003,0.5871785283088684,0.003
4,42,13,0.21879213409128032,0.23968882858753204,0.6546865058944611,0.6926320676068997,0.003,0.2641051709651947,0.003
4,42,14,0.21919769304839307,0.25516003370285034,0.6841441182033745,0.6943174462038659,0.003,0.5644909143447876,0.003
4,42,15,0.216567807267065,0.249739870429039,0.6727901852345038,0.7004587749505838,0.003,0.5097615718841553,0.003
4,42,16,0.21705159195246362,0.2472110241651535,0.672539517850933,0.703468386916254,0.003,0.17098143696784973,0.003
4,42,17,0.2190372617121769,0.2531851828098297,0.6620938308081942,0.7020574671155244,0.003,0.280894935131073,0.003
4,42,18,0.21779714286416457,0.239216610789299,0.6547497969615959,0.7013431246665133,0.003,0.16733235120773315,0.003
0,42,1,0.3097485969612532,0.2707708775997162,0.7413744312002783,0.5159640539019582,0.01,0.29566892981529236,0.01
0,42,2,0.2582722807710416,0.2524985373020172,0.701818722119789,0.5490269182423607,0.01,0.5229387283325195,0.01
0,42,3,0.2555294056696312,0.24439023435115814,0.6842599808852676,0.561619696724929,0.01,0.5751314163208008,0.01
0,42,4,0.23946589169658233,0.2633891999721527,0.7075997132877326,0.5803460764619714,0.01,0.8983356356620789,0.01
0,42,5,0.23537631523943392,0.2449563890695572,0.6707973324365232,0.5876710248702375,0.01,0.17905065417289734,0.01
0,42,6,0.23578936433680703,0.24306301772594452,0.6672927991677556,0.5818298147668116,0.01,0.33784112334251404,0.01
0,42,7,0.22660163474974232,0.22840169072151184,0.6421586239484123,0.6148857116458961,0.01,0.08846420794725418,0.01
0,42,8,0.22879993307256252,0.27184054255485535,0.7192577950038626,0.5985515586881954,0.01,0.369839072227478,0.01
0,42,9,0.22509723187607025,0.23889589309692383,0.6645205796053676,0.6196944187297148,0.01,0.2627597153186798,0.01
0,42,10,0.2366895515562218,0.23687602579593658,0.6621874705437317,0.6119547602350291,0.01,0.39037537574768066,0.01
0,42,11,0.23102610445468225,0.22782467305660248,0.6398671969832946,0.6147430028800093,0.01,0.557757556438446,0.01
0,42,12,0.22418592095375062,0.22960494458675385,0.64894662786707,0.6142200251583936,0.01,0.3190801441669464,0.01
1,42,1,0.34000529673612007,0.2540576457977295,0.7000239723929732,0.45882039816402553,0.01,0.2885389029979706,0.01
1,42,2,0.26540186239180164,0.2523888349533081,0.7023551296296854,0.4889451826616288,0.01,1.2353764772415161,0.01
1,42,3,0.2435044172155523,0.24608969688415527,0.6795425843408468,0.502405963122305,0.01,0.2314649373292923,0.01
1,42,4,0.24212115644851578,0.2405993491411209,0.6726805650457317,0.5370411783547673,0.01,0.4415168762207031,0.01
1,42,5,0.2376712799796434,0.23250654339790344,0.6534424394342397,0.5517082192622214,0.01,0.4226704239845276,0.01
1,42,6,0.2362562562594904,0.23005954921245575,0.6471697572956171,0.5646839706033062,0.01,1.0533620119094849,0.01
1,42,7,0.24259912450736928,0.249209463596344,0.6957219949930417,0.5513078558189757,0.01,0.8697050213813782,0.01
1,42,8,0.2338610638413474,0.22390849888324738,0.6306291211560168,0.5838486726695961,0.01,0.28941529989242554,0.01
1,42,9,0.22652050808211352,0.227680042386055,0.6335974664787897,0.5807121951158407,0.01,0.39133161306381226,0.01
1,42,10,0.22182530272786863,0.2375635802745819,0.6545516216665819,0.5894713753435578,0.01,0.1946326047182083,0.01
1,42,11,0.2267258200244369,0.22446264326572418,0.6374276986998827,0.5834171482496124,0.01,0.20007462799549103,0.01
1,42,12,0.22526760050069505,0.2248731255531311,0.6348607988172226,0.5819848053979748,0.01,0.1756795048713684,0.01
1,42,13,0.22603884754893935,0.22635497152805328,0.6417683575719997,0.5845331921579502,0.01,0.3297603130340576,0.01
2,42,1,0.3554320912717659,0.25669369101524353,0.7120267266899303,0.47167194603227397,0.01,0.45019271969795227,0.01
2,42,2,0.2628843973507391,0.24478603899478912,0.6829883058545122,0.5207058926186225,0.01,0.2657286822795868,0.01
2,42,3,0.2507350025444387,0.2416563779115677,0.6795327352942908,0.5611221201015694,0.01,0.13606195151805878,0.01
2,42,4,0.2515768839711341,0.23798660933971405,0.6653926932473176,0.5653059851227059,0.01,0.17447146773338318,0.01
2,42,5,0.2416873275398094,0.2354099005460739,0.6576629541308713,0.5837084664511136,0.01,0.28670263290405273,0.01
2,42,6,0.23849211412612523,0.23226022720336914,0.6493495712936014,0.592740055220206,0.01,0.34436535835266113,0.01
2,42,7,0.24264675895744395,0.22747419774532318,0.6415942913391843,0.5916285808093443,0.01,0.8405359983444214,0.01
2,42,8,0.24132747086409095,0.23718667030334473,0.652452947861767,0.5874243960360647,0.01,0.22766141593456268,0.01
2,42,9,0.2300292314658655,0.22643445432186127,0.6279511418363973,0.6133029630560508,0.01,0.345190167427063,0.01
2,42,10,0.23843336954852132,0.22992002964019775,0.6448588440557232,0.618638320777033,0.01,0.47110697627067566,0.01
2,42,11,0.22462102426546757,0.22137124836444855,0.6279010027584652,0.6193113173805554,0.01,0.3990781009197235,0.01
2,42,12,0.22565099368585603,0.22052736580371857,0.6192298327361878,0.6185822310470049,0.01,0.14668141305446625,0.01
2,42,13,0.22507934164778096,0.2212391495704651,0.6262706581252574,0.6191525868512407,0.01,0.35084521770477295,0.01
2,42,14,0.22206745031838104,0.21405918896198273,0.6091432265066423,0.6267809504486722,0.01,0.22055558860301971,0.01
2,42,15,0.2269938392616878,0.216337651014328,0.6120059374736563,0.6137025447697906,0.01,0.21981224417686462,0.01
2,42,16,0.22357171963865513,0.2154809683561325,0.6141551450122097,0.6302544257129343,0.01,0.11091779172420502,0.01
2,42,17,0.22410965228749213,0.21676982939243317,0.6135641846421589,0.6214762527087343,0.01,0.7323729395866394,0.01
2,42,18,0.23172678195427512,0.2310723066329956,0.650712503396164,0.6142299226372006,0.01,0.8388314247131348,0.01
2,42,19,0.22232501808728014,0.2209492027759552,0.6183958241187583,0.6344431802996754,0.01,0.4921785891056061,0.01
3,42,1,0.31026341021618,0.2948552072048187,0.7895676832812072,0.5198080218657023,0.01,0.7862637042999268,0.01
3,42,2,0.2651061365147617,0.24301977455615997,0.6786454436240887,0.5645313965228176,0.01,1.226387858390808,0.01
3,42,3,0.26164154965186787,0.24543431401252747,0.6780327011758436,0.582782409470557,0.01,0.5091729164123535,0.01
3,42,4,0.2515368188095984,0.2346668541431427,0.656366870948552,0.5975851682186185,0.01,0.8486410975456238,0.01
3,42,5,0.25214292859362664,0.24263322353363037,0.6618010253649657,0.6146599153270896,0.01,0.6201796531677246,0.01
3,42,6,0.25094718351542394,0.2560378611087799,0.7083036478895065,0.6142081720107508,0.01,1.2832632064819336,0.01
3,42,7,0.25077584886662313,0.2208928018808365,0.6204781455737058,0.6262299187344128,0.01,0.19768878817558289,0.01
3,42,8,0.2360289600853608,0.23791399598121643,0.663101599768851,0.6336674416956811,0.01,0.5229335427284241,0.01
3,42,9,0.23646152301369427,0.22033150494098663,0.626278340905593,0.6321318590940871,0.01,0.2400377243757248,0.01
3,42,10,0.23274119720280728,0.23093649744987488,0.6466666732240685,0.6234583192871556,0.01,0.3197983503341675,0.01
3,42,11,0.22787448406219482,0.2141137421131134,0.6095670263293256,0.6286821136339557,0.01,0.1869678497314453,0.01
3,42,12,0.2280123954008673,0.21334774792194366,0.6087578273282813,0.6313007740318273,0.01,0.24325866997241974,0.01
3,42,13,0.22485020928293745,0.2136593610048294,0.604460592555002,0.631830670164283,0.01,0.1394345611333847,0.01
3,42,14,0.22430813749259879,0.2107241004705429,0.6030736777671963,0.6396093802658604,0.01,0.49702441692352295,0.01
3,42,15,0.2275198882428285,0.21932466328144073,0.6221467252055626,0.6365814996992908,0.01,0.3503572344779968,0.01
3,42,16,0.2234836599258619,0.2209719866514206,0.625455630449258,0.6250104342152359,0.01,0.10383288562297821,0.01
3,42,17,0.22131777182917728,0.20811882615089417,0.5963593780192559,0.6378023068045866,0.01,0.13957221806049347,0.01
3,42,18,0.21868611519581804,0.2235080897808075,0.6292081590119321,0.6393863842305403,0.01,0.23823851346969604,0.01
3,42,19,0.2339294254222763,0.21299073100090027,0.604793525262442,0.6391417258377274,0.01,0.3629004955291748,0.01
3,42,20,0.21784876059705965,0.20858965814113617,0.5905466420981917,0.6381346767041031,0.01,0.4034743010997772,0.01
3,42,21,0.2157271381126386,0.20818549394607544,0.593578808631954,0.6465638787451595,0.01,0.13938552141189575,0.01
3,42,22,0.22122308545580535,0.2140684425830841,0.6120698587990663,0.6372777010166064,0.01,0.28135162591934204,0.01
3,42,23,0.22144117346433836,0.21075142920017242,0.5950858220355572,0.6427929652891551,0.01,0.09214944392442703,0.01
3,42,24,0.2177139485160881,0.20741479098796844,0.5931824740451191,0.6463973731684634,0.01,0.07268965244293213,0.01
3,42,25,0.2128419012332631,0.2084939032793045,0.5968407570763375,0.6470408177983014,0.01,0.9851148724555969,0.01
4,42,1,0.30534453130980066,0.3076252341270447,0.8159686329550373,0.5871816116352067,0.01,0.5313101410865784,0.01
4,42,2,0.25697723939814376,0.26424166560173035,0.7210618559329095,0.6439428269873598,0.01,0.5092827677726746,0.01
4,42,3,0.24756779369128304,0.26847323775291443,0.7230898791444516,0.6489003095140728,0.01,0.3407290279865265,0.01
4,42,4,0.23474143683821275,0.2667442262172699,0.6947612408963506,0.6681190362514638,0.01,0.48944777250289917,0.01
4,42,5,0.249692460613935,0.2686493992805481,0.7189681489167813,0.6639401516147116,0.01,0.444921612739563,0.01
4,42,6,0.23057807507536338,0.24858491122722626,0.665173751294256,0.6862867564834635,0.01,0.38241806626319885,0.01
4,42,7,0.2417825947784344,0.2656729221343994,0.7212800016660177,0.6560782252011714,0.01,0.5286917686462402,0.01
4,42,8,0.23083640358818663,0.26519808173179626,0.6947275769210861,0.688983024067861,0.01,0.42982110381126404,0.01
4,42,9,0.22602185404265052,0.2504560649394989,0.6757715236355444,0.6922374142917348,0.01,0.7099387049674988,0.01
4,42,10,0.22304688725949046,0.2398572415113449,0.6579919512543136,0.687956662640952,0.01,0.3815586566925049,0.01
4,42,11,0.224880760850215,0.24942390620708466,0.6652229133765855,0.6934207099732591,0.01,0.43295976519584656,0.01
4,42,12,0.21803859375161083,0.2434951215982437,0.6613876071661533,0.6971043153679614,0.01,0.2377697229385376,0.01
4,42,13,0.2210111156974673,0.2390931397676468,0.6488682869094575,0.7015777910109073,0.01,0.16032177209854126,0.01
4,42,14,0.21682179453037959,0.2411084622144699,0.655315123846431,0.703227218836636,0.01,0.7030220627784729,0.01
4,42,15,0.2259406866157714,0.2489878088235855,0.6700701821921115,0.7022770999378757,0.01,0.47541990876197815,0.01
4,42,16,0.21662896639919424,0.24402974545955658,0.6623273989397608,0.7010337588192843,0.01,0.4319400489330292,0.01
4,42,17,0.22386962170914507,0.25025445222854614,0.6733191631083003,0.6964098777101081,0.01,0.16119328141212463,0.01
4,42,18,0.2212752049680248,0.23844407498836517,0.6576059284752713,0.703592241952886,0.01,0.417557954788208,0.01
0,42,1,0.7477347864503058,0.30603328347206116,0.7729602621225407,0.513273117480371,0.03,0.3046180009841919,0.03
0,42,2,0.2705588291181582,0.25738584995269775,0.7017581624749616,0.5394365045192895,0.03,0.42872482538223267,0.03
0,42,3,0.25531123979069364,0.2586318254470825,0.7051866558977392,0.5459010722771369,0.03,0.41712087392807007,0.03
0,42,4,0.25081877732388325,0.2687929570674896,0.7261596701305629,0.5743779183808954,0.03,0.8625931739807129,0.03
0,42,5,0.2583759610006742,0.2488105446100235,0.6911236783335648,0.5691975016690785,0.03,0.19342394173145294,0.03
0,42,6,0.24407378531505014,0.24545757472515106,0.681765757699727,0.5775100165590674,0.03,0.1092371940612793,0.03
0,42,7,0.2345838246501495,0.24173344671726227,0.6690921158163444,0.5898847491150674,0.03,0.11244906485080719,0.03
0,42,8,0.2309770199851455,0.2646777331829071,0.7169030624248608,0.601666928255416,0.03,0.2671283185482025,0.03
0,42,9,0.22761778759065077,0.23611214756965637,0.6598559930492138,0.6137931913898149,0.03,0.23796845972537994,0.03
0,42,10,0.23705774107826091,0.2702378034591675,0.7221213199012568,0.6020741797059009,0.03,0.10513367503881454,0.03
0,42,11,0.23345162364924066,0.23370610177516937,0.6446616507310767,0.6080268074503267,0.03,0.31585097312927246,0.03
0,42,12,0.22460855755850534,0.2290092408657074,0.6445958039671581,0.6119295972012817,0.03,0.25557953119277954,0.03
0,42,13,0.2261639292886324,0.23343831300735474,0.6572725255200768,0.6215244396713263,0.03,0.274204820394516,0.03
0,42,14,0.2215253002621303,0.23451074957847595,0.6585492862201144,0.5954537348900107,0.03,0.415770024061203,0.03
0,42,15,0.22590774785692447,0.24855685234069824,0.6828774186584889,0.6356216397743663,0.03,0.3353705108165741,0.03
0,42,16,0.22684847179974352,0.3053504526615143,0.7899836245802038,0.6178484127784726,0.03,1.2224562168121338,0.03
1,42,1,0.8534821225995215,0.26002782583236694,0.7096642325419837,0.4289205890178412,0.03,0.4381820559501648,0.03
1,42,2,0.2714524054415872,0.26833605766296387,0.7317433321315612,0.4816562394379683,0.03,0.18038059771060944,0.03
1,42,3,0.2546664486421603,0.260247141122818,0.7119723737257657,0.5068069951944334,0.03,0.36197105050086975,0.03
1,42,4,0.26188452022097936,0.24039800465106964,0.671300383982637,0.5230869523048982,0.03,0.4144882559776306,0.03
1,42,5,0.2453511581521168,0.25274187326431274,0.7034454489965967,0.5294463365395284,0.03,0.25404393672943115,0.03
1,42,6,0.2539585552538667,0.2689928412437439,0.7255725290244293,0.5365513999416152,0.03,0.12016464024782181,0.03
1,42,7,0.24568368002633068,0.23419538140296936,0.6535463704193298,0.5618810858339599,0.03,0.6252440810203552,0.03
1,42,8,0.2379934139006606,0.2319137454032898,0.6455132968258253,0.5729812870420484,0.03,0.15133358538150787,0.03
1,42,9,0.23150967665364808,0.23308303952217102,0.655955046395728,0.569021919231852,0.03,0.1434609740972519,0.03
1,42,10,0.22913183063547188,0.22890256345272064,0.6413944668905261,0.5811860223151771,0.03,0.1869596391916275,0.03
1,42,11,0.23043982094693408,0.23425766825675964,0.6543084024278216,0.574007755666773,0.03,0.10387168824672699,0.03
1,42,12,0.22631126470654925,0.22457246482372284,0.629673738265786,0.5810567894283715,0.03,0.059015315026044846,0.03
1,42,13,0.2290667153630301,0.222345232963562,0.6309673319447379,0.5936472868930661,0.03,0.11557277292013168,0.03
1,42,14,0.21877087032683543,0.2241910994052887,0.6338853021373664,0.5966112869376362,0.03,0.17416790127754211,0.03
1,42,15,0.2250712823477861,0.22393210232257843,0.6314965301137334,0.5834152044459189,0.03,0.24967770278453827,0.03
1,42,16,0.23489544295819006,0.22788012027740479,0.6442542169910198,0.5778417781975511,0.03,0.320699006319046,0.03
1,42,17,0.22196425237945308,0.2228936105966568,0.6174863627994007,0.599368021398669,0.03,0.3677864670753479,0.03
1,42,18,0.22685404839916765,0.22647486627101898,0.6354261432242856,0.5910439726493361,0.03,0.19905851781368256,0.03
1,42,19,0.2241967958880362,0.2294592559337616,0.6438324239043733,0.5883634272774079,0.03,0.48766255378723145,0.03
1,42,20,0.22104060649871826,0.2261483520269394,0.6306118475909726,0.5763875725641636,0.03,0.22666773200035095,0.03
1,42,21,0.22803742501223198,0.23540297150611877,0.6567188036566536,0.5967006618291161,0.03,0.1300818771123886,0.03
1,42,22,0.22160018099802678,0.22892528772354126,0.6431818267725329,0.5941075876234008,0.03,0.4876740872859955,0.03
2,42,1,0.6303529776145365,0.30118051171302795,0.8000664488474528,0.5120236472806048,0.03,0.42467862367630005,0.03
2,42,2,0.2643974549748073,0.256986141204834,0.7067446502548697,0.5430600647587691,0.03,0.13709592819213867,0.03
2,42,3,0.2603694511852532,0.24712812900543213,0.6821501610418071,0.5667313536140101,0.03,0.12700779736042023,0.03
2,42,4,0.25114312930084837,0.2633451223373413,0.7175026458831467,0.5791028964357974,0.03,0.4704165756702423,0.03
2,42,5,0.24615276719365164,0.22988036274909973,0.644451164336839,0.5839759898151271,0.03,0.20437993109226227,0.03
2,42,6,0.24040179532822048,0.2543555796146393,0.6996393871592478,0.5880231874697789,0.03,0.4141164720058441,0.03
2,42,7,0.24113594096397686,0.22320599853992462,0.6322208594990775,0.5864963003745729,0.03,0.45839306712150574,0.03
2,42,8,0.23879731148202843,0.24115405976772308,0.6656540672091269,0.5865147564808093,0.03,0.1682071089744568,0.03
2,42,9,0.2278040808272139,0.22740647196769714,0.632293798036105,0.6147579294506242,0.03,0.31843647360801697,0.03
2,42,10,0.23475607234183873,0.22565807402133942,0.6342920171769032,0.6186653598609668,0.03,0.6908565759658813,0.03
2,42,11,0.22765603628114006,0.2245931178331375,0.6303444682464827,0.6186737100100552,0.03,0.5073195695877075,0.03
2,42,12,0.22444534717319167,0.21952131390571594,0.6217646623477452,0.620495614256198,0.03,0.1817215085029602,0.03
2,42,13,0.22901725336770032,0.23076051473617554,0.6394213632974212,0.6174682717749345,0.03,0.2842693328857422,0.03
2,42,14,0.22381358164493168,0.21718603372573853,0.6112651383181859,0.6232110264989423,0.03,0.27545231580734253,0.03
2,42,15,0.23007626184793276,0.21816392242908478,0.6157285644548357,0.6104669548878658,0.03,0.21483683586120605,0.03
2,42,16,0.2294229864907042,0.21909651160240173,0.6238888518728305,0.6253107304660576,0.03,0.16328950226306915,0.03
2,42,17,0.22388573303957965,0.2146351933479309,0.60936321971306,0.6194534354103369,0.03,0.9092860221862793,0.03
2,42,18,0.2323093433580666,0.23936054110527039,0.6717915723427172,0.5925843506105892,0.03,0.7050650715827942,0.03
2,42,19,0.22536019444465638,0.21697679162025452,0.6116679674983916,0.6243892715351891,0.03,0.5686937570571899,0.03
3,42,1,0.6687415310824029,0.27748802304267883,0.7391944616685533,0.5094075501041936,0.03,0.574095606803894,0.03
3,42,2,0.26879263819378113,0.23438651859760284,0.6592168359656683,0.5702504192144112,0.03,0.6855926513671875,0.03
3,42,3,0.2637080222869588,0.233063742518425,0.6555805963963849,0.5846695336312325,0.03,0.3087988495826721,0.03
3,42,4,0.25764898375930073,0.22938652336597443,0.6476200614809454,0.5793481885385717,0.03,0.9752809405326843,0.03
3,42,5,0.24952334836264636,0.2281695306301117,0.6320793572527055,0.6159878719472001,0.03,0.4732534885406494,0.03
3,42,6,0.25321179870133087,0.24717584252357483,0.658499388901464,0.6125049616381779,0.03,0.50750333070755,0.03
3,42,7,0.24383491326715345,0.22762295603752136,0.6310743135899884,0.629135099379679,0.03,0.3860218822956085,0.03
3,42,8,0.2418727757440549,0.23160205781459808,0.6470741322008484,0.6251402480467243,0.03,0.12370723485946655,0.03
3,42,9,0.23307147032746645,0.2191719263792038,0.6211158038397363,0.6362189507892432,0.03,0.22243405878543854,0.03
3,42,10,0.23735982622498664,0.2364746630191803,0.6613375018566,0.620769261237228,0.03,0.32622620463371277,0.03
3,42,11,0.23161144251578322,0.22500813007354736,0.6260892804606257,0.6288959317231778,0.03,0.1778000146150589,0.03
3,42,12,0.22640788458775138,0.21239112317562103,0.6033523913812565,0.6375341023710206,0.03,0.13909518718719482,0.03
3,42,13,0.22490279692355716,0.2137591391801834,0.6037393791900088,0.6319066988269362,0.03,0.12968407571315765,0.03
3,42,14,0.23095414263622782,0.21519798040390015,0.6063600570667306,0.6385245590606079,0.03,0.49395477771759033,0.03
3,42,15,0.23056827374707872,0.2200995236635208,0.6230535216965839,0.6310473384765889,0.03,0.3156152367591858,0.03
3,42,16,0.22134886576750568,0.25664764642715454,0.7028311179464708,0.6339228010125469,0.03,0.10619326680898666,0.03
3,42,17,0.2246569633372476,0.20869506895542145,0.5984355058940894,0.6370269306727895,0.03,0.0850181132555008,0.03
4,42,1,0.6388644533752504,0.29785943031311035,0.7721342293516605,0.5751189603907414,0.03,0.12784206867218018,0.03
4,42,2,0.2729817880999703,0.27727004885673523,0.7236793823156528,0.647767075180851,0.03,0.5981802940368652,0.03
4,42,3,0.2526539115093214,0.2837522625923157,0.7251875995875833,0.6541172575734022,0.03,0.16942061483860016,0.03
4,42,4,0.2395261025170396,0.2720574140548706,0.6878120791555165,0.6576104808883928,0.03,0.34230101108551025,0.03
4,42,5,0.24243756505049577,0.2605222463607788,0.6915218502033256,0.6597939165585571,0.03,0.4671610891819,0.03
4,42,6,0.2338379428169296,0.249726802110672,0.6724669168523686,0.6780820899904928,0.03,0.517371654510498,0.03
4,42,7,0.2411156446409867,0.2863118052482605,0.7683071118343375,0.6471052468451729,0.03,0.4053627550601959,0.03
4,42,8,0.2342357421446987,0.2713446319103241,0.6912222365133777,0.691835675494221,0.03,0.31207475066185,0.03
4,42,9,0.22862674792607626,0.24826565384864807,0.6712956402258958,0.6923352019998381,0.03,0.6921539306640625,0.03
4,42,10,0.2260929503782982,0.24505315721035004,0.6622476222986232,0.6881809353884072,0.03,0.22879134118556976,0.03
4,42,11,0.22338620924094332,0.24784277379512787,0.6627217772049818,0.6891966421937495,0.03,0.4752632677555084,0.03
4,42,12,0.2207916705954057,0.24502837657928467,0.6663268065880873,0.6914580716209587,0.03,0.22685490548610687,0.03
4,42,13,0.22159202038261744,0.24145743250846863,0.6490938810959548,0.696993202122031,0.03,0.12138023227453232,0.03
4,42,14,0.21988346250602483,0.24503085017204285,0.6511184623141488,0.6967963585655178,0.03,0.5088765621185303,0.03
4,42,15,0.2276656170374253,0.2500709593296051,0.6701671995659788,0.6993917586724958,0.03,0.36545440554618835,0.03
4,42,16,0.2175125148264282,0.24374480545520782,0.6589828232805172,0.6997308754939066,0.03,0.21261093020439148,0.03
4,42,17,0.2257102391555883,0.24665828049182892,0.6798632361646184,0.6991267978652165,0.03,0.23372046649456024,0.03
4,42,18,0.22033053596458094,0.23921804130077362,0.6529816980133513,0.7008923309812579,0.03,0.2746340036392212,0.03
0,42,1,11.289890330651096,0.32816243171691895,0.8686332930242798,0.1686475719071846,0.1,0.09042710810899734,0.1
0,42,2,0.2951397607371072,0.2856145203113556,0.7559732182913382,0.45711263881075753,0.1,0.3374037444591522,0.1
0,42,3,0.28969760987246146,0.3071820139884949,0.8113767885719979,0.4762452819327244,0.1,0.04208396002650261,0.1
0,42,4,0.27269793395684144,0.2878430187702179,0.7588515604365653,0.5164581108794207,0.1,0.4965599775314331,0.1
0,42,5,0.29503425376437536,0.28286227583885193,0.7554058231138593,0.5019863883892638,0.1,0.10045637935400009,0.1
0,42,6,0.26826052885189233,0.26447704434394836,0.6757733912767401,0.57659940069132,0.1,0.06574466824531555,0.1
0,42,7,0.2593347669371935,0.2564665973186493,0.6771544935977776,0.6113056658983826,0.1,0.04587193951010704,0.1
0,42,8,0.2616816044745044,0.30762776732444763,0.7945392308377806,0.5654225785586199,0.1,0.2691616714000702,0.1
0,42,9,0.2641850073315273,0.25870007276535034,0.6782967019708431,0.608386060412366,0.1,0.1629924774169922,0.1
0,42,10,0.2653410947434256,0.269290566444397,0.6635563304378043,0.6066127140261013,0.1,0.16439281404018402,0.1
0,42,11,0.2624102092123477,0.256740540266037,0.6727577605860557,0.6153281282509109,0.1,0.2609752118587494,0.1
0,42,12,0.2585974664554418,0.2602464258670807,0.6926055733954511,0.6131413236135267,0.1,0.0962413027882576,0.1
0,42,13,0.25724186983063957,0.2566596567630768,0.6847662308134214,0.6299567394471283,0.1,0.06243493780493736,0.1
0,42,14,0.25347411919977064,0.25603431463241577,0.6826323788568842,0.6343135962105647,0.1,0.32625508308410645,0.1
0,42,15,0.2558261906097983,0.29929035902023315,0.7768303538388108,0.6060012668738759,0.1,0.324624240398407,0.1
1,42,1,12.40836607831661,0.29741960763931274,0.805649811726158,0.3363183512435561,0.1,0.8078362941741943,0.1
1,42,2,0.375219945751618,0.33026787638664246,0.8389921942028051,0.37136232670077324,0.1,0.4191063642501831,0.1
1,42,3,0.287470968309964,0.2707630693912506,0.7337750557612945,0.4521392978829015,0.1,0.3426837921142578,0.1
1,42,4,0.2742054959992382,0.267936110496521,0.7315875295887079,0.4822345510956401,0.1,0.272468626499176,0.1
1,42,5,0.268036482133598,0.2530341148376465,0.7019362334463808,0.4814298564449083,0.1,0.24977168440818787,0.1
1,42,6,0.2697626895937964,0.2501996159553528,0.6887612262720127,0.5217554959158682,0.1,0.1045883521437645,0.1
1,42,7,0.254461957862444,0.24649517238140106,0.6825453077552921,0.5222996384361802,0.1,0.6303460001945496,0.1
1,42,8,0.2517881865701943,0.2337329387664795,0.6466190238775873,0.5630330038437108,0.1,0.1407669186592102,0.1
1,42,9,0.23805990563931867,0.2318696230649948,0.6478963278156047,0.5512842712426975,0.1,0.1204555332660675,0.1
1,42,10,0.2334584455846626,0.23915550112724304,0.6596970517539124,0.5800927629924028,0.1,0.21389667689800262,0.1
1,42,11,0.23640049788996437,0.2397230863571167,0.664471443201929,0.5847020909503563,0.1,0.0718446597456932,0.1
1,42,12,0.24132814304850925,0.23386350274085999,0.6530011997023327,0.5634740297002465,0.1,0.21919021010398865,0.1
1,42,13,0.23647837069547065,0.22926177084445953,0.6456576072225301,0.5642703532676512,0.1,0.5905572772026062,0.1
2,42,1,6.645266100992666,0.30153903365135193,0.8043733479766388,0.39155593266265065,0.1,0.10459619015455246,0.1
2,42,2,0.2940668114434893,0.2741665542125702,0.7422471072392257,0.4794040703389454,0.1,0.09687796235084534,0.1
2,42,3,0.28130559997023824,0.2660537362098694,0.7217694609831623,0.5207958586043794,0.1,0.15127509832382202,0.1
2,42,4,0.27740372622124504,0.2773776948451996,0.7544672002065342,0.5275243070910169,0.1,0.030545899644494057,0.1
2,42,5,0.273167543834615,0.25344693660736084,0.6731253054893962,0.5610202362939671,0.1,0.20177114009857178,0.1
2,42,6,0.27000540438656495,0.2569478750228882,0.688544401473885,0.5840562044931887,0.1,0.16170743107795715,0.1
2,42,7,0.2764814516762707,0.27240678668022156,0.7330208060773499,0.5700442573685166,0.1,0.2867960035800934,0.1
2,42,8,0.26371644730879884,0.25302767753601074,0.6677633098351403,0.5781489809949202,0.1,0.08320679515600204,0.1
2,42,9,0.26015847145954024,0.248442605137825,0.6671128349275689,0.6002779785026128,0.1,0.20177297294139862,0.1
2,42,10,0.261649873791454,0.2515750229358673,0.6694288919217918,0.5939864239630835,0.1,0.1960548460483551,0.1
2,42,11,0.25675226244971017,0.25298744440078735,0.658922868808467,0.6088261187223459,0.1,0.1242925152182579,0.1
2,42,12,0.2590155611639825,0.2491127997636795,0.6670312722381455,0.6091429244038049,0.1,0.036200087517499924,0.1
2,42,13,0.2565941249878607,0.2552436888217926,0.6990931417553592,0.6073391612736192,0.1,0.26411500573158264,0.1
2,42,14,0.2573039099212005,0.24316544830799103,0.6355127861752816,0.6245844782157964,0.1,0.11425324529409409,0.1
2,42,15,0.25583996029100686,0.2442220002412796,0.6570084665067527,0.6157161387708129,0.1,0.15537723898887634,0.1
2,42,16,0.2557833172450556,0.24796321988105774,0.6516547680043676,0.6220673611354915,0.1,0.21421602368354797,0.1
2,42,17,0.2562003332766417,0.24899433553218842,0.6646497965643047,0.6134617234230969,0.1,0.08129562437534332,0.1
2,42,18,0.25429983998013433,0.2549580931663513,0.6848400896440172,0.6124206333843978,0.1,0.13010774552822113,0.1
2,42,19,0.2551840733701938,0.24892345070838928,0.6626021237793881,0.6009214136578062,0.1,0.23022738099098206,0.1
3,42,1,7.213160018096461,0.2628662884235382,0.7183874183991209,0.526939250716745,0.1,0.8360603451728821,0.1
3,42,2,0.2722704178317685,0.25015953183174133,0.6901621550401764,0.5739810138329728,0.1,0.627113938331604,0.1
3,42,3,0.2674976624673772,0.23381687700748444,0.6522544437317214,0.5926809587721855,0.1,0.07188023626804352,0.1
3,42,4,0.26457054640088123,0.253836452960968,0.6748396623294984,0.607097628408605,0.1,0.7168659567832947,0.1
3,42,5,0.27570350358419327,0.25467437505722046,0.6710987125847193,0.6189260291247862,0.1,0.17670199275016785,0.1
3,42,6,0.2753141824942883,0.268866628408432,0.6918246562170876,0.6131168113994465,0.1,0.17283138632774353,0.1
3,42,7,0.2635560892007061,0.25254160165786743,0.6584047172244176,0.6319256726834612,0.1,0.07701194286346436,0.1
3,42,8,0.2680468156738816,0.24947711825370789,0.6644159689790642,0.6266283020789069,0.1,0.060082513839006424,0.1
4,42,1,6.2451165440103935,0.2971833646297455,0.7998964262151432,0.5492901630147473,0.1,0.26470550894737244,0.1
4,42,2,0.2748420272351024,0.31198278069496155,0.8163173527060869,0.5740789645638871,0.1,0.16857153177261353,0.1
4,42,3,0.33317035681641866,0.28717169165611267,0.7482237870250633,0.6352296161021459,0.1,0.27244457602500916,0.1
4,42,4,0.24617484022594532,0.2701932191848755,0.7058889239562486,0.6727445276975377,0.1,0.38126716017723083,0.1
4,42,5,0.25347854840737644,0.25693097710609436,0.6924077124081686,0.6643494791248553,0.1,0.39745545387268066,0.1
4,42,6,0.2355423183897329,0.24770371615886688,0.6735233505186207,0.67214296622025,0.1,0.8087092041969299,0.1
4,42,7,0.24892961961093327,0.26256105303764343,0.7034066847270121,0.657155882782217,0.1,0.444807231426239,0.1
4,42,8,0.24324073483234743,0.2995137870311737,0.7718485068703839,0.666290012239354,0.1,0.3125726282596588,0.1
4,42,9,0.23041917172069865,0.25935035943984985,0.6885985566327671,0.6795972317400403,0.1,0.3226067125797272,0.1
4,42,10,0.23097548815345195,0.2532730996608734,0.6742827462864494,0.67975951328769,0.1,0.3206180930137634,0.1
4,42,11,0.23654301431146973,0.2762964069843292,0.7241935908437489,0.6882505497748734,0.1,0.08111805468797684,0.1
