feature_row,record_id,original_id,pEC50,frozen_pEC50,affine_pEC50,predicted_pEC50_seed_42,predicted_pEC50_seed_43,predicted_pEC50_seed_44,nesso_pEC50,two_d_pEC50,identity_canonical_smiles,pEC50_standard_error,formal_charge,audit_scaffold_group,role,mean_pEC50,nearest_train_similarity,nearest_train_id,nearest_train_pEC50,bootstrap_group,potency_stratum,similarity_stratum,assay_se_stratum,charge_stratum,is_train_neighbor_cliff,equal_blend,convex_stack,linear_stack,representation_residual_ridge
2,nesso_002eb5a9581786a6106c,OADMET-0000944,2.54,4.3358994,3.4631457,3.2140079,2.7768807,3.2443027,3.078397,2.47360404658834,O=C(CCc1nc2ccccc2nc1O)NCc1n[nH]c(=O)[nH]1,0.29,0,O=C(CCc1cnc2ccccc2n1)NCc1n[nH]c(=O)[nH]1,lockbox_primary,4.23979445124247,0.3538461538461538,OADMET-0002788,5.3,O=C(CCc1cnc2ccccc2n1)NCc1n[nH]c(=O)[nH]1,<=4,"(0.3,0.4]",Q4_high,neutral,False,2.77600052329417,2.5392347106996667,2.3930814448937454,2.3192027144483713
10,nesso_00c3d9ff6a8b62863818,OADMET-0003334,6.16,5.6626673,5.1045103,5.343902,5.265134,5.2871327,5.2987227,5.312084844259998,CCN(C(=O)c1nc(CC(F)(F)F)sc1C)C12CC3CC(CC(C3)C1)C2,0.0727799594668752,0,O=C(NC12CC3CC(CC(C3)C1)C2)c1cscn1,lockbox_primary,4.23979445124247,0.240506329113924,OADMET-0005330,4.21,O=C(NC12CC3CC(CC(C3)C1)C2)c1cscn1,>6,<=0.3,Q1_low,neutral,False,5.305403772129999,5.310634816780697,5.355071289415806,5.484211197047016
11,nesso_00d2b02341429c8d9979,OADMET-0001471,1.73,4.6729693,3.8801398,3.282414,2.7998962,3.3393464,3.1405523,3.0548604507385755,CCOCC(=O)NC1CCN(c2cnn(CC)c(=O)c2)CC1,0.411,0,O=c1cc(N2CCCCC2)cn[nH]1,lockbox_primary,4.23979445124247,0.3658536585365853,OADMET-0001423,1.88,O=c1cc(N2CCCCC2)cn[nH]1,<=4,"(0.3,0.4]",Q4_high,neutral,False,3.0977063753692877,3.0641595223369293,2.9146440462916767,2.9107094187675977
39,nesso_028925b29bb8165e8cf4,OADMET-0001188,3.19,5.031704,4.323936,4.1798778,3.8847132,4.133053,4.0658813,2.9060632370539587,CN(C)[C@H]1CN(C(=O)[C@H]2CC[C@H](C)CC2)C[C@@H]1O,0.202,1,O=C(C1CCCCC1)N1CCCC1,lockbox_primary,4.23979445124247,0.2909090909090909,OADMET-0002951,3.25,O=C(C1CCCCC1)N1CCCC1,<=4,<=0.3,Q3,positive,False,3.4859722685269796,3.031923879592975,2.9849202405936777,2.909320470703451
41,nesso_029e3d0f9dc0a9628654,OADMET-0001468,4.01,4.396453,3.5380573,3.6080847,3.2385118,3.6651254,3.5039074,4.686233025755701,CCC(C)C(=O)N1CCC2(CC1)N(Cc1ccccc1)C(=O)CS2(=O)=O,0.192,0,O=C1CS(=O)(=O)C2(CCNCC2)N1Cc1ccccc1,lockbox_primary,4.23979445124247,0.3492063492063492,OADMET-0005877,4.44,O=C1CS(=O)(=O)C2(CCNCC2)N1Cc1ccccc1,"(4,5]","(0.3,0.4]",Q3,neutral,False,4.09507021287785,4.5579299171026335,4.419379462767117,4.588206988539515
42,nesso_02b102466fc2650671bf,OADMET-0002189,1.83,4.2816963,3.39609,2.673172,2.413667,2.8938072,2.6602154,2.63922620208705,CCCCN1CCCCC1C(=O)O,0.567,-1,C1CCNCC1,lockbox_primary,4.23979445124247,0.5555555555555556,OADMET-0001982,4.745,C1CCNCC1,<=4,"(0.5,0.6]",Q4_high,negative,True,2.649720801043525,2.641503898925977,2.447317575948153,2.588171079920178
46,nesso_02fa8bffda053b8bc112,OADMET-0002918,4.8,4.973234,4.251602,4.824132,4.400852,4.770588,4.6651907,4.7982361005350045,Cc1ccc(C)c(NC(=O)N2CCCC3(CCOC3)C2)c1,0.132,0,O=C(Nc1ccccc1)N1CCCC2(CCOC2)C1,lockbox_primary,4.23979445124247,0.5245901639344263,OADMET-0005988,4.52,O=C(Nc1ccccc1)N1CCCC2(CCOC2)C1,"(4,5]","(0.5,0.6]",Q2,neutral,False,4.731713400267502,4.783798336429433,4.768721680797194,4.8779261471434525
60,nesso_03ef1d3316bc7936ee98,OADMET-0001482,5.67,5.3874903,4.764085,5.1644974,5.045325,5.094058,5.101293,5.7082906174446615,Cc1ccc(S(=O)(=O)c2cnc3ccccc3c2N2CCN(c3ccccc3)CC2)cc1C,0.0391,0,O=S(=O)(c1ccccc1)c1cnc2ccccc2c1N1CCN(c2ccccc2)CC1,lockbox_primary,4.23979445124247,0.3333333333333333,OADMET-0003421,3.38,O=S(=O)(c1ccccc1)c1cnc2ccccc2c1N1CCN(c2ccccc2)CC1,"(5,6]","(0.3,0.4]",Q1_low,neutral,False,5.404791808722331,5.642420708540863,5.65866801120263,5.785767968275693
62,nesso_040cb400fad98698c940,OADMET-0002170,2.19,3.9571998,2.9946504,2.4457722,2.304162,2.6581473,2.4693606,2.316484006922092,O=C(O)C1CCCCC1,0.634,-1,C1CCCCC1,lockbox_primary,4.23979445124247,0.3,OADMET-0002087,2.69,C1CCCCC1,<=4,<=0.3,Q4_high,negative,False,2.392922303461046,2.3330738039330883,2.123869756710691,2.254544379989948
71,nesso_04a6452907a3d6c183f0,OADMET-0001977,5.42,4.942794,4.213944,4.425022,4.1302032,4.387855,4.31436,4.547134586854,COc1cccc2cc(C(=O)N3CCC(C)CC3)c(=O)oc12,0.0973,0,O=C(c1cc2ccccc2oc1=O)N1CCCCC1,lockbox_primary,4.23979445124247,0.3692307692307692,OADMET-0003300,5.27,O=C(c1cc2ccccc2oc1=O)N1CCCCC1,"(5,6]","(0.3,0.4]",Q2,neutral,False,4.430747293427,4.521874453386358,4.473261421460911,4.494081639928837
72,nesso_04bdf0c0abc0ae0a9bab,OADMET-0005785,4.57,4.7513065,3.9770522,4.0840235,3.651974,4.1273036,3.9544334,4.021085160387704,CC(NC(=O)N1CCC[C@H]1CN1CCOCC1)c1nc(Cc2ccccc2)no1,0.236,1,O=C(NCc1nc(Cc2ccccc2)no1)N1CCC[C@H]1CN1CCOCC1,lockbox_primary,4.23979445124247,0.4324324324324324,OADMET-0002776,5.22,O=C(NCc1nc(Cc2ccccc2)no1)N1CCC[C@H]1CN1CCOCC1,"(4,5]","(0.4,0.5]",Q4_high,positive,False,3.987759280193852,4.013852273043766,3.935486150025659,3.8389968747031187
80,nesso_0538bc8a925fd49fde77,OADMET-0005506,5.18,5.3687096,4.740851,4.916239,4.738599,4.85172,4.8355193,4.824230328935438,CCC(C)n1nc(NC(=O)C2CNC(=O)c3ccccc32)cc1C,0.0785,0,O=C1NCC(C(=O)Nc2cc[nH]n2)c2ccccc21,lockbox_primary,4.23979445124247,0.4084507042253521,OADMET-0003260,5.98,O=C1NCC(C(=O)Nc2cc[nH]n2)c2ccccc21,"(5,6]","(0.4,0.5]",Q1_low,neutral,False,4.829874814467718,4.825455380688971,4.828323152091337,4.815299578744226
84,nesso_054528983574938ce50b,OADMET-0001983,4.91,4.7079678,3.923437,4.610108,4.4074583,4.628838,4.5488014,5.203408277920308,O=C(CCCN1C(=O)c2cccc3cccc(c23)C1=O)N1CCc2ccccc2C1,0.143,0,O=C(CCCN1C(=O)c2cccc3cccc(c23)C1=O)N1CCc2ccccc2C1,lockbox_primary,4.23979445124247,0.5833333333333334,OADMET-0002291,4.27,O=C(CCCN1C(=O)c2cccc3cccc(c23)C1=O)N1CCc2ccccc2C1,"(4,5]","(0.5,0.6]",Q3,neutral,False,4.8761048389601545,5.132371927567018,5.097702810068304,5.171846731892647
85,nesso_0547619cb1ea8808c081,OADMET-0005661,5.08,4.819447,4.06135,4.542268,4.1053243,4.5383363,4.3953094,4.694389905016049,CC1(C)CNC(=O)C1NCc1nc(C(F)(F)F)n2c1CCCC2,0.172,1,O=C1NCCC1NCc1ncn2c1CCCC2,lockbox_primary,4.23979445124247,0.4769230769230769,OADMET-0004906,5.1,O=C1NCCC1NCc1ncn2c1CCCC2,"(5,6]","(0.4,0.5]",Q3,positive,False,4.544849652508025,4.661934414163805,4.6195113295221955,4.736969414333924
87,nesso_054e998e753dbda7002e,OADMET-0003593,4.31,5.5512285,4.9666476,4.8131104,4.6493673,4.783661,4.748713,4.064266151121911,CCCc1nc(C)c2c(=O)nc(-c3cc(S(=O)(=O)N4CCN(CC)CC4)ccc3OCC)[nH]n12,0.126,1,O=c1nc(-c2cccc(S(=O)(=O)N3CCNCC3)c2)[nH]n2cncc12,lockbox_primary,4.23979445124247,0.5569620253164557,OADMET-0003570,4.65,O=c1nc(-c2cccc(S(=O)(=O)N3CCNCC3)c2)[nH]n2cncc12,"(4,5]","(0.5,0.6]",Q2,positive,False,4.406489575560956,4.1385406627334875,4.145205914884611,3.8370809315956205
88,nesso_055b4bb555d9878feb88,OADMET-0000939,4.76,5.293175,4.647406,5.164519,4.9964952,5.1383905,5.0998015,4.613904714279078,CCCN(CCC)C(=O)c1coc(COc2ccc3sc(C)nc3c2)n1,0.0527,0,c1coc(COc2ccc3scnc3c2)n1,lockbox_primary,4.23979445124247,0.2911392405063291,OADMET-0001292,3.68,c1coc(COc2ccc3scnc3c2)n1,"(4,5]",<=0.3,Q1_low,neutral,False,4.856853107139539,4.6666330547078685,4.701688043953693,4.660938724570178
98,nesso_06125f8be573b0decf19,OADMET-0002203,4.08,4.7532115,3.9794087,3.626145,3.4662201,3.585919,3.559428,3.1886095775160377,O=C(O)c1cc(-c2ccccc2)nc2ccccc12,0.154,-1,c1ccc(-c2ccc3ccccc3n2)cc1,lockbox_primary,4.23979445124247,0.6,OADMET-0002328,3.31,c1ccc(-c2ccc3ccccc3n2)cc1,"(4,5]","(0.5,0.6]",Q3,negative,False,3.374018788758019,3.22884989313984,3.1222534945793976,3.0002100838217323
103,nesso_066402acf0663d9d1887,OADMET-0003950,5.05,5.135189,4.451959,4.655657,4.415648,4.6295075,4.566937,4.299529560742199,Cc1cc(N2CCCC(c3n[nH]c(-c4ccccc4)n3)C2)ncn1,0.114,0,c1ccc(-c2nc(C3CCCN(c4ccncn4)C3)n[nH]2)cc1,lockbox_primary,4.23979445124247,0.3333333333333333,OADMET-0003405,2.42,c1ccc(-c2nc(C3CCCN(c4ccncn4)C3)n[nH]2)cc1,"(5,6]","(0.3,0.4]",Q2,neutral,False,4.4332332803711,4.328547967335394,4.3115041829608245,4.128642880258381
107,nesso_06a147629cd9acb27ff4,OADMET-0001862,3.27,4.7390537,3.961894,4.616647,4.345653,4.58912,4.51714,3.826485980617128,O=C(COc1ccc(Cl)cc1)N1CCN(Cc2ccc3c(c2)OCO3)CC1,0.288,1,O=C(COc1ccccc1)N1CCN(Cc2ccc3c(c2)OCO3)CC1,lockbox_primary,4.23979445124247,0.4807692307692308,OADMET-0002056,2.82,O=C(COc1ccccc1)N1CCN(Cc2ccc3c(c2)OCO3)CC1,<=4,"(0.4,0.5]",Q4_high,positive,False,4.171812990308564,3.9014340793136446,3.8872115341744493,3.745648589300237
110,nesso_06bc859310fcac28885a,OADMET-0001176,4.47,5.0638704,4.3637295,4.9975133,4.766425,4.961616,4.9085183,4.2277644337868345,Cc1ccc2nc(CN3CCN(C)C(c4ccccc4)C3)[nH]c2c1C,0.0796,2,c1ccc(C2CN(Cc3nc4ccccc4[nH]3)CCN2)cc1,lockbox_primary,4.23979445124247,0.380281690140845,OADMET-0001015,4.0,c1ccc(C2CN(Cc3nc4ccccc4[nH]3)CCN2)cc1,"(4,5]","(0.3,0.4]",Q2,positive,False,4.568141366893418,4.301638191878577,4.3227280568387085,4.349108672306503
112,nesso_06cd3a422b298c550f25,OADMET-0002997,5.25,4.956483,4.230879,4.586499,4.431925,4.5952606,4.5378947,4.737333125096226,OCC1(NCc2cc(O)cc(Cl)c2)CCCc2ccccc21,0.134,1,c1ccc(CNC2CCCc3ccccc32)cc1,lockbox_primary,4.23979445124247,0.3188405797101449,OADMET-0005859,4.4,c1ccc(CNC2CCCc3ccccc32)cc1,"(5,6]","(0.3,0.4]",Q2,positive,False,4.6376139125481135,4.715690551030928,4.687921926600022,4.78949551157322
117,nesso_06ede81ba7b7fa1d6348,OADMET-0000951,3.33,4.3932743,3.5341249,2.8877892,2.3605776,2.9651334,2.7378333,3.0463757772915745,Cc1n[nH]nc1C(=O)N1CCC2(CC1)C(=O)N(C)C(=O)N2C,0.211,0,O=C1NC(=O)C2(CCN(C(=O)c3cn[nH]n3)CC2)N1,lockbox_primary,4.23979445124247,0.3050847457627119,OADMET-0001828,4.3,O=C1NC(=O)C2(CCN(C(=O)c3cn[nH]n3)CC2)N1,<=4,"(0.3,0.4]",Q3,neutral,False,2.8921045386457873,3.01289349616219,2.820032635115015,2.806063499020853
134,nesso_07ae1128b05465c1fc36,OADMET-0003800,4.48,5.3209763,4.6817994,3.9712827,3.6987078,3.9888492,3.88628,4.06777454819862,CC(C)OC(=O)[C@H](C)N[P@](=O)(OC[C@H]1O[C@@H](n2ccc(=O)[nH]c2=O)[C@](C)(F)[C@@H]1O)Oc1ccccc1,0.195,-1,O=c1ccn([C@H]2CC[C@@H](CO[PH](=O)Oc3ccccc3)O2)c(=O)[nH]1,lockbox_primary,4.23979445124247,0.3577981651376147,OADMET-0003740,1.86,O=c1ccn([C@H]2CC[C@@H](CO[PH](=O)Oc3ccccc3)O2)c(=O)[nH]1,"(4,5]","(0.3,0.4]",Q3,negative,False,3.97702727409931,4.048079200123437,3.961543456161134,3.790233626033703
137,nesso_07b64dfaac416ab689b4,OADMET-0002620,5.42,5.6167445,5.0476985,5.068405,4.9639015,5.0069323,5.0130796,5.171981160270121,CC12CC(CN1C(=O)NCc1ccccc1-c1ccc(Cn3cccn3)cc1)C2,0.0429,0,O=C(NCc1ccccc1-c1ccc(Cn2cccn2)cc1)N1CC2CC1C2,lockbox_primary,4.23979445124247,0.3684210526315789,OADMET-0001667,4.56,O=C(NCc1ccccc1-c1ccc(Cn2cccn2)cc1)N1CC2CC1C2,"(5,6]","(0.3,0.4]",Q1_low,neutral,False,5.092530380135061,5.154737548435651,5.17075380831647,5.205474075602439
144,nesso_07f5fb15468e85a8979a,OADMET-0005529,5.3,5.5344405,4.945879,5.194074,5.0057936,5.1314993,5.1104555,4.983278154448986,COc1cc(C(=O)NC2CCCN(c3ccccn3)C2)cc2c1OC(C)C2,0.062,0,O=C(NC1CCCN(c2ccccn2)C1)c1ccc2c(c1)CCO2,lockbox_primary,4.23979445124247,0.4722222222222222,OADMET-0003405,2.42,O=C(NC1CCCN(c2ccccn2)C1)c1ccc2c(c1)CCO2,"(5,6]","(0.4,0.5]",Q1_low,neutral,False,5.046866827224493,4.99707913146326,5.026882447547539,5.008366129414559
145,nesso_07fab51dc7744d43240f,OADMET-0005991,4.65,5.2127943,4.5479655,4.674446,4.616302,4.634883,4.641877,4.994830836686642,COc1ccc2[nH]nc(NC(=O)C3(c4ccccc4)CCCO3)c2c1,0.149,0,O=C(Nc1n[nH]c2ccccc12)C1(c2ccccc2)CCCO1,lockbox_primary,4.23979445124247,0.4025974025974026,OADMET-0004069,4.26,O=C(Nc1n[nH]c2ccccc12)C1(c2ccccc2)CCCO1,"(4,5]","(0.4,0.5]",Q3,neutral,False,4.8183539183433215,4.956529142575108,4.935527141206844,4.941998665365727
153,nesso_083cf68afa71e073347a,OADMET-0005187,5.2,4.5139256,3.6833844,4.534505,4.3507414,4.5684237,4.4845567,5.11422631430389,CC(N[C@@H](Cc1ccccc1)C(=O)N(C)c1ccccc1)c1cccnc1,0.0487,1,O=C(Nc1ccccc1)[C@H](Cc1ccccc1)NCc1cccnc1,lockbox_primary,4.23979445124247,0.4516129032258064,OADMET-0002651,5.57,O=C(Nc1ccccc1)[C@H](Cc1ccccc1)NCc1cccnc1,"(5,6]","(0.4,0.5]",Q1_low,positive,False,4.799391507151945,5.045896095301886,5.005834514758623,5.212529185292736
155,nesso_08547826127f20c9938b,OADMET-0005111,5.19,4.771611,4.0021715,3.6597314,3.3348882,3.612835,3.535818,4.0270520081505214,CCN(CC(=O)Nc1ccccc1OC)CC1CCC2(COC2)O1,0.0845,1,O=C(CNCC1CCC2(COC2)O1)Nc1ccccc1,lockbox_primary,4.23979445124247,0.3559322033898305,OADMET-0001944,3.13,O=C(CNCC1CCC2(COC2)O1)Nc1ccccc1,"(5,6]","(0.3,0.4]",Q2,positive,False,3.7814350040752607,3.9737444852914665,3.8500657283699677,3.885104261873666
156,nesso_0893b31ac9d8fe3e2037,OADMET-0002909,4.78,5.0058517,4.291954,4.8828006,4.7278204,4.821317,4.810646,4.987175430096053,CC(C)N(C(=O)c1n[nH]c2ccccc2c1=O)c1ccc(Cl)cc1,0.0944,0,O=C(Nc1ccccc1)c1n[nH]c2ccccc2c1=O,lockbox_primary,4.23979445124247,0.3623188405797101,OADMET-0003219,5.17,O=C(Nc1ccccc1)c1n[nH]c2ccccc2c1=O,"(4,5]","(0.3,0.4]",Q2,neutral,False,4.898910715048027,4.9680188845922695,4.965376120272756,5.0135123719641195
160,nesso_08f786aa3f3d291682e2,OADMET-0005410,5.15,5.090019,4.3960786,4.90794,4.6798162,4.871421,4.8197255,4.416390655370231,O=C(NCCOc1cccc(C(F)(F)F)n1)c1ccnc(NC(=O)C2CC2)c1,0.0777,0,O=C(NCCOc1ccccn1)c1ccnc(NC(=O)C2CC2)c1,lockbox_primary,4.23979445124247,0.3291139240506329,OADMET-0000995,2.93,O=C(NCCOc1ccccn1)c1ccnc(NC(=O)C2CC2)c1,"(5,6]","(0.3,0.4]",Q1_low,neutral,False,4.618058077685115,4.460159574242327,4.4683906630254775,4.284925071330543
188,nesso_0b1b6e1ef10f30e63464,OADMET-0003333,5.44,5.0683937,4.3693256,5.0583606,4.831706,5.010951,4.9670057,5.269016286702926,CC1(Cc2cccs2)CCCN1C(=O)Cn1nnc2c1CCCC2,0.0777,0,O=C(Cn1nnc2c1CCCC2)N1CCCC1Cc1cccs1,lockbox_primary,4.23979445124247,0.3552631578947368,OADMET-0002930,5.53,O=C(Cn1nnc2c1CCCC2)N1CCCC1Cc1cccs1,"(5,6]","(0.3,0.4]",Q1_low,neutral,False,5.118010993351463,5.2362428304942314,5.245601357168213,5.39409871992665
195,nesso_0ba0cbdda39861baac96,OADMET-0002697,5.36,4.9635553,4.2396283,4.75826,4.5443687,4.73699,4.679873,4.596780922547611,Cc1ccc(SCC(F)(F)F)c(NC(=O)C(=O)N(C)CCN2CCCC2=O)c1,0.0499,0,O=C(NCCN1CCCC1=O)C(=O)Nc1ccccc1,lockbox_primary,4.23979445124247,0.2588235294117647,OADMET-0004349,4.1,O=C(NCCN1CCCC1=O)C(=O)Nc1ccccc1,"(5,6]",<=0.3,Q1_low,neutral,False,4.638326961273805,4.605797873216145,4.595798642954483,4.614038933352264
199,nesso_0bb65c81e06d5b786e4f,OADMET-0005027,5.69,4.8842325,4.1414967,4.998929,4.8315296,4.991412,4.9406238,4.718955009997703,O=S(=O)(Nc1cn(CC(F)(F)F)cn1)c1cccc2c1OCCC2,0.0844,0,O=S(=O)(Nc1c[nH]cn1)c1cccc2c1OCCC2,lockbox_primary,4.23979445124247,0.3648648648648648,OADMET-0004747,4.69,O=S(=O)(Nc1c[nH]cn1)c1cccc2c1OCCC2,"(5,6]","(0.3,0.4]",Q2,neutral,False,4.829789404998852,4.7430099693330225,4.759053427822286,4.796778358341076
200,nesso_0bc5c16d33080a897089,OADMET-0005522,5.37,4.786968,4.0211697,4.0516424,3.6887932,4.089082,3.9431725,4.747292588806603,CCC(C)NC(=O)C1CSCN1C(=O)c1ccc2c(c1)S(=O)(=O)N(C(C)C)C2=O,0.079,0,O=C1NS(=O)(=O)c2cc(C(=O)N3CCSC3)ccc21,lockbox_primary,4.23979445124247,0.3647058823529411,OADMET-0002821,5.52,O=C1NS(=O)(=O)c2cc(C(=O)N3CCSC3)ccc21,"(5,6]","(0.3,0.4]",Q1_low,neutral,False,4.345232544403302,4.66003142751838,4.567861958062729,4.538453380918954
202,nesso_0bf142b6db95c06e4b31,OADMET-0005186,4.4,5.1712055,4.4965158,4.8506446,4.6638603,4.8061857,4.773564,4.978963503184254,COc1ccccc1-c1cn(Cc2nc3c(o2)CCCC3)nn1,0.19,0,c1ccc(-c2cn(Cc3nc4c(o3)CCCC4)nn2)cc1,lockbox_primary,4.23979445124247,0.5245901639344263,OADMET-0002538,5.835,c1ccc(-c2cn(Cc3nc4c(o3)CCCC4)nn2)cc1,"(4,5]","(0.5,0.6]",Q3,neutral,False,4.876263751592127,4.956674047386075,4.950168873549419,4.963586659672195
210,nesso_0c6f7d06d82223ac6aa5,OADMET-0004056,4.92,5.2209406,4.5580435,3.8770247,3.6634238,4.0311236,3.8571904,4.564718243861091,CCC(CC)n1nc(C)cc1C(=O)Nc1nc(-c2c[nH]c(C(N)=O)c2)cs1,0.224,0,O=C(Nc1nc(-c2cc[nH]c2)cs1)c1ccn[nH]1,lockbox_primary,4.23979445124247,0.4507042253521127,OADMET-0002795,5.029999999999999,O=C(Nc1nc(-c2cc[nH]c2)cs1)c1ccn[nH]1,"(4,5]","(0.4,0.5]",Q3,neutral,False,4.210954321930545,4.487939038667126,4.389648282746538,4.3955005083321455
212,nesso_0c970d32b1a1839f2f47,OADMET-0005602,4.47,4.9772644,4.256588,4.890139,4.6316094,4.866772,4.7961736,4.604697275732372,CC(C)c1nn(-c2ccccc2)cc1CNC(=O)c1cccn(C)c1=O,0.234,0,O=C(NCc1cnn(-c2ccccc2)c1)c1ccc[nH]c1=O,lockbox_primary,4.23979445124247,0.410958904109589,OADMET-0004004,5.15,O=C(NCc1cnn(-c2ccccc2)c1)c1ccc[nH]c1=O,"(4,5]","(0.4,0.5]",Q4_high,neutral,False,4.700435437866187,4.625475821931349,4.627899496284416,4.636203285132263
213,nesso_0c9ccc8df63f00aed71f,OADMET-0005643,4.29,4.815895,4.0569553,4.176799,3.9086418,4.1427374,4.0760593,4.268245835334495,CNC(=O)Cn1cc(NCc2cccc(-c3ccc(C)cc3)c2)cn1,0.272,0,c1ccc(-c2cccc(CNc3cn[nH]c3)c2)cc1,lockbox_primary,4.23979445124247,0.3766233766233766,OADMET-0001121,2.84,c1ccc(-c2cccc(CNc3cn[nH]c3)c2)cc1,"(4,5]","(0.3,0.4]",Q4_high,neutral,False,4.172152567667247,4.2473902187534724,4.177875344567751,4.011529494554237
218,nesso_0cbc3b549d6fa0a3dd77,OADMET-0005545,5.43,5.1718683,4.4973354,4.771798,4.5849123,4.7373695,4.6980267,4.909958657478041,CC1CCN(C(=O)Nc2cnn(C(F)F)c2)CC12CCC2,0.0599,0,O=C(Nc1cn[nH]c1)N1CCCC2(CCC2)C1,lockbox_primary,4.23979445124247,0.3970588235294117,OADMET-0001647,3.33,O=C(Nc1cn[nH]c1)N1CCCC2(CCC2)C1,"(5,6]","(0.3,0.4]",Q1_low,neutral,False,4.803992678739021,4.88696031558726,4.873493385860341,4.937290393416829
219,nesso_0cbefce6fa07ded80c7d,OADMET-0005664,5.28,5.186453,4.5153785,4.8007545,4.4996643,4.734803,4.678407,4.064710750699066,COCc1nn(Cc2nc(N)c3c4c(sc3n2)CCCC4)c(=O)o1,0.0805,0,O=c1ocnn1Cc1ncc2c3c(sc2n1)CCCC3,lockbox_primary,4.23979445124247,0.44,OADMET-0005535,5.23,O=c1ocnn1Cc1ncc2c3c(sc2n1)CCCC3,"(5,6]","(0.4,0.5]",Q2,neutral,False,4.371558875349534,4.131307578881413,4.1303722870569315,4.091275292903208
250,nesso_0e920c6010dc17b90f38,OADMET-0003463,5.14,6.164388,5.725197,5.1668825,5.1347756,5.199645,5.1671014,5.4883371583250495,C[C@H]1C[C@H](NC(=O)C2(c3ccc(F)cc3F)CCC2)c2ccsc2S1(=O)=O,0.0792,0,O=C(N[C@H]1CCS(=O)(=O)c2sccc21)C1(c2ccccc2)CCC1,lockbox_primary,4.23979445124247,0.2469135802469135,OADMET-0003296,5.77,O=C(N[C@H]1CCS(=O)(=O)c2sccc21)C1(c2ccccc2)CCC1,"(5,6]",<=0.3,Q1_low,neutral,False,5.327719279162524,5.4534774331310825,5.480644253998559,5.651759206416938
256,nesso_0ebedaefa72b83f49f86,OADMET-0005709,4.95,4.9729166,4.2512093,4.928132,4.7341514,4.9109755,4.857753,5.020521078698953,Cc1cccc2c1OC(C(=O)NS(=O)(=O)c1ccc3c(c1)CCCC3)C2,0.162,0,O=C(NS(=O)(=O)c1ccc2c(c1)CCCC2)C1Cc2ccccc2O1,lockbox_primary,4.23979445124247,0.3968253968253968,OADMET-0005911,5.23,O=C(NS(=O)(=O)c1ccc2c(c1)CCCC2)C1Cc2ccccc2O1,"(4,5]","(0.3,0.4]",Q3,neutral,False,4.939137039349476,5.002857881664537,5.0047245593019785,5.096245002441724
258,nesso_0f1a20967d90ff94b234,OADMET-0003140,1.84,4.881914,4.138629,4.599576,4.400873,4.6020374,4.534162,3.9802707289495225,NC(=O)c1ccccc1Oc1ccc(NC(=O)c2ccc3nc(C(F)(F)F)cn3c2)cc1,0.574,0,O=C(Nc1ccc(Oc2ccccc2)cc1)c1ccc2nccn2c1,lockbox_primary,4.23979445124247,0.3125,OADMET-0001923,3.4,O=C(Nc1ccc(Oc2ccccc2)cc1)c1ccc2nccn2c1,<=4,"(0.3,0.4]",Q4_high,neutral,False,4.257216364474761,4.040377665975567,4.025327926768034,3.8697151695527787
259,nesso_0f2abac7d9af04ec5ae5,OADMET-0003747,5.28,5.061852,4.3612328,4.5710316,4.4238014,4.5518656,4.5155663,4.768458681849561,COC(=O)C1=C(C)NC(C)=C(C(=O)OCCN(C)Cc2ccccc2)C1c1cccc([N+](=O)[O-])c1,0.087,1,O=C(OCCNCc1ccccc1)C1=CNC=CC1c1ccccc1,lockbox_primary,4.23979445124247,0.6119402985074627,OADMET-0003625,6.21,O=C(OCCNCc1ccccc1)C1=CNC=CC1c1ccccc1,"(5,6]",>0.6,Q2,positive,False,4.64201249092478,4.741015414073614,4.710295896365867,4.594002756027303
262,nesso_0f493ad2c50fab03e24d,OADMET-0000957,3.56,4.994935,4.2784486,4.3691516,4.0652494,4.3475986,4.2606664,3.295787954262951,CN(C)CCCOc1cccc(CN2CCN(c3ccc(Cl)cn3)CC2)c1,0.164,2,c1ccc(CN2CCN(c3ccccn3)CC2)cc1,lockbox_primary,4.23979445124247,0.4153846153846154,OADMET-0001083,3.46,c1ccc(CN2CCN(c3ccccn3)CC2)cc1,<=4,"(0.4,0.5]",Q3,positive,False,3.7782271771314755,3.4004942224547428,3.3677717741733697,3.1806949838321
264,nesso_0f5470bacc939973d022,OADMET-0005755,4.69,5.0009503,4.28589,4.7573457,4.5477567,4.7415075,4.6822033,4.61137428359849,O=C(c1ccc2[nH]ncc2c1)N1CCCC(C(=O)N2CCC3(C2)Oc2ccccc2O3)C1,0.227,0,O=C(c1ccc2[nH]ncc2c1)N1CCCC(C(=O)N2CCC3(C2)Oc2ccccc2O3)C1,lockbox_primary,4.23979445124247,0.3333333333333333,OADMET-0006004,4.69,O=C(c1ccc2[nH]ncc2c1)N1CCCC(C(=O)N2CCC3(C2)Oc2ccccc2O3)C1,"(4,5]","(0.3,0.4]",Q3,neutral,False,4.646788791799246,4.6190604766312635,4.609059968099619,4.602663165347405
276,nesso_0ff8cf42aca52ef21be7,OADMET-0005213,5.15,5.0925245,4.399178,4.9313345,4.765088,4.896181,4.864201,4.678371410868704,CC(C)[C@H](C(=O)Nc1ccncc1F)N1Cc2ccccc2C1=O,0.116,0,O=C(CN1Cc2ccccc2C1=O)Nc1ccncc1,lockbox_primary,4.23979445124247,0.3857142857142857,OADMET-0005728,4.9,O=C(CN1Cc2ccccc2C1=O)Nc1ccncc1,"(5,6]","(0.3,0.4]",Q2,neutral,False,4.771286205434352,4.698537187069341,4.707030638736882,4.7826918028813
281,nesso_105b63288b8ad147dde5,OADMET-0003208,5.13,4.8268356,4.0704904,4.5053387,4.110672,4.4998965,4.371969,4.718086112010544,CCOC1CC(N(C)CC(=O)Nc2nccs2)C12CCCCC2,0.112,1,O=C(CNC1CCC12CCCCC2)Nc1nccs1,lockbox_primary,4.23979445124247,0.35,OADMET-0005951,4.8,O=C(CNC1CCC12CCCCC2)Nc1nccs1,"(5,6]","(0.3,0.4]",Q2,positive,False,4.545027556005272,4.68052632267536,4.635171823162401,4.857916641700333
282,nesso_106500b9a16deda57eb2,OADMET-0001680,4.31,5.0097227,4.296743,4.612584,4.4816155,4.527442,4.5405474,4.548403587598561,Cc1nn(-c2ccccc2)c(Oc2ccc(Br)cc2)c1C=O,0.198,0,c1ccc(Oc2ccnn2-c2ccccc2)cc1,lockbox_primary,4.23979445124247,0.4528301886792453,OADMET-0001513,4.98,c1ccc(Oc2ccnn2-c2ccccc2)cc1,"(4,5]","(0.4,0.5]",Q3,neutral,False,4.544475493799281,4.547551053179024,4.523343588949112,4.524425782669543
284,nesso_10684faa1c1a9ccb6bbd,OADMET-0005672,4.92,4.737299,3.959723,4.526806,4.1253195,4.509135,4.387087,5.2185273787525785,O=C(Nc1cccc(F)c1F)NC1CCCN(C2CCCCC2)C1=O,0.174,0,O=C(Nc1ccccc1)NC1CCCN(C2CCCCC2)C1=O,lockbox_primary,4.23979445124247,0.5238095238095238,OADMET-0003363,5.84,O=C(Nc1ccccc1)NC1CCCN(C2CCCCC2)C1=O,"(4,5]","(0.5,0.6]",Q3,neutral,False,4.802807189376289,5.12830148587687,5.075905640374017,5.222815724327911
294,nesso_1159236284e0877379e4,OADMET-0001880,3.86,4.759326,3.9869733,4.3720713,4.1529884,4.3149347,4.2799983,3.223506677110091,O=C(NCc1ccccn1)c1ccc2ccccc2n1,0.221,0,O=C(NCc1ccccn1)c1ccc2ccccc2n1,lockbox_primary,4.23979445124247,0.475,OADMET-0002207,2.89,O=C(NCc1ccccn1)c1ccc2ccccc2n1,<=4,"(0.4,0.5]",Q3,neutral,False,3.7517524885550455,3.338154585038214,3.3087727605666553,3.168289407302037
295,nesso_1181aa73bf309ae8c0d3,OADMET-0003201,5.71,5.642391,5.079427,5.095519,5.040988,4.9812584,5.039255,5.035506375902667,COc1ccccc1C(CO)NC(=O)c1ccccc1CNC(=O)OC(C)(C)C,0.0654,0,O=C(NCc1ccccc1)c1ccccc1,lockbox_primary,4.23979445124247,0.3428571428571428,OADMET-0003033,5.16,O=C(NCc1ccccc1)c1ccccc1,"(5,6]","(0.3,0.4]",Q1_low,neutral,False,5.037380687951334,5.035913167495763,5.057121781489023,5.122095250361934
306,nesso_121d3d0bc3b83f0026cd,OADMET-0001197,2.68,4.836307,4.0822077,3.0756822,2.8400784,3.2104464,3.0420692,3.274825136704556,CN(Cc1ccc(CN2CC[C@@H](N)[C@H](O)C2)o1)S(C)(=O)=O,0.307,2,c1coc(CN2CCCCC2)c1,lockbox_primary,4.23979445124247,0.2957746478873239,OADMET-0001259,2.88,c1coc(CN2CCCCC2)c1,<=4,<=0.3,Q4_high,positive,False,3.1584471683522777,3.249567027105888,3.08560306834193,2.9745420325232663
313,nesso_12abc202259639253990,OADMET-0001160,3.31,4.7370944,3.9594703,3.7362375,3.3522685,3.853568,3.647358,3.649235249005971,Nc1nnc(CNC(=O)Nc2cc(C(=O)N3CCCC3)ccc2Cl)s1,0.207,0,O=C(NCc1nncs1)Nc1cccc(C(=O)N2CCCC2)c1,lockbox_primary,4.23979445124247,0.4411764705882353,OADMET-0001048,2.97,O=C(NCc1nncs1)Nc1cccc(C(=O)N2CCCC2)c1,<=4,"(0.4,0.5]",Q3,neutral,False,3.6482966245029855,3.649031534497941,3.543947383742804,3.4955866639248705
318,nesso_12f4ccefdbda271ba309,OADMET-0003535,2.62,5.39312,4.771049,4.8460073,4.561102,4.763868,4.723659,4.339401087847214,CC1C(=O)Nc2cc(-c3nc(-c4ccc(N5CCCC5)nc4)no3)ccc2N1C,0.294,0,O=C1CNc2ccc(-c3nc(-c4ccc(N5CCCC5)nc4)no3)cc2N1,lockbox_primary,4.23979445124247,0.4852941176470588,OADMET-0002682,2.42,O=C1CNc2ccc(-c3nc(-c4ccc(N5CCCC5)nc4)no3)cc2N1,<=4,"(0.4,0.5]",Q4_high,neutral,False,4.531530043923606,4.381099824286448,4.380290462479474,4.390148914542656
320,nesso_1303c4e1c78b73806d79,OADMET-0003508,5.23,5.2300706,4.5693383,5.049146,4.8198533,4.988064,4.9523544,5.126659457417053,CC(C)(C(=O)Nc1cc(C2CCOCC2)[nH]n1)c1cccc(Cl)c1F,0.15,0,O=C(Cc1ccccc1)Nc1cc(C2CCOCC2)[nH]n1,lockbox_primary,4.23979445124247,0.2926829268292683,OADMET-0005231,4.81,O=C(Cc1ccccc1)Nc1cc(C2CCOCC2)[nH]n1,"(5,6]",<=0.3,Q3,neutral,False,5.039506928708526,5.107744295440195,5.117987966942207,5.118070049987954
323,nesso_134cadf6e46f71f869b6,OADMET-0001545,1.69,5.0259857,4.316862,3.840894,3.6196687,3.7946727,3.7517452,2.6400501347528564,Nc1c(C=O)c(=O)[nH]c(=O)n1-c1ccc(Cl)cc1,0.503,0,O=c1ccn(-c2ccccc2)c(=O)[nH]1,lockbox_primary,4.23979445124247,0.2909090909090909,OADMET-0001513,4.98,O=c1ccn(-c2ccccc2)c(=O)[nH]1,<=4,<=0.3,Q4_high,neutral,False,3.1958976673764283,2.7606885863252115,2.684369937611961,2.4226703412281143
326,nesso_136268989650ce194128,OADMET-0005949,5.28,4.736788,3.9590907,4.928304,4.673193,4.906854,4.8361173,5.194121118206342,Cn1cccc1C1CCCCN1C(=O)CCN1C(=O)COc2ccccc21,0.0689,0,O=C1COc2ccccc2N1CCC(=O)N1CCCCC1c1ccc[nH]1,lockbox_primary,4.23979445124247,0.4533333333333333,OADMET-0002725,5.35,O=C1COc2ccccc2N1CCC(=O)N1CCCCC1c1ccc[nH]1,"(5,6]","(0.4,0.5]",Q1_low,neutral,False,5.015119209103171,5.155271412351254,5.151792525549269,5.339740197676976
334,nesso_13ac957540db003cb8e3,OADMET-0003002,5.38,4.715281,3.9324841,4.920708,4.6820393,4.892355,4.831701,4.9915025718820925,Cn1nc(CNC(=O)Nc2cccnc2-c2ccccc2)cc1C1CC1,0.0597,0,O=C(NCc1cc(C2CC2)[nH]n1)Nc1cccnc1-c1ccccc1,lockbox_primary,4.23979445124247,0.4857142857142857,OADMET-0002558,4.57,O=C(NCc1cc(C2CC2)[nH]n1)Nc1cccnc1-c1ccccc1,"(5,6]","(0.4,0.5]",Q1_low,neutral,False,4.911601785941047,4.974161292970867,4.973717404256257,5.065992038728082
339,nesso_1415fde1c997bc2de48b,OADMET-0005438,4.63,5.1441054,4.46299,4.9816303,4.873062,4.917861,4.9241843,4.910991966748886,Cc1cc(NC(=O)c2cccc(C)c2Cl)n(-c2ccccc2)n1,0.142,0,O=C(Nc1ccnn1-c1ccccc1)c1ccccc1,lockbox_primary,4.23979445124247,0.4098360655737705,OADMET-0005597,4.77,O=C(Nc1ccnn1-c1ccccc1)c1ccccc1,"(4,5]","(0.4,0.5]",Q2,neutral,False,4.917588133374443,4.912423566749457,4.923363071598642,4.953359261179619
342,nesso_146533aa9a3d59909978,OADMET-0005493,5.13,4.8753395,4.130495,4.7602634,4.4789395,4.729663,4.6562886,4.361594407940558,CN(Cc1ccnn1-c1ccc(F)cc1)CC(O)Cc1ccccc1,0.0838,1,c1ccc(CCCNCc2ccnn2-c2ccccc2)cc1,lockbox_primary,4.23979445124247,0.2898550724637681,OADMET-0003445,5.21,c1ccc(CCCNCc2ccnn2-c2ccccc2)cc1,"(5,6]",<=0.3,Q2,positive,False,4.508941503970279,4.393573906751694,4.385104070926446,4.286137416148833
344,nesso_149e0812b08341ca3936,OADMET-0002986,4.6,4.647788,3.8489876,3.8295813,3.4678016,3.8150263,3.7041366,4.093841991990925,Cn1ccnc(N2CCN(S(=O)(=O)c3ccccc3)CC2)c1=O,0.16,0,O=c1[nH]ccnc1N1CCN(S(=O)(=O)c2ccccc2)CC1,lockbox_primary,4.23979445124247,0.3833333333333333,OADMET-0006048,4.99,O=c1[nH]ccnc1N1CCN(S(=O)(=O)c2ccccc2)CC1,"(4,5]","(0.3,0.4]",Q3,neutral,False,3.8989892959954626,4.051552108254929,3.9448935999998467,4.129947341650845
346,nesso_14a3deb96db15ea8fff3,OADMET-0004388,4.24,5.005452,4.2914596,4.1081324,3.7663298,4.0868607,3.9871075,3.37489328936699,O=C(Cc1cc2ccccc2[nH]c1=O)Nc1ccc2[nH]nnc2c1,0.114,0,O=C(Cc1cc2ccccc2[nH]c1=O)Nc1ccc2[nH]nnc2c1,lockbox_primary,4.23979445124247,0.4444444444444444,OADMET-0004092,4.9,O=C(Cc1cc2ccccc2[nH]c1=O)Nc1ccc2[nH]nnc2c1,"(4,5]","(0.4,0.5]",Q2,neutral,False,3.681000394683495,3.4413292903084343,3.3776921822352306,3.3339168991244135
347,nesso_14c29cbbd8839854fb0a,OADMET-0004280,5.0,4.5828876,3.7686987,3.9038353,3.575687,3.8791974,3.7862399,4.447630498139352,CCC(=O)N1CCCC(C(=O)Nc2nc(-c3ccccc3)co2)C1,0.15,0,O=C(Nc1nc(-c2ccccc2)co1)C1CCCNC1,lockbox_primary,4.23979445124247,0.3766233766233766,OADMET-0001969,4.27,O=C(Nc1nc(-c2ccccc2)co1)C1CCCNC1,"(4,5]","(0.3,0.4]",Q3,neutral,False,4.116935199069676,4.375857994924806,4.271934254746095,4.256177875725717
350,nesso_14f3b210ebdc7167361b,OADMET-0001795,3.81,4.7862263,4.0202518,4.4465647,4.2254186,4.4165025,4.3628287,3.967977032258198,C=CC(=O)Nc1ccc(C(=O)NCC2(C3=CCOCC3)CCC2)cc1,0.0751,0,O=C(NCC1(C2=CCOCC2)CCC1)c1ccccc1,lockbox_primary,4.23979445124247,0.4923076923076923,OADMET-0001771,3.87,O=C(NCC1(C2=CCOCC2)CCC1)c1ccccc1,<=4,"(0.4,0.5]",Q1_low,neutral,False,4.165402866129099,4.010825377354111,3.977485238037834,3.920729842229769
356,nesso_15234a618edc109d3046,OADMET-0005322,4.88,5.3335614,4.6973686,5.0024757,4.876663,4.9381914,4.9391103,4.566140421088257,Cn1c(C2C(C3CC3)CCN2c2nccc(C#N)c2Cl)n[nH]c1=O,0.162,0,O=c1[nH]nc(C2C(C3CC3)CCN2c2ccccn2)[nH]1,lockbox_primary,4.23979445124247,0.3846153846153846,OADMET-0005508,5.34,O=c1[nH]nc(C2C(C3CC3)CCN2c2ccccn2)[nH]1,"(4,5]","(0.3,0.4]",Q3,neutral,False,4.752625360544128,4.606614207544292,4.625142916167622,4.800172932799377
358,nesso_15769f7be5f1a6720dfc,OADMET-0005485,4.61,4.7502737,3.9757743,4.861304,4.6530457,4.8369336,4.7837605,4.640418606497408,COc1ccccc1C1CN(C(=O)c2ccc(CCF)cc2)CCN1,0.22,1,O=C(c1ccccc1)N1CCNC(c2ccccc2)C1,lockbox_primary,4.23979445124247,0.3513513513513513,OADMET-0003353,5.64,O=C(c1ccccc1)N1CCNC(c2ccccc2)C1,"(4,5]","(0.3,0.4]",Q3,positive,False,4.712089553248704,4.655973721041123,4.656437667277193,4.7280977467671645
362,nesso_15928246adae6a64d2cf,OADMET-0003250,5.06,5.2805004,4.631726,5.072504,4.9329076,5.0038915,5.003101,5.15509956859773,CCC1CN(S(=O)(=O)c2ccccc2S(N)(=O)=O)c2cccc(Cl)c2O1,0.136,0,O=S(=O)(c1ccccc1)N1CCOc2ccccc21,lockbox_primary,4.23979445124247,0.4032258064516129,OADMET-0002953,5.25,O=S(=O)(c1ccccc1)N1CCOc2ccccc21,"(5,6]","(0.4,0.5]",Q2,neutral,False,5.079100284298865,5.138605052673286,5.153836258715639,5.156560951553042
372,nesso_162b1b7dda7b7ec41a0f,OADMET-0001135,2.22,4.5085626,3.6767497,3.0217333,2.5524669,3.130249,2.9014828,2.845608502591588,Cc1ncn(C)c1C(=O)N1CCN(CC(=O)N2CCCC2)CC1,0.281,1,O=C(CN1CCN(C(=O)c2cnc[nH]2)CC1)N1CCCC1,lockbox_primary,4.23979445124247,0.3859649122807017,OADMET-0001921,1.84,O=C(CN1CCN(C(=O)c2cnc[nH]2)CC1)N1CCCC1,<=4,"(0.3,0.4]",Q4_high,positive,False,2.873545651295794,2.851671845798518,2.679964499105743,2.719945982063748
380,nesso_16863ed6aafebd3e1f04,OADMET-0001537,3.49,4.948881,4.2214746,4.4151816,4.231327,4.371641,4.3393836,4.300512838209354,O=Cc1cc(F)c(OCc2cn(-c3ccc(Cl)cc3)nn2)c(F)c1,0.23,0,c1ccc(OCc2cn(-c3ccccc3)nn2)cc1,lockbox_primary,4.23979445124247,0.3230769230769231,OADMET-0002761,5.41,c1ccc(OCc2cn(-c3ccccc3)nn2)cc1,<=4,"(0.3,0.4]",Q3,neutral,False,4.319948219104677,4.304730998980643,4.26309508472252,4.019027399862491
390,nesso_17791ce6facc352e87ab,OADMET-0005267,4.24,4.688048,3.8987937,4.2541256,3.926795,4.211751,4.1308904,4.3186925084381445,CCO[C@H]1CCN(C(=O)Cc2cc(-c3ccccc3)on2)C1,0.276,0,O=C(Cc1cc(-c2ccccc2)on1)N1CCCC1,lockbox_primary,4.23979445124247,0.4084507042253521,OADMET-0001425,5.15,O=C(Cc1cc(-c2ccccc2)on1)N1CCCC1,"(4,5]","(0.4,0.5]",Q4_high,neutral,False,4.224791454219073,4.298312679227546,4.233845018193226,4.345102041312967
397,nesso_17f4c6b116b6a0ee18a3,OADMET-0004949,4.9,4.999473,4.284063,4.8689513,4.618054,4.869668,4.7855577,4.838082941038069,CCC(C(=O)NC(CNS(=O)(=O)c1cnn(C)c1)c1ccccc1)c1c(C)noc1C,0.153,0,O=C(Cc1cnoc1)NC(CNS(=O)(=O)c1cn[nH]c1)c1ccccc1,lockbox_primary,4.23979445124247,0.6268656716417911,OADMET-0002621,5.15,O=C(Cc1cnoc1)NC(CNS(=O)(=O)c1cn[nH]c1)c1ccccc1,"(4,5]",>0.6,Q3,neutral,False,4.811820320519034,4.832383029303831,4.829614992808646,4.861612008673605
398,nesso_18045cf8694792b94853,OADMET-0004696,4.21,4.8707013,4.1247573,4.7277517,4.542177,4.706777,4.6589017,4.604560021410064,O=C(NCCc1nnc(-c2ccccc2)o1)c1ccc(F)c(Cl)c1,0.193,0,O=C(NCCc1nnc(-c2ccccc2)o1)c1ccccc1,lockbox_primary,4.23979445124247,0.4242424242424242,OADMET-0005023,5.23,O=C(NCCc1nnc(-c2ccccc2)o1)c1ccccc1,"(4,5]","(0.4,0.5]",Q3,neutral,False,4.631730860705032,4.610457048540859,4.598058147063079,4.576841700921134
399,nesso_1804b62694765d3aed4f,OADMET-0004772,4.68,5.376189,4.750104,4.9524517,4.660918,4.8728914,4.828754,5.192354098750094,CC(C)n1ncc2cc(C(=O)N3CCOCc4ccccc43)cnc21,0.155,0,O=C(c1cnc2[nH]ncc2c1)N1CCOCc2ccccc21,lockbox_primary,4.23979445124247,0.3125,OADMET-0005285,4.79,O=C(c1cnc2[nH]ncc2c1)N1CCOCc2ccccc21,"(4,5]","(0.3,0.4]",Q3,neutral,False,5.010554049375047,5.152897098106653,5.148653624299081,5.1342149831781185
417,nesso_18f7b3cf3cab7202b048,OADMET-0005079,4.94,5.1265163,4.44123,4.7886324,4.6139603,4.719257,4.707283,5.081761947471856,CC1(C)CCCC(CNC(=O)c2ccccc2-n2cccn2)O1,0.13,0,O=C(NCC1CCCCO1)c1ccccc1-n1cccn1,lockbox_primary,4.23979445124247,0.4925373134328358,OADMET-0005433,4.78,O=C(NCC1CCCCO1)c1ccccc1-n1cccn1,"(4,5]","(0.4,0.5]",Q2,neutral,False,4.894522473735928,5.0411244005565905,5.025679292727014,5.03080825750923
419,nesso_190386cc372b5d2b26f1,OADMET-0005578,4.77,4.740387,3.9635434,4.6494617,4.4237175,4.601699,4.558293,4.389988285854857,COc1ccc(N(C)C(=O)Cn2ncc3ccccc3c2=O)c(OC)c1,0.198,0,O=C(Cn1ncc2ccccc2c1=O)Nc1ccccc1,lockbox_primary,4.23979445124247,0.3972602739726027,OADMET-0002706,4.94,O=C(Cn1ncc2ccccc2c1=O)Nc1ccccc1,"(4,5]","(0.3,0.4]",Q3,neutral,False,4.474140642927429,4.408252305136335,4.388707092261444,4.301157986179392
420,nesso_1922905954121c208536,OADMET-0001187,4.19,5.072846,4.3748336,5.131793,4.93836,5.10824,5.0594645,4.323791940242439,COc1cccc(-c2ccccc2NC(=O)C2CCN(c3cnccn3)CC2)c1,0.18,0,O=C(Nc1ccccc1-c1ccccc1)C1CCN(c2cnccn2)CC1,lockbox_primary,4.23979445124247,0.3417721518987341,OADMET-0005014,4.66,O=C(Nc1ccccc1-c1ccccc1)C1CCN(c2cnccn2)CC1,"(4,5]","(0.3,0.4]",Q3,neutral,False,4.69162822012122,4.403625341728029,4.439352520166542,4.402316052943855
423,nesso_196782d63647f24d3e0a,OADMET-0003546,4.34,4.980156,4.260165,4.8243637,4.6365643,4.8034067,4.7547784,4.510806012053766,CCc1nn(CCCN2CCN(c3cccc(Cl)c3)CC2)c(=O)n1CCOc1ccccc1,0.0865,1,O=c1n(CCOc2ccccc2)cnn1CCCN1CCN(c2ccccc2)CC1,lockbox_primary,4.23979445124247,0.5522388059701493,OADMET-0003656,4.53,O=c1n(CCOc2ccccc2)cnn1CCCN1CCN(c2ccccc2)CC1,"(4,5]","(0.5,0.6]",Q2,positive,False,4.632792206026883,4.537281303730715,4.536861818053946,4.590124021370687
426,nesso_19852665ddbf3ef1aaf3,OADMET-0000969,3.92,4.795949,4.03228,3.9537976,3.6339166,3.916275,3.8346632,3.876679802499615,Cc1noc(-c2ccc(S(=O)(=O)NCCCn3ccnn3)o2)c1C,0.162,0,O=S(=O)(NCCCn1ccnn1)c1ccc(-c2ccno2)o1,lockbox_primary,4.23979445124247,0.3243243243243243,OADMET-0001272,2.95,O=S(=O)(NCCCn1ccnn1)c1ccc(-c2ccno2)o1,<=4,"(0.3,0.4]",Q3,neutral,False,3.8556715012498075,3.8721202627262175,3.783322264306403,3.7526655068620074
430,nesso_1992187fcbb092c4bec7,OADMET-0001547,3.25,4.748309,3.9733438,4.1349664,4.0344334,4.122199,4.0971994,3.5131733057146364,Cc1cccn2c(=O)c(C=O)c(Sc3ncccn3)nc12,0.183,0,O=c1cc(Sc2ncccn2)nc2ccccn12,lockbox_primary,4.23979445124247,0.5,OADMET-0001505,3.86,O=c1cc(Sc2ncccn2)nc2ccccn12,<=4,"(0.4,0.5]",Q3,neutral,False,3.8051863528573184,3.5765504006527826,3.522406109790021,3.6312853929643922
431,nesso_199eb574acbc255df258,OADMET-0004807,4.59,4.90468,4.1667924,4.9115095,4.598466,4.887321,4.799099,5.0945834943025,Cc1cccc(N(C)S(=O)(=O)c2cnn(C3CCC3)c2)n1,0.193,0,O=S(=O)(Nc1ccccn1)c1cnn(C2CCC2)c1,lockbox_primary,4.23979445124247,0.4677419354838709,OADMET-0003467,6.494999999999999,O=S(=O)(Nc1ccccn1)c1cnn(C2CCC2)c1,"(4,5]","(0.4,0.5]",Q3,neutral,False,4.94684124715125,5.0625182338091745,5.056766746284774,5.195397255655993
447,nesso_1ad221d17ba8aed29138,OADMET-0001179,2.66,4.5862417,3.7728481,3.1137965,2.6610656,3.1348128,2.9698918,2.699466293171482,COCc1ccc(C(=O)NCc2noc(C(N)=O)n2)s1,0.273,0,O=C(NCc1ncon1)c1cccs1,lockbox_primary,4.23979445124247,0.4516129032258064,OADMET-0001262,3.18,O=C(NCc1ncon1)c1cccs1,<=4,"(0.4,0.5]",Q4_high,neutral,False,2.834679046585741,2.7288122131357926,2.5670258865754785,2.605300170794563
453,nesso_1b541384d0346ab2a2ff,OADMET-0001435,3.09,4.9858522,4.2672124,4.7585263,4.552767,4.7478185,4.6863704,4.751022637844718,O=C(c1ccncc1)N1CCC(N2C(=O)C3(CCCCC3)C2c2ccncc2)CC1,0.24,0,O=C(c1ccncc1)N1CCC(N2C(=O)C3(CCCCC3)C2c2ccncc2)CC1,lockbox_primary,4.23979445124247,0.35,OADMET-0001958,1.91,O=C(c1ccncc1)N1CCC(N2C(=O)C3(CCCCC3)C2c2ccncc2)CC1,<=4,"(0.3,0.4]",Q4_high,neutral,False,4.718696518922359,4.744006733836418,4.7320357636555315,4.805712246359027
458,nesso_1bd60b25f9d122686eee,OADMET-0003242,5.21,4.957281,4.2318664,4.5746803,4.3323016,4.558542,4.488508,4.335476809377438,CC[C@@H]1C(=O)NCCCN1Cc1nc(-c2cccc(Cl)c2)no1,0.0889,1,O=C1CN(Cc2nc(-c3ccccc3)no2)CCCN1,lockbox_primary,4.23979445124247,0.3684210526315789,OADMET-0005752,4.62,O=C1CN(Cc2nc(-c3ccccc3)no2)CCCN1,"(5,6]","(0.3,0.4]",Q2,positive,False,4.41199240468872,4.352083382938935,4.325946434811414,4.285854940498835
460,nesso_1beae96c00bdbd912452,OADMET-0001679,5.43,4.73532,3.957275,4.8743057,4.639303,4.831087,4.781565,5.039844154216541,Cc1cccc(C)c1NC(=O)C(CC(C)C)n1cccc1C=O,0.0347,0,O=C(Cn1cccc1)Nc1ccccc1,lockbox_primary,4.23979445124247,0.3518518518518518,OADMET-0001974,3.67,O=C(Cn1cccc1)Nc1ccccc1,"(5,6]","(0.3,0.4]",Q1_low,neutral,False,4.9107045771082705,5.0118163269713305,5.005120005504908,5.089061527349247
461,nesso_1bee8bbe750411702d9f,OADMET-0004703,4.79,4.9302783,4.1984606,5.0139585,4.830983,4.9959354,4.946959,4.615873027486994,CCCN(C(=O)Cc1ccc(F)c(Cl)c1)c1cccnc1,0.0767,0,O=C(Cc1ccccc1)Nc1cccnc1,lockbox_primary,4.23979445124247,0.3134328358208955,OADMET-0003898,4.85,O=C(Cc1ccccc1)Nc1cccnc1,"(4,5]","(0.3,0.4]",Q1_low,neutral,False,4.781416013743497,4.651801674028586,4.67031601382543,4.669575255258276
463,nesso_1c1d14d95fc433877ce9,OADMET-0001727,2.54,4.6094546,3.8015652,3.1842184,2.7498894,3.283599,3.072569,2.4365317369935995,C=CC(=O)N(CC)CC(=O)N1CCN(C2CCCOC2)CC1,0.318,1,C1COCC(N2CCNCC2)C1,lockbox_primary,4.23979445124247,0.5,OADMET-0001741,2.45,C1COCC(N2CCNCC2)C1,<=4,"(0.4,0.5]",Q4_high,positive,False,2.7545503684968,2.5055529577852496,2.359412852063467,2.3364442656872755
468,nesso_1c5f3493befb6dfd3fc2,OADMET-0003725,4.09,5.720216,5.1757045,4.9587936,4.8556886,4.968208,4.927563,4.158618396620526,CC(O)c1cc(C(=O)N[C@@H](C)Cn2ccc(-c3ccc(C#N)c(Cl)c3)n2)n[nH]1,0.248,0,O=C(NCCn1ccc(-c2ccccc2)n1)c1cc[nH]n1,lockbox_primary,4.23979445124247,0.253012048192771,OADMET-0005820,4.47,O=C(NCCn1ccc(-c2ccccc2)n1)c1cc[nH]n1,"(4,5]",<=0.3,Q4_high,neutral,False,4.543090698310263,4.242062399563902,4.26640752912729,4.023802822928205
469,nesso_1c6314543bd55b1abf7d,OADMET-0005284,4.93,5.2195864,4.5563684,4.6241703,4.3136783,4.551882,4.496577,4.388074374629239,CN1CCOC(CN(CC2CC2)S(=O)(=O)c2ccc3c(c2)CCCO3)C1,0.099,1,O=S(=O)(c1ccc2c(c1)CCCO2)N(CC1CC1)CC1CNCCO1,lockbox_primary,4.23979445124247,0.2948717948717949,OADMET-0005800,5.05,O=S(=O)(c1ccc2c(c1)CCCO2)N(CC1CC1)CC1CNCCO1,"(4,5]",<=0.3,Q2,positive,False,4.44232568731462,4.399848816313348,4.373671633362526,4.393190595192889
473,nesso_1c891b0f36947710471d,OADMET-0001548,4.7,5.1486654,4.468631,4.6780124,4.5201616,4.6214967,4.6065564,4.024498079840211,O=Cc1sc(N2CCCCC2)nc1-c1cccs1,0.0784,0,c1csc(-c2csc(N3CCCCC3)n2)c1,lockbox_primary,4.23979445124247,0.3269230769230769,OADMET-0002127,3.92,c1csc(-c2csc(N3CCCCC3)n2)c1,"(4,5]","(0.3,0.4]",Q1_low,neutral,False,4.3155272399201055,4.087661636703957,4.0796636927665,3.931135204557447
474,nesso_1c9dda2bdfac371fd23f,OADMET-0002750,3.43,4.868458,4.1219816,4.6811976,4.362137,4.6691093,4.5708146,4.407497890271737,CNC(=O)c1cccc(NC(=O)N2CCC(Oc3cccc(F)c3)C2)c1,0.258,0,O=C(Nc1ccccc1)N1CCC(Oc2ccccc2)C1,lockbox_primary,4.23979445124247,0.4444444444444444,OADMET-0005898,4.15,O=C(Nc1ccccc1)N1CCC(Oc2ccccc2)C1,<=4,"(0.4,0.5]",Q4_high,neutral,False,4.489156245135868,4.425220623414508,4.4067242155611055,4.310841873266294
488,nesso_1d0bcd60c388f40ffc76,OADMET-0005587,4.26,5.2158184,4.551707,5.051386,4.9168015,5.004619,4.990936,4.892649105879253,Cc1cc2cc(C(=O)N3Cc4ccccc4C[C@H]3C(N)=O)oc2cc1C,0.183,0,O=C(c1cc2ccccc2o1)N1CCc2ccccc2C1,lockbox_primary,4.23979445124247,0.4918032786885246,OADMET-0005536,4.49,O=C(c1cc2ccccc2o1)N1CCc2ccccc2C1,"(4,5]","(0.4,0.5]",Q3,neutral,False,4.941792552939626,4.903314961190887,4.921781383095936,4.942712008151001
495,nesso_1d7ad1b5109a978eb1a0,OADMET-0001003,3.49,4.695542,3.9080648,3.210165,2.8020039,3.3043983,3.1055224,3.1658167306678777,CC(C)c1noc(CCNC(=O)Cc2ccc(-n3cnnn3)cc2)n1,0.306,0,O=C(Cc1ccc(-n2cnnn2)cc1)NCCc1ncno1,lockbox_primary,4.23979445124247,0.375,OADMET-0001984,3.41,O=C(Cc1ccc(-n2cnnn2)cc1)NCCc1ncno1,<=4,"(0.3,0.4]",Q4_high,neutral,False,3.135669565333939,3.1592737361743772,3.0040519534373464,2.968522912670899
512,nesso_1e859911eb3fefc8831c,OADMET-0005316,5.07,5.831283,5.3131075,5.0749702,5.0418077,4.998756,5.0385113,5.037197594728712,Cc1cc(C)cc(OCc2nnc(N3CCc4ccc(O)cc4C3)n2Cc2cccs2)c1,0.151,0,c1ccc(OCc2nnc(N3CCc4ccccc4C3)n2Cc2cccs2)cc1,lockbox_primary,4.23979445124247,0.3023255813953488,OADMET-0004955,4.57,c1ccc(OCc2nnc(N3CCc4ccccc4C3)n2Cc2cccs2)cc1,"(5,6]","(0.3,0.4]",Q3,neutral,False,5.0378544473643565,5.037340154837779,5.058439137908772,5.394111042108778
518,nesso_1edca2f84ba7fb72a9b1,OADMET-0002710,2.78,4.5296717,3.7028642,4.095802,3.6826982,4.0452833,3.9412613,3.272063426359763,NC(=O)CC1(NC(=O)c2cc(Br)cc3[nH]c(=O)[nH]c23)CCOCC1,0.295,0,O=C(NC1CCOCC1)c1cccc2[nH]c(=O)[nH]c12,lockbox_primary,4.23979445124247,0.28,OADMET-0002963,4.74,O=C(NC1CCOCC1)c1cccc2[nH]c(=O)[nH]c12,<=4,<=0.3,Q4_high,neutral,False,3.6066623631798818,3.344683156171664,3.2778771242649647,3.234723027481904
520,nesso_1ee74541a6e4fa5da954,OADMET-0005458,4.75,4.851157,4.100579,4.4831605,4.1273565,4.530989,4.380502,5.498179170919256,C[C@]1(c2ccccc2)C[C@H]1C(=O)N1CC[C@H](Nc2ccncc2C#N)C1,0.143,0,O=C([C@@H]1CC1c1ccccc1)N1CC[C@H](Nc2ccncc2)C1,lockbox_primary,4.23979445124247,0.3164556962025316,OADMET-0004699,5.04,O=C([C@@H]1CC1c1ccccc1)N1CC[C@H](Nc2ccncc2)C1,"(4,5]","(0.3,0.4]",Q3,neutral,False,4.939340585459628,5.376891555751607,5.318937403358813,5.511647205484705
521,nesso_1ee983c784fd17311d39,OADMET-0005103,5.06,4.8104954,4.0502753,4.671812,4.316752,4.660016,4.5495267,4.845950337484789,Cc1ccc(Cn2nnc(C3(C(F)(F)F)CCCN3)n2)cc1C,0.0867,1,c1ccc(Cn2nnc(C3CCCN3)n2)cc1,lockbox_primary,4.23979445124247,0.2531645569620253,OADMET-0002952,5.64,c1ccc(Cn2nnc(C3CCCN3)n2)cc1,"(5,6]",<=0.3,Q2,positive,False,4.697738518742394,4.813783163451629,4.785388120608285,4.946452575162363
526,nesso_1f2135cd329b1217c13a,OADMET-0002010,4.87,5.1194158,4.4324455,4.791938,4.614922,4.7502174,4.719026,3.977382671258252,O=C(NCc1ccc(Cl)cc1)c1ccc(Cl)cc1[N+](=O)[O-],0.222,0,O=C(NCc1ccccc1)c1ccccc1,lockbox_primary,4.23979445124247,0.575,OADMET-0002190,2.93,O=C(NCc1ccccc1)c1ccccc1,"(4,5]","(0.5,0.6]",Q3,neutral,True,4.348204335629126,4.057864006109263,4.062829084364396,3.9686794394467286
537,nesso_1fcd78a977555f03000e,OADMET-0005751,4.28,5.222749,4.5602813,5.08457,4.908984,5.045698,5.013084,4.883908636138896,O=C(CC(C1CCC1)C1CCC1)N1CCC(c2cnccn2)C1,0.27,0,O=C(CC(C1CCC1)C1CCC1)N1CCC(c2cnccn2)C1,lockbox_primary,4.23979445124247,0.3636363636363636,OADMET-0001330,4.56,O=C(CC(C1CCC1)C1CCC1)N1CCC(c2cnccn2)C1,"(4,5]","(0.3,0.4]",Q4_high,neutral,False,4.948496318069449,4.897926433253103,4.918936269698825,5.058157927558879
544,nesso_2069834b08a600e44c6c,OADMET-0002920,5.2,4.8687315,4.12232,4.6237383,4.210833,4.576914,4.470495,4.949812755657296,CC1(C)COc2c(C(=O)N3CCCC(n4ccnn4)C3)cccc21,0.0816,0,O=C(c1cccc2c1OCC2)N1CCCC(n2ccnn2)C1,lockbox_primary,4.23979445124247,0.5294117647058824,OADMET-0005652,4.45,O=C(c1cccc2c1OCC2)N1CCCC(n2ccnn2)C1,"(5,6]","(0.5,0.6]",Q2,neutral,False,4.710153877828648,4.8977983556106635,4.859067899653153,5.028910332096677
546,nesso_20906161ef1efc8a290f,OADMET-0005610,4.85,5.1177306,4.430361,4.793762,4.4969153,4.7788315,4.6898365,4.348724187979494,COc1ccccc1N1CCC(NC(=O)c2sccc2-n2cnnn2)CC1,0.178,0,O=C(NC1CCN(c2ccccc2)CC1)c1sccc1-n1cnnn1,lockbox_primary,4.23979445124247,0.4210526315789473,OADMET-0005574,5.28,O=C(NC1CCN(c2ccccc2)CC1)c1sccc1-n1cnnn1,"(4,5]","(0.4,0.5]",Q3,neutral,False,4.519280343989747,4.385740868561117,4.381117182502009,4.400900991329943
550,nesso_2101c2ea44fb2770803f,OADMET-0005071,4.41,5.1683874,4.493029,5.288372,5.1514874,5.251986,5.230615,4.928551957950907,Cc1ccc(S(=O)(=O)NC(=O)c2c(-c3ccc(C(F)(F)F)cc3)noc2C)cc1,0.165,0,O=C(NS(=O)(=O)c1ccccc1)c1conc1-c1ccccc1,lockbox_primary,4.23979445124247,0.4516129032258064,OADMET-0003757,3.98,O=C(NS(=O)(=O)c1ccccc1)c1conc1-c1ccccc1,"(4,5]","(0.4,0.5]",Q3,neutral,False,5.0795834789754535,4.961331106486514,5.005059847184911,5.09764309321435
554,nesso_213f9c6557896f979f80,OADMET-0003170,5.54,5.1629725,4.4863305,4.907282,4.7713356,4.912941,4.863853,4.980800618375812,Cc1cccc2cc(C(=O)N3CCC[C@H](N(C)C(=O)c4cnc5ccccc5c4)C3)nn12,0.0844,0,O=C(N[C@H]1CCCN(C(=O)c2cc3ccccn3n2)C1)c1cnc2ccccc2c1,lockbox_primary,4.23979445124247,0.345679012345679,OADMET-0004510,4.78,O=C(N[C@H]1CCCN(C(=O)c2cc3ccccn3n2)C1)c1cnc2ccccc2c1,"(5,6]","(0.3,0.4]",Q2,neutral,False,4.922326809187906,4.968109746537863,4.971323672449135,5.116826881612812
559,nesso_21b8478b09dacdf23b3f,OADMET-0002545,4.96,5.0349975,4.3280106,4.1266747,3.727249,4.122212,3.9920452,4.6940561508930205,Cc1noc(C(C)N2CC3CCC(C2)N3C(=O)C2CC(C)(C)C2)n1,0.0669,1,O=C(C1CCC1)N1C2CCC1CN(Cc1ncno1)C2,lockbox_primary,4.23979445124247,0.2816901408450704,OADMET-0003415,5.89,O=C(C1CCC1)N1C2CCC1CN(Cc1ncno1)C2,"(4,5]",<=0.3,Q1_low,positive,False,4.34305067544651,4.617875625540286,4.531906997730666,4.755885576287556
563,nesso_21d88c6b89599fd94204,OADMET-0004934,4.83,5.2661424,4.6139636,5.021699,4.836162,4.9647408,4.940867,4.959038973986173,CC(=O)NC(C)(C)c1noc(-c2cc(Cl)cc3c2OCC3)n1,0.144,0,c1cc2c(c(-c3ncno3)c1)OCC2,lockbox_primary,4.23979445124247,0.4242424242424242,OADMET-0005887,5.02,c1cc2c(c(-c3ncno3)c1)OCC2,"(4,5]","(0.4,0.5]",Q3,neutral,False,4.949952986993086,4.957066995453357,4.9689753932082406,5.022228152691389
569,nesso_224b5d54e6fc0c73c5f4,OADMET-0005939,4.44,4.840858,4.0878377,4.8509784,4.4889364,4.82076,4.720225,5.04358417317057,Cn1ncc(NC(=O)N2CCCC(C)(F)C2)c1-c1ccccc1,0.264,0,O=C(Nc1cn[nH]c1-c1ccccc1)N1CCCCC1,lockbox_primary,4.23979445124247,0.3478260869565217,OADMET-0004402,4.66,O=C(Nc1cn[nH]c1-c1ccccc1)N1CCCCC1,"(4,5]","(0.3,0.4]",Q4_high,neutral,False,4.881904586585286,5.0084940201488495,4.995108337082035,5.034326711294893
586,nesso_23745771e9834ab9488d,OADMET-0005549,5.09,5.0348496,4.3278275,4.986801,4.8035593,4.9525723,4.914311,4.845950110454358,COc1ccc2ccccc2c1CNC(=O)NC1CCN(C(C)(C)C)C1,0.078,1,O=C(NCc1cccc2ccccc12)NC1CCNC1,lockbox_primary,4.23979445124247,0.380281690140845,OADMET-0001064,3.14,O=C(NCc1cccc2ccccc12)NC1CCNC1,"(5,6]","(0.3,0.4]",Q1_low,positive,False,4.880130555227179,4.853368468348266,4.864369043333072,4.9941822575519454
589,nesso_239230b7f4de14c45e13,OADMET-0001787,3.96,4.850666,4.0999713,4.7040668,4.4912796,4.679848,4.625065,3.998800183076328,C=CC(=O)N(C)c1ccc(C(=O)N(Cc2ccccc2)CC(C)(C)O)cc1,0.249,0,O=C(NCc1ccccc1)c1ccccc1,lockbox_primary,4.23979445124247,0.4464285714285714,OADMET-0001712,2.66,O=C(NCc1ccccc1)c1ccccc1,<=4,"(0.4,0.5]",Q4_high,neutral,False,4.311932591538164,4.066760921726472,4.061207267578887,3.899878273148006
591,nesso_239aa7f05e602347c915,OADMET-0005644,5.1,4.9411683,4.211933,4.9145956,4.6231966,4.911699,4.8164973,5.419058590325934,O=S(=O)(Nc1cnn(CC(F)(F)F)c1C1CC1)c1cccc2ncccc12,0.119,0,O=S(=O)(Nc1cn[nH]c1C1CC1)c1cccc2ncccc12,lockbox_primary,4.23979445124247,0.3055555555555556,OADMET-0005113,4.23,O=S(=O)(Nc1cn[nH]c1C1CC1)c1cccc2ncccc12,"(5,6]","(0.3,0.4]",Q2,neutral,False,5.117777945162967,5.353670100878785,5.34417351812812,5.420462093445879
595,nesso_23ddea3f334b5c0edf0f,OADMET-0005640,4.67,4.9696484,4.247166,4.8184047,4.6096067,4.7834034,4.7371383,4.757916515908787,CN(Cc1cccc(O)c1)C(=O)c1cccc(N2CCCC2)c1,0.154,0,O=C(NCc1ccccc1)c1cccc(N2CCCC2)c1,lockbox_primary,4.23979445124247,0.375,OADMET-0005998,4.83,O=C(NCc1ccccc1)c1cccc(N2CCCC2)c1,"(4,5]","(0.3,0.4]",Q3,neutral,False,4.747527407954394,4.755661714325122,4.749054035415574,4.715434512339184
609,nesso_24ba3fe2464051b0fb37,OADMET-0003126,5.2,5.463531,4.8581557,5.2779922,5.1626196,5.2343287,5.22498,4.900716048519859,COc1ccc(C(NC(=O)N2CCC3(C2)C(=O)Nc2ccccc23)c2ccc(C)cc2)cc1,0.0726,0,O=C(NC(c1ccccc1)c1ccccc1)N1CCC2(C1)C(=O)Nc1ccccc12,lockbox_primary,4.23979445124247,0.3235294117647059,OADMET-0003741,4.61,O=C(NC(c1ccccc1)c1ccccc1)N1CCC2(C1)C(=O)Nc1ccccc12,"(5,6]","(0.3,0.4]",Q1_low,neutral,False,5.06284802425993,4.935904385888795,4.979507037483921,4.945025031309376
624,nesso_25a39ac898716a57e5fa,OADMET-0003171,5.2,4.9983616,4.2826877,5.10793,4.943813,5.0863066,5.046016,4.851533043508065,CN(CC1CN(c2nc(-c3ccccc3)c3ccccc3n2)CCO1)c1cccnn1,0.148,0,c1ccc(-c2nc(N3CCOC(CNc4cccnn4)C3)nc3ccccc23)cc1,lockbox_primary,4.23979445124247,0.3924050632911392,OADMET-0003227,5.21,c1ccc(-c2nc(N3CCOC(CNc4cccnn4)C3)nc3ccccc23)cc1,"(5,6]","(0.3,0.4]",Q3,neutral,False,4.948774521754032,4.872637862142106,4.897765415578548,4.997169080500138
628,nesso_25de5af2806284264460,OADMET-0003605,4.34,4.9553776,4.2295117,4.105078,3.8424802,4.111266,4.019608,4.638666853588559,COc1cc2c(cc1OC)C(=O)C(CC1CCN(Cc3ccccc3)CC1)C2,0.171,1,O=C1c2ccccc2CC1CC1CCN(Cc2ccccc2)CC1,lockbox_primary,4.23979445124247,0.3970588235294117,OADMET-0001254,5.05,O=C1c2ccccc2CC1CC1CCN(Cc2ccccc2)CC1,"(4,5]","(0.3,0.4]",Q3,positive,False,4.329137426794279,4.571488088598289,4.489456212005522,4.437301084679104
640,nesso_26965600179053495ea4,OADMET-0005552,5.14,5.392565,4.7703624,4.9373384,4.7349796,4.8810863,4.851135,4.898036927827786,CCC(c1cc(Cl)cc2c1OCC2)n1cc(CN2CCOCCC2=O)nn1,0.18,0,O=C1CCOCCN1Cc1cn(Cc2cccc3c2OCC3)nn1,lockbox_primary,4.23979445124247,0.2941176470588235,OADMET-0004956,5.42,O=C1CCOCCN1Cc1cn(Cc2cccc3c2OCC3)nn1,"(5,6]",<=0.3,Q3,neutral,False,4.874585963913893,4.892947244401293,4.89622219023381,4.987159588285874
647,nesso_271575dfb39e21373ed7,OADMET-0002636,5.19,5.0243225,4.3148046,4.906129,4.7019854,4.884,4.8307047,4.992016477890036,O=C(CN1C(=O)NC2(CCc3ccccc32)C1=O)Nc1nc2ccccc2nc1N1CCCC1,0.0622,0,O=C(CN1C(=O)NC2(CCc3ccccc32)C1=O)Nc1nc2ccccc2nc1N1CCCC1,lockbox_primary,4.23979445124247,0.5,OADMET-0003251,5.1,O=C(CN1C(=O)NC2(CCc3ccccc32)C1=O)Nc1nc2ccccc2nc1N1CCCC1,"(5,6]","(0.4,0.5]",Q1_low,neutral,False,4.911360588945018,4.9745113150865015,4.973950921523922,4.917160420126937
652,nesso_2757db1becbd00f11e72,OADMET-0001125,3.63,4.8978696,4.1583676,4.176531,3.9075403,4.1188335,4.067635,3.488090038574616,O=C(Nc1nc2c(F)cccc2s1)C1CCOC1,0.12,0,O=C(Nc1nc2ccccc2s1)C1CCOC1,lockbox_primary,4.23979445124247,0.365079365079365,OADMET-0001956,1.86,O=C(Nc1nc2ccccc2s1)C1CCOC1,<=4,"(0.3,0.4]",Q2,neutral,False,3.777862519287308,3.5509808518457677,3.4940784572371038,3.287296116627137
653,nesso_276c25b304bb2f15102c,OADMET-0003429,5.31,5.214701,4.550325,5.1207395,4.915613,5.081489,5.0392804,5.05871207085316,Cc1ccc(C2(NC(=O)c3ccc(F)c(S(C)(=O)=O)c3)CCC2)cc1,0.0594,0,O=C(NC1(c2ccccc2)CCC1)c1ccccc1,lockbox_primary,4.23979445124247,0.3230769230769231,OADMET-0005849,4.42,O=C(NC1(c2ccccc2)CCC1)c1ccccc1,"(5,6]","(0.3,0.4]",Q1_low,neutral,False,5.04899623542658,5.05660339307229,5.077412530686785,5.058533521414445
663,nesso_27e7f62fe78e071cfbb5,OADMET-0004692,4.35,4.684308,3.8941674,4.397622,4.1289573,4.3256793,4.284086,4.33937914357403,O=C(CCc1ccccn1)Nc1cnc2ccccc2c1,0.284,0,O=C(CCc1ccccn1)Nc1cnc2ccccc2c1,lockbox_primary,4.23979445124247,0.4166666666666667,OADMET-0003195,5.22,O=C(CCc1ccccn1)Nc1cnc2ccccc2c1,"(4,5]","(0.4,0.5]",Q4_high,neutral,False,4.311732571787015,4.333378865771361,4.2850973144044415,4.204144549228937
666,nesso_28342b44eb496b54cdcb,OADMET-0000962,4.39,5.071425,4.3730755,4.2859945,3.9990983,4.256892,4.1806617,4.6794152978451,NS(=O)(=O)c1ccc(Cl)c(NC(=O)NC2COC3(CCCCC3)C2)c1,0.0397,0,O=C(Nc1ccccc1)NC1COC2(CCCCC2)C1,lockbox_primary,4.23979445124247,0.3108108108108108,OADMET-0002942,5.37,O=C(Nc1ccccc1)NC1COC2(CCCCC2)C1,"(4,5]","(0.3,0.4]",Q1_low,neutral,False,4.43003849892255,4.625291767354482,4.559946924556572,4.588822675088142
672,nesso_28858b1bce8a13f3fab6,OADMET-0005356,4.72,5.048838,4.345133,4.544511,4.3393235,4.5274487,4.470428,4.440002687368866,CCn1cnc2c1CCN(C(=O)Nc1cnc(-c3ccccc3)nc1)C2,0.163,0,O=C(Nc1cnc(-c2ccccc2)nc1)N1CCc2[nH]cnc2C1,lockbox_primary,4.23979445124247,0.3561643835616438,OADMET-0001564,2.92,O=C(Nc1cnc(-c2ccccc2)nc1)N1CCc2[nH]cnc2C1,"(4,5]","(0.3,0.4]",Q3,neutral,False,4.455215343684433,4.4433043684855384,4.413403109019788,4.245504058990951
675,nesso_28a3a5204d486eeb8d3a,OADMET-0002117,2.4,5.120732,4.434074,2.236497,2.0425706,2.3674974,2.2155216,2.4634649088095903,NCCCN1CCOCC1,0.602,2,C1COCCN1,lockbox_primary,4.23979445124247,0.3061224489795918,OADMET-0002008,2.27,C1COCCN1,<=4,"(0.3,0.4]",Q4_high,positive,False,2.339493254404795,2.436558702433775,2.1973932125311224,2.0753450920295
685,nesso_291b3eab7ef7f6c5f8e9,OADMET-0001432,4.61,5.0574827,4.3558273,4.9218783,4.76512,4.89955,4.8621826,4.112773509875876,Oc1ccc(CN2CCCCC2c2nc(CCOCC3CC3)no2)cc1,0.0723,1,c1ccc(CN2CCCCC2c2nc(CCOCC3CC3)no2)cc1,lockbox_primary,4.23979445124247,0.3205128205128205,OADMET-0001450,3.66,c1ccc(CN2CCCCC2c2nc(CCOCC3CC3)no2)cc1,"(4,5]","(0.3,0.4]",Q1_low,positive,False,4.487478054937938,4.194097566312813,4.21217642805191,4.25443053449784
701,nesso_2a7139ba32cb9725aa39,OADMET-0004774,4.72,5.055654,4.353565,4.803708,4.6723394,4.781926,4.752658,4.95054156726806,CC(C)N(C(=O)c1nn(-c2ccc(F)cc2)ccc1=O)c1cccc(F)c1,0.135,0,O=C(Nc1ccccc1)c1nn(-c2ccccc2)ccc1=O,lockbox_primary,4.23979445124247,0.3378378378378378,OADMET-0005662,4.28,O=C(Nc1ccccc1)c1nn(-c2ccccc2)ccc1=O,"(4,5]","(0.3,0.4]",Q2,neutral,False,4.851599783634031,4.929067722602279,4.920797394790003,4.952097287612246
709,nesso_2b42004a9086a79e0385,OADMET-0000976,3.81,4.63751,3.8362722,3.9252856,3.4608207,3.9307656,3.7722905,4.242760079182019,CS(=O)(=O)Nc1cccc(NC(=O)NCC2(O)CCCCC2)c1,0.143,0,O=C(NCC1CCCCC1)Nc1ccccc1,lockbox_primary,4.23979445124247,0.5254237288135594,OADMET-0001140,2.77,O=C(NCC1CCCCC1)Nc1ccccc1,<=4,"(0.5,0.6]",Q3,neutral,False,4.007525289591009,4.191705861781315,4.089826604630577,4.14594960419022
712,nesso_2b80014933fa9ea1f91a,OADMET-0001898,5.13,5.1533833,4.4744673,5.0239835,4.8392572,4.986477,4.949906,4.42771602850336,O=C(c1cc2cc(F)ccc2[nH]1)N1CCc2ccccc2C1,0.0583,0,O=C(c1cc2ccccc2[nH]1)N1CCc2ccccc2C1,lockbox_primary,4.23979445124247,0.5,OADMET-0002296,2.01,O=C(c1cc2ccccc2[nH]1)N1CCc2ccccc2C1,"(5,6]","(0.4,0.5]",Q1_low,neutral,True,4.68881101425168,4.48438281740735,4.506476710675382,4.479181048087062
713,nesso_2b8876656ec1687eefd0,OADMET-0003118,6.3100000000000005,5.587698,5.0117645,5.187386,5.108117,5.142459,5.1459875,4.534415737920021,COc1cc(OC)c(S(=O)(=O)n2nc(C)cc2C)cc1S(=O)(=O)n1nc(C)cc1C,0.0428926858566819,0,O=S(=O)(c1cccc(S(=O)(=O)n2cccn2)c1)n1cccn1,lockbox_primary,4.23979445124247,0.2786885245901639,OADMET-0005948,5.04,O=S(=O)(c1cccc(S(=O)(=O)n2cccn2)c1)n1cccn1,>6,<=0.3,Q1_low,neutral,False,4.840201618960011,4.600782021903034,4.642202727036554,4.879757777981972
715,nesso_2b9d28a68ec5096d37fa,OADMET-0001875,1.9,4.9628706,4.2387815,4.379036,4.118903,4.365111,4.2876835,2.711434969598744,O=C(NCc1cccnc1)c1cnc2sccn2c1=O,0.586,0,O=C(NCc1cccnc1)c1cnc2sccn2c1=O,lockbox_primary,4.23979445124247,0.5102040816326531,OADMET-0002241,2.75,O=C(NCc1cccnc1)c1cnc2sccn2c1=O,<=4,"(0.5,0.6]",Q4_high,neutral,False,3.499559234799372,2.8824856362296463,2.8628094231990646,2.5969904604501464
721,nesso_2be4dcdaa46765e5c524,OADMET-0005252,4.86,4.8379188,4.0842013,4.8062105,4.4903708,4.7994704,4.698684,4.821035249041138,CCC(Oc1ccccc1F)C(=O)NC1(c2ncon2)CCC1,0.0938,0,O=C(COc1ccccc1)NC1(c2ncon2)CCC1,lockbox_primary,4.23979445124247,0.3378378378378378,OADMET-0003123,5.17,O=C(COc1ccccc1)NC1(c2ncon2)CCC1,"(4,5]","(0.3,0.4]",Q2,neutral,False,4.759859624520569,4.807757988312285,4.795903336035729,4.925174130009232
724,nesso_2c37d043c6c8073b5e42,OADMET-0005197,4.44,5.3683195,4.7403684,5.1243744,4.970382,5.078763,5.05784,4.670871758863105,CCc1ccc(OCC(=O)NS(=O)(=O)c2csc(-c3ccccc3)n2)c(OC)c1,0.132,0,O=C(COc1ccccc1)NS(=O)(=O)c1csc(-c2ccccc2)n1,lockbox_primary,4.23979445124247,0.325,OADMET-0001525,4.91,O=C(COc1ccccc1)NS(=O)(=O)c1csc(-c2ccccc2)n1,"(4,5]","(0.3,0.4]",Q2,neutral,False,4.864355879431552,4.712864613628593,4.7424004883351385,4.719072954758777
732,nesso_2d4a4a32e5944ba66da6,OADMET-0002633,6.045,5.057721,4.3561225,4.962937,4.7801375,4.888564,4.877213,5.352618385706076,CC(C)(C)n1cc(NS(=O)(=O)c2cccc(Cl)c2Cl)cn1,0.0798027098537386,0,O=S(=O)(Nc1cn[nH]c1)c1ccccc1,lockbox_primary,4.23979445124247,0.3538461538461538,OADMET-0004982,4.47,O=S(=O)(Nc1cn[nH]c1)c1ccccc1,>6,"(0.3,0.4]",Q2,neutral,False,5.114915692853038,5.301028546555365,5.299240672199365,5.471058387909063
735,nesso_2d93166a6e4edaf1459c,OADMET-0002906,5.54,5.1506343,4.4710665,5.0052257,4.8564405,4.962904,4.941523,5.109007192867048,COCC(Cc1ccccc1)N(C)C(=O)c1cc(-c2cccs2)n[nH]1,0.0631,0,O=C(NCCc1ccccc1)c1cc(-c2cccs2)n[nH]1,lockbox_primary,4.23979445124247,0.3733333333333333,OADMET-0001051,2.49,O=C(NCCc1ccccc1)c1cc(-c2cccs2)n[nH]1,"(5,6]","(0.3,0.4]",Q1_low,neutral,False,5.0252650964335235,5.090832214564132,5.100212090290404,5.246666608469732
736,nesso_2d9439cf8afeb815fc4f,OADMET-0005774,5.05,5.0400276,4.3342333,4.3172245,3.9136224,4.2647552,4.1652007,4.555949410568723,CC(c1cccnc1)N(C)C(=O)Nc1cnc(C(C)(C)C)nc1,0.145,0,O=C(NCc1cccnc1)Nc1cncnc1,lockbox_primary,4.23979445124247,0.3692307692307692,OADMET-0003386,3.35,O=C(NCc1cccnc1)Nc1cncnc1,"(5,6]","(0.3,0.4]",Q3,neutral,False,4.360575055284361,4.513546308431695,4.448671732498342,4.5823329297413915
737,nesso_2da4e278f6c4a2d5a2f4,OADMET-0002315,2.64,5.1462765,4.4656754,2.4589334,2.454456,2.7811987,2.5648625,2.664648469570093,NCc1ccc2c(c1)OCO2,0.522,1,c1ccc2c(c1)OCO2,lockbox_primary,4.23979445124247,0.5,OADMET-0002056,2.82,c1ccc2c(c1)OCO2,<=4,"(0.4,0.5]",Q4_high,positive,False,2.6147554847850465,2.6538199382273677,2.4488951482076113,2.536864366414957
749,nesso_2e403db633d2491943e8,OADMET-0003482,5.43,5.087882,4.393435,4.638114,4.378934,4.608465,4.5418377,4.746146551790986,CCS(=O)(=O)N1CCC(C(=O)N2CC(C)(C)C2C(C)C)CC1,0.0584,0,O=C(C1CCNCC1)N1CCC1,lockbox_primary,4.23979445124247,0.3114754098360656,OADMET-0001763,1.88,O=C(C1CCNCC1)N1CCC1,"(5,6]","(0.3,0.4]",Q1_low,neutral,False,4.643992125895493,4.723975450836147,4.6964798973188735,4.870445452156815
751,nesso_2e5df4cb1d957693cafa,OADMET-0003336,5.65,6.223958,5.7988915,5.280474,5.2737274,5.2499094,5.268037,5.534133060999651,Cc1ccc(C)c(N(C)S(=O)(=O)c2ccc3c(cnn3C(C)C)c2)c1,0.115,0,O=S(=O)(Nc1ccccc1)c1ccc2[nH]ncc2c1,lockbox_primary,4.23979445124247,0.417910447761194,OADMET-0004848,4.81,O=S(=O)(Nc1ccccc1)c1ccc2[nH]ncc2c1,"(5,6]","(0.4,0.5]",Q2,neutral,False,5.401085030499825,5.5052569619937035,5.542530755025471,5.760927244253893
752,nesso_2e71f050e5022a3d6dc5,OADMET-0004800,4.44,5.1679726,4.492516,5.0067053,4.8594017,4.945404,4.9371705,4.943596349183515,CC(C)Cc1nc(C(=O)N2CC(O)CC2c2ccccc2)cs1,0.286,0,O=C(c1cscn1)N1CCCC1c1ccccc1,lockbox_primary,4.23979445124247,0.2972972972972973,OADMET-0005422,4.86,O=C(c1cscn1)N1CCCC1c1ccccc1,"(4,5]",<=0.3,Q4_high,neutral,False,4.940383424591758,4.942899031618861,4.954675882240581,4.984674052421049
757,nesso_2eba47b8e320e5cccacd,OADMET-0001370,5.26,4.8761196,4.13146,4.842924,4.604124,4.820425,4.7558246,5.259506931822525,CC(C)n1c(=O)n(CC(=O)NCCCc2ccccc2)c2cc(S(=O)(=O)N3CCCC3)ccc21,0.0376,0,O=C(Cn1c(=O)[nH]c2ccc(S(=O)(=O)N3CCCC3)cc21)NCCCc1ccccc1,lockbox_primary,4.23979445124247,0.3164556962025316,OADMET-0005445,4.5,O=C(Cn1c(=O)[nH]c2ccc(S(=O)(=O)N3CCCC3)cc21)NCCCc1ccccc1,"(5,6]","(0.3,0.4]",Q1_low,neutral,False,5.007665765911263,5.204848547077502,5.191564969946267,5.274682110469566
760,nesso_2ed765d369bc31387c48,OADMET-0005707,4.3,4.9586277,4.2335324,4.3368235,4.2869205,4.299488,4.307744,4.325260033702804,COc1cn(-c2ccccc2)nc1-c1nc(-c2ccccn2)no1,0.23,0,c1ccc(-n2ccc(-c3nc(-c4ccccn4)no3)n2)cc1,lockbox_primary,4.23979445124247,0.3492063492063492,OADMET-0004267,4.3,c1ccc(-n2ccc(-c3nc(-c4ccccn4)no3)n2)cc1,"(4,5]","(0.3,0.4]",Q3,neutral,False,4.316502016851402,4.323359236218266,4.277877401732984,4.347046961879684
764,nesso_2f01e837111354852f23,OADMET-0003667,2.25,4.635269,3.8335004,1.996985,1.6106133,2.078823,1.8954738,2.088762001927086,NC(=O)CN1C[C@H](O)CC1=O,0.606,0,O=C1CCCN1,lockbox_primary,4.23979445124247,0.25,OADMET-0005154,4.89,O=C1CCCN1,<=4,<=0.3,Q4_high,neutral,False,1.992117900963543,2.0677868351600153,1.8005517874806958,1.9306626039101564
765,nesso_2f04641201d3f9deacd8,OADMET-0004897,5.12,4.788448,4.0230002,4.768673,4.6148453,4.7277193,4.703746,4.456235777790193,O=C(c1cc(-c2ccccc2)nc2ccccc12)N1CCN(Cc2nnnn2-c2ccccc2)CC1,0.0475,1,O=C(c1cc(-c2ccccc2)nc2ccccc12)N1CCN(Cc2nnnn2-c2ccccc2)CC1,lockbox_primary,4.23979445124247,0.4133333333333333,OADMET-0002012,4.33,O=C(c1cc(-c2ccccc2)nc2ccccc12)N1CCN(Cc2nnnn2-c2ccccc2)CC1,"(5,6]","(0.4,0.5]",Q1_low,positive,False,4.579990888895097,4.483094986658843,4.47811000890589,4.403402433002833
766,nesso_2f1ac295a0e2d277d2b7,OADMET-0001935,4.99,5.4084387,4.7900004,4.902558,4.806418,4.8629375,4.857304,4.424043868582278,COc1ccc(CCC(=O)Nc2nc3ccc(Cl)cc3s2)cc1OC,0.0874,0,O=C(CCc1ccccc1)Nc1nc2ccccc2s1,lockbox_primary,4.23979445124247,0.4528301886792453,OADMET-0002309,2.87,O=C(CCc1ccccc1)Nc1nc2ccccc2s1,"(4,5]","(0.4,0.5]",Q2,neutral,False,4.640673934291139,4.47106020697958,4.4832170098644095,4.339580354194671
774,nesso_2f9216ca7c55fd9afe2f,OADMET-0003305,1.83,5.210896,4.545617,4.9629526,4.76272,4.9166756,4.8807826,4.763978029176618,O=C(Nc1ccc(C(F)(F)F)nn1)Nc1cc(CC2CCCCC2)n[nH]1,0.577,0,O=C(Nc1cccnn1)Nc1cc(CC2CCCCC2)n[nH]1,lockbox_primary,4.23979445124247,0.2948717948717949,OADMET-0005952,5.03,O=C(Nc1cccnn1)Nc1cc(CC2CCCCC2)n[nH]1,<=4,<=0.3,Q4_high,neutral,False,4.822380314588309,4.776653377841203,4.785453790959569,4.805899808689977
777,nesso_2fd7af0de0d156d22c36,OADMET-0001965,2.08,5.311215,4.6697235,4.8313937,4.7440133,4.817426,4.797611,4.4271000950221735,O=C(c1cc(-c2cccs2)on1)N1CCN(c2ccc(F)cc2)CC1,0.64,0,O=C(c1cc(-c2cccs2)on1)N1CCN(c2ccccc2)CC1,lockbox_primary,4.23979445124247,0.5102040816326531,OADMET-0002305,2.18,O=C(c1cc(-c2cccs2)on1)N1CCN(c2ccccc2)CC1,<=4,"(0.5,0.6]",Q4_high,neutral,False,4.612355547511086,4.46730703959223,4.472964203987013,4.29235701547906
779,nesso_2fee887d18a9f240c304,OADMET-0001902,4.7,5.271331,4.6203823,4.886392,4.752516,4.818015,4.8189745,4.738964059332671,COc1ccc2cc(C(=O)N3CCc4ccccc4C3)[nH]c2c1,0.124,0,O=C(c1cc2ccccc2[nH]1)N1CCc2ccccc2C1,lockbox_primary,4.23979445124247,0.5306122448979592,OADMET-0002318,2.88,O=C(c1cc2ccccc2[nH]1)N1CCc2ccccc2C1,"(4,5]","(0.5,0.6]",Q2,neutral,True,4.778969279666336,4.747646598253165,4.750205483301102,4.742319189885917
787,nesso_307c65a746c1d3ff2ab9,OADMET-0003101,5.61,5.495578,4.8978014,5.1319523,5.0143275,5.069482,5.071921,5.203149091293495,Cc1cccc2oc(C(=O)N3Cc4cnn(C)c4CC(C)(C)C3)cc12,0.0632,0,O=C(c1cc2ccccc2o1)N1CCCc2[nH]ncc2C1,lockbox_primary,4.23979445124247,0.4583333333333333,OADMET-0004833,5.21,O=C(c1cc2ccccc2o1)N1CCCc2[nH]ncc2C1,"(5,6]","(0.4,0.5]",Q1_low,neutral,False,5.1375350456467475,5.188908537178124,5.210739265064046,5.189210019846838
797,nesso_3134edb7be78301e0a16,OADMET-0003079,2.88,5.643565,5.0808787,4.8353524,4.6990385,4.7946973,4.776363,4.463758397580922,Cc1ccc(C(=O)Nc2ccc(-c3nc4cc(F)ccc4s3)cc2C)nn1,0.302,0,O=C(Nc1ccc(-c2nc3ccccc3s2)cc1)c1cccnn1,lockbox_primary,4.23979445124247,0.3552631578947368,OADMET-0002015,4.12,O=C(Nc1ccc(-c2nc3ccccc3s2)cc1)c1cccnn1,<=4,"(0.3,0.4]",Q4_high,neutral,False,4.620060698790461,4.497681490674662,4.500408543826021,4.2529617433565265
801,nesso_31665f3f5d70ad18b9cc,OADMET-0003249,5.08,5.120019,4.433192,4.959709,4.7807894,4.9422045,4.894234,5.025813495452335,CCC1(CC)CNC(=O)C1NC(=O)c1nc(-c2ccco2)sc1C,0.0853,0,O=C(NC1CCNC1=O)c1csc(-c2ccco2)n1,lockbox_primary,4.23979445124247,0.4477611940298507,OADMET-0005403,4.98,O=C(NC1CCNC1=O)c1csc(-c2ccco2)n1,"(5,6]","(0.4,0.5]",Q2,neutral,False,4.960023747726167,5.011534807810133,5.0172495920260936,5.141279613311221
805,nesso_319cf21ca6ddc13a78af,OADMET-0005035,4.54,4.9581795,4.232978,4.5668077,4.3730063,4.502833,4.480882,5.031572160323699,CN(C)c1ccc(S(=O)(=O)N2CCCC2C(F)(F)F)cn1,0.182,0,O=S(=O)(c1cccnc1)N1CCCC1,lockbox_primary,4.23979445124247,0.3055555555555556,OADMET-0004928,5.55,O=S(=O)(c1cccnc1)N1CCCC1,"(4,5]","(0.3,0.4]",Q3,neutral,False,4.75622708016185,4.971812600068016,4.932786790236804,5.009402790119489
811,nesso_31fb3f028df35f3914cf,OADMET-0003131,5.11,5.0786877,4.3820605,4.444275,4.21232,4.4557276,4.3707743,4.557049775620547,Cc1nnc(-c2cccc(-c3noc(C4CC(=O)N(c5ccc6c(c5)CCC6)C4)n3)c2)[nH]1,0.193,0,O=C1CC(c2nc(-c3cccc(-c4nnc[nH]4)c3)no2)CN1c1ccc2c(c1)CCC2,lockbox_primary,4.23979445124247,0.35,OADMET-0003081,5.59,O=C1CC(c2nc(-c3cccc(-c4nnc[nH]4)c3)no2)CN1c1ccc2c(c1)CCC2,"(5,6]","(0.3,0.4]",Q3,neutral,False,4.463912037810273,4.536835612899791,4.494143298813563,4.357338706155863
825,nesso_32cce663dd21a0a6bbbf,OADMET-0006012,4.93,4.665407,3.8707848,4.8720083,4.6057887,4.849438,4.775745,4.614176039625451,CCC(NC(CO)Cc1ccc(F)cc1)c1ccccc1F,0.178,1,c1ccc(CCNCc2ccccc2)cc1,lockbox_primary,4.23979445124247,0.3043478260869565,OADMET-0002706,4.94,c1ccc(CCNCc2ccccc2)cc1,"(4,5]","(0.3,0.4]",Q3,positive,False,4.694960519812725,4.631709111248296,4.6317622644210275,4.711353127886102
846,nesso_341525edea6ca7b5ce71,OADMET-0004749,4.26,4.740513,3.9636989,4.2618074,3.9569886,4.249119,4.1559715,4.654027789088039,COCC(C)c1nc(C2(c3ccc(C)cc3)CCOCC2)no1,0.219,0,c1ccc(C2(c3ncon3)CCOCC2)cc1,lockbox_primary,4.23979445124247,0.5084745762711864,OADMET-0005813,4.13,c1ccc(C2(c3ncon3)CCOCC2)cc1,"(4,5]","(0.5,0.6]",Q3,neutral,False,4.404999644544019,4.599979928852106,4.532408654693999,4.689786060901431
851,nesso_345a4b2043d0af972449,OADMET-0000948,3.13,4.6020813,3.7924433,3.592404,3.1133804,3.6610327,3.4556057,2.507536233451026,Cc1nc2ncccn2c1C(=O)N1CCC(c2nccn2CC(N)=O)CC1,0.221,0,O=C(c1cnc2ncccn12)N1CCC(c2ncc[nH]2)CC1,lockbox_primary,4.23979445124247,0.2857142857142857,OADMET-0005349,4.8,O=C(c1cnc2ncccn12)N1CCC(c2ncc[nH]2)CC1,<=4,<=0.3,Q3,neutral,False,2.981570966725513,2.610418431998944,2.504414438579054,2.2410996566077643
853,nesso_3460abbf3fa721a0f3fc,OADMET-0001045,4.29,4.7089443,3.924645,3.6515536,3.243288,3.7369118,3.543918,4.015102622902204,Cn1ccnc1C1CCN(Cc2c(F)cccc2Cl)CC1,0.0847,1,c1ccc(CN2CCC(c3ncc[nH]3)CC2)cc1,lockbox_primary,4.23979445124247,0.390625,OADMET-0003217,4.220000000000001,c1ccc(CN2CCC(c3ncc[nH]3)CC2)cc1,"(4,5]","(0.3,0.4]",Q2,positive,False,3.7795103114511024,3.9639708106916416,3.841373945774384,3.935925444459726
858,nesso_34b2bf898e97362fc343,OADMET-0001665,2.36,4.6669974,3.8727522,3.1730878,2.7628438,3.2667952,3.0675755,2.585848328790496,C=CC(=O)NCCC(=O)N[C@H]1CC[C@@H](S(C)(=O)=O)CC1,0.395,0,C1CCCCC1,lockbox_primary,4.23979445124247,0.3230769230769231,OADMET-0001746,2.6,C1CCCCC1,<=4,"(0.3,0.4]",Q4_high,neutral,False,2.826711914395248,2.638124192767751,2.488856730423538,2.511882905981372
874,nesso_35a8bdca754956dc12be,OADMET-0002907,5.51,4.9316998,4.200219,5.067037,4.9363213,5.0417547,5.015038,5.388359346374164,CSCc1cccnc1C(=O)N(Cc1ccccc1)C1COC(C)(C)C1,0.0506,0,O=C(c1ccccn1)N(Cc1ccccc1)C1CCOC1,lockbox_primary,4.23979445124247,0.3552631578947368,OADMET-0005924,4.48,O=C(c1ccccn1)N(Cc1ccccc1)C1CCOC1,"(5,6]","(0.3,0.4]",Q1_low,neutral,False,5.201698673187082,5.347847419521747,5.36032474247739,5.538096019014011
885,nesso_3628ab381b8857cdc641,OADMET-0003324,5.86,4.8489885,4.097896,4.7336864,4.564258,4.7190404,4.6723285,5.376348014541712,CN1C(=O)CCCc2occ(C(=O)N3CCc4c3ccc(Cl)c4Cl)c21,0.111,0,O=C1CCCc2occ(C(=O)N3CCc4ccccc43)c2N1,lockbox_primary,4.23979445124247,0.24,OADMET-0003533,5.58,O=C1CCCc2occ(C(=O)N3CCc4ccccc43)c2N1,"(5,6]",<=0.3,Q2,neutral,False,5.0243382572708555,5.2999495247344806,5.275623436131536,5.320182751484957
890,nesso_36fe9cebfda2b1435c75,OADMET-0005550,5.0,4.621644,3.8166447,4.2898073,3.960331,4.2485504,4.1662297,4.419985049386417,CCN1CCCC(NC(=O)Nc2cccc3cc[nH]c23)C1=O,0.15,0,O=C(Nc1cccc2cc[nH]c12)NC1CCCNC1=O,lockbox_primary,4.23979445124247,0.3714285714285714,OADMET-0005782,4.83,O=C(Nc1cccc2cc[nH]c12)NC1CCCNC1=O,"(4,5]","(0.3,0.4]",Q3,neutral,False,4.293107374693209,4.392448134466881,4.330041329560726,4.415215012599623
891,nesso_3732098dc5483842e584,OADMET-0002023,2.7,4.630326,3.827385,4.419324,4.143113,4.3696847,4.310707,3.032970757427922,O=C(NCc1ccc(Cl)cc1)c1cnccn1,0.339,0,O=C(NCc1ccccc1)c1cnccn1,lockbox_primary,4.23979445124247,0.4210526315789473,OADMET-0002221,2.64,O=C(NCc1ccccc1)c1cnccn1,<=4,"(0.4,0.5]",Q4_high,neutral,False,3.671838878713961,3.1716275947572363,3.1488647377040646,2.9870389301509768
892,nesso_3734051978300825abbc,OADMET-0005041,4.63,4.6643877,3.8695235,4.176265,3.7195036,4.1477294,4.014499,4.199496850749311,CC(C)c1cc(C(=O)NCc2cccc(N3CCOCC3)n2)on1,0.145,0,O=C(NCc1cccc(N2CCOCC2)n1)c1ccno1,lockbox_primary,4.23979445124247,0.5223880597014925,OADMET-0005899,4.59,O=C(NCc1cccc(N2CCOCC2)n1)c1ccno1,"(4,5]","(0.5,0.6]",Q3,neutral,False,4.106997925374655,4.179421332780137,4.104449742132712,4.108155832072553
902,nesso_378ca3e7a89d7625ccb0,OADMET-0000942,2.26,4.848614,4.097433,4.2579794,3.9777093,4.2154145,4.1503677,2.895690525425868,CCc1ccc(-c2cc(C(=O)NCCCc3nnn[nH]3)[nH]n2)cc1,0.362,-1,O=C(NCCCc1nnn[nH]1)c1cc(-c2ccccc2)n[nH]1,lockbox_primary,4.23979445124247,0.4444444444444444,OADMET-0001242,2.62,O=C(NCCCc1nnn[nH]1)c1cc(-c2ccccc2)n[nH]1,<=4,"(0.4,0.5]",Q4_high,negative,False,3.5230291127129343,3.031845048636017,2.9941454763299102,2.873103648899393
924,nesso_38a7f36023c9f3f54b9b,OADMET-0004947,4.89,4.5967913,3.7858987,4.300356,3.9613996,4.3329153,4.1982236,5.019852230966862,CC(C)(C)c1ocnc1CN1CCCCC1C1CCCCC1O,0.117,1,c1nc(CN2CCCCC2C2CCCCC2)co1,lockbox_primary,4.23979445124247,0.2837837837837837,OADMET-0005936,4.97,c1nc(CN2CCCCC2C2CCCCC2)co1,"(4,5]",<=0.3,Q2,positive,False,4.609037915483431,4.930691085158123,4.861342152229414,4.946691135586079
929,nesso_38e0b40031c9342429d3,OADMET-0005762,4.79,4.992921,4.275957,4.9820848,4.813802,4.9334273,4.9097714,4.736420885607839,O=C(c1ncoc1-c1ccon1)N1CCOc2c(Br)cccc2C1,0.175,0,O=C(c1ncoc1-c1ccon1)N1CCOc2ccccc2C1,lockbox_primary,4.23979445124247,0.2933333333333333,OADMET-0002042,5.61,O=C(c1ncoc1-c1ccon1)N1CCOc2ccccc2C1,"(4,5]",<=0.3,Q3,neutral,False,4.823096142803919,4.7552324628913025,4.767641222009106,4.716614508018137
934,nesso_394cff5dbf3cbd064346,OADMET-0003761,1.89,4.8099585,4.049611,2.8956034,2.673911,2.9609509,2.8434885,2.4050133273852388,N=C(N)NCCN1CCCCCCC1,0.591,2,C1CCCNCCC1,lockbox_primary,4.23979445124247,0.28125,OADMET-0002199,1.95,C1CCCNCCC1,<=4,<=0.3,Q4_high,positive,False,2.6242509136926193,2.4525955894018523,2.2822617765701136,2.184689124013237
939,nesso_39c586525dbc0fc33dc6,OADMET-0002689,4.07,5.1064367,4.416389,4.612485,4.4460654,4.597774,4.5521083,4.283059488713755,Cc1n[nH]c(C)c1CNC(=O)c1ccc(Oc2ccc(C(C)C)cc2)nc1,0.0967,0,O=C(NCc1cn[nH]c1)c1ccc(Oc2ccccc2)nc1,lockbox_primary,4.23979445124247,0.3387096774193548,OADMET-0002213,2.98,O=C(NCc1cn[nH]c1)c1ccc(Oc2ccccc2)nc1,"(4,5]","(0.3,0.4]",Q2,neutral,False,4.417583894356878,4.312256013017603,4.293896245719001,4.2328152244091175
943,nesso_3a08f12bef604af62841,OADMET-0005421,4.68,5.0893073,4.395198,3.9597178,3.5117826,3.970271,3.8139238,4.786072574591384,Cc1noc(CCNC(=O)N2CC(C)(C)[C@H]3CCC[C@H]32)n1,0.194,0,O=C(NCCc1ncno1)N1CC[C@H]2CCC[C@H]21,lockbox_primary,4.23979445124247,0.3787878787878788,OADMET-0002939,5.17,O=C(NCCc1ncno1)N1CC[C@H]2CCC[C@H]21,"(4,5]","(0.3,0.4]",Q3,neutral,False,4.299998187295692,4.68057734794972,4.57377723981829,4.762581579422698
947,nesso_3a3d459e50919f0c7289,OADMET-0001568,2.55,4.6395707,3.838822,3.9033422,3.42657,3.8616056,3.730506,2.2572428877071085,C=CC(=O)NCCC(=O)N1CCN(C(=O)c2ccsc2)CC1,0.311,0,O=C(c1ccsc1)N1CCNCC1,lockbox_primary,4.23979445124247,0.5185185185185185,OADMET-0001613,4.08,O=C(c1ccsc1)N1CCNCC1,<=4,"(0.5,0.6]",Q4_high,neutral,True,2.9938744438535543,2.4171178266015896,2.345140526485254,2.249010364951247
949,nesso_3a58f766a2f39dcac96a,OADMET-0002286,2.55,4.360769,3.4939117,2.346119,1.8962536,2.4429464,2.2284396,2.443713374718532,O=C(O)c1ccc2c(c1)OCO2,0.585,-1,c1ccc2c(c1)OCO2,lockbox_primary,4.23979445124247,0.4545454545454545,OADMET-0001887,4.13,c1ccc2c(c1)OCO2,<=4,"(0.4,0.5]",Q4_high,negative,False,2.336076487359266,2.4203523869278682,2.1829243516557004,2.2965395080889315
958,nesso_3aee728ec6a4fa14478f,OADMET-0005566,5.31,4.7432604,3.9670982,4.9389706,4.7513323,4.931301,4.873868,4.703890782470671,CC(c1ccccn1)N(C)C(=O)c1nc2cc(Br)c(F)cc2[nH]1,0.0449,0,O=C(NCc1ccccn1)c1nc2ccccc2[nH]1,lockbox_primary,4.23979445124247,0.3333333333333333,OADMET-0004783,4.91,O=C(NCc1ccccn1)c1nc2ccccc2[nH]1,"(5,6]","(0.3,0.4]",Q1_low,neutral,False,4.788879391235335,4.722336297762004,4.731431434549578,4.79935999649283
963,nesso_3b7ce244e11985cf2d2d,OADMET-0003272,5.13,5.410941,4.793096,4.9770713,4.664593,4.9108734,4.850846,5.425919176499867,Cc1cc(CS(=O)(=O)N2CCc3c(cccc3C(C)C)C2)no1,0.158,0,O=S(=O)(Cc1ccon1)N1CCc2ccccc2C1,lockbox_primary,4.23979445124247,0.3134328358208955,OADMET-0003399,5.3,O=S(=O)(Cc1ccon1)N1CCc2ccccc2C1,"(5,6]","(0.3,0.4]",Q3,neutral,False,5.138382588249933,5.36351363048054,5.357607691527138,5.526273162524723
971,nesso_3c0cda584b8bcc35e679,OADMET-0003125,4.91,4.9190235,4.1845374,4.6398935,4.381377,4.6231422,4.5481377,4.752262624760557,COc1cc(NC(=O)C(C)c2c(F)cccc2F)cnc1OC,0.062,0,O=C(Cc1ccccc1)Nc1cccnc1,lockbox_primary,4.23979445124247,0.35,OADMET-0004719,4.64,O=C(Cc1ccccc1)Nc1cccnc1,"(4,5]","(0.3,0.4]",Q1_low,neutral,False,4.650200162380278,4.730111483120865,4.703190302144355,4.683097804745127
980,nesso_3cabe67dd57d0d7b77aa,OADMET-0004899,4.73,5.5046115,4.908977,5.1062393,4.9423647,5.072782,5.040462,4.587077046392987,CCc1nnc(NC(=O)C(C)C(C)NC(=O)c2ccc3sccc3c2)s1,0.1,0,O=C(CCNC(=O)c1ccc2sccc2c1)Nc1nncs1,lockbox_primary,4.23979445124247,0.2962962962962963,OADMET-0005330,4.21,O=C(CCNC(=O)c1ccc2sccc2c1)Nc1nncs1,"(4,5]",<=0.3,Q2,neutral,False,4.813769523196493,4.6362772816726086,4.665388780720637,4.6077020416246155
984,nesso_3ce7b697b95fc9f52208,OADMET-0001096,2.3,4.949191,4.221858,3.9772644,3.5848155,3.995145,3.8524084,3.460178993816545,CCCn1cc(NC(=O)N(C)Cc2cc(-c3ccncc3)no2)nn1,0.27,0,O=C(NCc1cc(-c2ccncc2)no1)Nc1c[nH]nn1,lockbox_primary,4.23979445124247,0.3766233766233766,OADMET-0001362,3.53,O=C(NCc1cc(-c2ccncc2)no1)Nc1c[nH]nn1,<=4,"(0.3,0.4]",Q4_high,neutral,False,3.656293696908272,3.502742777449602,3.4230803298077674,3.282055281276872
1000,nesso_3dbdf15b2c6854f66591,OADMET-0003327,5.69,5.1330333,4.449292,4.508733,4.1670866,4.441021,4.37228,5.032556907905206,Cc1cccnc1S(=O)(=O)NCC(OC1CCCC1)C(F)(F)F,0.0574,0,O=S(=O)(NCCOC1CCCC1)c1ccccn1,lockbox_primary,4.23979445124247,0.3623188405797101,OADMET-0002817,5.3,O=S(=O)(NCCOC1CCCC1)c1ccccn1,"(5,6]","(0.3,0.4]",Q1_low,neutral,False,4.702418453952603,4.960905259653122,4.910133690057091,5.040973594112262
1007,nesso_3e3ff9ea63e912a2ca06,OADMET-0001582,3.01,5.3057137,4.6629176,4.9823203,4.787704,4.9361296,4.9020514,3.582658958068447,C=CC(=O)N(C)CC(=O)Nc1ccc(N2CCCCC2)cc1C(N)=O,0.299,0,c1ccc(N2CCCCC2)cc1,lockbox_primary,4.23979445124247,0.4142857142857143,OADMET-0001581,5.01,c1ccc(N2CCCCC2)cc1,<=4,"(0.4,0.5]",Q4_high,neutral,False,4.242355179034224,3.7258362250967094,3.7574091637473783,3.6420730765968132
1014,nesso_3e864c9396831fa2e6f6,OADMET-0001774,4.45,4.8461504,4.0943847,4.662012,4.272687,4.599285,4.511328,4.218442602133926,C=CC(=O)Nc1ccc(CC(=O)N2CC3(CCOCC3)CC2C)cc1,0.0886,0,O=C(Cc1ccccc1)N1CCC2(CCOCC2)C1,lockbox_primary,4.23979445124247,0.4264705882352941,OADMET-0001771,3.87,O=C(Cc1ccccc1)N1CCC2(CCOCC2)C1,"(4,5]","(0.4,0.5]",Q2,neutral,False,4.364885301066963,4.250225814987229,4.22858188830737,4.1731652524830665
1022,nesso_3f12975a471617ef86b9,OADMET-0005810,4.75,4.944482,4.216032,4.233226,3.910438,4.189424,4.111029,4.52183393915053,CO[C@H]1C[C@H](c2nnc(C)o2)N(CC2CCc3ccccc3C2)C1,0.195,1,c1ccc2c(c1)CCC(CN1CCC[C@@H]1c1nnco1)C2,lockbox_primary,4.23979445124247,0.5,OADMET-0005604,3.91,c1ccc2c(c1)CCC(CN1CCC[C@@H]1c1nnco1)C2,"(4,5]","(0.4,0.5]",Q3,positive,False,4.3164314695752655,4.477254383743061,4.407120742551733,4.494252497003036
1025,nesso_3f4e77fbf17151e05d92,OADMET-0003197,5.02,6.097732,5.6427355,5.408522,5.3295555,5.33576,5.357946,4.99313444230963,O=c1[nH]c2cc(Cl)c(S(=O)(=O)Nc3ccc(OC4CCCC4)c(F)c3)cc2o1,0.0935,0,O=c1[nH]c2ccc(S(=O)(=O)Nc3ccc(OC4CCCC4)cc3)cc2o1,lockbox_primary,4.23979445124247,0.3243243243243243,OADMET-0005226,4.2,O=c1[nH]c2ccc(S(=O)(=O)Nc3ccc(OC4CCCC4)cc3)cc2o1,"(5,6]","(0.3,0.4]",Q2,neutral,False,5.175540221154815,5.032722907538341,5.089083620764982,5.125170904735816
1027,nesso_3f793bf6b64d1e71ba67,OADMET-0005170,5.14,4.907299,4.170033,4.309882,3.9241767,4.24681,4.1602893,5.106204463338611,COc1cc(C)ccc1NC(=O)C1CC2(C)CCCN2S1(=O)=O,0.0969,0,O=C(Nc1ccccc1)C1CC2CCCN2S1(=O)=O,lockbox_primary,4.23979445124247,0.3666666666666666,OADMET-0001908,4.05,O=C(Nc1ccccc1)C1CC2CCCN2S1(=O)=O,"(5,6]","(0.3,0.4]",Q2,neutral,False,4.633246881669305,5.0035560445488665,4.928613595269819,5.158084323799369
1038,nesso_3fff7d1cbc1865afc986,OADMET-0003728,2.74,5.3895335,4.7666125,4.306942,4.1081214,4.269288,4.2281175,3.247077608091428,CC1=C(C(=O)O)N2C(=O)[C@@H](NC(=O)[C@H](N)c3ccccc3)[C@H]2SC1,0.279,-1,O=C(Cc1ccccc1)N[C@@H]1C(=O)N2C=CCS[C@H]12,lockbox_primary,4.23979445124247,0.2698412698412698,OADMET-0002005,4.24,O=C(Cc1ccccc1)N[C@@H]1C(=O)N2C=CCS[C@H]12,<=4,<=0.3,Q4_high,negative,False,3.737597554045714,3.3535376772150145,3.318144331375581,3.1619155645199557
1043,nesso_408c15c27cca4cd56aeb,OADMET-0003122,5.37,5.1128116,4.4242754,5.0749555,4.913642,5.0520234,5.0135403,4.520434723278275,COc1cc(OC)cc(C(=O)N(C)Cc2cccc(C)c2)c1,0.0557,0,O=C(NCc1ccccc1)c1ccccc1,lockbox_primary,4.23979445124247,0.3863636363636363,OADMET-0002273,2.48,O=C(NCc1ccccc1)c1ccccc1,"(5,6]","(0.3,0.4]",Q1_low,neutral,False,4.766987511639138,4.57394534421836,4.601304477727274,4.557655678173295
1070,nesso_4298137ad311ff812324,OADMET-0001602,1.77,5.0125704,4.300266,4.294268,3.8769336,4.274395,4.1485324,2.263176449730244,C=CC(=O)N1CCCC(C(=O)NCc2cc(=O)nc(SC)[nH]2)C1,0.516,0,O=C(NCc1cc(=O)nc[nH]1)C1CCCNC1,lockbox_primary,4.23979445124247,0.4324324324324324,OADMET-0001615,2.79,O=C(NCc1cc(=O)nc[nH]1)C1CCCNC1,<=4,"(0.4,0.5]",Q4_high,neutral,False,3.2058544248651217,2.4677707036884597,2.440836159899007,2.2490818828038837
1072,nesso_42ba8ea0fe761df55070,OADMET-0002626,5.19,5.560863,4.9785666,5.2984934,5.1509056,5.216726,5.2220416,5.022423491172212,CCC1OCCCC1C(=O)Nc1nnc(-c2ccc(C)cc2C)s1,0.0902,0,O=C(Nc1nnc(-c2ccccc2)s1)C1CCCOC1,lockbox_primary,4.23979445124247,0.3544303797468354,OADMET-0005649,4.79,O=C(Nc1nnc(-c2ccccc2)s1)C1CCCOC1,"(5,6]","(0.3,0.4]",Q2,neutral,False,5.122232545586106,5.044085564080157,5.085261347371293,5.22691433160724
1076,nesso_4303c39ea95581220ba8,OADMET-0002899,5.78,5.21311,4.548356,5.1503716,4.9839783,5.1157403,5.083363,5.078884304345442,Cc1ccc2snc(C(=O)NC(c3cnn(C)c3)C(C)C)c2c1,0.0469,0,O=C(NCc1cn[nH]c1)c1nsc2ccccc12,lockbox_primary,4.23979445124247,0.3043478260869565,OADMET-0001295,4.6,O=C(NCc1cn[nH]c1)c1nsc2ccccc12,"(5,6]","(0.3,0.4]",Q1_low,neutral,False,5.081123652172721,5.079370321532816,5.104590607020431,5.135499388755155
1081,nesso_4352e8bb988208e7de41,OADMET-0004966,5.15,5.187072,4.516144,4.8282695,4.5966177,4.821804,4.748897,4.810846486611295,CCC(NC(=O)c1cnc(N)c(Cl)c1)c1cc(F)ccc1OC,0.0747,0,O=C(NCc1ccccc1)c1cccnc1,lockbox_primary,4.23979445124247,0.3580246913580246,OADMET-0003884,4.58,O=C(NCc1ccccc1)c1cccnc1,"(5,6]","(0.3,0.4]",Q1_low,neutral,False,4.779871743305648,4.8041238786101275,4.79786867993227,4.711175778431821
1089,nesso_43b1ad0bd9b58b95bc52,OADMET-0005065,5.19,4.973988,4.252535,4.9823527,4.796073,4.927252,4.901892,4.916829213154112,Cc1[nH]cnc1C(=O)NC(c1c[nH]c2cccc(F)c12)C(F)(F)F,0.0587,0,O=C(NCc1c[nH]c2ccccc12)c1c[nH]cn1,lockbox_primary,4.23979445124247,0.2588235294117647,OADMET-0004767,5.32,O=C(NCc1c[nH]c2ccccc12)c1c[nH]cn1,"(5,6]",<=0.3,Q1_low,neutral,False,4.9093606065770565,4.915208263019448,4.923639090327917,4.919093120497261
1090,nesso_43b2e94b8794c6a3bb37,OADMET-0003864,4.92,5.352841,4.7212195,5.206708,5.073768,5.143469,5.141315,4.549779268015293,Cn1cnnc1Sc1ccc(C(=O)Nc2ccccc2OCC(F)F)cc1[N+](=O)[O-],0.113,0,O=C(Nc1ccccc1)c1ccc(Sc2nnc[nH]2)cc1,lockbox_primary,4.23979445124247,0.3164556962025316,OADMET-0004458,5.18,O=C(Nc1ccccc1)c1ccc(Sc2nnc[nH]2)cc1,"(4,5]","(0.3,0.4]",Q2,neutral,False,4.845547134007646,4.613971290618623,4.654621086836245,4.800689579952625
1092,nesso_43d2c8b053314122fdfb,OADMET-0002002,2.58,4.527936,3.700717,3.0716681,2.7264671,3.0752904,2.9578085,2.9593582909848783,O=C(NCCCN1CCOCC1)c1ccc(Cl)cc1,0.52,1,O=C(NCCCN1CCOCC1)c1ccccc1,lockbox_primary,4.23979445124247,0.5121951219512195,OADMET-0002000,1.92,O=C(NCCCN1CCOCC1)c1ccccc1,<=4,"(0.5,0.6]",Q4_high,positive,False,2.958583395492439,2.9591901114269032,2.7915941704352787,2.815463409974823
1098,nesso_44309075ae1c6d3b5b2e,OADMET-0002790,4.93,4.8240523,4.067047,4.2370253,3.976575,4.2114887,4.1416965,4.878363574091284,O=S(=O)(c1cccc(Cl)c1O)N1CC(CO)(c2ccccc2)C1,0.0723,0,O=S(=O)(c1ccccc1)N1CC(c2ccccc2)C1,lockbox_primary,4.23979445124247,0.359375,OADMET-0003372,5.37,O=S(=O)(c1ccccc1)N1CC(c2ccccc2)C1,"(4,5]","(0.3,0.4]",Q1_low,neutral,False,4.510030037045642,4.798422250322835,4.72542095315553,4.834540093485205
1102,nesso_445b54659231641990af,OADMET-0003254,2.93,4.804549,4.0429196,4.4814916,4.1514425,4.4289465,4.3539605,4.505634406905328,O=C(CCCc1cccs1)Nc1nc2c(s1)C(=O)NCC2,0.295,0,O=C(CCCc1cccs1)Nc1nc2c(s1)C(=O)NCC2,lockbox_primary,4.23979445124247,0.2771084337349397,OADMET-0001190,3.48,O=C(CCCc1cccs1)Nc1nc2c(s1)C(=O)NCC2,<=4,<=0.3,Q4_high,neutral,False,4.4297974534526645,4.489175122480133,4.445558140191766,4.440745750765954
1103,nesso_4465312e077de9b1d29d,OADMET-0001138,2.9,4.851416,4.100899,4.183625,3.9585366,4.2060785,4.1160803,3.828909423194704,COc1ccc(N2CCN(Cc3cc(=O)c(OC)co3)C(C)C2=O)cc1,0.256,1,O=C1CN(Cc2cc(=O)cco2)CCN1c1ccccc1,lockbox_primary,4.23979445124247,0.2933333333333333,OADMET-0001752,3.33,O=C1CN(Cc2cc(=O)cco2)CCN1c1ccccc1,<=4,<=0.3,Q4_high,positive,False,3.972494861597352,3.860072510085591,3.8024947112689516,3.7148477397783375
1105,nesso_447cc62529be3e6928f0,OADMET-0001666,1.76,4.8575783,4.1085224,4.3936214,4.0023985,4.349842,4.2486205,2.6712935620565714,C=CC(=O)N1CCC(C(=O)NC(CCO)c2cccs2)CC1,0.517,0,O=C(NCc1cccs1)C1CCNCC1,lockbox_primary,4.23979445124247,0.4,OADMET-0001778,2.28,O=C(NCc1cccs1)C1CCNCC1,<=4,"(0.3,0.4]",Q4_high,neutral,False,3.459957031028286,2.8424612548577954,2.81926211730482,2.7197511845846476
1107,nesso_449a7be1f4568870c7cf,OADMET-0000983,2.32,4.3795037,3.5170894,3.3140078,2.8205702,3.392913,3.1758301,2.878068640079357,CC(=O)c1c(C)nn(CC(=O)NCc2nc(-c3ccncc3)n[nH]2)c1C,0.274,0,O=C(Cn1cccn1)NCc1nc(-c2ccncc2)n[nH]1,lockbox_primary,4.23979445124247,0.3066666666666666,OADMET-0001216,3.11,O=C(Cn1cccn1)NCc1nc(-c2ccncc2)n[nH]1,<=4,"(0.3,0.4]",Q4_high,neutral,False,3.0269493700396786,2.910380991357776,2.7677397080775856,2.6785111568830984
1115,nesso_44fb4bef5efdf57e7e21,OADMET-0001940,2.27,4.8248096,4.0679836,3.6411924,3.4032173,3.6521952,3.5655348,2.934606630355103,O=C(NCCCN1CCOCC1)c1cc(-c2ccc(O)cc2)on1,0.632,1,O=C(NCCCN1CCOCC1)c1cc(-c2ccccc2)on1,lockbox_primary,4.23979445124247,0.5081967213114754,OADMET-0001864,3.49,O=C(NCCCN1CCOCC1)c1cc(-c2ccccc2)on1,<=4,"(0.5,0.6]",Q4_high,positive,False,3.2500707151775514,3.0030734247295294,2.901539122772017,2.742219377309067
1119,nesso_4531674c3a09c097e4ce,OADMET-0001171,3.55,4.520071,3.690987,3.5980716,3.1284995,3.5936236,3.4400647,3.437524052825863,CCCCC(=O)Nc1ccc(C)cc1NC(=O)Cn1nnnc1N,0.123,0,O=C(Cn1cnnn1)Nc1ccccc1,lockbox_primary,4.23979445124247,0.46875,OADMET-0001056,3.92,O=C(Cn1cnnn1)Nc1ccccc1,<=4,"(0.4,0.5]",Q2,neutral,False,3.4387943764129316,3.4377997576937367,3.3139980965341516,3.2950362288626978
1120,nesso_45413173d608bc116b2e,OADMET-0003921,4.4,5.4287753,4.815159,4.788431,4.64262,4.7308106,4.7206206,4.289491377077815,Cc1cccn2cc(-c3ccc(NC(C)c4cnn(C)n4)cc3)nc12,0.206,0,c1ccn2cc(-c3ccc(NCc4cn[nH]n4)cc3)nc2c1,lockbox_primary,4.23979445124247,0.2631578947368421,OADMET-0005465,5.19,c1ccn2cc(-c3ccc(NCc4cn[nH]n4)cc3)nc2c1,"(4,5]",<=0.3,Q3,neutral,False,4.505055988538908,4.336276474454642,4.336004049207332,4.195860847137687
1124,nesso_45bdf58c1989bc746e49,OADMET-0005431,5.04,5.535623,4.947342,5.1312146,4.93892,5.072624,5.0475864,4.737689253817641,CC1CCCCN1C(=O)c1ccc(NCc2cc(=O)n(C)c(=O)n2C)cc1Cl,0.166,0,O=C(c1ccc(NCc2cc(=O)[nH]c(=O)[nH]2)cc1)N1CCCCC1,lockbox_primary,4.23979445124247,0.2987012987012987,OADMET-0003294,5.23,O=C(c1ccc(NCc2cc(=O)[nH]c(=O)[nH]2)cc1)N1CCCCC1,"(5,6]",<=0.3,Q3,neutral,False,4.892637826908821,4.771318540328704,4.798588923091111,4.691336491088712
1126,nesso_45e1d5b39c01e35986a9,OADMET-0003684,1.98,6.1161027,5.6654625,4.180974,4.2507815,4.030013,4.1539226,4.476723271090192,Cc1cc(/C=C/c2ccc3cc(N(C)C)ccc3[n+]2C)c(C)n1-c1ccccc1,0.592,1,C(=C\c1ccc2ccccc2[nH+]1)/c1ccn(-c2ccccc2)c1,lockbox_primary,4.23979445124247,0.2280701754385964,OADMET-0002310,1.97,C(=C\c1ccc2ccccc2[nH+]1)/c1ccn(-c2ccccc2)c1,<=4,<=0.3,Q4_high,positive,False,4.315322935545096,4.44169372535934,4.376974358602932,3.8453048641268435
1127,nesso_45f1e86adfabce8cd326,OADMET-0001767,5.25,5.337493,4.7022324,5.1781845,4.9784136,5.1050954,5.087231,4.249000646406089,C=CC(=O)N1CCC(C(=O)N2CCCc3sc(Br)cc3C2)CC1,0.0693,0,O=C(C1CCNCC1)N1CCCc2sccc2C1,lockbox_primary,4.23979445124247,0.417910447761194,OADMET-0001564,2.92,O=C(C1CCNCC1)N1CCCc2sccc2C1,"(5,6]","(0.4,0.5]",Q1_low,neutral,False,4.668115823203045,4.339963370879492,4.379985590312097,4.362769790225898
1132,nesso_4652ef07a92ea6a84151,OADMET-0001766,4.28,5.0435286,4.3385644,3.4987524,3.4577007,3.432283,3.4629123,4.064113711080971,C=CC(=O)Nc1ccc(N2CCC(O)CC2)cc1OCCC,0.0951,0,c1ccc(N2CCCCC2)cc1,lockbox_primary,4.23979445124247,0.3382352941176471,OADMET-0001643,4.1,c1ccc(N2CCCCC2)cc1,"(4,5]","(0.3,0.4]",Q2,neutral,False,3.7635130055404855,3.9988727924304963,3.8666780550389714,3.7240813123802567
1136,nesso_468bd12860b0f7b65c1c,OADMET-0001299,4.92,5.4864683,4.886532,4.876547,4.8634095,4.8392735,4.859743,4.765661260466489,Fc1ccccc1CCC1CCCN(c2nnnn2-c2ccccc2)C1,0.0408,0,c1ccc(CCC2CCCN(c3nnnn3-c3ccccc3)C2)cc1,lockbox_primary,4.23979445124247,0.3026315789473684,OADMET-0001010,5.6,c1ccc(CCC2CCCN(c3nnnn3-c3ccccc3)C2)cc1,"(4,5]","(0.3,0.4]",Q1_low,neutral,False,4.8127021302332444,4.775870782603779,4.782369806719904,4.354225477557096
1137,nesso_46a73bdb7402bce4462f,OADMET-0002602,5.62,4.936938,4.2066994,4.9329886,4.6581283,4.903225,4.831447,5.201539199670099,CC(C)C(C)(NCc1cn(C(C)(C)C)nn1)c1ccc(Br)cc1,0.0387,1,c1ccc(CNCc2c[nH]nn2)cc1,lockbox_primary,4.23979445124247,0.35,OADMET-0005052,4.82,c1ccc(CNCc2c[nH]nn2)cc1,"(5,6]","(0.3,0.4]",Q1_low,positive,False,5.016493099835049,5.161377691984282,5.15726585067482,5.300678845365785
1138,nesso_46a9e96457707554b608,OADMET-0001344,4.08,5.008892,4.295715,4.7721524,4.5525713,4.731575,4.685433,4.148819781210158,Cc1cc(C(=O)NCc2nc(N)nc(N(C)C)n2)c(-c2ccccc2)o1,0.111,0,O=C(NCc1ncncn1)c1ccoc1-c1ccccc1,lockbox_primary,4.23979445124247,0.4696969696969697,OADMET-0000964,3.15,O=C(NCc1ncncn1)c1ccoc1-c1ccccc1,"(4,5]","(0.4,0.5]",Q2,neutral,False,4.417126390605079,4.207051745920438,4.205417396691848,4.174233957495425
1140,nesso_46de3e9dd42c4c0240d7,OADMET-0001998,4.87,5.016502,4.3051295,4.781021,4.59052,4.7317624,4.7011013,4.514296403259895,COc1ccccc1CNC(=O)c1cccc(N(C)C)c1,0.0738,0,O=C(NCc1ccccc1)c1ccccc1,lockbox_primary,4.23979445124247,0.4545454545454545,OADMET-0002310,1.97,O=C(NCc1ccccc1)c1ccccc1,"(4,5]","(0.4,0.5]",Q1_low,neutral,False,4.607698851629948,4.5345680174762,4.528291067237166,4.566474190086982
1149,nesso_4776618852956864adab,OADMET-0001071,2.86,5.0063233,4.292537,3.3129892,3.037768,3.3801074,3.2436216,3.0572098496213425,O=C(NCC1CCN(Cc2ncc[nH]2)CC1)c1ccsc1,0.284,1,O=C(NCC1CCN(Cc2ncc[nH]2)CC1)c1ccsc1,lockbox_primary,4.23979445124247,0.3857142857142857,OADMET-0001259,2.88,O=C(NCC1CCN(Cc2ncc[nH]2)CC1)c1ccsc1,<=4,"(0.3,0.4]",Q4_high,positive,False,3.1504157248106712,3.077438800548254,2.9390137791376887,2.9599586131825912
1151,nesso_477a04c89d6e2e90cced,OADMET-0005334,4.47,5.1294985,4.444919,5.219955,5.04727,5.195202,5.1541424,4.833058638968628,O=C(c1cc(-c2ccccn2)ns1)N1CCCC(c2cc(O)cc(F)c2)C1,0.278,0,O=C(c1cc(-c2ccccn2)ns1)N1CCCC(c2ccccc2)C1,lockbox_primary,4.23979445124247,0.3684210526315789,OADMET-0004510,4.78,O=C(c1cc(-c2ccccn2)ns1)N1CCCC(c2ccccc2)C1,"(4,5]","(0.3,0.4]",Q4_high,neutral,False,4.993600519484314,4.8679018697850225,4.905026964208621,4.931302516260307
1152,nesso_479741ac3571496d06e2,OADMET-0002061,1.98,4.816022,4.0571127,3.1298962,2.8725276,3.085898,3.0294406,2.3912671407056982,NC1CCN(Cc2ccccc2)CC1,0.611,2,c1ccc(CN2CCCCC2)cc1,lockbox_primary,4.23979445124247,0.4545454545454545,OADMET-0001981,1.81,c1ccc(CN2CCCCC2)cc1,<=4,"(0.4,0.5]",Q4_high,positive,False,2.710353870352849,2.4605201763362223,2.3105068942144937,2.1577415068937476
1161,nesso_47e3e1d7917648fc742c,OADMET-0001258,1.64,5.0315757,4.323777,3.5230203,3.1764655,3.6288428,3.4427764,2.624882533849946,Cc1cnc2c(C(=O)Nc3ccc(Oc4nnn[nH]4)cc3)cnn2c1,0.481,-1,O=C(Nc1ccc(Oc2nnn[nH]2)cc1)c1cnn2cccnc12,lockbox_primary,4.23979445124247,0.4507042253521127,OADMET-0001063,2.44,O=C(Nc1ccc(Oc2nnn[nH]2)cc1)c1cnn2cccnc12,<=4,"(0.4,0.5]",Q4_high,negative,False,3.0338294669249732,2.71363839204109,2.604214933460768,2.4582185295240793
1163,nesso_47ebaaf284e97ed98e9a,OADMET-0003655,3.96,5.4599876,4.853772,4.132577,4.0642886,4.111177,4.1026807,4.599929668999026,CC(=O)O[C@H]1CC[C@@]2(C)C(=CC[C@@H]3[C@@H]2CC[C@]2(C)C(c4cccnc4)=CC[C@@H]32)C1,0.127,0,C1=C2CCCCC2[C@H]2CCC3C(c4cccnc4)=CC[C@H]3[C@@H]2C1,lockbox_primary,4.23979445124247,0.2906976744186046,OADMET-0001164,2.51,C1=C2CCCCC2[C@H]2CCC3C(c4cccnc4)=CC[C@H]3[C@@H]2C1,<=4,<=0.3,Q2,neutral,False,4.3513051844995125,4.545969417180641,4.473580567440564,3.9764457131388884
1165,nesso_481b889eedc6d7ec8ba9,OADMET-0003600,2.65,4.340331,3.468628,3.0719957,2.620132,3.063569,2.9185658,2.9988640491154026,Nc1ccc(S(=O)(=O)Nc2ccccn2)cc1,0.568,0,O=S(=O)(Nc1ccccn1)c1ccccc1,lockbox_primary,4.23979445124247,0.4888888888888889,OADMET-0003573,4.52,O=S(=O)(Nc1ccccn1)c1ccccc1,<=4,"(0.4,0.5]",Q4_high,neutral,False,2.958714924557701,2.9901502779203315,2.8176314975221706,2.9452686924722027
1168,nesso_48674865594517936149,OADMET-0005806,5.22,4.924996,4.191926,4.206751,3.7829876,4.140208,4.0433154,5.046179143928763,CC1(C)CCOC1CS(=O)(=O)N1CCCC(c2ccn[nH]2)C1,0.0834,0,O=S(=O)(CC1CCCO1)N1CCCC(c2ccn[nH]2)C1,lockbox_primary,4.23979445124247,0.3970588235294117,OADMET-0005544,4.8,O=S(=O)(CC1CCCO1)N1CCCC(c2ccn[nH]2)C1,"(5,6]","(0.3,0.4]",Q2,neutral,False,4.544747271964381,4.937350803327355,4.85081592896205,5.085022537254568
1182,nesso_49620d510b43287d62f5,OADMET-0002140,2.52,4.2146664,3.3131661,3.1801004,2.831532,3.1931596,3.068264,3.0250469337873827,Nc1nnc(C2CC2)s1,0.567,0,c1nnc(C2CC2)s1,lockbox_primary,4.23979445124247,0.3414634146341463,OADMET-0001986,3.85,c1nnc(C2CC2)s1,<=4,"(0.3,0.4]",Q4_high,neutral,False,3.046655466893691,3.0297367449706596,2.8729311001407267,3.0620615075998674
1184,nesso_497ddc4ea2fe3dcdd00c,OADMET-0005749,4.3,4.8405385,4.0874424,4.173373,3.8349156,4.13179,4.0466933,4.773150941345138,COCCC1(C(=O)N2CCN(S(=O)(=O)Cc3ccccc3)CC2)CC1,0.233,0,O=C(C1CC1)N1CCN(S(=O)(=O)Cc2ccccc2)CC1,lockbox_primary,4.23979445124247,0.375,OADMET-0004915,5.19,O=C(C1CC1)N1CCN(S(=O)(=O)Cc2ccccc2)CC1,"(4,5]","(0.3,0.4]",Q4_high,neutral,False,4.409922120672569,4.694317520450804,4.612879790456958,4.7357808183759875
1187,nesso_49d76b990d77322a4141,OADMET-0004830,4.67,5.0700197,4.371337,4.9287863,4.7272735,4.917576,4.857878,5.065520031048538,CCOc1nc(C)ccc1C(=O)N1CCCC1c1csc(C)n1,0.198,0,O=C(c1cccnc1)N1CCCC1c1cscn1,lockbox_primary,4.23979445124247,0.3835616438356164,OADMET-0005913,4.48,O=C(c1cccnc1)N1CCCC1c1cscn1,"(4,5]","(0.3,0.4]",Q3,neutral,False,4.961699015524269,5.042987221566771,5.044087441312315,5.0801553890543
1191,nesso_4a0adcc7d1ad18b5c2ad,OADMET-0001103,3.94,4.7083244,3.9238782,4.8699594,4.6649914,4.831959,4.7889695,3.629501570761032,CCc1ccc(C(=O)N(C)Cc2ncccc2C)[nH]1,0.17,0,O=C(NCc1ccccn1)c1ccc[nH]1,lockbox_primary,4.23979445124247,0.3333333333333333,OADMET-0001319,3.69,O=C(NCc1ccccn1)c1ccc[nH]1,<=4,"(0.3,0.4]",Q3,neutral,False,4.209235535380516,3.755324217639561,3.7738727358427173,3.754279781877823
1195,nesso_4a48b1e07114f59d02b6,OADMET-0002861,5.83,5.173253,4.4990487,4.6986856,4.61482,4.628398,4.647301,5.264675087544029,O=S(=O)(Nc1ccc2occc2c1)c1cccc2cccnc12,0.0584,0,O=S(=O)(Nc1ccc2occc2c1)c1cccc2cccnc12,lockbox_primary,4.23979445124247,0.3283582089552239,OADMET-0005698,4.41,O=S(=O)(Nc1ccc2occc2c1)c1cccc2cccnc12,"(5,6]","(0.3,0.4]",Q1_low,neutral,False,4.955988043772015,5.197679149277766,5.172585769200765,5.420782364222115
1198,nesso_4a8f17cffd8ab953c32b,OADMET-0003330,5.29,5.624157,5.0568686,5.1344485,5.008213,5.0787888,5.073817,5.171280102852032,Cc1cc2c(o1)CC(C)(C)CC2NC(=O)c1c[nH]c2ccccc2c1=O,0.107,0,O=C(NC1CCCc2occc21)c1c[nH]c2ccccc2c1=O,lockbox_primary,4.23979445124247,0.3243243243243243,OADMET-0005651,4.09,O=C(NC1CCCc2occc21)c1c[nH]c2ccccc2c1=O,"(5,6]","(0.3,0.4]",Q2,neutral,False,5.122548551426016,5.160703643370409,5.183291512162377,5.178740659776375
1199,nesso_4a96662229331944bead,OADMET-0001734,4.53,4.917109,4.182169,4.771337,4.6127186,4.726903,4.703653,4.5166389876182205,C=CC(=O)Nc1cccc(CS(=O)(=O)C2CCCCC2)c1,0.132,0,O=S(=O)(Cc1ccccc1)C1CCCCC1,lockbox_primary,4.23979445124247,0.4393939393939394,OADMET-0001776,3.98,O=S(=O)(Cc1ccccc1)C1CCCCC1,"(4,5]","(0.4,0.5]",Q2,neutral,False,4.610145993809111,4.536933294556658,4.530891316760079,4.563282922762168
1211,nesso_4b45cd1a3b582eb6bb78,OADMET-0005577,4.9,5.119097,4.4320517,4.950706,4.729227,4.9086337,4.862856,5.014429324102464,O=C(Cc1cccc2cccnc12)N1CCCCC1c1ncon1,0.186,0,O=C(Cc1cccc2cccnc12)N1CCCCC1c1ncon1,lockbox_primary,4.23979445124247,0.4444444444444444,OADMET-0002731,5.61,O=C(Cc1cccc2cccnc12)N1CCCCC1c1ncon1,"(4,5]","(0.4,0.5]",Q3,neutral,False,4.938642662051231,4.9979809546790275,5.000504328181607,5.110971146059098
1212,nesso_4b4fb94dc60f79732561,OADMET-0005503,4.95,5.3412223,4.7068458,5.0797176,4.963072,5.00982,5.0175366,4.571817158972904,Cc1ccc2cccnc2c1S(=O)(=O)Nc1cccc(CC(=O)O)c1,0.142,-1,O=S(=O)(Nc1ccccc1)c1cccc2cccnc12,lockbox_primary,4.23979445124247,0.3291139240506329,OADMET-0002981,5.97,O=S(=O)(Nc1ccccc1)c1cccc2cccnc12,"(4,5]","(0.3,0.4]",Q2,negative,False,4.7946768794864525,4.620185551423447,4.647085672273085,4.738658770239041
1213,nesso_4b7a039b276c315b99ac,OADMET-0003737,5.21,4.91153,4.175267,3.5486894,3.5579937,3.494904,3.5338624,3.1598837089496348,Nc1c2ccccc2nc2ccccc12,0.23,0,c1ccc2nc3ccccc3cc2c1,lockbox_primary,4.23979445124247,0.3928571428571428,OADMET-0002116,3.11,c1ccc2nc3ccccc3cc2c1,"(5,6]","(0.3,0.4]",Q3,neutral,False,3.346873054474817,3.2004669692516337,3.0916074618469005,3.9108478736835215
1215,nesso_4b99a3caef78564fb4bb,OADMET-0001020,2.74,4.944944,4.2166038,3.2601495,2.8430176,3.399805,3.1676571,2.7090159774838454,COc1ccc(C(NC(=O)Cc2c[nH]c(=O)[nH]c2=O)[C@H]2C[C@@H](O)C2)cn1,0.248,0,O=C(Cc1c[nH]c(=O)[nH]c1=O)NC(c1cccnc1)C1CCC1,lockbox_primary,4.23979445124247,0.4520547945205479,OADMET-0000996,4.55,O=C(Cc1c[nH]c(=O)[nH]c1=O)NC(c1cccnc1)C1CCC1,<=4,"(0.4,0.5]",Q4_high,neutral,False,2.9383365387419227,2.758786599462324,2.6181928113914927,2.31970797191248
1216,nesso_4bbbe2825f5fd69eb766,OADMET-0005938,4.82,4.9269166,4.194302,4.980919,4.7792473,4.9624987,4.907555,5.0579229637891485,O=C(NCC1CCOc2ccccc21)N1CCOC(c2ccccc2F)C1,0.164,0,O=C(NCC1CCOc2ccccc21)N1CCOC(c2ccccc2)C1,lockbox_primary,4.23979445124247,0.5538461538461539,OADMET-0003466,5.3,O=C(NCC1CCOc2ccccc21)N1CCOC(c2ccccc2)C1,"(4,5]","(0.5,0.6]",Q3,neutral,False,4.982738981894574,5.041605397142779,5.048202262773925,5.10920724718873
1222,nesso_4c4445873832003acbc2,OADMET-0005313,5.06,5.616763,5.047722,4.85334,4.7448606,4.7945757,4.797592,5.203789770959279,CC(C)(C)O[C@H]1C[C@H](n2cc(C(C)(O)Cc3ccccc3)nn2)C1,0.133,0,c1ccc(CCc2cn(C3CCC3)nn2)cc1,lockbox_primary,4.23979445124247,0.4153846153846154,OADMET-0002588,5.41,c1ccc(CCc2cn(C3CCC3)nn2)cc1,"(5,6]","(0.4,0.5]",Q2,neutral,False,5.0006908854796395,5.159710174267199,5.1519030854799155,5.169407576678655
1236,nesso_4d447662eb71bb5573ca,OADMET-0004551,4.43,5.0450044,4.34039,4.163826,3.8368292,4.1867437,4.062466,4.678665021457083,CN1CCC(C(=O)Nc2nc(-c3c[nH]c(C(N)=O)c3)cs2)c2ccccc21,0.276,0,O=C(Nc1nc(-c2cc[nH]c2)cs1)C1CCNc2ccccc21,lockbox_primary,4.23979445124247,0.4133333333333333,OADMET-0002795,5.029999999999999,O=C(Nc1nc(-c2cc[nH]c2)cs1)C1CCNc2ccccc21,"(4,5]","(0.4,0.5]",Q4_high,neutral,False,4.370565510728541,4.6117965985119325,4.533699977840158,4.654965342976458
1241,nesso_4d719d5b9fc69fde4164,OADMET-0004891,4.7,5.0128374,4.3005958,4.5574365,4.2822633,4.5231047,4.454268,4.799858970196771,Cc1ccc(S(=O)(=O)NCC(O)c2ccc(O)cc2)c(C)c1,0.115,0,O=S(=O)(NCCc1ccccc1)c1ccccc1,lockbox_primary,4.23979445124247,0.4137931034482758,OADMET-0001275,3.8,O=S(=O)(NCCc1ccccc1)c1ccccc1,"(4,5]","(0.4,0.5]",Q2,neutral,False,4.627063485098386,4.7623562764948275,4.724472470943275,4.712181856484937
1245,nesso_4d921484eb81274342e5,OADMET-0001350,3.7,4.8644447,4.1170173,4.5660634,4.302676,4.509845,4.4595284,3.3886090643917,COc1ncccc1-c1ncc(C)c(N(C)C)n1,0.13,0,c1cnc(-c2cccnc2)nc1,lockbox_primary,4.23979445124247,0.2539682539682539,OADMET-0005989,4.7,c1cnc(-c2cccnc2)nc1,<=4,<=0.3,Q2,neutral,False,3.92406873219585,3.504822632703222,3.4919678368612486,3.4265024490867533
1247,nesso_4db4f4a9be2cb849568a,OADMET-0004839,5.06,4.810156,4.0498557,4.8088393,4.4805346,4.8241253,4.7044997,4.669008413951652,Nc1nccc(C2CCCN(C(=O)c3coc(C4CCCCC4)n3)C2)n1,0.159,0,O=C(c1coc(C2CCCCC2)n1)N1CCCC(c2ccncn2)C1,lockbox_primary,4.23979445124247,0.5538461538461539,OADMET-0003075,4.99,O=C(c1coc(C2CCCCC2)n1)N1CCCC(c2ccncn2)C1,"(5,6]","(0.5,0.6]",Q3,neutral,False,4.686754056975826,4.672859842213802,4.664268317787229,4.636640100430506
1252,nesso_4e0ac97fd1590a837452,OADMET-0002772,5.215,4.8287854,4.072902,4.975157,4.7779913,4.9414434,4.898197,5.184472357090412,CC(NC(=O)NCC1CCCC12CC2)c1nccn1-c1ccccc1,0.0398327754493708,0,O=C(NCc1nccn1-c1ccccc1)NCC1CCCC12CC2,lockbox_primary,4.23979445124247,0.3289473684210526,OADMET-0004788,5.12,O=C(NCc1nccn1-c1ccccc1)NCC1CCCC12CC2,"(5,6]","(0.3,0.4]",Q1_low,neutral,False,5.041334678545206,5.153406449826505,5.156799225017334,5.265577522273956
1258,nesso_4e51019beac0f4fa8051,OADMET-0001664,3.43,5.1687098,4.493428,4.867935,4.614481,4.849355,4.7772574,3.1213779890338937,C=CC(=O)N1CCN(C(=O)C2CCCN(c3nc(C)cs3)C2)[C@@H](C)C1,0.249,0,O=C(C1CCCN(c2nccs2)C1)N1CCNCC1,lockbox_primary,4.23979445124247,0.4202898550724637,OADMET-0001586,2.57,O=C(C1CCCN(c2nccs2)C1)N1CCNCC1,<=4,"(0.4,0.5]",Q4_high,neutral,False,3.949317694516947,3.3010700056437585,3.327160852829037,3.20921289859219
1264,nesso_4e81128a2270f6b472a9,OADMET-0005005,5.0,5.409596,4.791432,5.249589,5.047139,5.2011395,5.165956,5.155076838726297,O=C1CC(C(=O)N[C@@H]2CCCc3ccc(F)cc32)c2ccc(F)cc2N1,0.135,0,O=C1CC(C(=O)N[C@@H]2CCCc3ccccc32)c2ccccc2N1,lockbox_primary,4.23979445124247,0.3582089552238806,OADMET-0005479,4.7,O=C1CC(C(=O)N[C@@H]2CCCc3ccccc32)c2ccccc2N1,"(4,5]","(0.3,0.4]",Q2,neutral,False,5.160516419363148,5.1562574189155,5.18907687208201,5.362212247843042
1269,nesso_4edb0f479d517f0ad1ab,OADMET-0005007,4.82,4.8752728,4.1304126,4.7800484,4.3864965,4.71283,4.6264586,4.525128274274565,Cc1[nH]c2c(C(=O)N3CCC(NC(=O)C4CC4)CC3)cccc2c1C,0.183,0,O=C(NC1CCN(C(=O)c2cccc3cc[nH]c23)CC1)C1CC1,lockbox_primary,4.23979445124247,0.3823529411764705,OADMET-0005945,5.26,O=C(NC1CCN(C(=O)c2cccc3cc[nH]c23)CC1)C1CC1,"(4,5]","(0.3,0.4]",Q3,neutral,False,4.575793437137283,4.53612439540075,4.52159851012669,4.566655247522093
1270,nesso_4edcfe107345c26e7f80,OADMET-0001928,5.62,5.9467087,5.455902,5.3916245,5.339895,5.296513,5.3426776,5.1393680400380175,Cc1ccccc1C(=O)Nc1ccc(C(=O)N2CCCC(O)c3cc(Cl)ccc32)c(C)c1,0.0961,0,O=C(Nc1ccc(C(=O)N2CCCCc3ccccc32)cc1)c1ccccc1,lockbox_primary,4.23979445124247,0.4666666666666667,OADMET-0002218,3.44,O=C(Nc1ccc(C(=O)N2CCCCc3ccccc32)cc1)c1ccccc1,"(5,6]","(0.4,0.5]",Q2,neutral,False,5.241022820019008,5.161430700267797,5.213607835285835,5.28230929143515
1272,nesso_4efeb8dd8dadef651180,OADMET-0001780,2.98,4.9274073,4.194909,3.8371077,3.5457006,3.8378167,3.7402084,2.406288041690178,C=CC(=O)N1CCC(C(=O)NCCC(=O)N2CCN(c3ccccc3)CC2)CC1,0.253,0,O=C(NCCC(=O)N1CCN(c2ccccc2)CC1)C1CCNCC1,lockbox_primary,4.23979445124247,0.4827586206896552,OADMET-0001613,4.08,O=C(NCCC(=O)N1CCN(c2ccccc2)CC1)C1CCNCC1,<=4,"(0.4,0.5]",Q4_high,neutral,False,3.0732482208450893,2.55104184295992,2.4775290042637854,2.041146232703514
1287,nesso_4f88658b025214634436,OADMET-0005957,5.31,4.449631,3.6038451,4.7233257,4.3325806,4.699881,4.5852623,5.161531618165759,O=C(CCc1ccccc1)N1CCCN(C(=O)C2COc3ccccc32)CC1,0.0522,0,O=C(CCc1ccccc1)N1CCCN(C(=O)C2COc3ccccc32)CC1,lockbox_primary,4.23979445124247,0.3870967741935484,OADMET-0003410,2.28,O=C(CCc1ccccc1)N1CCCN(C(=O)C2COc3ccccc32)CC1,"(5,6]","(0.3,0.4]",Q1_low,neutral,False,4.873396959082879,5.098996269754619,5.068990659925161,5.176986737477568
1290,nesso_4fdb9d5be33fa9fab5a0,OADMET-0001650,2.86,4.7716093,4.002169,4.019114,3.6784945,4.0021405,3.8999164,3.0418846688855896,C=CC(=O)N1CCC(C(=O)Nc2cc(C)n(-c3ccccc3)n2)CC1,0.287,0,O=C(Nc1ccn(-c2ccccc2)n1)C1CCNCC1,lockbox_primary,4.23979445124247,0.4923076923076923,OADMET-0001565,3.07,O=C(Nc1ccn(-c2ccccc2)n1)C1CCNCC1,<=4,"(0.4,0.5]",Q4_high,neutral,False,3.470900534442795,3.134996190810514,3.0677146740175973,2.979326710819126
1293,nesso_4ff86f9f58ee982ce233,OADMET-0002810,5.949999999999999,5.028848,4.320403,5.0314455,4.831906,4.99064,4.9513307,5.205355949760779,CC(C)(C)NS(=O)(=O)C1(CNc2cc(Br)ccc2C#N)CCC1,0.0808341511986115,0,c1ccc(NCC2CCC2)cc1,lockbox_primary,4.23979445124247,0.2837837837837837,OADMET-0002819,6.345000000000001,c1ccc(NCC2CCC2)cc1,"(5,6]",<=0.3,Q2,neutral,False,5.0783433248803895,5.17778974590738,5.186558830872201,5.2517693937433805
1304,nesso_5079737a5dcc960ef5af,OADMET-0003073,3.14,5.1145835,4.4264674,5.047586,4.9080997,5.005718,4.9871345,3.815228300689489,CC(CO)(CNc1ncnc2sccc12)Cc1cccs1,0.312,0,c1csc(CCCNc2ncnc3sccc23)c1,lockbox_primary,4.23979445124247,0.3066666666666666,OADMET-0003239,3.78,c1csc(CCCNc2ncnc3sccc23)c1,<=4,"(0.3,0.4]",Q4_high,neutral,False,4.401181400344744,3.9424007184616543,3.9791313013280094,3.9112286666024034
1315,nesso_514a8e3f3326e5753c02,OADMET-0001901,4.06,5.184331,4.512753,4.577858,4.5356636,4.522314,4.5452785,4.851269306462142,COc1cccc(OC)c1C(=O)Nc1ccc(N2CCCCC2)cc1,0.117,0,O=C(Nc1ccc(N2CCCCC2)cc1)c1ccccc1,lockbox_primary,4.23979445124247,0.4047619047619047,OADMET-0002298,2.13,O=C(Nc1ccc(N2CCCCC2)cc1)c1ccccc1,"(4,5]","(0.4,0.5]",Q2,neutral,False,4.698273903231071,4.818063926460961,4.789117898130126,4.537238241951797
1318,nesso_5181bb0afafb81e16738,OADMET-0006070,4.36,5.0534525,4.3508415,4.614135,4.427484,4.5885735,4.5433974,4.786808229134575,COC(c1noc(Cc2cc(C)on2)n1)c1ccccc1Cl,0.232,0,c1ccc(Cc2noc(Cc3ccon3)n2)cc1,lockbox_primary,4.23979445124247,0.3380281690140845,OADMET-0004273,4.63,c1ccc(Cc2noc(Cc3ccon3)n2)cc1,"(4,5]","(0.3,0.4]",Q4_high,neutral,False,4.6651028145672875,4.760393876457558,4.732361985448495,4.812864865259424
1322,nesso_51c66bbea8cea2df1296,OADMET-0002872,4.74,4.8397274,4.086439,5.0024676,4.863023,4.9946156,4.9533687,4.700750484783732,CCCCOc1ccc(Cl)cc1CC(=O)Nc1cnccc1C,0.0769,0,O=C(Cc1ccccc1)Nc1cccnc1,lockbox_primary,4.23979445124247,0.4285714285714285,OADMET-0001936,2.93,O=C(Cc1ccccc1)Nc1cccnc1,"(4,5]","(0.4,0.5]",Q1_low,neutral,False,4.8270595923918656,4.728164000661746,4.745899405514611,4.754511348624312
1326,nesso_51f6b893fc772c85677d,OADMET-0003522,1.73,5.430492,4.8172827,4.205559,3.8651657,4.26266,4.1111283,4.437369043080294,Cc1n[nH]c2ccc(-c3cc4n(c3)C(C3CC3)CNC4=O)cc12,0.528,0,O=C1NCC(C2CC2)n2cc(-c3ccc4[nH]ncc4c3)cc21,lockbox_primary,4.23979445124247,0.2771084337349397,OADMET-0001279,4.83,O=C1NCC(C2CC2)n2cc(-c3ccc4[nH]ncc4c3)cc21,<=4,<=0.3,Q4_high,neutral,False,4.274248671540147,4.401966189082493,4.333307284538506,4.191742682902301
1335,nesso_529ed3b824f801376544,OADMET-0002198,2.77,5.096977,4.4046865,2.00377,1.6161814,2.2782805,1.9660773,2.2799447457046007,O=C(O)CCCCN1CCOCC1,0.341,-1,C1COCCN1,lockbox_primary,4.23979445124247,0.3548387096774194,OADMET-0002268,2.5,C1COCCN1,<=4,"(0.3,0.4]",Q4_high,negative,False,2.1230110228523005,2.245884611921102,1.9829608002869088,1.9856791774482225
1342,nesso_531fa0d493ab7fa34008,OADMET-0004953,4.6,5.1764293,4.502978,5.0006533,4.8464627,4.9688787,4.938665,4.169365939935437,COc1ccccc1Oc1cccc(OC)c1NC(=O)c1ccnc(C(N)=O)c1,0.187,0,O=C(Nc1ccccc1Oc1ccccc1)c1ccncc1,lockbox_primary,4.23979445124247,0.359375,OADMET-0001058,4.1,O=C(Nc1ccccc1Oc1ccccc1)c1ccncc1,"(4,5]","(0.3,0.4]",Q3,neutral,False,4.554015469967719,4.252848407658387,4.2782062350912184,4.2352555070722016
1343,nesso_53215cdcac58eaa1bbeb,OADMET-0005558,4.61,4.770787,4.0011516,3.5175152,3.1744337,3.53271,3.4082196,4.129291220917893,COc1ccccc1-c1noc(C(C)NC(=O)N2CCC(C(C)O)CC2)n1,0.185,0,O=C(NCc1nc(-c2ccccc2)no1)N1CCCCC1,lockbox_primary,4.23979445124247,0.3835616438356164,OADMET-0004272,4.23,O=C(NCc1nc(-c2ccccc2)no1)N1CCCCC1,"(4,5]","(0.3,0.4]",Q3,neutral,False,3.7687554104589465,4.0510422778941475,3.9118111841295273,3.849494978203965
1347,nesso_53433f6afad195cfd84f,OADMET-0004850,5.0,5.0715237,4.3731976,4.6613617,4.3184056,4.621702,4.533823,5.019692229022576,COC1(CNC(C(=O)Nc2cc(C)on2)c2ccccc2)CCC(F)(F)CC1,0.0758,1,O=C(Nc1ccon1)C(NCC1CCCCC1)c1ccccc1,lockbox_primary,4.23979445124247,0.3896103896103896,OADMET-0004857,4.97,O=C(Nc1ccon1)C(NCC1CCCCC1)c1ccccc1,"(4,5]","(0.3,0.4]",Q1_low,positive,False,4.776757614511288,4.966966878979841,4.9338644512717575,5.024903716435029
1360,nesso_53c62cd1f62fb85cea9f,OADMET-0005675,4.41,5.263321,4.6104727,4.9167776,4.701695,4.891014,4.836496,4.532506133646764,CCCn1cc(-c2cn(Cc3ccn(Cc4ccccc4)n3)nn2)cn1,0.192,0,c1ccc(Cn2ccc(Cn3cc(-c4cn[nH]c4)nn3)n2)cc1,lockbox_primary,4.23979445124247,0.40625,OADMET-0002856,5.545,c1ccc(Cn2ccc(Cn3cc(-c4cn[nH]c4)nn3)n2)cc1,"(4,5]","(0.4,0.5]",Q3,neutral,False,4.6845010668233815,4.565494376481492,4.573524023601732,4.468273076445855
1369,nesso_541dbfebf08e010a5a80,OADMET-0005283,4.46,5.0718355,4.3735833,3.931907,3.495081,3.8668997,3.7646291,4.473693329783454,CSCc1ccccc1NC(=O)CN(C)[C@@H]1CCC[C@H]1O,0.245,1,O=C(CNC1CCCC1)Nc1ccccc1,lockbox_primary,4.23979445124247,0.323943661971831,OADMET-0001718,4.08,O=C(CNC1CCCC1)Nc1ccccc1,"(4,5]","(0.3,0.4]",Q4_high,positive,False,4.119161214891727,4.396747399716378,4.2900380160810165,4.369356412383094
1374,nesso_545495d3edd5e6b3aedd,OADMET-0003549,4.18,5.6558437,5.096069,5.2039924,5.19955,5.1227417,5.175428,4.273266312401537,CC/C(=C(\c1ccccc1)c1ccc(OCCN(C)C)cc1)c1ccccc1,0.163,1,C(=C(c1ccccc1)c1ccccc1)c1ccccc1,lockbox_primary,4.23979445124247,0.3953488372093023,OADMET-0002177,2.36,C(=C(c1ccccc1)c1ccccc1)c1ccccc1,"(4,5]","(0.3,0.4]",Q3,positive,False,4.724347156200769,4.371166710147376,4.420293350157505,4.596009132187609
1377,nesso_5470dadc956b43bf1047,OADMET-0005056,4.83,5.007207,4.2936306,4.5811434,4.2725196,4.549723,4.467795,4.619244106337585,C[C@H](NC(=O)Cn1nnc2ccccc2c1=O)c1ccc(OC(F)(F)F)cc1,0.0989,0,O=C(Cn1nnc2ccccc2c1=O)NCc1ccccc1,lockbox_primary,4.23979445124247,0.3561643835616438,OADMET-0002634,4.7,O=C(Cn1nnc2ccccc2c1=O)NCc1ccccc1,"(4,5]","(0.3,0.4]",Q2,neutral,False,4.543519553168792,4.602809216724649,4.569516846750293,4.486277260109939
1378,nesso_54750472df0167eb9a48,OADMET-0001489,4.09,4.9652214,4.2416897,4.4933233,4.289621,4.4777794,4.420241,3.962964837423745,Cc1ccc(CSc2nc3c(c(=O)[nH]2)CCC3)cc1,0.102,0,O=c1[nH]c(SCc2ccccc2)nc2c1CCC2,lockbox_primary,4.23979445124247,0.3,OADMET-0001760,3.47,O=c1[nH]c(SCc2ccccc2)nc2c1CCC2,"(4,5]",<=0.3,Q2,neutral,False,4.191602918711872,4.01258733726086,3.985534430047631,3.927018661967698
1383,nesso_54b6c266ea1f4c967d55,OADMET-0001764,3.76,4.9954605,4.2790985,4.429496,4.249631,4.377201,4.3521094,4.045435761356485,C=CC(=O)Nc1cccc(C(=O)Nc2ccc(O[C@@H]3CCCC[C@H]3O)cc2)c1,0.263,0,O=C(Nc1ccc(OC2CCCCC2)cc1)c1ccccc1,lockbox_primary,4.23979445124247,0.3939393939393939,OADMET-0001757,3.25,O=C(Nc1ccc(OC2CCCCC2)cc1)c1ccccc1,<=4,"(0.3,0.4]",Q4_high,neutral,False,4.198772580678242,4.078715240649477,4.042874872874482,3.857544739985597
1384,nesso_54ba1fb768740f3d1d41,OADMET-0005461,5.23,4.795186,4.0313363,4.5951343,4.1706896,4.5345287,4.4334507,5.169116381885741,O=C(CC1CCCCC1)N1CCCS(=O)(=O)CC1c1ccccc1,0.075,0,O=C(CC1CCCCC1)N1CCCS(=O)(=O)CC1c1ccccc1,lockbox_primary,4.23979445124247,0.3692307692307692,OADMET-0002776,5.22,O=C(CC1CCCCC1)N1CCCS(=O)(=O)CC1c1ccccc1,"(5,6]","(0.3,0.4]",Q1_low,neutral,False,4.801283540942871,5.089283726770117,5.0427514528367325,5.1156257431528305
1388,nesso_54eac25644955753b348,OADMET-0005594,4.24,5.0945296,4.4016585,4.496731,4.2622585,4.479471,4.4128203,4.262424541984833,O=C(c1nc2ccccc2c(=O)[nH]1)N1C[C@H](Cc2ccccc2)[C@@H](O)C1,0.227,0,O=C(c1nc2ccccc2c(=O)[nH]1)N1CC[C@@H](Cc2ccccc2)C1,lockbox_primary,4.23979445124247,0.3733333333333333,OADMET-0001635,3.63,O=C(c1nc2ccccc2c(=O)[nH]1)N1CC[C@@H](Cc2ccccc2)C1,"(4,5]","(0.3,0.4]",Q3,neutral,False,4.337622420992417,4.278745124793184,4.245700331146562,4.123049272571839
1391,nesso_557fd516bebae522a0b9,OADMET-0002933,5.26,4.946698,4.2187743,4.6164412,4.324033,4.5679793,4.5028176,4.999879973819874,CC1CCOCCN1C(=O)c1cc(-c2cccc(Cl)c2)no1,0.0616,0,O=C(c1cc(-c2ccccc2)no1)N1CCCOCC1,lockbox_primary,4.23979445124247,0.4411764705882353,OADMET-0005223,5.2,O=C(c1cc(-c2ccccc2)no1)N1CCCOCC1,"(5,6]","(0.4,0.5]",Q1_low,neutral,False,4.7513487869099365,4.94593997085766,4.909832454353619,4.972627456179283
1394,nesso_55a4c1f26a4bc832b453,OADMET-0001086,3.39,4.5517554,3.7301846,3.5021384,2.9747095,3.51334,3.3300626,2.846918211390723,CN(C)C(=O)N1CCOCC1CC(=O)NCCc1ccccn1,0.172,0,O=C(CC1COCCN1)NCCc1ccccn1,lockbox_primary,4.23979445124247,0.3636363636363636,OADMET-0003539,2.38,O=C(CC1COCCN1)NCCc1ccccn1,<=4,"(0.3,0.4]",Q3,neutral,False,3.088490405695362,2.8993478683621143,2.773903157937252,2.6831428418657675
1403,nesso_56087c7c81f1d494f51d,OADMET-0004871,5.27,5.1143446,4.4261723,4.6170144,4.4413013,4.5921607,4.550159,5.061860659426943,O=C(N[C@H]1CC[C@H](Oc2ccccc2)CC1)C1(c2ccccc2)CCC1,0.0659,0,O=C(N[C@H]1CC[C@H](Oc2ccccc2)CC1)C1(c2ccccc2)CCC1,lockbox_primary,4.23979445124247,0.3125,OADMET-0001630,5.82,O=C(N[C@H]1CC[C@H](Oc2ccccc2)CC1)C1(c2ccccc2)CCC1,"(5,6]","(0.3,0.4]",Q1_low,neutral,False,4.806009829713471,5.006332036704715,4.9742629514931,5.031772966763869
1409,nesso_568d8466aaefbe99b131,OADMET-0001910,2.42,4.983998,4.264918,3.9240603,3.7902744,3.8775396,3.8639581,3.474873820084425,CC(=O)Oc1ccccc1C(=O)Nc1ncc([N+](=O)[O-])s1,0.663,0,O=C(Nc1nccs1)c1ccccc1,lockbox_primary,4.23979445124247,0.5471698113207547,OADMET-0001861,2.01,O=C(Nc1nccs1)c1ccccc1,<=4,"(0.5,0.6]",Q4_high,neutral,False,3.6694159600422127,3.517096302244787,3.4384264852963873,3.3374708087624034
1412,nesso_56cdd6674e76261e54d5,OADMET-0002582,1.75,5.2127213,4.5478754,5.0476327,4.9031854,4.987438,4.9794188,3.948249136383847,OC1(CNc2ncnc3ccc(F)cc23)CCCCCC1,0.534,0,c1ccc2c(NCC3CCCCCC3)ncnc2c1,lockbox_primary,4.23979445124247,0.3088235294117647,OADMET-0002660,1.8,c1ccc2c(NCC3CCCCCC3)ncnc2c1,<=4,"(0.3,0.4]",Q4_high,neutral,False,4.463833968191924,4.060149166721199,4.093740854467402,4.050098319824055
1415,nesso_56eac476ff791ee1d828,OADMET-0003853,4.92,5.0843644,4.389083,4.71124,4.535088,4.662499,4.636276,4.528085786690055,Cc1cccc(-c2cncc(C(=O)Nc3ccccc3C(N)=O)c2)c1,0.0944,0,O=C(Nc1ccccc1)c1cncc(-c2ccccc2)c1,lockbox_primary,4.23979445124247,0.4576271186440678,OADMET-0003898,4.85,O=C(Nc1ccccc1)c1cncc(-c2ccccc2)c1,"(4,5]","(0.4,0.5]",Q2,neutral,False,4.582180893345027,4.539826326175218,4.526309428802503,4.49558356388384
1417,nesso_570ad9a4134cfbb1ae0b,OADMET-0002094,1.93,4.466114,3.624236,2.5474732,2.655066,3.170833,2.7911243,2.2497049250948136,NC1CCCC1,0.6,1,C1CCCC1,lockbox_primary,4.23979445124247,0.9090909090909092,OADMET-0002087,2.69,C1CCCC1,<=4,>0.6,Q4_high,positive,False,2.5204146125474067,2.3084584422072725,2.1351613806762377,2.679362563167781
1419,nesso_573214d4b01010f1c048,OADMET-0003465,5.54,5.290974,4.6446834,5.290927,5.1654425,5.2397413,5.232037,5.118252249392844,Cc1nc(C(=O)NC(C)C(C)(C)c2ccccc2)nn1-c1nnc(C(F)(F)F)[nH]1,0.0859,0,O=C(NCCc1ccccc1)c1ncn(-c2nnc[nH]2)n1,lockbox_primary,4.23979445124247,0.3513513513513513,OADMET-0005425,5.88,O=C(NCCc1ccccc1)c1ncn(-c2nnc[nH]2)n1,"(5,6]","(0.3,0.4]",Q2,neutral,False,5.175144624696422,5.130599894493475,5.171194171091305,5.391153307589866
1420,nesso_5738ecd73d627b20c5ba,OADMET-0003124,5.99,6.1230507,5.674058,4.327056,4.289068,4.440285,4.3521366,4.699401328796102,O=C(N[C@]12CC[C@H](C[C@@H]1n1cc(-c3ccc4c(c3)CCC4)nn1)C2)c1cnc2cn[nH]c2c1,0.0738,0,O=C(N[C@]12CC[C@H](C[C@@H]1n1cc(-c3ccc4c(c3)CCC4)nn1)C2)c1cnc2cn[nH]c2c1,lockbox_primary,4.23979445124247,0.2857142857142857,OADMET-0005337,4.87,O=C(N[C@]12CC[C@H](C[C@@H]1n1cc(-c3ccc4c(c3)CCC4)nn1)C2)c1cnc2cn[nH]c2c1,"(5,6]",<=0.3,Q1_low,neutral,False,4.5257689643980505,4.6617170028714,4.614544522922899,4.181923935645773
1424,nesso_57706356da705160263a,OADMET-0002295,2.09,4.1074047,3.1804714,2.059042,1.869977,2.1793342,2.0361178,2.060600899157655,NC(=O)C1CCNCC1,0.64,1,C1CCNCC1,lockbox_primary,4.23979445124247,0.2941176470588235,OADMET-0002294,2.06,C1CCNCC1,<=4,<=0.3,Q4_high,positive,False,2.0483593495788277,2.0579440526316564,1.8063862470630685,1.8356346711493847
1430,nesso_57a5d01190257546c4f5,OADMET-0002990,3.35,4.911245,4.1749144,3.8495758,3.515377,3.8069906,3.7239811,4.526043656442625,CC(=O)N1CS(=O)(=O)CC1C(=O)Nc1ccc(Cl)cc1C,0.288,0,O=C(Nc1ccccc1)C1CS(=O)(=O)CN1,lockbox_primary,4.23979445124247,0.3108108108108108,OADMET-0005282,4.54,O=C(Nc1ccccc1)C1CS(=O)(=O)CN1,<=4,"(0.3,0.4]",Q4_high,neutral,False,4.125012378221313,4.439005773575085,4.326999150089096,4.3762638151388
1436,nesso_58089e6100a356779b2e,OADMET-0003161,5.15,4.8912964,4.1502357,4.5614986,4.287822,4.514368,4.4545627,4.307507849303906,O=S(=O)(Nc1cnc(C2CC2)nc1)c1c[nH]c2ccccc12,0.0532,0,O=S(=O)(Nc1cnc(C2CC2)nc1)c1c[nH]c2ccccc12,lockbox_primary,4.23979445124247,0.5185185185185185,OADMET-0005113,4.23,O=S(=O)(Nc1cnc(C2CC2)nc1)c1c[nH]c2ccccc12,"(5,6]","(0.5,0.6]",Q1_low,neutral,False,4.381035274651953,4.32346588495484,4.294147726095687,4.353463723329727
1450,nesso_5896682799e7b1714fe6,OADMET-0005293,4.6,5.1819205,4.5097713,3.5918272,3.2505774,3.7028732,3.5150926,4.83764345657994,CC(NC(=O)[C@@H]1CC[C@H](C(N)=O)C1)c1cc(Cl)cc(Cl)c1F,0.184,0,O=C(NCc1ccccc1)C1CCCC1,lockbox_primary,4.23979445124247,0.3188405797101449,OADMET-0005933,5.18,O=C(NCc1ccccc1)C1CCCC1,"(4,5]","(0.3,0.4]",Q3,neutral,False,4.17636802828997,4.694123446056167,4.554156594254634,4.456043374659316
1451,nesso_58a40f217a9c19f26ee8,OADMET-0003035,5.27,4.812401,4.052633,3.9777837,3.6401157,3.9538705,3.8572567,4.265271884810288,COc1ccc(OCC(=O)NCC2c3ccccc3C(=O)N2C)cc1,0.0906,0,O=C(COc1ccccc1)NCC1NC(=O)c2ccccc21,lockbox_primary,4.23979445124247,0.4363636363636363,OADMET-0001954,2.28,O=C(COc1ccccc1)NCC1NC(=O)c2ccccc21,"(5,6]","(0.4,0.5]",Q2,neutral,False,4.061264292405144,4.220995066776038,4.127901712759541,4.044842285525163
1461,nesso_592bec2b7bd1ca7b587a,OADMET-0005515,5.1,5.3429127,4.708937,4.600753,4.3707213,4.54837,4.5066147,4.649521156110919,CC(=O)Nc1ccc(-c2ccc(S(=O)(=O)N3CC(OC(=O)NC(C)C)C3)cc2)cc1,0.0742,0,O=S(=O)(c1ccc(-c2ccccc2)cc1)N1CCC1,lockbox_primary,4.23979445124247,0.3561643835616438,OADMET-0003166,5.77,O=S(=O)(c1ccc(-c2ccccc2)cc1)N1CCC1,"(5,6]","(0.3,0.4]",Q1_low,neutral,False,4.578067928055459,4.634013294176603,4.604388549921492,4.499526782789386
1464,nesso_5944a8ab417fee39b250,OADMET-0002828,3.73,5.0359454,4.329183,4.2431593,4.035511,4.193592,4.1574206,4.520856398234953,COc1cc2c(N3CCC(CS(C)(=O)=O)CC3)ccnc2cc1F,0.178,0,c1ccc2c(N3CCCCC3)ccnc2c1,lockbox_primary,4.23979445124247,0.3661971830985915,OADMET-0002543,5.14,c1ccc2c(N3CCCCC3)ccnc2c1,<=4,"(0.3,0.4]",Q3,neutral,False,4.339138499117476,4.481417227084831,4.416310683521981,4.198368835340132
1469,nesso_59a5f3573bbc646fd815,OADMET-0001733,3.44,4.774647,4.005927,4.295206,4.074471,4.276168,4.2152815,3.7410693646486224,C=CC(=O)NCc1ccc(C(=O)Nc2ccc(F)cc2N2CCOCC2)cc1,0.313,0,O=C(Nc1ccccc1N1CCOCC1)c1ccccc1,lockbox_primary,4.23979445124247,0.4428571428571428,OADMET-0001558,3.69,O=C(Nc1ccccc1N1CCOCC1)c1ccccc1,<=4,"(0.4,0.5]",Q4_high,neutral,False,3.978175432324311,3.7925297151655983,3.7471878629273756,3.5493755520399035
1472,nesso_59ca424f247d5b9799ee,OADMET-0003956,3.89,4.9369974,4.2067733,4.3007045,4.043791,4.297475,4.21399,3.747106120781015,NC(=O)c1n[nH]c2ccc(NC(=O)c3nccc4ccccc34)cc12,0.267,0,O=C(Nc1ccc2[nH]ncc2c1)c1nccc2ccccc12,lockbox_primary,4.23979445124247,0.3846153846153846,OADMET-0002866,3.47,O=C(Nc1ccc2[nH]ncc2c1)c1nccc2ccccc12,<=4,"(0.3,0.4]",Q4_high,neutral,False,3.9805480603905075,3.7977712267204313,3.7521852624997414,3.6798526801625
1479,nesso_5a280671909a30af0e1b,OADMET-0002039,3.04,4.9889503,4.2710447,4.8764467,4.6749153,4.84881,4.8000574,4.463069234774608,O=C(c1cc(-c2ccc(Cl)cc2Cl)on1)N1CCN(C(=O)c2ccco2)CC1,0.282,0,O=C(c1cc(-c2ccccc2)on1)N1CCN(C(=O)c2ccco2)CC1,lockbox_primary,4.23979445124247,0.54,OADMET-0002267,3.37,O=C(c1cc(-c2ccccc2)on1)N1CCN(C(=O)c2ccco2)CC1,<=4,"(0.5,0.6]",Q4_high,neutral,False,4.631563317387304,4.499638372950968,4.504936295585082,4.446577406288284
1481,nesso_5a31ba19c8c5652c8a2b,OADMET-0004988,4.87,4.882862,4.1398015,4.3660383,4.091056,4.3208776,4.2593236,3.566668152777217,O=c1c2cccn2ccn1Cc1cn(-c2ccccc2)nn1,0.103,0,O=c1c2cccn2ccn1Cc1cn(-c2ccccc2)nn1,lockbox_primary,4.23979445124247,0.4727272727272727,OADMET-0004991,5.41,O=c1c2cccn2ccn1Cc1cn(-c2ccccc2)nn1,"(4,5]","(0.4,0.5]",Q2,neutral,False,3.9129958763886084,3.641833441567572,3.6042708645404087,3.548652011869214
1482,nesso_5a3eb72a546b32b2dde1,OADMET-0002756,4.87,5.2882442,4.641306,4.7957506,4.5833244,4.7504516,4.709842,4.357500579996912,Cc1cccn2cc(-c3cccc(NC(=O)Nc4ccn(CCCC(=O)N(C)C)n4)c3)nc12,0.0666658833287311,0,O=C(Nc1cccc(-c2cn3ccccc3n2)c1)Nc1cc[nH]n1,lockbox_primary,4.23979445124247,0.2790697674418604,OADMET-0004207,4.22,O=C(Nc1cccc(-c2cn3ccccc3n2)c1)Nc1cc[nH]n1,"(4,5]",<=0.3,Q1_low,neutral,False,4.5336712899984555,4.395735816135635,4.393120544886398,4.302170638783781
1485,nesso_5a578669cb50175d17e7,OADMET-0002031,1.96,4.5323095,3.7061276,3.8125608,3.436493,3.8054123,3.684822,2.1427584402396254,CN1CCN(C(=O)C2CCCCC2)CC1,0.624,1,O=C(C1CCCCC1)N1CCNCC1,lockbox_primary,4.23979445124247,0.3695652173913043,OADMET-0005091,5.31,O=C(C1CCCCC1)N1CCNCC1,<=4,"(0.3,0.4]",Q4_high,positive,False,2.9137902201198127,2.310099436787351,2.235172736450489,2.308982219560342
1487,nesso_5a6ac82348f7acd10561,OADMET-0004987,5.23,5.1511407,4.471693,4.986822,4.828186,4.960311,4.9251065,4.834854158719225,Cc1c(NC(=O)c2cc(F)cc3cccnc23)c(=O)n(-c2ccccc2)n1C,0.0853,0,O=C(Nc1c[nH]n(-c2ccccc2)c1=O)c1cccc2cccnc12,lockbox_primary,4.23979445124247,0.4307692307692308,OADMET-0004720,4.59,O=C(Nc1c[nH]n(-c2ccccc2)c1=O)c1cccc2cccnc12,"(5,6]","(0.4,0.5]",Q2,neutral,False,4.879980329359613,4.844648123848028,4.8570069043927235,4.888040918071909
1492,nesso_5aa6a77a24d69973674f,OADMET-0003346,5.34,5.2323785,4.5721936,4.854977,4.753942,4.8259945,4.811638,4.594731719986983,C=C1CCN(C(=O)Nc2nnc(SCc3ccccc3)s2)C1,0.165,0,C=C1CCN(C(=O)Nc2nnc(SCc3ccccc3)s2)C1,lockbox_primary,4.23979445124247,0.4,OADMET-0005803,5.15,C=C1CCN(C(=O)Nc2nnc(SCc3ccccc3)s2)C1,"(5,6]","(0.3,0.4]",Q3,neutral,False,4.703184859993492,4.618269863291841,4.622536377527828,4.581482359962054
1497,nesso_5af274cc0ebc1841acf7,OADMET-0004997,5.02,4.904011,4.1659646,4.993758,4.83195,4.9951315,4.94028,4.869830708902944,Cc1cccc(C2CCN(C(=O)COc3cccc(NC(=O)C4CC4)c3)C2)c1,0.103,0,O=C(Nc1cccc(OCC(=O)N2CCC(c3ccccc3)C2)c1)C1CC1,lockbox_primary,4.23979445124247,0.484375,OADMET-0002030,4.57,O=C(Nc1cccc(OCC(=O)N2CCC(c3ccccc3)C2)c1)C1CC1,"(5,6]","(0.4,0.5]",Q2,neutral,False,4.905055354451472,4.87747569506687,4.890866926953131,4.998883005183805
1505,nesso_5b692b6a74d46fefbeef,OADMET-0003110,5.45,5.111474,4.422621,5.091396,4.8932533,5.048112,5.0109205,4.913821973641821,O=C(NCc1ccc(O)c(Cl)c1)C1(c2ccccc2)CCCO1,0.0544,0,O=C(NCc1ccccc1)C1(c2ccccc2)CCCO1,lockbox_primary,4.23979445124247,0.3432835820895522,OADMET-0005712,4.49,O=C(NCc1ccccc1)C1(c2ccccc2)CCCO1,"(5,6]","(0.3,0.4]",Q1_low,neutral,False,4.9623712368209105,4.924358870166773,4.944616573398675,5.011342623074957
1510,nesso_5b8b2b98443af44617ad,OADMET-0004874,4.89,5.1676254,4.4920864,4.6290445,4.364712,4.5770245,4.523594,4.506872148273627,O=C(CN1c2cccc3cccc(c23)S1(=O)=O)Nc1ccc(-n2nccn2)nc1,0.225,0,O=C(CN1c2cccc3cccc(c23)S1(=O)=O)Nc1ccc(-n2nccn2)nc1,lockbox_primary,4.23979445124247,0.3026315789473684,OADMET-0002649,1.79,O=C(CN1c2cccc3cccc(c23)S1(=O)=O)Nc1ccc(-n2nccn2)nc1,"(4,5]","(0.3,0.4]",Q3,neutral,False,4.515233074136813,4.508686763056723,4.483368238141626,4.383619234917799
1522,nesso_5c61e71683e08e45e6c0,OADMET-0005541,4.68,5.0280004,4.319354,4.520281,4.362174,4.4713607,4.4512715,4.546529754492608,Cc1cc(C)c2nc(NC(=O)CCOC3CCOCC3)sc2c1,0.166,0,O=C(CCOC1CCOCC1)Nc1nc2ccccc2s1,lockbox_primary,4.23979445124247,0.3561643835616438,OADMET-0001905,2.97,O=C(CCOC1CCOCC1)Nc1nc2ccccc2s1,"(4,5]","(0.3,0.4]",Q3,neutral,False,4.498900627246304,4.536192559806115,4.502376044023659,4.589845440778104
1539,nesso_5d95cd0362ff485f316e,OADMET-0002816,5.51,5.2230124,4.5606065,5.015966,4.879202,4.9547653,4.949978,4.556557989582205,Cc1ccc(NC(=O)Cn2nnc(-c3ccccc3)n2)c(-c2nc(C3CC3)n[nH]2)c1,0.0715,0,O=C(Cn1nnc(-c2ccccc2)n1)Nc1ccccc1-c1nc(C2CC2)n[nH]1,lockbox_primary,4.23979445124247,0.3411764705882353,OADMET-0004567,4.92,O=C(Cn1nnc(-c2ccccc2)n1)Nc1ccccc1-c1nc(C2CC2)n[nH]1,"(5,6]","(0.3,0.4]",Q1_low,neutral,False,4.753267994791102,4.599250974698435,4.619119452733256,4.643790370687628
1548,nesso_5e4b459b0e2e1a36d29e,OADMET-0004972,4.24,4.566868,3.7488804,3.9535928,3.555201,3.9917812,3.833525,4.1764221368785135,Nc1ncc(C(=O)NC2CN(C(c3ccccc3)c3ccccc3)C2)o1,0.246,1,O=C(NC1CN(C(c2ccccc2)c2ccccc2)C1)c1cnco1,lockbox_primary,4.23979445124247,0.3225806451612903,OADMET-0001884,4.2,O=C(NC1CN(C(c2ccccc2)c2ccccc2)C1)c1cnco1,"(4,5]","(0.3,0.4]",Q4_high,positive,False,4.004973568439256,4.139211771433183,4.045095479034636,4.101156170522713
1558,nesso_5ec33afbe91dc0da3660,OADMET-0001460,2.48,4.8096366,4.049213,4.2904024,3.973246,4.37072,4.2114563,2.875467890575554,O=C(NCCN(C1CCOCC1)C1CCCN(C(=O)C2CC2)C1)c1ccc2[nH]cnc2c1,0.28,1,O=C(NCCN(C1CCOCC1)C1CCCN(C(=O)C2CC2)C1)c1ccc2[nH]cnc2c1,lockbox_primary,4.23979445124247,0.6133333333333333,OADMET-0001458,3.0,O=C(NCCN(C1CCOCC1)C1CCCN(C(=O)C2CC2)C1)c1ccc2[nH]cnc2c1,<=4,>0.6,Q4_high,positive,False,3.543462095287777,3.020446111735282,2.9896944403475874,2.8944479689747356
1569,nesso_5f3a2924235fb6c071ff,OADMET-0004682,4.88,4.6951456,3.9075747,4.3606806,3.9037333,4.379518,4.214644,5.214351572279708,Cc1cccc(CC(=O)NC2CCN(C3CCCCC3)C2=O)c1Cl,0.108,0,O=C(Cc1ccccc1)NC1CCN(C2CCCCC2)C1=O,lockbox_primary,4.23979445124247,0.4264705882352941,OADMET-0003363,5.84,O=C(Cc1ccccc1)NC1CCN(C2CCCCC2)C1=O,"(4,5]","(0.4,0.5]",Q2,neutral,False,4.714497786139853,5.105865731768964,5.034918936165472,5.139365755204932
1575,nesso_5f77f7ba91284762fd89,OADMET-0002253,3.05,4.852442,4.102168,4.112743,3.9610026,4.067125,4.046957,3.482978346229688,Cc1c(-c2ccccc2)nc2ccccc2c1C(=O)O,0.21,-1,c1ccc(-c2ccc3ccccc3n2)cc1,lockbox_primary,4.23979445124247,0.5869565217391305,OADMET-0001951,5.95,c1ccc(-c2ccc3ccccc3n2)cc1,<=4,"(0.5,0.6]",Q3,negative,True,3.7649676731148443,3.544179941557078,3.48513298466878,3.483898403526441
1579,nesso_6010c108e46ed917b6cd,OADMET-0002567,5.93,5.027479,4.3187094,4.70776,4.514458,4.6922536,4.638157,5.434548931597493,CC1(C)[C@H](NC(=O)Nc2ncn(C(C)(C)C)n2)[C@H]1c1ccccc1,0.0568,0,O=C(Nc1nc[nH]n1)N[C@H]1C[C@@H]1c1ccccc1,lockbox_primary,4.23979445124247,0.2876712328767123,OADMET-0003367,5.56,O=C(Nc1nc[nH]n1)N[C@H]1C[C@@H]1c1ccccc1,"(5,6]",<=0.3,Q1_low,neutral,False,5.036352965798747,5.348126411181537,5.319101118295524,5.403068764536402
1580,nesso_603ca1ed9206c3cf99c9,OADMET-0003218,5.11,5.0315747,4.3237762,4.869378,4.73315,4.8339353,4.8121543,4.569600754067359,CN(C)c1cc(C(=O)N2CCC(Oc3ccccn3)C2)c2ccccc2n1,0.0597,0,O=C(c1ccnc2ccccc12)N1CCC(Oc2ccccn2)C1,lockbox_primary,4.23979445124247,0.4852941176470588,OADMET-0005271,4.45,O=C(c1ccnc2ccccc12)N1CCC(Oc2ccccn2)C1,"(5,6]","(0.4,0.5]",Q1_low,neutral,False,4.690877527033679,4.595922076451022,4.600679939369218,4.505134635254798
1582,nesso_60797262d531e60f942c,OADMET-0001980,4.06,5.122443,4.436191,4.5683603,4.4196625,4.5232954,4.5037727,3.7968497695560735,O=C(CSc1nc2ccccc2s1)Nc1nccs1,0.144,0,O=C(CSc1nc2ccccc2s1)Nc1nccs1,lockbox_primary,4.23979445124247,0.574468085106383,OADMET-0002288,2.96,O=C(CSc1nc2ccccc2s1)Nc1nccs1,"(4,5]","(0.5,0.6]",Q3,neutral,False,4.150311234778036,3.8735633310134934,3.858410835741572,3.8019617321129124
1583,nesso_6079bcf1043677c7bf2c,OADMET-0001589,3.04,5.0761976,4.3789797,3.6063876,3.303197,3.5974362,3.5023403,3.6412937037333664,C=CC(=O)N(C)c1ccc(C(=O)N[C@@H]2CCCN(S(=O)(=O)C3CC3)C2)cc1,0.267,0,O=C(N[C@@H]1CCCN(S(=O)(=O)C2CC2)C1)c1ccccc1,lockbox_primary,4.23979445124247,0.55,OADMET-0005361,5.11,O=C(N[C@@H]1CCCN(S(=O)(=O)C2CC2)C1)c1ccccc1,<=4,"(0.5,0.6]",Q4_high,neutral,True,3.571817001866683,3.6262148174531843,3.505606837781088,3.397815971790236
1586,nesso_60cdee496c10f22dde39,OADMET-0003794,4.6,5.0052395,4.2911963,3.9486187,3.8607354,3.9068913,3.9054153,3.171226388487844,COc1ccc(C2C(=O)c3ccccc3C2=O)cc1,0.202,0,O=C1c2ccccc2C(=O)C1c1ccccc1,lockbox_primary,4.23979445124247,0.4,OADMET-0002109,2.53,O=C1c2ccccc2C(=O)C1c1ccccc1,"(4,5]","(0.3,0.4]",Q3,neutral,False,3.538320844243922,3.250898788065087,3.181969282804528,2.9232592645025535
1592,nesso_6121dd6824b32a2fea97,OADMET-0002988,5.18,4.9986553,4.283051,5.030649,4.8732843,4.988466,4.964133,5.1008623530738095,COC(=O)CC1CN(C(=O)c2cc(C(F)(F)F)ccn2)c2ccccc21,0.088,0,O=C(c1ccccn1)N1CCc2ccccc21,lockbox_primary,4.23979445124247,0.3472222222222222,OADMET-0005053,4.95,O=C(c1ccccn1)N1CCc2ccccc21,"(5,6]","(0.3,0.4]",Q2,neutral,False,5.032497676536905,5.086024815375784,5.09798767633113,5.174161358701442
1602,nesso_619d465c49d9eecb1ed5,OADMET-0004922,5.34,5.0117645,4.2992687,4.9734516,4.7671213,4.9482274,4.896267,4.770838493028477,O=C(NCc1cccc2[nH]ccc12)Nc1cccc(N2CCCC2)c1,0.0379,0,O=C(NCc1cccc2[nH]ccc12)Nc1cccc(N2CCCC2)c1,lockbox_primary,4.23979445124247,0.3676470588235294,OADMET-0005996,4.85,O=C(NCc1cccc2[nH]ccc12)Nc1cccc(N2CCCC2)c1,"(5,6]","(0.3,0.4]",Q1_low,neutral,False,4.833552746514238,4.784449690322686,4.794803461352509,4.793221020618275
1604,nesso_61a703acc47f3407d1ec,OADMET-0004963,4.78,5.111886,4.4231305,4.662357,4.4344454,4.5998354,4.5655456,4.882396970947704,O=S(=O)(NCCCC(F)(F)F)c1nnc(-c2ccccc2)s1,0.121,0,c1ccc(-c2nncs2)cc1,lockbox_primary,4.23979445124247,0.288135593220339,OADMET-0002646,4.78,c1ccc(-c2nncs2)cc1,"(4,5]",<=0.3,Q2,neutral,False,4.723971285473852,4.8480130288356555,4.820716257357683,4.8294657739600755
1608,nesso_61fcd26215dc3b8ac156,OADMET-0001322,2.55,4.5323095,3.7061276,3.5942526,3.1203432,3.5657616,3.4267857,3.4788360274720467,Nc1nnnn1CC(=O)NCCc1noc(-c2ccccc2)n1,0.292,0,O=C(Cn1cnnn1)NCCc1noc(-c2ccccc2)n1,lockbox_primary,4.23979445124247,0.4117647058823529,OADMET-0001009,3.21,O=C(Cn1cnnn1)NCCc1noc(-c2ccccc2)n1,<=4,"(0.4,0.5]",Q4_high,neutral,False,3.4528108637360235,3.4731876522058798,3.3472358468457424,3.3752349443126
1610,nesso_62022d9b4ef3462d392d,OADMET-0004796,4.72,5.0622993,4.361786,4.3255663,3.985301,4.287364,4.1994104,2.6474805682496068,Cc1nccc(N2CCN(c3cc(N4CCCC4CO)ncn3)CC2)n1,0.169,0,c1cc(N2CCN(c3cc(N4CCCC4)ncn3)CC2)ncn1,lockbox_primary,4.23979445124247,0.3787878787878788,OADMET-0005081,4.91,c1cc(N2CCN(c3cc(N4CCCC4)ncn3)CC2)ncn1,"(4,5]","(0.3,0.4]",Q3,neutral,False,3.4234454841248034,2.815892228698681,2.787791293145268,2.562192326743984
1612,nesso_6212707d4e93f85a5f5f,OADMET-0002075,2.41,3.9950938,3.0415297,2.2972107,1.8797741,2.3491528,2.175379,2.601736913701927,Nc1nnc(-c2ccncc2)s1,0.638,0,c1cc(-c2nncs2)ccn1,lockbox_primary,4.23979445124247,0.3846153846153846,OADMET-0003645,3.68,c1cc(-c2nncs2)ccn1,<=4,"(0.3,0.4]",Q4_high,neutral,False,2.3885579568509634,2.5554695872267614,2.3095721765150006,2.5126612142533413
1615,nesso_6276557e6b1a58cc4d7b,OADMET-0005908,4.87,4.8861065,4.143815,4.8886905,4.5602264,4.866459,4.771792,4.924302167195503,Cc1ccc2oc(C(=O)N(C)C3CCCCC3S(C)(=O)=O)cc2n1,0.0983,0,O=C(NC1CCCCC1)c1cc2ncccc2o1,lockbox_primary,4.23979445124247,0.2794117647058823,OADMET-0001884,4.2,O=C(NC1CCCCC1)c1cc2ncccc2o1,"(4,5]",<=0.3,Q2,neutral,False,4.848047083597751,4.9077521338323375,4.902003022904986,4.96909382094783
1617,nesso_6281ad5207689de31fa0,OADMET-0005930,5.19,5.31151,4.6700883,4.8645906,4.6540885,4.812713,4.7771306,5.082077096088091,Cc1cc(C(=O)N2CCCN(S(=O)(=O)N(C)C)CC2)nn1-c1ccc(Cl)cc1Cl,0.129,0,O=C(c1ccn(-c2ccccc2)n1)N1CCCNCC1,lockbox_primary,4.23979445124247,0.365079365079365,OADMET-0002884,5.21,O=C(c1ccn(-c2ccccc2)n1)N1CCCNCC1,"(5,6]","(0.3,0.4]",Q2,neutral,False,4.929603848044046,5.048985042115266,5.04107780387363,5.037727559788386
1622,nesso_62ae96fbb5ceedc92bef,OADMET-0002908,5.19,5.195551,4.5266337,5.0439615,4.868429,4.990801,4.9677305,4.908288075875681,Cn1nc(C(=O)N2CCOc3ccccc3C2CO)c2ccccc21,0.0573,0,O=C(c1n[nH]c2ccccc12)N1CCOc2ccccc2C1,lockbox_primary,4.23979445124247,0.323943661971831,OADMET-0004402,4.66,O=C(c1n[nH]c2ccccc12)N1CCOc2ccccc2C1,"(5,6]","(0.3,0.4]",Q1_low,neutral,False,4.93800928793784,4.914738623537751,4.930427853787765,4.966783999752443
1625,nesso_62ee580f03d590aa8cd7,OADMET-0001382,4.76,4.8149366,4.05577,4.990579,4.8120937,4.978426,4.927033,5.027679571953248,O=C(C1CCCCC1)N1CC(N(Cc2ccccn2)C(=O)Nc2ccccc2)C1,0.075,0,O=C(C1CCCCC1)N1CC(N(Cc2ccccn2)C(=O)Nc2ccccc2)C1,lockbox_primary,4.23979445124247,0.4117647058823529,OADMET-0005341,4.33,O=C(C1CCCCC1)N1CC(N(Cc2ccccn2)C(=O)Nc2ccccc2)C1,"(4,5]","(0.4,0.5]",Q1_low,neutral,False,4.977356285976624,5.0167576501276745,5.025982283975063,5.081458414044809
1647,nesso_6425272d34a79ac3c3a8,OADMET-0004051,4.6,4.9268026,4.194161,4.896601,4.6875753,4.8688293,4.817669,5.3137092655894005,Cc1nn(C)c2nc(-c3ccccc3)cc(C(=O)NCc3ncnn3-c3ccccc3)c12,0.125,0,O=C(NCc1ncnn1-c1ccccc1)c1cc(-c2ccccc2)nc2[nH]ncc12,lockbox_primary,4.23979445124247,0.5070422535211268,OADMET-0002671,5.3,O=C(NCc1ncnn1-c1ccccc1)c1cc(-c2ccccc2)nc2[nH]ncc12,"(4,5]","(0.5,0.6]",Q2,neutral,False,5.0656891327947005,5.259880179332782,5.252336134698813,5.230683258771583
1648,nesso_6431fa259ee396e8d315,OADMET-0003008,5.27,4.972401,4.2505717,5.001634,4.690486,4.9545603,4.8822265,5.321941935846697,COc1ccccc1C1(CNC(=O)N2CCCN(C(=O)C3CC3)CC2)CCC1,0.0797,0,O=C(NCC1(c2ccccc2)CCC1)N1CCCN(C(=O)C2CC2)CC1,lockbox_primary,4.23979445124247,0.373134328358209,OADMET-0003402,5.81,O=C(NCC1(c2ccccc2)CCC1)N1CCCN(C(=O)C2CC2)CC1,"(5,6]","(0.3,0.4]",Q2,neutral,False,5.102084217923348,5.274225083472961,5.273510360679202,5.410377213189493
1654,nesso_645860d5d0ee48182219,OADMET-0005686,5.1,5.122507,4.4362698,5.3333573,5.23866,5.303811,5.291943,4.843602727936066,O=C(c1cnccn1)N(c1ccc(Br)cc1Cl)C1CCC1,0.119,0,O=C(c1cnccn1)N(c1ccccc1)C1CCC1,lockbox_primary,4.23979445124247,0.3333333333333333,OADMET-0002221,2.64,O=C(c1cnccn1)N(c1ccccc1)C1CCC1,"(5,6]","(0.3,0.4]",Q2,neutral,False,5.067772863968033,4.8922555266127405,4.944079915377839,5.327860664413727
1655,nesso_646e081f0f59e918b798,OADMET-0002859,5.83,5.376454,4.7504315,5.105373,4.9599037,5.050814,5.038697,4.999355133152276,COc1cc(NCC2(C3CCCCO3)CC2)ccc1OC(F)F,0.0437033465537823,0,c1ccc(NCC2(C3CCCCO3)CC2)cc1,lockbox_primary,4.23979445124247,0.3246753246753247,OADMET-0003441,5.75,c1ccc(NCC2(C3CCCCO3)CC2)cc1,"(5,6]","(0.3,0.4]",Q1_low,neutral,False,5.019026066576139,5.003624417101486,5.02539937076366,5.1145828324320615
1657,nesso_6471368c0de1f625a192,OADMET-0005872,5.48,5.163335,4.4867787,5.3255205,5.246159,5.305391,5.292357,5.01223306399914,CC(Oc1ccc(F)cc1)c1nnc2n1CC(C)(C)CC2,0.054,0,c1ccc(OCc2nnc3n2CCCC3)cc1,lockbox_primary,4.23979445124247,0.4385964912280701,OADMET-0005513,5.2,c1ccc(OCc2nnc3n2CCCC3)cc1,"(5,6]","(0.4,0.5]",Q1_low,neutral,False,5.15229503199957,5.042631433969403,5.091577698818627,5.43732570153805
1679,nesso_65d402c5ac33d5cd9da6,OADMET-0001033,2.04,4.9471593,4.2193446,4.019497,3.6352968,3.9919033,3.8822324,2.4943896537019574,CN(Cc1cccnc1)Cc1cnn(CCC(=O)O)c1,0.314,-1,c1cncc(CNCc2cn[nH]c2)c1,lockbox_primary,4.23979445124247,0.3636363636363636,OADMET-0002027,2.83,c1cncc(CNCc2cn[nH]c2)c1,<=4,"(0.3,0.4]",Q4_high,negative,False,3.188311026850979,2.6449949817035705,2.5852932634446617,2.4102177177860105
1682,nesso_65e87f599b46901bc6e2,OADMET-0002038,2.0,4.338682,3.466588,3.0753345,2.6361487,3.1602116,2.9572315,2.9898609097822346,COc1ccc(C(=O)NCCCN2CCOCC2)cc1OC,0.619,1,O=C(NCCCN1CCOCC1)c1ccccc1,lockbox_primary,4.23979445124247,0.4461538461538462,OADMET-0005620,4.67,O=C(NCCCN1CCOCC1)c1ccccc1,<=4,"(0.4,0.5]",Q4_high,positive,False,2.973546204891117,2.9863200453897374,2.8181330945509306,2.9882326785250344
1684,nesso_65f654d3cc8c837d7b35,OADMET-0005637,4.09,5.144378,4.463327,4.5381775,4.3760095,4.4776254,4.4639373,4.001310575162101,Cc1cc(C)c(-c2ccc3nc(CO)n(C)c3c2)c(C)c1,0.227,0,c1ccc(-c2ccc3nc[nH]c3c2)cc1,lockbox_primary,4.23979445124247,0.2933333333333333,OADMET-0003636,4.3,c1ccc(-c2ccc3nc[nH]c3c2)cc1,"(4,5]",<=0.3,Q3,neutral,False,4.232623937581051,4.051513705035694,4.0285152288664925,3.9517288760887865
1701,nesso_672ba949341010be269e,OADMET-0001608,3.98,4.7044325,3.9190636,4.0881963,3.7447448,4.062202,3.9650478,4.275462720677714,C=CC(=O)Nc1cccc(C(=O)N2CCS(=N)(=O)c3ccccc32)c1,0.0732,0,N=S1(=O)CCN(C(=O)c2ccccc2)c2ccccc21,lockbox_primary,4.23979445124247,0.4507042253521127,OADMET-0001659,1.7,N=S1(=O)CCN(C(=O)c2ccccc2)c2ccccc21,<=4,"(0.4,0.5]",Q1_low,neutral,False,4.1202552603388565,4.241777246534506,4.160148373434408,4.155286509678225
1705,nesso_676941aa0ac0a16be9e3,OADMET-0001246,2.77,4.915778,4.1805224,4.2861958,4.0683446,4.2740817,4.209541,2.8375309138930724,Nc1nnc(SCC(=O)NCc2csc(-c3ncccn3)n2)s1,0.235,0,O=C(CSc1nncs1)NCc1csc(-c2ncccn2)n1,lockbox_primary,4.23979445124247,0.3333333333333333,OADMET-0001878,4.83,O=C(CSc1nncs1)NCc1csc(-c2ncccn2)n1,<=4,"(0.3,0.4]",Q4_high,neutral,False,3.523535956946536,2.9864181200198687,2.956117155714955,2.9065468489564346
1708,nesso_679045882ac8d19ae3c6,OADMET-0001883,4.75,5.098771,4.4069057,4.6944194,4.5109015,4.6775837,4.6276345,4.600883615779852,O=C(CCn1c(=O)oc2ccccc21)Nc1nc2ccccc2s1,0.0992,0,O=C(CCn1c(=O)oc2ccccc21)Nc1nc2ccccc2s1,lockbox_primary,4.23979445124247,0.5517241379310345,OADMET-0001934,5.29,O=C(CCn1c(=O)oc2ccccc21)Nc1nc2ccccc2s1,"(4,5]","(0.5,0.6]",Q2,neutral,False,4.614259057889926,4.603786556839316,4.588074613610594,4.573533903452729
1715,nesso_68393aae9314df565015,OADMET-0004883,4.76,4.8444433,4.092273,4.676128,4.4326363,4.66326,4.590675,4.698607146440215,Cn1c(SCC(=O)NCc2cccc(C#N)c2)nnc1-c1ccccc1Cl,0.13,0,O=C(CSc1nnc(-c2ccccc2)[nH]1)NCc1ccccc1,lockbox_primary,4.23979445124247,0.35,OADMET-0005171,4.72,O=C(CSc1nnc(-c2ccccc2)[nH]1)NCc1ccccc1,"(4,5]","(0.3,0.4]",Q2,neutral,False,4.644641073220107,4.6868946117457,4.665497331295182,4.687759458718962
1722,nesso_688668fcc2ea6ebff7ca,OADMET-0005968,3.85,4.7786484,4.010877,4.5804567,4.239072,4.57794,4.4658227,4.815940511662779,CCc1nn(C)cc1NC(=O)C1CCN(c2ccccc2Cl)C1,0.28,0,O=C(Nc1cn[nH]c1)C1CCN(c2ccccc2)C1,lockbox_primary,4.23979445124247,0.4838709677419355,OADMET-0005656,4.89,O=C(Nc1cn[nH]c1)C1CCN(c2ccccc2)C1,<=4,"(0.4,0.5]",Q4_high,neutral,False,4.64088160583139,4.7779465761068005,4.741031905586507,4.776568834919749
1725,nesso_68bac874abadd11774c8,OADMET-0005677,5.13,5.1477733,4.467527,5.2466006,5.1238785,5.2078314,5.1927705,4.960660394112527,CC1CC(C(=O)Nc2ccc(F)c(C(N)=O)c2)(c2cccc(Cl)c2)C1,0.1,0,O=C(Nc1ccccc1)C1(c2ccccc2)CCC1,lockbox_primary,4.23979445124247,0.4142857142857143,OADMET-0004978,5.05,O=C(Nc1ccccc1)C1(c2ccccc2)CCC1,"(5,6]","(0.4,0.5]",Q2,neutral,False,5.076715447056264,4.985848419717674,5.0249335386787894,5.1976473888558745
1735,nesso_692f65c72230e0817977,OADMET-0005504,4.77,4.707828,3.923264,4.305314,4.0669565,4.3158536,4.2293744,4.85978086334183,CCC1CN(c2ccccc2)CCN1C(=O)c1cc(OC)ns1,0.222,0,O=C(c1ccns1)N1CCN(c2ccccc2)CC1,lockbox_primary,4.23979445124247,0.3243243243243243,OADMET-0001141,4.41,O=C(c1ccns1)N1CCN(c2ccccc2)CC1,"(4,5]","(0.3,0.4]",Q3,neutral,False,4.544577631670915,4.7913706832697835,4.728160427468645,4.748863101419947
1753,nesso_6a603a1260bf10cf56f0,OADMET-0001206,2.77,4.9836497,4.2644873,4.587673,4.32621,4.566527,4.4934697,4.233033685820772,Cc1cc(C)c(C(=O)Nc2ccc(OCC(=O)N3CCOCC3)cc2)cc1C,0.273,0,O=C(Nc1ccc(OCC(=O)N2CCOCC2)cc1)c1ccccc1,lockbox_primary,4.23979445124247,0.4285714285714285,OADMET-0000929,2.13,O=C(Nc1ccc(OCC(=O)N2CCOCC2)cc1)c1ccccc1,<=4,"(0.4,0.5]",Q4_high,neutral,False,4.363251692910387,4.261295570276717,4.237470096352904,4.1284391496951125
1759,nesso_6ac23ce3656e665c91b4,OADMET-0001120,2.95,4.6728797,3.8800292,3.1251693,2.873911,3.1067705,3.0352833,2.903086934951125,NS(=O)(=O)CC1CCN(C(=O)NCc2nc(-c3ccccn3)no2)C1,0.247,0,O=C(NCc1nc(-c2ccccn2)no1)N1CCCC1,lockbox_primary,4.23979445124247,0.4473684210526316,OADMET-0001055,2.8,O=C(NCc1nc(-c2ccccn2)no1)N1CCCC1,<=4,"(0.4,0.5]",Q4_high,neutral,False,2.9691851174755626,2.9174325637854537,2.7591790093421213,2.5570843562157735
1767,nesso_6b3cf1cb671b7428428b,OADMET-0002932,5.17,5.0522585,4.3493643,4.878467,4.682761,4.8432903,4.801506,5.079979559105827,N#Cc1ccc2c(c1)N(C(=O)C(C1CCC1)C1CCC1)CC(=O)N2,0.0676,0,O=C1CN(C(=O)C(C2CCC2)C2CCC2)c2ccccc2N1,lockbox_primary,4.23979445124247,0.3432835820895522,OADMET-0005344,5.04,O=C1CN(C(=O)C(C2CCC2)C2CCC2)c2ccccc2N1,"(5,6]","(0.3,0.4]",Q1_low,neutral,False,4.940742779552913,5.049760284032494,5.0445218722956,5.128434439820244
1768,nesso_6b53047ff888fa8ce708,OADMET-0001215,2.24,5.1524377,4.4732976,3.931032,3.5075402,3.8756356,3.7714024,2.902528673813766,Cc1cc(N2CCC[C@@H]2C(=O)O)nc(N2CCOCC2)n1,0.37,-1,c1cc(N2CCCC2)nc(N2CCOCC2)n1,lockbox_primary,4.23979445124247,0.3181818181818182,OADMET-0005033,4.83,c1cc(N2CCCC2)nc(N2CCOCC2)n1,<=4,"(0.3,0.4]",Q4_high,negative,False,3.3369655369068827,2.9968167427418284,2.9180715267268478,2.8975726258317884
1770,nesso_6b6846a0dea48ae872e1,OADMET-0002835,5.01,5.1707067,4.4958987,4.9474497,4.704042,4.8943863,4.8486257,3.918715391295047,C/C=C/CCCN(Cc1cn[nH]c1)c1cc(C(N)=O)nc(C2CC2)n1,0.13,0,c1cc(NCc2cn[nH]c2)nc(C2CC2)n1,lockbox_primary,4.23979445124247,0.2261904761904762,OADMET-0005540,4.63,c1cc(NCc2cn[nH]c2)nc(C2CC2)n1,"(5,6]",<=0.3,Q2,neutral,False,4.383670545647524,4.019627002086804,4.039605328318174,3.8715665005017237
1781,nesso_6c03c05ec154a8b52ae6,OADMET-0004810,4.49,5.094239,4.4012995,4.6966105,4.458643,4.6575804,4.604278,4.503540055770565,Cc1oc(-c2ccccc2)cc1C(=O)N1CCC(n2ccnn2)CC1,0.167,0,O=C(c1coc(-c2ccccc2)c1)N1CCC(n2ccnn2)CC1,lockbox_primary,4.23979445124247,0.4927536231884058,OADMET-0003454,1.78,O=C(c1coc(-c2ccccc2)c1)N1CCC(n2ccnn2)CC1,"(4,5]","(0.4,0.5]",Q3,neutral,False,4.5539090278852825,4.514471893093887,4.497924753446468,4.408060872871567
1790,nesso_6c7c5e0b4eb234f23560,OADMET-0003644,4.67,5.295387,4.650142,5.1254077,4.98697,5.0809293,5.0644355,5.178317063610882,Cc1ccccc1-c1cc(N2CCN(C)CC2)ncc1N(C)C(=O)C(C)(C)c1cc(C(F)(F)F)cc(C(F)(F)F)c1,0.0935,1,O=C(Cc1ccccc1)Nc1cnc(N2CCNCC2)cc1-c1ccccc1,lockbox_primary,4.23979445124247,0.2564102564102564,OADMET-0002596,5.47,O=C(Cc1ccccc1)Nc1cnc(N2CCNCC2)cc1-c1ccccc1,"(4,5]",<=0.3,Q2,positive,False,5.121376281805441,5.16595891259795,5.187411637252588,4.926541709463924
1800,nesso_6d44fd20bd824813a033,OADMET-0001580,5.26,5.410493,4.7925415,5.2582197,5.1122375,5.2018313,5.190763,4.7005508921185575,C=CC(=O)Nc1cccc(C(=O)NCC2(CC)OCCc3ccccc32)c1,0.0718,0,O=C(NCC1OCCc2ccccc21)c1ccccc1,lockbox_primary,4.23979445124247,0.3733333333333333,OADMET-0001660,3.33,O=C(NCC1OCCc2ccccc21)c1ccccc1,"(5,6]","(0.3,0.4]",Q1_low,neutral,False,4.9456569460592785,4.753747520839483,4.797124259910647,4.896421172384366
1813,nesso_6db591895fed8297dab3,OADMET-0005233,4.88,5.392996,4.770896,4.8233485,4.7398276,4.7520237,4.7717333,4.41778327751658,N#Cc1cccnc1Oc1ccc(-n2ncc3ccccc32)cc1,0.11,0,c1ccc(Oc2ccc(-n3ncc4ccccc43)cc2)nc1,lockbox_primary,4.23979445124247,0.2608695652173913,OADMET-0005487,4.78,c1ccc(Oc2ccc(-n3ncc4ccccc43)cc2)nc1,"(4,5]",<=0.3,Q2,neutral,False,4.594758288758291,4.456193075294092,4.459217011916714,4.5147316329529055
1815,nesso_6df6afc08dc0537969b3,OADMET-0003523,5.38,5.558002,4.9750276,5.2278185,5.0536337,5.181198,5.154217,5.432746402239616,Cc1cccc(-c2cncc(C(=O)N3CCc4ccc(S(=O)(=O)N5CCCC5)cc43)c2)c1,0.0823,0,O=C(c1cncc(-c2ccccc2)c1)N1CCc2ccc(S(=O)(=O)N3CCCC3)cc21,lockbox_primary,4.23979445124247,0.4473684210526316,OADMET-0005315,4.77,O=C(c1cncc(-c2ccccc2)c1)N1CCc2ccc(S(=O)(=O)N3CCCC3)cc21,"(5,6]","(0.4,0.5]",Q2,neutral,False,5.293481701119807,5.402521067204877,5.4292599544476765,5.368210791861827
1821,nesso_6e6441b72d19f693578d,OADMET-0001593,4.84,5.2278357,4.5665736,4.932833,4.722993,4.9017763,4.8525343,3.389034022193897,C=CC(=O)N(CC)CC(=O)Nc1ccc(C)c(Oc2ccnc(C(=O)NC)c2)c1,0.0606,0,c1ccc(Oc2ccncc2)cc1,lockbox_primary,4.23979445124247,0.4794520547945205,OADMET-0001800,4.53,c1ccc(Oc2ccncc2)cc1,"(4,5]","(0.4,0.5]",Q1_low,neutral,False,4.120784161096949,3.547849521973947,3.5774308227522527,3.402586784761894
1833,nesso_6f73b74b2dc6c59e1fd4,OADMET-0005692,4.9,4.7320204,3.9531927,5.0202007,4.8662853,5.0079403,4.964809,4.365952561290001,CCCNC(=O)c1cccc(C(=O)N(C)Cc2cc(F)cc(F)c2)c1,0.126,0,O=C(NCc1ccccc1)c1ccccc1,lockbox_primary,4.23979445124247,0.3666666666666666,OADMET-0001315,4.46,O=C(NCc1ccccc1)c1ccccc1,"(4,5]","(0.3,0.4]",Q2,neutral,False,4.665380780645,4.430939009227546,4.45571291532479,4.381671706826424
1852,nesso_70e187f3a503041679b5,OADMET-0001247,3.55,4.434576,3.5852199,3.1553388,2.6271434,3.1745558,2.9856794,3.469309183220234,CCCc1noc(CN(C)C(=O)NC2CCS(=O)(=O)C2)n1,0.133,0,O=C(NCc1ncno1)NC1CCS(=O)(=O)C1,lockbox_primary,4.23979445124247,0.4029850746268656,OADMET-0000987,4.19,O=C(NCc1ncno1)NC1CCS(=O)(=O)C1,<=4,"(0.4,0.5]",Q2,neutral,False,3.227494291610117,3.416826852403202,3.2434020121289624,3.196835847954121
1856,nesso_713bf664c6e9532715e8,OADMET-0003932,4.64,5.440676,4.8298817,4.365465,4.258726,4.3192763,4.3144894,4.1410611659945165,COc1ccc(-c2nc(N3CCOCC3)cc3ccccc23)cn1,0.139,0,c1cncc(-c2nc(N3CCOCC3)cc3ccccc23)c1,lockbox_primary,4.23979445124247,0.3194444444444444,OADMET-0000947,2.15,c1cncc(-c2nc(N3CCOCC3)cc3ccccc23)c1,"(4,5]","(0.3,0.4]",Q2,neutral,False,4.227775282997259,4.159881177221875,4.1183205065832755,3.857156732744089
1860,nesso_7181045ddb3034ea8921,OADMET-0005264,4.75,4.9963446,4.2801924,4.593463,4.26756,4.595956,4.4856596,4.515428845186666,C=C[C@@H]1OCC[C@H]1NC(=O)c1cnn(CC(C)C)c1C(F)F,0.141,0,O=C(N[C@@H]1CCOC1)c1cn[nH]c1,lockbox_primary,4.23979445124247,0.2962962962962963,OADMET-0005285,4.79,O=C(N[C@@H]1CCOC1)c1cn[nH]c1,"(4,5]",<=0.3,Q2,neutral,False,4.500544222593334,4.512198358917486,4.482634720750818,4.516773324807123
1862,nesso_719d439c436c038dcacb,OADMET-0002978,5.11,5.0785384,4.3818755,5.014159,4.723378,5.000493,4.912677,5.300022350851736,CCn1c(-c2cc3c(s2)CCC(C)C3)nnc1N1CCCN(C(C)=O)CC1,0.0596343022093828,0,c1c(-c2nnc(N3CCCNCC3)[nH]2)sc2c1CCCC2,lockbox_primary,4.23979445124247,0.2891566265060241,OADMET-0005747,5.58,c1c(-c2nnc(N3CCCNCC3)[nH]2)sc2c1CCCC2,"(5,6]",<=0.3,Q1_low,neutral,False,5.106349675425868,5.25798857305484,5.260942340856055,5.3407959586422065
1866,nesso_71eaf7ac8d4fc75dc78c,OADMET-0004301,4.27,5.6114187,5.04111,4.8823767,4.807432,4.83808,4.84263,4.761616970177892,Cc1ccc2[nH]c(C(=O)Nc3cc(C(C)C)[nH]n3)c(C)c2c1,0.203,0,O=C(Nc1cc[nH]n1)c1cc2ccccc2[nH]1,lockbox_primary,4.23979445124247,0.303030303030303,OADMET-0004396,4.57,O=C(Nc1cc[nH]n1)c1cc2ccccc2[nH]1,"(4,5]","(0.3,0.4]",Q3,neutral,False,4.802123485088946,4.7704083076412385,4.775129277761617,4.676192248936895
1877,nesso_72c6d0e83640fa7304bf,OADMET-0002998,5.28,5.050905,4.34769,4.584671,4.180206,4.5501575,4.438345,5.011115798920927,CCn1cccc(NC(=O)N2CCCC(C(C)C)CC2)c1=O,0.0721,0,O=C(Nc1ccc[nH]c1=O)N1CCCCCC1,lockbox_primary,4.23979445124247,0.5245901639344263,OADMET-0005705,4.52,O=C(Nc1ccc[nH]c1=O)N1CCCCCC1,"(5,6]","(0.5,0.6]",Q1_low,neutral,False,4.724730399460464,4.948960101331031,4.905694988536402,4.978762181670008
1882,nesso_72e254c49c5efdd248b2,OADMET-0002579,5.15,5.080004,4.383689,4.876426,4.714946,4.8582516,4.816541,4.767836605066073,COc1ccccc1-c1cn(Cc2coc(C3CC3)n2)nn1,0.0674,0,c1ccc(-c2cn(Cc3coc(C4CC4)n3)nn2)cc1,lockbox_primary,4.23979445124247,0.5245901639344263,OADMET-0006008,4.81,c1ccc(-c2cn(Cc3coc(C4CC4)n3)nn2)cc1,"(5,6]","(0.5,0.6]",Q1_low,neutral,False,4.792188802533037,4.773121887850243,4.774917520319625,4.884681884998095
1898,nesso_742b49da30ec4de27be2,OADMET-0002805,4.91,5.102942,4.4120655,4.577361,4.4913445,4.567891,4.545532,4.926303876509879,O=C(Nc1ccc(F)nn1)c1cc(-c2ccccc2Cl)nc2ccccc12,0.0431,0,O=C(Nc1cccnn1)c1cc(-c2ccccc2)nc2ccccc12,lockbox_primary,4.23979445124247,0.3768115942028985,OADMET-0004176,5.07,O=C(Nc1cccnn1)c1cc(-c2ccccc2)nc2ccccc12,"(4,5]","(0.3,0.4]",Q1_low,neutral,False,4.735917938254939,4.884983436201691,4.8547642264560125,4.772989747991774
1912,nesso_75205990d4c49141f48d,OADMET-0004193,4.62,5.329465,4.692301,4.9768972,4.787882,4.922002,4.8955936,4.577900359808413,Cc1cc(CC(C)Nc2ncc(F)c(-c3ccsc3)n2)n[nH]1,0.217,0,c1cc(-c2ccsc2)nc(NCCc2cc[nH]n2)n1,lockbox_primary,4.23979445124247,0.2235294117647059,OADMET-0001088,5.11,c1cc(-c2ccsc2)nc(NCCc2cc[nH]n2)n1,"(4,5]",<=0.3,Q3,neutral,False,4.736746979904206,4.612375659528483,4.626000862061689,4.491849938808886
1913,nesso_753841470815b43fa7a4,OADMET-0006007,4.99,4.582281,3.7679482,4.2011566,3.9225392,4.2509117,4.124869,3.924212902799383,O=C(CN1CCN(C(=O)c2cccc(F)c2)CC1)NCCc1nc2ccccc2s1,0.157,1,O=C(CN1CCN(C(=O)c2ccccc2)CC1)NCCc1nc2ccccc2s1,lockbox_primary,4.23979445124247,0.3703703703703703,OADMET-0003165,5.74,O=C(CN1CCN(C(=O)c2ccccc2)CC1)NCCc1nc2ccccc2s1,"(4,5]","(0.3,0.4]",Q3,positive,False,4.0245409513996915,3.945987615687448,3.887707094730305,3.8924251720459613
1914,nesso_7562a369da7e4483527e,OADMET-0006001,5.16,4.7692156,3.9992075,4.983298,4.8404827,4.957421,4.927067,5.02686982541321,CC1(C(=O)Nc2ncn(Cc3ccc(Cl)cc3)n2)CCCN(C(=O)c2ccccc2)C1,0.0755,0,O=C(Nc1ncn(Cc2ccccc2)n1)C1CCCN(C(=O)c2ccccc2)C1,lockbox_primary,4.23979445124247,0.3375,OADMET-0005359,4.47,O=C(Nc1ncn(Cc2ccccc2)n1)C1CCCN(C(=O)c2ccccc2)C1,"(5,6]","(0.3,0.4]",Q1_low,neutral,False,4.976968412706605,5.016039464915281,5.025281805830043,5.070474586775286
1917,nesso_75af34a38ef258997e4d,OADMET-0004688,4.48,5.06115,4.3603644,4.4742975,4.1447635,4.4513955,4.3568187,4.791786282793971,O=C1COc2cccc(S(=O)(=O)Nc3cnc4c(c3)CCC4)c2N1,0.165,0,O=C1COc2cccc(S(=O)(=O)Nc3cnc4c(c3)CCC4)c2N1,lockbox_primary,4.23979445124247,0.5409836065573771,OADMET-0003479,4.92,O=C1COc2cccc(S(=O)(=O)Nc3cnc4c(c3)CCC4)c2N1,"(4,5]","(0.5,0.6]",Q3,neutral,False,4.574302491396985,4.7445846559154985,4.69631653950268,4.8317800979180054
1923,nesso_760affc1cf7c73128eed,OADMET-0005046,5.1,4.8012705,4.038863,4.4518228,4.0486803,4.414419,4.304974,4.829434215142871,CC1=C(C)CC(C(=O)NS(=O)(=O)c2cncc(Cl)c2)CC1,0.112,0,O=C(NS(=O)(=O)c1cccnc1)C1CC=CCC1,lockbox_primary,4.23979445124247,0.3333333333333333,OADMET-0003007,4.6,O=C(NS(=O)(=O)c1cccnc1)C1CC=CCC1,"(5,6]","(0.3,0.4]",Q2,neutral,False,4.567204107571435,4.772521064905873,4.718001332069024,4.791930510714198
1950,nesso_77890b639f07ecbcf83e,OADMET-0003182,5.11,4.7626743,3.9911156,4.363144,4.0870075,4.375598,4.27525,4.774204131544613,C=C1CC1C(=O)N(C)CCN(C)C(=O)c1cc2ccccc2c(OC)n1,0.0465,0,C=C1CC1C(=O)NCCNC(=O)c1cc2ccccc2cn1,lockbox_primary,4.23979445124247,0.3098591549295774,OADMET-0006041,5.09,C=C1CC1C(=O)NCCNC(=O)c1cc2ccccc2cn1,"(5,6]","(0.3,0.4]",Q1_low,neutral,False,4.524727065772306,4.720058839623406,4.663286295241641,4.6579634364257085
1962,nesso_785487e8b489e19b7c5d,OADMET-0002667,1.8,4.923189,4.1896906,4.26058,4.0393324,4.2621684,4.1873603,4.1198420621764384,O=C(CCNC(=O)c1c[nH]c2ccccc12)Nc1ccc(-n2cnc3ccccc32)cc1,0.553,0,O=C(CCNC(=O)c1c[nH]c2ccccc12)Nc1ccc(-n2cnc3ccccc32)cc1,lockbox_primary,4.23979445124247,0.3918918918918919,OADMET-0002649,1.79,O=C(CCNC(=O)c1c[nH]c2ccccc12)Nc1ccc(-n2cnc3ccccc32)cc1,<=4,"(0.3,0.4]",Q4_high,neutral,False,4.153601181088219,4.127168977549691,4.072246530488367,3.9148787953269206
1964,nesso_7863132d6b77a2a55589,OADMET-0004791,4.79,4.6633782,3.8682747,4.017708,3.5547311,4.0395055,3.8706481,5.118234225860163,O=C(NCc1ccccc1C(F)(F)F)N1CCCN(C(=O)C2CC2)CC1,0.169,0,O=C(NCc1ccccc1)N1CCCN(C(=O)C2CC2)CC1,lockbox_primary,4.23979445124247,0.4576271186440678,OADMET-0002596,5.47,O=C(NCc1ccccc1)N1CCCN(C(=O)C2CC2)CC1,"(4,5]","(0.4,0.5]",Q3,neutral,False,4.494441162930081,4.982849206053977,4.876417863663332,4.921809592595621
1970,nesso_79086bf97c3bcd2b73bc,OADMET-0002206,2.84,4.8059387,4.0446386,3.803336,3.6859686,3.7870605,3.7587883,2.375111477546328,COc1ccc(-c2cc(C(=O)O)[nH]n2)cc1,0.349,-1,c1ccc(-c2cc[nH]n2)cc1,lockbox_primary,4.23979445124247,0.509090909090909,OADMET-0001866,4.54,c1ccc(-c2cc[nH]n2)cc1,<=4,"(0.5,0.6]",Q4_high,negative,True,3.0669498887731637,2.5252647295986415,2.454298841485859,2.354703394792908
1985,nesso_7a62604e10e2f4c65f7c,OADMET-0002615,5.33,5.324337,4.685957,5.175871,5.054044,5.1240325,5.1179824,5.369756754010973,CC(C)C(NC(=O)C1CC12CCc1ccccc12)c1nc(C2CC2)no1,0.0185,0,O=C(NCc1nc(C2CC2)no1)C1CC12CCc1ccccc12,lockbox_primary,4.23979445124247,0.4166666666666667,OADMET-0005738,4.3,O=C(NCc1nc(C2CC2)no1)C1CC12CCc1ccccc12,"(5,6]","(0.4,0.5]",Q1_low,neutral,False,5.243869577005487,5.3424348119038,5.366352257190957,5.602321560949145
1986,nesso_7a6fd73a22f5a0979d15,OADMET-0003732,4.98,5.6944356,5.143811,5.199317,5.060373,5.0948296,5.118173,4.9284445787941165,CC(C)(O)CNc1nc(Nc2ccnc(C(F)(F)F)c2)nc(-c2cccc(C(F)(F)F)n2)n1,0.128,0,c1ccc(-c2ncnc(Nc3ccncc3)n2)nc1,lockbox_primary,4.23979445124247,0.2916666666666667,OADMET-0002775,5.23,c1ccc(-c2ncnc(Nc3ccncc3)n2)nc1,"(4,5]",<=0.3,Q2,neutral,False,5.023308789397058,4.949033446793146,4.980620648812726,4.9740333850656695
1993,nesso_7af7986b1dbb7e8bd42f,OADMET-0001506,4.47,5.0551963,4.3529987,4.732791,4.553996,4.6991343,4.661974,4.349686845122784,COc1cc(C=O)ccc1OCc1ncc(C)c(OC)c1C,0.104,0,c1ccc(OCc2ccccn2)cc1,lockbox_primary,4.23979445124247,0.4285714285714285,OADMET-0001524,3.01,c1ccc(OCc2ccccn2)cc1,"(4,5]","(0.4,0.5]",Q2,neutral,False,4.505830422561392,4.383575489579391,4.375926051277201,4.300397354095191
1996,nesso_7b22bed01cb6820e25c2,OADMET-0001208,4.11,4.9002075,4.1612597,4.683443,4.440665,4.665182,4.59643,3.977260768176861,Cn1cncc1C(=O)NC1(c2cc(F)cc(F)c2)CC1,0.0907,0,O=C(NC1(c2ccccc2)CC1)c1cnc[nH]1,lockbox_primary,4.23979445124247,0.3384615384615385,OADMET-0005327,4.4,O=C(NC1(c2ccccc2)CC1)c1cnc[nH]1,"(4,5]","(0.3,0.4]",Q2,neutral,False,4.28684538408843,4.044451511145377,4.036178700816816,3.8777713326233103
1998,nesso_7b4d13eb45a82b35b424,OADMET-0005517,4.92,4.78832,4.022842,4.7329836,4.382175,4.733538,4.616232,4.438986812008615,O=C(CCc1cn[nH]c1)N1CC2CCN(C(=O)CC3CCCCC3)C(C2)C1,0.11,0,O=C(CCc1cn[nH]c1)N1CC2CCN(C(=O)CC3CCCCC3)C(C2)C1,lockbox_primary,4.23979445124247,0.3378378378378378,OADMET-0005222,5.48,O=C(CCc1cn[nH]c1)N1CC2CCN(C(=O)CC3CCCCC3)C(C2)C1,"(4,5]","(0.3,0.4]",Q2,neutral,False,4.5276094060043075,4.458221029822813,4.444083774439446,4.426716048492189
2000,nesso_7b4e09c3eb7bcd1a0457,OADMET-0002593,4.609999999999999,5.0324583,4.324869,4.517252,4.417838,4.4630275,4.466039,4.642098145998826,O=S(=O)(Nc1ccc(-n2cccn2)cc1)c1ccc(Cl)cc1,0.0672072354735708,0,O=S(=O)(Nc1ccc(-n2cccn2)cc1)c1ccccc1,lockbox_primary,4.23979445124247,0.4074074074074074,OADMET-0005441,4.56,O=S(=O)(Nc1ccc(-n2cccn2)cc1)c1ccccc1,"(4,5]","(0.4,0.5]",Q1_low,neutral,False,4.554068572999413,4.622992634584392,4.589114497524963,4.6302104987872745
2003,nesso_7b92dc43f93547e466ca,OADMET-0005926,5.25,5.013694,4.3016553,4.911225,4.6167173,4.8924694,4.806804,4.917050585750063,Cn1nnc2cc(C(=O)N(CC3CCCCC3)c3ccccn3)cnc21,0.11,0,O=C(c1cnc2[nH]nnc2c1)N(CC1CCCCC1)c1ccccn1,lockbox_primary,4.23979445124247,0.3333333333333333,OADMET-0003745,2.69,O=C(c1cnc2[nH]nnc2c1)N(CC1CCCCC1)c1ccccn1,"(5,6]","(0.3,0.4]",Q2,neutral,False,4.8619272928750314,4.905086893716341,4.90324466428094,4.934947413060387
2013,nesso_7c9c391215a72767bf95,OADMET-0005029,4.73,4.995561,4.279223,4.848852,4.4982414,4.8110294,4.719374,4.808305582664159,CC1(C)CCCC(O)(CNC(=O)C2(S(C)(=O)=O)CCCC2)C1,0.179,0,O=C(NCC1CCCCC1)C1CCCC1,lockbox_primary,4.23979445124247,0.3220338983050847,OADMET-0005628,5.27,O=C(NCC1CCCCC1)C1CCCC1,"(4,5]","(0.3,0.4]",Q3,neutral,False,4.76383979133208,4.7986549430563485,4.789255389597916,4.865354804954675
2019,nesso_7cfd8af5867c4bf1aa84,OADMET-0003102,5.82,5.957575,5.469345,4.8188076,4.706683,4.74555,4.757014,4.814571134120688,CC(C)c1c(C(=O)N[C@@H]2C=C[C@H](CO)C2)cnn1-c1ccccc1Cl,0.0951,0,O=C(N[C@@H]1C=CCC1)c1cnn(-c2ccccc2)c1,lockbox_primary,4.23979445124247,0.3466666666666667,OADMET-0005851,4.34,O=C(N[C@@H]1C=CCC1)c1cnn(-c2ccccc2)c1,"(5,6]","(0.3,0.4]",Q2,neutral,False,4.785792567060344,4.808325173556207,4.802882028069318,4.519655517608389
2024,nesso_7d77892276b6d5d191e7,OADMET-0004709,4.48,4.956434,4.2308183,4.525263,4.2066164,4.5514894,4.4277897,4.775703947355768,C[C@H](NC(=O)C1CC(=O)N(c2ccc3c(c2)CCC3)C1)c1cccnc1,0.166,0,O=C(NCc1cccnc1)C1CC(=O)N(c2ccc3c(c2)CCC3)C1,lockbox_primary,4.23979445124247,0.3692307692307692,OADMET-0002321,2.54,O=C(NCc1cccnc1)C1CC(=O)N(c2ccc3c(c2)CCC3)C1,"(4,5]","(0.3,0.4]",Q3,neutral,False,4.601746823677884,4.7379491372526665,4.697624428463328,4.609956304838678
2032,nesso_7e01a6fa6b2df8938352,OADMET-0002975,5.71,4.8201685,4.0622425,4.918067,4.555347,4.909482,4.7942986,5.006407811752863,O=C(NCCc1cccc(Cl)c1)N1CCCC2(CCC2)C1,0.0478,0,O=C(NCCc1ccccc1)N1CCCC2(CCC2)C1,lockbox_primary,4.23979445124247,0.391304347826087,OADMET-0003325,5.69,O=C(NCCc1ccccc1)N1CCCC2(CCC2)C1,"(5,6]","(0.3,0.4]",Q1_low,neutral,False,4.900353205876431,4.983390234658186,4.9786486491218165,5.087835184744902
2043,nesso_7e58922a077cdb376ac8,OADMET-0003423,3.0,5.2068214,4.5405765,5.051164,4.950635,5.0114136,5.004404,4.00795900302405,c1ccc(COc2cccc(CNc3ncnc4sccc34)c2)nc1,0.241,0,c1ccc(COc2cccc(CNc3ncnc4sccc34)c2)nc1,lockbox_primary,4.23979445124247,0.2692307692307692,OADMET-0003243,1.91,c1ccc(COc2cccc(CNc3ncnc4sccc34)c2)nc1,<=4,<=0.3,Q4_high,neutral,False,4.506181501512025,4.11609079677765,4.1513458726838595,4.168107787542292
2056,nesso_7ec6bacf43366fa968f5,OADMET-0001744,2.14,4.7682114,3.9979653,4.1320257,3.7141907,4.130418,3.9922113,2.5160943819969708,C=CC(=O)NCCC(=O)N1CCC(C(=O)Nc2cccc(C#N)c2)CC1,0.305,0,O=C(Nc1ccccc1)C1CCNCC1,lockbox_primary,4.23979445124247,0.4459459459459459,OADMET-0001577,3.83,O=C(Nc1ccccc1)C1CCNCC1,<=4,"(0.4,0.5]",Q4_high,neutral,False,3.2541528409984855,2.676279008963948,2.6280784795690995,2.451438571402412
2057,nesso_7edb98f7be6a1f9dc184,OADMET-0001499,3.88,4.7005353,3.9142423,4.327027,4.031646,4.3111506,4.2232747,3.903778477183045,COc1ccc(OCC(=O)NCc2cccs2)c(C=O)c1,0.141,0,O=C(COc1ccccc1)NCc1cccs1,lockbox_primary,4.23979445124247,0.6727272727272727,OADMET-0001818,4.05,O=C(COc1ccccc1)NCc1cccs1,<=4,>0.6,Q2,neutral,False,4.063526588591523,3.9384494322036874,3.891150618332566,3.901174821502031
2063,nesso_7f41072324ea892cd946,OADMET-0006005,4.4,4.907088,4.1697717,4.324574,4.087057,4.281948,4.231193,4.321070861201269,CNC(=O)C(NC(=O)c1cc(C)ccc1O)c1ccccc1,0.161,0,O=C(NCc1ccccc1)c1ccccc1,lockbox_primary,4.23979445124247,0.3877551020408163,OADMET-0001882,1.81,O=C(NCc1ccccc1)c1ccccc1,"(4,5]","(0.3,0.4]",Q3,neutral,False,4.276131930600634,4.311317533742227,4.257641030161915,4.18918551145075
2076,nesso_8046fae6777569c5b55a,OADMET-0002184,3.5,5.0209823,4.3106723,4.693683,4.4842076,4.646468,4.6081195,3.880509298914237,O=C(O)c1cnn2c(-c3ccccc3)cc(-c3ccccc3)nc12,0.252,-1,c1ccc(-c2cc(-c3ccccc3)n3nccc3n2)cc1,lockbox_primary,4.23979445124247,0.5614035087719298,OADMET-0001968,4.48,c1ccc(-c2cc(-c3ccccc3)n3nccc3n2)cc1,<=4,"(0.5,0.6]",Q4_high,negative,False,4.244314399457118,3.959467792795581,3.9541343866935748,3.9669688014920186
2080,nesso_80abc8046d47db38d531,OADMET-0006034,4.93,4.9124336,4.176385,4.874099,4.639147,4.8649654,4.792737,4.789910295282335,CC1(NC(=O)c2ccc(=O)n(-c3ccccc3)n2)CCCCC1,0.187,0,O=C(NC1CCCCC1)c1ccc(=O)n(-c2ccccc2)n1,lockbox_primary,4.23979445124247,0.3076923076923077,OADMET-0001950,5.66,O=C(NC1CCCCC1)c1ccc(=O)n(-c2ccccc2)n1,"(4,5]","(0.3,0.4]",Q3,neutral,False,4.791323647641168,4.790217042420873,4.789059315351983,4.843535938535662
2081,nesso_80b30f77d365753f2700,OADMET-0005141,4.8,4.5338316,3.7080107,4.022291,3.6515713,4.044195,3.9060192,4.893384806295788,CCOC(=O)N1CSCC1C(=O)NC1CC=C(c2ccc(F)cc2)CC1,0.324,0,O=C(NC1CC=C(c2ccccc2)CC1)C1CSCN1,lockbox_primary,4.23979445124247,0.4385964912280701,OADMET-0003537,1.77,O=C(NC1CC=C(c2ccccc2)CC1)C1CSCN1,"(4,5]","(0.4,0.5]",Q4_high,neutral,False,4.399702003147894,4.78623828599272,4.687524185066824,4.928998857220566
2084,nesso_810ff936bc06480290ae,OADMET-0005718,4.73,4.9646807,4.2410207,4.907723,4.7706203,4.871068,4.8498034,4.52336793203235,Cc1ccccc1OCc1nnc(SCc2nccc(N)n2)n1-c1ccccc1,0.0948,0,c1ccc(OCc2nnc(SCc3ncccn3)n2-c2ccccc2)cc1,lockbox_primary,4.23979445124247,0.2875,OADMET-0003036,5.11,c1ccc(OCc2nnc(SCc3ncccn3)n2-c2ccccc2)cc1,"(4,5]",<=0.3,Q2,neutral,False,4.686585666016175,4.558791917102536,4.5684171141962135,4.559263450990919
2096,nesso_817f800ae5c359eb3c27,OADMET-0001080,5.22,4.96721,4.244149,4.8527784,4.627335,4.831154,4.7704225,4.861810060407673,CCCN(CC1CC1)C(=O)c1cccc(-c2ccnc(OC)c2C#N)c1,0.0248,0,O=C(NCC1CC1)c1cccc(-c2ccncc2)c1,lockbox_primary,4.23979445124247,0.3205128205128205,OADMET-0001177,4.84,O=C(NCC1CC1)c1cccc(-c2ccncc2)c1,"(5,6]","(0.3,0.4]",Q1_low,neutral,False,4.816116280203836,4.851892904053195,4.847079053959778,4.882112646665131
2102,nesso_81f391cd9d3460179a15,OADMET-0000988,3.79,5.0624604,4.361985,3.8793306,3.5029178,3.8904023,3.7575502,3.976884759936208,Cc1cc(C[C@@H]2COC[C@@H]2NC(=O)c2cc(C)c3nc(N)sc3c2)on1,0.174,0,O=C(N[C@H]1COC[C@H]1Cc1ccno1)c1ccc2ncsc2c1,lockbox_primary,4.23979445124247,0.4390243902439024,OADMET-0001174,3.81,O=C(N[C@H]1COC[C@H]1Cc1ccno1)c1ccc2ncsc2c1,<=4,"(0.4,0.5]",Q3,neutral,False,3.8672174799681036,3.9530831055849536,3.854220301924286,3.7682268991802874
2103,nesso_81f565b04bf44f4da471,OADMET-0002178,2.45,4.1968813,3.2911644,2.2849207,1.9648104,2.3610198,2.2035837,2.1995345618130444,COC(=O)C1CCNCC1,0.52,1,C1CCNCC1,lockbox_primary,4.23979445124247,0.3111111111111111,OADMET-0003722,3.1,C1CCNCC1,<=4,"(0.3,0.4]",Q4_high,positive,False,2.201559130906522,2.1999739644661167,1.964093867074844,2.196519058525729
2106,nesso_8219db43b5d46ebc7cda,OADMET-0001191,3.66,4.8044386,4.042783,3.7815187,3.3604636,3.8053966,3.649126,2.87349637586924,CC(C)(C)n1ccc(C(=O)N2CCN(CCCCO)CC2)c1,0.347,1,O=C(c1cc[nH]c1)N1CCNCC1,lockbox_primary,4.23979445124247,0.3114754098360656,OADMET-0001921,1.84,O=C(c1cc[nH]c1)N1CCNCC1,<=4,"(0.3,0.4]",Q4_high,positive,False,3.26131118793462,2.9576658210470694,2.8662183301774857,2.768242619822945
2107,nesso_821cff79cd0b1701339c,OADMET-0002604,5.81,5.2561526,4.601605,5.2442536,5.124372,5.2053204,5.191315,5.356398983982531,Cc1conc1NS(=O)(=O)c1c(C)cc(C(C)(C)C)cc1C,0.0505,0,O=S(=O)(Nc1ccon1)c1ccccc1,lockbox_primary,4.23979445124247,0.2950819672131147,OADMET-0002574,4.79,O=S(=O)(Nc1ccon1)c1ccccc1,"(5,6]",<=0.3,Q1_low,neutral,False,5.2738569919912655,5.338484470524993,5.370553144847956,5.567025198725191
2109,nesso_822132df57e9acab4d9d,OADMET-0004187,4.73,4.717593,3.9353447,4.3600473,3.948739,4.296877,4.2018876,4.580216243224379,CS(=O)(=O)CC(=O)N(CCc1ccccc1)Cc1ccccc1,0.185,0,c1ccc(CCNCc2ccccc2)cc1,lockbox_primary,4.23979445124247,0.3684210526315789,OADMET-0002196,3.01,c1ccc(CCNCc2ccccc2)cc1,"(4,5]","(0.3,0.4]",Q3,neutral,False,4.39105192161219,4.539160936665191,4.477827824275102,4.501437939064738
2116,nesso_82ab22361b0953814162,OADMET-0003468,1.85,5.647702,5.085997,4.734769,4.586232,4.709427,4.6768093,4.102685007400803,CNC(=O)[C@H](Cc1c[nH]c2ccccc12)NC(=O)c1cc(C#N)c(SC)[nH]c1=O,0.581,0,O=C(NCCc1c[nH]c2ccccc12)c1ccc[nH]c1=O,lockbox_primary,4.23979445124247,0.4457831325301205,OADMET-0003338,5.42,O=C(NCCc1c[nH]c2ccccc12)c1ccc[nH]c1=O,<=4,"(0.4,0.5]",Q4_high,neutral,False,4.389747153700402,4.164987582841167,4.163221544269016,3.9527133732512514
2117,nesso_82c0d36ed6017da4ffee,OADMET-0002549,5.63,5.4388824,4.8276625,4.5840936,4.367467,4.6651583,4.5389066,4.872475886758791,Cc1ccc(-c2cncc(F)c2)cc1NC(=O)N[C@H]1C[C@@]1(C)OC(C)C,0.0709,0,O=C(Nc1cccc(-c2cccnc2)c1)NC1CC1,lockbox_primary,4.23979445124247,0.4266666666666667,OADMET-0002799,3.4,O=C(Nc1cccc(-c2cccnc2)c1)NC1CC1,"(5,6]","(0.4,0.5]",Q1_low,neutral,False,4.705691243379396,4.836277756979625,4.806276013234594,4.737028861459719
2127,nesso_82ece988105270662779,OADMET-0005732,5.12,5.114815,4.4267545,5.100784,4.9094467,5.0666018,5.025611,4.976305609989391,CNC(=O)c1ccc(C(=O)N2CCC(C)C2c2cccc(F)c2)cn1,0.107,0,O=C(c1cccnc1)N1CCCC1c1ccccc1,lockbox_primary,4.23979445124247,0.4782608695652174,OADMET-0005963,5.0,O=C(c1cccnc1)N1CCCC1c1ccccc1,"(5,6]","(0.4,0.5]",Q2,neutral,False,5.000958304994695,4.981656111301304,5.002417328693104,5.036279699254261
2128,nesso_830d5186a84e932b9ba7,OADMET-0004895,4.63,4.7893486,4.0241146,4.530589,4.3608017,4.530675,4.474022,4.938038311760933,CCn1ncc2c(C(=O)NCc3coc(-c4ccccc4)n3)cc(-c3ccccc3)nc21,0.185,0,O=C(NCc1coc(-c2ccccc2)n1)c1cc(-c2ccccc2)nc2[nH]ncc12,lockbox_primary,4.23979445124247,0.3717948717948718,OADMET-0003207,5.67,O=C(NCc1coc(-c2ccccc2)n1)c1cc(-c2ccccc2)nc2[nH]ncc12,"(4,5]","(0.3,0.4]",Q3,neutral,False,4.706030155880466,4.8876843872855105,4.849538920780819,4.736094809930832
2136,nesso_83834217d03caf297971,OADMET-0005532,5.22,4.776773,4.008557,4.4097605,4.0021367,4.3908978,4.2675986,4.873402383358456,O=C(NC1CCC2(CCCCC2)CC1)C1CC=CCC1C(=O)N1CCOCC1,0.0731,0,O=C(NC1CCC2(CCCCC2)CC1)C1CC=CCC1C(=O)N1CCOCC1,lockbox_primary,4.23979445124247,0.2702702702702703,OADMET-0004975,4.6,O=C(NC1CCC2(CCCCC2)CC1)C1CC=CCC1C(=O)N1CCOCC1,"(5,6]",<=0.3,Q1_low,neutral,False,4.570500491679228,4.807662026433518,4.748343770978436,4.896756198437191
2143,nesso_83d68f6f04ae6c35474a,OADMET-0000949,3.08,4.7172785,3.9349556,4.144427,3.7213602,4.207823,4.0245366,2.712658641377556,Cc1cc(C)n(CC(=O)NCC2CCN(C(=O)c3csc(N)n3)CC2)n1,0.22,0,O=C(Cn1cccn1)NCC1CCN(C(=O)c2cscn2)CC1,lockbox_primary,4.23979445124247,0.4,OADMET-0001011,3.14,O=C(Cn1cccn1)NCC1CCN(C(=O)c2cscn2)CC1,<=4,"(0.3,0.4]",Q3,neutral,False,3.368597620688778,2.8550204549068177,2.806903953693115,2.650143933931458
2148,nesso_842305366ac7835b87b1,OADMET-0006000,5.22,4.6640987,3.869166,5.09146,4.920348,5.0632715,5.025027,5.136762994441787,O=C(NCC1(c2cccc(Cl)c2)CCOCC1)C(O)C1CCCCC1,0.128,0,O=C(CC1CCCCC1)NCC1(c2ccccc2)CCOCC1,lockbox_primary,4.23979445124247,0.373134328358209,OADMET-0005553,4.79,O=C(CC1CCCCC1)NCC1(c2ccccc2)CCOCC1,"(5,6]","(0.3,0.4]",Q2,neutral,False,5.080894997220893,5.124637675390058,5.142554647926463,5.251263174328605
2156,nesso_84998ca38297082ac9f6,OADMET-0001519,3.81,5.543266,4.956797,5.0052586,4.9198427,4.948436,4.9578457,4.589704756956672,CCC(CC)c1nnc(NC(=O)c2cc(C=O)[nH]c2C)s1,0.213,0,O=C(Nc1nncs1)c1cc[nH]c1,lockbox_primary,4.23979445124247,0.2816901408450704,OADMET-0004263,4.98,O=C(Nc1nncs1)c1cc[nH]c1,<=4,<=0.3,Q3,neutral,False,4.7737752284783355,4.629654519006988,4.6497981590700865,4.756802712898826
2158,nesso_84f91b6c8d2da7ff96f2,OADMET-0005882,4.07,5.1981144,4.5298047,5.042188,4.8600774,4.981312,4.9611926,4.613013633757885,N#Cc1ccc(OCc2noc(C3CCCCC3)n2)c(Cl)c1,0.295,0,c1ccc(OCc2noc(C3CCCCC3)n2)cc1,lockbox_primary,4.23979445124247,0.2894736842105263,OADMET-0001450,3.66,c1ccc(OCc2noc(C3CCCCC3)n2)cc1,"(4,5]",<=0.3,Q4_high,neutral,False,4.787103116878942,4.65079717051234,4.6708982578375515,4.735402890712078
2162,nesso_853402059540af005f7c,OADMET-0001106,2.45,4.7853036,4.01911,2.3574595,1.9718313,2.3458822,2.2250576,2.852726686578672,CCS(=O)(=O)NCC1CN(C(C)=O)CCO1,0.42,0,C1COCCN1,lockbox_primary,4.23979445124247,0.3088235294117647,OADMET-0000940,3.09,C1COCCN1,<=4,"(0.3,0.4]",Q4_high,neutral,False,2.5388921432893357,2.7846135599922444,2.539730935835107,2.5915359443244146
2182,nesso_865cfd35bc05ba9e26ce,OADMET-0002223,2.1,3.9797995,3.0226088,1.8282986,1.8359194,2.301947,1.9887217,2.2609252382244285,CN1CCCCC1C(=O)O,0.659,-1,C1CCNCC1,lockbox_primary,4.23979445124247,0.4615384615384615,OADMET-0001993,2.98,C1CCNCC1,<=4,"(0.4,0.5]",Q4_high,negative,False,2.124823469112214,2.2313863706064354,1.9712377476604883,1.9369583178486045
2187,nesso_86af1c0b2883d5508456,OADMET-0001147,3.72,4.9514794,4.224689,4.419185,4.024248,4.3674273,4.270287,4.308118615276179,COc1ccc2c(C)c(CC(=O)NCc3noc(C4CC4)n3)c(=O)oc2c1,0.148,0,O=C(Cc1cc2ccccc2oc1=O)NCc1noc(C2CC2)n1,lockbox_primary,4.23979445124247,0.4125,OADMET-0001270,4.39,O=C(Cc1cc2ccccc2oc1=O)NCc1noc(C2CC2)n1,<=4,"(0.4,0.5]",Q3,neutral,False,4.289202807638089,4.304013220163729,4.254783250308772,4.184352267510256
2189,nesso_86d41e3ed96e9dd7be13,OADMET-0002955,5.53,4.709401,3.9252105,4.6256776,4.3113804,4.596765,4.5112743,4.6799180547098365,O=C(CCc1ccccc1N1CCOCC1)N1CCCCCC1CO,0.0533,0,O=C(CCc1ccccc1N1CCOCC1)N1CCCCCC1,lockbox_primary,4.23979445124247,0.55,OADMET-0005590,4.63,O=C(CCc1ccccc1N1CCOCC1)N1CCCCCC1,"(5,6]","(0.5,0.6]",Q1_low,neutral,False,4.595596177354919,4.661617243568771,4.631968859038185,4.662020748699709
2191,nesso_86dbfe7718a55bc1aa5f,OADMET-0004683,5.31,5.0605006,4.359561,4.6754494,4.3542876,4.698808,4.576182,4.613789256281818,Cn1nnc2cc(C(=O)N3CCCC(n4ccc(C(F)(F)F)n4)C3)ccc21,0.116,0,O=C(c1ccc2[nH]nnc2c1)N1CCCC(n2cccn2)C1,lockbox_primary,4.23979445124247,0.5211267605633803,OADMET-0005152,5.06,O=C(c1ccc2[nH]nnc2c1)N1CCCC(n2cccn2)C1,"(5,6]","(0.5,0.6]",Q2,neutral,False,4.594985628140909,4.609708208063155,4.588215857856425,4.526906814045871
2194,nesso_86f4cdc5e91cc7b45f4e,OADMET-0005492,5.35,4.772102,4.0027785,4.3729916,4.067189,4.3260665,4.2554154,4.614970039135573,O=C(CNC1CCCOc2c(Br)cccc21)NCC1CC1,0.076,1,O=C(CNC1CCCOc2ccccc21)NCC1CC1,lockbox_primary,4.23979445124247,0.3333333333333333,OADMET-0002911,5.06,O=C(CNC1CCCOc2ccccc21)NCC1CC1,"(5,6]","(0.3,0.4]",Q1_low,positive,False,4.4351927195677865,4.575952041955447,4.519797391602055,4.5930919680062505
2199,nesso_87330b32e935be24a5f8,OADMET-0001201,3.95,4.9213905,4.1874657,4.621695,4.2662854,4.5500884,4.4793563,4.212661257070279,CCCC(C)N1CC2(CCN(C(=O)c3cnccn3)CC2)OC1=O,0.175,0,O=C1NCC2(CCN(C(=O)c3cnccn3)CC2)O1,lockbox_primary,4.23979445124247,0.3055555555555556,OADMET-0005110,4.93,O=C1NCC2(CCN(C(=O)c3cnccn3)CC2)O1,<=4,"(0.3,0.4]",Q3,neutral,False,4.34600877853514,4.241602356142183,4.216605788296554,4.395788868945813
2202,nesso_8761d46a61e607bdb6e1,OADMET-0006023,4.98,5.2740006,4.623685,4.8939657,4.6364303,4.8167667,4.7823873,5.307484066615473,CCc1ccc(C2COCCN2S(=O)(=O)c2ccc3c(c2)C(C)(C)C(=O)N3)o1,0.206,0,O=C1Cc2cc(S(=O)(=O)N3CCOCC3c3ccco3)ccc2N1,lockbox_primary,4.23979445124247,0.3580246913580246,OADMET-0004790,5.31,O=C1Cc2cc(S(=O)(=O)N3CCOCC3c3ccco3)ccc2N1,"(4,5]","(0.3,0.4]",Q3,neutral,False,5.044935683307736,5.250501839356906,5.239255376680136,5.207069045434366
2209,nesso_87d0cd333d16519cc238,OADMET-0003309,5.33,4.8252015,4.0684686,4.803996,4.6238184,4.791195,4.73967,5.046106798121573,CN(C)S(=O)(=O)c1cc(C(=O)NC(Cc2ccccc2)C(=O)Nc2ccccc2)ccc1F,0.126,0,O=C(NC(Cc1ccccc1)C(=O)Nc1ccccc1)c1ccccc1,lockbox_primary,4.23979445124247,0.4696969696969697,OADMET-0005563,5.18,O=C(NC(Cc1ccccc1)C(=O)Nc1ccccc1)c1ccccc1,"(5,6]","(0.4,0.5]",Q2,neutral,False,4.892888399060787,5.01285302018746,5.001523614855019,4.985538055667521
2210,nesso_87f333f6cdd9041a29b8,OADMET-0005426,5.16,5.086887,4.392204,4.843746,4.7012615,4.7892704,4.778093,5.052321799182084,O=C(c1[nH]c2ccc(Cl)cc2c1Cl)N1CCC(O)(c2ccc(F)cc2)C1,0.09,0,O=C(c1cc2ccccc2[nH]1)N1CCC(c2ccccc2)C1,lockbox_primary,4.23979445124247,0.3939393939393939,OADMET-0003547,4.75,O=C(c1cc2ccccc2[nH]1)N1CCC(c2ccccc2)C1,"(5,6]","(0.3,0.4]",Q2,neutral,False,4.915207399591042,5.022563155158133,5.01527559563603,4.953006245278504
2213,nesso_881bb1f12e7d9c847421,OADMET-0005059,4.92,4.730895,3.9518008,4.3831463,4.1107736,4.3716073,4.288509,4.268597579940634,CN(C)c1cccc(CNC(=O)c2cc3ccccc3c(=O)o2)n1,0.13,0,O=C(NCc1ccccn1)c1cc2ccccc2c(=O)o1,lockbox_primary,4.23979445124247,0.4576271186440678,OADMET-0005058,4.96,O=C(NCc1ccccn1)c1cc2ccccc2c(=O)o1,"(4,5]","(0.4,0.5]",Q2,neutral,False,4.278553289970317,4.2707583189415175,4.224181280530201,4.191546186252909
2215,nesso_8829ad68bc4f5d6f5001,OADMET-0002690,5.27,5.2313013,4.570861,5.0162587,4.8439703,4.9920316,4.9507537,5.192967411752417,CCc1ccc(-n2nc(C3CC3)nc2C2CCC(C(=O)N(C)C)CC2)cc1,0.0155,0,c1ccc(-n2nc(C3CC3)nc2C2CCCCC2)cc1,lockbox_primary,4.23979445124247,0.2714285714285714,OADMET-0004920,4.68,c1ccc(-n2nc(C3CC3)nc2C2CCCCC2)cc1,"(5,6]",<=0.3,Q1_low,neutral,False,5.071860555876208,5.1666829673495736,5.1756044660019604,5.181666726868227
2217,nesso_8839a453e7f77d76b1d6,OADMET-0001724,4.6,5.0384164,4.33224,5.03331,4.8779593,5.0078564,4.973042,4.836568454355096,C=CC(=O)N(Cc1cnn(C)c1C)CC1(c2cccc(F)c2)CCOCC1,0.0612,0,c1ccc(C2(CNCc3cn[nH]c3)CCOCC2)cc1,lockbox_primary,4.23979445124247,0.3452380952380952,OADMET-0002563,5.36,c1ccc(C2(CNCc3cn[nH]c3)CCOCC2)cc1,"(4,5]","(0.3,0.4]",Q1_low,neutral,False,4.904805227177548,4.851378232451512,4.868884190164009,4.965615207403993
2220,nesso_88475d80c3f7a52048bd,OADMET-0002314,2.63,4.30063,3.4195132,2.427121,2.1761837,2.3898687,2.3310578,2.9118597098948067,Nc1ccc2c(c1)OCO2,0.515,0,c1ccc2c(c1)OCO2,lockbox_primary,4.23979445124247,0.3783783783783784,OADMET-0002056,2.82,c1ccc2c(c1)OCO2,<=4,"(0.3,0.4]",Q4_high,neutral,False,2.6214587549474033,2.8488324956250386,2.614372635742887,3.152749259150178
2222,nesso_8849aa4e8098941f4217,OADMET-0006010,5.28,5.0081124,4.2947507,4.7401104,4.4170966,4.700481,4.61923,5.141752974574629,CCn1c(-c2cc(C)oc2C)nnc1N(C)CCCSC,0.0696,0,c1nnc(-c2ccoc2)[nH]1,lockbox_primary,4.23979445124247,0.360655737704918,OADMET-0005365,4.9,c1nnc(-c2ccoc2)[nH]1,"(5,6]","(0.3,0.4]",Q1_low,neutral,False,4.880491487287315,5.0850500489844634,5.059055668341666,5.19301439959294
2244,nesso_89a9c0e07658039b6941,OADMET-0001244,2.8,4.8847365,4.1421204,3.4775171,3.115016,3.4837942,3.3587759,3.516633611310767,CCc1ocnc1C(=O)N1CCN(C(=O)COC)[C@@H]2CS(=O)(=O)C[C@@H]21,0.284,0,O=C(c1cocn1)N1CCN[C@@H]2CS(=O)(=O)C[C@@H]21,lockbox_primary,4.23979445124247,0.3289473684210526,OADMET-0001107,2.23,O=C(c1cocn1)N1CCN[C@@H]2CS(=O)(=O)C[C@@H]21,<=4,"(0.3,0.4]",Q4_high,neutral,False,3.4377047556553837,3.4995032754330477,3.3655514772954787,3.295508634437369
2253,nesso_8a1b8f7bc067e7b49b5f,OADMET-0001335,4.74,4.8920636,4.151185,5.07505,4.8906555,5.047842,5.004516,4.8907604054881775,COc1ccc(NC2(C(=O)NCc3noc(C4CC4)n3)CCCCC2)cc1,0.0521,0,O=C(NCc1noc(C2CC2)n1)C1(Nc2ccccc2)CCCCC1,lockbox_primary,4.23979445124247,0.4078947368421052,OADMET-0001270,4.39,O=C(NCc1noc(C2CC2)n1)C1(Nc2ccccc2)CCCCC1,"(4,5]","(0.4,0.5]",Q1_low,neutral,False,4.947638202744089,4.903104886640074,4.923070644400876,5.043217910952731
2264,nesso_8af0cf389ec486f44888,OADMET-0003038,4.87,5.00613,4.2922983,4.8995156,4.6932044,4.8502493,4.814323,4.823119422746035,O=C(NC1CC1)c1ccc(CN(Cc2ccco2)S(=O)(=O)c2ccc(F)cc2F)cc1,0.0742,0,O=C(NC1CC1)c1ccc(CN(Cc2ccco2)S(=O)(=O)c2ccccc2)cc1,lockbox_primary,4.23979445124247,0.3294117647058823,OADMET-0005998,4.83,O=C(NC1CC1)c1ccc(CN(Cc2ccco2)S(=O)(=O)c2ccccc2)cc1,"(4,5]","(0.3,0.4]",Q1_low,neutral,False,4.818721211373017,4.822164856289251,4.822762745763866,4.7144154443863355
2274,nesso_8b6a078c20df8c97eaeb,OADMET-0003609,4.47,6.0487595,5.582151,4.788045,4.846239,4.550242,4.7281756,4.419690794397248,O=C1OC(c2ccc(O)cc2)(c2ccc(O)cc2)c2ccccc21,0.0844,0,O=C1OC(c2ccccc2)(c2ccccc2)c2ccccc21,lockbox_primary,4.23979445124247,0.2653061224489796,OADMET-0003596,3.21,O=C1OC(c2ccccc2)(c2ccccc2)c2ccccc21,"(4,5]",<=0.3,Q2,neutral,False,4.573933197198624,4.4531668171348695,4.451453589776461,4.464909977365387
2277,nesso_8bd055276a47e326f861,OADMET-0003299,4.75,5.2677536,4.615957,4.923994,4.5176916,4.847354,4.7630134,4.74275221367245,O=c1c(NS(=O)(=O)c2cnn3c2CCCC3)cccn1C(F)F,0.0777,0,O=c1[nH]cccc1NS(=O)(=O)c1cnn2c1CCCC2,lockbox_primary,4.23979445124247,0.2987012987012987,OADMET-0003975,5.04,O=c1[nH]cccc1NS(=O)(=O)c1cnn2c1CCCC2,"(4,5]",<=0.3,Q1_low,neutral,False,4.752882806836225,4.744950908460243,4.741400502707131,4.7923484041250255
2278,nesso_8bdc41f4612f48cc1b33,OADMET-0001000,2.65,4.1970778,3.291407,3.1873126,2.693778,3.2851257,3.0554054,3.21043758238752,CCN(Cc1cnn(CC)c1)C(=O)NCC1CCN(C)CC1,0.31,1,O=C(NCc1cn[nH]c1)NCC1CCNCC1,lockbox_primary,4.23979445124247,0.4225352112676056,OADMET-0001102,3.53,O=C(NCc1cn[nH]c1)NCC1CCNCC1,<=4,"(0.4,0.5]",Q4_high,positive,False,3.13292149119376,3.1936138660539815,3.032206193161227,2.981152789249016
2288,nesso_8c26971cde7cd40fa422,OADMET-0001742,2.94,4.7054825,3.9203625,3.8970487,3.4913921,3.870176,3.7528725,3.216809919598878,C=CC(=O)N(CC)CC(=O)NCC(C)(C)C1(O)CCCOC1,0.291,0,C1CCOCC1,lockbox_primary,4.23979445124247,0.3428571428571428,OADMET-0001652,3.09,C1CCOCC1,<=4,"(0.3,0.4]",Q4_high,neutral,False,3.484841209799439,3.274982130367031,3.188788368825814,3.191622159007371
2292,nesso_8c5f3fbff78a169c9575,OADMET-0004948,4.54,5.057684,4.3560762,4.7460933,4.5586085,4.7391562,4.681286,4.888069290453039,C[C@@H](NC(=O)C1CCN(C(=O)OCc2ccccc2)C1)c1ccc(F)cc1,0.157,0,O=C(NCc1ccccc1)C1CCN(C(=O)OCc2ccccc2)C1,lockbox_primary,4.23979445124247,0.3972602739726027,OADMET-0005894,4.71,O=C(NCc1ccccc1)C1CCN(C(=O)OCc2ccccc2)C1,"(4,5]","(0.3,0.4]",Q3,neutral,False,4.78467764522652,4.865629669417441,4.85073419799974,4.900800473773323
2293,nesso_8c6c2f590ff3ee5777e5,OADMET-0004924,4.3,4.8925657,4.151806,4.8187113,4.5680885,4.757139,4.7146463,3.921004185998366,CC(O)C(C)CNC(=O)CSc1nc2ccccc2nc1N1CCOCC1,0.238,0,c1ccc2nc(N3CCOCC3)cnc2c1,lockbox_primary,4.23979445124247,0.3,OADMET-0001345,3.28,c1ccc2nc(N3CCOCC3)cnc2c1,"(4,5]",<=0.3,Q4_high,neutral,False,4.317825242999183,4.007128302879718,4.0125975832323215,3.8962038611858345
2295,nesso_8c975f42a10cabeced92,OADMET-0005505,4.48,4.542038,3.7181625,3.6856396,3.223998,3.7530105,3.5542161,4.618056196116787,O=C(Cn1c(=O)[nH]c2ccccc2c1=O)NC1CCc2c(F)cccc21,0.249,0,O=C(Cn1c(=O)[nH]c2ccccc2c1=O)NC1CCc2ccccc21,lockbox_primary,4.23979445124247,0.3529411764705882,OADMET-0002778,5.04,O=C(Cn1c(=O)[nH]c2ccccc2c1=O)NC1CCc2ccccc21,"(4,5]","(0.3,0.4]",Q4_high,neutral,False,4.086136148058394,4.502610849701057,4.3706752794331445,4.419850605868679
2296,nesso_8c9c411d874886e7f7ba,OADMET-0005428,5.0,5.0529785,4.350255,4.8701453,4.7094812,4.8523345,4.8106537,4.901055143427982,CNC(=O)C1Cc2ccccc2N1C(=O)c1cccc(OCC(F)(F)F)n1,0.125,0,O=C(c1ccccn1)N1CCc2ccccc21,lockbox_primary,4.23979445124247,0.4189189189189189,OADMET-0002751,5.13,O=C(c1ccccn1)N1CCc2ccccc21,"(4,5]","(0.4,0.5]",Q2,neutral,False,4.855854421713991,4.891244998095877,4.890095770439808,4.986833007288112
2301,nesso_8cf3b7e4e335892d4d28,OADMET-0002874,5.33,5.473416,4.8703847,5.1115236,5.0520787,5.03729,5.0669646,4.768015383505912,Cn1ccnc1C(Nc1nccn2ncc(Br)c12)c1ccccc1,0.0139,0,c1ccc(C(Nc2nccn3nccc23)c2ncc[nH]2)cc1,lockbox_primary,4.23979445124247,0.3880597014925373,OADMET-0001009,3.21,c1ccc(C(Nc2nccn3nccc23)c2ncc[nH]2)cc1,"(5,6]","(0.3,0.4]",Q1_low,neutral,False,4.917489991752956,4.800456627246252,4.82929416115543,4.831183447265715
2307,nesso_8d881c8f0bb51d890ffc,OADMET-0002895,5.43,4.945036,4.2167177,5.13533,4.975249,5.1053734,5.071984,4.91829131710635,Cc1ccn2ncc(C(=O)NCC(F)(F)c3ccc(F)cc3F)c2c1,0.0663,0,O=C(NCCc1ccccc1)c1cnn2ccccc12,lockbox_primary,4.23979445124247,0.4090909090909091,OADMET-0003449,5.57,O=C(NCCc1ccccc1)c1cnn2ccccc12,"(5,6]","(0.4,0.5]",Q1_low,neutral,False,4.995137658553174,4.934969674204363,4.961744586685254,5.084609793306454
2308,nesso_8d90ea19ad50e57bb3c5,OADMET-0003627,2.95,5.1695013,4.494407,3.7214837,3.5766416,3.611094,3.6364067,3.4012587901977995,CCc1nc(N)nc(N)c1-c1ccc(Cl)cc1,0.26,0,c1ccc(-c2cncnc2)cc1,lockbox_primary,4.23979445124247,0.3076923076923077,OADMET-0002073,1.94,c1ccc(-c2cncnc2)cc1,<=4,"(0.3,0.4]",Q4_high,neutral,False,3.5188327450988997,3.426776470914235,3.3248077370824283,2.88217064112706
2319,nesso_8e45e680739336a2a881,OADMET-0005138,4.84,5.131955,4.4479585,4.0946407,3.7200952,4.0741744,3.96297,4.594943242698377,C[C@@H]1COC[C@@](CO)(CNS(=O)(=O)c2cnn3c2CCCC3)N1C,0.207,1,O=S(=O)(NCC1COCCN1)c1cnn2c1CCCC2,lockbox_primary,4.23979445124247,0.5492957746478874,OADMET-0005155,4.83,O=S(=O)(NCC1COCCN1)c1cnn2c1CCCC2,"(4,5]","(0.5,0.6]",Q3,positive,False,4.278956621349188,4.526363039531474,4.43897228054449,4.607076069890922
2329,nesso_8ef17f9b353f99a8e20e,OADMET-0001683,4.58,4.9005146,4.1616397,4.8988156,4.722063,4.87399,4.8316226,4.744252108712771,O=Cc1ccc(C(=O)NCC2(c3cccc(Br)c3)CC2)[nH]1,0.0593,0,O=C(NCC1(c2ccccc2)CC1)c1ccc[nH]1,lockbox_primary,4.23979445124247,0.3529411764705882,OADMET-0003455,5.47,O=C(NCC1(c2ccccc2)CC1)c1ccc[nH]1,"(4,5]","(0.3,0.4]",Q1_low,neutral,False,4.7879373543563855,4.7537333424714765,4.7575665278441335,4.797534622927286
2331,nesso_8ef71e3d094323e375ed,OADMET-0005511,4.73,5.173689,4.4995875,5.227405,5.0494924,5.198642,5.158513,4.65574845052827,Cc1cc(C)cc(C(=O)N2CCN(C(=O)c3cnc4cc[nH]c4c3)CCC2C)c1,0.238,0,O=C(c1ccccc1)N1CCCN(C(=O)c2cnc3cc[nH]c3c2)CC1,lockbox_primary,4.23979445124247,0.3888888888888889,OADMET-0005414,4.42,O=C(c1ccccc1)N1CCCN(C(=O)c2cnc3cc[nH]c3c2)CC1,"(4,5]","(0.3,0.4]",Q4_high,neutral,False,4.907130725264135,4.710307239759072,4.750977626678159,4.79316767431367
2338,nesso_8f61b62eaf8a8f7dfd3e,OADMET-0005943,5.0,4.8198576,4.0618577,4.7294173,4.5375423,4.7353435,4.6674347,5.446155001125215,Cc1c(C(=O)N2CCCN3c4ccccc4CC3C2)c(O)nc2ccccc12,0.163,0,O=C(c1cnc2ccccc2c1)N1CCCN2c3ccccc3CC2C1,lockbox_primary,4.23979445124247,0.3235294117647059,OADMET-0001881,4.6,O=C(c1cnc2ccccc2c1)N1CCCN2c3ccccc3CC2C1,"(4,5]","(0.3,0.4]",Q3,neutral,False,5.056794850562607,5.361650163177752,5.335585608768733,5.417770799896596
2340,nesso_8f8347a3d3c8d5164311,OADMET-0001287,2.5,4.9457035,4.2175436,3.0322647,2.655148,3.1650581,2.9508235,3.46687873095687,CC(=O)c1ccc(-c2cccc(C(=O)N[C@@H]3CS(=O)(=O)C[C@H]3O)c2)nc1,0.315,0,O=C(N[C@H]1CCS(=O)(=O)C1)c1cccc(-c2ccccn2)c1,lockbox_primary,4.23979445124247,0.3793103448275862,OADMET-0002282,2.73,O=C(N[C@H]1CCS(=O)(=O)C1)c1cccc(-c2ccccn2)c1,<=4,"(0.3,0.4]",Q4_high,neutral,False,3.208851115478435,3.4108776692137286,3.2337306224652393,3.1287944206636724
2344,nesso_8fb6952a22940f4edd6a,OADMET-0002684,3.2,4.723214,3.9422984,4.589058,4.26828,4.5375485,4.464962,4.021292695129572,OC1(c2cn(CCOc3ccc(Cl)cc3)nn2)CCOCC1,0.305,0,c1ccc(OCCn2cc(C3CCOCC3)nn2)cc1,lockbox_primary,4.23979445124247,0.3235294117647059,OADMET-0005369,4.15,c1ccc(OCCn2cc(C3CCOCC3)nn2)cc1,<=4,"(0.3,0.4]",Q4_high,neutral,False,4.243127347564786,4.069438611777906,4.046204454199896,4.00373569066292
2345,nesso_8fb79b723c8c6d0a77f1,OADMET-0003483,5.45,5.191043,4.5210567,5.0430975,4.853299,5.0201817,4.972193,5.103494956851522,Cc1cccn2cc(CC(=O)NC3CCCOc4cc(F)ccc43)nc12,0.0577,0,O=C(Cc1cn2ccccc2n1)NC1CCCOc2ccccc21,lockbox_primary,4.23979445124247,0.4683544303797468,OADMET-0002717,5.54,O=C(Cc1cn2ccccc2n1)NC1CCCOc2ccccc21,"(5,6]","(0.4,0.5]",Q1_low,neutral,False,5.0378439784257605,5.089246387024987,5.102034073509454,5.114509485424081
2349,nesso_901b1bdc8c4943cd6fc1,OADMET-0003354,3.9,4.5925236,3.7806191,3.4363387,3.0518785,3.4769115,3.3217096,3.132167944009276,CC1CNCC(Cn2cc(-c3cn4ccccc4n3)nn2)C1,0.306,1,c1ccn2cc(-c3cn(CC4CCCNC4)nn3)nc2c1,lockbox_primary,4.23979445124247,0.3373493975903614,OADMET-0005527,4.09,c1ccn2cc(-c3cn(CC4CCCNC4)nn3)nc2c1,<=4,"(0.3,0.4]",Q4_high,positive,False,3.226938772004638,3.152736544700238,3.0214455607287185,3.077247322792979
2350,nesso_9048e1426cd8fba01b84,OADMET-0002160,1.82,5.2065234,4.540208,3.448669,3.2548008,3.4992008,3.4008904,2.521081471116436,NCCN1CCOCC1,0.56,2,C1COCCN1,lockbox_primary,4.23979445124247,0.2857142857142857,OADMET-0002132,2.95,C1COCCN1,<=4,<=0.3,Q4_high,positive,False,2.9609859355582184,2.6165562017130406,2.504408342664019,2.2456216153215296
2352,nesso_9060e0752bb905959dc4,OADMET-0003726,1.98,5.8343325,5.31688,3.41465,3.5229144,3.7780669,3.5718772,4.849802537233036,C[C@@H](Oc1cc(-c2cnn(C3CCNCC3)c2)cnc1N)c1c(Cl)ccc(F)c1Cl,0.632,1,c1ccc(COc2cncc(-c3cnn(C4CCNCC4)c3)c2)cc1,lockbox_primary,4.23979445124247,0.2528735632183908,OADMET-0004723,4.31,c1ccc(COc2cncc(-c3cnn(C4CCNCC4)c3)c2)cc1,<=4,<=0.3,Q4_high,positive,False,4.210839868616518,4.711125179809847,4.577080144227354,4.196674449712437
2356,nesso_90922bb28db6ff33a485,OADMET-0002758,5.795,5.176389,4.5029283,4.868104,4.674431,4.8361626,4.792899,4.613732928083097,CN(Cc1cc(C(C)(C)C)[nH]n1)C(=O)c1ccc(-c2cc[nH]n2)s1,0.063248102738343,0,O=C(NCc1cc[nH]n1)c1ccc(-c2cc[nH]n2)s1,lockbox_primary,4.23979445124247,0.3698630136986301,OADMET-0005123,4.6,O=C(NCc1cc[nH]n1)c1ccc(-c2cc[nH]n2)s1,"(5,6]","(0.3,0.4]",Q1_low,neutral,False,4.703315964041549,4.633175595560938,4.635089009813087,4.635103063330805
2359,nesso_90bd747a362526b32d32,OADMET-0002827,5.91,5.321129,4.681988,5.0024137,4.84684,4.942124,4.9304595,5.189407302150377,CCOC(=O)c1csc(C2CCCN2C(=O)Nc2ccc(C(C)(C)C)cc2)n1,0.0852,0,O=C(Nc1ccccc1)N1CCCC1c1nccs1,lockbox_primary,4.23979445124247,0.382716049382716,OADMET-0005653,5.41,O=C(Nc1ccccc1)N1CCCC1c1nccs1,"(5,6]","(0.3,0.4]",Q2,neutral,False,5.059933401075188,5.161306914853488,5.168098407216659,5.256628831932195
2367,nesso_90efce46e533ca32eda0,OADMET-0001942,2.82,4.959265,4.234321,4.2365704,3.9602692,4.215678,4.137506,4.0240367761699165,COC(=O)C1CCN(C(=O)c2cc3ccccc3oc2=O)CC1,0.463,0,O=C(c1cc2ccccc2oc1=O)N1CCCCC1,lockbox_primary,4.23979445124247,0.5172413793103449,OADMET-0003300,5.27,O=C(c1cc2ccccc2oc1=O)N1CCCCC1,<=4,"(0.5,0.6]",Q4_high,neutral,True,4.080771388084958,4.03635018107015,3.9777041918195657,3.856599550589701
2368,nesso_91032790ecc2bde18f7d,OADMET-0002057,1.97,4.3904734,3.5306597,1.4895477,1.4280229,2.101393,1.6729879,2.164295215816044,C1CCCNCCC1,0.613,1,C1CCCNCCC1,lockbox_primary,4.23979445124247,1.0,OADMET-0002052,2.49,C1CCCNCCC1,<=4,>0.6,Q4_high,positive,False,1.918641557908022,2.1109797377869666,1.818407676472237,1.9510932906575431
2374,nesso_919cd3f037460f0dc0b8,OADMET-0003551,4.94,4.761099,3.9891663,4.0271235,3.758017,4.101446,3.9621956,4.533757926642482,NC(=O)C(c1ccccc1)(c1ccccc1)[C@@H]1CCN(CCc2ccc3c(c2)CCO3)C1,0.153,1,c1ccc(C(c2ccccc2)[C@@H]2CCN(CCc3ccc4c(c3)CCO4)C2)cc1,lockbox_primary,4.23979445124247,0.3733333333333333,OADMET-0005685,4.22,c1ccc(C(c2ccccc2)[C@@H]2CCN(CCc3ccc4c(c3)CCO4)C2)cc1,"(4,5]","(0.3,0.4]",Q3,positive,False,4.247976763321241,4.47173336953256,4.385319490067466,4.3808669463987995
2376,nesso_91bdc419eb5f02cc6723,OADMET-0005432,5.48,4.7830496,4.016322,4.5979977,4.175969,4.5120473,4.4286714,4.866642976981084,Cc1c(C(=O)NCC2CCCC(C)(C)O2)nnn1C(C)C,0.077,0,O=C(NCC1CCCCO1)c1c[nH]nn1,lockbox_primary,4.23979445124247,0.5483870967741935,OADMET-0005433,4.78,O=C(NCC1CCCCO1)c1c[nH]nn1,"(5,6]","(0.5,0.6]",Q1_low,neutral,False,4.647657188490542,4.819115363940943,4.777309648756004,4.985771412831228
2385,nesso_92557189c2e149a75198,OADMET-0001516,4.79,5.428218,4.8144693,4.7720795,4.642529,4.670245,4.694951,3.834063831244028,Cc1ccc2cc(C=O)c(N3CCCCC3)nc2c1,0.0313,0,c1ccc2nc(N3CCCCC3)ccc2c1,lockbox_primary,4.23979445124247,0.3387096774193548,OADMET-0002664,5.08,c1ccc2nc(N3CCCCC3)ccc2c1,"(4,5]","(0.3,0.4]",Q1_low,neutral,False,4.264507415622013,3.9274852183346876,3.9323343843222403,3.7187874796729448
2387,nesso_9274a12082cd9563fb90,OADMET-0001685,2.27,5.2308273,4.570275,4.331564,4.1786313,4.3202095,4.2768016,3.989248768586682,O=Cc1ccc(Oc2ncnc3sc(-c4ccccc4)cc23)cc1,0.281,0,c1ccc(Oc2ncnc3sc(-c4ccccc4)cc23)cc1,lockbox_primary,4.23979445124247,0.360655737704918,OADMET-0001676,3.94,c1ccc(Oc2ncnc3sc(-c4ccccc4)cc23)cc1,<=4,"(0.3,0.4]",Q4_high,neutral,False,4.133025184293341,4.020453304265032,3.9774537967243426,3.7593170564361085
2392,nesso_9294f1640ddb0f5c08a7,OADMET-0005379,4.34,5.0990944,4.4073057,4.806037,4.63772,4.7675276,4.737095,4.691109600599799,CS(=O)(=O)c1ccc2nc(NC(=O)C3CCN(c4ccccc4F)C3)sc2c1,0.302,0,O=C(Nc1nc2ccccc2s1)C1CCN(c2ccccc2)C1,lockbox_primary,4.23979445124247,0.4729729729729729,OADMET-0004285,4.66,O=C(Nc1nc2ccccc2s1)C1CCN(c2ccccc2)C1,"(4,5]","(0.4,0.5]",Q4_high,neutral,False,4.714102300299899,4.696099824584776,4.6906454198267005,4.725230532821212
2405,nesso_935a78856161632b0554,OADMET-0001750,3.27,4.8834004,4.1404676,4.6806026,4.447013,4.670823,4.599479,3.4179029885426866,C=CC(=O)N1CC(CC(=O)Nc2ccc(=O)n(Cc3cccc(Cl)c3)c2)C1,0.229,0,O=C(CC1CNC1)Nc1ccc(=O)n(Cc2ccccc2)c1,lockbox_primary,4.23979445124247,0.375,OADMET-0001789,1.73,O=C(CC1CNC1)Nc1ccc(=O)n(Cc2ccccc2)c1,<=4,"(0.3,0.4]",Q3,neutral,False,4.008690994271343,3.546124750870615,3.547876455934153,3.3139293763533937
2414,nesso_940c1e4a06db4645a6b6,OADMET-0005641,5.1,5.3333125,4.6970606,5.1894407,5.069266,5.1699467,5.1428847,5.083599556995498,COc1cc(F)c(C(C)NC(=O)c2ccccc2OC(F)(F)F)cc1OC,0.112,0,O=C(NCc1ccccc1)c1ccccc1,lockbox_primary,4.23979445124247,0.360655737704918,OADMET-0005670,4.6,O=C(NCc1ccccc1)c1ccccc1,"(5,6]","(0.3,0.4]",Q2,neutral,False,5.113242128497749,5.090033036892001,5.121599759544782,5.100987871004211
2415,nesso_9420cfa4e831278873a9,OADMET-0004802,4.67,4.6174364,3.8114395,4.3822017,4.035865,4.3816595,4.2665753,4.520686291555574,Cc1cnn(CCC(=O)N2CCCN(C(=O)c3ccc(Cl)cc3)CC2)c1,0.204,0,O=C(CCn1cccn1)N1CCCN(C(=O)c2ccccc2)CC1,lockbox_primary,4.23979445124247,0.4827586206896552,OADMET-0005875,4.95,O=C(CCn1cccn1)N1CCCN(C(=O)c2ccccc2)CC1,"(4,5]","(0.4,0.5]",Q3,neutral,False,4.393630795777787,4.493110783210608,4.439795569358324,4.463668913046529
2421,nesso_94ec379e48e156b65669,OADMET-0003332,5.29,5.032544,4.3249755,5.1917853,5.046236,5.163289,5.1337705,5.139476751787164,O=C(c1cc(Cl)ccc1NCc1ncnn1-c1ccccc1)N1CCCC1,0.0657,0,O=C(c1ccccc1NCc1ncnn1-c1ccccc1)N1CCCC1,lockbox_primary,4.23979445124247,0.4027777777777778,OADMET-0002671,5.3,O=C(c1ccccc1NCc1ncnn1-c1ccccc1)N1CCCC1,"(5,6]","(0.4,0.5]",Q1_low,neutral,False,5.1366236258935825,5.138857523186259,5.168471431644832,5.371365046007135
2425,nesso_951c151c1465d21265cb,OADMET-0001263,4.5,5.2182736,4.5547442,4.9398403,4.8781214,4.858364,4.8921084,4.834306173899259,CC(c1ccc(Cl)cc1)N(C)C(=O)c1ccc(CCC(C)(C)O)cc1,0.0742,0,O=C(NCc1ccccc1)c1ccccc1,lockbox_primary,4.23979445124247,0.375,OADMET-0000964,3.15,O=C(NCc1ccccc1)c1ccccc1,"(4,5]","(0.3,0.4]",Q1_low,neutral,False,4.8632072869496294,4.840578731250837,4.849383313749282,4.744416185596075
2433,nesso_95c96a331c29b111544d,OADMET-0001170,3.24,4.802443,4.0403137,4.2576723,3.8512437,4.2481995,4.1190386,3.134387244507008,CCc1csc(CNC(=O)c2cc3ncccn3n2)n1,0.204,0,O=C(NCc1nccs1)c1cc2ncccn2n1,lockbox_primary,4.23979445124247,0.4307692307692308,OADMET-0001225,3.52,O=C(NCc1nccs1)c1cc2ncccn2n1,<=4,"(0.4,0.5]",Q3,neutral,False,3.6267129222535037,3.241239220897573,3.196018918669683,3.06672037862175
2444,nesso_966cadb018772b705d3c,OADMET-0005537,5.19,5.039617,4.3337255,5.2403784,5.09703,5.2229047,5.186771,4.923765041504,O=C(c1ncnc2c1OCCO2)N1CCCC1Cc1cccc2ccccc12,0.107,0,O=C(c1ncnc2c1OCCO2)N1CCCC1Cc1cccc2ccccc12,lockbox_primary,4.23979445124247,0.3766233766233766,OADMET-0003506,5.14,O=C(c1ncnc2c1OCCO2)N1CCCC1Cc1cccc2ccccc12,"(5,6]","(0.3,0.4]",Q2,neutral,False,5.055268020752,4.952305810082663,4.991382500481829,5.120310314569567
2459,nesso_97748f84e0e88000c49d,OADMET-0005760,5.24,4.66753,3.8734112,4.5558777,4.15064,4.5339117,4.4134765,4.714889811625182,CC(O)CC1CCCN1C(=O)C1CCN(c2ccccc2F)C1,0.0732,0,O=C(C1CCN(c2ccccc2)C1)N1CCCC1,lockbox_primary,4.23979445124247,0.3888888888888889,OADMET-0004285,4.66,O=C(C1CCN(c2ccccc2)C1)N1CCCC1,"(5,6]","(0.3,0.4]",Q1_low,neutral,False,4.564183155812591,4.6821811702589695,4.641364757473502,4.76566480313748
2467,nesso_97dcd66255c581a8eb7b,OADMET-0005455,5.09,4.839403,4.0860376,4.2424626,3.8991146,4.227728,4.1231017,3.0762853534956967,Cc1nc(N(C)CCN(C)C(=O)CCc2ncc[nH]2)ccc1[N+](=O)[O-],0.102,0,O=C(CCc1ncc[nH]1)NCCNc1ccccn1,lockbox_primary,4.23979445124247,0.28,OADMET-0004885,4.72,O=C(CCc1ncc[nH]1)NCCNc1ccccn1,"(5,6]",<=0.3,Q2,neutral,False,3.5996935267478483,3.1898833239021176,3.1461088923671463,3.0893695415993725
2470,nesso_980ce0da218efa4d2a06,OADMET-0005366,4.83,4.8650193,4.1177278,4.6168156,4.3981037,4.570529,4.528483,4.071112435820687,NC(=O)c1cc(N2CCCC2c2ccc(Cl)cc2)ncn1,0.174,0,c1ccc(C2CCCN2c2ccncn2)cc1,lockbox_primary,4.23979445124247,0.2898550724637681,OADMET-0005705,4.52,c1ccc(C2CCCN2c2ccncn2)cc1,"(4,5]",<=0.3,Q3,neutral,False,4.2997977179103435,4.120745179890753,4.103507585175684,4.123513427141297
2476,nesso_983ddad78e5c901c29a7,OADMET-0003634,3.9,5.260997,4.607598,4.144201,3.929309,4.090212,4.0545735,3.864751923238521,C[C@H]1C[C@H]2[C@@H]3CCC4=CC(=O)C=C[C@]4(C)[C@@]3(F)[C@@H](O)C[C@]2(C)[C@@]1(O)C(=O)CO,0.166,0,O=C1C=CC2C(=C1)CC[C@@H]1C2CCC2CCC[C@H]21,lockbox_primary,4.23979445124247,0.5362318840579711,OADMET-0003764,3.94,O=C1C=CC2C(=C1)CC[C@@H]1C2CCC2CCC[C@H]21,<=4,"(0.5,0.6]",Q3,neutral,False,3.95966271161926,3.885350900252453,3.820509300280309,3.7885615856998016
2481,nesso_9877b7118252ce27e226,OADMET-0001522,4.53,4.852085,4.101727,4.0628376,3.6254544,4.0195646,3.9026191,4.518667477402866,O=Cc1ccccc1S(=O)(=O)N1CCCCC1CCn1ccnn1,0.0633,0,O=S(=O)(c1ccccc1)N1CCCCC1CCn1ccnn1,lockbox_primary,4.23979445124247,0.3333333333333333,OADMET-0003277,5.85,O=S(=O)(c1ccccc1)N1CCCCC1CCn1ccnn1,"(4,5]","(0.3,0.4]",Q1_low,neutral,False,4.210643288701434,4.451815401985026,4.359228998251547,4.446327048573673
2483,nesso_98a641ad0b4848b31bc9,OADMET-0002842,5.04,5.108135,4.4184904,4.9327297,4.759533,4.890271,4.8608446,5.105355047766006,CC(NS(=O)(=O)C1CC12CCC2)c1nc(C2CCCCC2)no1,0.201,0,O=S(=O)(NCc1nc(C2CCCCC2)no1)C1CC12CCC2,lockbox_primary,4.23979445124247,0.3,OADMET-0003415,5.89,O=S(=O)(NCc1nc(C2CCCCC2)no1)C1CC12CCC2,"(5,6]",<=0.3,Q3,neutral,False,4.983099823883003,5.078821367142718,5.079551518727971,5.291559123579299
2484,nesso_98a9f0044df457d620ad,OADMET-0002944,6.04,5.36089,4.731177,4.988946,4.7796006,4.946875,4.9051404,5.556718967974343,COc1ccccc1S(=O)(=O)N(C)C(C)Cc1cccc(F)c1,0.0705,0,O=S(=O)(NCCc1ccccc1)c1ccccc1,lockbox_primary,4.23979445124247,0.3478260869565217,OADMET-0002950,5.800000000000001,O=S(=O)(NCCc1ccccc1)c1ccccc1,>6,"(0.3,0.4]",Q1_low,neutral,False,5.2309296839871715,5.486011242469884,5.483701810719121,5.535214990496793
2491,nesso_98fa97478dc38836dc5a,OADMET-0001413,3.4,4.873608,4.128353,4.7282157,4.5331287,4.7477903,4.6697116,4.184926841057076,O=C(c1ccc2[nH]ccc2c1)N1CCC(Cc2nncn2Cc2ccccc2)C1,0.249,0,O=C(c1ccc2[nH]ccc2c1)N1CCC(Cc2nncn2Cc2ccccc2)C1,lockbox_primary,4.23979445124247,0.8870967741935484,OADMET-0001412,4.11,O=C(c1ccc2[nH]ccc2c1)N1CCC(Cc2nncn2Cc2ccccc2)C1,<=4,>0.6,Q4_high,neutral,False,4.427319220528538,4.23753450703763,4.233576457419802,4.177406433618798
2496,nesso_9943c68e3d7cfb1c06d3,OADMET-0005476,5.3,4.99343,4.276587,4.962158,4.7085304,4.9282866,4.866325,4.930938635197011,COc1cccc(CC(=O)N2CCC(c3ccccc3OC)C2)c1,0.0568,0,O=C(Cc1ccccc1)N1CCC(c2ccccc2)C1,lockbox_primary,4.23979445124247,0.4696969696969697,OADMET-0003353,5.64,O=C(Cc1ccccc1)N1CCC(c2ccccc2)C1,"(5,6]","(0.4,0.5]",Q1_low,neutral,False,4.898631817598505,4.923926920254393,4.928272062199787,4.947901077744094
2503,nesso_99a6eceeecc034cb6d92,OADMET-0000950,3.79,4.2889647,3.4050822,3.962111,3.5742595,3.9347935,3.8237212,3.9926054452986266,Cc1nc(C(C)NC(=O)c2cccn2C)c(C)s1,0.142,0,O=C(NCc1cscn1)c1ccc[nH]1,lockbox_primary,4.23979445124247,0.3333333333333333,OADMET-0005648,4.53,O=C(NCc1cscn1)c1ccc[nH]1,<=4,"(0.3,0.4]",Q2,neutral,False,3.9081633226493135,3.9742785367022817,3.8822895198438823,4.001746234807446
2504,nesso_99bd478a8e03f54ec1a0,OADMET-0001550,5.04,5.22556,4.5637584,4.8123946,4.7102737,4.7139053,4.745525,4.354185137539823,O=Cc1c(Cl)nc(Oc2ccccc2)n1-c1ccccc1,0.038,0,c1ccc(Oc2nccn2-c2ccccc2)cc1,lockbox_primary,4.23979445124247,0.3148148148148148,OADMET-0001513,4.98,c1ccc(Oc2nccn2-c2ccccc2)cc1,"(5,6]","(0.3,0.4]",Q1_low,neutral,False,4.5498550687699115,4.396652390046012,4.3979482420012035,4.440370265036543
2505,nesso_99bf8d8fc3b4bb6387f7,OADMET-0005519,4.81,4.9684706,4.245709,4.5284033,4.2969866,4.5010576,4.442149,4.332183480316454,Nc1nc(COC(=O)c2cncc(-c3ccccc3)c2)nc2ccccc12,0.153,0,O=C(OCc1ncc2ccccc2n1)c1cncc(-c2ccccc2)c1,lockbox_primary,4.23979445124247,0.3230769230769231,OADMET-0001676,3.94,O=C(OCc1ncc2ccccc2n1)c1cncc(-c2ccccc2)c1,"(4,5]","(0.3,0.4]",Q3,neutral,False,4.387166240158226,4.344116671742489,4.313030172793502,4.242465235346609
2507,nesso_99ca45bdf408ccb1ce7d,OADMET-0004863,4.9,5.077278,4.3803167,5.0910664,4.9158087,5.0696955,5.0255237,4.480619223974468,Cc1ccc(CN(C(=O)c2ncc(F)cn2)C(C)C)cc1,0.104,0,O=C(NCc1ccccc1)c1ncccn1,lockbox_primary,4.23979445124247,0.2978723404255319,OADMET-0002319,3.0,O=C(NCc1ccccc1)c1ncccn1,"(4,5]",<=0.3,Q2,neutral,False,4.7530714619872345,4.539750935805852,4.569094354491389,4.491696903668167
2512,nesso_9a07d6d9cfa52a073708,OADMET-0002693,5.06,4.860275,4.1118584,4.945263,4.8617077,4.9259434,4.910971,5.251743139171621,COc1ccc(N(C(=O)c2ccccc2)C(C(=O)NC2CCCCC2)c2ccccn2)cc1,0.0565,0,O=C(NC1CCCCC1)C(c1ccccn1)N(C(=O)c1ccccc1)c1ccccc1,lockbox_primary,4.23979445124247,0.3846153846153846,OADMET-0002020,3.82,O=C(NC1CCCCC1)C(c1ccccn1)N(C(=O)c1ccccc1)c1ccccc1,"(5,6]","(0.3,0.4]",Q1_low,neutral,False,5.081357069585811,5.214763373322319,5.218369711797138,5.526335240745565
2513,nesso_9a1930c002eba7386ff0,OADMET-0003356,5.45,5.020302,4.30983,4.83758,4.4515676,4.7996016,4.69625,5.262947986212341,Cc1cnc2c(cnn2CC(=O)NC2(c3ccccc3Cl)CC2)c1,0.0624,0,O=C(Cn1ncc2cccnc21)NC1(c2ccccc2)CC1,lockbox_primary,4.23979445124247,0.4,OADMET-0002686,5.44,O=C(Cn1ncc2cccnc21)NC1(c2ccccc2)CC1,"(5,6]","(0.3,0.4]",Q1_low,neutral,False,4.979598993106171,5.2014512955252865,5.1816741966069255,5.244785761770574
2526,nesso_9a9fecc56a7eb529e48e,OADMET-0003384,5.16,5.936146,5.442835,5.0706835,4.9148884,5.096473,5.027348,5.145842537093442,CC(C)(C)c1coc(CNC(=O)N[C@H]2C[C@@H]2c2ccc(F)cc2F)n1,0.0542,0,O=C(NCc1ncco1)N[C@H]1C[C@@H]1c1ccccc1,lockbox_primary,4.23979445124247,0.4477611940298507,OADMET-0003289,5.2,O=C(NCc1ncco1)N[C@H]1C[C@@H]1c1ccccc1,"(5,6]","(0.4,0.5]",Q1_low,neutral,False,5.086595268546721,5.132983797388991,5.150994057155181,5.353940591025632
2527,nesso_9ad776241aa0946216d1,OADMET-0005589,5.16,5.5396223,4.9522896,5.0552893,4.9429617,4.9937463,4.997332,4.594916843363826,Cc1cccn2c(=O)cc(COC(=O)c3cc4cc(Br)ccc4[nH]3)nc12,0.0632,0,O=C(OCc1cc(=O)n2ccccc2n1)c1cc2ccccc2[nH]1,lockbox_primary,4.23979445124247,0.4,OADMET-0006037,4.74,O=C(OCc1cc(=O)n2ccccc2n1)c1cc2ccccc2[nH]1,"(5,6]","(0.3,0.4]",Q1_low,neutral,False,4.796124421681913,4.638585959925967,4.662903662332619,4.627206683644836
2531,nesso_9b3cd2d4e1958a83e6f2,OADMET-0004940,5.67,5.085169,4.390078,5.1086287,4.934247,5.075556,5.039477,4.811313841282955,COc1ccc2c(c1)N(C(=O)C1CC(=O)N(c3ccc(F)c([N+](=O)[O-])c3)C1)CCCC2,0.139,0,O=C1CC(C(=O)N2CCCCc3ccccc32)CN1c1ccccc1,lockbox_primary,4.23979445124247,0.4268292682926829,OADMET-0005603,4.29,O=C1CC(C(=O)N2CCCCc3ccccc32)CN1c1ccccc1,"(5,6]","(0.4,0.5]",Q2,neutral,False,4.925395420641477,4.836073553756234,4.861192025840308,4.933111343323818
2540,nesso_9b87f129b1bad5339239,OADMET-0002638,5.26,5.228734,4.567685,5.378171,5.237569,5.330486,5.3154087,5.212819859423201,CCn1ncc(NS(=O)(=O)c2ccc(Br)c(C)c2)c1C(F)(F)F,0.0688610194522271,0,O=S(=O)(Nc1cn[nH]c1)c1ccccc1,lockbox_primary,4.23979445124247,0.3432835820895522,OADMET-0004809,4.53,O=S(=O)(Nc1cn[nH]c1)c1ccccc1,"(5,6]","(0.3,0.4]",Q1_low,neutral,False,5.264114279711601,5.2239525515279706,5.271911601697513,5.461981371082823
2546,nesso_9be983a74a207b789827,OADMET-0005354,4.45,5.1056557,4.415423,4.69256,4.497735,4.6560373,4.615444,4.3953179502315365,O=C(Nc1ccc(-n2cccn2)c(F)c1)c1ccnn1-c1ccccc1,0.209,0,O=C(Nc1ccc(-n2cccn2)cc1)c1ccnn1-c1ccccc1,lockbox_primary,4.23979445124247,0.6896551724137931,OADMET-0003285,1.73,O=C(Nc1ccc(-n2cccn2)cc1)c1ccnn1-c1ccccc1,"(4,5]",>0.6,Q3,neutral,True,4.505380975115768,4.419205495139279,4.405740041445496,4.1872219675607525
2547,nesso_9bf077995d70401d8c73,OADMET-0002048,2.01,5.3880053,4.764722,2.9829884,2.6683788,3.0697203,2.9070292,2.408090130951606,CN(C)C1(CN)CCCC1,0.599,2,C1CCCC1,lockbox_primary,4.23979445124247,0.25,OADMET-0003775,3.06,C1CCCC1,<=4,<=0.3,Q4_high,positive,False,2.6575596654758034,2.462233788327264,2.298708851544579,2.2454701378609765
2549,nesso_9c0e057f30dee9541089,OADMET-0004795,4.66,5.1717496,4.4971886,5.0047393,4.820433,4.966322,4.930498,4.876914921067232,Cc1nn(CC(C)C)c(C)c1S(=O)(=O)N1CCC(C(=O)O)c2ccccc21,0.116,-1,O=S(=O)(c1cn[nH]c1)N1CCCc2ccccc21,lockbox_primary,4.23979445124247,0.2816901408450704,OADMET-0005386,4.88,O=S(=O)(c1cn[nH]c1)N1CCCc2ccccc21,"(4,5]",<=0.3,Q2,negative,False,4.903706460533616,4.88272962680355,4.894941642750937,4.918933021686548
2553,nesso_9c5e3aeb22c7ffde9cf9,OADMET-0002734,1.81,5.2173405,4.55359,4.859491,4.672321,4.8134274,4.7817464,4.616673184894957,CCn1c(NC(=O)c2cc(C)nn2C2CCOCC2)nc2cc(C#N)ccc21,0.547,0,O=C(Nc1nc2ccccc2[nH]1)c1ccnn1C1CCOCC1,lockbox_primary,4.23979445124247,0.3333333333333333,OADMET-0001181,4.56,O=C(Nc1nc2ccccc2[nH]1)c1ccnn1C1CCOCC1,<=4,"(0.3,0.4]",Q4_high,neutral,False,4.699209792447478,4.634586529740035,4.635244533670241,4.55093885805551
2555,nesso_9c6e8ec189900a92ea97,OADMET-0005958,5.09,5.120987,4.4343896,4.7471786,4.594401,4.6669793,4.6695194,5.0937438602409095,Cc1cc(NC(=O)C2(C)CCCO2)n(-c2cccc(Br)c2)n1,0.0796,0,O=C(Nc1ccnn1-c1ccccc1)C1CCCO1,lockbox_primary,4.23979445124247,0.3866666666666666,OADMET-0003470,5.82,O=C(Nc1ccnn1-c1ccccc1)C1CCCO1,"(5,6]","(0.3,0.4]",Q2,neutral,False,4.881631630120455,5.047708050959699,5.027976907211154,4.972725644227001
2557,nesso_9c72c00fe4df4431d728,OADMET-0005940,5.22,4.908851,4.1719527,4.8288364,4.6585073,4.830972,4.772772,4.797409360081853,CC(C)c1nc(C(=O)N2CCC=C(F)C2)nn1-c1ccccc1F,0.0605,0,O=C(c1ncn(-c2ccccc2)n1)N1CC=CCC1,lockbox_primary,4.23979445124247,0.4393939393939394,OADMET-0005778,4.53,O=C(c1ncn(-c2ccccc2)n1)N1CC=CCC1,"(5,6]","(0.4,0.5]",Q1_low,neutral,False,4.785090680040927,4.794735773534589,4.7912919064136865,4.760660690040292
2561,nesso_9cee5ffa1a817c6edf79,OADMET-0002823,5.39,4.8873987,4.145414,4.810972,4.7505956,4.783632,4.781733,5.055985507197119,C#CCN(Cc1ccccc1)C(=O)C(C)NC(=O)c1cccc(Cl)c1Cl,0.0402,0,O=C(CNC(=O)c1ccccc1)NCc1ccccc1,lockbox_primary,4.23979445124247,0.3653846153846153,OADMET-0003583,2.59,O=C(CNC(=O)c1ccccc1)NCc1ccccc1,"(5,6]","(0.3,0.4]",Q1_low,neutral,False,4.918859253598559,5.02622429043689,5.019266337741184,5.24591968638394
2567,nesso_9d26070874fc113835c9,OADMET-0002878,5.0,5.2550893,4.6002893,4.870106,4.677911,4.82469,4.7909026,4.805075122462865,Cc1ccc(F)c2[nH]c(C(=O)Nc3cccc(C4(C)NC(=O)NC4=O)c3)cc12,0.0533000938085478,0,O=C1NC(=O)C(c2cccc(NC(=O)c3cc4ccccc4[nH]3)c2)N1,lockbox_primary,4.23979445124247,0.4142857142857143,OADMET-0005102,5.09,O=C1NC(=O)C(c2cccc(NC(=O)c3cc4ccccc4[nH]3)c2)N1,"(4,5]","(0.4,0.5]",Q1_low,neutral,False,4.797988861231433,4.80353715470692,4.801918469114209,4.823506651865598
2571,nesso_9d3cf33f329950a67e6b,OADMET-0005959,4.53,4.932399,4.201084,4.885747,4.5920277,4.9141016,4.797292,4.592213826322298,Cc1c(C(=O)N2CCCCC2CNC(=O)Nc2ccccc2)nnn1-c1ccc2ncccc2c1,0.233,0,O=C(NCC1CCCCN1C(=O)c1cn(-c2ccc3ncccc3c2)nn1)Nc1ccccc1,lockbox_primary,4.23979445124247,0.3076923076923077,OADMET-0003506,5.14,O=C(NCC1CCCCN1C(=O)c1cn(-c2ccc3ncccc3c2)nn1)Nc1ccccc1,"(4,5]","(0.3,0.4]",Q4_high,neutral,False,4.694752913161149,4.614468412221953,4.617229243473922,4.561357984387617
2576,nesso_9d5a9a4bf8c5fbd7fa24,OADMET-0002006,5.19,5.1500573,4.4703526,4.866583,4.8143883,4.7982917,4.8264213,4.157888855149974,CC(C)(C)c1ccc(C(=O)NCc2ccc(Cl)cc2)cc1,0.222,0,O=C(NCc1ccccc1)c1ccccc1,lockbox_primary,4.23979445124247,0.5306122448979592,OADMET-0001917,4.16,O=C(NCc1ccccc1)c1ccccc1,"(5,6]","(0.5,0.6]",Q3,neutral,False,4.492155077574987,4.230436374243853,4.243871147557151,4.060038279106845
2581,nesso_9d8e87ba8a7840d74df3,OADMET-0001180,4.77,5.3933883,4.7713814,5.173188,5.002266,5.1190343,5.098163,4.662013454290476,CCSc1cccc(-c2cc(C(=O)N3CCCCC3)ccn2)c1,0.0684,0,O=C(c1ccnc(-c2ccccc2)c1)N1CCCCC1,lockbox_primary,4.23979445124247,0.3552631578947368,OADMET-0001279,4.83,O=C(c1ccnc(-c2ccccc2)c1)N1CCCCC1,"(4,5]","(0.3,0.4]",Q1_low,neutral,False,4.880088227145238,4.709343344917171,4.743387522237747,4.725079877229777
2584,nesso_9e11865f9135585bbbb0,OADMET-0004581,4.76,4.844881,4.0928144,4.4429116,4.1968417,4.3954225,4.3450584,4.601339860476318,O=S1(=O)CCCC(c2cn(-c3ccc(Cl)cc3O)nn2)C1,0.131,0,O=S1(=O)CCCC(c2cn(-c3ccccc3)nn2)C1,lockbox_primary,4.23979445124247,0.417910447761194,OADMET-0002847,5.27,O=S1(=O)CCCC(c2cn(-c3ccccc3)nn2)C1,"(4,5]","(0.4,0.5]",Q2,neutral,False,4.473199130238159,4.573528818109506,4.5272915928350415,4.635823516763511
2592,nesso_9e5641a205c44e512b64,OADMET-0003026,5.8,5.055554,4.353441,5.00288,4.8323264,4.986658,4.940622,5.73183093785283,CC(C)(C)OC(=O)NC1CCCC2CN(C(=O)C3(Cc4ccccc4)CC3)CC21,0.0501,0,O=C(N1CC2CCCCC2C1)C1(Cc2ccccc2)CC1,lockbox_primary,4.23979445124247,0.3472222222222222,OADMET-0003174,5.27,O=C(N1CC2CCCCC2C1)C1(Cc2ccccc2)CC1,"(5,6]","(0.3,0.4]",Q1_low,neutral,False,5.336226468926415,5.645970863344401,5.644458158828626,5.796737102856606
2597,nesso_9ef6ab7922bf40214af2,OADMET-0005524,5.3,5.770928,5.2384415,5.144043,5.095604,5.0222955,5.087314,5.11429215569606,CC(O)C(Nc1nc(-c2cccc(Cl)c2)no1)c1ccccc1F,0.117,0,c1ccc(CNc2nc(-c3ccccc3)no2)cc1,lockbox_primary,4.23979445124247,0.3571428571428571,OADMET-0005839,5.06,c1ccc(CNc2nc(-c3ccccc3)no2)cc1,"(5,6]","(0.3,0.4]",Q2,neutral,False,5.10080307784803,5.111364551687378,5.136397816411968,5.039108793927338
2598,nesso_9f0c49233effdda573cb,OADMET-0003003,5.23,5.0709543,4.3724933,4.9902387,4.7705655,4.9608793,4.907228,5.374975946252631,O=C1CNC(=O)c2ccc(C(=O)N3CC4CCCCC43c3ccccc3)cc2N1,0.105,0,O=C1CNC(=O)c2ccc(C(=O)N3CC4CCCCC43c3ccccc3)cc2N1,lockbox_primary,4.23979445124247,0.3780487804878049,OADMET-0002552,5.52,O=C1CNC(=O)c2ccc(C(=O)N3CC4CCCCC43c3ccccc3)cc2N1,"(5,6]","(0.3,0.4]",Q2,neutral,False,5.1411019731263154,5.324217073854901,5.325283210805427,5.438733991687583
2603,nesso_9f7d1b67af73a35df135,OADMET-0005153,4.53,4.9199066,4.18563,4.881669,4.690049,4.835265,4.8023276,4.876077471352852,c1ccc(COC2(c3nc(Cc4cnc(C5CC5)o4)no3)CCOCC2)cc1,0.178,0,c1ccc(COC2(c3nc(Cc4cnc(C5CC5)o4)no3)CCOCC2)cc1,lockbox_primary,4.23979445124247,0.5138888888888888,OADMET-0006083,4.66,c1ccc(COC2(c3nc(Cc4cnc(C5CC5)o4)no3)CCOCC2)cc1,"(4,5]","(0.5,0.6]",Q3,neutral,False,4.839202535676426,4.868074314226586,4.866458825476249,4.906761726416386
2608,nesso_9fd6f263cdc3faf44c74,OADMET-0005398,4.93,5.1043997,4.413869,5.0168653,4.8097544,4.977938,4.9348526,4.635839646399647,O=C(Cc1ccc2cn[nH]c2c1)NC1CC1c1ccccc1Cl,0.111,0,O=C(Cc1ccc2cn[nH]c2c1)NC1CC1c1ccccc1,lockbox_primary,4.23979445124247,0.3857142857142857,OADMET-0002996,3.65,O=C(Cc1ccc2cn[nH]c2c1)NC1CC1c1ccccc1,"(4,5]","(0.3,0.4]",Q2,neutral,False,4.785346123199824,4.668287806736137,4.685148614255603,4.660810896844298
2615,nesso_a03e108768c8bbcd2a85,OADMET-0001814,3.36,4.9792004,4.258983,4.5053463,4.1722393,4.497473,4.391686,2.611114294279113,C=CC(=O)N(Cc1ccn(C)n1)c1ccc(C(=O)N2CCC(O)CC2)cc1,0.206,0,O=C(c1ccc(NCc2cc[nH]n2)cc1)N1CCCCC1,lockbox_primary,4.23979445124247,0.5217391304347826,OADMET-0001556,3.58,O=C(c1ccc(NCc2cc[nH]n2)cc1)N1CCCCC1,<=4,"(0.5,0.6]",Q3,neutral,False,3.5014001471395564,2.804337616219434,2.797632199758798,2.514386431324973
2618,nesso_a04ec19579d3255fe2fe,OADMET-0005840,4.81,5.1705513,4.495706,4.3633366,4.027613,4.35868,4.2498765,5.126237554865921,CC(C)(C)OC(=O)N1C2CCC1CC(CNc1ccc(C#N)nn1)C2,0.21,0,c1cnnc(NCC2CC3CCC(C2)N3)c1,lockbox_primary,4.23979445124247,0.4225352112676056,OADMET-0004902,4.98,c1cnnc(NCC2CC3CCC(C2)N3)c1,"(4,5]","(0.4,0.5]",Q3,neutral,False,4.6880570274329605,5.031136979193367,4.965522450272255,5.033857098239506
2619,nesso_a050025340e3a70b5997,OADMET-0003733,3.2,5.4488816,4.840033,4.1940284,4.172331,4.1428704,4.169743,4.476723271090192,Cc1cc(C=Cc2ccc3cc(N(C)C)ccc3[n+]2C)c(C)n1-c1ccccc1,0.0971,1,C(=Cc1ccc2ccccc2[nH+]1)c1ccn(-c2ccccc2)c1,lockbox_primary,4.23979445124247,0.2280701754385964,OADMET-0002310,1.97,C(=Cc1ccc2ccccc2[nH+]1)c1ccn(-c2ccccc2)c1,<=4,<=0.3,Q2,positive,False,4.323233135545096,4.443410516787959,4.3803997059371484,4.03553368397395
2621,nesso_a0613be4539f7ee4e648,OADMET-0002242,2.01,4.547546,3.7249765,2.389975,2.0278506,2.5069156,2.308247,2.31428611762512,O=C(O)CN1CCOCC1,0.618,-1,C1COCCN1,lockbox_primary,4.23979445124247,0.6086956521739131,OADMET-0002199,1.95,C1COCCN1,<=4,>0.6,Q4_high,negative,False,2.31126655881256,2.313630767230994,2.087065028410578,2.1227388728379037
2624,nesso_a0ad0e77c6ef3973ba2d,OADMET-0003599,4.75,4.8398266,4.0865617,4.884004,4.6997604,4.8773847,4.820383,4.731118266415455,COc1ccc(Cl)cc1C(=O)NCCc1ccc(S(=O)(=O)NC(=O)NC2CCCCC2)cc1,0.0583,0,O=C(NC1CCCCC1)NS(=O)(=O)c1ccc(CCNC(=O)c2ccccc2)cc1,lockbox_primary,4.23979445124247,0.6349206349206349,OADMET-0001949,3.47,O=C(NC1CCCCC1)NS(=O)(=O)c1ccc(CCNC(=O)c2ccccc2)cc1,"(4,5]",>0.6,Q1_low,neutral,False,4.7757506332077275,4.740805058752943,4.743652047093377,4.693940495085576
2627,nesso_a106ee333cfba70263be,OADMET-0004727,5.01,4.801756,4.039464,4.5848703,4.2509127,4.540135,4.458639,5.085934686572882,Cc1csc(-c2cccc(S(=O)(=O)N3CCCC3CO)c2)n1,0.125,0,O=S(=O)(c1cccc(-c2nccs2)c1)N1CCCC1,lockbox_primary,4.23979445124247,0.3287671232876712,OADMET-0005697,4.9,O=S(=O)(c1cccc(-c2nccs2)c1)N1CCCC1,"(5,6]","(0.3,0.4]",Q2,neutral,False,4.772286843286441,5.017862080449236,4.975491838707835,5.1018513507262195
2633,nesso_a12b034165b522a5692f,OADMET-0002297,2.2,4.642268,3.8421593,2.8859158,2.643186,2.870562,2.799888,2.7372397076618022,COc1cccc2cc(C(=O)O)c(=O)oc12,0.657,-1,O=c1ccc2ccccc2o1,lockbox_primary,4.23979445124247,0.4736842105263157,OADMET-0002176,2.73,O=c1ccc2ccccc2o1,<=4,"(0.4,0.5]",Q4_high,negative,False,2.7685638538309014,2.744038148365191,2.5632372008564155,2.576826621247465
2635,nesso_a1318256725c97d7a84f,OADMET-0005682,4.9,5.2866282,4.6393065,5.029531,4.8609376,4.9603267,4.9502654,4.995459028871458,Cc1ccc(C2(CNC(=O)N3CCCC(C)(O)C3)CC2)c(C)c1,0.128,0,O=C(NCC1(c2ccccc2)CC1)N1CCCCC1,lockbox_primary,4.23979445124247,0.390625,OADMET-0005262,4.24,O=C(NCC1(c2ccccc2)CC1)N1CCCCC1,"(4,5]","(0.3,0.4]",Q2,neutral,False,4.972862214435729,4.990554725903471,5.002846861496405,4.943342780114811
2638,nesso_a174c204531622023467,OADMET-0001349,3.36,4.625242,3.821096,3.6717105,3.219354,3.744697,3.5452538,3.110737298229576,COc1ccc(CC(=O)N2CCC(CNC(=O)CCn3nnnc3C)CC2)cc1,0.181,0,O=C(CCn1cnnn1)NCC1CCN(C(=O)Cc2ccccc2)CC1,lockbox_primary,4.23979445124247,0.4246575342465753,OADMET-0001296,2.71,O=C(CCn1cnnn1)NCC1CCN(C(=O)Cc2ccccc2)CC1,<=4,"(0.4,0.5]",Q3,neutral,False,3.327995549114788,3.15788997488967,3.0511125491857216,2.9226432783397445
2642,nesso_a1ae474af03b1b48a85c,OADMET-0001527,3.79,5.0092926,4.296211,4.4363995,4.1508284,4.378314,4.3218474,4.388076062429979,Cc1ccccc1C1CN(c2ccc(C=O)cn2)CCO1,0.231,0,c1ccc(C2CN(c3ccccn3)CCO2)cc1,lockbox_primary,4.23979445124247,0.3421052631578947,OADMET-0003458,2.05,c1ccc(C2CN(c3ccccn3)CCO2)cc1,<=4,"(0.3,0.4]",Q3,neutral,False,4.35496173121499,4.380889088650003,4.335841601991478,4.257525499094561
2648,nesso_a2317a39ad0ff49285bd,OADMET-0003020,5.28,4.989888,4.272205,5.0570354,4.840425,5.030117,4.975859,5.2637913489268,COc1ccc(C(CC(=O)N2CCC(C)C3(CCC3)C2)NC(C)=O)cc1,0.0602,0,O=C(CCc1ccccc1)N1CCCC2(CCC2)C1,lockbox_primary,4.23979445124247,0.3150684931506849,OADMET-0005263,5.08,O=C(CCc1ccccc1)N1CCCC2(CCC2)C1,"(5,6]","(0.3,0.4]",Q1_low,neutral,False,5.1198251744634,5.232545628928576,5.242950848299973,5.3595886194632225
2649,nesso_a23a8c39b1ebcbd154b8,OADMET-0001794,5.37,5.096377,4.403944,4.953398,4.762085,4.919257,4.878247,4.473201504108635,C=CC(=O)NC(CNC(=O)c1nnc2ccccc2n1)c1ccc(C(C)C)cc1,0.0317,0,O=C(NCCc1ccccc1)c1nnc2ccccc2n1,lockbox_primary,4.23979445124247,0.3684210526315789,OADMET-0001561,3.95,O=C(NCCc1ccccc1)c1nnc2ccccc2n1,"(5,6]","(0.3,0.4]",Q1_low,neutral,False,4.675724252054318,4.517156058705698,4.530722603870209,4.6088486967060245
2655,nesso_a2ba211abe6b447edc92,OADMET-0002103,3.18,4.3334627,3.4601312,2.1246977,1.8659825,2.2928658,2.0945153,2.14107553923045,C1COCCN1,0.261,1,C1COCCN1,lockbox_primary,4.23979445124247,0.3333333333333333,OADMET-0002052,2.49,C1COCCN1,<=4,"(0.3,0.4]",Q4_high,positive,False,2.117795419615225,2.136022935021623,1.88937703461254,1.9349538561097224
2661,nesso_a315966448817f577c22,OADMET-0001570,4.63,4.983013,4.2637,4.8921757,4.7437005,4.8361464,4.8240075,4.4720674628284485,C=CC(=O)N1Cc2ccccc2CC1CNC(=O)C1=NOC(c2ccccc2)C1,0.124,0,O=C(NCC1Cc2ccccc2CN1)C1=NOC(c2ccccc2)C1,lockbox_primary,4.23979445124247,0.3513513513513513,OADMET-0005869,4.47,O=C(NCC1Cc2ccccc2CN1)C1=NOC(c2ccccc2)C1,"(4,5]","(0.3,0.4]",Q2,neutral,False,4.6480374814142245,4.510259141876025,4.517987639289739,4.485427948262981
2673,nesso_a3c763e364e468a3cafe,OADMET-0001092,4.82,4.727182,3.947207,4.514714,4.346517,4.5076785,4.456303,4.458723993779719,Cc1ccc(Cl)c(C(=O)Nc2cccc(CN3CCCC3)c2)c1,0.0298,1,O=C(Nc1cccc(CN2CCCC2)c1)c1ccccc1,lockbox_primary,4.23979445124247,0.3571428571428571,OADMET-0001974,3.67,O=C(Nc1cccc(CN2CCCC2)c1)c1ccccc1,"(4,5]","(0.3,0.4]",Q1_low,positive,False,4.4575134968898595,4.458461273407936,4.426710063642913,4.4600532965675
2676,nesso_a407dde428a1fd9d14dd,OADMET-0002721,4.97,5.194593,4.5254483,4.948498,4.6583476,4.89377,4.8335385,5.140842389962093,Cc1nc(CNC(=O)NC2CCCCc3cc(Br)ccc32)no1,0.112,0,O=C(NCc1ncon1)NC1CCCCc2ccccc21,lockbox_primary,4.23979445124247,0.4507042253521127,OADMET-0005490,4.96,O=C(NCc1ncon1)NC1CCCCc2ccccc21,"(4,5]","(0.4,0.5]",Q2,neutral,False,4.987190444981047,5.107494517324963,5.104660596990589,5.31790096749963
2678,nesso_a41814a0c499d51bce6d,OADMET-0001438,1.67,4.758365,3.9857845,4.238162,3.832918,4.2575603,4.1095467,3.4389352178784023,CCn1cc(CN2CCN(C(=O)c3ccc4[nH]ccc4c3)CC2)ccc1=O,0.484,1,O=C(c1ccc2[nH]ccc2c1)N1CCN(Cc2ccc(=O)[nH]c2)CC1,lockbox_primary,4.23979445124247,0.35,OADMET-0001412,4.11,O=C(c1ccc2[nH]ccc2c1)N1CCN(Cc2ccc(=O)[nH]c2)CC1,<=4,"(0.3,0.4]",Q4_high,positive,False,3.774240958939201,3.511708349053367,3.4601842830747436,3.2906734025688777
2683,nesso_a445d85e844105f3005f,OADMET-0005230,5.21,5.166159,4.4902725,4.727453,4.422386,4.7194076,4.6230826,4.723867519475838,COc1cc(CCC(=O)N2CCC(c3cc(C)n[nH]3)CC2)ccc1OCC(F)(F)F,0.0739,0,O=C(CCc1ccccc1)N1CCC(c2ccn[nH]2)CC1,lockbox_primary,4.23979445124247,0.359375,OADMET-0002309,2.87,O=C(CCc1ccccc1)N1CCC(c2ccn[nH]2)CC1,"(5,6]","(0.3,0.4]",Q1_low,neutral,False,4.673475059737919,4.712930584512736,4.6945953951687,4.534658326484581
2693,nesso_a4e8848528bbf94ebb50,OADMET-0004761,4.61,4.7593255,3.9869723,4.2078834,3.7582254,4.2034044,4.0565047,4.669918515135099,Cc1cc(C)cc(CNC(=O)NCC2CCCC(C)O2)c1,0.153,0,O=C(NCc1ccccc1)NCC1CCCCO1,lockbox_primary,4.23979445124247,0.3275862068965517,OADMET-0001904,4.84,O=C(NCc1ccccc1)NCC1CCCCO1,"(4,5]","(0.3,0.4]",Q3,neutral,False,4.36321160756755,4.60335233602326,4.524763514154517,4.599880881954481
2694,nesso_a4feee812a27207ac551,OADMET-0003490,5.57,4.9973445,4.2814293,4.8993745,4.734396,4.833589,4.822453,5.316025150191843,Cn1nccc1S(=O)(=O)N1Cc2ccccc2C(c2ccccc2)C1,0.0563,0,O=S(=O)(c1ccn[nH]1)N1Cc2ccccc2C(c2ccccc2)C1,lockbox_primary,4.23979445124247,0.3809523809523809,OADMET-0002867,5.12,O=S(=O)(c1ccn[nH]1)N1Cc2ccccc2C(c2ccccc2)C1,"(5,6]","(0.3,0.4]",Q1_low,neutral,False,5.069239075095922,5.262463897830662,5.255396370147119,5.363107723367273
2699,nesso_a5578ad0d235c2d8d505,OADMET-0001008,2.78,4.4906626,3.6546054,3.4042106,2.8786297,3.4187808,3.2338736,2.6957450446194624,O=C(NCCn1cnnn1)c1nccnc1C(=O)N1CCCCC1,0.198,0,O=C(NCCn1cnnn1)c1nccnc1C(=O)N1CCCCC1,lockbox_primary,4.23979445124247,0.3134328358208955,OADMET-0002003,2.34,O=C(NCCn1cnnn1)c1nccnc1C(=O)N1CCCCC1,<=4,"(0.3,0.4]",Q3,neutral,False,2.964809322309731,2.7541414499804455,2.620928868288118,2.5322887387579893
2703,nesso_a5676b91817830c10114,OADMET-0003638,5.33,6.460926,6.0920486,4.958526,5.0535707,4.854202,4.955433,3.1331751501311813,OCCN(CCO)c1nc(N2CCCCC2)c2nc(N(CCO)CCO)nc(N3CCCCC3)c2n1,0.15,0,c1nc(N2CCCCC2)c2ncnc(N3CCCCC3)c2n1,lockbox_primary,4.23979445124247,0.2419354838709677,OADMET-0002664,5.08,c1nc(N2CCCCC2)c2ncnc(N3CCCCC3)c2n1,"(5,6]",<=0.3,Q3,neutral,False,4.0443040750655905,3.330922151306249,3.37605095289409,3.357764140342668
2705,nesso_a57c38c6a33a38477527,OADMET-0001383,3.93,4.9960384,4.279814,4.7298384,4.3896666,4.709676,4.609727,4.793947602041575,CS(=O)(=O)N(Cc1ccccn1)C1CN(C(=O)CCc2c[nH]c3ccccc23)C1,0.162,0,O=C(CCc1c[nH]c2ccccc12)N1CC(NCc2ccccn2)C1,lockbox_primary,4.23979445124247,0.3703703703703703,OADMET-0001426,4.87,O=C(CCc1c[nH]c2ccccc12)N1CC(NCc2ccccn2)C1,<=4,"(0.3,0.4]",Q3,neutral,False,4.701837301020788,4.773956429216605,4.7529641914466,4.767694911338898
2707,nesso_a59159b16c55f7f9fd18,OADMET-0003488,5.37,5.336819,4.701399,4.9717402,4.744049,4.899294,4.8716946,4.876791157936784,CCS(=O)(=O)Nc1ccccc1C(=O)Nc1cc(C2CC2)n(C)n1,0.0686,0,O=C(Nc1cc(C2CC2)[nH]n1)c1ccccc1,lockbox_primary,4.23979445124247,0.46875,OADMET-0004094,4.41,O=C(Nc1cc(C2CC2)[nH]n1)c1ccccc1,"(5,6]","(0.4,0.5]",Q1_low,neutral,False,4.874242878968392,4.876238091833441,4.882101661531754,4.859119923031065
2713,nesso_a5f92a6739dc49b43e45,OADMET-0005195,4.26,4.841278,4.0883574,4.2471056,3.918912,4.2609763,4.1423316,3.822276750698168,Cc1cccc(CN(C)C(=O)CCn2cc(C#N)c(=O)[nH]c2=O)c1C,0.197,0,O=C(CCn1ccc(=O)[nH]c1=O)NCc1ccccc1,lockbox_primary,4.23979445124247,0.2592592592592592,OADMET-0003061,4.94,O=C(CCn1ccc(=O)[nH]c1=O)NCc1ccccc1,"(4,5]",<=0.3,Q3,neutral,False,3.982304175349084,3.857008326509754,3.8023805523542147,3.6783749406481574
2716,nesso_a62deb71e46fb709fa77,OADMET-0003515,5.14,5.00247,4.2877703,5.064447,4.880292,5.034699,4.9931455,4.769216595259354,CC1CN(Cc2cn(C)nc2-c2ccc(C#N)cc2)C1c1ccccc1,0.0786,1,c1ccc(-c2n[nH]cc2CN2CCC2c2ccccc2)cc1,lockbox_primary,4.23979445124247,0.2804878048780488,OADMET-0002691,5.35,c1ccc(-c2n[nH]cc2CN2CCC2c2ccccc2)cc1,"(5,6]",<=0.3,Q1_low,positive,False,4.881181047629677,4.79351681676317,4.814361288196906,4.915878234472916
2724,nesso_a6a34e43843322fd8f44,OADMET-0005093,5.31,5.118077,4.430789,4.9294605,4.7108035,4.8727837,4.8376827,5.287439824705031,COc1cccc2c1CCCCN2C(=O)c1cc2ncccc2o1,0.0871,0,O=C(c1cc2ncccc2o1)N1CCCCc2ccccc21,lockbox_primary,4.23979445124247,0.391304347826087,OADMET-0005090,5.44,O=C(c1cc2ncccc2o1)N1CCCCc2ccccc21,"(5,6]","(0.3,0.4]",Q2,neutral,False,5.062561262352515,5.238633272616949,5.233705970529247,5.394324036006835
2733,nesso_a728a19fd114836c825a,OADMET-0005145,4.99,5.1277814,4.442795,4.1692095,3.7622461,4.159201,4.0302186,4.461302980411189,C[C@@H]1COC[C@@](CO)(CNC(=O)c2ccccc2-n2ccc(C3CC3)n2)N1C,0.0907,1,O=C(NCC1COCCN1)c1ccccc1-n1ccc(C2CC2)n1,lockbox_primary,4.23979445124247,0.5205479452054794,OADMET-0005147,4.62,O=C(NCC1COCCN1)c1ccccc1-n1ccc(C2CC2)n1,"(4,5]","(0.5,0.6]",Q2,positive,False,4.245760790205594,4.41452274923487,4.336710996989804,4.283625080812113
2735,nesso_a73eaa118e51b8e511b1,OADMET-0001536,4.82,4.6022425,3.7926426,4.6546535,4.3480625,4.6216574,4.5414577,3.8543712037275375,Cc1cc(C)n(CC(C)CNC(=O)COc2ccccc2C=O)n1,0.0501,0,O=C(COc1ccccc1)NCCCn1cccn1,lockbox_primary,4.23979445124247,0.4117647058823529,OADMET-0001818,4.05,O=C(COc1ccccc1)NCCCn1cccn1,"(4,5]","(0.4,0.5]",Q1_low,neutral,False,4.1979144518637685,3.9289321634707184,3.916852528439881,4.019608034438902
2738,nesso_a7602cc52dbac8cb13a8,OADMET-0003136,5.12,4.834409,4.0798597,4.9882345,4.8318033,4.9574294,4.9258227,4.921453848927013,CCN(Cc1ccccc1Cl)C(=O)c1ccccc1OCC(=O)N(C)C,0.0514,0,O=C(NCc1ccccc1)c1ccccc1,lockbox_primary,4.23979445124247,0.38,OADMET-0002300,2.1,O=C(NCc1ccccc1)c1ccccc1,"(5,6]","(0.3,0.4]",Q1_low,neutral,False,4.9236382744635065,4.921927946046872,4.932863059561825,4.915760487763873
2742,nesso_a79d2e3f35cb2ebb0412,OADMET-0001324,3.39,4.9271264,4.1945615,3.7607667,3.3411937,3.7546735,3.6188781,3.7271951650286064,O=S(=O)(N1CCCCC1)N1CCCN(Cc2c[nH]cn2)CC1,0.173,1,O=S(=O)(N1CCCCC1)N1CCCN(Cc2c[nH]cn2)CC1,lockbox_primary,4.23979445124247,0.2909090909090909,OADMET-0001113,3.2,O=S(=O)(N1CCCCC1)N1CCCN(Cc2c[nH]cn2)CC1,<=4,<=0.3,Q3,positive,False,3.673036632514303,3.7154408599026696,3.605929702014238,3.792178443541561
2744,nesso_a7ca919ddd1726138255,OADMET-0002700,5.64,6.5057483,6.147499,5.528753,5.554879,5.477666,5.520433,5.366642971070081,CC(Cc1nc(-c2cccc(S(C)(=O)=O)c2)nn1C12CC(C1)C2)c1ccccc1,0.0924,0,c1ccc(CCc2nc(-c3ccccc3)nn2C23CC(C2)C3)cc1,lockbox_primary,4.23979445124247,0.3066666666666666,OADMET-0001196,4.98,c1ccc(CCc2nc(-c3ccccc3)nn2C23CC(C2)C3)cc1,"(5,6]","(0.3,0.4]",Q2,neutral,False,5.44353798553504,5.3833318919237945,5.4507667694568545,6.0398696255996525
2749,nesso_a82a44e8cebaa5cab63f,OADMET-0001815,2.81,4.87776,4.1334896,3.2792552,2.852584,3.3744292,3.1687558,2.861452330707398,C=CC(=O)N(CC)CC(=O)N(CC(=O)NC)CC(C)N1C[C@@H](C)O[C@@H](C)C1,0.276,1,C1COCCN1,lockbox_primary,4.23979445124247,0.352112676056338,OADMET-0001652,3.09,C1COCCN1,<=4,"(0.3,0.4]",Q4_high,positive,False,3.015104065353699,2.8948001576944957,2.751682878210406,2.607015062927094
2751,nesso_a837d9a9aacddf06978f,OADMET-0005542,5.28,5.005091,4.291013,4.936218,4.6614966,4.9291525,4.842289,5.262414830980126,COc1c(C)cccc1CNC(=O)NC1CCOCC12CCCC2,0.0671,0,O=C(NCc1ccccc1)NC1CCOCC12CCCC2,lockbox_primary,4.23979445124247,0.3698630136986301,OADMET-0005973,4.68,O=C(NCc1ccccc1)NC1CCOCC12CCCC2,"(5,6]","(0.3,0.4]",Q1_low,neutral,False,5.052351915490063,5.216823795003257,5.212827712576788,5.393148768005196
2756,nesso_a86b375f4a447ac9ea9e,OADMET-0001955,4.57,4.806319,4.0451093,4.312463,4.1151896,4.2549763,4.227543,3.812008779186296,CCOC(=O)c1cccc(NC(=O)COc2ccc([N+](=O)[O-])cc2)c1,0.148,0,O=C(COc1ccccc1)Nc1ccccc1,lockbox_primary,4.23979445124247,0.4509803921568627,OADMET-0002201,2.25,O=C(COc1ccccc1)Nc1ccccc1,"(4,5]","(0.4,0.5]",Q3,neutral,False,4.019775889593148,3.857101544766888,3.8118543196984485,3.6470710147800918
2760,nesso_a8c30104754e87b8ad96,OADMET-0003398,5.33,4.9981585,4.2824364,4.8116865,4.6586423,4.806239,4.7588563,5.5395505653437525,Cc1csc2c(=O)n(CC(=O)N3c4ccccc4CCC3C)cnc12,0.0831,0,O=C(Cn1cnc2ccsc2c1=O)N1CCCc2ccccc21,lockbox_primary,4.23979445124247,0.4133333333333333,OADMET-0002728,5.65,O=C(Cn1cnc2ccsc2c1=O)N1CCCc2ccccc21,"(5,6]","(0.4,0.5]",Q2,neutral,False,5.149203432671876,5.454831517588018,5.437021416713114,5.556968812060013
2761,nesso_a8cc65482332350be95f,OADMET-0001649,3.95,4.932504,4.2012143,4.8340874,4.633646,4.774819,4.747517,4.094578214798302,C=CC(=O)NC(Cc1ccccc1)c1nc(-c2ccncc2)no1,0.142,0,c1ccc(CCc2nc(-c3ccncc3)no2)cc1,lockbox_primary,4.23979445124247,0.4126984126984127,OADMET-0001606,3.99,c1ccc(CCc2nc(-c3ccncc3)no2)cc1,<=4,"(0.4,0.5]",Q2,neutral,False,4.421047607399151,4.165433547776465,4.1714442427833145,4.233787068043084
2771,nesso_a91d01b29e1245757f1a,OADMET-0002107,2.6,4.5453777,3.7222943,3.1916733,2.7730742,3.1483269,3.0376914,3.2929258414515026,OC1CCCNc2ccc(Cl)cc21,0.544,0,c1ccc2c(c1)CCCCN2,lockbox_primary,4.23979445124247,0.3061224489795918,OADMET-0002100,3.01,c1ccc2c(c1)CCCCN2,<=4,"(0.3,0.4]",Q4_high,neutral,False,3.1653086207257513,3.2652284190492553,3.100477935207257,3.0794926502712734
2784,nesso_a9e12e3977472182aa71,OADMET-0001245,2.84,5.255546,4.6008544,3.5398686,3.297369,3.57016,3.4691324,4.674618262648461,Cc1ccccc1C1CCN(c2cc(C3CC(N)C3)nc(N)n2)CC1,0.352,1,c1ccc(C2CCN(c3cc(C4CCC4)ncn3)CC2)cc1,lockbox_primary,4.23979445124247,0.3424657534246575,OADMET-0000978,4.25,c1ccc(C2CCN(c3cc(C4CCC4)ncn3)CC2)cc1,<=4,"(0.3,0.4]",Q4_high,positive,False,4.071875331324231,4.5438018612731925,4.401697127178635,4.293894756436226
2786,nesso_a9f46c63d01fe232938d,OADMET-0004759,4.96,4.916935,4.1819534,4.8656693,4.5946226,4.854689,4.7716603,5.033154504088221,Cc1c[nH]c(=O)c(CNC(=O)NC(c2ccccc2)C2CCCC2)c1,0.107,0,O=C(NCc1ccc[nH]c1=O)NC(c1ccccc1)C1CCCC1,lockbox_primary,4.23979445124247,0.3442622950819672,OADMET-0002005,4.24,O=C(NCc1ccc[nH]c1=O)NC(c1ccccc1)C1CCCC1,"(4,5]","(0.3,0.4]",Q2,neutral,False,4.90240740204411,5.004777787430461,4.997127738293428,5.137191267398653
2791,nesso_aa2b9b9efbfef4595885,OADMET-0003502,5.35,5.4078145,4.789228,4.8055735,4.7014427,4.814774,4.77393,4.707361117051569,Cc1cc(-c2cc(C(=O)Nc3cccc(Cn4ccnc4)c3)c3c(C)noc3n2)c(C)o1,0.0604,0,O=C(Nc1cccc(Cn2ccnc2)c1)c1cc(-c2ccoc2)nc2oncc12,lockbox_primary,4.23979445124247,0.3333333333333333,OADMET-0005362,4.58,O=C(Nc1cccc(Cn2ccnc2)c1)c1cc(-c2ccoc2)nc2oncc12,"(5,6]","(0.3,0.4]",Q1_low,neutral,False,4.7406455585257845,4.714585010736853,4.712826991694456,4.583731889770952
2793,nesso_aa3b1db0dce3685c0022,OADMET-0001885,3.1,4.88579,4.1434236,4.523779,4.2481585,4.4927115,4.4215493,3.694395035586601,O=C(NCCCn1ccnc1)c1cc(-c2cccs2)on1,0.193,0,O=C(NCCCn1ccnc1)c1cc(-c2cccs2)on1,lockbox_primary,4.23979445124247,0.7272727272727273,OADMET-0001864,3.49,O=C(NCCCn1ccnc1)c1cc(-c2cccs2)on1,<=4,>0.6,Q3,neutral,False,4.0579721677933005,3.7733040523263357,3.751047502335096,3.7259457410194927
2794,nesso_aa4b43edc5f9fb02b4fb,OADMET-0005514,4.7,5.2881465,4.641185,4.768742,4.499632,4.728154,4.665509,4.942295522023886,Cc1nnc(N(C)C(=O)[C@]2(c3ccccc3)C[C@@H](F)C2)s1,0.17,0,O=C(Nc1nncs1)C1(c2ccccc2)CCC1,lockbox_primary,4.23979445124247,0.4,OADMET-0005836,4.83,O=C(Nc1nncs1)C1(c2ccccc2)CCC1,"(4,5]","(0.3,0.4]",Q3,neutral,False,4.8039022610119435,4.912259320122031,4.894720087831735,4.912267905254811
2795,nesso_aa4fc4bf06db45654af3,OADMET-0005405,4.56,4.833988,4.079339,3.8863678,3.5131044,3.820254,3.739909,4.561458101674271,Cc1ccc(-c2ccc(C)c(NC(=O)[C@@H]3CCOC3)c2)o1,0.163,0,O=C(Nc1cccc(-c2ccco2)c1)[C@@H]1CCOC1,lockbox_primary,4.23979445124247,0.2933333333333333,OADMET-0002799,3.4,O=C(Nc1cccc(-c2ccco2)c1)[C@@H]1CCOC1,"(4,5]",<=0.3,Q3,neutral,False,4.150683550837135,4.472305586191431,4.361405297047616,4.342090076013756
2796,nesso_aa68473aac1dde93ea70,OADMET-0001975,4.78,4.774764,4.0060716,4.4018545,4.2012215,4.3714466,4.324841,3.684909658839521,COc1ccccc1CNC(=O)c1ccccc1OC,0.125,0,O=C(NCc1ccccc1)c1ccccc1,lockbox_primary,4.23979445124247,0.5142857142857142,OADMET-0002176,2.73,O=C(NCc1ccccc1)c1ccccc1,"(4,5]","(0.5,0.6]",Q2,neutral,True,4.004875329419761,3.7543534555456426,3.7218171063296737,3.5530984572671027
2807,nesso_ab78327b6a150228a129,OADMET-0001353,3.24,4.675258,3.8829713,2.868495,2.388782,2.929315,2.728864,3.6045134789657096,CC(C)[C@@H]1CN(C(=O)c2ncn[nH]2)C[C@H]1NS(=O)(=O)N(C)C,0.206,0,O=C(c1ncn[nH]1)N1CCCC1,lockbox_primary,4.23979445124247,0.453125,OADMET-0001040,3.08,O=C(c1ncn[nH]1)N1CCCC1,<=4,"(0.4,0.5]",Q3,neutral,False,3.166688739482855,3.509490121783605,3.305986518001318,3.3941836185168723
2815,nesso_ac1894be409aa3cdf2c1,OADMET-0004798,4.63,4.654541,3.8573418,4.53841,4.1917806,4.513597,4.414596,4.903074161618205,COc1ccc(CCC(=O)N2CCCN(C(=O)c3coc(C4CC4)n3)CC2)cc1,0.222,0,O=C(CCc1ccccc1)N1CCCN(C(=O)c2coc(C3CC3)n2)CC1,lockbox_primary,4.23979445124247,0.3947368421052631,OADMET-0001429,3.34,O=C(CCc1ccccc1)N1CCCN(C(=O)c2coc(C3CC3)n2)CC1,"(4,5]","(0.3,0.4]",Q3,neutral,False,4.658835080809103,4.850065696539312,4.806108426056653,4.831996568947288
2818,nesso_ac33d5d167325f558e5e,OADMET-0005360,3.98,5.098945,4.407121,4.297309,4.0443287,4.29788,4.2131724,4.553539882304294,CN(C)c1nc2cc(NC(=O)c3ccc(F)c(S(=O)(=O)N4CCCC4)c3)ccc2[nH]1,0.22,0,O=C(Nc1ccc2[nH]cnc2c1)c1cccc(S(=O)(=O)N2CCCC2)c1,lockbox_primary,4.23979445124247,0.3766233766233766,OADMET-0002555,5.03,O=C(Nc1ccc2[nH]cnc2c1)c1cccc(S(=O)(=O)N2CCCC2)c1,<=4,"(0.3,0.4]",Q3,neutral,False,4.383356141152147,4.516604028836561,4.456952016948084,4.337941746117695
2825,nesso_ac8687183aad652d5e00,OADMET-0001987,2.45,4.383011,3.521428,3.4211931,2.9850168,3.4843454,3.2968519,2.661895740544906,CC(C)N(CCNC(=O)CN1CCCC1=O)C(C)C,0.651,1,O=C1CCCN1,lockbox_primary,4.23979445124247,0.328125,OADMET-0001019,2.31,O=C1CCCN1,<=4,"(0.3,0.4]",Q4_high,positive,False,2.9793738202724533,2.7307996426018635,2.60497523201327,2.636564625194779
2850,nesso_adf733e85dcae0e1788a,OADMET-0005995,5.1,4.891532,4.150527,4.66388,4.4516263,4.655475,4.590327,5.174976864141031,CC(C)(C)c1ccc(Cl)cc1NC(=O)c1ccn(C2CCOCC2)n1,0.146,0,O=C(Nc1ccccc1)c1ccn(C2CCOCC2)n1,lockbox_primary,4.23979445124247,0.3424657534246575,OADMET-0005060,5.25,O=C(Nc1ccccc1)c1ccn(C2CCOCC2)n1,"(5,6]","(0.3,0.4]",Q3,neutral,False,4.882651932070516,5.111532079211377,5.081840398178306,5.1472482022462325
2853,nesso_ae471077357efe286534,OADMET-0005243,3.98,4.575728,3.759841,3.9368324,3.426455,3.8976936,3.7536602,4.861634701491032,CN1C(=O)CN(C(=O)c2cnn(C3CCC3)c2)c2ccccc21,0.283,0,O=C1CN(C(=O)c2cnn(C3CCC3)c2)c2ccccc2N1,lockbox_primary,4.23979445124247,0.4375,OADMET-0003313,3.31,O=C1CN(C(=O)c2cnn(C3CCC3)c2)c2ccccc2N1,<=4,"(0.4,0.5]",Q4_high,neutral,False,4.307647450745516,4.741399996471617,4.626781897004988,4.66088867187563
2856,nesso_ae97b9db517032b1709b,OADMET-0003082,1.77,5.0131755,4.301014,4.450577,4.332078,4.4002943,4.394316,3.75960394757954,c1cnc2ccc(CNc3ncnc4sccc34)cc2c1,0.552,0,c1cnc2ccc(CNc3ncnc4sccc34)cc2c1,lockbox_primary,4.23979445124247,0.2941176470588235,OADMET-0003195,5.22,c1cnc2ccc(CNc3ncnc4sccc34)cc2c1,<=4,<=0.3,Q4_high,neutral,False,4.07695997378977,3.8284813597332885,3.8021534421931973,3.6663306133743894
2857,nesso_ae9bde4e45e265997b62,OADMET-0001691,3.47,4.7871113,4.0213466,4.357175,4.1372385,4.3258696,4.2734275,3.984506994835292,CNC(=O)C(NC(=O)c1ccc2c(C=O)c[nH]c2c1)c1ccccc1,0.182,0,O=C(NCc1ccccc1)c1ccc2cc[nH]c2c1,lockbox_primary,4.23979445124247,0.2692307692307692,OADMET-0005630,4.63,O=C(NCc1ccccc1)c1ccc2cc[nH]c2c1,<=4,<=0.3,Q3,neutral,False,4.128967247417647,4.015859947151244,3.9725782350793164,3.9492121826626407
2869,nesso_af69bf3af853f2b52cf2,OADMET-0005832,5.07,4.907272,4.169999,4.8051887,4.539996,4.7711635,4.7054496,5.119905637485677,O=C(c1cccc2oc(=O)[nH]c12)N1CCN(C2CC2)c2ccccc21,0.17,0,O=C(c1cccc2oc(=O)[nH]c12)N1CCN(C2CC2)c2ccccc21,lockbox_primary,4.23979445124247,0.6071428571428571,OADMET-0003300,5.27,O=C(c1cccc2oc(=O)[nH]c12)N1CCN(C2CC2)c2ccccc21,"(5,6]",>0.6,Q3,neutral,False,4.912677618742839,5.074929873744232,5.058625627519104,5.153696747405225
2879,nesso_afe116ed0cc16f40e0a1,OADMET-0001151,2.87,4.9238167,4.190467,4.06542,3.6845784,4.031111,3.9270363,3.212688660126674,COc1coc(CN2CCCn3nc(C#N)cc3C2)cc1=O,0.278,1,O=c1ccoc(CN2CCCn3nccc3C2)c1,lockbox_primary,4.23979445124247,0.2564102564102564,OADMET-0003132,4.62,O=c1ccoc(CN2CCCn3nccc3C2)c1,<=4,<=0.3,Q4_high,positive,False,3.569862480063337,3.2902079330394547,3.222894774179665,3.0965803022203326
2882,nesso_b01b4e7040253b11402b,OADMET-0005539,4.82,5.09779,4.4056916,3.787764,3.4069054,3.8263001,3.6736565,4.405750692716963,CC(N[C@H]1CCO[C@@H]1c1ccc(F)c(F)c1)C(=O)N(C)CCC#N,0.199,1,c1ccc([C@@H]2CCCO2)cc1,lockbox_primary,4.23979445124247,0.3037974683544304,OADMET-0005000,4.57,c1ccc([C@@H]2CCCO2)cc1,"(4,5]","(0.3,0.4]",Q3,positive,False,4.039703596358482,4.326305606941707,4.210949090116962,4.2723232515968155
2891,nesso_b0744f9999021153a66e,OADMET-0002568,5.53,5.384949,4.760941,4.960415,4.737077,4.9305315,4.876008,5.468541916383986,C=C1CCC(CNc2nc(C)ccc2S(=O)(=O)N2C3CCCC2CC(=O)NC3)CC1,0.0827,0,C=C1CCC(CNc2ncccc2S(=O)(=O)N2C3CCCC2CC(=O)NC3)CC1,lockbox_primary,4.23979445124247,0.2674418604651162,OADMET-0003158,6.39,C=C1CCC(CNc2ncccc2S(=O)(=O)N2C3CCCC2CC(=O)NC3)CC1,"(5,6]",<=0.3,Q2,neutral,False,5.172274958191993,5.404241573231184,5.400314283937215,5.529919322504286
2904,nesso_b16dd98d4bf3e1960fc8,OADMET-0004722,4.49,5.397427,4.7763777,4.893942,4.6118197,4.8727217,4.792828,5.1639730515799815,CCN(CC)S(=O)(=O)c1cc(C)c(C)c(NCc2nnc3n2CCOC3)c1,0.193,0,c1ccc(NCc2nnc3n2CCOC3)cc1,lockbox_primary,4.23979445124247,0.2823529411764706,OADMET-0005997,5.11,c1ccc(NCc2nnc3n2CCOC3)cc1,"(4,5]",<=0.3,Q3,neutral,False,4.978400525789991,5.123697290959063,5.116065839361347,5.147616534950524
2907,nesso_b1847b969100ef62a701,OADMET-0001508,4.58,5.341523,4.707218,5.0267634,4.943712,4.9823074,4.984261,4.358756188597866,O=Cc1ccccc1OCCOc1ccc(Cl)c2cccnc12,0.0878,0,c1ccc(OCCOc2cccc3cccnc23)cc1,lockbox_primary,4.23979445124247,0.3617021276595745,OADMET-0003610,1.82,c1ccc(OCCOc2cccc3cccnc23)cc1,"(4,5]","(0.3,0.4]",Q2,neutral,False,4.671508594298933,4.426634453292543,4.453633850475804,4.403925616588779
2914,nesso_b1daa1a3c4fa2fcb9209,OADMET-0003138,5.47,5.0706673,4.372138,4.9474263,4.7795525,4.9346943,4.887224,4.614764460973493,Cn1ccc2c(C(=O)NCC3CSCCN3C(=O)c3cccc4c3ccn4C)cccc21,0.0535,0,O=C(NCC1CSCCN1C(=O)c1cccc2[nH]ccc12)c1cccc2[nH]ccc12,lockbox_primary,4.23979445124247,0.2857142857142857,OADMET-0005058,4.96,O=C(NCC1CSCCN1C(=O)c1cccc2[nH]ccc12)c1cccc2[nH]ccc12,"(5,6]",<=0.3,Q1_low,neutral,False,4.7509942304867465,4.644331109177484,4.656413462103241,4.5606173068807045
2916,nesso_b20aa37876919cc150b5,OADMET-0002714,5.82,5.211919,4.5468826,5.1854773,5.0016165,5.1562476,5.114447,5.387621933742042,CCCOc1cccc(CCNC(=O)N2C3CCC2CC2(C3)CC2(F)F)c1,0.0551,0,O=C(NCCc1ccccc1)N1C2CCC1CC1(CC1)C2,lockbox_primary,4.23979445124247,0.3333333333333333,OADMET-0005927,4.63,O=C(NCCc1ccccc1)N1C2CCC1CC1(CC1)C2,"(5,6]","(0.3,0.4]",Q1_low,neutral,False,5.251034466871021,5.357977652639027,5.381203631836131,5.345800036712165
2924,nesso_b264f70a940f371db633,OADMET-0000945,3.26,5.1448684,4.4639335,3.7212691,3.339675,3.784972,3.6153052,2.537607647451961,CNc1nc(C)cc(-c2ccc(C(=O)NCCc3n[nH]c(=O)n3C)cc2)n1,0.19,0,O=C(NCCc1n[nH]c(=O)[nH]1)c1ccc(-c2ccncn2)cc1,lockbox_primary,4.23979445124247,0.3291139240506329,OADMET-0000998,2.57,O=C(NCCc1n[nH]c(=O)[nH]1)c1ccc(-c2ccncn2)cc1,<=4,"(0.3,0.4]",Q3,neutral,False,3.0764564237259804,2.654556771422219,2.565278624998867,2.341487549218738
2933,nesso_b32209c5e2c7127673f3,OADMET-0004743,4.97,4.7156057,3.9328861,4.265458,3.9393425,4.259539,4.15478,4.771199182739464,COc1ccc(OC)c(C2CCCN2C(=O)C(C)S(C)(=O)=O)c1,0.122,0,c1ccc(C2CCCN2)cc1,lockbox_primary,4.23979445124247,0.4307692307692308,OADMET-0003132,4.62,c1ccc(C2CCCN2)cc1,"(4,5]","(0.4,0.5]",Q2,neutral,False,4.462989591369732,4.704306868426047,4.634576008339225,4.800997187515703
2955,nesso_b45882b9927c27a6e9f2,OADMET-0002126,3.22,4.898119,4.158676,4.1827483,3.9709826,4.092604,4.0821114,3.520342286692138,c1ccc2c(c1)CCc1ccccc1N2,0.263,0,c1ccc2c(c1)CCc1ccccc1N2,lockbox_primary,4.23979445124247,0.3846153846153846,OADMET-0002293,2.22,c1ccc2c(c1)CCc1ccccc1N2,<=4,"(0.3,0.4]",Q4_high,neutral,False,3.8012268433460688,3.581304108048761,3.5254060998289067,3.426598165200229
2957,nesso_b4608cdf6cf1c0c32138,OADMET-0005329,4.62,5.4003606,4.780007,5.117707,4.9496756,5.0551805,5.0408545,4.641844857432056,Cc1cc(CC(C)NC(=O)NC2COc3c2ccc(C)c3C)n[nH]1,0.132,0,O=C(NCCc1cc[nH]n1)NC1COc2ccccc21,lockbox_primary,4.23979445124247,0.3333333333333333,OADMET-0003452,5.67,O=C(NCCc1cc[nH]n1)NC1COc2ccccc21,"(4,5]","(0.3,0.4]",Q2,neutral,False,4.841349678716028,4.685144415869094,4.713349024621786,4.820260066487003
2964,nesso_b49523e35126db967813,OADMET-0003578,1.79,4.7658587,3.9950547,2.7745929,2.5910676,2.6889353,2.6848652,2.9331449642208347,Nc1ccn([C@@H]2O[C@H](CO)[C@@H](O)[C@@H]2O)c(=O)n1,0.591,0,O=c1ncccn1[C@H]1CCCO1,lockbox_primary,4.23979445124247,0.6444444444444445,OADMET-0003615,3.29,O=c1ncccn1[C@H]1CCCO1,<=4,>0.6,Q4_high,neutral,True,2.809005082110417,2.9062022465200124,2.7095835952425427,2.839369304421259
2972,nesso_b512eaefddb89ca83878,OADMET-0001134,3.34,4.556842,3.736477,3.5740042,3.1286623,3.5186508,3.4071057,3.4777955880393314,Cc1ccc(C)c(-c2nccn2C2CCNC2)c1,0.167,1,c1ccc(-c2nccn2C2CCNC2)cc1,lockbox_primary,4.23979445124247,0.3265306122448979,OADMET-0002135,3.41,c1ccc(-c2nccn2C2CCNC2)cc1,<=4,"(0.3,0.4]",Q3,positive,False,3.4424506440196656,3.470124492878904,3.342065340072407,3.3686866631736088
2975,nesso_b592d3bcc16ee243c360,OADMET-0005484,4.93,4.9620657,4.2377853,4.936135,4.6706014,4.893345,4.83336,5.07239268273123,O=C(NCc1ccn(C2CCCC2)n1)NC1CCc2ccccc2C1,0.124,0,O=C(NCc1ccn(C2CCCC2)n1)NC1CCc2ccccc2C1,lockbox_primary,4.23979445124247,0.5245901639344263,OADMET-0002928,5.54,O=C(NCc1ccn(C2CCCC2)n1)NC1CCc2ccccc2C1,"(4,5]","(0.5,0.6]",Q2,neutral,False,4.952876341365615,5.046453435880771,5.044786662674074,5.092315714061338
2979,nesso_b5c701a9b9a6b4a60dc5,OADMET-0003834,5.26,5.674331,5.11894,5.075445,4.902109,5.0049367,4.9941635,4.719271819589579,CCc1nn(Cc2coc(-c3cccc(OC)c3)n2)c(=O)c(C#N)c1CC,0.0637,0,O=c1cccnn1Cc1coc(-c2ccccc2)n1,lockbox_primary,4.23979445124247,0.2716049382716049,OADMET-0005922,4.26,O=c1cccnn1Cc1coc(-c2ccccc2)n1,"(5,6]",<=0.3,Q1_low,neutral,False,4.856717659794789,4.749102397876318,4.77092249271594,4.667312509862626
2986,nesso_b62b46859f2b3d7fc8c6,OADMET-0001607,2.28,4.760746,3.98873,4.109319,3.6971672,4.110956,3.9724808,2.2907703653021505,C=CC(=O)N1CCC(C(=O)NCc2nnc3ccc(N(C)C)nn23)CC1,0.475,0,O=C(NCc1nnc2cccnn12)C1CCNCC1,lockbox_primary,4.23979445124247,0.5079365079365079,OADMET-0001778,2.28,O=C(NCc1nnc2cccnn12)C1CCNCC1,<=4,"(0.5,0.6]",Q4_high,neutral,False,3.1316255826510755,2.473265501942807,2.426839632030299,2.1804901495619466
2997,nesso_b6e5c516345da4b43408,OADMET-0004954,5.03,5.1223736,4.436105,5.187048,5.0274725,5.149133,5.1212177,4.740150558058742,CC1=CCN(C(=O)NC(c2ccc(F)cc2F)c2nccn2C)CC1,0.141,0,O=C(NC(c1ccccc1)c1ncc[nH]1)N1CC=CCC1,lockbox_primary,4.23979445124247,0.3380281690140845,OADMET-0001295,4.6,O=C(NC(c1ccccc1)c1ncc[nH]1)N1CC=CCC1,"(5,6]","(0.3,0.4]",Q2,neutral,False,4.9306841290293715,4.781503039855247,4.81668272162358,4.8724275997324025
2998,nesso_b6f97fdc48402ce7c87b,OADMET-0001405,5.8,4.9524636,4.2259064,4.463526,4.061021,4.4964175,4.340321,5.280257533755593,CCCN1C(=O)CC[C@]2(CNC(=O)c3n[nH]c4ccccc34)CCC[C@@H]12,0.0304,0,O=C1CC[C@]2(CNC(=O)c3n[nH]c4ccccc34)CCC[C@H]2N1,lockbox_primary,4.23979445124247,0.6285714285714286,OADMET-0001408,5.27,O=C1CC[C@]2(CNC(=O)c3n[nH]c4ccccc34)CCC[C@H]2N1,"(5,6]",>0.6,Q1_low,neutral,False,4.810289266877797,5.178257901344386,5.119741511659027,5.223489403244548
3007,nesso_b76ba7d9330aec5c2871,OADMET-0002794,5.64,4.8975143,4.157928,4.4668765,4.2721415,4.438177,4.3923984,4.853923015885374,CC(C)(C)C(NC(=O)c1ccc(-c2ccccc2)cc1)c1nc(-c2nnc[nH]2)no1,0.0389,0,O=C(NCc1nc(-c2nnc[nH]2)no1)c1ccc(-c2ccccc2)cc1,lockbox_primary,4.23979445124247,0.3287671232876712,OADMET-0005966,4.34,O=C(NCc1nc(-c2nnc[nH]2)no1)c1ccc(-c2ccccc2)cc1,"(5,6]","(0.3,0.4]",Q1_low,neutral,False,4.623160707942687,4.803839484201657,4.758336865903644,4.678375580005667
3025,nesso_b8a42e275e6a5328bd37,OADMET-0002941,5.51,5.10269,4.411754,4.7277875,4.506024,4.6826944,4.6388354,5.102539505441117,O=S(=O)(c1ccc2c(c1)OCO2)N(CC1CC1)CC1CC1,0.0576,0,O=S(=O)(c1ccc2c(c1)OCO2)N(CC1CC1)CC1CC1,lockbox_primary,4.23979445124247,0.3225806451612903,OADMET-0002550,5.11,O=S(=O)(c1ccc2c(c1)OCO2)N(CC1CC1)CC1CC1,"(5,6]","(0.3,0.4]",Q1_low,neutral,False,4.870687452720558,5.052219460838127,5.029022083722098,5.102173193920779
3031,nesso_b8d9350bd4ce1bc16b32,OADMET-0002623,5.28,4.673751,3.8811069,4.5838947,4.2467,4.5533586,4.4613175,5.196191745861531,CCc1ccc(C(C)NC(=O)CN2C(=O)Nc3ccccc3S2(=O)=O)cc1,0.0418,0,O=C(CN1C(=O)Nc2ccccc2S1(=O)=O)NCc1ccccc1,lockbox_primary,4.23979445124247,0.3150684931506849,OADMET-0005500,4.64,O=C(CN1C(=O)Nc2ccccc2S1(=O)=O)NCc1ccccc1,"(5,6]","(0.3,0.4]",Q1_low,neutral,False,4.828754622930766,5.116444975463277,5.072452940948963,5.251134897633554
3032,nesso_b8fadc636cfbe7662a96,OADMET-0003381,4.635,5.0232034,4.31342,4.965287,4.781234,4.940177,4.895566,4.7529114386477245,O=C(NCc1nnc2ccc(C(F)(F)F)cn12)N1CC2CSCC(C2)C1,0.1311022978440881,0,O=C(NCc1nnc2ccccn12)N1CC2CSCC(C2)C1,lockbox_primary,4.23979445124247,0.3037974683544304,OADMET-0004490,5.01,O=C(NCc1nnc2ccccn12)N1CC2CSCC(C2)C1,"(4,5]","(0.3,0.4]",Q2,neutral,False,4.824238719323862,4.768391965573915,4.778980756618812,4.84190650791309
3033,nesso_b916a67af2651a106812,OADMET-0003345,4.975,5.083472,4.3879786,5.2505307,5.1136765,5.2371597,5.2004557,5.189453025479241,CCC(Cc1ccc(C)cc1)NC(=O)NC(c1cccc(C(F)(F)F)c1)c1nnc[nH]1,0.0853641610982032,0,O=C(NCCc1ccccc1)NC(c1ccccc1)c1nnc[nH]1,lockbox_primary,4.23979445124247,0.3472222222222222,OADMET-0002041,5.03,O=C(NCCc1ccccc1)NC(c1ccccc1)c1nnc[nH]1,"(4,5]","(0.3,0.4]",Q2,neutral,False,5.194954362739621,5.190647009026379,5.226596491334576,5.40155417205803
3036,nesso_b9382be16dcbe55ce318,OADMET-0003622,1.74,5.3376217,4.7023916,4.4964676,4.358779,4.4700584,4.441768,3.5231958488327395,Cc1nc(Nc2ncc(C(=O)Nc3c(C)cccc3Cl)s2)cc(N2CCN(CCO)CC2)n1,0.535,1,O=C(Nc1ccccc1)c1cnc(Nc2cc(N3CCNCC3)ncn2)s1,lockbox_primary,4.23979445124247,0.2906976744186046,OADMET-0005081,4.91,O=C(Nc1ccccc1)c1cnc(Nc2cc(N3CCNCC3)ncn2)s1,<=4,<=0.3,Q4_high,positive,False,3.9824819244163696,3.6228770702742237,3.6057714394751015,3.070167974601401
3038,nesso_b948a37399d2c2076bbf,OADMET-0001422,4.77,4.972223,4.250351,4.609476,4.2691894,4.628505,4.5023904,4.296417503226701,O=C(CCc1c[nH]c2ccccc12)N1CC[C@@H]2COCCN(Cc3cccnc3)[C@@H]2C1,0.0427,1,O=C(CCc1c[nH]c2ccccc12)N1CC[C@@H]2COCCN(Cc3cccnc3)[C@@H]2C1,lockbox_primary,4.23979445124247,0.4078947368421052,OADMET-0001859,2.82,O=C(CCc1c[nH]c2ccccc12)N1CC[C@@H]2COCCN(Cc3cccnc3)[C@@H]2C1,"(4,5]","(0.4,0.5]",Q1_low,positive,False,4.399403951613351,4.318769182306143,4.294808498739011,4.175259566474859
3045,nesso_b9c49e068067e591f18e,OADMET-0005472,4.92,5.1162505,4.4285297,4.699719,4.474,4.6463223,4.6066804,4.417720269594033,COc1cc(C)ccc1CNC(=O)c1ccc(F)cc1C,0.11,0,O=C(NCc1ccccc1)c1ccccc1,lockbox_primary,4.23979445124247,0.365079365079365,OADMET-0005609,4.15,O=C(NCc1ccccc1)c1ccccc1,"(4,5]","(0.3,0.4]",Q2,neutral,False,4.512200334797017,4.438225764539284,4.423425573483696,4.324622582826455
3051,nesso_ba2a9c396af51b4a583a,OADMET-0005112,4.26,5.092584,4.399252,5.163837,5.0267572,5.13144,5.1073446,4.790533814618192,CCc1cc(NC(=O)c2cnn(C)c2C(F)(F)F)ccc1F,0.308,0,O=C(Nc1ccccc1)c1cn[nH]c1,lockbox_primary,4.23979445124247,0.3571428571428571,OADMET-0003975,5.04,O=C(Nc1ccccc1)c1cn[nH]c1,"(4,5]","(0.3,0.4]",Q4_high,neutral,False,4.948939207309096,4.824913352483089,4.857721498376888,4.867264125535093
3055,nesso_bae393dae84e1b71c758,OADMET-0004942,5.06,4.871896,4.126235,4.4905605,4.1321754,4.503945,4.3755603,4.504152042317656,NC(=O)c1cc(NC(=O)c2sccc2S(=O)(=O)N2CCCC2)ccc1F,0.132,0,O=C(Nc1ccccc1)c1sccc1S(=O)(=O)N1CCCC1,lockbox_primary,4.23979445124247,0.4328358208955223,OADMET-0005695,3.94,O=C(Nc1ccccc1)c1sccc1S(=O)(=O)N1CCCC1,"(5,6]","(0.4,0.5]",Q2,neutral,False,4.439856171158828,4.490197578397513,4.4489390034557585,4.4262390560391225
3060,nesso_bb5737572460d8bbf813,OADMET-0005547,5.37,5.0045824,4.2903833,4.458164,4.304784,4.4271,4.3966827,5.07563609047895,O=C(NC[C@H]1CCCO1)N1CCc2ccccc2[C@@H]1c1ccccc1,0.0525,0,O=C(NC[C@H]1CCCO1)N1CCc2ccccc2[C@@H]1c1ccccc1,lockbox_primary,4.23979445124247,0.4032258064516129,OADMET-0001992,2.95,O=C(NC[C@H]1CCCO1)N1CCc2ccccc2[C@@H]1c1ccccc1,"(5,6]","(0.4,0.5]",Q1_low,neutral,False,4.736159395239476,5.001957715646036,4.953074882152757,5.0506405660427145
3075,nesso_bcb875275e0e729854f6,OADMET-0000993,2.75,4.9260187,4.193191,4.3965306,4.0870037,4.3610764,4.2815366,3.3994403185667266,COc1ccccc1S(=O)(=O)Nc1c(C)nn(CC(=O)O)c1C,0.263,-1,O=S(=O)(Nc1cn[nH]c1)c1ccccc1,lockbox_primary,4.23979445124247,0.3970588235294117,OADMET-0002616,5.88,O=S(=O)(Nc1cn[nH]c1)c1ccccc1,<=4,"(0.3,0.4]",Q4_high,negative,False,3.840488459283363,3.49516326711304,3.462898153085269,3.4746839331807364
3077,nesso_bcc8309ce4c22c4ed8a0,OADMET-0005120,4.19,4.898609,4.159282,4.5779657,4.400034,4.564128,4.5140424,4.20795834044714,Cc1ccc(C(=O)Nc2cccc(CNC(=O)c3ccc4nc(N(C)C)oc4c3)c2)cc1,0.161,0,O=C(NCc1cccc(NC(=O)c2ccccc2)c1)c1ccc2ncoc2c1,lockbox_primary,4.23979445124247,0.3571428571428571,OADMET-0001392,2.85,O=C(NCc1cccc(NC(=O)c2ccccc2)c1)c1ccc2ncoc2c1,"(4,5]","(0.3,0.4]",Q3,neutral,False,4.36100037022357,4.2411738400475,4.220004781988752,4.033055871527386
3078,nesso_bcd68b50f67453a5026e,OADMET-0005278,4.78,5.2825966,4.6343193,5.2228737,5.059289,5.188423,5.156862,5.205386628069629,Cc1cc(=O)[nH]cc1C(=O)NC1(c2ccc(Cl)cc2)CCCCC1,0.148,0,O=C(NC1(c2ccccc2)CCCCC1)c1ccc(=O)[nH]c1,lockbox_primary,4.23979445124247,0.3880597014925373,OADMET-0003315,5.1,O=C(NC1(c2ccccc2)CCCCC1)c1ccc(=O)[nH]c1,"(4,5]","(0.3,0.4]",Q3,neutral,False,5.181124314034815,5.200120853149469,5.231086172346568,5.2315646378776925
3086,nesso_bd3de5cd21445b7e6d71,OADMET-0003528,1.91,5.174633,4.500756,4.5440836,4.399399,4.523836,4.489106,3.56532253115986,Cn1ncc2ccc(CNc3ncnc4ccc(F)cc34)cc21,0.611,0,c1ccc2c(NCc3ccc4cn[nH]c4c3)ncnc2c1,lockbox_primary,4.23979445124247,0.3194444444444444,OADMET-0002660,1.8,c1ccc2c(NCc3ccc4cn[nH]c4c3)ncnc2c1,<=4,"(0.3,0.4]",Q4_high,neutral,False,4.02721426557993,3.665569272152849,3.6528458307818257,3.381555584963304
3095,nesso_bdad9a41b566e5131451,OADMET-0005901,4.26,4.5584855,3.7385101,4.6838756,4.3297167,4.6529884,4.5555267,4.657671751399232,CC(C)n1ccc(CN2CCCNC(=O)C2Cc2ccccc2)n1,0.268,1,O=C1NCCCN(Cc2cc[nH]n2)C1Cc1ccccc1,lockbox_primary,4.23979445124247,0.4477611940298507,OADMET-0002755,5.38,O=C1NCCCN(Cc2cc[nH]n2)C1Cc1ccccc1,"(4,5]","(0.4,0.5]",Q4_high,positive,False,4.606599225699616,4.6465872182194055,4.622103551164485,4.7510550934268965
3110,nesso_bea4780b79d87ea6f791,OADMET-0004836,4.11,5.224965,4.563022,4.7152085,4.468565,4.6750546,4.6196094,4.317208515952468,Cc1sc2nc(-c3cccnc3)nc(N3CCC(S(N)(=O)=O)C3)c2c1C,0.192,0,c1cncc(-c2nc(N3CCCC3)c3ccsc3n2)c1,lockbox_primary,4.23979445124247,0.3292682926829268,OADMET-0003227,5.21,c1cncc(-c2nc(N3CCCC3)c3ccsc3n2)c1,"(4,5]","(0.3,0.4]",Q3,neutral,False,4.468408957976234,4.350024326282162,4.338362577977782,4.322868386755824
3118,nesso_bef93a3e95cf30693b23,OADMET-0003844,4.54,5.5701475,4.9900527,5.039368,4.87496,4.965127,4.9598184,4.90631736367156,COc1cc(F)c(C(=O)Nc2cc(C)n(C3CCCCC3)n2)c(F)c1,0.213,0,O=C(Nc1ccn(C2CCCCC2)n1)c1ccccc1,lockbox_primary,4.23979445124247,0.4126984126984127,OADMET-0004989,5.56,O=C(Nc1ccn(C2CCCCC2)n1)c1ccccc1,"(4,5]","(0.4,0.5]",Q3,neutral,False,4.93306788183578,4.912123166343487,4.926992071392726,4.8817712768833825
3121,nesso_bf40f5f0aa13963b73ec,OADMET-0000972,4.36,4.4840846,3.6464677,4.333461,3.9365768,4.256745,4.1755943,4.913046540817117,CC(=O)NCCC1CCCCN1S(=O)(=O)Cc1ccc(Cl)cc1,0.0882,0,O=S(=O)(Cc1ccccc1)N1CCCCC1,lockbox_primary,4.23979445124247,0.3283582089552239,OADMET-0005361,5.11,O=S(=O)(Cc1ccccc1)N1CCCCC1,"(4,5]","(0.3,0.4]",Q2,neutral,False,4.5443204204085585,4.8330200126603495,4.7630784238803745,5.046222360929345
3125,nesso_bf7f8e77fd80663fe4d1,OADMET-0005034,4.88,5.3215775,4.6825433,4.692401,4.405743,4.6438894,4.580678,3.943774058242728,CC(C)(C)OC(=O)N1CC(O)(C2(C(=O)N3CC[C@H](F)C3)CCC2)C1,0.163,0,O=C(N1CCCC1)C1(C2CNC2)CCC1,lockbox_primary,4.23979445124247,0.3428571428571428,OADMET-0002760,6.32,O=C(N1CCCC1)C1(C2CNC2)CCC1,"(4,5]","(0.3,0.4]",Q3,neutral,False,4.262226029121364,4.0128893289099095,4.003495767876803,3.993390350361754
3139,nesso_c02c36cd48aa2cf45348,OADMET-0003562,5.42,4.3435745,3.4726405,3.7276213,3.4301288,3.771358,3.643036,4.727673866244265,CN(C)CCCN1c2ccccc2CCc2ccc(Cl)cc21,0.1,1,c1ccc2c(c1)CCc1ccccc1N2,lockbox_primary,4.23979445124247,0.4363636363636363,OADMET-0003553,4.12,c1ccc2c(c1)CCc1ccccc1N2,"(5,6]","(0.4,0.5]",Q2,positive,False,4.185354933122133,4.609971596268495,4.485728329311534,4.549818255396792
3145,nesso_c0d0274a784a47c41591,OADMET-0001111,4.24,5.2830753,4.6349115,4.650117,4.557704,4.647274,4.618365,4.887476651755501,COc1c(F)cccc1C(=O)Nc1ccc2c(c1)CC(C)O2,0.0818,0,O=C(Nc1ccc2c(c1)CCO2)c1ccccc1,lockbox_primary,4.23979445124247,0.3918918918918919,OADMET-0004024,5.08,O=C(Nc1ccc2c(c1)CCO2)c1ccccc1,"(4,5]","(0.3,0.4]",Q2,neutral,False,4.75292082587775,4.858273308156377,4.836592828922052,4.746870874253441
3154,nesso_c180056e418713dcb4ed,OADMET-0003297,5.55,6.2451687,5.825132,4.7605834,4.7493415,4.6315994,4.7138414,5.41287214434704,C[C@H]1CN(C)c2ccccc2CN1C(=O)Nc1cc(-c2ccsc2)nn1C,0.076,0,O=C(Nc1cc(-c2ccsc2)n[nH]1)N1CCNc2ccccc2C1,lockbox_primary,4.23979445124247,0.4666666666666667,OADMET-0002707,5.56,O=C(Nc1cc(-c2ccsc2)n[nH]1)N1CCNc2ccccc2C1,"(5,6]","(0.4,0.5]",Q1_low,neutral,False,5.06335677217352,5.337015023778865,5.316539139100031,5.593077668314783
3162,nesso_c21af2d0ef3ff3c7d0c0,OADMET-0001256,3.21,4.9472275,4.219429,4.0847483,3.6372752,4.031131,3.9177182,3.639409372004077,CSCc1ccc(C(=O)NC2CCS(=O)(=O)CC2)o1,0.201,0,O=C(NC1CCS(=O)(=O)CC1)c1ccco1,lockbox_primary,4.23979445124247,0.3492063492063492,OADMET-0005443,5.61,O=C(NC1CCS(=O)(=O)CC1)c1ccco1,<=4,"(0.3,0.4]",Q3,neutral,False,3.7785637860020387,3.669610770856991,3.593895023362057,3.597762504013583
3163,nesso_c27f587fd32e66de0c9f,OADMET-0002840,5.14,5.612739,5.0427437,5.1280603,5.0649996,5.055987,5.0830154,5.026273113389594,Cn1c(Cc2ccsc2)nnc1N1CCCc2ccccc2CC1,0.131,0,c1ccc2c(c1)CCCN(c1nnc(Cc3ccsc3)[nH]1)CC2,lockbox_primary,4.23979445124247,0.2837837837837837,OADMET-0005913,4.48,c1ccc2c(c1)CCCN(c1nnc(Cc3ccsc3)[nH]1)CC2,"(5,6]",<=0.3,Q2,neutral,False,5.054644256694797,5.032430648679034,5.058525293278662,5.27406780113755
3164,nesso_c2898d240ad92131ca51,OADMET-0004861,5.52,5.196031,4.5272274,5.14921,5.022374,5.105305,5.0922966,4.724898869409435,CC(C)c1ccnc(N2CCN(C(=O)c3ccnc(C4CC4)n3)CC2)n1,0.0533,0,O=C(c1ccnc(C2CC2)n1)N1CCN(c2ncccn2)CC1,lockbox_primary,4.23979445124247,0.492063492063492,OADMET-0002559,6.140000000000001,O=C(c1ccnc(C2CC2)n1)N1CCN(c2ncccn2)CC1,"(5,6]","(0.4,0.5]",Q1_low,neutral,False,4.908597734704717,4.764767979847367,4.797088623633604,4.960125023736827
3169,nesso_c2e11d163003e1af8eee,OADMET-0003023,4.88,5.000396,4.2852044,4.7694745,4.589594,4.728669,4.6959124,5.19676710795517,COc1ccc(S(=O)(=O)N2CCC(O)(Cc3ccccc3F)CC2)cc1Cl,0.0946,0,O=S(=O)(c1ccccc1)N1CCC(Cc2ccccc2)CC1,lockbox_primary,4.23979445124247,0.3846153846153846,OADMET-0005447,5.07,O=S(=O)(c1ccccc1)N1CCC(Cc2ccccc2)CC1,"(4,5]","(0.3,0.4]",Q2,neutral,False,4.946339753977584,5.142415570092579,5.123749110834971,5.158679568580341
3170,nesso_c2e1a636114eed613f9f,OADMET-0003185,5.27,5.1225815,4.436362,4.759735,4.6435537,4.6986465,4.700645,5.120826171200045,O=C(CC1(O)CCC1)N1CCc2ccccc2[C@@H]1c1ccccc1,0.162,0,O=C(CC1CCC1)N1CCc2ccccc2[C@@H]1c1ccccc1,lockbox_primary,4.23979445124247,0.3382352941176471,OADMET-0002832,5.38,O=C(CC1CCC1)N1CCc2ccccc2[C@@H]1c1ccccc1,"(5,6]","(0.3,0.4]",Q3,neutral,False,4.9107355856000225,5.075229129836762,5.058390045754624,5.1507159634039485
3183,nesso_c3b2b266c6e8787312cc,OADMET-0005404,5.31,4.977226,4.2565403,4.957771,4.714087,4.9347854,4.868881,5.180135367955697,O=C1NC2(CCCC2)C(=O)N1CCc1nc(C2(c3ccccc3)CCC2)no1,0.0709,0,O=C1NC2(CCCC2)C(=O)N1CCc1nc(C2(c3ccccc3)CCC2)no1,lockbox_primary,4.23979445124247,0.3529411764705882,OADMET-0005813,4.13,O=C1NC2(CCCC2)C(=O)N1CCc1nc(C2(c3ccccc3)CCC2)no1,"(5,6]","(0.3,0.4]",Q1_low,neutral,False,5.024508183977849,5.146358799030333,5.146660705994215,5.202695532288087
3184,nesso_c3b47fbc6c5e17391574,OADMET-0005054,4.79,5.008358,4.2950544,4.8898864,4.742737,4.8436437,4.8254223,5.20825275126152,Cc1nc(S(=O)(=O)Nc2cnn(C(C)C)c2)c(-c2ccccc2)o1,0.129,0,O=S(=O)(Nc1cn[nH]c1)c1ncoc1-c1ccccc1,lockbox_primary,4.23979445124247,0.2985074626865671,OADMET-0005605,4.91,O=S(=O)(Nc1cn[nH]c1)c1ncoc1-c1ccccc1,"(4,5]",<=0.3,Q2,neutral,False,5.01683752563076,5.166708919415268,5.161830063917564,5.276170344085026
3185,nesso_c3dee5d609eb8971edcf,OADMET-0002102,2.82,4.38786,3.5274267,2.7202551,2.514792,2.908661,2.7145693,2.13202413232218,CC1CCNCC1,0.401,1,C1CCNCC1,lockbox_primary,4.23979445124247,0.3478260869565217,OADMET-0002180,1.89,C1CCNCC1,<=4,"(0.3,0.4]",Q4_high,positive,False,2.42329671616109,2.195240520697518,2.015715484824436,1.8338953486193295
3197,nesso_c4a4fbdcc3bbbb31ccd6,OADMET-0003176,4.78,5.4373493,4.825766,5.1276035,5.006308,5.058966,5.0642924,4.787332612893856,COCc1nccc(N(Cc2nc(C)cn2C)CC2CCCCC2)n1,0.0533,0,c1cc(N(Cc2ncc[nH]2)CC2CCCCC2)ncn1,lockbox_primary,4.23979445124247,0.2962962962962963,OADMET-0002836,2.91,c1cc(N(Cc2ncc[nH]2)CC2CCCCC2)ncn1,"(4,5]",<=0.3,Q1_low,neutral,False,4.925812506446928,4.817387617102106,4.845601739864864,4.828378561756885
3204,nesso_c50e4ec2142227a44d38,OADMET-0003376,5.81,5.2285337,4.567437,4.9503603,4.7644873,4.904908,4.873252,5.298949270148609,Cc1cc(F)ccc1CC(C)NC(=O)N1CCCC(C2CCCCO2)C1,0.0406,0,O=C(NCCc1ccccc1)N1CCCC(C2CCCCO2)C1,lockbox_primary,4.23979445124247,0.3536585365853658,OADMET-0005256,4.93,O=C(NCCc1ccccc1)N1CCCC(C2CCCCO2)C1,"(5,6]","(0.3,0.4]",Q1_low,neutral,False,5.086100635074304,5.252753635109166,5.251468220255224,5.20478664209399
3205,nesso_c50f6a627ff6cbdf5e9c,OADMET-0005219,4.16,5.0757127,4.37838,4.812045,4.6434646,4.75762,4.7377095,4.734062047205702,Cc1ccc(-c2nc(C(C)Oc3ccc(Br)cc3Cl)no2)cn1,0.223,0,c1ccc(OCc2noc(-c3cccnc3)n2)cc1,lockbox_primary,4.23979445124247,0.532258064516129,OADMET-0005018,4.7,c1ccc(OCc2noc(-c3cccnc3)n2)cc1,"(4,5]","(0.5,0.6]",Q3,neutral,False,4.735885773602851,4.734457859934429,4.728325333481177,4.620657355986372
3209,nesso_c57b2f850241968888ef,OADMET-0001032,2.5,4.835346,4.081019,3.042993,2.8654437,2.983787,2.9640744,2.8058569813082928,CCOC(=O)N1CCC(NCc2n[nH]c(N)n2)CC1,0.335,1,c1nc(CNC2CCNCC2)n[nH]1,lockbox_primary,4.23979445124247,0.375,OADMET-0002152,2.85,c1nc(CNC2CCNCC2)n[nH]1,<=4,"(0.3,0.4]",Q4_high,positive,False,2.8849656906541465,2.8230263517583625,2.658767715633405,2.3629295909713024
3214,nesso_c5b4ca8a404ddf122316,OADMET-0003047,5.03,5.2716293,4.6207514,4.698041,4.602071,4.6585464,4.652886,4.818387748817157,C=CCn1c(SCC(=O)NCc2ccco2)nc2scc(-c3ccc(C)cc3)c2c1=O,0.0571,0,O=C(CSc1nc2scc(-c3ccccc3)c2c(=O)[nH]1)NCc1ccco1,lockbox_primary,4.23979445124247,0.2988505747126437,OADMET-0002764,4.79,O=C(CSc1nc2scc(-c3ccccc3)c2c(=O)[nH]1)NCc1ccco1,"(5,6]",<=0.3,Q1_low,neutral,False,4.735636874408579,4.80042790053324,4.783673089740703,4.694880487540912
3220,nesso_c67ca76d53d29cdc4d2f,OADMET-0002266,3.88,5.1958613,4.5270176,4.21594,4.045777,4.1754093,4.1457086,3.0367902934185875,Cc1nc(SCC(=O)O)c2c(C)c(C)sc2n1,0.169,-1,c1ncc2ccsc2n1,lockbox_primary,4.23979445124247,0.5454545454545454,OADMET-0001874,4.77,c1ncc2ccsc2n1,<=4,"(0.5,0.6]",Q3,negative,False,3.591249446709294,3.157127417876794,3.116479023653222,2.95331681963128
3221,nesso_c6863ab1b40850f8c190,OADMET-0001621,4.65,5.1346955,4.4513483,4.312908,4.143875,4.2863464,4.2477098,4.402527194202952,C=CC(=O)N1CCCC(C(=O)N[C@H](C)c2coc3c(F)cccc23)C1,0.151,0,O=C(NCc1coc2ccccc12)C1CCCNC1,lockbox_primary,4.23979445124247,0.3974358974358974,OADMET-0001576,2.7,O=C(NCc1coc2ccccc12)C1CCCNC1,"(4,5]","(0.3,0.4]",Q3,neutral,False,4.325118497101476,4.385726786162138,4.332422181861727,4.241872619570307
3233,nesso_c71f1b73dfefcecc4ce6,OADMET-0005793,4.25,4.65044,3.8522687,4.035281,3.6268134,4.0771055,3.9130669,4.617519939528492,NC(=O)CC1(NC(=O)[C@H]2C[C@@H]2c2cccc(O)c2)CCCCC1,0.243,0,O=C(NC1CCCCC1)[C@H]1C[C@@H]1c1ccccc1,lockbox_primary,4.23979445124247,0.2876712328767123,OADMET-0001805,4.64,O=C(NC1CCCCC1)[C@H]1C[C@@H]1c1ccccc1,"(4,5]",<=0.3,Q4_high,neutral,False,4.265293419764246,4.541074404641402,4.447902942828853,4.624443559186247
3254,nesso_c8798c6e7f725408ec9d,OADMET-0005711,4.34,4.9703975,4.2480927,4.5536156,4.215369,4.504622,4.4245358,4.87198633302193,O=c1[nH]c2ccccc2cc1Cn1cc(C2(O)CC3CCC2C3)nn1,0.18,0,O=c1[nH]c2ccccc2cc1Cn1cc(C2CC3CCC2C3)nn1,lockbox_primary,4.23979445124247,0.3488372093023256,OADMET-0004394,4.1,O=c1[nH]c2ccccc2cc1Cn1cc(C2CC3CCC2C3)nn1,"(4,5]","(0.3,0.4]",Q3,neutral,False,4.648261066510965,4.8234300866676385,4.781085123762676,4.783656719813159
3258,nesso_c89ca5ebed8e3bbc65e5,OADMET-0005507,5.31,5.0391445,4.333141,5.092257,4.8935127,5.0632153,5.0163283,5.062920463920738,Cc1nn(C)c2ncc(C(=O)N3CCCC3c3cccc(F)c3)cc12,0.0751,0,O=C(c1cnc2[nH]ncc2c1)N1CCCC1c1ccccc1,lockbox_primary,4.23979445124247,0.5294117647058824,OADMET-0005963,5.0,O=C(c1cnc2[nH]ncc2c1)N1CCCC1c1ccccc1,"(5,6]","(0.5,0.6]",Q1_low,neutral,False,5.039624381960369,5.057864395321968,5.076121831545628,5.137550791443493
3272,nesso_c990e1f8de008d775667,OADMET-0001207,2.75,4.7959075,4.0322285,3.311151,2.9504147,3.3906217,3.2173958,3.651640831203464,Cc1ccc(C(=O)N[C@H]2COC[C@@H]2N2CCOCC2)c(C)n1,0.293,1,O=C(N[C@H]1COC[C@@H]1N1CCOCC1)c1cccnc1,lockbox_primary,4.23979445124247,0.3,OADMET-0002802,5.55,O=C(N[C@H]1COC[C@@H]1N1CCOCC1)c1cccnc1,<=4,<=0.3,Q4_high,positive,False,3.434518315601732,3.604517613870725,3.452957135411187,3.608936442704204
3275,nesso_ca07d64ec508bd6bbc2c,OADMET-0005346,4.51,4.604691,3.795672,4.360997,3.9891825,4.328268,4.226149,4.58699110544091,COc1ccccc1C(=O)NCC(=O)NC1CCN(c2ccccc2OC)CC1,0.243,0,O=C(CNC(=O)c1ccccc1)NC1CCN(c2ccccc2)CC1,lockbox_primary,4.23979445124247,0.5,OADMET-0005574,5.28,O=C(CNC(=O)c1ccccc1)NC1CCN(c2ccccc2)CC1,"(4,5]","(0.4,0.5]",Q4_high,neutral,False,4.406570052720455,4.547833395540648,4.489003014538965,4.56786326712733
3278,nesso_ca60e8603393f372704c,OADMET-0003520,5.49,5.3929973,4.7708974,5.0259905,4.874947,5.0126724,4.9712033,5.0043145520151295,CCn1c(-c2n[nH]c(=O)c3ccccc23)nnc1N1Cc2ccccc2C(c2ccccc2)C1,0.0989,0,O=c1[nH]nc(-c2nnc(N3Cc4ccccc4C(c4ccccc4)C3)[nH]2)c2ccccc12,lockbox_primary,4.23979445124247,0.3333333333333333,OADMET-0002867,5.12,O=c1[nH]nc(-c2nnc(N3Cc4ccccc4C(c4ccccc4)C3)[nH]2)c2ccccc12,"(5,6]","(0.3,0.4]",Q2,neutral,False,4.987758926007565,5.0007213992724395,5.015121274524458,4.978673263406817
3279,nesso_ca64fc8da2374cab4baa,OADMET-0004418,5.2,5.1367035,4.4538326,4.860627,4.6954517,4.7925243,4.782868,4.567951671125552,CC(=O)N1CCCN(c2ccc3ccc(Cl)c(C)c3n2)CC1,0.32,0,c1ccc2nc(N3CCCNCC3)ccc2c1,lockbox_primary,4.23979445124247,0.4666666666666667,OADMET-0003827,4.17,c1ccc2nc(N3CCCNCC3)ccc2c1,"(5,6]","(0.4,0.5]",Q4_high,neutral,False,4.6754098355627765,4.591273869760359,4.592897483041659,4.566168627979419
3280,nesso_ca8be1028d1958e2935b,OADMET-0001158,3.2,4.2645073,3.3748255,3.027091,2.5862143,3.1270626,2.913456,3.0682519093544545,COCCc1nc(CNC(=O)N(C)Cc2noc(C3CC3)n2)no1,0.195,0,O=C(NCc1ncon1)NCc1noc(C2CC2)n1,lockbox_primary,4.23979445124247,0.4603174603174603,OADMET-0000943,2.61,O=C(NCc1ncon1)NCc1noc(C2CC2)n1,<=4,"(0.4,0.5]",Q3,neutral,False,2.9908539546772275,3.051453832797279,2.8771805238688604,2.8778129086287083
3287,nesso_cb0634b96e906c66a4e6,OADMET-0005937,4.89,4.6603527,3.8645315,4.5626903,4.1716604,4.528182,4.420844,4.8347772764684525,COC1CCCN(C(=O)C(Cc2ccccc2)NC(=O)c2cccnc2)CC1,0.116,0,O=C(NC(Cc1ccccc1)C(=O)N1CCCCCC1)c1cccnc1,lockbox_primary,4.23979445124247,0.4,OADMET-0001417,3.38,O=C(NC(Cc1ccccc1)C(=O)N1CCCCCC1)c1cccnc1,"(4,5]","(0.3,0.4]",Q2,neutral,False,4.627810638234227,4.789858241484409,4.747759512084211,4.786977271986183
3307,nesso_cc84cf6b866fe48e4f45,OADMET-0001572,2.37,4.771609,4.002168,3.5251331,3.08532,3.6099854,3.4068127,2.822301363575843,C=CC(=O)N[C@@H]1CCCN(C(=O)Cn2cc(C3CCOC3)cn2)C1,0.44,0,O=C(Cn1cc(C2CCOC2)cn1)N1CCCCC1,lockbox_primary,4.23979445124247,0.3452380952380952,OADMET-0001775,3.43,O=C(Cn1cc(C2CCOC2)cn1)N1CCCCC1,<=4,"(0.3,0.4]",Q4_high,neutral,False,3.1145570317879216,2.8857311158137215,2.7690018654708175,2.5222808476571115
3312,nesso_cccee60190b8e5db2b21,OADMET-0003312,5.865,5.1919184,4.5221395,5.0649114,4.8052044,5.0122194,4.960778,5.1161550950935135,CS(=O)(=O)NCc1ccc(C(=O)N2CCCCCc3ccccc32)o1,0.0352852660468927,0,O=C(c1ccco1)N1CCCCCc2ccccc21,lockbox_primary,4.23979445124247,0.390625,OADMET-0003433,5.83,O=C(c1ccco1)N1CCCCCc2ccccc21,"(5,6]","(0.3,0.4]",Q1_low,neutral,False,5.038466547546757,5.099293949669859,5.1106294147257465,5.197537369721199
3313,nesso_ccd85c5dff19cb7f5c29,OADMET-0001729,3.67,4.9137497,4.178013,4.50049,4.2734637,4.4763646,4.416773,3.947192727125449,C=CC(=O)Nc1ccc(CCC(=O)N2CCS(=O)C(C)(C)CC2)cc1,0.276,0,O=C(CCc1ccccc1)N1CCCS(=O)CC1,lockbox_primary,4.23979445124247,0.3783783783783784,OADMET-0001661,4.26,O=C(CCc1ccccc1)N1CCCS(=O)CC1,<=4,"(0.3,0.4]",Q4_high,neutral,False,4.181982863562725,3.9981504391630716,3.970996373037422,3.846611617601676
3321,nesso_cd527ab243b6b13ba528,OADMET-0003337,5.01,5.0877624,4.3932867,5.1456194,4.984576,5.11524,5.081812,5.494972249503737,O=C(c1nc(-c2ccccc2)n2c1CCCCC2)N1C2CCC1c1cn[nH]c1C2,0.0483,0,O=C(c1nc(-c2ccccc2)n2c1CCCCC2)N1C2CCC1c1cn[nH]c1C2,lockbox_primary,4.23979445124247,0.2976190476190476,OADMET-0003422,5.53,O=C(c1nc(-c2ccccc2)n2c1CCCCC2)N1C2CCC1c1cn[nH]c1C2,"(5,6]",<=0.3,Q1_low,neutral,False,5.288392124751869,5.4501371015305855,5.467977917506298,5.521609736617213
3331,nesso_cde11dbcf3cc84775cea,OADMET-0002900,5.95,5.327958,4.6904364,5.103609,4.9325247,5.0384965,5.024877,4.973362437639648,CC(C)C1c2ccccc2CCN1c1cncc(C#N)n1,0.0654,0,c1ccc2c(c1)CCN(c1cnccn1)C2,lockbox_primary,4.23979445124247,0.5423728813559322,OADMET-0005280,5.02,c1ccc2c(c1)CCN(c1cnccn1)C2,"(5,6]","(0.5,0.6]",Q1_low,neutral,False,4.9991197188198235,4.978952672975629,4.999685633958264,5.112960121784622
3346,nesso_ceab223ba92382cec306,OADMET-0004088,3.99,5.114385,4.4262223,5.1792474,5.0031543,5.13463,5.105677,5.034413473357383,Cn1c(C(=O)NC2(c3nnc[nH]3)CCC2)cc2cc(C(F)(F)F)ccc21,0.29,0,O=C(NC1(c2nnc[nH]2)CCC1)c1cc2ccccc2[nH]1,lockbox_primary,4.23979445124247,0.296875,OADMET-0002331,3.77,O=C(NC1(c2nnc[nH]2)CCC1)c1cc2ccccc2[nH]1,<=4,<=0.3,Q4_high,neutral,False,5.070045236678691,5.042146818387425,5.0705477528683724,5.250178651560966
3347,nesso_ceb4776238246ebcb71e,OADMET-0001391,4.33,4.9847293,4.265823,4.4272785,4.0642557,4.3965745,4.2960362,4.447583776081967,CCOc1cc(=O)c(C(=O)N2CCN(CC(C)C)CC2)nn1-c1ccc(C)cc1,0.0891,1,O=C(c1nn(-c2ccccc2)ccc1=O)N1CCNCC1,lockbox_primary,4.23979445124247,0.3676470588235294,OADMET-0004415,4.17,O=C(c1nn(-c2ccccc2)ccc1=O)N1CCNCC1,"(4,5]","(0.3,0.4]",Q2,positive,False,4.371809988040983,4.431138200771253,4.3822717468022425,4.403388597185779
3351,nesso_cee7db037eb304410af6,OADMET-0002885,1.78,4.8309245,4.0755486,3.6437724,3.3545928,3.6336164,3.543994,4.134446682307031,NS(=O)(=O)c1ccc(Oc2ccc(NC(=O)C3CCCC3)cc2)cc1,0.549,0,O=C(Nc1ccc(Oc2ccccc2)cc1)C1CCCC1,lockbox_primary,4.23979445124247,0.392156862745098,OADMET-0002100,3.01,O=C(Nc1ccc(Oc2ccccc2)cc1)C1CCCC1,<=4,"(0.3,0.4]",Q4_high,neutral,False,3.8392203411535153,4.070372189627307,3.945714966626825,3.8563697057693265
3352,nesso_cf00e8f54027a542c06c,OADMET-0000986,3.86,4.3786845,3.5160756,4.1492953,3.6606736,4.133762,3.9812438,4.069797445707275,Cc1c(C(C)NC(=O)C(C)(C)n2cccc2)cnn1C,0.161,0,O=C(Cn1cccc1)NCc1cn[nH]c1,lockbox_primary,4.23979445124247,0.2876712328767123,OADMET-0003418,5.44,O=C(Cn1cccc1)NCc1cn[nH]c1,<=4,<=0.3,Q3,neutral,False,4.025520622853637,4.060187818901171,3.983872818985271,3.9984555287885204
3356,nesso_cf63ea3b634a3687562a,OADMET-0006032,4.76,5.315146,4.6745863,4.4712873,4.3166385,4.434237,4.4073873,4.484779919419024,CON(C)C(=O)c1cc(-c2cccnc2)nc2c1cnn2Cc1ccco1,0.102,0,c1cncc(-c2ccc3cnn(Cc4ccco4)c3n2)c1,lockbox_primary,4.23979445124247,0.2826086956521739,OADMET-0005554,4.58,c1cncc(-c2ccc3cnn(Cc4ccco4)c3n2)c1,"(4,5]",<=0.3,Q2,neutral,False,4.446083609709512,4.476381460109714,4.438895879015212,4.439888278875086
3358,nesso_cf9319a39f56ec8625f0,OADMET-0004826,5.03,4.6183176,3.8125296,4.6822844,4.3190613,4.6589537,4.553433,4.765777916749284,Cc1cc(C2CCCN2C(=O)CCc2nc(-c3ccco3)no2)no1,0.132,0,O=C(CCc1nc(-c2ccco2)no1)N1CCCC1c1ccon1,lockbox_primary,4.23979445124247,0.6376811594202898,OADMET-0005122,4.52,O=C(CCc1nc(-c2ccco2)no1)N1CCCC1c1ccon1,"(5,6]",>0.6,Q2,neutral,False,4.659605458374642,4.742734761520202,4.7161511993576735,4.887019486268327
3360,nesso_cfb9b9eb8f9b8bc9a73b,OADMET-0004728,4.34,5.07844,4.381754,5.0575495,4.846279,5.052838,4.9855556,4.606563216024275,Cn1cc2c(n1)CCCC2C(=O)N1CCCC(c2nnc3n2CCCCC3)C1,0.296,0,O=C(C1CCCc2n[nH]cc21)N1CCCC(c2nnc3n2CCCCC3)C1,lockbox_primary,4.23979445124247,0.3037974683544304,OADMET-0001637,3.62,O=C(C1CCCc2n[nH]cc21)N1CCCC(c2nnc3n2CCCCC3)C1,"(4,5]","(0.3,0.4]",Q4_high,neutral,False,4.7960594080121375,4.647690550119604,4.67053457236686,4.625218084030982
3372,nesso_d028640c639c1c8b6018,OADMET-0001812,3.33,5.2782307,4.628918,5.1753397,5.0571127,5.125579,5.1193438,4.443602296847969,C=CC(=O)Nc1ccc(C(=O)N(C)C2CCCc3nc(C)sc32)cc1,0.177,0,O=C(NC1CCCc2ncsc21)c1ccccc1,lockbox_primary,4.23979445124247,0.4,OADMET-0001769,3.52,O=C(NC1CCCc2ncsc21)c1ccccc1,<=4,"(0.3,0.4]",Q3,neutral,False,4.781473048423985,4.516932125460021,4.557049441203153,4.6440793307015
3381,nesso_d0a628ad1aa0ab2bb7ae,OADMET-0002098,2.05,4.628811,3.825511,1.8597708,1.9763479,2.4792953,2.105138,2.237390347567703,NC1CCCCC1,0.643,1,C1CCCCC1,lockbox_primary,4.23979445124247,1.0,OADMET-0002087,2.69,C1CCCCC1,<=4,>0.6,Q4_high,positive,False,2.1712641737838516,2.223038643646242,1.9758705584625966,1.8840816102897184
3383,nesso_d0af8e4d5000cdc89f85,OADMET-0002712,5.29,5.3160853,4.6757483,5.121587,5.0097504,5.079765,5.0703673,5.414536098988318,CC(F)(F)c1ccccc1NC(=O)NC(C)(C)c1nc2ccccc2s1,0.127,0,O=C(NCc1nc2ccccc2s1)Nc1ccccc1,lockbox_primary,4.23979445124247,0.4838709677419355,OADMET-0005030,5.07,O=C(NCc1nc2ccccc2s1)Nc1ccccc1,"(5,6]","(0.4,0.5]",Q2,neutral,False,5.2424516994941595,5.37718773585581,5.395186741577124,5.429669375570082
3387,nesso_d0d551daaf01c59411d8,OADMET-0003608,5.55,5.7078314,5.1603837,4.4706516,4.3418827,4.4888015,4.433779,4.913352751504879,CC(C)c1nc(CN(C)C(=O)N[C@H](C(=O)N[C@@H](Cc2ccccc2)C[C@H](O)[C@H](Cc2ccccc2)NC(=O)OCc2cncs2)C(C)C)cs1,0.0606,0,O=C(CNC(=O)NCc1cscn1)N[C@H](CC[C@H](Cc1ccccc1)NC(=O)OCc1cncs1)Cc1ccccc1,lockbox_primary,4.23979445124247,0.2752293577981651,OADMET-0003700,5.52,O=C(CNC(=O)NCc1cscn1)N[C@H](CC[C@H](Cc1ccccc1)NC(=O)OCc1cncs1)Cc1ccccc1,"(5,6]",<=0.3,Q1_low,neutral,False,4.673565875752439,4.8613105714098985,4.819246850911495,4.658312880765896
3390,nesso_d0ef97e949ca1c44b4ff,OADMET-0002311,2.95,5.0352006,4.328262,3.347178,3.3030205,3.2159626,3.2887204,2.610523310545352,Nc1ccc(N2CCCCC2)cc1,0.262,0,c1ccc(N2CCCCC2)cc1,lockbox_primary,4.23979445124247,0.6153846153846154,OADMET-0002105,1.86,c1ccc(N2CCCCC2)cc1,<=4,>0.6,Q4_high,neutral,False,2.949621855272676,2.6841196134258527,2.558307452831897,-1.106045636293027
3406,nesso_d251d1ad1c80bad94078,OADMET-0003727,2.54,5.7393627,5.1993914,4.380316,4.4340444,4.2673626,4.3605742,4.151684984676142,CC[P](CC)(CC)=[Au][S][C@@H]1O[C@H](COC(C)=O)[C@@H](OC(C)=O)[C@H](OC(C)=O)[C@H]1OC(C)=O,0.655,0,C1CCOCC1,lockbox_primary,4.23979445124247,0.1724137931034483,OADMET-0003537,1.77,C1CCOCC1,<=4,<=0.3,Q4_high,neutral,False,4.2561295923380715,4.17435313556987,4.137585345114578,3.890376255027552
3412,nesso_d2937ccc46e2fea3a60a,OADMET-0005419,5.38,5.257665,4.603476,5.1571007,4.961196,5.104437,5.0742445,5.091352741410075,Cn1nc(C(=O)NC2CCCOc3c(F)cccc32)cc1C(F)F,0.0562,0,O=C(NC1CCCOc2ccccc21)c1cc[nH]n1,lockbox_primary,4.23979445124247,0.4189189189189189,OADMET-0005003,4.81,O=C(NC1CCCOc2ccccc21)c1cc[nH]n1,"(5,6]","(0.4,0.5]",Q1_low,neutral,False,5.082798620705038,5.089496196555864,5.113515598466403,5.150688345720111
3415,nesso_d29c17ef01c4d485beb3,OADMET-0005560,4.8,4.8301973,4.0746493,4.7806416,4.474594,4.7918806,4.682372,4.405957433046007,CCNC(=O)c1ccc(CNC(=O)CN(C(=O)CC2OCCc3ccsc32)C2CC2)cc1,0.194,0,O=C(CN(C(=O)CC1OCCc2ccsc21)C1CC1)NCc1ccccc1,lockbox_primary,4.23979445124247,0.3012048192771084,OADMET-0003017,6.205,O=C(CN(C(=O)CC1OCCc2ccsc21)C1CC1)NCc1ccccc1,"(4,5]","(0.3,0.4]",Q3,neutral,False,4.544164716523003,4.435953271286019,4.429531429562527,4.504186394275331
3420,nesso_d2cff0cb7efc042806c7,OADMET-0001050,2.16,4.9872255,4.268911,3.5698504,3.143519,3.6362085,3.4498594,3.1013059315725315,O=C(NC1CCN(CC2CCCO2)CC1)c1ccncc1Cl,0.467,1,O=C(NC1CCN(CC2CCCO2)CC1)c1ccncc1,lockbox_primary,4.23979445124247,0.3384615384615385,OADMET-0001981,1.81,O=C(NC1CCN(CC2CCCO2)CC1)c1ccncc1,<=4,"(0.3,0.4]",Q4_high,positive,False,3.2755826657862657,3.1391301083956207,3.0222138445933955,2.992516822878932
3427,nesso_d3264e8548271767c216,OADMET-0005146,4.45,4.8805637,4.136958,4.6505456,4.2403593,4.6593614,4.5167556,4.801249270880723,O=C(Cc1c[nH]c2ccc(F)cc12)NCC1NCCc2sccc21,0.204,1,O=C(Cc1c[nH]c2ccccc12)NCC1NCCc2sccc21,lockbox_primary,4.23979445124247,0.3648648648648648,OADMET-0005646,4.64,O=C(Cc1c[nH]c2ccccc12)NCC1NCCc2sccc21,"(4,5]","(0.3,0.4]",Q3,positive,False,4.659002435440361,4.770376707882023,4.739217278532775,4.749317993963265
3428,nesso_d34b25045a5d7e3b1e47,OADMET-0002585,5.35,4.6105967,3.8029776,4.732798,4.385277,4.691768,4.603281,4.870082891188768,CC(C)(C)c1ccccc1C(=O)N1CCC(Cn2ccnn2)CC1,0.0753,0,O=C(c1ccccc1)N1CCC(Cn2ccnn2)CC1,lockbox_primary,4.23979445124247,0.4137931034482758,OADMET-0001938,2.19,O=C(c1ccccc1)N1CCC(Cn2ccnn2)CC1,"(5,6]","(0.4,0.5]",Q1_low,neutral,False,4.736681945594384,4.841130197203,4.818122173509916,5.019484466515688
3432,nesso_d38adee611a79515f171,OADMET-0003203,5.78,5.7944155,5.267498,5.2628784,5.1316657,5.194891,5.1964784,5.169942635289111,CC(NC(=O)c1cccc(F)c1CNC(=O)OC(C)(C)C)c1cccc(OC(F)F)c1,0.0722,0,O=C(NCc1ccccc1)c1ccccc1,lockbox_primary,4.23979445124247,0.3116883116883117,OADMET-0002634,4.7,O=C(NCc1ccccc1)c1ccccc1,"(5,6]","(0.3,0.4]",Q1_low,neutral,False,5.1832105176445555,5.172822232101299,5.208680347450476,5.14979228674499
3433,nesso_d398c4893b3a70adf60f,OADMET-0001858,1.9,5.0338025,4.3265324,4.4607344,4.29868,4.397928,4.385781,3.665179928965908,Cc1oncc1C(=O)Nc1ccc(C(F)(F)F)cc1,0.59,0,O=C(Nc1ccccc1)c1cnoc1,lockbox_primary,4.23979445124247,0.4871794871794871,OADMET-0002238,2.19,O=C(Nc1ccccc1)c1cnoc1,<=4,"(0.4,0.5]",Q4_high,neutral,False,4.025480464482953,3.7433778090577903,3.717764768984626,3.732549762554508
3435,nesso_d3aba013465a5a929590,OADMET-0003278,5.31,5.1232843,4.4372315,5.0288343,4.8681107,5.0094447,4.9687963,5.274711875245176,CC(NC(=O)CCc1ccc2[nH]ccc2c1)c1ccccc1NS(=O)(=O)c1cccs1,0.0619,0,O=C(CCc1ccc2[nH]ccc2c1)NCc1ccccc1NS(=O)(=O)c1cccs1,lockbox_primary,4.23979445124247,0.3764705882352941,OADMET-0002822,5.47,O=C(CCc1ccc2[nH]ccc2c1)NCc1ccccc1NS(=O)(=O)c1cccs1,"(5,6]","(0.3,0.4]",Q1_low,neutral,False,5.1217540876225875,5.241514659153154,5.25096784481802,5.379253191873632
3443,nesso_d411b377c03bbabd2165,OADMET-0003665,4.95,4.9246664,4.1915183,3.715044,3.717421,3.6498847,3.6941166,2.77640679439699,Nc1ccc2cc3ccc(N)cc3nc2c1,0.197,0,c1ccc2nc3ccccc3cc2c1,lockbox_primary,4.23979445124247,0.36,OADMET-0002065,2.39,c1ccc2nc3ccccc3cc2c1,"(4,5]","(0.3,0.4]",Q3,neutral,False,3.235261697198495,2.8759944361898424,2.791088629223493,2.9468916352668937
3451,nesso_d49daa5c3ac362667d81,OADMET-0004695,5.2,5.1182947,4.431059,4.316569,4.1406455,4.2740946,4.2437696,4.598560515078623,COc1cccc2sc(NC(=O)C3CCCOC3C)nc12,0.144,0,O=C(Nc1nc2ccccc2s1)C1CCCOC1,lockbox_primary,4.23979445124247,0.4,OADMET-0005649,4.79,O=C(Nc1nc2ccccc2s1)C1CCCOC1,"(5,6]","(0.3,0.4]",Q3,neutral,False,4.421165057539312,4.5600594656766384,4.5029315266186245,4.561825136872847
3454,nesso_d4bab1a138079ebbaa37,OADMET-0003530,5.6,5.58384,5.006992,4.760851,4.6805406,4.7124653,4.7179523,5.216120383849874,CC(C)(C)[C@@H]1OCC[C@H]1c1noc(C2OCCc3ccccc32)n1,0.101,0,c1ccc2c(c1)CCOC2c1nc([C@@H]2CCOC2)no1,lockbox_primary,4.23979445124247,0.6,OADMET-0003282,5.55,c1ccc2c(c1)CCOC2c1nc([C@@H]2CCOC2)no1,"(5,6]","(0.5,0.6]",Q2,neutral,False,4.967036341924937,5.162060391917594,5.1454387296511745,5.016137770524755
3465,nesso_d53d9322fa9b97d10c8b,OADMET-0002919,4.85,4.854513,4.1047306,4.9082537,4.698055,4.8723273,4.826212,4.717862106593002,Cc1ccccc1C(=O)N1CCCC(CO)(Cc2ccccc2)C1,0.0883,0,O=C(c1ccccc1)N1CCCC(Cc2ccccc2)C1,lockbox_primary,4.23979445124247,0.559322033898305,OADMET-0005668,5.27,O=C(c1ccccc1)N1CCCC(Cc2ccccc2)C1,"(4,5]","(0.5,0.6]",Q2,neutral,False,4.772037053296501,4.7296199741749225,4.733326243361611,4.77083123448645
3469,nesso_d580d7c4c51e0f7547eb,OADMET-0005855,4.48,5.0244946,4.315017,4.884362,4.6929936,4.874447,4.817268,4.864254319060339,Cc1cccc2c(CC(=O)N3Cc4ccccc4C[C@H]3C(N)=O)c[nH]c12,0.276,0,O=C(Cc1c[nH]c2ccccc12)N1CCc2ccccc2C1,lockbox_primary,4.23979445124247,0.4366197183098591,OADMET-0002751,5.13,O=C(Cc1c[nH]c2ccccc12)N1CCc2ccccc2C1,"(4,5]","(0.4,0.5]",Q4_high,neutral,False,4.840761159530169,4.859155477702018,4.859358435737173,4.85020645237316
3474,nesso_d60aaf913b2debff1367,OADMET-0004687,4.05,4.9711437,4.249016,4.7189574,4.5730586,4.6782813,4.6567655,4.776872823620374,CCC(C)(C)NC(=O)c1ccc(NC(=O)CC2OC(=O)c3ccccc32)cc1,0.269,0,O=C(CC1OC(=O)c2ccccc21)Nc1ccccc1,lockbox_primary,4.23979445124247,0.3066666666666666,OADMET-0004731,5.25,O=C(CC1OC(=O)c2ccccc21)Nc1ccccc1,"(4,5]","(0.3,0.4]",Q4_high,neutral,False,4.716819161810187,4.763839068234547,4.748222801441809,4.701276953006322
3500,nesso_d839f3a8c27c503bf87b,OADMET-0005596,4.79,5.1946363,4.525502,5.0856457,4.947427,5.0282135,5.0204287,5.08396000648229,CNC(=O)c1cccnc1N1CCc2ccccc2C(C)(C)C1,0.185,0,c1ccc(N2CCc3ccccc3CC2)nc1,lockbox_primary,4.23979445124247,0.3561643835616438,OADMET-0002940,5.05,c1ccc(N2CCc3ccccc3CC2)nc1,"(4,5]","(0.3,0.4]",Q3,neutral,False,5.052194353241145,5.077065743226126,5.095401336359558,5.135798657781766
3504,nesso_d84cb8d68670e2f6d58f,OADMET-0001128,4.28,4.9924855,4.2754183,4.107404,3.7228189,4.087435,3.9725525,3.604907074217111,CCCn1nccc1S(=O)(=O)NCCCc1csc(N)n1,0.0726,0,O=S(=O)(NCCCc1cscn1)c1ccn[nH]1,lockbox_primary,4.23979445124247,0.3676470588235294,OADMET-0000954,2.48,O=S(=O)(NCCCc1cscn1)c1ccn[nH]1,"(4,5]","(0.3,0.4]",Q1_low,neutral,False,3.7887297871085552,3.6448030639364206,3.575607278096087,3.5538142260353864
3505,nesso_d884d5cc6cd88630684a,OADMET-0003128,4.859999999999999,5.2814126,4.6328545,4.913638,4.753211,4.8644447,4.843765,4.707604400400645,CSc1[nH]c(=O)c(C(=O)N2Cc3ccccc3OCC2C)cc1C#N,0.0745678214781684,0,O=C(c1ccc[nH]c1=O)N1CCOc2ccccc2C1,lockbox_primary,4.23979445124247,0.4520547945205479,OADMET-0004975,4.6,O=C(c1ccc[nH]c1=O)N1CCOc2ccccc2C1,"(4,5]","(0.4,0.5]",Q1_low,neutral,False,4.775684700200323,4.722380218351386,4.728159953760386,4.756031043414599
3515,nesso_d8f45afc4e9d2d009fe5,OADMET-0005773,4.38,5.078588,4.381937,4.6801443,4.4485383,4.631726,4.586803,4.687759288818468,CC(C)(C)c1cc(C(=O)N2CCC(O)(C(F)F)CC2)no1,0.211,0,O=C(c1ccon1)N1CCCCC1,lockbox_primary,4.23979445124247,0.3275862068965517,OADMET-0001970,2.22,O=C(c1ccon1)N1CCCCC1,"(4,5]","(0.3,0.4]",Q3,neutral,False,4.637281144409234,4.676803757270036,4.655176336063398,4.742719100088705
3518,nesso_d926e60aa3da599d2a44,OADMET-0002233,1.88,4.38681,3.5261278,2.8820682,2.5341594,2.9522605,2.7894962,2.060686877025655,O=C(O)CN1CCCC1=O,0.603,-1,O=C1CCCN1,lockbox_primary,4.23979445124247,0.4285714285714285,OADMET-0002199,1.95,O=C1CCCN1,<=4,"(0.4,0.5]",Q4_high,negative,False,2.4250915385128273,2.139775496705347,1.969578815907971,2.023661768092206
3519,nesso_d92cd1c8285e32b7b2b6,OADMET-0001962,1.84,4.3450823,3.474506,3.3356972,2.8001266,3.2822225,3.1393487,3.889076714830873,Cc1cccc(C)c1NC(=O)CN1CCCC1=O,0.588,0,O=C(CN1CCCC1=O)Nc1ccccc1,lockbox_primary,4.23979445124247,0.6341463414634146,OADMET-0001974,3.67,O=C(CN1CCCC1=O)Nc1ccccc1,<=4,>0.6,Q4_high,neutral,True,3.5142127074154366,3.8077180494584537,3.6436132905382794,3.718812321739671
3521,nesso_d931434e6914f971eb2e,OADMET-0002732,5.66,5.297762,4.6530805,5.0783434,4.922413,5.0084853,5.0030804,5.251808171607004,CCn1cc(S(=O)(=O)N2CCc3c(Cl)cc(F)cc3C2)nc1C,0.0612,0,O=S(=O)(c1c[nH]cn1)N1CCc2ccccc2C1,lockbox_primary,4.23979445124247,0.2625,OADMET-0002818,5.74,O=S(=O)(c1c[nH]cn1)N1CCc2ccccc2C1,"(5,6]",<=0.3,Q1_low,neutral,False,5.127444285803502,5.224816837231474,5.2383695883554875,5.370909219122873
3532,nesso_d9d4678580e41fff9609,OADMET-0004279,4.63,5.219569,4.556347,4.9215846,4.6462812,4.872633,4.8134995,4.932743218002573,O=C(Nc1nc2c(s1)COCC2)N1CCc2cccc(Cl)c2C1,0.203,0,O=C(Nc1nc2c(s1)COCC2)N1CCc2ccccc2C1,lockbox_primary,4.23979445124247,0.3684210526315789,OADMET-0003087,3.13,O=C(Nc1nc2c(s1)COCC2)N1CCc2ccccc2C1,"(4,5]","(0.3,0.4]",Q3,neutral,False,4.873121359001287,4.919803179003333,4.918412046408384,4.908197801766649
3536,nesso_da1c77a862cd198f55a0,OADMET-0003321,5.84,5.167222,4.4915876,4.6897526,4.498274,4.6455708,4.611199,5.210809731324853,Cc1cccc2c1CN(C(=O)C1CCCN(S(=O)(=O)c3ccc([N+](=O)[O-])cc3)C1)CC2,0.0505,0,O=C(C1CCCN(S(=O)(=O)c2ccccc2)C1)N1CCc2ccccc2C1,lockbox_primary,4.23979445124247,0.32,OADMET-0003575,4.18,O=C(C1CCCN(S(=O)(=O)c2ccccc2)C1)N1CCc2ccccc2C1,"(5,6]","(0.3,0.4]",Q1_low,neutral,False,4.911004365662427,5.145741429382615,5.117682778290536,5.149186951508464
3538,nesso_da35a4f46e141f636d6c,OADMET-0005663,4.85,4.8007565,4.0382276,4.5963182,4.2567487,4.558918,4.4706616,4.893008977353347,CCC(C)(C)NC(=O)C(C)n1cc(-c2ncccc2F)nn1,0.14,0,c1ccc(-c2c[nH]nn2)nc1,lockbox_primary,4.23979445124247,0.3194444444444444,OADMET-0005312,4.57,c1ccc(-c2c[nH]nn2)nc1,"(4,5]","(0.3,0.4]",Q2,neutral,False,4.681835288676673,4.847176864553398,4.80944896901861,4.952759698211921
3547,nesso_daa5cc914095f15a8614,OADMET-0002739,5.33,5.309129,4.667143,4.8308578,4.7137294,4.8028755,4.7824874,4.9004692177488,COCC1(C2CCC2)CN(C(=O)NCCc2cc(C)c(O)c(C)c2)C1,0.0752,0,O=C(NCCc1ccccc1)N1CC(C2CCC2)C1,lockbox_primary,4.23979445124247,0.3043478260869565,OADMET-0005927,4.63,O=C(NCCc1ccccc1)N1CC(C2CCC2)C1,"(5,6]","(0.3,0.4]",Q1_low,neutral,False,4.8414783088744,4.887666117103802,4.8834851689780745,4.852248963267961
3556,nesso_db283d07da262fc41cbc,OADMET-0001793,5.21,5.3535066,4.722043,5.070539,4.959774,5.004263,5.0115256,4.699066946796952,C=CC(=O)NCC(NC(=O)C1CC=Cc2ccccc21)c1ccc2ccccc2c1,0.0315,0,O=C(NCc1ccc2ccccc2c1)C1CC=Cc2ccccc21,lockbox_primary,4.23979445124247,0.4931506849315068,OADMET-0001561,3.95,O=C(NCc1ccc2ccccc2c1)C1CC=Cc2ccccc21,"(5,6]","(0.4,0.5]",Q1_low,neutral,False,4.855296273398476,4.732974201835832,4.757019558446284,4.752685191623746
3557,nesso_db32c7657842fad3f596,OADMET-0003183,5.4,5.1071525,4.4172745,4.950876,4.6449466,4.8935556,4.829793,4.834588825751228,CCC(CC(=O)NCCN(C)C(=O)C(C)n1nccc1C)C1CCC1,0.115,0,O=C(CCC1CCC1)NCCNC(=O)Cn1cccn1,lockbox_primary,4.23979445124247,0.2962962962962963,OADMET-0005798,4.82,O=C(CCC1CCC1)NCCNC(=O)Cn1cccn1,"(5,6]",<=0.3,Q2,neutral,False,4.832190912875614,4.834068394375103,4.836138200816756,4.981780082035942
3560,nesso_db65779d7d685175e1da,OADMET-0005660,4.75,5.1748285,4.5009975,5.1121483,4.956546,5.088448,5.052381,5.119876984668021,Cn1ncc(NC(=O)NCC(C)(C)c2ccc3ccccc3c2)c1C(F)F,0.0849,0,O=C(NCCc1ccc2ccccc2c1)Nc1cn[nH]c1,lockbox_primary,4.23979445124247,0.28,OADMET-0002715,5.83,O=C(NCCc1ccc2ccccc2c1)Nc1cn[nH]c1,"(4,5]",<=0.3,Q2,neutral,False,5.086128992334011,5.112552484153223,5.133716288625,5.1215498225512555
3566,nesso_dbbf7754de065d80f08d,OADMET-0003403,5.61,4.734167,3.9558487,4.231741,3.8525636,4.201053,4.0951195,4.860255790030633,CC(C)c1noc(=O)n1CC(=O)N1c2ccccc2CCC1C,0.0705,0,O=C(Cn1cnoc1=O)N1CCCc2ccccc21,lockbox_primary,4.23979445124247,0.4285714285714285,OADMET-0003414,6.845,O=C(Cn1cnoc1=O)N1CCCc2ccccc21,"(5,6]","(0.4,0.5]",Q1_low,neutral,False,4.477687645015317,4.777225056013125,4.699507440555315,4.842883295467173
3567,nesso_dbcb1e1b0ca1a24929bf,OADMET-0001192,3.06,4.7800646,4.012629,4.208147,3.7972708,4.2293115,4.0782433,3.858135404802275,CSCCC(=O)NC1CCN(Cc2ccccc2F)CC1,0.26,1,c1ccc(CN2CCCCC2)cc1,lockbox_primary,4.23979445124247,0.390625,OADMET-0001947,3.6,c1ccc(CN2CCCCC2)cc1,<=4,"(0.3,0.4]",Q4_high,positive,False,3.9681893524011373,3.8820209796200427,3.8198503300313016,3.888214326269341
3592,nesso_dd5bebc4616b95f613fc,OADMET-0001622,4.2,5.200487,4.53274,3.8773177,3.6211267,4.024318,3.8409207,4.335011408958755,C=CC(=O)N(C)CC(=O)N[C@H]1CCN(C(C)C)[C@@H]1c1ccc(Cl)c(F)c1,0.109,1,c1ccc([C@@H]2CCCN2)cc1,lockbox_primary,4.23979445124247,0.3783783783783784,OADMET-0001633,4.18,c1ccc([C@@H]2CCCN2)cc1,"(4,5]","(0.3,0.4]",Q2,positive,False,4.087966054479377,4.281393883858183,4.185327509953983,4.051424102220855
3595,nesso_ddb0486b7c5e612fac41,OADMET-0004779,4.93,4.84311,4.090624,4.952772,4.7951674,4.9240627,4.8906674,4.7187944763880285,CC(Sc1ccc(C#N)cc1)C(=O)N1CCCN(C(=O)c2ccc(F)cc2)CC1,0.0509,0,O=C(CSc1ccccc1)N1CCCN(C(=O)c2ccccc2)CC1,lockbox_primary,4.23979445124247,0.4,OADMET-0005897,4.75,O=C(CSc1ccccc1)N1CCCN(C(=O)c2ccccc2)CC1,"(4,5]","(0.3,0.4]",Q1_low,neutral,False,4.804730938194014,4.737445709104576,4.748096808232138,4.840303730366758
3605,nesso_de4d48bbb53d9366b057,OADMET-0005598,4.92,5.077976,4.3811803,4.780005,4.5036583,4.746681,4.676781,4.5739488554030485,COc1cncc(C(=O)NC(c2ccccc2)c2cccc(S(C)(=O)=O)c2)n1,0.155,0,O=C(NC(c1ccccc1)c1ccccc1)c1cnccn1,lockbox_primary,4.23979445124247,0.3823529411764705,OADMET-0001624,4.33,O=C(NC(c1ccccc1)c1ccccc1)c1cnccn1,"(4,5]","(0.3,0.4]",Q3,neutral,False,4.625364927701524,4.585107950269844,4.575170536741063,4.520395069274289
3608,nesso_de77fb8df8cfbee9f494,OADMET-0004909,5.15,4.569452,3.7520766,3.8926227,3.4835217,3.9163544,3.764166,4.098562714105173,COc1ccccc1OCC(O)Cn1nnn(C2CCCC2)c1=O,0.0793,0,O=c1n(CCCOc2ccccc2)nnn1C1CCCC1,lockbox_primary,4.23979445124247,0.4117647058823529,OADMET-0002752,4.95,O=c1n(CCCOc2ccccc2)nnn1C1CCCC1,"(5,6]","(0.4,0.5]",Q2,neutral,False,3.931364357052586,4.062274793917668,3.9620174581089147,4.026938688402696
3614,nesso_dec02a8ae4c2e7ce9394,OADMET-0003146,3.64,5.6335177,5.068449,4.7910604,4.697255,4.771096,4.753137,4.852157458468454,O=C1NCc2c(NCc3ccc(C4CCCC4)cc3)cccc21,0.213,0,O=C1NCc2c(NCc3ccc(C4CCCC4)cc3)cccc21,lockbox_primary,4.23979445124247,0.2428571428571428,OADMET-0002928,5.54,O=C1NCc2c(NCc3ccc(C4CCCC4)cc3)cccc21,<=4,<=0.3,Q3,neutral,False,4.802647229234227,4.841411998533393,4.834898672663822,4.422183140917795
3623,nesso_df92d6e563d515317ae2,OADMET-0005176,4.86,5.583236,5.006245,5.021803,4.857826,4.9265943,4.9354076,4.910589276197176,COCC(C)(C)CN(Cc1ccn(C)n1)c1nc(C)c(C#N)s1,0.111,0,c1csc(NCc2cc[nH]n2)n1,lockbox_primary,4.23979445124247,0.2592592592592592,OADMET-0002850,5.35,c1csc(NCc2cc[nH]n2)n1,"(4,5]",<=0.3,Q2,neutral,False,4.922998438098588,4.9132825004884335,4.925441067937951,5.068402408006411
3624,nesso_dfa8a818e9e33fd8fbb9,OADMET-0000981,3.99,4.93127,4.199688,4.4016423,4.0406294,4.3855715,4.275948,3.824715830910461,CCc1noc(CN(CC)C(=O)Nc2cccc(NS(C)(=O)=O)c2)n1,0.131,0,O=C(NCc1ncno1)Nc1ccccc1,lockbox_primary,4.23979445124247,0.410958904109589,OADMET-0001062,3.3,O=C(NCc1ncno1)Nc1ccccc1,<=4,"(0.4,0.5]",Q2,neutral,False,4.050331915455231,3.8736824512367782,3.8334425727687855,3.7661893335762193
3632,nesso_dfdea4ef24eb0e9945c5,OADMET-0003273,5.54,5.05175,4.3487353,5.1538615,4.9852867,5.128432,5.0891933,5.549772075553658,CC(C)S(=O)(=O)c1ccccc1C(=O)N1CC2(CCC2)c2ccccc21,0.0561,0,O=C(c1ccccc1)N1CC2(CCC2)c2ccccc21,lockbox_primary,4.23979445124247,0.303030303030303,OADMET-0005628,5.27,O=C(c1ccccc1)N1CC2(CCC2)c2ccccc21,"(5,6]","(0.3,0.4]",Q1_low,neutral,False,5.319482687776829,5.499791184168185,5.517479324446294,5.643158308406594
3634,nesso_e002abdba1c103d939fa,OADMET-0001163,3.93,5.341103,4.7066984,4.9959574,4.8605137,4.9590755,4.938515,4.937751467580329,O=C(Nc1ccccc1Cl)N1CCC(n2cc(C3CCCCC3)nn2)CC1,0.148,0,O=C(Nc1ccccc1)N1CCC(n2cc(C3CCCCC3)nn2)CC1,lockbox_primary,4.23979445124247,0.3424657534246575,OADMET-0002670,5.18,O=C(Nc1ccccc1)N1CCC(n2cc(C3CCCCC3)nn2)CC1,<=4,"(0.3,0.4]",Q3,neutral,False,4.938133233790165,4.937834324266226,4.949857684990509,4.991139571423064
3635,nesso_e01698c1c2a1ce68a250,OADMET-0002880,5.06,4.692495,3.9042954,4.8017793,4.483453,4.7431183,4.676117,4.634339483186398,CC[C@H]1C(=O)NCCCN1Cc1oc(-c2ccccc2)nc1C,0.0806,1,O=C1CN(Cc2cnc(-c3ccccc3)o2)CCCN1,lockbox_primary,4.23979445124247,0.4142857142857143,OADMET-0005752,4.62,O=C1CN(Cc2cnc(-c3ccccc3)o2)CCCN1,"(5,6]","(0.4,0.5]",Q2,positive,False,4.655228241593199,4.638873077961159,4.627817216177706,4.697840766712819
3636,nesso_e04516cccef3a242ccc4,OADMET-0004756,4.5,5.390792,4.7681694,4.7776756,4.623038,4.702502,4.7010713,5.0562874934060265,Cc1cnn(C)c1S(=O)(=O)N1CC(c2cccc(Cl)c2)C1,0.158,0,O=S(=O)(c1ccn[nH]1)N1CC(c2ccccc2)C1,lockbox_primary,4.23979445124247,0.3333333333333333,OADMET-0005489,4.94,O=S(=O)(c1ccn[nH]1)N1CC(c2ccccc2)C1,"(4,5]","(0.3,0.4]",Q3,neutral,False,4.8786793967030135,5.017740293831651,5.002065884406223,5.005114290712564
3656,nesso_e1419c33ac901b37f5b3,OADMET-0005424,3.9,5.4188347,4.802861,3.890886,3.7564287,3.8872313,3.8448486,4.221151487636922,Cc1ccc2oc(-c3noc([C@]45CNC[C@H]4CCOC5)n3)cc2c1,0.298,1,c1ccc2oc(-c3noc([C@]45CNC[C@H]4CCOC5)n3)cc2c1,lockbox_primary,4.23979445124247,0.2837837837837837,OADMET-0005049,4.21,c1ccc2oc(-c3noc([C@]45CNC[C@H]4CCOC5)n3)cc2c1,<=4,<=0.3,Q4_high,positive,False,4.033000043818461,4.180316011159717,4.0866473491400646,3.633461134243367
3662,nesso_e19ff32fb9724b642b87,OADMET-0005251,4.53,4.8446813,4.0925674,4.3749266,4.0611544,4.389056,4.275046,5.1185353279350805,O=C(Cc1cn2ccccc2n1)N1CC[C@H]2CC[C@]21c1cccnc1,0.223,0,O=C(Cc1cn2ccccc2n1)N1CC[C@H]2CC[C@]21c1cccnc1,lockbox_primary,4.23979445124247,0.3086419753086419,OADMET-0005277,4.38,O=C(Cc1cn2ccccc2n1)N1CC[C@H]2CC[C@]21c1cccnc1,"(4,5]","(0.3,0.4]",Q3,neutral,False,4.6967906639675405,5.027001912324143,4.9642391152635446,4.994615468406539
3667,nesso_e22f12dacc6d068624e8,OADMET-0001512,1.82,4.6756516,3.8834581,3.7797463,3.3591173,3.744353,3.627739,3.164517579835776,CC1(Cn2cc(-c3cncc(C=O)c3)nn2)COC1,0.536,0,c1cncc(-c2cn(CC3COC3)nn2)c1,lockbox_primary,4.23979445124247,0.3283582089552239,OADMET-0005324,4.08,c1cncc(-c2cn(CC3COC3)nn2)c1,<=4,"(0.3,0.4]",Q4_high,neutral,False,3.396128289917888,3.2147852446034846,3.1159838114346803,3.038494525712851
3669,nesso_e2476349c52baf316af8,OADMET-0003186,6.605,5.119512,4.4325647,3.9786425,3.6657057,4.0439243,3.8960907,4.555896130681456,O=S(=O)(N[C@H]1C[C@@H]1c1ccc(Cl)c(F)c1)c1cnn2c1CNCC2,0.0451659440286594,1,O=S(=O)(N[C@H]1C[C@@H]1c1ccccc1)c1cnn2c1CNCC2,lockbox_primary,4.23979445124247,0.2531645569620253,OADMET-0006087,5.12,O=S(=O)(N[C@H]1C[C@@H]1c1ccccc1)c1cnn2c1CNCC2,>6,<=0.3,Q1_low,positive,False,4.225993415340728,4.484295645993916,4.390358918042542,4.481054936826647
3680,nesso_e31ca28f6ecfc2018084,OADMET-0005814,4.58,4.9103136,4.1737623,4.428499,3.978695,4.4262447,4.277813,5.038063515943696,O=S1(=O)CCCC1c1nc(C2(c3ccc(F)cc3)CCC2)no1,0.226,0,O=S1(=O)CCCC1c1nc(C2(c3ccccc3)CCC2)no1,lockbox_primary,4.23979445124247,0.3478260869565217,OADMET-0003428,5.09,O=S1(=O)CCCC1c1nc(C2(c3ccccc3)CCC2)no1,"(4,5]","(0.3,0.4]",Q3,neutral,False,4.657938257971848,4.955562974277496,4.8944938061902095,5.032432955724408
3686,nesso_e36d14ecb73fd2babdfd,OADMET-0004860,4.22,5.118985,4.431913,4.044524,3.6792593,4.0719233,3.9319022,4.288491397215804,O=C(CCC(=O)N1CCC(O)CC1)N[C@@H]1C[C@H]1c1c(F)cccc1Cl,0.232,0,O=C(CCC(=O)N1CCCCC1)N[C@@H]1C[C@H]1c1ccccc1,lockbox_primary,4.23979445124247,0.3823529411764705,OADMET-0006087,5.12,O=C(CCC(=O)N1CCCCC1)N[C@@H]1C[C@H]1c1ccccc1,"(4,5]","(0.3,0.4]",Q4_high,neutral,False,4.110196798607902,4.24979520259882,4.164360880434903,4.133441268517455
3699,nesso_e490cf05a912e933cdb4,OADMET-0005434,5.01,5.217016,4.553189,5.032579,4.6781216,4.9941974,4.901633,4.904520678412967,CSC1(CNC(=O)C2COc3cc(F)ccc3C2)CCC1,0.148,0,O=C(NCC1CCC1)C1COc2ccccc2C1,lockbox_primary,4.23979445124247,0.375,OADMET-0005658,4.51,O=C(NCC1CCC1)C1COc2ccccc2C1,"(5,6]","(0.3,0.4]",Q3,neutral,False,4.903076839206484,4.904207314556934,4.912823511922266,5.01533459414249
3705,nesso_e523973628c02a25b144,OADMET-0002629,4.95,5.420198,4.804548,5.017565,4.8525515,4.9818053,4.95064,4.609013749672821,Cc1n[nH]c(NC(=O)c2ccn(-c3c(F)cccc3F)n2)c1-c1ccc2c(c1)OCCO2,0.0894,0,O=C(Nc1[nH]ncc1-c1ccc2c(c1)OCCO2)c1ccn(-c2ccccc2)n1,lockbox_primary,4.23979445124247,0.3255813953488372,OADMET-0004069,4.26,O=C(Nc1[nH]ncc1-c1ccc2c(c1)OCCO2)c1ccn(-c2ccccc2)n1,"(4,5]","(0.3,0.4]",Q2,neutral,False,4.77982687483641,4.646086201592699,4.665116968826605,4.548847942068031
3707,nesso_e54f1bbb07d212e20d9a,OADMET-0003706,4.92,5.6491146,5.087744,3.267406,3.2595978,3.552239,3.3597476,3.872261540311909,CN1C[C@H](C(=O)N[C@]2(C)O[C@@]3(O)[C@@H]4CCCN4C(=O)[C@H](Cc4ccccc4)N3C2=O)C[C@@H]2c3cccc4[nH]cc(c34)C[C@H]21,0.058,1,O=C(NC1OC2[C@@H]3CCCN3C(=O)[C@H](Cc3ccccc3)N2C1=O)[C@H]1CN[C@@H]2Cc3c[nH]c4cccc(c34)[C@H]2C1,lockbox_primary,4.23979445124247,0.2476190476190476,OADMET-0004738,4.31,O=C(NC1OC2[C@@H]3CCCN3C(=O)[C@H](Cc3ccccc3)N2C1=O)[C@H]1CN[C@@H]2Cc3c[nH]c4cccc(c34)[C@H]2C1,"(4,5]",<=0.3,Q1_low,positive,False,3.6160045701559547,3.8166447708385913,3.676633888181595,3.1883019966069224
3710,nesso_e59d0efd71a06ade2b48,OADMET-0003810,4.86,5.743457,5.2044563,4.9587317,4.899843,4.8621273,4.906901,4.555650319626901,CC(C)c1c(C(=O)Nc2ccccc2)c(-c2ccccc2)c(-c2ccc(F)cc2)n1CC[C@@H](O)C[C@@H](O)CC(=O)O,0.0824,-1,O=C(Nc1ccccc1)c1c[nH]c(-c2ccccc2)c1-c1ccccc1,lockbox_primary,4.23979445124247,0.2658227848101265,OADMET-0002637,5.31,O=C(Nc1ccccc1)c1c[nH]c(-c2ccccc2)c1-c1ccccc1,"(4,5]",<=0.3,Q2,negative,False,4.73127565981345,4.593767191347049,4.608999214613987,4.218076731732461
3721,nesso_e6aa62b237ca35c352d3,OADMET-0006027,5.23,5.5161905,4.9233017,5.1748056,5.0381703,5.1172442,5.1100736,5.204673895322592,COCc1cc(Cn2cc(C34CC5CC(CC(C5)C3)C4)nn2)no1,0.0827,0,c1cc(Cn2cc(C34CC5CC(CC(C5)C3)C4)nn2)no1,lockbox_primary,4.23979445124247,0.2564102564102564,OADMET-0003348,6.33,c1cc(Cn2cc(C34CC5CC(CC(C5)C3)C4)nn2)no1,"(5,6]",<=0.3,Q2,neutral,False,5.157373747661296,5.194408100769058,5.2203327662870995,5.363210344397337
3743,nesso_e7b2e000cd48cc7032cb,OADMET-0003257,6.6850000000000005,4.890601,4.1493754,4.810648,4.585184,4.770431,4.722088,4.990469990151295,CC1(NC(=O)c2ccc(S(=O)(=O)NC3CC3)cc2)CC=CCC1,0.0396617258827701,0,O=C(NC1CC=CCC1)c1ccc(S(=O)(=O)NC2CC2)cc1,lockbox_primary,4.23979445124247,0.4285714285714285,OADMET-0005102,5.09,O=C(NC1CC=CCC1)c1ccc(S(=O)(=O)NC2CC2)cc1,>6,"(0.4,0.5]",Q1_low,neutral,False,4.856278995075648,4.961345827659343,4.9490819601532765,5.101252687948117
3746,nesso_e7dca120ff46279a68e0,OADMET-0001797,3.59,4.7367344,3.959025,3.4923162,3.160943,3.465763,3.3730075,3.9041620366904737,C=CC(=O)Nc1ccc(S(=O)(=O)N2CCCC2CO)cc1,0.158,0,O=S(=O)(c1ccccc1)N1CCCC1,lockbox_primary,4.23979445124247,0.365079365079365,OADMET-0001745,3.87,O=S(=O)(c1ccccc1)N1CCCC1,<=4,"(0.3,0.4]",Q3,neutral,False,3.638584768345237,3.8465224349191685,3.7073906571276716,3.7952136420342923
3747,nesso_e7e9c0ac4884974aa699,OADMET-0001355,3.78,5.2255797,4.5637827,4.8649173,4.7205005,4.8332663,4.806228,3.4584963752399647,CCc1ccc(CN(C)Cc2ccc(CN3CCCCC3)s2)nc1,0.235,2,c1ccc(CNCc2ccc(CN3CCCCC3)s2)nc1,lockbox_primary,4.23979445124247,0.2714285714285714,OADMET-0003734,4.67,c1ccc(CNCc2ccc(CN3CCCCC3)s2)nc1,<=4,<=0.3,Q4_high,positive,False,4.132362187619982,3.6047489416395466,3.6281253238743636,3.5309041871200764
3752,nesso_e8214644c6bbdf4f1e7e,OADMET-0005210,4.52,4.7606173,3.9885707,4.8813996,4.650234,4.869487,4.8003736,4.737633718489104,Cc1cc(S(=O)(=O)NC(=O)C(C)Oc2ccccn2)cc(C)c1C,0.124,0,O=C(COc1ccccn1)NS(=O)(=O)c1ccccc1,lockbox_primary,4.23979445124247,0.3114754098360656,OADMET-0004783,4.91,O=C(COc1ccccn1)NS(=O)(=O)c1ccccc1,"(4,5]","(0.3,0.4]",Q2,neutral,False,4.769003659244552,4.744442098227324,4.745015200204072,4.832162564931804
3755,nesso_e826f8bba7a39d9f953b,OADMET-0002202,2.98,4.7306013,3.9514375,2.9722488,2.739286,2.9612067,2.8909137,2.811936360624,O=C(O)c1cc2ccccc2oc1=O,0.265,-1,O=c1ccc2ccccc2o1,lockbox_primary,4.23979445124247,0.4848484848484848,OADMET-0002228,3.04,O=c1ccc2ccccc2o1,<=4,"(0.4,0.5]",Q4_high,negative,False,2.851425030312,2.8205067898986025,2.6482416442622436,2.569758442070648
3757,nesso_e853de2d122411f4b966,OADMET-0001484,2.44,4.974935,4.2537065,4.7590156,4.6051674,4.700213,4.688132,4.553293364318455,COc1ccc(C2=NOC(C(=O)N3CCN(c4ccccc4)CC3)C2)cc1,0.285,0,O=C(C1CC(c2ccccc2)=NO1)N1CCN(c2ccccc2)CC1,lockbox_primary,4.23979445124247,0.352112676056338,OADMET-0003421,3.38,O=C(C1CC(c2ccccc2)=NO1)N1CCN(c2ccccc2)CC1,<=4,"(0.3,0.4]",Q4_high,neutral,False,4.620712682159228,4.567925725951845,4.559572203837315,4.465987833412732
3762,nesso_e86f41f3d083773e3bf1,OADMET-0002917,3.95,5.018064,4.3070617,4.2636137,3.884764,4.2907553,4.1463776,4.299750624074088,Cn1cc(-c2ccc(F)c(C(=O)NCC[C@H]3CCCC[C@H]3O)c2)cn1,0.251,0,O=C(NCCC1CCCCC1)c1cccc(-c2cn[nH]c2)c1,lockbox_primary,4.23979445124247,0.4383561643835616,OADMET-0005285,4.79,O=C(NCCC1CCCCC1)c1cccc(-c2cn[nH]c2)c1,<=4,"(0.4,0.5]",Q4_high,neutral,False,4.223064112037044,4.2831069555757,4.220640181600376,4.0682012716666325
3773,nesso_e8d3f03ee0d42377a887,OADMET-0004762,4.8,5.015729,4.304173,4.617527,4.4002748,4.566909,4.528237,5.2004239253504565,O=C(NC1CC(F)(F)C1)NC1CCCOc2cc(Cl)ccc21,0.139,0,O=C(NC1CCC1)NC1CCCOc2ccccc21,lockbox_primary,4.23979445124247,0.4246575342465753,OADMET-0002717,5.54,O=C(NC1CCC1)NC1CCCOc2ccccc21,"(4,5]","(0.4,0.5]",Q2,neutral,False,4.864330462675229,5.12747983089823,5.0906415468407,5.274282991121559
3778,nesso_e93420f52f120c3b2f58,OADMET-0005714,4.96,4.8907547,4.1495657,4.7198634,4.638187,4.6955895,4.684547,5.054038431858099,CC(Nc1cccc2c1OCCO2)C(=O)N(C)c1ccccc1,0.106,0,O=C(CNc1cccc2c1OCCO2)Nc1ccccc1,lockbox_primary,4.23979445124247,0.3181818181818182,OADMET-0002651,5.57,O=C(CNc1cccc2c1OCCO2)Nc1ccccc1,"(4,5]","(0.3,0.4]",Q2,neutral,False,4.869292715929049,5.0139421180378125,4.996522116128917,5.155211355899847
3779,nesso_e95d31c68470480f99a4,OADMET-0004828,4.46,5.0606194,4.359708,4.3083,3.9785376,4.244151,4.176996,4.50088537204224,COc1ccc(C)cc1S(=O)(=O)N1CCN(C2CCOCC2)C[C@H]1C,0.179,1,O=S(=O)(c1ccccc1)N1CCN(C2CCOCC2)CC1,lockbox_primary,4.23979445124247,0.4615384615384615,OADMET-0005948,5.04,O=S(=O)(c1ccccc1)N1CCN(C2CCOCC2)CC1,"(4,5]","(0.4,0.5]",Q3,positive,False,4.33894068602112,4.465737683125197,4.403091377901946,4.418215413569988
3782,nesso_e97a47807753ab4424c3,OADMET-0005281,4.42,4.681549,3.8907542,4.4201317,4.087679,4.416502,4.308104,4.907709575017515,Cn1nc(C(=O)N2CCc3ccccc3C2CO)cc1C(F)F,0.272,0,O=C(c1cc[nH]n1)N1CCc2ccccc2C1,lockbox_primary,4.23979445124247,0.3561643835616438,OADMET-0003077,4.32,O=C(c1cc[nH]n1)N1CCc2ccccc2C1,"(4,5]","(0.3,0.4]",Q4_high,neutral,False,4.607906787508758,4.842641832625239,4.787103399835731,4.877504928728166
3792,nesso_e9fd4e50fb3f22d8c464,OADMET-0002610,4.6850000000000005,5.2755327,4.6255803,5.258267,5.117561,5.234518,5.203449,5.014317238614481,Cc1cc(F)ccc1C1C(=O)NCCN1C(=O)Nc1cc(N(C)C)cc(C(F)(F)F)c1,0.064713290752364,0,O=C1NCCN(C(=O)Nc2ccccc2)C1c1ccccc1,lockbox_primary,4.23979445124247,0.3373493975903614,OADMET-0003059,5.17,O=C1NCCN(C(=O)Nc2ccccc2)C1c1ccccc1,"(4,5]","(0.3,0.4]",Q1_low,neutral,False,5.10888311930724,5.034841358537267,5.074149700606311,5.060836220071238
3796,nesso_ea284c9a7a33c39d4705,OADMET-0003694,4.79,6.1882367,5.7547,4.8509207,4.845531,4.754604,4.8170185,4.765116347424503,CC(C)n1c(/C=C/[C@@H](O)C[C@@H](O)CC(=O)[O-])c(-c2ccc(F)cc2)c2ccccc21,0.0471,-1,c1ccc(-c2c[nH]c3ccccc23)cc1,lockbox_primary,4.23979445124247,0.2658227848101265,OADMET-0002815,5.72,c1ccc(-c2c[nH]c3ccccc23)cc1,"(4,5]",<=0.3,Q1_low,negative,False,4.791067423712251,4.77074864311036,4.772642993814397,4.230301870457645
3800,nesso_ea541728d3760b128301,OADMET-0004751,4.99,5.462587,4.856988,4.9378715,4.7920847,4.9030375,4.8776646,4.285901355912149,Cc1c(CNC(=O)c2cccc(-n3cnnn3)c2)oc2ccc(F)cc12,0.101,0,O=C(NCc1cc2ccccc2o1)c1cccc(-n2cnnn2)c1,lockbox_primary,4.23979445124247,0.4415584415584415,OADMET-0006029,4.74,O=C(NCc1cc2ccccc2o1)c1cccc(-n2cnnn2)c1,"(4,5]","(0.4,0.5]",Q2,neutral,False,4.581782977956074,4.350118067576981,4.366868149946495,4.232673633267343
3802,nesso_ea810bb1b78de4ad65d1,OADMET-0005765,4.16,4.83792,4.0842032,3.8837109,3.428876,3.89591,3.7361658,4.638454860087522,NC(=O)CC1CCCN(C(=O)NC2CCCc3sccc32)C1,0.27,0,O=C(NC1CCCc2sccc21)N1CCCCC1,lockbox_primary,4.23979445124247,0.3181818181818182,OADMET-0005091,5.31,O=C(NC1CCCc2sccc21)N1CCCCC1,"(4,5]","(0.3,0.4]",Q4_high,neutral,False,4.187310330043761,4.540540640188169,4.42790152777306,4.581949023541101
3805,nesso_eac50662302d49b6c965,OADMET-0004882,4.49,5.228508,4.567405,4.676881,4.5203114,4.6597295,4.618974,4.330453584838432,Cc1cc(F)ccc1-n1cc(O)c(C(=O)NCc2ccc(C)n(C)c2=O)n1,0.217,0,O=C(NCc1ccc[nH]c1=O)c1ccn(-c2ccccc2)n1,lockbox_primary,4.23979445124247,0.3823529411764705,OADMET-0003256,5.09,O=C(NCc1ccc[nH]c1=O)c1ccn(-c2ccccc2)n1,"(4,5]","(0.3,0.4]",Q3,neutral,False,4.474713792419216,4.361763120357839,4.349803176718067,4.1942984712605895
3810,nesso_eb3cc6d56b0349473a3d,OADMET-0004952,5.03,5.1284065,4.443568,4.772584,4.4639277,4.6915035,4.6426716,5.0664652622671245,O=S(=O)(NC12CCC(F)(CC1)C2)c1cnnn1-c1ccccc1,0.108,0,O=S(=O)(NC12CCC(CC1)C2)c1cnnn1-c1ccccc1,lockbox_primary,4.23979445124247,0.2753623188405797,OADMET-0005411,4.91,O=S(=O)(NC12CCC(CC1)C2)c1cnnn1-c1ccccc1,"(5,6]",<=0.3,Q2,neutral,False,4.854568431133562,5.020476202136937,4.998318390535847,4.984111595842373
3825,nesso_ec3af91fda2de66d1e59,OADMET-0004995,5.34,5.0658545,4.366184,4.989271,4.8312597,4.9757996,4.9321103,4.869635360030316,CCc1nocc1CN(C)C(=O)c1ccc2[nH]c3c(c2c1)CCCC3,0.0633,0,O=C(NCc1cnoc1)c1ccc2[nH]c3c(c2c1)CCCC3,lockbox_primary,4.23979445124247,0.2876712328767123,OADMET-0001315,4.46,O=C(NCc1cnoc1)c1ccc2[nH]c3c(c2c1)CCCC3,"(5,6]",<=0.3,Q1_low,neutral,False,4.9008728300151585,4.876414988955217,4.88892730360598,5.089719386486196
3835,nesso_ecc36ac2a94d54710e2d,OADMET-0002974,4.755,4.5470476,3.7243605,4.490035,4.0717297,4.46348,4.341748,4.398927519884563,O=C(Cc1ccc(Br)cc1F)NCCCNc1ccccn1,0.0549272473368181,0,O=C(Cc1ccccc1)NCCCNc1ccccn1,lockbox_primary,4.23979445124247,0.3846153846153846,OADMET-0003994,4.3,O=C(Cc1ccccc1)NCCCNc1ccccn1,"(4,5]","(0.3,0.4]",Q1_low,neutral,False,4.370337759942282,4.392722537100916,4.349636169686546,4.286182979908443
3841,nesso_ecff168b5a6d5c11aefe,OADMET-0005879,4.22,5.6550236,5.095054,5.002241,4.9139204,4.9266615,4.9476075,4.606008369579663,Cc1cc(-c2noc(-c3noc4c3CCCC4)n2)c(C)o1,0.226,0,c1cc(-c2noc(-c3noc4c3CCCC4)n2)co1,lockbox_primary,4.23979445124247,0.265625,OADMET-0005436,4.58,c1cc(-c2noc(-c3noc4c3CCCC4)n2)co1,"(4,5]",<=0.3,Q3,neutral,False,4.776807934789831,4.643077878513043,4.661833236442978,4.6797705480006835
3843,nesso_ed124b16f21ec5b740dd,OADMET-0001444,4.56,4.785743,4.0196543,3.7849665,3.3811388,3.8317966,3.6659672,4.029825757615561,CO[C@H]1CN(C2CCN(C(=O)COCc3ccccc3)CC2)[C@H]1c1cccnc1,0.0749,1,O=C(COCc1ccccc1)N1CCC(N2CC[C@@H]2c2cccnc2)CC1,lockbox_primary,4.23979445124247,0.4054054054054054,OADMET-0004699,5.04,O=C(COCc1ccccc1)N1CCC(N2CC[C@@H]2c2cccnc2)CC1,"(4,5]","(0.4,0.5]",Q1_low,positive,False,3.8478964788077805,3.990340709643046,3.880669600421317,3.847948114745612
3847,nesso_ed46f4e22b72d9bcf455,OADMET-0003789,3.24,5.7417784,5.2023797,3.539813,3.5921783,3.7438707,3.6252873,3.807137299293188,CCOc1cc2ncc(C#N)c(Nc3ccc(OCc4ccccn4)c(Cl)c3)c2cc1NC(=O)/C=C/CN(C)C,0.0634,1,c1ccc(COc2ccc(Nc3ccnc4ccccc34)cc2)nc1,lockbox_primary,4.23979445124247,0.4205607476635514,OADMET-0003701,2.24,c1ccc(COc2ccc(Nc3ccnc4ccccc34)cc2)nc1,<=4,"(0.4,0.5]",Q1_low,positive,False,3.7162122996465943,3.7874033785275265,3.677198774628229,2.9298091418682612
3861,nesso_ede0127dcf5f388595dd,OADMET-0004979,4.2,4.844239,4.0920205,3.7829852,3.2844453,3.7458806,3.6044369,4.798887274134183,O=C(C1CSCN1C(=O)C1Cc2ccccc2C1)N1CCCC1,0.212,0,O=C(C1CSCN1C(=O)C1Cc2ccccc2C1)N1CCCC1,lockbox_primary,4.23979445124247,0.3064516129032258,OADMET-0003396,5.33,O=C(C1CSCN1C(=O)C1Cc2ccccc2C1)N1CCCC1,"(4,5]","(0.3,0.4]",Q3,neutral,False,4.201662087067091,4.669268417201024,4.539622235589408,4.681974722909951
3864,nesso_ee0420de18e622bbd7d9,OADMET-0005481,4.96,4.8303065,4.0747843,4.98578,4.6919518,4.958337,4.8786893,5.19989443142888,Cc1cc(CCC(=O)NC2CCC(C)(C)CC2c2ccccc2)on1,0.0959,0,O=C(CCc1ccno1)NC1CCCCC1c1ccccc1,lockbox_primary,4.23979445124247,0.6349206349206349,OADMET-0005127,5.25,O=C(CCc1ccno1)NC1CCCCC1c1ccccc1,"(4,5]",>0.6,Q2,neutral,False,5.039291865714439,5.165038029791386,5.16605672408027,5.248898039953679
3868,nesso_ee516bbc7f05a29ecddb,OADMET-0002600,5.28,4.740356,3.9635048,4.5561566,4.1516085,4.511944,4.40657,5.135058930373274,CC(NC(=O)N1CCCC1CCO)c1ccccc1Oc1ccccc1,0.0457,0,O=C(NCc1ccccc1Oc1ccccc1)N1CCCC1,lockbox_primary,4.23979445124247,0.3857142857142857,OADMET-0005933,5.18,O=C(NCc1ccccc1Oc1ccccc1)N1CCCC1,"(5,6]","(0.3,0.4]",Q1_low,neutral,False,4.770814465186637,5.056005078921396,5.0071600804977665,5.2029097063899865
3870,nesso_ee74b8cad1fdcbd02429,OADMET-0002726,5.01,5.265368,4.613005,4.8376317,4.59814,4.7741117,4.736628,5.118662955809626,Cc1nsc(NC(=O)c2cc(C3CC3)nc3c2c(C)nn3C)c1C#N,0.15,0,O=C(Nc1ccns1)c1cc(C2CC2)nc2[nH]ncc12,lockbox_primary,4.23979445124247,0.5671641791044776,OADMET-0005980,4.42,O=C(Nc1ccns1)c1cc(C2CC2)nc2[nH]ncc12,"(5,6]","(0.5,0.6]",Q3,neutral,False,4.927645477904813,5.077205449199987,5.064289916112412,5.159107598115
3874,nesso_ee8aacb3f71a7220d1e2,OADMET-0005028,5.3,5.070549,4.3719916,4.966717,4.736761,4.9355264,4.8796678,4.967530660377399,O=S(=O)(N[C@@H]1CC(Cn2cccn2)C[C@H]1O)c1cccc2c1CCCC2,0.0864,0,O=S(=O)(N[C@H]1CCC(Cn2cccn2)C1)c1cccc2c1CCCC2,lockbox_primary,4.23979445124247,0.3291139240506329,OADMET-0001143,3.04,O=S(=O)(N[C@H]1CCC(Cn2cccn2)C1)c1cccc2c1CCCC2,"(5,6]","(0.3,0.4]",Q2,neutral,False,4.9235992301886995,4.957995995919488,4.963147878385822,5.018471874342815
3875,nesso_eece5b07dcbf4a8cc6a6,OADMET-0003504,5.58,4.562653,3.7436662,4.214096,3.8758307,4.2550087,4.1149783,4.524278605387035,O=C(Cc1cn2cc(Cl)cc(Cl)c2n1)NCC(c1ccccc1)N1CCOCC1,0.0668,1,O=C(Cc1cn2ccccc2n1)NCC(c1ccccc1)N1CCOCC1,lockbox_primary,4.23979445124247,0.4155844155844156,OADMET-0003001,5.46,O=C(Cc1cn2ccccc2n1)NCC(c1ccccc1)N1CCOCC1,"(5,6]","(0.4,0.5]",Q1_low,positive,False,4.319628452693518,4.479862329185425,4.4101128276944435,4.528391322151247
3891,nesso_efe12486ebd834d1e844,OADMET-0000977,2.68,5.047749,4.343786,4.1006227,3.7951252,4.0854263,3.9937248,2.41010029221466,O=C(Nc1ccc(Oc2nnn[nH]2)cc1)c1ccc(Cn2cccn2)o1,0.327,-1,O=C(Nc1ccc(Oc2nnn[nH]2)cc1)c1ccc(Cn2cccn2)o1,lockbox_primary,4.23979445124247,0.4507042253521127,OADMET-0001019,2.31,O=C(Nc1ccc(Oc2nnn[nH]2)cc1)c1ccc(Cn2cccn2)o1,<=4,"(0.4,0.5]",Q4_high,negative,False,3.20191254610733,2.5819513820175857,2.535751479696593,2.2765023073046486
3910,nesso_f08527a06794d7e487b3,OADMET-0004931,5.36,5.226737,4.5652146,4.526745,4.2252774,4.4295154,4.393846,5.174022562606722,COC(=O)C1CN(S(=O)(=O)N2CCCC2C)Cc2ccccc21,0.0607,0,O=S(=O)(N1CCCC1)N1CCc2ccccc2C1,lockbox_primary,4.23979445124247,0.3835616438356164,OADMET-0004936,3.97,O=S(=O)(N1CCCC1)N1CCc2ccccc2C1,"(5,6]","(0.3,0.4]",Q1_low,neutral,False,4.783934281303361,5.089359694696093,5.038465193745274,5.1717132551507055
3914,nesso_f0cb2aac6a153a9225c8,OADMET-0001283,4.0,4.669323,3.875629,3.826942,3.382929,3.8309326,3.680268,3.7657432104804975,Cn1nc2cccc(S(=O)(=O)NCCCc3csc(N)n3)c2n1,0.0945,0,O=S(=O)(NCCCc1cscn1)c1cccc2n[nH]nc12,lockbox_primary,4.23979445124247,0.36,OADMET-0001042,3.87,O=S(=O)(NCCCc1cscn1)c1cccc2n[nH]nc12,<=4,"(0.3,0.4]",Q2,neutral,False,3.7230056052402487,3.7564676479970966,3.652918270500754,3.8519994761207563
3927,nesso_f19fc5108d52b83a1a24,OADMET-0001501,3.91,5.335245,4.6994514,4.615773,4.6050196,4.501137,4.5739765,4.357693750254271,CC(C)(C)c1cnnn1-c1ccc(C=Cc2ccc(C=O)cc2)cc1,0.223,0,C(=Cc1ccc(-n2ccnn2)cc1)c1ccccc1,lockbox_primary,4.23979445124247,0.2307692307692307,OADMET-0001678,2.37,C(=Cc1ccc(-n2ccnn2)cc1)c1ccccc1,<=4,<=0.3,Q3,neutral,False,4.4658351251271355,4.3811642295671716,4.363872542301934,4.161154437653182
3929,nesso_f1ad3056737b5e1d540d,OADMET-0001290,3.41,4.633286,3.831047,3.6428447,3.182427,3.6661005,3.497124,3.1458454155859683,CCCCC(=O)Nc1ccc(C(=O)NCCc2nnc(N)s2)cc1,0.174,0,O=C(NCCc1nncs1)c1ccccc1,lockbox_primary,4.23979445124247,0.4444444444444444,OADMET-0001248,3.28,O=C(NCCc1nncs1)c1ccccc1,<=4,"(0.4,0.5]",Q3,neutral,False,3.321484707792984,3.1839653153849445,3.071381493438499,3.0546726608214114
3931,nesso_f1ca79ff5018ae683d3a,OADMET-0004941,5.24,5.7801313,5.249827,4.9252377,4.972658,4.747666,4.8818536,4.891737333185718,CC(C)Oc1ccc(C(=O)NC(C)(C2CC2)C(F)(F)F)cn1,0.0576,0,O=C(NCC1CC1)c1cccnc1,lockbox_primary,4.23979445124247,0.4354838709677419,OADMET-0005797,4.85,O=C(NCC1CC1)c1cccnc1,"(5,6]","(0.4,0.5]",Q1_low,neutral,False,4.88679546659286,4.890664774437773,4.897366426807144,4.917359075195835
3932,nesso_f1d36442387a64be68ea,OADMET-0001598,3.71,4.586585,3.7732725,3.8287752,3.4506469,3.7897947,3.689739,3.942278124208949,C=CC(=O)N1CCS(=O)(=NS(=O)(=O)c2ccc(C)cc2)CC1,0.134,0,O=S(=O)(N=S1(=O)CCNCC1)c1ccccc1,lockbox_primary,4.23979445124247,0.3230769230769231,OADMET-0001772,2.82,O=S(=O)(N=S1(=O)CCNCC1)c1ccccc1,<=4,"(0.3,0.4]",Q2,neutral,False,3.816008562104474,3.914873191095179,3.8092868102004442,3.9726994408326366
3943,nesso_f238a95b522420e1115a,OADMET-0001264,2.91,4.4811506,3.642838,3.4087973,2.909214,3.463366,3.2604592,3.760733969632976,Cn1cccc1CCC(=O)N1CCCN(C2CCCC2)CC1,0.299,1,O=C(CCc1ccc[nH]1)N1CCCN(C2CCCC2)CC1,lockbox_primary,4.23979445124247,0.3661971830985915,OADMET-0001488,5.22,O=C(CCc1ccc[nH]1)N1CCCN(C2CCCC2)CC1,<=4,"(0.3,0.4]",Q4_high,positive,False,3.510596584816488,3.7064453652702123,3.557644716507958,3.625416971866481
3970,nesso_f43064c9da85ebc71493,OADMET-0003274,1.74,5.043425,4.3384366,4.4991045,4.2348275,4.551771,4.428568,3.3232825442379395,CCc1c[nH]c2ncnc(NCc3ccc(CO)c(F)c3)c12,0.535,0,c1ccc(CNc2ncnc3[nH]ccc23)cc1,lockbox_primary,4.23979445124247,0.3378378378378378,OADMET-0002881,1.76,c1ccc(CNc2ncnc3[nH]ccc23)cc1,<=4,"(0.3,0.4]",Q4_high,neutral,False,3.8759252721189696,3.4432254405383174,3.4281593050906354,3.185661081892816
3984,nesso_f506ebe1cf0ca1e39fbc,OADMET-0004225,3.99,5.146852,4.4663873,4.47324,4.255127,4.441899,4.3900886,4.5203837711761015,OC[C@@H](NC[C@@H](O)c1ccc(Cl)c(Cl)c1)c1ccccc1,0.292,1,c1ccc(CCNCc2ccccc2)cc1,lockbox_primary,4.23979445124247,0.3695652173913043,OADMET-0003682,3.33,c1ccc(CCNCc2ccccc2)cc1,<=4,"(0.3,0.4]",Q4_high,positive,False,4.455236185588051,4.50624445528866,4.466273552121757,4.439748923892738
3986,nesso_f52a78238876606c1237,OADMET-0001001,2.92,4.3814697,3.5195212,3.273594,2.7826986,3.2956648,3.117319,2.950678478786825,COCCc1noc(C(C)NC(=O)c2nonc2C)n1,0.266,0,O=C(NCc1ncno1)c1cnon1,lockbox_primary,4.23979445124247,0.55,OADMET-0001066,2.42,O=C(NCc1ncno1)c1cnon1,<=4,"(0.5,0.6]",Q4_high,neutral,False,3.0339987393934127,2.9687619038885624,2.8185430654337322,2.7177860996221295
4008,nesso_f765f7b42aab0738f8cd,OADMET-0005188,4.78,5.297354,4.652576,4.687636,4.6035843,4.625215,4.6388116,3.64621175245714,O=C(CO)N1CCN(c2nc3ccccc3nc2N2CCCCC2)CC1,0.148,0,c1ccc2nc(N3CCNCC3)c(N3CCCCC3)nc2c1,lockbox_primary,4.23979445124247,0.3666666666666666,OADMET-0002664,5.08,c1ccc2nc(N3CCNCC3)c(N3CCCCC3)nc2c1,"(4,5]","(0.3,0.4]",Q3,neutral,False,4.14251167622857,3.7539262799223723,3.7559685596987586,3.498011806768892
4013,nesso_f7ae00632fdfc129df5e,OADMET-0005413,4.22,5.108829,4.4193487,4.962102,4.7581277,4.9239006,4.8813767,4.778157000245381,Cn1nc(-c2ccco2)cc1NC(=O)NC(c1ccccn1)C1CC1,0.233,0,O=C(Nc1cc(-c2ccco2)n[nH]1)NC(c1ccccn1)C1CC1,lockbox_primary,4.23979445124247,0.4047619047619047,OADMET-0006015,4.51,O=C(Nc1cc(-c2ccco2)n[nH]1)NC(c1ccccn1)C1CC1,"(4,5]","(0.4,0.5]",Q4_high,neutral,False,4.82976685012269,4.7893581516577,4.797976964632085,4.852268655599881
4014,nesso_f7dc440208faf764b21d,OADMET-0005062,4.99,4.870699,4.1247544,4.6110477,4.287919,4.604148,4.501038,4.93219456490357,COc1ccc(F)cc1CC(=O)NC(C)C1(N2CCOCC2)CCCC1,0.139,1,O=C(Cc1ccccc1)NCC1(N2CCOCC2)CCCC1,lockbox_primary,4.23979445124247,0.5142857142857142,OADMET-0003247,5.26,O=C(Cc1ccccc1)NCC1(N2CCOCC2)CCCC1,"(4,5]","(0.5,0.6]",Q2,positive,False,4.716616282451785,4.8854065004412535,4.85027996962697,4.905051924700333
4032,nesso_f920da76fad946042d11,OADMET-0004693,4.66,4.9503646,4.22331,4.997514,4.826496,4.9761972,4.9334025,5.309690959410369,CC1(C)CC(C(=O)N2CCCn3nc(-c4ccccc4)nc32)C1,0.111,0,O=C(C1CCC1)N1CCCn2nc(-c3ccccc3)nc21,lockbox_primary,4.23979445124247,0.3235294117647059,OADMET-0002995,3.43,O=C(C1CCC1)N1CCCn2nc(-c3ccccc3)nc21,"(4,5]","(0.3,0.4]",Q2,neutral,False,5.121546729705184,5.268857048649307,5.273881524503524,5.391423202709853
4037,nesso_f97e47fd050821b6ea3d,OADMET-0002825,6.225,4.9461565,4.218104,4.7972627,4.6403794,4.7553067,4.7309833,4.6627800939347,O=S(=O)(Nc1n[nH]cc1Cl)c1c[nH]c2cc(C(F)(F)F)ccc12,0.0463191375135591,0,O=S(=O)(Nc1cc[nH]n1)c1c[nH]c2ccccc12,lockbox_primary,4.23979445124247,0.5079365079365079,OADMET-0003328,5.13,O=S(=O)(Nc1cc[nH]n1)c1c[nH]c2ccccc12,>6,"(0.5,0.6]",Q1_low,neutral,False,4.69688169696735,4.670181340399853,4.664557919782175,4.646603847828075
4049,nesso_fa678bfaa5dc33951cb2,OADMET-0003393,1.97,5.5049305,4.909372,4.276052,4.0026174,4.258232,4.178967,3.737787541903352,CCc1nc(C#N)cc(Oc2ccc3c(c2)CN(C)C3=O)n1,0.559,0,O=C1NCc2cc(Oc3ccncn3)ccc21,lockbox_primary,4.23979445124247,0.2567567567567567,OADMET-0003132,4.62,O=C1NCc2cc(Oc3ccncn3)ccc21,<=4,<=0.3,Q4_high,neutral,False,3.958377270951676,3.785663266420019,3.7364564398961444,3.413358089484071
4065,nesso_fb90af240fbbaedacda1,OADMET-0005235,4.54,4.895403,4.155316,4.8520355,4.6501923,4.821393,4.7745404,5.288020846905239,COc1ccc2c(c1NC(=O)N1CCC(O)(C3CCC3)CC1)CCC2,0.186,0,O=C(Nc1cccc2c1CCC2)N1CCC(C2CCC2)CC1,lockbox_primary,4.23979445124247,0.2911392405063291,OADMET-0001123,4.26,O=C(Nc1cccc2c1CCC2)N1CCC(C2CCC2)CC1,"(4,5]",<=0.3,Q3,neutral,False,5.03128062345262,5.232299194481103,5.22054264201716,5.362373223068245
4078,nesso_fc6e8a1a0e2560e7b16d,OADMET-0001946,4.64,4.7668805,3.9963188,4.7777658,4.5997715,4.7676992,4.715079,4.668295121881519,Cc1ccnc(NC(=O)C(C)c2cccc(C(=O)c3ccccc3)c2)c1,0.0825,0,O=C(Cc1cccc(C(=O)c2ccccc2)c1)Nc1ccccn1,lockbox_primary,4.23979445124247,0.5434782608695652,OADMET-0002204,3.67,O=C(Cc1cccc(C(=O)c2ccccc2)c1)Nc1ccccn1,"(4,5]","(0.5,0.6]",Q2,neutral,False,4.69168706094076,4.673371994839941,4.665935366530679,4.702547027859245
4087,nesso_fd482d75dfa73135c41f,OADMET-0003279,4.98,5.4045534,4.785194,5.076381,4.938786,4.9985332,5.0045667,5.3836890923637,O=C(Nc1cc(CC2CC2)nn1-c1ccccc1)N1CCCC(F)(F)CC1,0.117,0,O=C(Nc1cc(CC2CC2)nn1-c1ccccc1)N1CCCCCC1,lockbox_primary,4.23979445124247,0.3116883116883117,OADMET-0005491,4.84,O=C(Nc1cc(CC2CC2)nn1-c1ccccc1)N1CCCCCC1,"(4,5]","(0.3,0.4]",Q2,neutral,False,5.1941278961818504,5.342547650073501,5.353975052477828,5.42104897078453
4091,nesso_fd78ea899e7d233ce69d,OADMET-0003801,3.96,5.580369,5.002698,4.24572,4.268948,4.135691,4.216786,4.042391340106468,Cc1ccc(/C=C2/C(=O)C3(C)CCC2C3(C)C)cc1,0.141,0,O=C1/C(=C/c2ccccc2)C2CCC1C2,lockbox_primary,4.23979445124247,0.2333333333333333,OADMET-0003319,5.13,O=C1/C(=C/c2ccccc2)C2CCC1C2,<=4,<=0.3,Q2,neutral,False,4.129588670053234,4.061316225526703,4.010914103417957,3.6828307610449595
4096,nesso_fdbf6c68f7c1a21507db,OADMET-0005218,5.57,5.44322,4.833029,5.286598,5.1736956,5.2223063,5.2275333,5.303056414172493,COc1c(F)cccc1N(C)S(=O)(=O)c1ccc(F)c2ncccc12,0.0667,0,O=S(=O)(Nc1ccccc1)c1cccc2ncccc12,lockbox_primary,4.23979445124247,0.3333333333333333,OADMET-0002807,5.775,O=S(=O)(Nc1ccccc1)c1cccc2ncccc12,"(5,6]","(0.3,0.4]",Q1_low,neutral,False,5.265294857086246,5.2948608290372245,5.331765547198174,5.422211061165177
4100,nesso_fe25b19e574962e0d322,OADMET-0001820,4.45,4.917631,4.1828146,4.4577622,4.209052,4.427537,4.364784,4.094896051385692,Cc1nn(Cc2c(Cl)cccc2Cl)c(SCC(=O)O)c1C=O,0.108,-1,c1ccc(Cn2cccn2)cc1,lockbox_primary,4.23979445124247,0.3728813559322034,OADMET-0001513,4.98,c1ccc(Cn2cccn2)cc1,"(4,5]","(0.3,0.4]",Q2,negative,False,4.229840025692846,4.1241836368366815,4.088854803011597,4.068770009377292
4108,nesso_fe95393122afb141f6d5,OADMET-0005866,4.48,4.963314,4.23933,5.032655,4.78969,4.9966383,4.939661,5.192918190916892,O=C(Cc1cccc(C(F)(F)F)n1)Nc1cncc2c1CCCC2,0.24,0,O=C(Cc1ccccn1)Nc1cncc2c1CCCC2,lockbox_primary,4.23979445124247,0.3088235294117647,OADMET-0002596,5.47,O=C(Cc1ccccn1)Nc1cncc2c1CCCC2,"(4,5]","(0.3,0.4]",Q4_high,neutral,False,5.066289595458446,5.165435334945964,5.173159708294044,5.301097700556632
4110,nesso_feb34397fbe9f0e6709a,OADMET-0002991,5.15,5.295296,4.65003,5.0146494,4.912786,4.9815993,4.9696784,4.962673065442361,CCC(NC(=O)c1ccc(CO)cc1OC)C1Cc2ccccc2C1,0.0621,0,O=C(NCC1Cc2ccccc2C1)c1ccccc1,lockbox_primary,4.23979445124247,0.3188405797101449,OADMET-0005651,4.09,O=C(NCC1Cc2ccccc2C1)c1ccccc1,"(5,6]","(0.3,0.4]",Q1_low,neutral,False,4.966175732721181,4.963433267354018,4.978390221224163,4.979243365306177
4125,nesso_ff6f59bf62de542f76a7,OADMET-0003368,6.27,5.738392,5.19819,5.262759,5.2220383,5.2109118,5.231903,5.01242652809518,Cc1cn(C)nc1CS(=O)(=O)Cc1c(C)cc(C(C)(C)C)cc1C,0.0312776277872859,0,O=S(=O)(Cc1ccccc1)Cc1cc[nH]n1,lockbox_primary,4.23979445124247,0.2542372881355932,OADMET-0004239,4.91,O=S(=O)(Cc1ccccc1)Cc1cc[nH]n1,>6,<=0.3,Q1_low,neutral,False,5.122164764047589,5.036243582388998,5.078657642689752,5.284706207870418
4133,nesso_fffff9d8af9504a4d8b9,OADMET-0001687,4.18,4.79828,4.0351634,4.205537,4.091278,4.132623,4.143146,3.7419311919340665,Cc1nn(Cc2ccc(Cl)cc2)c(Cl)c1C=O,0.117,0,c1ccc(Cn2cccn2)cc1,lockbox_primary,4.23979445124247,0.4285714285714285,OADMET-0001513,4.98,c1ccc(Cn2cccn2)cc1,"(4,5]","(0.4,0.5]",Q2,neutral,False,3.942538595967033,3.7854700495813423,3.7323228411152978,3.8488911309370573
